# Generated using Miratope v0.5.0 (https://github.com/galoomba1/miratope-rs)
4OFF

# Vertices, Faces, Edges, Cells
120 4200 1200 1320

# Vertices
1.3090169943749 0 0.8090169943749 0.5 
1.3090169943749 0.5 0 -0.8090169943749 
1.3090169943749 0.8090169943749 -0.5 0 
1.3090169943749 -0.5 0 -0.8090169943749 
1.3090169943749 -0.8090169943749 -0.5 0 
1.3090169943749 0 -0.8090169943749 0.5 
1.3090169943749 -0 0.8090169943749 -0.5 
1.3090169943749 0.5 0 0.8090169943749 
1.3090169943749 -0.5 0 0.8090169943749 
1.3090169943749 0 -0.8090169943749 -0.5 
1.3090169943749 -0.8090169943749 0.5 0 
1.3090169943749 0.8090169943749 0.5 0 
0.809016994375 0.8090169943749 0.8090169943749 -0.8090169943749 
0.5 1.3090169943749 0.8090169943749 0 
0.809016994375 1.3090169943749 0 0.5 
0.809016994375 0.8090169943749 0.8090169943749 0.8090169943749 
0.809016994375 1.3090169943749 0 -0.5 
0.809016994375 0.5 1.3090169943749 0 
1.6180339887499 0 -0 0 
0.809016994375 -0.8090169943749 0.8090169943749 -0.8090169943749 
0.5 -1.3090169943749 0.8090169943749 0 
0.809016994375 -1.3090169943749 0 0.5 
0.809016994375 -0.8090169943749 0.8090169943749 0.8090169943749 
0.809016994375 -1.3090169943749 0 -0.5 
0.809016994375 -0.5 1.3090169943749 0 
0.809016994375 0 -0.5 1.3090169943749 
0.5 -0.8090169943749 0 1.3090169943749 
0.809016994375 -0.8090169943749 -0.8090169943749 0.8090169943749 
0.809016994375 -0 0.5 1.3090169943749 
0.5 0 1.3090169943749 -0.8090169943749 
0 0 1.6180339887499 0 
0 0.8090169943749 1.3090169943749 0.5 
0.5 0 1.3090169943749 0.8090169943749 
0 0.8090169943749 1.3090169943749 -0.5 
0.809016994375 0 -0.5 -1.3090169943749 
0.5 -0.8090169943749 0 -1.3090169943749 
0.809016994375 -0.8090169943749 -0.8090169943749 -0.8090169943749 
0.809016994375 -0 0.5 -1.3090169943749 
0.5 0.8090169943749 0 1.3090169943749 
0.809016994375 0.8090169943749 -0.8090169943749 0.8090169943749 
0 0.5 0.8090169943749 1.3090169943749 
0 1.3090169943749 0.5 0.8090169943749 
0 -0.8090169943749 1.3090169943749 0.5 
0 -0.8090169943749 1.3090169943749 -0.5 
0.809016994375 0.5 -1.3090169943749 0 
0.5 0 -1.3090169943749 0.8090169943749 
0.809016994375 -0.5 -1.3090169943749 0 
0.5 0.8090169943749 0 -1.3090169943749 
0.809016994375 0.8090169943749 -0.8090169943749 -0.8090169943749 
0 0.5 0.8090169943749 -1.3090169943749 
0 1.3090169943749 0.5 -0.8090169943749 
0 -0.5 0.8090169943749 1.3090169943749 
0 -1.3090169943749 0.5 0.8090169943749 
0 0 0 1.6180339887499 
0.5 0 -1.3090169943749 -0.8090169943749 
0.5 1.3090169943749 -0.8090169943749 0 
0 1.3090169943749 -0.5 0.8090169943749 
0 1.6180339887499 0 0 
0 -0.5 0.8090169943749 -1.3090169943749 
0 -1.3090169943749 0.5 -0.8090169943749 
-0.5 0 1.309016994375 0.8090169943749 
0 0 0 -1.6180339887499 
0 1.3090169943749 -0.5 -0.8090169943749 
0.5 -1.3090169943749 -0.8090169943749 0 
0 -1.3090169943749 -0.5 0.8090169943749 
0 -1.6180339887499 0 0 
0 0.5 -0.8090169943749 1.3090169943749 
0 -0.5 -0.8090169943749 1.3090169943749 
-0.5 0 1.309016994375 -0.8090169943749 
0 0.8090169943749 -1.3090169943749 0.5 
0 -1.3090169943749 -0.5 -0.8090169943749 
-0.5 1.3090169943749 0.809016994375 0 
-0.8090169943749 0.8090169943749 0.809016994375 0.8090169943749 
-0.8090169943749 0.5 1.309016994375 0 
0 0.5 -0.8090169943749 -1.3090169943749 
0 -0.5 -0.8090169943749 -1.3090169943749 
-0.5 0.8090169943749 0 1.3090169943749 
0 0.8090169943749 -1.3090169943749 -0.5 
0 -0.8090169943749 -1.3090169943749 0.5 
-0.8090169943749 0.8090169943749 0.809016994375 -0.8090169943749 
-0.5 -1.3090169943749 0.809016994375 0 
-0.8090169943749 -0.8090169943749 0.809016994375 0.8090169943749 
-0.8090169943749 -0.5 1.309016994375 0 
0 0 -1.6180339887499 0 
-0.5 0.8090169943749 0 -1.3090169943749 
-0.5 -0.8090169943749 0 1.309016994375 
0 -0.8090169943749 -1.3090169943749 -0.5 
-0.8090169943749 1.309016994375 0 0.5 
-0.8090169943749 -0.8090169943749 0.809016994375 -0.8090169943749 
-0.8090169943749 0 0.5 1.309016994375 
-0.5 1.309016994375 -0.8090169943749 0 
-0.5 -0.8090169943749 0 -1.309016994375 
-0.8090169943749 1.309016994375 0 -0.5 
-0.8090169943749 -1.309016994375 0 0.5 
-0.8090169943749 0 -0.5 1.309016994375 
-0.8090169943749 0 0.5 -1.309016994375 
-0.5 -1.309016994375 -0.8090169943749 0 
-0.5 0 -1.3090169943749 0.809016994375 
-0.8090169943749 -1.309016994375 0 -0.5 
-1.3090169943749 0 0.809016994375 0.5 
-0.8090169943749 0 -0.5 -1.309016994375 
-0.8090169943749 0.809016994375 -0.8090169943749 0.809016994375 
-1.3090169943749 0.809016994375 0.5 0 
-0.5 0 -1.3090169943749 -0.809016994375 
-0.8090169943749 -0.8090169943749 -0.8090169943749 0.809016994375 
-1.3090169943749 0 0.809016994375 -0.5 
-0.8090169943749 0.5 -1.309016994375 0 
-0.8090169943749 0.809016994375 -0.8090169943749 -0.809016994375 
-1.3090169943749 -0.809016994375 0.5 0 
-0.8090169943749 -0.8090169943749 -0.8090169943749 -0.809016994375 
-1.3090169943749 0.5 0 0.809016994375 
-0.8090169943749 -0.5 -1.309016994375 0 
-1.3090169943749 -0.5 0 0.809016994375 
-1.3090169943749 0.5 0 -0.809016994375 
-1.3090169943749 0.809016994375 -0.5 0 
-1.3090169943749 -0.5 0 -0.809016994375 
-1.3090169943749 -0.809016994375 -0.5 0 
-1.3090169943749 -0 -0.809016994375 0.5 
-1.6180339887499 0 0 0 
-1.3090169943749 -0 -0.809016994375 -0.5 

# Faces
3 1 4 0
3 0 5 1
3 2 3 0
3 0 4 2
3 3 5 0
3 6 4 7
3 6 7 9
3 8 2 6
3 8 9 6
3 6 4 2
3 7 10 1
3 1 4 7
3 7 9 10
3 1 10 5
3 2 3 8
3 3 11 8
3 8 9 11
3 3 11 5
3 5 11 10
3 10 9 11
3 0 13 1
3 1 14 0
3 2 12 0
3 0 2 13
3 12 14 0
3 6 13 7
3 6 16 7
3 6 2 15
3 6 13 2
3 6 16 15
3 7 17 1
3 1 13 7
3 7 17 16
3 17 14 1
3 15 12 2
3 15 18 12
3 18 16 15
3 14 18 12
3 17 18 14
3 18 16 17
3 0 3 20
3 0 3 21
3 4 19 0
3 0 20 4
3 0 21 19
3 6 8 20
3 8 23 6
3 4 22 6
3 4 20 6
3 6 23 22
3 3 24 8
3 8 20 3
3 8 23 24
3 24 21 3
3 4 19 22
3 19 18 22
3 22 23 18
3 18 21 19
3 24 21 18
3 18 23 24
3 0 25 4
3 4 26 0
3 0 21 5
3 0 5 26
3 0 25 21
3 7 26 10
3 7 27 10
3 4 7 22
3 7 4 26
3 22 27 7
3 5 28 10
3 10 5 26
3 10 28 27
3 4 22 25
3 5 21 28
3 22 18 25
3 22 18 27
3 18 21 25
3 18 21 28
3 18 27 28
3 0 30 12
3 12 31 0
3 0 13 29
3 0 13 30
3 0 29 31
3 6 30 15
3 6 33 15
3 6 32 13
3 13 30 6
3 6 33 32
3 15 24 12
3 15 30 12
3 24 33 15
3 12 31 24
3 11 24 31
3 11 33 24
3 11 29 32
3 32 33 11
3 29 31 11
3 13 32 29
3 6 34 4
3 6 35 4
3 6 23 9
3 9 35 6
3 6 34 23
3 1 35 10
3 1 10 36
3 4 1 19
3 1 4 35
3 19 36 1
3 10 9 37
3 10 35 9
3 10 37 36
3 4 34 19
3 23 37 9
3 19 34 18
3 19 36 18
3 23 34 18
3 18 37 23
3 37 36 18
3 0 25 2
3 2 38 0
3 5 14 0
3 5 38 0
3 0 14 25
3 8 15 2
3 8 2 38
3 15 39 8
3 8 11 38
3 11 39 8
3 2 25 15
3 15 25 18
3 15 18 39
3 5 28 11
3 11 38 5
3 5 28 14
3 11 28 39
3 18 14 25
3 14 28 18
3 18 39 28
3 0 13 38
3 0 40 13
3 0 14 31
3 0 40 14
3 0 38 31
3 17 40 7
3 17 41 7
3 13 7 32
3 7 40 13
3 7 41 32
3 11 32 38
3 32 41 11
3 11 31 28
3 11 41 28
3 31 38 11
3 14 28 17
3 14 40 17
3 17 41 28
3 32 38 13
3 14 28 31
3 19 30 0
3 0 19 42
3 20 29 0
3 0 30 20
3 29 42 0
3 6 22 30
3 6 43 22
3 6 20 32
3 32 43 6
3 6 30 20
3 10 42 17
3 10 17 43
3 32 10 29
3 10 32 43
3 10 29 42
3 22 17 19
3 17 22 43
3 19 42 17
3 22 30 19
3 32 20 29
3 7 4 44
3 4 45 7
3 9 27 7
3 7 45 9
3 7 27 44
3 8 45 2
3 8 46 2
3 8 9 39
3 8 9 45
3 8 39 46
3 4 2 25
3 4 45 2
3 2 46 25
3 4 44 25
3 9 27 39
3 18 44 25
3 25 46 18
3 18 27 44
3 18 39 27
3 18 39 46
3 2 34 6
3 2 47 6
3 6 16 9
3 6 9 47
3 6 16 34
3 3 12 2
3 2 47 3
3 12 34 2
3 12 48 3
3 3 47 11
3 3 48 11
3 12 34 18
3 12 48 18
3 11 37 9
3 11 47 9
3 11 37 48
3 37 16 9
3 16 34 18
3 16 37 18
3 18 37 48
3 13 47 6
3 13 49 6
3 6 33 16
3 6 49 16
3 6 33 47
3 1 49 17
3 1 50 17
3 1 29 13
3 1 13 49
3 1 50 29
3 11 29 47
3 29 50 11
3 33 37 11
3 11 37 50
3 11 47 33
3 17 37 16
3 17 49 16
3 37 50 17
3 13 47 29
3 37 33 16
3 1 19 0
3 0 29 1
3 3 12 0
3 0 3 29
3 0 19 12
3 10 17 1
3 1 29 10
3 17 19 1
3 24 3 12
3 11 24 3
3 3 29 11
3 10 29 11
3 10 11 37
3 37 17 10
3 18 19 12
3 12 24 18
3 24 37 11
3 17 19 18
3 17 37 18
3 18 24 37
3 0 20 26
3 20 51 0
3 0 21 42
3 21 51 0
3 0 26 42
3 8 24 51
3 8 24 52
3 20 32 8
3 8 32 52
3 8 20 51
3 10 26 32
3 10 32 52
3 28 42 10
3 10 52 28
3 10 26 42
3 21 28 24
3 24 51 21
3 24 52 28
3 32 20 26
3 21 42 28
3 0 25 40
3 0 25 51
3 0 38 26
3 0 40 26
3 0 38 51
3 7 40 22
3 22 53 7
3 7 32 26
3 7 32 53
3 7 40 26
3 8 51 15
3 8 53 15
3 38 32 8
3 32 53 8
3 8 38 51
3 22 15 25
3 22 53 15
3 25 51 15
3 22 25 40
3 32 26 38
3 4 44 1
3 1 54 4
3 1 5 36
3 5 54 1
3 36 44 1
3 2 46 3
3 3 54 2
3 4 2 34
3 2 4 54
3 46 34 2
3 3 48 5
3 5 54 3
3 48 46 3
3 4 34 44
3 36 48 5
3 18 34 44
3 18 46 34
3 36 44 18
3 18 48 36
3 18 46 48
3 7 55 13
3 13 56 7
3 7 16 41
3 7 56 16
3 7 41 55
3 15 56 2
3 15 57 2
3 2 38 13
3 2 56 13
3 2 57 38
3 16 39 15
3 15 16 56
3 15 39 57
3 11 55 38
3 11 57 38
3 11 41 39
3 11 57 39
3 11 41 55
3 38 55 13
3 16 41 39
3 7 44 1
3 7 55 1
3 7 9 16
3 7 55 9
3 16 44 7
3 1 5 14
3 1 55 5
3 1 44 14
3 11 55 5
3 5 48 11
3 5 14 48
3 9 39 11
3 9 55 11
3 11 48 39
3 9 16 39
3 18 14 44
3 18 48 14
3 16 44 18
3 16 39 18
3 18 48 39
3 20 35 6
3 6 20 58
3 23 43 6
3 6 23 58
3 6 35 43
3 3 24 58
3 3 24 59
3 3 29 20
3 3 58 20
3 3 29 59
3 35 29 10
3 29 59 10
3 10 43 37
3 10 59 37
3 10 35 43
3 23 37 24
3 24 58 23
3 24 59 37
3 20 29 35
3 23 37 43
3 6 7 22
3 6 32 7
3 6 15 8
3 6 32 8
3 6 22 15
3 7 17 10
3 7 10 32
3 7 17 22
3 24 15 8
3 8 24 11
3 11 32 8
3 10 32 11
3 10 28 11
3 28 17 10
3 15 22 18
3 18 15 24
3 11 24 28
3 17 22 18
3 18 28 17
3 24 28 18
3 0 30 40
3 0 51 30
3 31 42 0
3 31 51 0
3 0 42 40
3 15 22 30
3 15 22 60
3 24 15 51
3 15 60 24
3 30 51 15
3 40 22 17
3 17 60 22
3 17 42 28
3 28 60 17
3 40 42 17
3 22 40 30
3 24 28 31
3 28 60 24
3 31 51 24
3 28 31 42
3 6 34 49
3 34 58 6
3 35 47 6
3 35 49 6
3 47 58 6
3 19 49 1
3 1 61 19
3 1 35 29
3 1 61 29
3 1 35 49
3 3 58 12
3 3 61 12
3 47 3 29
3 3 29 61
3 3 47 58
3 19 12 34
3 12 19 61
3 34 58 12
3 19 49 34
3 29 47 35
3 1 55 13
3 1 62 13
3 1 14 50
3 14 62 1
3 1 50 55
3 2 57 12
3 2 12 62
3 2 47 13
3 13 62 2
3 47 57 2
3 14 48 12
3 14 62 12
3 48 57 12
3 11 55 47
3 47 57 11
3 50 55 11
3 11 48 50
3 48 57 11
3 13 55 47
3 14 48 50
3 8 63 20
3 8 20 64
3 23 52 8
3 8 64 23
3 8 52 63
3 10 63 26
3 10 26 65
3 27 52 10
3 10 65 27
3 10 63 52
3 4 22 64
3 4 22 65
3 4 26 20
3 4 20 64
3 4 26 65
3 22 27 23
3 23 64 22
3 22 27 65
3 20 63 26
3 23 52 27
3 8 46 3
3 8 63 3
3 9 23 8
3 9 63 8
3 23 46 8
3 3 21 5
3 5 63 3
3 3 46 21
3 10 5 36
3 10 5 63
3 10 27 9
3 10 63 9
3 10 36 27
3 21 36 5
3 9 27 23
3 18 21 36
3 18 21 46
3 18 27 23
3 23 46 18
3 27 36 18
3 7 26 45
3 26 66 7
3 7 27 53
3 7 66 27
3 45 53 7
3 38 45 8
3 8 38 67
3 8 53 39
3 39 67 8
3 8 45 53
3 5 66 28
3 5 28 67
3 5 38 26
3 5 26 66
3 5 67 38
3 28 27 39
3 27 66 28
3 28 39 67
3 38 45 26
3 27 39 53
3 6 30 49
3 6 58 30
3 6 43 33
3 6 33 58
3 6 49 43
3 12 19 30
3 12 68 19
3 24 58 12
3 24 68 12
3 12 58 30
3 19 49 17
3 19 68 17
3 17 37 43
3 37 68 17
3 17 43 49
3 30 49 19
3 24 37 33
3 37 68 24
3 24 33 58
3 33 43 37
3 44 56 7
3 7 44 66
3 7 55 45
3 7 45 56
3 7 66 55
3 25 56 2
3 2 25 69
3 2 45 38
3 38 69 2
3 2 56 45
3 5 14 66
3 14 69 5
3 38 55 5
3 38 69 5
3 55 66 5
3 25 44 14
3 14 25 69
3 14 44 66
3 25 44 56
3 38 55 45
3 20 63 3
3 3 70 20
3 21 59 3
3 3 21 70
3 59 63 3
3 35 63 10
3 10 35 65
3 10 59 36
3 36 65 10
3 10 63 59
3 4 19 65
3 19 70 4
3 4 35 20
3 4 70 20
3 4 65 35
3 21 36 19
3 21 70 19
3 19 65 36
3 35 63 20
3 21 36 59
3 15 30 71
3 30 72 15
3 15 60 33
3 15 33 72
3 15 71 60
3 40 71 17
3 17 40 73
3 41 60 17
3 17 73 41
3 17 60 71
3 13 32 72
3 32 73 13
3 30 40 13
3 13 72 30
3 40 73 13
3 33 41 32
3 32 72 33
3 32 73 41
3 30 71 40
3 33 60 41
3 15 12 57
3 15 71 12
3 15 33 16
3 16 71 15
3 33 57 15
3 14 31 12
3 14 71 12
3 12 31 57
3 11 50 31
3 11 57 31
3 11 41 33
3 11 33 57
3 11 50 41
3 14 50 17
3 17 14 71
3 17 41 16
3 16 71 17
3 17 41 50
3 14 31 50
3 16 33 41
3 1 54 35
3 1 74 35
3 1 61 36
3 1 74 36
3 1 54 61
3 3 54 47
3 47 75 3
3 3 48 61
3 3 48 75
3 54 61 3
3 37 74 9
3 9 37 75
3 9 35 47
3 35 74 9
3 9 47 75
3 36 48 37
3 37 36 74
3 37 75 48
3 47 54 35
3 36 48 61
3 40 56 7
3 7 66 40
3 7 53 41
3 7 66 41
3 7 56 53
3 15 56 25
3 15 76 25
3 15 39 53
3 39 76 15
3 53 56 15
3 14 25 40
3 25 76 14
3 28 14 66
3 28 76 14
3 40 66 14
3 25 40 56
3 39 41 28
3 28 39 76
3 28 41 66
3 39 53 41
3 1 44 62
3 1 44 74
3 1 55 54
3 1 55 74
3 54 62 1
3 34 62 2
3 2 34 77
3 47 54 2
3 47 77 2
3 2 54 62
3 9 74 16
3 9 77 16
3 47 55 9
3 47 77 9
3 55 74 9
3 34 44 16
3 16 34 77
3 16 74 44
3 34 44 62
3 55 54 47
3 8 45 63
3 45 64 8
3 8 64 46
3 8 46 67
3 63 67 8
3 4 64 25
3 25 78 4
3 26 45 4
3 26 78 4
3 4 45 64
3 21 67 5
3 5 21 78
3 26 5 63
3 5 26 78
3 63 67 5
3 25 21 46
3 25 78 21
3 46 67 21
3 46 64 25
3 63 45 26
3 12 71 30
3 12 79 30
3 12 31 68
3 12 31 79
3 68 71 12
3 17 71 49
3 17 73 49
3 17 50 68
3 17 50 73
3 17 68 71
3 29 73 13
3 13 29 79
3 13 49 30
3 13 30 79
3 13 49 73
3 29 50 31
3 29 79 31
3 50 73 29
3 30 49 71
3 31 50 68
3 22 30 80
3 22 81 30
3 22 60 43
3 22 81 43
3 60 80 22
3 24 51 80
3 24 82 51
3 52 60 24
3 24 52 82
3 24 60 80
3 20 81 32
3 32 20 82
3 32 43 52
3 32 43 81
3 32 52 82
3 20 51 30
3 20 30 81
3 51 82 20
3 30 80 51
3 43 52 60
3 10 42 59
3 42 65 10
3 10 43 52
3 10 43 65
3 10 59 52
3 22 19 65
3 22 80 19
3 22 23 43
3 22 80 23
3 43 65 22
3 19 42 21
3 21 80 19
3 19 65 42
3 24 59 21
3 24 21 80
3 24 52 23
3 24 80 23
3 24 59 52
3 42 59 21
3 43 52 23
3 2 45 54
3 2 45 77
3 2 46 69
3 2 46 77
3 2 69 54
3 5 55 54
3 55 83 5
3 5 48 69
3 5 48 83
3 5 54 69
3 9 77 39
3 9 39 83
3 9 55 45
3 9 45 77
3 9 55 83
3 46 39 48
3 39 46 77
3 39 48 83
3 55 45 54
3 48 69 46
3 1 62 49
3 49 74 1
3 1 61 50
3 1 74 50
3 61 62 1
3 12 62 34
3 12 84 34
3 12 61 48
3 48 84 12
3 12 62 61
3 16 49 34
3 34 84 16
3 16 74 37
3 16 84 37
3 16 49 74
3 34 62 49
3 37 50 48
3 48 84 37
3 37 74 50
3 48 61 50
3 8 51 64
3 51 67 8
3 8 53 52
3 8 52 67
3 8 64 53
3 22 64 25
3 22 25 85
3 22 27 53
3 27 85 22
3 22 53 64
3 21 51 25
3 21 85 25
3 21 67 28
3 21 85 28
3 21 51 67
3 25 64 51
3 28 27 52
3 28 27 85
3 52 67 28
3 52 53 27
3 3 70 46
3 3 46 75
3 3 54 63
3 3 70 54
3 3 63 75
3 4 34 70
3 4 86 34
3 35 54 4
3 4 86 35
3 4 70 54
3 9 75 23
3 23 86 9
3 35 63 9
3 9 86 35
3 9 63 75
3 34 46 23
3 23 86 34
3 46 75 23
3 34 46 70
3 63 54 35
3 15 71 56
3 15 56 72
3 15 57 72
3 57 76 15
3 71 76 15
3 38 72 13
3 13 38 87
3 40 56 13
3 13 40 87
3 13 72 56
3 14 31 76
3 14 87 31
3 40 14 71
3 14 40 87
3 71 76 14
3 31 57 38
3 38 87 31
3 31 57 76
3 38 57 72
3 40 56 71
3 19 80 30
3 30 88 19
3 19 68 42
3 19 42 88
3 19 68 80
3 58 80 24
3 58 82 24
3 59 68 24
3 59 82 24
3 68 80 24
3 20 29 82
3 20 88 29
3 20 58 30
3 30 88 20
3 58 82 20
3 29 59 42
3 29 88 42
3 29 59 82
3 58 80 30
3 59 68 42
3 40 81 22
3 22 40 85
3 53 60 22
3 22 53 81
3 22 60 85
3 32 81 26
3 26 89 32
3 32 53 52
3 32 52 89
3 32 53 81
3 28 85 42
3 28 89 42
3 28 60 52
3 28 89 52
3 28 60 85
3 26 42 40
3 26 40 81
3 26 42 89
3 40 42 85
3 52 53 60
3 17 68 42
3 17 42 73
3 17 60 43
3 43 73 17
3 60 68 17
3 31 68 24
3 31 82 24
3 24 33 60
3 33 82 24
3 60 68 24
3 29 73 32
3 32 82 29
3 32 33 43
3 32 82 33
3 32 73 43
3 29 31 42
3 29 82 31
3 29 73 42
3 42 68 31
3 33 43 60
3 44 78 4
3 4 86 44
3 4 54 45
3 4 45 86
3 4 78 54
3 5 36 78
3 5 36 83
3 54 63 5
3 5 54 78
3 5 63 83
3 9 86 27
3 9 27 83
3 9 45 63
3 45 86 9
3 9 83 63
3 44 36 27
3 44 86 27
3 36 83 27
3 44 36 78
3 45 63 54
3 2 62 56
3 56 77 2
3 2 57 69
3 2 57 77
3 62 69 2
3 44 62 14
3 44 90 14
3 14 48 69
3 14 90 48
3 14 62 69
3 16 44 56
3 44 90 16
3 16 77 39
3 16 39 90
3 16 77 56
3 44 56 62
3 39 57 48
3 39 90 48
3 39 57 77
3 48 57 69
3 3 70 58
3 3 58 75
3 3 61 59
3 3 59 75
3 3 70 61
3 34 70 19
3 34 91 19
3 19 61 36
3 36 91 19
3 61 70 19
3 34 58 23
3 34 91 23
3 37 75 23
3 23 91 37
3 23 58 75
3 34 58 70
3 37 36 59
3 37 91 36
3 37 59 75
3 36 59 61
3 15 72 51
3 15 76 51
3 53 60 15
3 15 72 53
3 60 76 15
3 32 38 72
3 32 89 38
3 32 41 53
3 41 89 32
3 53 72 32
3 28 76 31
3 28 89 31
3 28 41 60
3 41 89 28
3 28 60 76
3 38 31 51
3 31 38 89
3 31 51 76
3 51 72 38
3 60 53 41
3 12 79 57
3 12 57 84
3 12 62 71
3 12 79 62
3 12 84 71
3 13 47 79
3 13 92 47
3 13 62 49
3 49 92 13
3 13 79 62
3 16 84 33
3 16 92 33
3 16 49 71
3 16 49 92
3 71 84 16
3 47 57 33
3 47 92 33
3 33 57 84
3 57 79 47
3 71 62 49
3 22 64 80
3 22 64 81
3 22 65 81
3 22 65 85
3 80 85 22
3 20 26 81
3 20 93 26
3 51 64 20
3 51 93 20
3 20 64 81
3 42 85 21
3 42 93 21
3 51 80 21
3 51 93 21
3 21 85 80
3 42 65 26
3 26 42 93
3 26 65 81
3 42 85 65
3 80 64 51
3 25 40 85
3 25 94 40
3 25 76 51
3 51 94 25
3 76 85 25
3 66 85 28
3 28 89 66
3 28 76 67
3 67 89 28
3 28 76 85
3 26 89 38
3 26 38 94
3 26 40 66
3 26 40 94
3 26 89 66
3 38 67 51
3 51 94 38
3 67 89 38
3 40 85 66
3 67 76 51
3 49 88 19
3 49 91 19
3 61 68 19
3 19 88 61
3 19 91 68
3 35 88 29
3 29 35 95
3 29 61 59
3 29 95 59
3 29 61 88
3 43 91 37
3 37 95 43
3 37 68 59
3 59 95 37
3 68 91 37
3 35 49 43
3 35 49 88
3 35 95 43
3 49 43 91
3 59 68 61
3 13 55 87
3 55 92 13
3 56 62 13
3 13 56 92
3 13 62 87
3 14 50 87
3 50 90 14
3 62 71 14
3 62 87 14
3 14 90 71
3 41 92 16
3 16 90 41
3 16 71 56
3 16 56 92
3 71 90 16
3 55 50 41
3 55 92 41
3 50 90 41
3 50 87 55
3 56 62 71
3 4 70 64
3 4 86 64
3 65 78 4
3 65 86 4
3 4 70 78
3 36 78 21
3 36 96 21
3 21 46 70
3 21 96 46
3 21 70 78
3 23 27 86
3 23 96 27
3 64 46 23
3 46 96 23
3 64 86 23
3 27 36 65
3 36 96 27
3 27 86 65
3 36 65 78
3 46 70 64
3 66 78 5
3 5 83 66
3 67 69 5
3 5 83 67
3 5 78 69
3 25 78 44
3 44 97 25
3 46 69 25
3 25 46 97
3 25 69 78
3 27 44 66
3 27 97 44
3 39 27 83
3 39 97 27
3 27 83 66
3 66 78 44
3 39 67 46
3 39 46 97
3 67 83 39
3 67 69 46
3 12 79 58
3 12 58 84
3 12 68 61
3 12 79 61
3 12 68 84
3 29 79 47
3 29 95 47
3 50 61 29
3 50 95 29
3 29 61 79
3 37 33 84
3 37 95 33
3 50 68 37
3 37 50 95
3 37 68 84
3 47 33 58
3 33 95 47
3 58 84 33
3 58 79 47
3 68 61 50
3 19 88 65
3 19 91 65
3 19 70 80
3 70 88 19
3 19 80 91
3 20 88 35
3 20 98 35
3 20 70 58
3 20 58 98
3 70 88 20
3 23 91 43
3 43 98 23
3 23 58 80
3 23 58 98
3 23 91 80
3 35 65 43
3 43 98 35
3 35 88 65
3 65 91 43
3 58 80 70
3 32 81 72
3 72 82 32
3 73 81 32
3 32 73 89
3 82 89 32
3 40 81 30
3 40 99 30
3 30 72 51
3 30 99 51
3 72 81 30
3 31 89 42
3 42 99 31
3 31 82 51
3 31 51 99
3 31 82 89
3 42 73 40
3 40 99 42
3 73 81 40
3 42 89 73
3 51 72 82
3 34 49 91
3 49 100 34
3 58 84 34
3 58 100 34
3 34 84 91
3 37 74 91
3 74 95 37
3 75 84 37
3 37 75 95
3 37 91 84
3 47 95 35
3 35 47 100
3 49 74 35
3 35 100 49
3 35 95 74
3 47 58 75
3 47 100 58
3 47 75 95
3 74 91 49
3 75 84 58
3 25 56 94
3 25 97 56
3 25 76 69
3 25 94 69
3 76 97 25
3 38 94 45
3 38 101 45
3 38 69 67
3 38 101 67
3 69 94 38
3 53 97 39
3 53 101 39
3 67 76 39
3 39 101 67
3 39 76 97
3 53 56 45
3 45 94 56
3 45 101 53
3 56 97 53
3 76 69 67
3 20 63 93
3 20 98 63
3 20 70 64
3 20 98 64
3 70 93 20
3 21 59 93
3 21 59 96
3 21 70 80
3 21 70 93
3 80 96 21
3 52 98 23
3 23 96 52
3 23 80 64
3 23 98 64
3 23 96 80
3 63 59 52
3 52 98 63
3 59 96 52
3 59 93 63
3 80 70 64
3 13 79 72
3 13 72 92
3 13 87 73
3 13 92 73
3 13 79 87
3 50 87 31
3 50 102 31
3 57 79 31
3 57 102 31
3 31 87 79
3 41 92 33
3 41 102 33
3 33 57 72
3 33 57 102
3 33 92 72
3 41 50 73
3 50 102 41
3 41 73 92
3 50 73 87
3 57 79 72
3 9 86 74
3 9 83 74
3 9 77 75
3 9 86 77
3 9 75 83
3 34 44 86
3 34 103 44
3 34 46 77
3 46 103 34
3 77 86 34
3 44 74 36
3 44 36 103
3 74 86 44
3 36 83 48
3 36 103 48
3 36 83 74
3 46 75 48
3 46 48 103
3 46 77 75
3 48 75 83
3 14 66 87
3 14 66 90
3 14 76 69
3 14 87 69
3 14 90 76
3 55 87 38
3 38 55 101
3 38 69 57
3 57 101 38
3 38 87 69
3 39 41 90
3 39 41 101
3 57 76 39
3 39 57 101
3 76 90 39
3 55 66 41
3 41 55 101
3 41 90 66
3 55 66 87
3 57 76 69
3 64 94 25
3 64 97 25
3 25 78 85
3 25 94 78
3 25 97 85
3 26 45 94
3 45 104 26
3 26 78 66
3 26 66 104
3 78 94 26
3 27 97 53
3 27 104 53
3 66 85 27
3 27 66 104
3 85 97 27
3 53 64 45
3 53 104 45
3 45 94 64
3 64 97 53
3 66 85 78
3 73 88 29
3 73 95 29
3 29 79 82
3 29 79 88
3 29 82 95
3 49 88 30
3 49 105 30
3 58 79 30
3 30 105 58
3 30 79 88
3 43 95 33
3 43 105 33
3 33 82 58
3 33 105 58
3 82 95 33
3 43 73 49
3 43 105 49
3 73 88 49
3 43 73 95
3 82 79 58
3 44 97 56
3 44 106 56
3 44 90 66
3 44 106 66
3 44 90 97
3 77 97 39
3 39 77 101
3 83 90 39
3 83 101 39
3 90 97 39
3 45 101 55
3 55 106 45
3 56 77 45
3 45 56 106
3 45 101 77
3 55 83 66
3 66 106 55
3 83 101 55
3 56 77 97
3 83 90 66
3 34 62 100
3 34 62 103
3 34 84 77
3 34 77 100
3 84 103 34
3 54 100 47
3 54 107 47
3 75 77 47
3 47 100 77
3 47 75 107
3 61 103 48
3 48 107 61
3 48 84 75
3 48 107 75
3 84 103 48
3 54 62 61
3 54 62 100
3 61 107 54
3 62 61 103
3 75 77 84
3 21 93 67
3 21 96 67
3 21 78 85
3 78 93 21
3 21 96 85
3 26 93 63
3 26 104 63
3 26 78 65
3 65 104 26
3 26 93 78
3 27 52 96
3 27 104 52
3 65 85 27
3 27 65 104
3 27 85 96
3 63 52 67
3 52 104 63
3 67 96 52
3 67 93 63
3 85 78 65
3 30 71 99
3 71 105 30
3 30 79 72
3 30 105 72
3 30 99 79
3 68 99 31
3 68 102 31
3 79 82 31
3 79 99 31
3 31 82 102
3 60 105 33
3 60 102 33
3 72 82 33
3 72 105 33
3 82 102 33
3 71 60 68
3 71 105 60
3 60 68 102
3 71 68 99
3 72 79 82
3 81 88 20
3 20 81 98
3 20 82 93
3 20 98 82
3 20 93 88
3 42 59 93
3 59 108 42
3 65 88 42
3 42 65 108
3 88 93 42
3 43 52 98
3 43 52 108
3 81 65 43
3 43 65 108
3 43 98 81
3 52 59 82
3 52 108 59
3 52 98 82
3 59 82 93
3 65 88 81
3 74 92 16
3 16 74 90
3 77 84 16
3 16 77 92
3 16 90 84
3 47 92 55
3 47 107 55
3 47 77 57
3 57 107 47
3 77 92 47
3 50 74 55
3 55 107 50
3 55 74 92
3 48 90 50
3 48 107 50
3 48 84 57
3 57 107 48
3 48 84 90
3 50 74 90
3 57 84 77
3 70 100 34
3 70 103 34
3 34 91 86
3 34 86 100
3 91 103 34
3 35 54 100
3 54 109 35
3 74 86 35
3 74 109 35
3 86 100 35
3 36 61 103
3 36 109 61
3 74 91 36
3 36 74 109
3 36 103 91
3 61 70 54
3 54 109 61
3 54 100 70
3 61 103 70
3 74 91 86
3 38 94 72
3 72 101 38
3 87 89 38
3 87 94 38
3 38 101 89
3 40 94 56
3 40 110 56
3 40 66 87
3 66 110 40
3 40 94 87
3 41 101 53
3 41 110 53
3 66 89 41
3 41 66 110
3 41 101 89
3 56 53 72
3 53 110 56
3 56 72 94
3 72 101 53
3 66 89 87
3 62 103 44
3 44 106 62
3 44 74 90
3 74 106 44
3 90 103 44
3 55 106 54
3 54 107 55
3 74 83 55
3 55 74 106
3 83 107 55
3 48 103 69
3 48 107 69
3 48 90 83
3 48 107 83
3 48 90 103
3 54 69 62
3 62 106 54
3 54 107 69
3 62 103 69
3 83 90 74
3 27 97 86
3 86 104 27
3 27 96 83
3 83 104 27
3 27 97 96
3 45 63 104
3 45 63 111
3 45 86 64
3 45 111 64
3 86 104 45
3 46 97 64
3 64 111 46
3 46 96 67
3 46 67 111
3 46 97 96
3 67 83 63
3 67 111 63
3 63 104 83
3 64 86 97
3 83 96 67
3 23 98 75
3 23 96 75
3 23 91 86
3 86 98 23
3 23 91 96
3 35 98 63
3 63 109 35
3 65 86 35
3 35 109 65
3 86 98 35
3 36 59 96
3 59 109 36
3 36 91 65
3 36 109 65
3 91 96 36
3 63 75 59
3 63 59 109
3 75 98 63
3 59 96 75
3 65 86 91
3 76 99 31
3 31 76 102
3 31 89 87
3 31 87 99
3 31 102 89
3 40 71 99
3 71 110 40
3 73 87 40
3 40 110 73
3 40 87 99
3 41 102 60
3 60 110 41
3 73 89 41
3 73 110 41
3 41 102 89
3 60 76 71
3 71 110 60
3 60 76 102
3 71 76 99
3 89 87 73
3 30 99 80
3 30 80 105
3 30 81 88
3 81 105 30
3 30 99 88
3 42 99 68
3 42 68 108
3 42 88 73
3 42 73 108
3 42 88 99
3 43 105 60
3 43 60 108
3 81 73 43
3 43 108 73
3 81 105 43
3 80 68 60
3 60 108 68
3 80 105 60
3 68 99 80
3 81 88 73
3 26 94 81
3 26 104 81
3 89 93 26
3 89 104 26
3 26 94 93
3 51 64 94
3 51 64 112
3 67 93 51
3 51 112 67
3 51 94 93
3 53 104 52
3 53 112 52
3 67 89 52
3 52 112 67
3 52 89 104
3 53 81 64
3 53 64 112
3 81 104 53
3 81 94 64
3 89 93 67
3 78 103 44
3 44 106 78
3 44 97 86
3 86 106 44
3 44 97 103
3 54 106 45
3 45 54 111
3 45 77 86
3 77 111 45
3 86 106 45
3 46 103 69
3 46 111 69
3 46 97 77
3 46 111 77
3 97 103 46
3 54 69 78
3 54 111 69
3 78 106 54
3 69 103 78
3 77 86 97
3 79 100 47
3 79 107 47
3 47 92 95
3 47 92 100
3 95 107 47
3 49 62 100
3 49 113 62
3 74 92 49
3 49 113 74
3 49 92 100
3 61 107 50
3 61 113 50
3 50 74 95
3 50 113 74
3 50 95 107
3 62 79 61
3 61 113 62
3 62 79 100
3 79 107 61
3 95 92 74
3 36 103 78
3 36 78 109
3 36 83 96
3 83 109 36
3 96 103 36
3 46 103 70
3 46 70 111
3 46 75 96
3 46 111 75
3 46 96 103
3 54 109 63
3 54 111 63
3 54 70 78
3 54 111 70
3 78 109 54
3 75 83 63
3 75 111 63
3 63 109 83
3 78 103 70
3 83 75 96
3 41 92 101
3 41 92 110
3 41 90 102
3 41 110 90
3 41 102 101
3 71 110 56
3 71 114 56
3 72 92 56
3 72 114 56
3 92 110 56
3 57 101 72
3 57 72 114
3 57 76 102
3 76 114 57
3 102 101 57
3 76 90 71
3 71 76 114
3 71 90 110
3 72 101 92
3 90 102 76
3 84 105 33
3 84 102 33
3 92 95 33
3 92 105 33
3 95 102 33
3 49 71 105
3 49 71 113
3 73 92 49
3 49 113 73
3 49 105 92
3 68 102 50
3 68 113 50
3 73 95 50
3 73 113 50
3 50 102 95
3 68 84 71
3 71 68 113
3 71 105 84
3 68 102 84
3 92 95 73
3 85 99 42
3 85 108 42
3 42 93 89
3 89 108 42
3 93 99 42
3 51 80 99
3 80 112 51
3 51 93 82
3 51 82 112
3 93 99 51
3 60 108 52
3 52 112 60
3 82 89 52
3 82 112 52
3 89 108 52
3 80 85 60
3 60 112 80
3 60 85 108
3 80 99 85
3 82 89 93
3 40 81 94
3 81 110 40
3 85 99 40
3 40 110 85
3 40 99 94
3 51 72 94
3 72 112 51
3 76 99 51
3 51 76 112
3 51 99 94
3 53 110 60
3 53 112 60
3 81 72 53
3 72 112 53
3 53 81 110
3 60 85 76
3 60 76 112
3 60 110 85
3 81 94 72
3 76 85 99
3 88 100 35
3 88 109 35
3 35 98 95
3 35 109 95
3 35 100 98
3 58 100 70
3 70 115 58
3 58 98 75
3 75 115 58
3 58 100 98
3 59 109 61
3 59 115 61
3 59 75 95
3 59 115 75
3 59 95 109
3 61 88 70
3 70 115 61
3 61 109 88
3 70 100 88
3 75 95 98
3 55 87 106
3 55 107 87
3 92 101 55
3 55 106 92
3 55 101 107
3 56 106 62
3 56 114 62
3 56 77 92
3 56 114 77
3 56 106 92
3 57 69 107
3 57 114 69
3 57 77 101
3 57 77 114
3 101 107 57
3 62 87 69
3 62 114 69
3 62 87 106
3 69 107 87
3 101 92 77
3 50 87 107
3 50 113 87
3 50 90 102
3 50 113 90
3 50 102 107
3 79 107 57
3 57 79 114
3 84 102 57
3 84 114 57
3 102 107 57
3 71 113 62
3 71 114 62
3 62 79 87
3 62 114 79
3 87 113 62
3 71 90 84
3 71 114 84
3 71 90 113
3 79 87 107
3 90 84 102
3 52 98 104
3 52 112 98
3 96 108 52
3 96 112 52
3 52 108 104
3 64 80 112
3 64 80 116
3 64 98 81
3 64 116 81
3 98 112 64
3 81 104 65
3 65 116 81
3 65 85 108
3 65 85 116
3 65 104 108
3 80 85 96
3 85 116 80
3 80 96 112
3 81 98 104
3 85 96 108
3 43 91 105
3 43 108 91
3 95 98 43
3 95 108 43
3 43 105 98
3 80 105 58
3 58 80 115
3 82 98 58
3 58 115 82
3 58 98 105
3 68 108 59
3 68 115 59
3 59 95 82
3 82 115 59
3 59 95 108
3 68 91 80
3 68 115 80
3 68 108 91
3 80 91 105
3 95 98 82
3 49 100 88
3 49 113 88
3 49 91 105
3 49 113 91
3 49 105 100
3 79 100 58
3 79 115 58
3 58 84 105
3 58 115 84
3 58 100 105
3 68 113 61
3 61 115 68
3 61 79 88
3 61 79 115
3 88 113 61
3 68 84 91
3 68 115 84
3 68 91 113
3 79 100 88
3 91 105 84
3 45 94 106
3 45 111 94
3 45 104 101
3 101 111 45
3 104 106 45
3 78 106 66
3 66 117 78
3 83 104 66
3 66 117 83
3 66 106 104
3 69 111 67
3 67 117 69
3 67 83 101
3 67 117 83
3 101 111 67
3 78 94 69
3 69 117 78
3 94 111 69
3 94 106 78
3 83 101 104
3 63 109 93
3 93 111 63
3 98 104 63
3 98 111 63
3 104 109 63
3 64 111 70
3 70 116 64
3 64 86 98
3 86 116 64
3 64 111 98
3 78 109 65
3 78 116 65
3 65 86 104
3 65 116 86
3 65 104 109
3 78 93 70
3 70 116 78
3 93 111 70
3 78 93 109
3 86 98 104
3 59 109 93
3 59 115 93
3 96 108 59
3 59 115 96
3 59 108 109
3 88 109 65
3 65 116 88
3 65 91 108
3 65 91 116
3 65 109 108
3 80 115 70
3 80 70 116
3 88 93 70
3 88 116 70
3 70 93 115
3 91 96 80
3 80 91 116
3 80 115 96
3 88 109 93
3 96 108 91
3 60 110 105
3 60 105 112
3 102 108 60
3 102 112 60
3 60 110 108
3 81 105 72
3 81 118 72
3 72 112 82
3 82 118 72
3 72 105 112
3 81 110 73
3 73 118 81
3 73 89 108
3 89 118 73
3 73 110 108
3 105 110 81
3 82 102 89
3 89 118 82
3 82 112 102
3 89 102 108
3 53 110 97
3 53 112 97
3 101 104 53
3 101 112 53
3 104 110 53
3 66 110 85
3 66 117 85
3 66 104 89
3 66 117 89
3 104 110 66
3 67 76 112
3 76 117 67
3 67 89 101
3 67 89 117
3 67 101 112
3 76 97 85
3 76 117 85
3 97 112 76
3 85 110 97
3 89 104 101
3 94 106 56
3 94 114 56
3 56 97 110
3 56 114 97
3 106 110 56
3 66 106 87
3 87 117 66
3 90 110 66
3 66 117 90
3 66 110 106
3 69 114 76
3 69 76 117
3 69 94 87
3 69 117 87
3 69 94 114
3 76 90 97
3 90 117 76
3 97 114 76
3 87 94 106
3 90 110 97
3 100 106 54
3 54 111 100
3 109 106 54
3 107 109 54
3 54 111 107
3 86 106 74
3 74 119 86
3 83 109 74
3 83 119 74
3 74 106 109
3 75 111 77
3 77 75 119
3 77 100 86
3 86 119 77
3 100 111 77
3 75 83 107
3 83 119 75
3 107 111 75
3 100 106 86
3 107 109 83
3 99 113 71
3 99 114 71
3 71 110 105
3 71 114 105
3 71 110 113
3 72 79 114
3 72 79 118
3 72 92 105
3 72 92 118
3 72 105 114
3 87 113 73
3 73 87 118
3 73 110 92
3 73 118 92
3 110 113 73
3 87 99 79
3 87 118 79
3 99 114 79
3 99 113 87
3 92 105 110
3 64 94 111
3 94 116 64
3 64 97 112
3 64 116 97
3 64 111 112
3 67 93 111
3 67 93 117
3 67 112 96
3 67 117 96
3 111 112 67
3 78 116 85
3 78 85 117
3 78 93 94
3 78 117 93
3 78 94 116
3 97 96 85
3 85 97 116
3 96 117 85
3 93 111 94
3 96 112 97
3 68 113 99
3 68 115 99
3 68 108 102
3 68 102 115
3 108 113 68
3 73 88 113
3 88 118 73
3 95 108 73
3 73 118 95
3 73 108 113
3 82 115 79
3 79 118 82
3 88 99 79
3 79 88 118
3 79 115 99
3 82 95 102
3 82 95 118
3 82 102 115
3 99 113 88
3 95 108 102
3 61 103 113
3 61 103 115
3 107 109 61
3 107 115 61
3 61 113 109
3 74 91 113
3 91 119 74
3 74 109 95
3 74 95 119
3 109 113 74
3 75 84 115
3 84 119 75
3 75 107 95
3 75 119 95
3 107 115 75
3 84 103 91
3 84 91 119
3 103 115 84
3 91 113 103
3 95 107 109
3 62 106 100
3 100 114 62
3 62 103 113
3 103 114 62
3 62 113 106
3 74 92 106
3 92 119 74
3 90 113 74
3 74 119 90
3 106 113 74
3 84 114 77
3 77 84 119
3 77 92 100
3 92 119 77
3 100 114 77
3 103 90 84
3 84 119 90
3 103 114 84
3 92 106 100
3 103 113 90
3 80 99 115
3 99 116 80
3 80 105 112
3 105 116 80
3 80 112 115
3 88 116 81
3 88 118 81
3 81 98 105
3 81 118 98
3 81 105 116
3 93 115 82
3 82 93 118
3 82 112 98
3 82 98 118
3 112 115 82
3 88 99 93
3 88 93 118
3 88 99 116
3 93 115 99
3 112 105 98
3 70 111 100
3 100 116 70
3 70 115 103
3 103 116 70
3 111 115 70
3 75 98 111
3 98 119 75
3 75 96 115
3 75 119 96
3 75 115 111
3 86 116 91
3 91 119 86
3 100 98 86
3 86 98 119
3 86 100 116
3 103 96 91
3 96 119 91
3 91 116 103
3 100 111 98
3 96 115 103
3 94 114 72
3 72 118 94
3 72 112 101
3 72 118 101
3 72 112 114
3 99 114 76
3 99 117 76
3 76 112 102
3 102 117 76
3 76 114 112
3 87 117 89
3 89 118 87
3 87 94 99
3 94 118 87
3 87 117 99
3 89 102 101
3 101 118 89
3 89 117 102
3 99 114 94
3 101 112 102
3 103 114 69
3 103 117 69
3 69 111 107
3 69 107 117
3 69 114 111
3 97 114 77
3 97 119 77
3 77 111 101
3 101 119 77
3 111 114 77
3 90 117 83
3 90 119 83
3 83 101 107
3 101 119 83
3 107 117 83
3 90 103 97
3 90 97 119
3 103 117 90
3 97 103 114
3 101 111 107
3 81 116 94
3 94 118 81
3 104 110 81
3 81 104 118
3 81 116 110
3 99 116 85
3 85 117 99
3 85 110 108
3 85 116 110
3 85 108 117
3 93 117 89
3 89 118 93
3 89 104 108
3 89 104 118
3 108 117 89
3 94 99 93
3 93 118 94
3 99 117 93
3 99 116 94
3 104 110 108
3 103 116 78
3 78 103 117
3 106 109 78
3 78 116 106
3 78 109 117
3 86 116 97
3 97 119 86
3 86 106 104
3 104 119 86
3 106 116 86
3 83 96 117
3 96 119 83
3 83 109 104
3 104 119 83
3 83 117 109
3 96 103 97
3 97 119 96
3 97 103 116
3 96 103 117
3 104 106 109
3 79 114 100
3 100 118 79
3 79 115 107
3 79 118 107
3 79 114 115
3 84 105 114
3 105 119 84
3 84 115 102
3 84 119 102
3 84 114 115
3 92 95 118
3 92 119 95
3 92 105 100
3 92 118 100
3 92 105 119
3 107 102 95
3 102 119 95
3 95 107 118
3 100 114 105
3 102 107 115
3 100 116 88
3 88 100 118
3 88 109 113
3 88 109 118
3 88 113 116
3 105 116 91
3 91 119 105
3 91 113 108
3 108 119 91
3 91 113 116
3 95 118 98
3 95 98 119
3 109 108 95
3 109 118 95
3 95 108 119
3 100 105 98
3 98 100 118
3 105 119 98
3 105 116 100
3 108 113 109
3 106 113 87
3 87 106 118
3 87 117 107
3 87 118 107
3 87 113 117
3 92 101 118
3 92 101 119
3 92 110 106
3 92 106 118
3 110 119 92
3 90 102 117
3 90 119 102
3 90 113 110
3 110 119 90
3 113 117 90
3 102 107 101
3 101 119 102
3 101 107 118
3 110 106 113
3 107 117 102
3 94 116 106
3 94 118 106
3 94 114 111
3 94 111 118
3 114 116 94
3 97 110 116
3 110 119 97
3 112 114 97
3 97 119 112
3 97 114 116
3 101 104 118
3 101 119 104
3 111 112 101
3 111 118 101
3 101 119 112
3 106 110 104
3 104 106 118
3 110 119 104
3 110 116 106
3 111 114 112
3 93 109 117
3 93 109 118
3 111 115 93
3 93 118 111
3 93 115 117
3 98 118 104
3 98 104 119
3 112 111 98
3 111 118 98
3 98 119 112
3 96 117 108
3 96 108 119
3 96 112 115
3 96 112 119
3 96 117 115
3 108 109 104
3 104 109 118
3 108 119 104
3 109 117 108
3 111 115 112
3 100 106 116
3 100 106 118
3 100 114 111
3 111 118 100
3 114 116 100
3 103 116 113
3 113 117 103
3 115 114 103
3 103 116 114
3 103 117 115
3 109 106 113
3 109 106 118
3 106 116 113
3 109 117 107
3 109 118 107
3 107 115 111
3 107 111 118
3 115 117 107
3 109 117 113
3 111 115 114
3 113 116 99
3 113 117 99
3 114 115 99
3 114 116 99
3 99 117 115
3 110 116 105
3 110 119 105
3 112 114 105
3 105 119 112
3 114 116 105
3 102 117 108
3 102 119 108
3 102 112 115
3 102 119 112
3 102 115 117
3 110 113 108
3 108 110 119
3 110 116 113
3 113 117 108
3 112 115 114
4 0 38 55 1
4 0 38 45 4
4 1 55 45 4
4 6 2 38 32
4 4 6 32 26
4 2 38 26 4
4 1 29 32 7
4 7 4 20 32
4 4 1 29 20
4 0 2 47 29
4 4 0 29 35
4 4 35 47 2
4 6 47 55 7
4 6 47 54 4
4 7 55 54 4
4 8 6 35 63
4 2 6 35 54
4 8 2 54 63
4 2 0 26 45
4 26 0 3 63
4 3 63 45 2
4 2 8 32 13
4 3 29 32 8
4 2 13 29 3
4 0 20 35 1
4 20 0 5 63
4 5 1 35 63
4 1 10 32 13
4 1 13 38 5
4 5 38 32 10
4 7 45 54 1
4 10 63 45 7
4 10 63 54 1
4 7 13 29 10
4 9 47 13 7
4 9 10 29 47
4 7 26 20 6
4 9 63 20 6
4 9 63 26 7
4 8 3 54 45
4 11 55 45 8
4 3 54 55 11
4 0 13 47 3
4 5 55 13 0
4 3 5 55 47
4 3 5 26 20
4 3 11 32 20
4 5 11 32 26
4 8 38 13 6
4 6 13 55 9
4 38 8 9 55
4 11 29 20 8
4 9 8 20 35
4 9 11 29 35
4 10 35 54 5
4 10 11 47 35
4 11 47 54 5
4 11 38 26 10
4 9 10 26 45
4 9 45 38 11
4 6 34 44 7
4 6 34 62 13
4 13 7 44 62
4 25 0 1 44
4 0 13 56 25
4 13 56 44 1
4 22 6 2 25
4 6 22 40 13
4 2 25 40 13
4 7 22 19 1
4 13 7 22 30
4 1 19 30 13
4 0 19 34 2
4 13 0 19 49
4 13 2 34 49
4 2 56 40 0
4 0 40 71 12
4 2 56 71 12
4 4 2 15 22
4 4 19 12 2
4 22 15 12 19
4 2 62 49 6
4 15 71 49 6
4 2 15 71 62
4 7 1 62 56
4 17 7 56 71
4 17 1 62 71
4 1 0 30 49
4 30 0 14 71
4 14 1 49 71
4 4 1 17 22
4 4 25 14 1
4 22 17 14 25
4 7 6 30 40
4 6 30 71 16
4 7 40 71 16
4 4 7 17 19
4 7 16 34 4
4 34 16 17 19
4 0 12 34 4
4 4 0 14 44
4 12 14 44 34
4 12 30 40 14
4 12 18 22 30
4 14 18 22 40
4 15 12 62 56
4 15 56 44 18
4 12 62 44 18
4 6 15 25 4
4 6 16 44 4
4 15 25 44 16
4 18 19 30 15
4 15 30 49 16
4 18 19 49 16
4 14 62 49 17
4 18 17 49 34
4 14 18 34 62
4 17 40 25 18
4 16 56 40 17
4 16 56 25 18
4 0 25 46 3
4 0 20 64 25
4 3 46 64 20
4 6 20 51 15
4 20 51 25 4
4 3 12 15 8
4 15 8 20 30
4 30 20 3 12
4 0 20 58 12
4 20 58 34 4
4 8 46 34 6
4 20 70 34 6
4 20 8 46 70
4 6 4 70 58
4 22 6 58 80
4 22 80 70 4
4 0 4 64 51
4 0 51 80 19
4 19 80 64 4
4 0 3 58 30
4 21 80 30 0
4 21 80 58 3
4 2 15 24 3
4 2 25 21 3
4 24 15 25 21
4 8 3 70 64
4 8 24 80 64
4 3 70 80 24
4 2 12 24 8
4 23 8 2 34
4 24 23 34 12
4 8 6 30 51
4 30 6 23 80
4 51 8 23 80
4 22 64 70 19
4 22 64 46 18
4 19 18 46 70
4 2 0 21 46
4 19 21 46 34
4 15 51 21 18
4 21 51 30 19
4 6 2 46 23
4 23 46 25 22
4 12 58 23 18
4 23 58 30 22
4 18 34 58 24
4 21 18 34 70
4 21 24 58 70
4 18 25 51 24
4 18 23 64 25
4 24 23 64 51
4 7 10 36 44
4 26 7 44 78
4 10 26 78 36
4 0 19 36 5
4 0 19 65 26
4 26 5 36 65
4 7 26 42 17
4 4 26 42 19
4 17 10 5 14
4 10 17 40 26
4 5 14 40 26
4 14 66 26 0
4 26 66 44 4
4 0 4 65 42
4 25 85 42 0
4 4 25 85 65
4 4 78 66 7
4 7 22 85 66
4 22 85 78 4
4 1 36 21 0
4 25 44 36 21
4 18 22 65 36
4 22 25 78 65
4 18 25 78 36
4 18 17 42 21
4 21 25 40 42
4 10 65 78 5
4 10 28 85 65
4 28 85 78 5
4 0 40 66 5
4 0 21 85 40
4 21 85 66 5
4 1 17 28 5
4 1 19 21 5
4 21 28 17 19
4 7 10 42 40
4 27 7 40 85
4 27 85 42 10
4 10 28 14 1
4 10 1 44 27
4 27 44 14 28
4 7 27 36 1
4 19 36 27 22
4 22 27 66 40
4 27 18 14 66
4 18 44 78 21
4 18 44 66 28
4 28 66 78 21
4 19 42 28 18
4 18 27 65 19
4 28 42 65 27
4 6 15 57 47
4 30 79 47 6
4 30 79 57 15
4 12 57 38 0
4 30 72 38 0
4 12 30 72 57
4 38 13 30 51
4 30 58 47 13
4 13 72 51 0
4 0 51 82 29
4 13 29 82 72
4 6 13 79 58
4 32 6 58 82
4 32 82 79 13
4 15 72 79 12
4 15 72 82 24
4 12 79 82 24
4 0 20 82 31
4 12 58 82 31
4 8 38 31 24
4 12 31 38 2
4 20 6 33 82
4 51 15 33 82
4 2 47 33 15
4 3 47 33 24
4 11 57 72 32
4 11 29 79 57
4 29 32 72 79
4 2 0 31 57
4 47 29 31 57
4 11 8 51 31
4 20 29 31 51
4 2 6 33 57
4 33 57 38 32
4 11 3 58 33
4 33 58 20 32
4 24 58 47 11
4 11 31 79 47
4 24 58 79 31
4 24 11 38 51
4 33 72 38 11
4 24 33 72 51
4 6 22 27 9
4 22 65 35 6
4 9 27 65 35
4 16 74 35 6
4 35 74 44 4
4 17 1 35 43
4 4 35 43 22
4 17 10 9 16
4 17 10 35 49
4 9 35 49 16
4 1 44 86 35
4 35 10 27 86
4 4 86 74 1
4 19 1 74 91
4 19 91 86 4
4 4 65 43 6
4 34 6 43 91
4 4 65 91 34
4 34 86 65 19
4 18 27 86 34
4 18 17 43 23
4 23 43 49 34
4 6 7 27 23
4 34 44 27 23
4 9 6 49 74
4 23 6 49 91
4 23 9 74 91
4 7 9 37 17
4 23 9 7 22
4 22 17 37 23
4 9 10 65 86
4 37 91 65 10
4 37 9 86 91
4 10 7 16 37
4 37 36 44 16
4 1 10 43 49
4 1 49 91 36
4 36 91 43 10
4 19 49 74 36
4 18 36 74 16
4 18 44 86 23
4 18 37 74 44
4 37 23 86 74
4 18 22 43 37
4 36 65 43 37
4 0 12 48 5
4 38 5 48 57
4 21 5 11 24
4 21 51 38 5
4 38 0 21 67
4 2 46 67 38
4 11 48 46 8
4 8 46 69 38
4 38 69 48 11
4 18 48 57 15
4 25 69 57 15
4 25 69 48 18
4 0 3 48 14
4 14 48 46 25
4 18 14 31 24
4 25 51 31 14
4 25 76 31 0
4 25 76 57 2
4 2 8 67 69
4 15 8 67 76
4 2 69 76 15
4 5 0 51 67
4 0 14 76 51
4 5 67 76 14
4 11 57 69 5
4 5 28 76 69
4 11 57 76 28
4 3 12 14 5
4 3 24 28 5
4 12 14 28 24
4 3 21 28 11
4 11 3 46 39
4 28 21 46 39
4 8 51 76 39
4 11 39 76 31
4 18 46 69 14
4 14 69 67 28
4 18 46 67 28
4 8 3 48 39
4 15 12 48 39
4 39 67 51 15
4 21 67 39 18
4 12 18 28 31
4 39 18 12 57
4 39 28 31 57
4 0 29 50 14
4 40 0 29 73
4 14 40 73 50
4 13 29 42 40
4 40 66 55 13
4 17 7 55 50
4 7 40 87 55
4 40 87 50 17
4 7 13 87 66
4 7 66 89 32
4 13 87 89 32
4 0 13 73 42
4 0 42 89 38
4 13 73 89 38
4 32 11 50 73
4 11 38 87 50
4 38 32 73 87
4 1 50 31 0
4 55 38 31 50
4 10 42 31 11
4 38 26 42 31
4 11 28 66 55
4 31 11 55 87
4 31 87 66 28
4 0 31 89 26
4 14 31 89 66
4 1 29 31 14
4 28 31 29 10
4 17 14 87 73
4 28 89 73 17
4 28 14 87 89
4 17 41 55 1
4 5 55 41 28
4 7 41 89 26
4 17 42 89 41
4 1 7 41 50
4 32 41 50 29
4 5 66 41 11
4 41 66 26 32
4 11 29 42 28
4 41 11 29 73
4 28 42 73 41
4 0 26 81 30
4 30 19 65 81
4 20 26 40 30
4 20 35 49 30
4 30 6 35 88
4 30 88 65 22
4 32 6 49 73
4 20 88 49 6
4 32 20 88 73
4 20 81 40 0
4 29 20 81 73
4 22 81 73 17
4 17 73 88 19
4 22 19 88 81
4 42 73 49 19
4 42 10 35 88
4 17 49 88 42
4 35 29 42 65
4 6 13 73 43
4 22 40 73 43
4 10 32 81 65
4 10 29 88 65
4 32 81 88 29
4 10 43 81 26
4 43 17 40 81
4 13 32 43 49
4 43 65 26 32
4 23 86 45 8
4 2 34 86 45
4 15 8 9 16
4 8 15 56 45
4 16 9 45 56
4 2 45 53 15
4 22 53 45 4
4 22 64 45 7
4 23 64 45 9
4 16 7 45 77
4 4 45 77 34
4 7 4 64 53
4 7 53 97 44
4 4 44 97 64
4 4 2 77 86
4 2 25 97 77
4 25 97 86 4
4 44 86 64 25
4 15 53 27 18
4 44 56 53 27
4 9 86 64 8
4 39 97 64 8
4 39 97 86 9
4 7 9 77 56
4 7 27 97 56
4 27 9 77 97
4 6 9 39 15
4 27 39 15 22
4 8 53 56 2
4 8 53 97 46
4 2 46 97 56
4 22 53 39 18
4 46 64 53 39
4 18 16 77 46
4 46 25 56 77
4 8 6 16 39
4 46 34 16 39
4 18 39 77 34
4 27 39 77 86
4 47 77 46 3
4 39 77 47 11
4 11 24 23 9
4 23 9 47 58
4 9 39 57 47
4 23 75 47 6
4 2 46 75 47
4 34 6 33 84
4 2 57 84 34
4 16 33 24 18
4 16 34 58 33
4 34 77 57 12
4 3 75 77 2
4 2 77 84 12
4 12 84 75 3
4 11 57 77 9
4 37 11 57 84
4 37 9 77 84
4 6 9 75 58
4 16 6 58 84
4 16 9 75 84
4 9 37 24 8
4 16 37 24 15
4 3 48 84 58
4 11 33 84 48
4 8 11 37 23
4 37 23 46 48
4 18 37 75 46
4 37 75 77 16
4 12 58 75 48
4 18 23 75 48
4 18 15 33 37
4 37 33 57 48
4 49 1 55 92
4 41 92 49 17
4 32 6 16 41
4 16 41 73 49
4 55 13 49 74
4 6 43 95 47
4 47 95 73 13
4 13 1 74 92
4 1 29 95 74
4 13 29 95 92
4 47 11 41 92
4 29 47 92 73
4 7 41 33 6
4 33 41 55 47
4 11 33 43 10
4 35 47 33 43
4 6 35 95 33
4 33 95 74 16
4 11 37 74 55
4 11 33 92 55
4 37 33 92 74
4 33 16 7 32
4 10 32 33 37
4 17 16 92 73
4 17 73 95 37
4 16 92 95 37
4 35 1 50 95
4 43 95 50 17
4 9 55 50 37
4 11 37 43 32
4 50 37 43 73
4 11 50 74 9
4 29 35 74 50
4 10 11 48 36
4 10 29 61 36
4 29 11 48 61
4 0 29 59 21
4 29 1 36 59
4 50 48 3 29
4 21 42 29 3
4 36 48 12 19
4 17 50 61 19
4 17 50 48 18
4 19 18 48 61
4 42 31 12 19
4 19 68 31 0
4 19 1 50 68
4 0 3 59 42
4 12 0 42 68
4 12 68 59 3
4 12 18 36 61
4 12 24 59 61
4 24 18 36 59
4 10 59 61 1
4 17 68 61 1
4 10 17 68 59
4 3 61 50 11
4 3 24 68 61
4 11 50 68 24
4 10 42 68 37
4 11 37 68 31
4 36 5 11 37
4 36 21 24 37
4 5 48 37 10
4 37 17 14 48
4 37 17 42 59
4 37 18 21 59
4 18 14 50 37
4 37 24 31 50
4 24 59 63 8
4 51 8 63 93
4 24 59 93 51
4 21 59 82 51
4 51 67 63 20
4 21 42 89 67
4 26 63 59 42
4 10 28 67 63
4 10 63 93 42
4 28 67 93 42
4 26 89 82 20
4 8 67 89 32
4 20 8 67 93
4 20 32 89 93
4 10 59 82 32
4 26 10 59 93
4 26 32 82 93
4 24 82 93 21
4 24 82 89 28
4 21 28 89 93
4 8 38 89 52
4 52 24 31 89
4 24 3 63 52
4 28 5 63 52
4 3 59 52 8
4 29 59 52 32
4 5 67 52 10
4 32 38 67 52
4 29 82 52 10
4 28 31 82 52
4 7 40 94 45
4 40 22 64 94
4 26 40 56 45
4 25 64 81 40
4 25 56 72 51
4 8 51 94 45
4 51 94 56 15
4 45 38 51 64
4 38 72 81 26
4 7 56 72 32
4 26 7 56 94
4 32 72 94 26
4 32 81 64 8
4 8 64 94 38
4 38 94 81 32
4 15 72 81 22
4 25 15 72 94
4 22 81 94 25
4 13 72 53 7
4 30 22 53 72
4 20 81 53 8
4 15 30 81 53
4 32 20 64 53
4 13 56 53 32
4 19 70 54 1
4 21 5 54 70
4 1 14 69 54
4 25 4 54 69
4 12 3 54 62
4 5 54 62 14
4 2 54 61 12
4 19 4 54 61
4 2 54 78 25
4 3 54 78 21
4 4 2 69 78
4 34 2 69 103
4 34 4 78 103
4 1 61 70 4
4 44 103 61 1
4 4 44 103 70
4 36 61 62 44
4 44 34 70 78
4 5 1 62 69
4 1 62 103 36
4 5 69 103 36
4 3 70 78 5
4 3 48 103 70
4 5 48 103 78
4 2 62 61 3
4 46 2 62 103
4 3 61 103 46
4 34 46 69 62
4 48 61 70 46
4 36 48 69 78
4 16 56 72 33
4 13 56 77 47
4 47 92 56 2
4 33 92 56 15
4 2 13 92 77
4 38 2 77 101
4 13 92 101 38
4 53 101 55 7
4 13 72 101 55
4 45 101 57 2
4 53 15 57 101
4 11 32 53 39
4 57 39 53 72
4 38 57 77 45
4 55 38 72 92
4 11 8 53 41
4 53 41 55 45
4 7 45 101 41
4 16 41 101 77
4 15 16 92 72
4 39 15 72 101
4 16 39 101 92
4 8 32 41 39
4 39 41 92 77
4 9 27 28 11
4 9 55 66 27
4 7 27 83 55
4 55 1 36 83
4 5 55 74 36
4 14 50 74 44
4 28 18 16 41
4 41 66 44 16
4 7 44 90 41
4 1 44 90 50
4 1 74 83 5
4 1 74 90 14
4 5 14 90 83
4 7 9 83 66
4 7 16 90 66
4 9 83 90 16
4 39 11 50 90
4 9 39 90 74
4 28 10 9 39
4 39 16 17 28
4 10 11 39 27
4 39 48 36 27
4 18 39 41 17
4 48 39 41 50
4 5 66 90 48
4 11 48 90 41
4 48 14 66 83
4 18 27 83 48
4 18 39 83 36
4 39 83 74 16
4 23 52 32 6
4 23 52 82 58
4 63 20 58 75
4 58 98 63 3
4 24 58 98 52
4 10 63 75 37
4 10 43 98 63
4 43 98 75 37
4 43 95 75 23
4 43 23 8 32
4 6 43 52 8
4 52 43 35 63
4 3 20 98 75
4 3 75 95 29
4 20 29 95 98
4 35 95 82 20
4 10 52 98 35
4 35 29 82 98
4 59 3 47 95
4 24 59 95 33
4 9 63 59 37
4 37 59 82 33
4 10 59 75 9
4 47 75 59 29
4 24 82 98 23
4 37 95 82 24
4 37 23 98 95
4 27 53 32 10
4 32 7 27 52
4 22 17 41 53
4 6 33 60 22
4 7 41 60 22
4 43 33 15 22
4 24 15 53 52
4 18 27 52 24
4 6 43 60 15
4 8 15 60 52
4 10 52 53 7
4 17 7 53 60
4 10 17 60 52
4 28 17 43 52
4 28 18 23 52
4 8 24 60 53
4 11 41 60 24
4 28 10 43 60
4 11 33 60 28
4 28 24 23 27
4 41 33 24 28
4 31 51 80 68
4 24 68 71 15
4 51 15 71 99
4 24 51 99 68
4 51 76 71 30
4 17 71 76 28
4 42 17 71 99
4 42 99 76 28
4 40 71 68 42
4 31 42 85 76
4 40 30 80 85
4 17 22 80 68
4 17 40 99 68
4 40 22 80 99
4 24 80 85 28
4 24 80 99 31
4 28 85 99 31
4 15 76 85 22
4 30 15 76 99
4 30 99 85 22
4 12 71 60 24
4 28 60 71 14
4 25 85 60 15
4 24 21 85 60
4 15 60 68 12
4 22 60 68 19
4 17 14 76 60
4 22 60 76 25
4 17 19 80 60
4 28 60 80 21
4 34 70 88 49
4 49 100 54 1
4 49 19 70 100
4 35 54 62 49
4 3 58 100 54
4 12 62 100 58
4 47 54 70 58
4 34 62 79 58
4 1 29 79 62
4 35 100 62 1
4 35 100 79 29
4 35 88 79 47
4 29 88 70 3
4 3 47 100 70
4 29 88 100 47
4 19 88 79 12
4 12 34 100 79
4 19 34 100 88
4 13 79 61 1
4 19 30 79 61
4 3 61 88 20
4 12 61 88 30
4 29 61 62 13
4 20 70 61 29
4 2 62 87 38
4 12 62 87 31
4 31 79 62 14
4 13 38 69 62
4 1 55 107 61
4 13 79 107 55
4 13 87 69 2
4 47 107 69 2
4 13 87 107 47
4 48 61 79 57
4 57 69 54 47
4 2 54 107 57
4 61 12 57 107
4 47 55 87 79
4 55 54 61 50
4 12 79 87 14
4 48 12 79 107
4 14 48 107 87
4 1 54 107 50
4 14 69 107 50
4 50 48 69 87
4 35 4 64 98
4 22 43 98 64
4 43 23 64 81
4 35 86 64 20
4 53 27 65 81
4 26 65 86 45
4 45 104 65 4
4 22 53 104 65
4 8 53 104 63
4 20 81 104 63
4 4 20 98 86
4 26 4 86 104
4 20 98 104 26
4 63 26 81 98
4 53 52 63 45
4 22 23 98 81
4 22 27 104 81
4 23 98 104 27
4 45 8 52 104
4 52 23 86 104
4 52 27 86 98
4 48 75 63 5
4 39 67 63 9
4 8 63 83 39
4 3 63 83 48
4 52 67 46 23
4 46 8 52 96
4 3 46 96 59
4 46 75 59 21
4 21 67 83 36
4 36 27 52 59
4 10 52 96 36
4 5 36 96 67
4 5 3 75 83
4 21 96 75 3
4 21 96 83 5
4 27 83 75 23
4 27 96 59 10
4 27 96 75 9
4 9 83 67 8
4 23 96 67 8
4 23 96 83 9
4 5 66 104 63
4 52 104 66 28
4 27 52 89 66
4 26 66 83 63
4 41 39 67 89
4 55 83 67 38
4 5 55 101 67
4 67 28 41 101
4 27 53 101 83
4 39 83 104 53
4 45 101 89 26
4 5 83 104 26
4 38 101 83 5
4 26 104 101 38
4 38 45 104 89
4 28 89 104 27
4 28 39 101 89
4 39 27 104 101
4 12 58 105 71
4 24 60 105 58
4 30 58 84 71
4 33 60 80 58
4 71 49 43 60
4 17 49 105 60
4 49 105 80 19
4 49 91 80 30
4 33 84 91 43
4 17 71 84 37
4 43 105 71 17
4 37 84 105 43
4 24 80 91 37
4 24 80 105 33
4 37 91 105 33
4 19 91 84 12
4 30 12 84 105
4 30 105 91 19
4 37 68 80 23
4 17 68 84 16
4 34 84 68 19
4 37 68 71 16
4 12 34 91 68
4 24 68 91 23
4 56 2 54 106
4 25 78 106 56
4 45 54 62 56
4 56 44 78 94
4 45 94 87 55
4 45 106 62 2
4 45 38 87 106
4 66 87 62 44
4 5 66 106 54
4 14 66 106 62
4 54 55 66 78
4 5 78 94 38
4 55 106 78 5
4 55 106 94 38
4 26 94 69 5
4 40 94 69 14
4 26 78 69 38
4 40 87 69 25
4 25 94 87 14
4 14 44 106 87
4 44 25 94 106
4 21 70 88 42
4 20 70 78 26
4 4 70 93 26
4 42 93 70 19
4 54 109 65 4
4 19 65 109 61
4 35 54 78 65
4 65 88 61 36
4 20 93 78 4
4 35 109 78 4
4 35 20 93 109
4 3 61 109 63
4 20 63 109 88
4 63 93 88 35
4 36 78 93 59
4 3 54 109 59
4 59 21 78 109
4 63 54 61 59
4 19 88 93 21
4 36 109 88 19
4 21 93 109 36
4 33 43 81 72
4 49 30 72 92
4 49 105 72 13
4 43 105 72 32
4 13 73 110 56
4 32 53 110 73
4 40 73 92 56
4 41 73 81 53
4 13 92 105 30
4 40 110 92 13
4 30 40 110 105
4 53 110 71 15
4 71 30 81 110
4 60 53 56 71
4 71 40 81 105
4 56 110 60 15
4 33 60 110 92
4 33 32 81 105
4 41 32 81 110
4 33 105 110 41
4 41 92 105 60
4 39 76 71 16
4 39 90 71 15
4 12 48 90 71
4 14 71 84 48
4 31 57 84 68
4 33 60 76 57
4 57 102 60 15
4 12 57 102 68
4 50 17 60 102
4 50 102 76 14
4 41 60 68 50
4 50 90 76 31
4 14 12 84 90
4 12 84 102 31
4 31 14 90 102
4 33 41 90 84
4 17 41 102 68
4 41 102 84 16
4 15 16 90 76
4 15 33 102 76
4 16 90 102 33
4 59 95 74 36
4 63 35 74 83
4 74 9 63 109
4 59 109 74 37
4 9 75 107 55
4 37 75 107 50
4 50 95 75 48
4 47 55 83 75
4 61 109 83 48
4 61 107 83 36
4 35 109 83 9
4 9 47 107 83
4 35 47 107 109
4 54 107 95 35
4 47 54 109 95
4 37 36 109 95
4 37 95 107 48
4 36 109 107 48
4 60 41 66 85
4 66 14 71 110
4 28 66 110 60
4 40 66 90 71
4 44 97 76 14
4 28 27 97 76
4 39 76 85 27
4 44 90 76 25
4 56 110 85 25
4 40 56 97 85
4 39 53 110 90
4 41 53 97 90
4 28 85 97 39
4 28 85 110 41
4 41 39 97 110
4 25 97 90 14
4 14 90 110 40
4 40 110 97 25
4 62 44 86 100
4 34 86 106 62
4 47 92 106 54
4 55 92 100 54
4 9 74 106 45
4 56 106 74 16
4 45 86 74 55
4 56 44 74 92
4 49 34 77 92
4 9 35 100 77
4 49 16 77 100
4 47 35 86 77
4 47 9 86 100
4 9 86 106 55
4 55 47 100 106
4 16 34 100 92
4 44 106 92 16
4 34 44 106 100
4 46 69 94 64
4 54 111 64 4
4 25 64 111 69
4 54 45 64 70
4 25 51 93 78
4 51 94 78 21
4 4 45 111 70
4 45 26 93 111
4 63 93 94 45
4 54 111 67 5
4 21 67 111 70
4 67 69 54 63
4 46 67 93 70
4 5 63 111 69
4 63 111 94 26
4 21 93 94 25
4 21 93 111 46
4 46 111 94 25
4 13 79 99 40
4 29 79 99 42
4 42 88 79 31
4 30 79 87 40
4 50 73 88 61
4 49 62 87 73
4 62 13 73 113
4 29 73 113 61
4 12 71 113 61
4 71 113 88 30
4 13 30 99 87
4 49 113 87 13
4 30 49 113 99
4 71 99 88 49
4 12 68 113 62
4 31 87 113 68
4 71 62 61 68
4 68 99 87 50
4 31 99 88 29
4 50 113 88 29
4 50 31 99 113
4 20 81 105 58
4 30 81 98 58
4 52 82 72 53
4 82 98 64 51
4 32 82 112 53
4 64 20 82 112
4 53 22 80 112
4 30 80 112 72
4 51 80 105 72
4 60 53 64 80
4 20 30 105 98
4 51 20 98 112
4 51 30 105 112
4 52 112 72 32
4 52 43 105 112
4 22 60 112 64
4 43 60 112 98
4 60 52 98 105
4 21 80 91 36
4 27 23 80 85
4 22 27 96 80
4 36 96 80 19
4 65 22 60 108
4 19 68 108 65
4 42 68 91 65
4 60 43 65 85
4 60 68 59 52
4 42 85 96 59
4 59 24 60 108
4 59 108 85 21
4 24 68 108 52
4 23 91 108 52
4 43 91 96 52
4 22 85 96 23
4 22 43 108 85
4 43 108 96 23
4 19 91 96 21
4 42 108 91 19
4 21 96 108 42
4 9 63 111 77
4 39 77 111 67
4 45 63 75 77
4 46 77 101 67
4 46 69 107 75
4 48 69 111 75
4 57 101 83 48
4 57 107 83 39
4 45 54 107 101
4 9 45 111 75
4 55 107 111 45
4 55 101 111 54
4 46 39 101 111
4 48 107 101 39
4 46 111 107 48
4 74 16 71 113
4 68 113 74 37
4 49 74 90 71
4 50 68 91 74
4 36 48 84 91
4 44 90 84 34
4 44 103 84 16
4 37 84 103 36
4 34 62 113 91
4 49 62 103 91
4 50 90 103 61
4 61 113 90 48
4 37 91 103 48
4 50 37 91 113
4 50 113 103 48
4 16 90 103 34
4 16 49 113 90
4 49 34 103 113
4 21 80 112 67
4 60 112 67 28
4 80 96 67 51
4 60 76 67 52
4 46 25 85 96
4 46 97 85 21
4 25 76 112 64
4 64 97 76 51
4 53 97 96 52
4 53 27 96 112
4 52 112 76 28
4 27 97 112 52
4 21 96 97 25
4 21 51 112 96
4 25 97 112 51
4 77 34 70 111
4 46 77 100 70
4 23 58 100 86
4 58 34 86 98
4 63 98 100 54
4 54 111 98 35
4 64 98 75 46
4 64 111 75 23
4 63 111 100 35
4 34 100 98 23
4 23 98 111 46
4 34 100 111 46
4 72 13 62 114
4 69 114 72 38
4 56 62 79 72
4 69 57 72 94
4 31 51 94 87
4 51 99 87 38
4 71 99 94 56
4 13 79 114 56
4 56 114 99 40
4 57 79 99 76
4 76 14 62 114
4 31 79 114 76
4 62 71 76 69
4 69 114 71 14
4 71 40 94 114
4 31 99 94 38
4 31 99 114 57
4 57 38 94 114
4 30 88 93 51
4 20 88 99 51
4 20 82 115 70
4 61 115 82 29
4 58 82 93 70
4 82 79 61 59
4 61 68 80 70
4 19 80 115 61
4 30 80 115 79
4 79 58 80 99
4 20 93 99 30
4 58 115 93 20
4 30 99 115 58
4 59 68 99 93
4 19 68 115 70
4 42 68 115 93
4 59 115 79 29
4 42 59 115 99
4 40 66 104 81
4 66 26 81 110
4 43 32 89 108
4 26 65 108 89
4 52 89 73 43
4 42 65 104 89
4 42 85 110 73
4 73 108 85 40
4 60 108 104 53
4 52 108 73 32
4 52 53 110 108
4 40 110 104 26
4 26 42 108 104
4 40 42 108 110
4 60 52 104 110
4 33 41 89 82
4 41 32 82 102
4 50 29 82 102
4 50 95 82 31
4 59 95 73 42
4 29 59 108 73
4 31 68 108 89
4 68 102 89 42
4 43 95 102 60
4 33 60 108 95
4 32 89 102 33
4 33 102 108 43
4 29 31 102 95
4 42 29 95 108
4 42 108 102 31
4 66 104 86 44
4 27 66 106 86
4 36 78 106 74
4 74 109 78 44
4 27 83 109 65
4 65 36 83 104
4 45 104 109 54
4 63 54 106 104
4 63 45 106 109
4 44 106 104 27
4 27 104 109 36
4 44 36 109 106
4 76 97 77 57
4 71 114 77 16
4 76 39 77 114
4 56 77 84 71
4 69 114 84 48
4 69 103 84 57
4 39 46 103 90
4 48 90 97 46
4 62 56 97 103
4 62 44 97 114
4 56 114 84 16
4 44 56 114 103
4 39 97 103 48
4 39 97 114 57
4 57 48 103 114
4 59 68 84 75
4 80 115 75 23
4 37 75 115 68
4 58 75 96 80
4 46 23 91 103
4 46 96 91 34
4 58 84 103 70
4 70 34 84 115
4 36 61 115 96
4 61 103 96 59
4 37 59 115 84
4 36 59 115 103
4 23 96 103 34
4 23 58 115 96
4 34 103 115 58
4 82 51 76 102
4 31 76 112 82
4 38 67 112 72
4 67 101 72 51
4 57 31 89 101
4 38 89 102 57
4 41 53 112 102
4 60 102 101 53
4 60 41 101 112
4 38 31 102 101
4 51 112 102 31
4 38 101 112 51
4 57 77 100 79
4 77 114 79 47
4 47 92 105 58
4 33 58 100 92
4 62 114 105 49
4 71 105 100 62
4 72 114 84 33
4 57 72 105 84
4 71 114 100 49
4 33 47 100 105
4 57 114 105 33
4 47 100 114 57
4 81 94 78 65
4 20 70 116 81
4 81 26 78 116
4 81 88 70 64
4 40 99 93 26
4 40 94 93 42
4 20 88 116 64
4 51 64 116 99
4 80 64 94 99
4 21 85 116 70
4 42 85 116 88
4 85 78 70 80
4 85 99 88 65
4 42 26 94 99
4 65 26 94 116
4 42 99 116 65
4 21 80 116 78
4 80 116 94 51
4 69 67 89 87
4 78 26 89 117
4 69 117 89 38
4 89 93 78 66
4 69 25 85 117
4 40 87 117 85
4 85 99 87 66
4 76 69 78 85
4 26 93 117 66
4 66 117 99 40
4 78 25 76 117
4 51 76 117 93
4 67 93 99 76
4 38 67 117 87
4 51 67 117 99
4 74 113 88 35
4 49 88 109 74
4 65 43 95 109
4 35 95 108 65
4 73 49 91 108
4 43 73 113 91
4 59 108 113 61
4 68 61 109 108
4 49 35 109 113
4 43 35 109 108
4 49 43 108 113
4 68 113 109 59
4 66 106 92 41
4 66 55 92 110
4 55 74 113 87
4 74 106 87 50
4 73 110 90 50
4 73 113 90 41
4 71 110 106 62
4 62 113 110 56
4 56 106 113 71
4 41 55 106 110
4 50 113 110 41
4 50 55 106 113
4 23 86 116 80
4 27 85 116 86
4 64 86 91 80
4 85 97 86 65
4 65 78 103 91
4 36 78 116 91
4 36 96 97 44
4 44 103 96 27
4 70 116 97 46
4 64 97 103 70
4 64 23 91 116
4 46 103 116 64
4 27 36 103 97
4 27 65 116 97
4 65 36 103 116
4 85 117 83 27
4 83 39 76 117
4 85 96 83 66
4 67 76 90 83
4 78 117 90 44
4 78 103 90 66
4 67 96 103 69
4 69 46 96 117
4 67 117 90 39
4 46 67 117 103
4 66 27 96 117
4 66 117 103 44
4 82 115 84 33
4 82 102 84 58
4 75 115 79 47
4 58 79 107 75
4 47 57 102 95
4 33 57 107 95
4 68 61 107 102
4 50 102 115 61
4 50 107 115 68
4 47 33 102 107
4 33 102 115 58
4 47 58 115 107
4 35 88 116 86
4 86 100 88 65
4 49 100 98 43
4 35 98 105 49
4 70 80 105 100
4 70 116 105 58
4 81 105 91 65
4 81 116 91 43
4 43 105 100 35
4 65 116 100 35
4 43 65 116 105
4 58 80 116 100
4 30 79 118 81
4 81 40 87 118
4 79 72 81 88
4 87 73 81 94
4 72 82 93 94
4 72 30 88 118
4 51 93 118 72
4 89 93 88 73
4 31 79 118 89
4 88 118 89 42
4 79 82 89 87
4 73 40 94 118
4 42 73 118 93
4 31 87 118 82
4 82 51 94 118
4 86 35 95 119
4 47 77 119 95
4 86 74 95 98
4 75 95 92 77
4 86 91 84 77
4 77 34 91 119
4 49 92 119 91
4 74 91 105 92
4 35 98 119 74
4 74 49 105 119
4 84 75 98 105
4 34 84 119 86
4 84 119 98 58
4 75 47 92 119
4 58 75 119 105
4 45 94 114 77
4 77 56 94 111
4 64 111 101 53
4 64 112 101 45
4 56 97 112 72
4 53 97 114 72
4 69 76 112 111
4 67 112 114 69
4 56 45 111 114
4 45 53 112 111
4 56 114 112 53
4 67 76 114 111
4 67 112 98 63
4 67 52 98 111
4 59 93 111 75
4 63 75 115 93
4 82 115 96 52
4 82 112 96 59
4 64 70 115 112
4 80 70 111 112
4 80 64 111 115
4 52 63 111 112
4 59 52 112 115
4 63 111 115 59
4 89 101 92 73
4 82 118 92 33
4 41 92 118 89
4 72 82 95 92
4 50 87 118 95
4 73 87 107 95
4 55 41 102 107
4 55 101 102 50
4 72 101 107 79
4 57 101 118 79
4 33 72 118 95
4 57 107 118 72
4 41 101 107 50
4 73 118 101 41
4 73 50 107 118
4 84 90 83 75
4 83 36 91 119
4 48 83 119 84
4 74 91 96 83
4 46 97 119 75
4 48 90 119 75
4 77 97 96 75
4 97 86 74 90
4 44 86 119 90
4 46 96 119 77
4 74 119 97 44
4 36 96 119 74
4 89 117 90 41
4 66 90 102 89
4 66 87 107 83
4 55 83 117 87
4 69 117 102 57
4 69 107 102 76
4 57 76 117 107
4 41 66 117 102
4 55 66 117 107
4 64 94 106 86
4 86 45 94 116
4 56 110 104 45
4 56 53 104 106
4 66 110 116 78
4 85 110 106 78
4 81 116 97 53
4 81 64 97 110
4 45 53 110 106
4 45 106 116 64
4 64 116 110 53
4 66 85 116 106
4 92 73 88 100
4 92 49 88 118
4 58 79 118 98
4 79 82 98 100
4 81 118 95 43
4 81 73 95 98
4 73 49 100 118
4 43 98 118 73
4 82 58 100 118
4 83 101 92 74
4 86 119 101 45
4 55 74 119 101
4 86 104 101 77
4 92 119 97 56
4 92 77 97 110
4 77 119 104 45
4 56 77 119 110
4 90 119 104 66
4 83 104 110 90
4 83 119 92 55
4 83 66 110 119
4 69 62 100 111
4 54 100 114 69
4 70 115 107 54
4 70 61 107 111
4 61 79 114 103
4 79 115 103 62
4 75 77 114 115
4 84 77 111 115
4 62 114 111 54
4 61 115 111 54
4 61 62 114 115
4 84 75 111 114
4 52 59 109 104
4 59 63 104 108
4 67 96 108 89
4 52 96 117 89
4 63 83 117 93
4 83 109 93 67
4 78 85 108 109
4 65 78 117 108
4 85 117 109 65
4 63 52 108 109
4 67 117 108 52
4 67 63 109 117
4 76 114 105 60
4 71 76 112 105
4 71 84 115 99
4 84 114 99 68
4 80 68 102 112
4 80 60 102 115
4 79 82 112 114
4 72 79 115 112
4 82 72 114 115
4 71 60 112 114
4 68 115 112 60
4 71 68 115 114
4 52 98 118 89
4 89 104 98 82
4 82 93 109 95
4 95 118 93 59
4 88 65 104 118
4 88 109 104 81
4 81 65 109 118
4 52 82 118 104
4 82 118 109 59
4 95 50 90 119
4 90 74 95 102
4 57 101 119 84
4 77 101 102 84
4 77 119 102 57
4 74 119 102 50
4 54 78 116 100
4 78 106 100 70
4 62 61 109 106
4 54 62 113 109
4 91 113 106 86
4 86 116 113 74
4 70 103 113 88
4 88 61 103 116
4 54 106 113 61
4 70 54 106 116
4 70 61 113 116
4 91 74 106 116
4 56 92 118 94
4 92 106 94 72
4 87 89 104 106
4 66 104 118 87
4 81 72 101 104
4 81 53 101 118
4 56 72 118 106
4 72 53 104 118
4 66 106 118 89
4 78 54 107 117
4 78 109 107 69
4 62 87 117 103
4 87 69 103 113
4 74 90 117 109
4 74 113 117 83
4 69 117 109 54
4 69 62 113 117
4 83 109 113 90
4 63 104 119 75
4 83 104 98 75
4 83 96 112 101
4 101 119 96 67
4 64 98 119 97
4 86 97 112 98
4 64 86 119 112
4 83 119 98 63
4 67 112 119 83
4 59 96 119 95
4 95 108 96 75
4 86 91 108 104
4 91 65 104 119
4 65 86 119 108
4 75 59 108 119
4 68 108 110 71
4 60 68 113 110
4 60 85 117 102
4 85 108 102 76
4 76 90 113 99
4 71 90 117 99
4 87 73 108 117
4 87 89 108 113
4 73 113 117 89
4 60 108 113 71
4 76 60 108 117
4 76 71 113 117
4 80 105 110 85
4 60 105 116 85
4 91 116 99 68
4 91 80 99 113
4 81 88 113 110
4 88 73 110 116
4 81 116 113 73
4 60 110 116 80
4 80 68 113 116
4 81 98 111 94
4 98 64 94 118
4 67 93 118 101
4 89 93 111 101
4 81 118 111 64
4 89 67 111 118
4 86 116 114 77
4 100 114 97 86
4 94 116 103 69
4 94 78 103 114
4 69 114 116 78
4 97 116 100 77
4 87 79 100 106
4 87 62 100 118
4 74 92 118 109
4 95 109 106 92
4 88 118 107 61
4 88 79 107 109
4 79 62 106 118
4 79 118 109 61
4 74 106 118 95
4 75 107 117 96
4 96 83 107 115
4 93 70 103 117
4 78 93 115 103
4 78 117 115 70
4 83 117 115 75
4 84 90 110 105
4 71 84 119 110
4 76 97 119 102
4 102 90 97 112
4 72 101 119 105
4 92 101 112 105
4 72 112 119 92
4 90 119 105 71
4 76 112 119 90
4 91 84 102 108
4 91 119 102 68
4 95 73 110 119
4 95 92 110 108
4 73 108 119 92
4 68 108 119 84
4 80 96 117 99
4 96 85 99 115
4 89 93 115 102
4 102 117 93 82
4 89 82 115 117
4 85 117 115 80
4 85 97 114 99
4 97 116 99 76
4 72 94 116 105
4 94 81 105 114
4 72 114 116 81
4 85 116 114 76
4 93 70 100 118
4 88 100 111 93
4 107 111 98 95
4 75 98 118 107
4 88 70 111 118
4 95 118 111 75
4 100 111 101 92
4 77 111 118 92
4 94 111 107 87
4 94 118 107 69
4 69 87 118 111
4 101 77 100 118
4 102 90 103 115
4 102 84 103 117
4 99 117 107 79
4 87 107 115 99
4 87 117 115 79
4 84 90 117 115
4 91 80 112 119
4 96 112 105 91
4 108 96 97 110
4 85 108 119 97
4 104 81 105 119
4 98 104 110 105
4 98 119 110 81
4 96 80 105 119
4 85 96 119 110
4 102 112 98 95
4 95 82 112 119
4 98 82 102 119
4 84 105 116 103
4 91 105 114 103
4 88 100 114 99
4 79 100 116 99
4 88 79 114 116
4 84 91 116 114
4 93 109 106 94
4 78 93 118 106
4 83 104 118 107
4 101 107 109 104
4 83 109 118 101
4 78 94 118 109
4 86 98 118 106
4 104 98 100 106
4 100 118 104 86
4 91 108 117 103
4 103 113 108 96
4 93 99 113 109
4 99 88 109 117
4 93 117 113 88
4 91 96 117 113
4 89 108 119 101
4 108 102 101 104
4 102 119 104 89
4 110 97 103 113
4 90 110 116 103
4 99 87 106 116
4 94 99 113 106
4 97 116 113 90
4 94 116 113 87
4 110 105 100 106
4 105 92 106 116
4 100 116 110 92
4 103 114 112 96
4 103 97 112 115
4 99 115 111 94
4 93 111 114 99
4 96 115 114 97
4 94 93 115 114
4 107 109 108 102
4 107 117 108 95
4 102 117 109 95
4 105 98 111 114
4 100 111 112 105
4 100 114 112 98
4 107 101 112 115
4 102 107 111 112
4 102 101 111 115
4 108 109 106 110
4 104 110 113 109
4 104 108 113 106

# Cells
20 0 1 2 3 4 5 6 7 8 9 10 11 12 13 14 15 16 17 18 19
20 20 21 22 23 24 25 26 27 28 29 30 31 32 33 34 35 36 37 38 39
20 40 41 42 43 44 45 46 47 48 49 50 51 52 53 54 55 56 57 58 59
20 60 61 62 63 64 65 66 67 68 69 70 71 72 73 74 75 76 77 78 79
20 80 81 82 83 84 85 86 87 88 89 90 91 92 93 94 95 96 97 98 99
20 100 101 102 103 104 105 106 107 108 109 110 111 112 113 114 115 116 117 118 119
20 120 121 122 123 124 125 126 127 128 129 130 131 132 133 134 135 136 137 138 139
20 140 141 142 143 144 145 146 147 148 149 150 151 152 153 154 155 156 157 158 159
20 160 161 162 163 164 165 166 167 168 169 170 171 172 173 174 175 176 177 178 179
20 180 181 182 183 184 185 186 187 188 189 190 191 192 193 194 195 196 197 198 199
20 200 201 202 203 204 205 206 207 208 209 210 211 212 213 214 215 216 217 218 219
20 220 221 222 223 224 225 226 227 228 229 230 231 232 233 234 235 236 237 238 239
20 240 241 242 243 244 245 246 247 248 249 250 251 252 253 254 255 256 257 258 259
20 260 261 262 263 264 265 266 267 268 269 270 271 272 273 274 275 276 277 278 279
20 280 281 282 283 284 285 286 287 288 289 290 291 292 293 294 295 296 297 298 299
20 300 301 302 303 304 305 306 307 308 309 310 311 312 313 314 315 316 317 318 319
20 320 321 322 323 324 325 326 327 328 329 330 331 332 333 334 335 336 337 338 339
20 340 341 342 343 344 345 346 347 348 349 350 351 352 353 354 355 356 357 358 359
20 360 361 362 363 364 365 366 367 368 369 370 371 372 373 374 375 376 377 378 379
20 380 381 382 383 384 385 386 387 388 389 390 391 392 393 394 395 396 397 398 399
20 400 401 402 403 404 405 406 407 408 409 410 411 412 413 414 415 416 417 418 419
20 420 421 422 423 424 425 426 427 428 429 430 431 432 433 434 435 436 437 438 439
20 440 441 442 443 444 445 446 447 448 449 450 451 452 453 454 455 456 457 458 459
20 460 461 462 463 464 465 466 467 468 469 470 471 472 473 474 475 476 477 478 479
20 480 481 482 483 484 485 486 487 488 489 490 491 492 493 494 495 496 497 498 499
20 500 501 502 503 504 505 506 507 508 509 510 511 512 513 514 515 516 517 518 519
20 520 521 522 523 524 525 526 527 528 529 530 531 532 533 534 535 536 537 538 539
20 540 541 542 543 544 545 546 547 548 549 550 551 552 553 554 555 556 557 558 559
20 560 561 562 563 564 565 566 567 568 569 570 571 572 573 574 575 576 577 578 579
20 580 581 582 583 584 585 586 587 588 589 590 591 592 593 594 595 596 597 598 599
20 600 601 602 603 604 605 606 607 608 609 610 611 612 613 614 615 616 617 618 619
20 620 621 622 623 624 625 626 627 628 629 630 631 632 633 634 635 636 637 638 639
20 640 641 642 643 644 645 646 647 648 649 650 651 652 653 654 655 656 657 658 659
20 660 661 662 663 664 665 666 667 668 669 670 671 672 673 674 675 676 677 678 679
20 680 681 682 683 684 685 686 687 688 689 690 691 692 693 694 695 696 697 698 699
20 700 701 702 703 704 705 706 707 708 709 710 711 712 713 714 715 716 717 718 719
20 720 721 722 723 724 725 726 727 728 729 730 731 732 733 734 735 736 737 738 739
20 740 741 742 743 744 745 746 747 748 749 750 751 752 753 754 755 756 757 758 759
20 760 761 762 763 764 765 766 767 768 769 770 771 772 773 774 775 776 777 778 779
20 780 781 782 783 784 785 786 787 788 789 790 791 792 793 794 795 796 797 798 799
20 800 801 802 803 804 805 806 807 808 809 810 811 812 813 814 815 816 817 818 819
20 820 821 822 823 824 825 826 827 828 829 830 831 832 833 834 835 836 837 838 839
20 840 841 842 843 844 845 846 847 848 849 850 851 852 853 854 855 856 857 858 859
20 860 861 862 863 864 865 866 867 868 869 870 871 872 873 874 875 876 877 878 879
20 880 881 882 883 884 885 886 887 888 889 890 891 892 893 894 895 896 897 898 899
20 900 901 902 903 904 905 906 907 908 909 910 911 912 913 914 915 916 917 918 919
20 920 921 922 923 924 925 926 927 928 929 930 931 932 933 934 935 936 937 938 939
20 940 941 942 943 944 945 946 947 948 949 950 951 952 953 954 955 956 957 958 959
20 960 961 962 963 964 965 966 967 968 969 970 971 972 973 974 975 976 977 978 979
20 980 981 982 983 984 985 986 987 988 989 990 991 992 993 994 995 996 997 998 999
20 1000 1001 1002 1003 1004 1005 1006 1007 1008 1009 1010 1011 1012 1013 1014 1015 1016 1017 1018 1019
20 1020 1021 1022 1023 1024 1025 1026 1027 1028 1029 1030 1031 1032 1033 1034 1035 1036 1037 1038 1039
20 1040 1041 1042 1043 1044 1045 1046 1047 1048 1049 1050 1051 1052 1053 1054 1055 1056 1057 1058 1059
20 1060 1061 1062 1063 1064 1065 1066 1067 1068 1069 1070 1071 1072 1073 1074 1075 1076 1077 1078 1079
20 1080 1081 1082 1083 1084 1085 1086 1087 1088 1089 1090 1091 1092 1093 1094 1095 1096 1097 1098 1099
20 1100 1101 1102 1103 1104 1105 1106 1107 1108 1109 1110 1111 1112 1113 1114 1115 1116 1117 1118 1119
20 1120 1121 1122 1123 1124 1125 1126 1127 1128 1129 1130 1131 1132 1133 1134 1135 1136 1137 1138 1139
20 1140 1141 1142 1143 1144 1145 1146 1147 1148 1149 1150 1151 1152 1153 1154 1155 1156 1157 1158 1159
20 1160 1161 1162 1163 1164 1165 1166 1167 1168 1169 1170 1171 1172 1173 1174 1175 1176 1177 1178 1179
20 1180 1181 1182 1183 1184 1185 1186 1187 1188 1189 1190 1191 1192 1193 1194 1195 1196 1197 1198 1199
20 1200 1201 1202 1203 1204 1205 1206 1207 1208 1209 1210 1211 1212 1213 1214 1215 1216 1217 1218 1219
20 1220 1221 1222 1223 1224 1225 1226 1227 1228 1229 1230 1231 1232 1233 1234 1235 1236 1237 1238 1239
20 1240 1241 1242 1243 1244 1245 1246 1247 1248 1249 1250 1251 1252 1253 1254 1255 1256 1257 1258 1259
20 1260 1261 1262 1263 1264 1265 1266 1267 1268 1269 1270 1271 1272 1273 1274 1275 1276 1277 1278 1279
20 1280 1281 1282 1283 1284 1285 1286 1287 1288 1289 1290 1291 1292 1293 1294 1295 1296 1297 1298 1299
20 1300 1301 1302 1303 1304 1305 1306 1307 1308 1309 1310 1311 1312 1313 1314 1315 1316 1317 1318 1319
20 1320 1321 1322 1323 1324 1325 1326 1327 1328 1329 1330 1331 1332 1333 1334 1335 1336 1337 1338 1339
20 1340 1341 1342 1343 1344 1345 1346 1347 1348 1349 1350 1351 1352 1353 1354 1355 1356 1357 1358 1359
20 1360 1361 1362 1363 1364 1365 1366 1367 1368 1369 1370 1371 1372 1373 1374 1375 1376 1377 1378 1379
20 1380 1381 1382 1383 1384 1385 1386 1387 1388 1389 1390 1391 1392 1393 1394 1395 1396 1397 1398 1399
20 1400 1401 1402 1403 1404 1405 1406 1407 1408 1409 1410 1411 1412 1413 1414 1415 1416 1417 1418 1419
20 1420 1421 1422 1423 1424 1425 1426 1427 1428 1429 1430 1431 1432 1433 1434 1435 1436 1437 1438 1439
20 1440 1441 1442 1443 1444 1445 1446 1447 1448 1449 1450 1451 1452 1453 1454 1455 1456 1457 1458 1459
20 1460 1461 1462 1463 1464 1465 1466 1467 1468 1469 1470 1471 1472 1473 1474 1475 1476 1477 1478 1479
20 1480 1481 1482 1483 1484 1485 1486 1487 1488 1489 1490 1491 1492 1493 1494 1495 1496 1497 1498 1499
20 1500 1501 1502 1503 1504 1505 1506 1507 1508 1509 1510 1511 1512 1513 1514 1515 1516 1517 1518 1519
20 1520 1521 1522 1523 1524 1525 1526 1527 1528 1529 1530 1531 1532 1533 1534 1535 1536 1537 1538 1539
20 1540 1541 1542 1543 1544 1545 1546 1547 1548 1549 1550 1551 1552 1553 1554 1555 1556 1557 1558 1559
20 1560 1561 1562 1563 1564 1565 1566 1567 1568 1569 1570 1571 1572 1573 1574 1575 1576 1577 1578 1579
20 1580 1581 1582 1583 1584 1585 1586 1587 1588 1589 1590 1591 1592 1593 1594 1595 1596 1597 1598 1599
20 1600 1601 1602 1603 1604 1605 1606 1607 1608 1609 1610 1611 1612 1613 1614 1615 1616 1617 1618 1619
20 1620 1621 1622 1623 1624 1625 1626 1627 1628 1629 1630 1631 1632 1633 1634 1635 1636 1637 1638 1639
20 1640 1641 1642 1643 1644 1645 1646 1647 1648 1649 1650 1651 1652 1653 1654 1655 1656 1657 1658 1659
20 1660 1661 1662 1663 1664 1665 1666 1667 1668 1669 1670 1671 1672 1673 1674 1675 1676 1677 1678 1679
20 1680 1681 1682 1683 1684 1685 1686 1687 1688 1689 1690 1691 1692 1693 1694 1695 1696 1697 1698 1699
20 1700 1701 1702 1703 1704 1705 1706 1707 1708 1709 1710 1711 1712 1713 1714 1715 1716 1717 1718 1719
20 1720 1721 1722 1723 1724 1725 1726 1727 1728 1729 1730 1731 1732 1733 1734 1735 1736 1737 1738 1739
20 1740 1741 1742 1743 1744 1745 1746 1747 1748 1749 1750 1751 1752 1753 1754 1755 1756 1757 1758 1759
20 1760 1761 1762 1763 1764 1765 1766 1767 1768 1769 1770 1771 1772 1773 1774 1775 1776 1777 1778 1779
20 1780 1781 1782 1783 1784 1785 1786 1787 1788 1789 1790 1791 1792 1793 1794 1795 1796 1797 1798 1799
20 1800 1801 1802 1803 1804 1805 1806 1807 1808 1809 1810 1811 1812 1813 1814 1815 1816 1817 1818 1819
20 1820 1821 1822 1823 1824 1825 1826 1827 1828 1829 1830 1831 1832 1833 1834 1835 1836 1837 1838 1839
20 1840 1841 1842 1843 1844 1845 1846 1847 1848 1849 1850 1851 1852 1853 1854 1855 1856 1857 1858 1859
20 1860 1861 1862 1863 1864 1865 1866 1867 1868 1869 1870 1871 1872 1873 1874 1875 1876 1877 1878 1879
20 1880 1881 1882 1883 1884 1885 1886 1887 1888 1889 1890 1891 1892 1893 1894 1895 1896 1897 1898 1899
20 1900 1901 1902 1903 1904 1905 1906 1907 1908 1909 1910 1911 1912 1913 1914 1915 1916 1917 1918 1919
20 1920 1921 1922 1923 1924 1925 1926 1927 1928 1929 1930 1931 1932 1933 1934 1935 1936 1937 1938 1939
20 1940 1941 1942 1943 1944 1945 1946 1947 1948 1949 1950 1951 1952 1953 1954 1955 1956 1957 1958 1959
20 1960 1961 1962 1963 1964 1965 1966 1967 1968 1969 1970 1971 1972 1973 1974 1975 1976 1977 1978 1979
20 1980 1981 1982 1983 1984 1985 1986 1987 1988 1989 1990 1991 1992 1993 1994 1995 1996 1997 1998 1999
20 2000 2001 2002 2003 2004 2005 2006 2007 2008 2009 2010 2011 2012 2013 2014 2015 2016 2017 2018 2019
20 2020 2021 2022 2023 2024 2025 2026 2027 2028 2029 2030 2031 2032 2033 2034 2035 2036 2037 2038 2039
20 2040 2041 2042 2043 2044 2045 2046 2047 2048 2049 2050 2051 2052 2053 2054 2055 2056 2057 2058 2059
20 2060 2061 2062 2063 2064 2065 2066 2067 2068 2069 2070 2071 2072 2073 2074 2075 2076 2077 2078 2079
20 2080 2081 2082 2083 2084 2085 2086 2087 2088 2089 2090 2091 2092 2093 2094 2095 2096 2097 2098 2099
20 2100 2101 2102 2103 2104 2105 2106 2107 2108 2109 2110 2111 2112 2113 2114 2115 2116 2117 2118 2119
20 2120 2121 2122 2123 2124 2125 2126 2127 2128 2129 2130 2131 2132 2133 2134 2135 2136 2137 2138 2139
20 2140 2141 2142 2143 2144 2145 2146 2147 2148 2149 2150 2151 2152 2153 2154 2155 2156 2157 2158 2159
20 2160 2161 2162 2163 2164 2165 2166 2167 2168 2169 2170 2171 2172 2173 2174 2175 2176 2177 2178 2179
20 2180 2181 2182 2183 2184 2185 2186 2187 2188 2189 2190 2191 2192 2193 2194 2195 2196 2197 2198 2199
20 2200 2201 2202 2203 2204 2205 2206 2207 2208 2209 2210 2211 2212 2213 2214 2215 2216 2217 2218 2219
20 2220 2221 2222 2223 2224 2225 2226 2227 2228 2229 2230 2231 2232 2233 2234 2235 2236 2237 2238 2239
20 2240 2241 2242 2243 2244 2245 2246 2247 2248 2249 2250 2251 2252 2253 2254 2255 2256 2257 2258 2259
20 2260 2261 2262 2263 2264 2265 2266 2267 2268 2269 2270 2271 2272 2273 2274 2275 2276 2277 2278 2279
20 2280 2281 2282 2283 2284 2285 2286 2287 2288 2289 2290 2291 2292 2293 2294 2295 2296 2297 2298 2299
20 2300 2301 2302 2303 2304 2305 2306 2307 2308 2309 2310 2311 2312 2313 2314 2315 2316 2317 2318 2319
20 2320 2321 2322 2323 2324 2325 2326 2327 2328 2329 2330 2331 2332 2333 2334 2335 2336 2337 2338 2339
20 2340 2341 2342 2343 2344 2345 2346 2347 2348 2349 2350 2351 2352 2353 2354 2355 2356 2357 2358 2359
20 2360 2361 2362 2363 2364 2365 2366 2367 2368 2369 2370 2371 2372 2373 2374 2375 2376 2377 2378 2379
20 2380 2381 2382 2383 2384 2385 2386 2387 2388 2389 2390 2391 2392 2393 2394 2395 2396 2397 2398 2399
5 0 559 2400 2401 2402
5 9 299 2403 2404 2405
5 11 179 2406 2407 2408
5 3 439 2409 2410 2411
5 5 679 2412 2413 2414
5 7 839 2415 2416 2417
5 2 699 2418 2419 2420
5 14 99 2421 2422 2423
5 1 578 2424 2425 2426
5 13 158 2427 2428 2429
5 10 939 2430 2431 2432
5 12 238 2433 2434 2435
5 6 478 2436 2437 2438
5 15 778 2439 2440 2441
5 4 458 2442 2443 2444
5 17 278 2445 2446 2447
5 8 338 2448 2449 2450
5 16 378 2451 2452 2453
5 18 638 2454 2455 2456
5 19 518 2457 2458 2459
5 25 678 2460 2461 2462
5 20 558 2463 2464 2465
5 28 298 2466 2467 2468
5 31 178 2469 2470 2471
5 23 438 2472 2473 2474
5 22 859 2475 2476 2477
5 34 54 2478 2479 2480
5 27 1019 2481 2482 2483
5 30 1099 2484 2485 2486
5 21 718 2487 2488 2489
5 33 73 2490 2491 2492
5 26 598 2493 2494 2495
5 32 113 2496 2497 2498
5 24 313 2499 2500 2501
5 37 415 2502 2503 2504
5 35 955 2505 2506 2507
5 29 193 2508 2509 2510
5 36 535 2511 2512 2513
5 38 795 2514 2515 2516
5 39 655 2517 2518 2519
5 40 698 2520 2521 2522
5 48 297 2508 2523 2524
5 51 91 2525 2526 2527
5 43 437 2499 2528 2529
5 45 838 2530 2531 2532
5 47 1179 2533 2534 2535
5 42 1039 2536 2537 2538
5 41 878 2539 2540 2541
5 53 130 2542 2543 2544
5 50 1259 2545 2546 2547
5 52 207 2548 2549 2550
5 46 738 2551 2552 2553
5 55 1119 2554 2555 2556
5 44 309 2472 2557 2558
5 57 409 2511 2559 2560
5 49 192 2466 2561 2562
5 56 529 2503 2563 2564
5 58 975 2565 2566 2567
5 59 815 2568 2569 2570
5 65 938 2571 2572 2573
5 63 577 2574 2575 2576
5 68 177 2496 2577 2578
5 71 156 2579 2580 2581
5 61 557 2500 2582 2583
5 60 1038 2584 2585 2586
5 67 1339 2587 2588 2589
5 64 304 2463 2590 2591
5 75 1118 2592 2593 2594
5 77 414 2517 2595 2596
5 70 1419 2597 2598 2599
5 62 1058 2600 2601 2602
5 74 247 2603 2604 2605
5 66 898 2606 2607 2608
5 72 347 2609 2610 2611
5 69 109 2469 2612 2613
5 76 654 2504 2614 2615
5 78 1135 2616 2617 2618
5 79 752 2619 2620 2621
5 85 1018 2622 2623 2624
5 80 858 2625 2626 2627
5 88 294 2448 2551 2628
5 83 434 2442 2539 2629
5 82 1199 2630 2631 2632
5 87 1359 2633 2634 2635
5 90 1439 2636 2637 2638
5 81 874 2528 2639 2640
5 93 126 2548 2641 2642
5 86 737 2523 2643 2644
5 92 206 2542 2645 2646
5 96 1279 2647 2648 2649
5 84 449 2409 2650 2651
5 98 269 2451 2652 2653
5 89 329 2403 2654 2655
5 97 368 2446 2656 2657
5 94 1158 2658 2659 2660
5 95 998 2661 2662 2663
5 103 477 2664 2665 2666
5 101 677 2509 2667 2668
5 108 176 2490 2669 2670
5 111 236 2671 2672 2673
5 105 936 2610 2674 2675
5 107 1499 2676 2677 2678
5 100 1178 2679 2680 2681
5 115 1117 2620 2682 2683
5 117 534 2515 2684 2685
5 104 184 2460 2686 2687
5 102 1218 2688 2689 2690
5 114 387 2691 2692 2693
5 110 1579 2694 2695 2696
5 112 344 2571 2697 2698
5 106 1078 2699 2700 2701
5 116 794 2513 2702 2703
5 118 1292 2704 2705 2706
5 119 749 2592 2707 2708
5 123 452 2625 2709 2710
5 134 276 2661 2711 2712
5 121 697 2557 2713 2714
5 128 779 2715 2716 2717
5 131 959 2718 2719 2720
5 124 312 2520 2721 2722
5 137 418 2568 2723 2724
5 120 857 2650 2725 2726
5 125 1239 2727 2728 2729
5 122 1059 2730 2731 2732
5 133 1319 2733 2734 2735
5 135 248 2736 2737 2738
5 136 487 2739 2740 2741
5 129 997 2652 2742 2743
5 138 1139 2744 2745 2746
5 127 208 2525 2747 2748
5 132 814 2559 2749 2750
5 139 607 2751 2752 2753
5 143 717 2754 2755 2756
5 148 174 2433 2606 2757
5 141 554 2443 2600 2758
5 145 1098 2759 2760 2761
5 147 1519 2762 2763 2764
5 140 1198 2765 2766 2767
5 150 1278 2768 2769 2770
5 144 444 2400 2771 2772
5 154 274 2457 2773 2774
5 152 1318 2775 2776 2777
5 142 1054 2582 2778 2779
5 159 246 2609 2780 2781
5 155 1599 2782 2783 2784
5 157 346 2603 2785 2786
5 146 897 2577 2787 2788
5 149 229 2406 2789 2790
5 151 513 2447 2791 2792
5 153 917 2793 2794 2795
5 160 1037 2575 2796 2797
5 169 289 2436 2493 2798
5 163 429 2424 2487 2799
5 165 1177 2665 2800 2801
5 167 1357 2802 2803 2804
5 162 1197 2755 2805 2806
5 175 1619 2807 2808 2809
5 161 714 2473 2765 2810
5 170 1076 2672 2811 2812
5 164 574 2410 2584 2813
5 166 594 2467 2814 2815
5 172 1459 2816 2817 2818
5 171 896 2580 2819 2820
5 173 228 2427 2699 2821
5 168 474 2404 2679 2822
5 185 836 2549 2823 2824
5 188 331 2825 2826 2827
5 191 296 2478 2828 2829
5 183 476 2692 2830 2831
5 181 676 2497 2832 2833
5 180 1338 2834 2835 2836
5 190 1659 2837 2838 2839
5 195 1114 2569 2704 2840
5 197 649 2506 2841 2842
5 187 1558 2843 2844 2845
5 182 1378 2846 2847 2848
5 194 384 2664 2849 2850
5 186 1238 2851 2852 2853
5 199 809 2555 2854 2855
5 196 954 2519 2856 2857
5 189 204 2530 2858 2859
5 198 1289 2683 2860 2861
5 209 776 2740 2862 2863
5 214 376 2658 2864 2865
5 203 332 2622 2849 2866
5 201 837 2561 2867 2868
5 200 1017 2654 2869 2870
5 217 538 2565 2871 2872
5 211 958 2752 2860 2873
5 205 1399 2874 2875 2876
5 213 1479 2877 2878 2879
5 202 1219 2880 2881 2882
5 216 388 2825 2883 2884
5 210 1157 2656 2885 2886
5 215 484 2715 2887 2888
5 218 1298 2856 2889 2890
5 212 974 2563 2891 2892
5 219 604 2718 2893 2894
5 225 1096 2785 2895 2896
5 223 597 2802 2897 2898
5 221 674 2449 2688 2899
5 220 1358 2814 2900 2901
5 227 1679 2902 2903 2904
5 230 1277 2794 2905 2906
5 224 324 2412 2907 2908
5 234 374 2455 2909 2910
5 222 1214 2667 2911 2912
5 232 1472 2913 2914 2915
5 239 386 2697 2916 2917
5 235 1739 2918 2919 2920
5 226 1077 2669 2921 2922
5 237 343 2691 2759 2923
5 233 914 2768 2924 2925
5 231 633 2453 2926 2927
5 251 639 2928 2929 2930
5 241 579 2590 2931 2932
5 243 459 2721 2754 2933
5 250 279 2739 2793 2934
5 244 314 2574 2709 2935
5 257 799 2936 2937 2938
5 254 419 2619 2751 2939
5 240 719 2771 2940 2941
5 242 879 2942 2943 2944
5 255 979 2945 2946 2947
5 245 1079 2948 2949 2950
5 249 1159 2951 2952 2953
5 252 918 2773 2954 2955
5 256 493 2711 2956 2957
5 253 350 2579 2958 2959
5 258 758 2595 2960 2961
5 259 618 2723 2962 2963
5 265 1258 2964 2965 2966
5 263 877 2631 2931 2967
5 261 694 2425 2730 2968
5 262 1057 2713 2766 2969
5 264 564 2419 2942 2970
5 272 1418 2971 2972 2973
5 260 1194 2639 2778 2974
5 267 1639 2975 2976 2977
5 270 1458 2978 2979 2980
5 275 1759 2981 2982 2983
5 266 996 2641 2984 2985
5 277 486 2737 2986 2987
5 268 369 2422 2988 2989
5 271 514 2429 2990 2991
5 273 916 2781 2992 2993
5 285 1337 2830 2994 2995
5 283 549 2418 2475 2996
5 280 1029 2521 2805 2997
5 281 849 2464 2630 2998
5 290 1236 2826 2999 3000
5 284 689 2401 2536 3001
5 282 1189 2626 2796 3002
5 287 1517 3003 3004 3005
5 292 1638 3006 3007 3008
5 295 1778 3009 3010 3011
5 286 593 2470 3012 3013
5 291 736 2526 3014 3015
5 288 473 2407 2834 3016
5 293 328 2421 2851 3017
5 303 576 2604 3018 3019
5 301 556 2491 3020 3021
5 311 451 2736 3022 3023
5 308 436 2479 3024 3025
5 306 696 2543 3026 3027
5 307 1658 3028 3029 3030
5 300 1498 3031 3032 3033
5 317 789 2507 2945 3034
5 315 1109 2566 2616 3035
5 302 1538 3036 3037 3038
5 310 1698 3039 3040 3041
5 305 1398 3042 3043 3044
5 316 949 2516 2744 3045
5 319 969 2556 2938 3046
5 318 1129 2594 2720 3047
5 323 596 2916 3003 3048
5 321 673 2434 2846 3049
5 325 1016 2645 3050 3051
5 327 1819 3052 3053 3054
5 320 1518 3012 3055 3056
5 326 1237 2828 3057 3058
5 336 989 2647 3059 3060
5 334 773 2459 2877 3061
5 333 1274 2662 2914 3062
5 337 509 2440 3063 3064
5 322 1374 2832 3065 3066
5 330 1718 3067 3068 3069
5 339 383 2858 2897 3070
5 335 1469 2863 2905 3071
5 352 516 2775 3072 3073
5 341 937 2612 3074 3075
5 348 636 2913 2956 3076
5 355 798 2705 2962 3077
5 357 658 2617 3078 3079
5 340 1097 2789 3080 3081
5 345 1539 3082 3083 3084
5 342 1379 3085 3086 3087
5 351 1478 2926 3088 3089
5 354 393 2671 3090 3091
5 353 492 2928 3092 3093
5 359 617 2937 3094 3095
5 349 1317 2791 3096 3097
5 356 1134 2615 3098 3099
5 358 1295 2703 3100 3101
5 363 734 2634 3102 3103
5 361 834 2437 2880 3104
5 365 1256 2986 3105 3106
5 372 1577 3107 3108 3109
5 362 1217 2867 2900 3110
5 379 390 2887 2924 3111
5 364 464 2415 3112 3113
5 367 1799 3114 3115 3116
5 360 1354 2643 2911 3117
5 370 1457 2992 3118 3119
5 366 1156 2646 3120 3121
5 377 483 2883 2964 3122
5 373 913 2917 2978 3123
5 371 634 2435 3124 3125
5 375 1879 3126 3127 3128
5 391 519 3059 3092 3129
5 381 479 2686 3102 3130
5 397 659 2854 3094 3131
5 380 599 2907 3132 3133
5 394 539 2707 2893 3134
5 395 819 2841 3135 3136
5 382 739 3112 3137 3138
5 385 899 3139 3140 3141
5 398 759 2684 3142 3143
5 389 999 3063 3144 3145
5 392 919 2909 3146 3147
5 396 494 2864 3072 3148
5 399 619 2871 3078 3149
5 403 864 2537 2940 3150
5 407 1438 3151 3152 3153
5 401 854 2488 2731 3154
5 412 1598 3155 3156 3157
5 404 704 2476 2943 3158
5 402 1044 2585 2725 3159
5 400 1034 2540 2601 3160
5 410 1618 3161 3162 3163
5 416 1758 3164 3165 3166
5 405 1779 3167 3168 3169
5 417 606 2738 3170 3171
5 408 811 2544 3172 3173
5 406 526 2480 3174 3175
5 411 651 2492 3176 3177
5 413 751 2605 3178 3179
5 420 1169 2531 2803 3180
5 425 1497 3018 3181 3182
5 423 669 2416 2481 3183
5 430 1396 3022 3184 3185
5 424 829 2413 2533 3186
5 421 1009 2461 2633 3187
5 427 1677 3188 3189 3190
5 422 1349 2623 2800 3191
5 432 1798 3192 3193 3194
5 435 1898 3195 3196 3197
5 426 713 2471 3198 3199
5 431 873 2527 3200 3201
5 433 448 2423 3042 3202
5 428 573 2408 3031 3203
5 446 856 2642 3204 3205
5 443 716 2780 3188 3206
5 441 553 2428 3036 3207
5 440 1678 3198 3208 3209
5 447 1818 3210 3211 3212
5 457 1149 2648 2930 3213
5 454 769 2456 2733 3214
5 445 1397 3024 3215 3216
5 453 1269 2659 2776 3217
5 455 629 2441 2951 3218
5 450 1838 3219 3220 3221
5 442 1537 3020 3222 3223
5 456 1309 2717 2769 3224
5 470 1176 2670 3225 3226
5 463 733 3006 3111 3227
5 461 833 2452 2843 3228
5 468 889 2816 3129 3229
5 466 933 2458 2694 3230
5 471 1336 2829 3231 3232
5 460 1637 3014 3233 3234
5 472 1939 3235 3236 3237
5 465 1454 2819 3108 3238
5 469 504 2431 3139 3239
5 475 1858 3240 3241 3242
5 462 1549 2823 3243 3244
5 467 1569 2675 3118 3245
5 489 637 2958 3107 3246
5 491 517 2971 3090 3247
5 481 777 2747 3248 3249
5 498 818 2746 3143 3250
5 480 1257 2988 3251 3252
5 496 978 2889 2961 3253
5 495 1138 2750 3100 3254
5 499 757 2947 3136 3255
5 488 1417 2990 3256 3257
5 485 1699 3258 3259 3260
5 497 1299 2892 3099 3261
5 490 1578 3124 3262 3263
5 482 1559 3264 3265 3266
5 510 1416 2987 3267 3268
5 503 888 2763 3130 3269
5 501 934 2438 3085 3270
5 508 988 2975 3070 3271
5 506 774 2450 3264 3272
5 511 1316 2786 3273 3274
5 502 1377 3055 3074 3275
5 507 1557 3233 3248 3276
5 500 1514 2787 3065 3277
5 512 1919 3278 3279 3280
5 505 1634 2984 3243 3281
5 515 1999 3282 3283 3284
5 527 1436 3170 3285 3286
5 521 1014 2494 2881 3287
5 523 724 2534 3132 3288
5 524 584 2482 3137 3289
5 530 1617 3178 3290 3291
5 520 1174 2552 2689 3292
5 522 1204 2680 2869 3293
5 532 1737 3294 3295 3296
5 536 1878 3297 3298 3299
5 525 1899 3300 3301 3302
5 533 748 2693 3161 3303
5 531 791 2498 3304 3305
5 537 603 2884 3151 3306
5 528 971 2550 3307 3308
5 545 1657 3026 3309 3310
5 543 664 2430 2484 3311
5 540 1329 2572 3004 3312
5 542 1509 2760 2994 3313
5 547 1817 3204 3314 3315
5 541 1084 2462 2762 3316
5 550 1536 3023 3317 3318
5 544 924 2414 2587 3319
5 552 1918 3320 3321 3322
5 551 1053 2581 3323 3324
5 548 688 2405 3028 3325
5 546 848 2468 3210 3326
5 555 2018 3327 3328 3329
5 563 876 2934 3192 3330
5 561 693 2445 3039 3331
5 571 1036 2578 3332 3333
5 570 1496 3025 3334 3335
5 566 928 2454 2597 3336
5 568 1069 2817 2929 3337
5 572 1938 3338 3339 3340
5 560 1797 3200 3341 3342
5 565 1449 2811 2972 3343
5 567 1409 2573 2979 3344
5 562 1694 3027 3345 3346
5 569 624 2432 2948 3347
5 575 1958 3348 3349 3350
5 583 723 3009 3134 3351
5 581 1013 2512 3067 3352
5 590 1356 2821 3353 3354
5 591 1516 3017 3355 3356
5 586 1093 2518 2918 3357
5 588 883 2807 3131 3358
5 592 2059 3359 3360 3361
5 580 1774 3015 3362 3363
5 589 644 2485 3140 3364
5 585 1614 2820 3295 3365
5 582 1709 3051 3366 3367
5 595 1975 3368 3369 3370
5 587 1729 2896 3290 3371
5 616 657 3091 3155 3372
5 601 957 2748 3373 3374
5 614 797 2959 3294 3375
5 609 1154 2878 2955 3376
5 611 994 2735 3147 3377
5 600 1437 3174 3378 3379
5 613 1597 3176 3380 3381
5 612 909 2953 3145 3382
5 608 1314 2743 3088 3383
5 605 1839 3384 3385 3386
5 610 1477 2886 3097 3387
5 615 1738 3304 3388 3389
5 602 1719 3390 3391 3392
5 623 1068 2903 2932 3393
5 621 929 2426 3082 3394
5 630 1576 3122 3395 3396
5 631 1471 2923 3397 3398
5 628 1148 2933 3115 3399
5 626 766 2444 3258 3400
5 627 1697 3249 3341 3401
5 622 1529 3075 3208 3402
5 632 2039 3403 3404 3405
5 620 1674 2921 3222 3406
5 625 1794 3120 3345 3407
5 635 2119 3408 3409 3410
5 643 884 2588 3133 3411
5 652 1596 3171 3412 3413
5 641 1094 2495 3086 3414
5 653 1131 2611 3415 3416
5 648 808 2850 3167 3417
5 646 951 2510 3390 3418
5 645 1777 3172 3366 3419
5 640 1334 2607 2847 3420
5 647 1717 3362 3373 3421
5 642 1364 2835 3080 3422
5 656 1998 3423 3424 3425
5 650 2019 3426 3427 3428
5 660 1489 2674 3189 3429
5 665 1649 2824 3314 3430
5 667 1809 3050 3309 3431
5 662 1669 2895 3181 3432
5 670 1373 2827 3433 3434
5 663 923 2402 2676 3435
5 661 1083 2465 2902 3436
5 666 1008 2474 3052 3437
5 671 1213 2673 3438 3439
5 668 828 2411 2837 3440
5 672 2038 3441 3442 3443
5 675 2138 3444 3445 3446
5 682 1229 2716 3007 3447
5 685 1656 3021 3448 3449
5 681 823 2439 2545 3450
5 686 1028 2524 3338 3451
5 691 1056 2712 3320 3452
5 687 1937 3332 3453 3454
5 680 1629 2965 2999 3455
5 690 1693 3019 3456 3457
5 684 764 2417 2727 3458
5 683 1244 2532 2976 3459
5 692 1917 3323 3460 3461
5 695 2078 3462 3463 3464
5 711 1196 2757 3465 3466
5 703 863 2939 3195 3467
5 701 853 2502 3219 3468
5 708 1063 2808 2936 3469
5 706 1088 2514 2782 3470
5 710 1676 3202 3471 3472
5 700 1894 3201 3473 3474
5 712 2058 3475 3476 3477
5 705 1609 2812 3156 3478
5 702 1834 3205 3479 3480
5 709 784 2486 2949 3481
5 707 1589 2761 3162 3482
5 715 2098 3483 3484 3485
5 730 1353 2657 3368 3486
5 721 1173 2564 3240 3487
5 728 983 2637 3135 3488
5 726 1253 2570 3126 3489
5 731 1636 3016 3490 3491
5 720 1773 3013 3492 3493
5 725 1433 2663 3298 3494
5 729 804 2546 3144 3495
5 735 2159 3496 3497 3498
5 732 1969 3354 3499 3500
5 722 1849 3226 3501 3502
5 727 1869 3106 3286 3503
5 754 977 2957 3297 3504
5 756 817 3148 3164 3505
5 746 1116 2613 3506 3507
5 745 1616 3175 3508 3509
5 741 1074 2695 2954 3510
5 743 894 2598 3146 3511
5 744 904 2950 3141 3512
5 740 1414 2608 3262 3513
5 753 1757 3173 3514 3515
5 755 1877 3308 3516 3517
5 742 1574 2701 3256 3518
5 747 1859 3519 3520 3521
5 750 1959 3522 3523 3524
5 770 1556 3247 3525 3526
5 761 824 2420 2874 3527
5 763 1228 2714 3053 3528
5 762 1389 2868 3211 3529
5 767 1696 3246 3460 3530
5 768 1308 2710 3279 3531
5 771 1468 2866 3404 3532
5 760 1814 3057 3215 3533
5 772 2037 3397 3534 3535
5 765 1914 3273 3456 3536
5 775 2219 3537 3538 3539
5 792 1736 3306 3540 3541
5 781 1089 2489 3083 3542
5 783 1064 2677 2941 3543
5 788 968 2935 3300 3544
5 786 946 2501 3384 3545
5 793 1291 2698 3546 3547
5 785 1897 3307 3479 3548
5 780 1494 2700 3037 3549
5 782 1524 3032 3081 3550
5 787 1837 3374 3473 3551
5 796 2118 3552 3553 3554
5 790 2139 3555 3556 3557
5 812 1756 3179 3558 3559
5 801 1254 2553 3265 3560
5 803 984 2728 3138 3561
5 806 1113 2562 3519 3562
5 813 1137 2741 3423 3563
5 805 1776 3177 3501 3564
5 800 1234 2742 2844 3565
5 802 1554 2852 3251 3566
5 807 1857 3492 3506 3567
5 816 1997 3416 3568 3569
5 810 2079 3570 3571 3572
5 825 1648 2833 3453 3573
5 820 1388 2862 3193 3574
5 831 1216 2865 3441 3575
5 826 1168 2529 3235 3576
5 822 1789 3105 3184 3577
5 827 1929 3225 3448 3578
5 821 1243 2522 3114 3579
5 830 1548 2831 3534 3580
5 832 2034 3438 3525 3581
5 835 2178 3582 3583 3584
5 845 1816 3207 3585 3586
5 841 1003 2505 2636 3587
5 842 1223 2719 3010 3588
5 851 1043 2724 3327 3589
5 846 1188 2628 3475 3590
5 840 1769 3000 3152 3591
5 847 2057 3465 3592 3593
5 843 1424 2624 3168 3594
5 850 1833 3206 3595 3596
5 844 944 2483 2729 3597
5 852 2014 3324 3598 3599
5 855 2198 3600 3601 3602
5 861 1033 2560 3348 3603
5 871 1193 2653 3483 3604
5 870 1796 3203 3605 3606
5 866 1248 2567 2981 3607
5 868 1143 2638 2946 3608
5 869 964 2547 2952 3609
5 860 1893 3199 3610 3611
5 865 1428 2660 3165 3612
5 872 2158 3613 3614 3615
5 867 1749 2966 3153 3616
5 862 1954 3333 3617 3618
5 875 2094 3466 3619 3620
5 880 1333 2614 3241 3621
5 885 1513 2792 3369 3622
5 886 1453 2822 3623 3624
5 893 903 2783 3142 3625
5 891 1413 2621 3282 3626
5 890 1593 2795 3424 3627
5 881 1613 2815 3520 3628
5 882 1854 3232 3508 3629
5 887 1974 3356 3630 3631
5 895 2239 3632 3633 3634
5 892 1989 3268 3413 3635
5 908 993 2982 3149 3636
5 911 1276 2790 3637 3638
5 906 1153 2963 3127 3639
5 901 1073 2919 2960 3640
5 910 1456 2989 3630 3641
5 905 1754 2985 3516 3642
5 900 1594 2788 3388 3643
5 902 1734 2922 3380 3644
5 907 1874 3121 3514 3645
5 912 1979 3623 3646 3647
5 915 2099 3648 3649 3650
5 921 1328 2583 3236 3651
5 930 1376 3073 3442 3652
5 925 1528 3076 3321 3653
5 920 1488 2668 3339 3654
5 931 1568 2666 3403 3655
5 926 1408 2576 3278 3656
5 922 1934 3231 3334 3657
5 927 1909 3267 3317 3658
5 932 2029 3395 3433 3659
5 935 2259 3660 3661 3662
5 943 1224 2726 2838 3663
5 952 1716 3372 3664 3665
5 941 1004 2477 2875 3666
5 947 1836 3375 3598 3667
5 942 1384 2870 3029 3668
5 953 1288 2859 3555 3669
5 948 1128 2722 3426 3670
5 940 1654 2853 3043 3671
5 945 2017 3415 3595 3672
5 950 2137 3546 3673 3674
5 956 2218 3675 3676 3677
5 963 1144 2876 2944 3678
5 972 1876 3303 3679 3680
5 961 1249 2541 3259 3681
5 973 1297 2888 3552 3682
5 966 1108 2558 3522 3683
5 960 1394 2885 3040 3684
5 965 1896 3305 3617 3685
5 967 1957 3507 3610 3686
5 962 1689 3044 3252 3687
5 976 2117 3547 3688 3689
5 970 2179 3690 3691 3692
5 981 1434 2644 3391 3693
5 990 1753 2993 3568 3694
5 985 1633 2991 3499 3695
5 980 1233 2749 3068 3696
5 991 1313 2753 3283 3697
5 986 1273 2655 3646 3698
5 987 1978 3490 3637 3699
5 982 1714 3058 3378 3700
5 992 1994 3274 3559 3701
5 995 2199 3702 3703 3704
5 1000 1383 2873 3196 3705
5 1005 1808 3049 3592 3706
5 1006 1348 2629 3359 3707
5 1011 1203 2872 3444 3708
5 1007 2049 3353 3585 3709
5 1002 1889 3185 3285 3710
5 1010 1708 3048 3673 3711
5 1001 1423 2627 3301 3712
5 1012 2134 3439 3664 3713
5 1015 2278 3714 3715 3716
5 1022 1323 2593 3011 3717
5 1025 1936 3331 3718 3719
5 1021 1163 2554 2809 3720
5 1026 1186 2798 3613 3721
5 1031 1041 2596 3462 3722
5 1027 2157 3604 3723 3724
5 1020 1764 2995 3163 3725
5 1030 1953 3330 3726 3727
5 1024 1104 2535 2589 3728
5 1023 1604 2801 3169 3729
5 1035 2238 3730 3731 3732
5 1032 2074 3452 3733 3734
5 1051 1191 2774 3600 3730
5 1048 1303 2745 2784 3735
5 1050 1916 3325 3736 3737
5 1046 1403 2618 2983 3738
5 1040 2013 3326 3739 3740
5 1045 1583 2777 3166 3741
5 1049 1124 2599 2734 3742
5 1052 2237 3721 3743 3744
5 1042 2073 3451 3745 3746
5 1047 1744 2973 3157 3747
5 1055 2194 3590 3748 3749
5 1065 1673 2927 3484 3750
5 1060 1493 2702 3349 3751
5 1071 1573 2708 3408 3752
5 1066 1448 2813 3649 3753
5 1061 1608 2810 3523 3754
5 1070 1733 2925 3553 3755
5 1067 2089 3472 3641 3756
5 1062 1949 3335 3509 3757
5 1075 2299 3758 3759 3760
5 1072 2109 3396 3541 3761
5 1090 1363 3079 3445 3762
5 1081 1508 2758 3360 3763
5 1080 1668 2899 3476 3764
5 1085 1523 3077 3328 3765
5 1086 1588 2756 3427 3766
5 1091 1728 2898 3556 3767
5 1087 2009 3318 3412 3768
5 1082 2054 3355 3471 3769
5 1092 2129 3434 3540 3770
5 1095 2318 3771 3772 3773
5 1110 1856 3505 3774 3775
5 1101 1164 2538 2678 3776
5 1103 1324 2586 2839 3777
5 1102 1484 2681 3030 3778
5 1105 1956 3504 3733 3779
5 1106 1126 2591 3570 3780
5 1111 1286 2687 3690 3781
5 1107 2076 3563 3726 3782
5 1100 1644 2836 3033 3783
5 1112 2177 3682 3784 3785
5 1115 2257 3786 3787 3788
5 1132 1996 3417 3789 3790
5 1121 1404 2602 3260 3791
5 1123 1304 2732 3084 3792
5 1133 1294 3093 3675 3786
5 1125 2016 3418 3745 3793
5 1120 1534 3041 3096 3794
5 1122 1684 3038 3257 3795
5 1127 2077 3562 3739 3796
5 1136 2217 3669 3797 3798
5 1130 2258 3781 3799 3800
5 1150 1873 3123 3688 3801
5 1141 1429 2640 3385 3802
5 1145 1793 3125 3619 3803
5 1140 1393 2891 3220 3804
5 1146 1268 2651 3648 3805
5 1151 1476 2894 3409 3806
5 1142 1829 3216 3379 3807
5 1147 2097 3606 3638 3808
5 1152 2114 3398 3680 3809
5 1155 2279 3810 3811 3812
5 1165 1928 3228 3723 3813
5 1160 1483 2682 3197 3814
5 1171 1201 2685 3582 3815
5 1166 1346 2799 3496 3816
5 1162 1884 3182 3291 3817
5 1167 2149 3486 3718 3818
5 1161 1603 2797 3302 3819
5 1170 1848 3227 3784 3820
5 1175 2298 3821 3822 3823
5 1172 2174 3575 3774 3824
5 1185 2056 3468 3825 3826
5 1180 1343 2649 2818 3827
5 1182 1503 2770 3008 3828
5 1181 1624 2980 3005 3829
5 1187 2156 3603 3830 3831
5 1183 1444 2804 2977 3832
5 1190 2093 3467 3833 3834
5 1184 1264 2635 2764 3835
5 1195 2236 3722 3836 3837
5 1192 2193 3589 3838 3839
5 1211 1351 2910 3714 3821
5 1210 2033 3440 3840 3841
5 1206 1563 2706 3128 3842
5 1208 1463 2890 2920 3843
5 1209 1283 2696 2879 3844
5 1200 2133 3437 3845 3846
5 1205 1723 2915 3299 3847
5 1212 2297 3816 3848 3849
5 1207 1864 3109 3296 3850
5 1202 2173 3576 3851 3852
5 1215 2274 3707 3853 3854
5 1225 1813 3061 3602 3855
5 1220 1653 2857 3464 3856
5 1231 1551 2855 3537 3857
5 1226 1626 3001 3704 3858
5 1221 1766 2998 3572 3859
5 1230 1711 3060 3676 3860
5 1222 2064 3449 3564 3861
5 1227 2184 3586 3695 3862
5 1235 2339 3863 3864 3865
5 1232 2209 3526 3665 3866
5 1241 1628 2968 3497 3867
5 1250 1553 3250 3583 3868
5 1245 1688 3253 3463 3869
5 1240 1788 3104 3614 3870
5 1251 1868 3103 3691 3871
5 1246 1748 2967 3571 3872
5 1242 2154 3491 3605 3873
5 1247 2069 3457 3558 3874
5 1252 2169 3580 3679 3875
5 1255 2359 3876 3877 3878
5 1263 1504 2767 3054 3879
5 1270 1977 3636 3880 3881
5 1261 1344 2632 2904 3882
5 1265 2096 3639 3838 3883
5 1262 1664 2901 3212 3884
5 1271 1466 2908 3810 3885
5 1266 1306 2772 3702 3886
5 1260 1804 3056 3209 3887
5 1267 2196 3697 3833 3888
5 1272 2277 3806 3889 3890
5 1275 2317 3891 3892 3893
5 1284 1464 2882 3087 3894
5 1293 2116 3544 3895 3896
5 1281 1564 2690 3266 3897
5 1296 2216 3670 3898 3899
5 1282 1544 2848 3263 3900
5 1280 1369 2845 3089 3901
5 1285 2136 3545 3851 3902
5 1287 2176 3683 3845 3903
5 1290 2256 3780 3904 3905
5 1310 1993 3271 3797 3906
5 1301 1584 2779 3386 3907
5 1300 1533 3098 3221 3908
5 1305 1913 3272 3748 3909
5 1311 1474 3095 3538 3891
5 1307 2197 3698 3737 3910
5 1302 1824 3223 3381 3911
5 1312 2214 3532 3790 3912
5 1315 2319 3885 3913 3914
5 1320 1643 2840 3329 3915
5 1325 1933 3230 3731 3916
5 1326 1506 2996 3632 3917
5 1331 1361 2842 3660 3918
5 1327 2224 3622 3719 3919
5 1322 2004 3310 3419 3920
5 1330 1851 3229 3787 3921
5 1321 1761 2997 3428 3922
5 1335 2338 3923 3924 3925
5 1332 2249 3652 3775 3926
5 1340 1663 2906 3194 3927
5 1345 2048 3352 3830 3928
5 1347 2148 3487 3825 3929
5 1342 1784 3119 3190 3930
5 1350 1966 3351 3889 3931
5 1341 1441 2806 3116 3932
5 1355 2296 3815 3933 3934
5 1352 2273 3708 3880 3935
5 1371 1511 3064 3771 3923
5 1368 1460 3069 3101 3936
5 1370 2026 3435 3937 3938
5 1366 1541 2861 3284 3939
5 1360 2126 3436 3904 3940
5 1365 1701 3071 3425 3941
5 1372 2337 3917 3942 3943
5 1362 2248 3651 3902 3944
5 1367 1984 3276 3421 3945
5 1375 2309 3763 3946 3947
5 1380 1651 3045 3584 3948
5 1385 1811 3214 3716 3949
5 1386 1786 3186 3812 3950
5 1391 1686 3046 3539 3951
5 1390 1826 3213 3677 3952
5 1381 1886 3187 3692 3953
5 1387 2264 3706 3803 3954
5 1382 2164 3573 3685 3955
5 1395 2379 3956 3957 3958
5 1392 2204 3530 3667 3959
5 1411 1571 3255 3661 3960
5 1406 1446 2970 3633 3961
5 1401 1743 2969 3524 3962
5 1410 1988 3269 3799 3963
5 1405 1908 3270 3743 3964
5 1400 1683 3254 3350 3965
5 1402 1944 3346 3515 3966
5 1407 2234 3624 3736 3967
5 1412 2254 3655 3789 3968
5 1415 2358 3969 3970 3971
5 1430 1713 3377 3715 3972
5 1421 1768 3154 3498 3973
5 1420 1888 3287 3615 3974
5 1425 1828 3376 3601 3975
5 1426 1746 3150 3703 3976
5 1431 1866 3288 3811 3977
5 1427 2189 3596 3694 3978
5 1422 2144 3493 3611 3979
5 1432 2269 3711 3801 3980
5 1435 2399 3981 3982 3983
5 1450 1973 3625 3934 3984
5 1443 1623 2974 3237 3985
5 1442 1783 3117 3340 3986
5 1445 2088 3640 3837 3987
5 1451 1566 3113 3759 3969
5 1447 2233 3626 3834 3988
5 1440 1924 3234 3342 3989
5 1452 2293 3752 3931 3990
5 1455 2356 3960 3991 3992
5 1473 2113 3399 3899 3993
5 1461 1724 2912 3392 3994
5 1465 2036 3400 3853 3946
5 1475 2213 3531 3896 3995
5 1462 1704 3066 3389 3996
5 1467 2276 3805 3841 3997
5 1470 2316 3886 3938 3998
5 1485 1931 3336 3822 3999
5 1480 1641 3035 3446 4000
5 1491 1521 3034 3662 4001
5 1486 1666 3183 3758 4002
5 1482 2124 3430 3548 4003
5 1487 2284 3750 3813 4004
5 1481 1881 3180 3557 4005
5 1490 1946 3337 3788 4006
5 1495 2372 4007 4008 4009
5 1492 2243 3653 3779 4010
5 1505 2053 3357 3836 4011
5 1500 1803 3062 3322 4012
5 1502 1904 3281 3315 4013
5 1507 2223 3621 3826 4014
5 1501 1621 3002 3280 4015
5 1510 1971 3358 3892 4016
5 1515 2336 3918 4017 4018
5 1512 2308 3762 3881 4019
5 1525 1671 3218 3773 4007
5 1526 1906 3319 3914 4020
5 1531 1681 3047 3410 4021
5 1520 2006 3316 3800 4022
5 1530 1821 3224 3554 4023
5 1522 2244 3654 3793 4024
5 1527 2304 3764 3909 4025
5 1535 2378 4002 4026 4027
5 1532 2104 3401 3551 4028
5 1546 1631 3239 3864 3876
5 1545 2031 3527 3942 4029
5 1543 1560 3242 3261 4030
5 1542 1983 3275 3567 4031
5 1552 2208 3528 3903 4032
5 1550 2166 3579 3898 4033
5 1540 1841 3245 3569 4034
5 1547 2334 3858 3937 4035
5 1555 2349 3867 4036 4037
5 1570 2108 3393 3905 4038
5 1561 1863 3110 3521 4039
5 1565 2028 3394 3848 4036
5 1562 1844 3244 3517 4040
5 1572 2253 3656 3895 4041
5 1567 2294 3753 3840 4042
5 1575 2357 3961 4029 4043
5 1586 1606 3158 3634 4044
5 1591 1731 3382 3772 4045
5 1590 1986 3411 3913 4046
5 1581 1741 3159 3650 4047
5 1580 1823 3383 3485 4048
5 1585 2008 3414 3744 4049
5 1587 2229 3628 3740 4050
5 1582 2084 3480 3642 4051
5 1592 2314 3767 3906 4052
5 1595 2398 4053 4054 4055
5 1601 1763 3160 3361 4056
5 1610 1853 3511 3823 4057
5 1605 1948 3510 3732 4058
5 1600 1883 3292 3477 4059
5 1611 1726 3289 3760 4053
5 1602 2044 3363 3474 4060
5 1607 2228 3627 3727 4061
5 1612 2289 3755 3820 4062
5 1615 2397 4045 4063 4064
5 1630 1968 3488 3991 4018
5 1620 1923 3238 3461 4065
5 1625 2153 3489 3839 4066
5 1627 2183 3696 3831 4067
5 1622 1903 3277 3454 4068
5 1635 2333 3857 4016 4069
5 1632 2348 3868 3984 4070
5 1645 1926 3450 3924 4008
5 1646 1806 3311 3863 3956
5 1647 2324 3855 3916 4071
5 1642 2121 3429 3672 4072
5 1650 2061 3447 3785 4073
5 1640 2001 3312 3674 4074
5 1655 2364 3949 3999 4075
5 1652 2161 3574 3782 4076
5 1660 1800 3217 3443 4077
5 1665 2051 3470 3933 4078
5 1667 2283 3751 3928 4079
5 1662 2022 3407 3431 4080
5 1670 2086 3469 3893 4081
5 1661 1781 3191 3405 4082
5 1675 2371 4001 4083 4084
5 1672 2301 3765 3883 4085
5 1691 1791 3347 3878 3957
5 1690 1911 3458 3971 4026
5 1687 2203 3529 3796 4086
5 1682 2103 3402 3686 4087
5 1685 2066 3459 3798 4088
5 1680 1941 3344 3689 4089
5 1692 2377 3950 4020 4090
5 1695 2344 3870 3964 4091
5 1706 1771 3364 3865 3981
5 1703 1720 3370 3387 4092
5 1705 2131 3666 3943 4093
5 1712 2206 3663 3997 4094
5 1702 1981 3422 3699 4095
5 1710 2266 3712 3995 4096
5 1700 1961 3371 3701 4097
5 1707 2328 3859 3940 4098
5 1715 2388 3973 4099 4100
5 1721 1861 3293 3647 4101
5 1730 2106 3543 3998 4102
5 1725 2128 3542 3849 4099
5 1732 2313 3766 3993 4103
5 1722 1964 3367 3645 4104
5 1727 2288 3754 3846 4105
5 1735 2396 4044 4093 4106
5 1751 1871 3512 3877 3982
5 1750 1991 3561 3970 4054
5 1745 2068 3560 3749 4107
5 1740 1943 3513 3620 4108
5 1742 2083 3618 3643 4109
5 1747 2188 3693 3746 4110
5 1752 2354 3871 3963 4111
5 1755 2394 3977 4046 4112
5 1770 1846 3495 3925 4063
5 1762 2003 3420 3593 4113
5 1767 2063 3565 3724 4114
5 1765 2143 3494 3734 4115
5 1760 2043 3365 3599 4116
5 1772 2329 3860 3921 4117
5 1775 2389 3972 4057 4118
5 1790 2091 3608 3992 4084
5 1785 2151 3607 3935 4119
5 1780 1921 3343 3581 4120
5 1782 2024 3406 3578 4121
5 1787 2263 3804 3929 4122
5 1795 2376 3951 4081 4123
5 1792 2343 3869 3987 4124
5 1805 2046 3587 4017 4083
5 1802 2021 3432 3536 4125
5 1807 2323 3856 4011 4126
5 1801 1901 3313 3535 4127
5 1810 2181 3588 3890 4128
5 1815 2363 3948 4078 4129
5 1812 2261 3705 3888 4130
5 1831 1891 3481 3958 3983
5 1830 2011 3597 4027 4055
5 1822 2101 3550 3808 4131
5 1827 2201 3668 3910 4132
5 1825 2186 3594 3912 4133
5 1820 2081 3482 3809 4134
5 1832 2369 3953 4022 4135
5 1835 2384 3974 4049 4136
5 1845 2171 3776 4035 4137
5 1843 1860 3500 3518 4138
5 1842 1980 3566 3631 4139
5 1852 2246 3777 4042 4140
5 1850 2286 3819 4041 4141
5 1840 1960 3503 3635 4142
5 1847 2326 3922 4033 4143
5 1855 2386 4056 4144 4145
5 1870 2111 3678 4043 4106
5 1865 2168 3681 3854 4144
5 1862 1963 3502 3644 4146
5 1872 2353 3872 4038 4147
5 1867 2268 3802 3852 4148
5 1875 2393 3976 4102 4137
5 1890 1951 3609 4009 4064
5 1887 2163 3684 3818 4149
5 1882 2123 3549 3709 4150
5 1880 2041 3478 3713 4151
5 1885 2141 3612 3824 4152
5 1892 2368 3952 4006 4153
5 1895 2383 3975 4058 4154
5 1910 2191 3735 4070 4129
5 1900 1920 3455 3659 4155
5 1905 2231 3738 4019 4156
5 1907 2303 3908 4014 4157
5 1902 2023 3533 3657 4158
5 1912 2341 3965 4067 4159
5 1915 2374 4021 4128 4160
5 1925 2146 3720 4069 4123
5 1930 2221 3717 3990 4160
5 1927 2321 3915 4066 4161
5 1922 2020 3577 3658 4162
5 1932 2281 3814 3988 4163
5 1935 2361 4000 4119 4156
5 1950 2071 3728 4090 4112
5 1947 2241 3778 3967 4164
5 1942 2100 3687 3756 4165
5 1940 2080 3616 3761 4166
5 1945 2226 3729 3968 4167
5 1952 2366 4005 4088 4168
5 1955 2381 4059 4107 4169
5 1967 2271 3882 4098 4147
5 1972 2306 3879 4105 4170
5 1962 1982 3629 3700 4171
5 1970 2291 3932 4103 4143
5 1976 2346 3985 4148 4172
5 1965 2331 4015 4096 4141
5 1990 2211 3792 4037 4100
5 1985 2251 3791 3947 4145
5 1992 2351 3962 4032 4170
5 1987 2311 3907 3944 4172
5 1995 2391 4047 4094 4140
5 2010 2070 3742 4075 4118
5 2002 2122 3671 3769 4173
5 2007 2240 3794 3919 4174
5 2005 2225 3741 3926 4175
5 2000 2040 3591 3770 4176
5 2015 2380 4048 4114 4177
5 2012 2365 4023 4073 4178
5 2030 2270 3843 4124 4126
5 2025 2290 3842 4085 4161
5 2027 2305 3936 4079 4159
5 2032 2330 3939 4130 4163
5 2035 2345 4030 4122 4157
5 2045 2145 3827 4117 4153
5 2050 2220 3828 4062 4178
5 2042 2120 3710 3768 4179
5 2047 2320 4012 4115 4180
5 2052 2280 3927 4061 4181
5 2055 2360 4077 4152 4175
5 2067 2200 3795 3862 4182
5 2062 2162 3783 3873 4183
5 2060 2140 3725 3875 4184
5 2065 2185 3747 3866 4185
5 2075 2382 4108 4113 4186
5 2072 2367 4074 4089 4187
5 2090 2190 3835 4111 4135
5 2082 2102 3757 3807 4188
5 2087 2302 3884 4050 4189
5 2085 2230 3832 4052 4168
5 2095 2340 3986 4110 4190
5 2092 2373 4082 4133 4167
5 2110 2210 3894 4091 4136
5 2105 2250 3897 4025 4169
5 2112 2350 4039 4086 4189
5 2107 2310 3994 4024 4190
5 2115 2390 4101 4132 4164
5 2130 2170 3844 4071 4154
5 2127 2245 3901 4004 4177
5 2125 2285 3847 4010 4180
5 2132 2325 3941 4076 4181
5 2135 2385 4092 4149 4174
5 2150 2180 3829 3980 4187
5 2147 2322 4065 4116 4191
5 2142 2160 3817 3874 4192
5 2152 2260 3930 3978 4193
5 2155 2362 4120 4151 4185
5 2167 2205 3900 3954 4186
5 2165 2265 3850 3959 4191
5 2172 2327 4034 4072 4193
5 2175 2387 4138 4150 4182
5 2182 2262 3887 3979 4194
5 2187 2202 3861 3911 4195
5 2195 2342 4068 4109 4196
5 2192 2375 4127 4134 4184
5 2212 2352 4031 4087 4194
5 2207 2267 3955 3996 4196
5 2215 2392 4095 4131 4183
5 2227 2242 3920 3966 4197
5 2222 2282 3989 4060 4198
5 2232 2300 4013 4051 4199
5 2235 2370 4155 4166 4176
5 2252 2312 3945 4028 4198
5 2247 2287 4003 4040 4199
5 2255 2395 4139 4165 4173
5 2272 2332 4097 4125 4192
5 2275 2347 4121 4146 4195
5 2292 2307 4080 4104 4197
5 2295 2335 4142 4162 4179
5 2315 2355 4158 4171 4188
