# Generated using Miratope v0.5.0 (https://github.com/galoomba1/miratope-rs)
4OFF

# Vertices, Faces, Edges, Cells
120 4200 1200 1800

# Vertices
0.809016994374945 0.809016994374945 0.809016994374945 0.809016994374945 
0.809016994374945 0.809016994374945 0.809016994374945 -0.809016994374945 
0.809016994374945 0.809016994374945 -0.809016994374945 0.809016994374945 
1.30901699437495 -0.5 0 0.809016994374945 
0.809016994374945 0.809016994374945 -0.809016994374945 -0.809016994374945 
1.30901699437495 -0.5 0 -0.809016994374945 
0.809016994374945 0 0.5 1.30901699437495 
0.809016994374945 -0.5 1.30901699437495 0 
1.30901699437495 0 -0.809016994374945 0.5 
0 -1.30901699437495 0.5 0.809016994374945 
0.5 -1.30901699437495 -0.809016994374945 0 
1.30901699437495 0.809016994374945 0.5 0 
0.5 0 1.30901699437495 0.809016994374945 
0 0.809016994374945 1.30901699437495 -0.5 
0.5 -1.30901699437495 0.809016994374945 0 
0 -0.5 0.809016994374945 -1.30901699437495 
0 0.809016994374945 1.30901699437495 0.5 
-0.5 0.809016994374945 0 1.30901699437495 
-0.809016994374945 -0.5 1.30901699437495 0 
-1.30901699437495 -0.5 0 0.809016994374945 
-0.809016994374945 0.809016994374945 0.809016994374945 0.809016994374945 
-0.809016994374945 0.809016994374945 0.809016994374945 -0.809016994374945 
1.30901699437495 0 0.809016994374945 0.5 
0 -0.5 0.809016994374945 1.30901699437495 
0.5 0 1.30901699437495 -0.809016994374945 
0.809016994374945 -1.30901699437495 0 0.5 
0 -1.30901699437495 0.5 -0.809016994374945 
-0.809016994374945 0.809016994374945 -0.809016994374945 0.809016994374945 
0 -0.5 -0.809016994374945 1.30901699437495 
0.5 0.809016994374945 0 1.30901699437495 
1.30901699437495 0.809016994374945 -0.5 0 
0.809016994374945 -0.5 -1.30901699437495 0 
-0.809016994374945 0 0.5 1.30901699437495 
-0.809016994374945 -1.30901699437495 0 0.5 
0 1.61803398874989 0 0 
-1.30901699437495 0.809016994374945 0.5 0 
0 0.809016994374945 -1.30901699437495 0.5 
0.5 0.809016994374945 0 -1.30901699437495 
0 1.30901699437495 0.5 0.809016994374945 
-0.5 0 -1.30901699437495 0.809016994374945 
-0.5 -0.809016994374945 0 1.30901699437495 
-1.30901699437495 0.5 0 0.809016994374945 
0 0 0 1.61803398874989 
-0.809016994374945 0.5 1.30901699437495 0 
-1.30901699437495 -0.809016994374945 0.5 0 
-0.5 0 1.30901699437495 0.809016994374945 
0 1.30901699437495 -0.5 0.809016994374945 
-0.809016994374945 1.30901699437495 0 -0.5 
0.809016994374945 -0.809016994374945 -0.809016994374945 0.809016994374945 
1.30901699437495 0.5 0 0.809016994374945 
0.809016994374945 -1.30901699437495 0 -0.5 
1.30901699437495 0 0.809016994374945 -0.5 
0.809016994374945 -0.809016994374945 0.809016994374945 0.809016994374945 
-0.809016994374945 -0.809016994374945 0.809016994374945 0.809016994374945 
0 0.5 0.809016994374945 1.30901699437495 
-0.809016994374945 -0.809016994374945 -0.809016994374945 0.809016994374945 
0 0.5 -0.809016994374945 1.30901699437495 
1.61803398874989 0 0 0 
0.809016994374945 0.5 -1.30901699437495 0 
0 -0.809016994374945 1.30901699437495 -0.5 
0.809016994374945 0 0.5 -1.30901699437495 
-1.30901699437495 0 0.809016994374945 -0.5 
0.809016994374945 0.5 1.30901699437495 0 
-0.5 1.30901699437495 0.809016994374945 0 
0 -1.61803398874989 0 0 
1.30901699437495 -0.809016994374945 0.5 0 
0.809016994374945 1.30901699437495 0 -0.5 
1.30901699437495 0 -0.809016994374945 -0.5 
0 0.5 0.809016994374945 -1.30901699437495 
-0.5 1.30901699437495 -0.809016994374945 0 
0 0 1.61803398874989 0 
-0.809016994374945 -0.809016994374945 0.809016994374945 -0.809016994374945 
0.5 1.30901699437495 0.809016994374945 0 
-1.30901699437495 0 0.809016994374945 0.5 
-1.30901699437495 0.809016994374945 -0.5 0 
-0.809016994374945 0 -0.5 1.30901699437495 
0 -1.30901699437495 -0.5 0.809016994374945 
-1.61803398874989 0 0 0 
-0.809016994374945 1.30901699437495 0 0.5 
0.809016994374945 0 -0.5 1.30901699437495 
1.30901699437495 -0.809016994374945 -0.5 0 
0.5 -0.809016994374945 0 1.30901699437495 
0.5 0 -1.30901699437495 0.809016994374945 
0 1.30901699437495 -0.5 -0.809016994374945 
0.809016994374945 1.30901699437495 0 0.5 
0.809016994374945 0 -0.5 -1.30901699437495 
0 -0.809016994374945 -1.30901699437495 0.5 
0 -0.809016994374945 1.30901699437495 0.5 
0.809016994374945 -0.809016994374945 0.809016994374945 -0.809016994374945 
-0.5 -1.30901699437495 0.809016994374945 0 
0.809016994374945 -0.809016994374945 -0.809016994374945 -0.809016994374945 
1.30901699437495 0.5 0 -0.809016994374945 
-0.5 0 1.30901699437495 -0.809016994374945 
-0.809016994374945 0.809016994374945 -0.809016994374945 -0.809016994374945 
-1.30901699437495 -0.5 0 -0.809016994374945 
-0.809016994374945 0 0.5 -1.30901699437495 
-1.30901699437495 0 -0.809016994374945 -0.5 
-0.5 -1.30901699437495 -0.809016994374945 0 
-0.809016994374945 -1.30901699437495 0 -0.5 
0 -0.5 -0.809016994374945 -1.30901699437495 
-0.5 0.809016994374945 0 -1.30901699437495 
-0.809016994374945 -0.5 -1.30901699437495 0 
0 0.809016994374945 -1.30901699437495 -0.5 
-0.809016994374945 0 -0.5 -1.30901699437495 
0 -1.30901699437495 -0.5 -0.809016994374945 
0.5 -0.809016994374945 0 -1.30901699437495 
0 1.30901699437495 0.5 -0.809016994374945 
-1.30901699437495 0.5 0 -0.809016994374945 
0.5 1.30901699437495 -0.809016994374945 0 
0 0 0 -1.61803398874989 
0.5 0 -1.30901699437495 -0.809016994374945 
-0.809016994374945 -0.809016994374945 -0.809016994374945 -0.809016994374945 
-0.809016994374945 0.5 -1.30901699437495 0 
0 0.5 -0.809016994374945 -1.30901699437495 
-1.30901699437495 0 -0.809016994374945 0.5 
-1.30901699437495 -0.809016994374945 -0.5 0 
0 0 -1.61803398874989 0 
-0.5 0 -1.30901699437495 -0.809016994374945 
-0.5 -0.809016994374945 0 -1.30901699437495 
0 -0.809016994374945 -1.30901699437495 -0.5 

# Faces
4 1 4 2 0
4 0 1 5 3
3 2 3 0
3 1 4 5
4 4 5 3 2
4 7 6 8 5
3 6 7 9
4 6 8 10 9
4 5 10 9 7
3 8 10 5
3 11 13 12
4 11 5 14 12
4 11 5 15 13
4 13 12 14 15
3 14 15 5
3 16 17 6
4 16 6 9 18
4 6 9 19 17
4 17 16 18 19
3 18 19 9
4 1 21 20 0
3 0 1 7
4 0 7 18 20
4 1 7 18 21
3 20 18 21
4 22 24 18 23
3 23 25 22
4 24 22 25 26
4 18 26 25 23
3 24 18 26
4 2 0 20 27
4 2 28 23 0
3 20 23 0
3 2 28 27
4 27 28 23 20
3 22 30 29
4 22 25 28 29
4 25 31 30 22
4 29 28 31 30
3 28 31 25
4 3 12 32 28
3 14 3 12
4 12 32 33 14
4 28 33 14 3
3 28 33 32
4 12 29 34 13
4 34 35 32 29
3 34 13 35
3 32 29 12
4 12 32 35 13
4 17 34 11 6
4 34 11 8 36
3 34 17 36
3 8 11 6
4 6 8 36 17
4 16 22 30 34
4 16 34 37 24
3 30 37 34
3 22 16 24
4 22 30 37 24
3 2 6 38
4 6 40 39 2
4 2 38 41 39
4 38 41 40 6
3 41 39 40
4 42 12 43 41
3 42 9 12
4 42 9 44 41
4 43 44 9 12
3 41 44 43
4 0 46 41 45
3 0 45 13
4 46 47 13 0
4 13 47 41 45
3 46 41 47
4 12 49 48 9
4 48 49 51 50
3 48 9 50
3 12 51 49
4 9 50 51 12
4 48 52 53 55
4 52 48 56 54
3 53 54 52
3 48 56 55
4 55 56 54 53
4 57 48 42 0
4 0 46 58 57
3 46 42 0
3 48 58 57
4 48 42 46 58
3 57 52 0
4 52 0 13 59
4 13 60 57 0
4 57 60 59 52
3 59 60 13
4 53 59 62 54
4 54 63 61 53
3 53 61 59
3 62 63 54
4 63 61 59 62
4 65 6 40 64
3 65 59 64
4 64 40 45 59
4 45 6 65 59
3 6 45 40
4 2 6 62 66
4 6 65 67 2
3 2 66 67
3 65 62 6
4 62 66 67 65
4 12 51 66 38
3 12 43 38
4 51 12 43 68
4 38 43 68 66
3 66 68 51
4 54 49 66 63
3 54 49 56
4 49 56 69 66
4 63 54 56 69
3 66 63 69
4 0 34 21 70
4 34 37 51 0
3 0 70 51
3 37 21 34
4 70 21 37 51
4 21 20 53 71
4 21 20 12 24
3 20 53 12
3 71 24 21
4 71 24 12 53
4 21 72 54 73
4 72 21 74 46
3 21 74 73
3 72 54 46
4 54 73 74 46
4 12 53 75 29
4 3 76 53 12
3 53 76 75
3 3 29 12
4 29 75 76 3
4 77 18 16 78
3 77 78 75
4 18 77 75 23
4 23 16 78 75
3 18 16 23
3 20 34 0
4 20 75 79 0
4 36 79 0 34
4 34 36 75 20
3 75 36 79
4 0 79 80 51
4 23 14 51 0
3 23 79 0
3 80 14 51
4 79 23 14 80
3 22 1 16
4 15 1 22 14
4 16 18 15 1
4 18 14 22 16
3 15 18 14
3 54 73 70
4 70 14 81 54
4 73 33 14 70
4 54 81 33 73
3 14 81 33
4 30 46 54 22
3 54 81 22
4 30 82 81 22
4 46 54 81 82
3 46 82 30
4 3 30 72 12
3 12 72 24
4 30 5 24 72
4 5 24 12 3
3 3 30 5
4 16 29 30 1
4 16 1 83 78
3 30 83 1
3 16 29 78
4 29 78 83 30
4 66 0 79 58
4 69 17 0 66
3 0 79 17
3 66 58 69
4 17 69 58 79
3 22 84 1
4 22 80 85 1
4 1 85 58 84
4 84 58 80 22
3 80 85 58
3 6 25 57
4 6 57 58 56
4 57 58 86 25
4 56 6 25 86
3 58 86 56
3 52 70 0
4 0 17 40 52
4 0 17 73 70
4 73 40 52 70
3 40 73 17
4 48 40 54 49
4 48 49 46 39
3 40 39 48
3 54 46 49
4 39 46 54 40
4 87 22 80 64
3 64 40 87
4 64 80 79 40
4 22 79 40 87
3 80 22 79
4 6 25 88 62
4 62 45 89 88
3 25 89 88
3 45 62 6
4 45 89 25 6
4 57 88 70 0
3 0 57 66
4 68 70 0 66
4 88 68 66 57
3 70 68 88
4 48 90 88 52
3 49 52 48
4 88 91 49 52
4 48 49 91 90
3 90 91 88
4 1 63 54 22
4 1 92 87 22
3 1 92 63
3 22 87 54
4 54 63 92 87
4 46 63 62 49
3 49 62 91
4 46 49 91 83
4 63 83 91 62
3 63 83 46
4 84 6 45 63
3 6 84 56
4 63 41 56 84
4 45 6 56 41
3 45 63 41
4 20 27 93 21
4 21 94 19 20
3 20 19 27
3 93 94 21
4 27 93 94 19
4 19 18 95 96
4 18 26 97 19
3 18 26 95
3 19 97 96
4 95 26 97 96
4 16 23 89 92
4 23 19 35 16
3 92 35 16
3 23 89 19
4 35 92 89 19
4 13 7 5 37
4 95 13 7 26
3 5 26 7
3 13 37 95
4 5 26 95 37
3 9 45 7
4 7 45 61 15
4 9 7 15 98
4 45 61 98 9
3 61 15 98
4 21 1 4 93
4 1 15 99 4
3 1 21 15
3 4 99 93
4 21 15 99 93
3 74 100 61
4 61 74 101 98
4 74 100 99 101
4 100 61 98 99
3 101 99 98
4 60 92 89 50
4 92 94 99 60
3 92 89 94
3 60 99 50
4 89 50 99 94
3 34 16 11
4 34 11 60 100
4 34 16 92 100
4 92 60 11 16
3 92 60 100
4 37 34 35 95
4 35 34 102 96
3 34 37 102
3 95 96 35
4 37 95 96 102
4 13 34 17 45
3 34 17 74
4 34 74 61 13
4 61 45 17 74
3 45 61 13
3 77 98 18
4 75 77 98 76
4 23 76 98 18
3 76 23 75
4 20 13 7 23
3 13 61 20
4 23 89 61 20
4 7 13 61 89
3 89 7 23
4 29 27 35 16
4 27 29 23 19
3 27 35 19
3 16 23 29
4 27 102 100 35
4 27 101 94 35
3 27 101 102
3 35 100 94
4 100 94 101 102
4 33 73 17 28
4 74 17 28 101
3 73 17 74
3 28 101 33
4 74 73 33 101
3 89 19 61
4 19 101 103 61
4 89 104 101 19
4 89 104 103 61
3 103 104 101
3 93 77 21
4 98 77 21 15
4 98 99 93 77
3 15 98 99
4 16 35 100 1
3 1 100 15
3 16 35 18
4 100 15 18 35
4 73 94 15 70
3 15 70 14
3 33 94 73
4 14 15 94 33
3 34 13 37
4 34 37 103 74
4 13 37 103 61
3 61 74 103
3 34 0 17
4 34 21 73 17
3 70 73 21
4 93 34 20 77
3 75 20 77
3 34 36 93
4 77 75 36 93
3 20 72 12
4 61 68 72 20
4 12 59 61 20
4 72 68 59 12
3 61 68 59
3 51 30 0
4 83 63 0 30
4 51 0 63 68
4 51 30 83 68
3 63 83 68
3 22 70 14
4 22 70 68 91
4 14 105 68 70
4 22 14 105 91
3 91 105 68
3 0 52 42
4 52 80 30 0
4 0 30 82 42
4 52 80 82 42
3 82 80 30
4 62 88 80 49
4 66 85 88 62
3 85 88 80
3 66 49 62
4 49 80 85 66
3 80 81 64
4 64 59 12 81
4 59 51 80 64
4 51 12 81 80
3 12 51 59
4 54 22 14 53
4 53 54 79 76
3 53 14 76
3 22 54 79
4 79 22 14 76
4 42 53 70 0
3 0 63 70
4 41 42 0 63
4 70 63 41 53
3 42 53 41
4 53 71 88 52
3 62 52 88
4 53 43 62 52
4 71 88 62 43
3 71 43 53
4 12 20 46 49
4 20 75 81 12
3 75 46 20
3 12 81 49
4 49 46 75 81
4 62 66 46 54
3 62 54 43
4 66 47 43 62
4 46 54 43 47
3 47 66 46
4 79 46 72 22
3 22 72 91
4 58 91 22 79
4 46 58 91 72
3 58 79 46
4 67 3 0 66
3 3 7 0
4 66 0 7 60
4 7 60 67 3
3 67 60 66
4 13 60 65 12
3 13 18 12
4 65 26 18 12
4 13 18 26 60
3 65 60 26
3 12 38 42
4 42 19 18 12
4 38 35 19 42
4 18 12 38 35
3 19 35 18
3 13 66 0
4 13 35 17 0
4 35 69 66 13
3 17 69 35
4 45 62 106 35
3 62 45 59
4 59 95 106 62
4 59 95 35 45
3 35 106 95
3 2 27 34
4 27 32 6 2
4 6 2 34 16
4 34 16 32 27
3 16 32 6
3 48 2 42
4 48 2 11 65
4 42 12 11 2
4 42 12 65 48
3 12 11 65
3 2 4 57
4 4 2 38 106
4 57 2 38 62
4 62 57 4 106
3 106 38 62
4 0 17 28 3
4 3 9 45 0
3 45 17 0
3 3 28 9
4 45 17 28 9
3 62 57 6
4 59 50 57 62
4 9 50 57 6
4 9 59 62 6
3 9 59 50
4 9 32 16 7
3 92 7 16
4 16 92 44 32
4 9 44 92 7
3 44 32 9
4 12 43 71 14
4 71 33 32 43
3 33 71 14
3 12 43 32
4 71 87 62 68
4 71 105 65 87
3 68 71 105
3 65 87 62
4 105 65 62 68
4 24 71 73 16
4 24 71 107 106
3 73 107 71
3 24 106 16
4 16 73 107 106
3 29 16 22
4 29 108 91 22
4 22 91 106 16
4 29 16 106 108
3 91 106 108
4 49 91 24 12
4 14 80 49 12
3 49 91 80
3 12 14 24
4 80 91 24 14
4 70 88 109 21
4 88 70 72 91
3 88 109 91
3 70 72 21
4 72 91 109 21
3 54 84 62
4 62 65 8 84
4 54 84 8 81
4 54 62 65 81
3 65 8 81
4 29 16 87 81
4 75 73 16 29
3 75 29 81
3 73 87 16
4 75 73 87 81
4 70 88 64 53
3 70 88 22
4 81 64 88 22
4 22 70 53 81
3 81 53 64
3 49 72 12
4 56 78 72 49
4 12 49 56 32
4 72 12 32 78
3 32 56 78
4 21 77 53 70
4 21 78 54 70
3 78 21 77
3 54 53 70
4 77 53 54 78
4 43 78 84 62
4 68 83 84 62
3 78 83 84
3 43 62 68
4 78 43 68 83
3 106 95 93
4 106 93 110 91
4 93 110 105 95
4 91 106 95 105
3 91 110 105
4 91 109 92 62
4 26 109 91 65
3 92 26 109
3 62 65 91
4 62 65 26 92
3 24 16 21
4 21 83 84 16
4 24 91 83 21
4 24 16 84 91
3 91 84 83
4 33 111 107 73
4 111 26 92 107
3 111 26 33
3 73 107 92
4 26 33 73 92
4 21 77 111 109
4 77 112 83 21
3 21 109 83
3 111 77 112
4 111 109 83 112
4 88 71 111 90
4 88 90 113 68
3 68 71 88
3 90 111 113
4 111 71 68 113
3 71 77 21
4 71 21 16 87
4 77 32 16 21
4 71 77 32 87
3 32 87 16
3 87 88 22
4 88 22 72 68
4 68 88 87 43
4 22 72 43 87
3 68 72 43
3 64 87 44
4 64 105 24 87
4 105 64 44 95
4 87 24 95 44
3 105 24 95
3 78 114 93
4 43 95 93 78
4 93 95 44 114
4 43 78 114 44
3 44 43 95
4 62 54 78 106
4 54 62 92 73
3 62 106 92
3 54 73 78
4 78 73 92 106
3 78 108 72
4 72 68 107 78
4 68 113 108 72
4 108 78 107 113
3 68 113 107
4 28 36 30 3
4 30 3 10 110
3 36 110 30
3 3 28 10
4 36 110 10 28
3 3 51 14
4 3 31 85 51
4 14 3 31 104
4 51 85 104 14
3 85 104 31
3 100 102 85
4 85 100 94 104
4 101 102 85 104
3 101 104 94
4 82 67 50 76
4 99 67 82 101
3 50 99 67
3 82 101 76
4 101 76 50 99
4 2 4 93 27
3 2 4 31
4 2 27 101 31
4 93 101 31 4
3 93 101 27
4 67 11 7 50
4 7 15 37 11
3 11 37 67
3 7 50 15
4 67 37 15 50
4 15 5 10 98
4 15 5 110 103
3 10 5 110
3 15 103 98
4 110 103 98 10
4 34 36 110 37
3 34 36 74
3 37 110 103
4 74 36 110 103
4 13 51 30 34
4 34 100 85 30
3 34 13 100
3 51 85 30
4 51 13 100 85
3 34 11 29
4 11 67 102 34
4 34 102 82 29
4 82 29 11 67
3 82 102 67
3 93 27 77
4 38 27 93 106
4 27 38 43 77
4 77 93 106 43
3 38 106 43
3 53 55 77
4 55 77 78 56
3 56 78 54
3 16 11 29
4 65 81 29 11
4 11 65 87 16
3 87 81 65
3 27 32 38
4 27 38 49 82
4 27 82 81 32
4 81 32 38 49
3 81 82 49
3 20 12 18
4 20 18 33 75
4 81 12 18 33
3 33 75 81
3 54 72 22
4 22 72 108 8
4 56 8 22 54
4 72 54 56 108
3 108 56 8
3 78 21 16
4 16 21 37 11
4 21 37 108 78
4 78 108 11 16
3 37 108 11
4 108 47 20 29
3 29 20 75
4 47 20 75 112
4 75 112 108 29
3 108 112 47
3 12 38 49
4 49 38 106 91
4 12 38 106 24
3 106 91 24
3 72 47 20
4 20 72 24 18
4 18 95 47 20
4 72 47 95 24
3 24 95 18
3 53 43 54
4 14 53 43 24
4 24 43 54 22
3 22 14 24
3 54 79 84
4 54 84 69 41
4 79 39 69 84
4 41 54 79 39
3 41 69 39
3 0 63 1
4 2 69 63 0
4 1 63 69 4
3 2 69 4
4 17 69 106 16
3 17 73 16
4 17 69 107 73
3 107 69 106
4 62 54 79 57
4 62 57 25 87
3 57 79 25
3 54 62 87
4 54 87 25 79
4 16 7 57 84
4 84 57 60 106
3 60 57 7
3 106 84 16
4 7 60 106 16
4 6 57 66 38
3 57 66 58
3 38 56 6
4 66 38 56 58
4 1 88 52 0
4 1 92 45 0
3 45 52 0
3 92 88 1
4 52 45 92 88
3 63 54 41
4 44 87 54 41
4 92 44 41 63
3 87 44 92
3 66 62 38
4 92 62 38 35
4 66 100 92 62
4 35 38 66 100
3 92 100 35
3 6 16 7
4 6 40 73 16
4 6 40 89 7
4 7 89 73 16
3 40 73 89
4 56 40 45 38
3 38 45 35
4 38 56 114 35
4 45 35 114 40
3 56 114 40
4 52 0 2 48
3 0 2 17
4 40 48 2 17
3 48 40 52
4 11 4 69 38
4 13 11 4 100
3 69 100 4
3 11 38 13
4 38 13 100 69
3 20 27 34
4 20 27 96 61
4 100 34 20 61
4 27 34 100 96
3 61 100 96
4 42 38 11 3
3 42 45 38
4 3 7 45 42
4 7 11 38 45
3 7 11 3
3 66 63 0
4 63 0 7 92
4 63 92 60 66
3 60 7 92
4 66 2 17 63
3 2 66 102
4 2 17 74 102
4 63 66 102 74
3 17 63 74
4 34 1 57 2
4 16 1 57 6
3 16 34 1
3 2 57 6
4 38 69 39 42
3 19 39 42
3 38 69 35
4 35 69 39 19
3 63 92 45
4 45 19 74 63
4 63 92 94 74
4 94 19 45 92
3 19 74 94
3 12 20 29
4 29 20 19 28
4 9 12 20 19
4 28 9 12 29
3 9 28 19
3 23 70 14
4 23 70 61 19
4 98 14 70 61
4 23 19 98 14
3 98 19 61
3 18 21 16
4 17 74 21 16
4 18 21 74 19
3 19 74 17
4 15 7 16 21
3 21 37 15
3 11 7 16
4 18 12 51 15
3 18 12 9
3 50 15 51
4 18 15 50 9
3 13 45 35
4 13 15 89 45
4 89 94 35 45
4 15 94 35 13
3 94 15 89
3 0 1 70
4 0 3 14 70
4 1 70 14 5
3 5 14 3
3 3 11 2
4 17 2 11 16
4 3 2 17 23
4 16 23 3 11
3 17 23 16
3 3 42 76
4 89 76 42 45
4 89 76 3 7
3 89 7 45
3 29 34 30
4 29 12 51 30
3 12 51 13
4 34 0 42 27
4 34 0 45 35
3 45 42 0
3 34 27 35
4 45 35 27 42
4 34 20 70 1
3 34 1 100
4 100 1 70 61
3 20 70 61
4 16 92 88 22
4 23 89 88 22
3 89 92 88
3 22 16 23
3 21 70 20
4 19 89 70 20
4 70 89 94 21
3 94 89 19
4 54 73 89 52
4 52 76 75 54
3 89 76 52
3 54 75 73
4 75 73 89 76
3 63 54 84
4 36 84 54 75
4 63 74 36 84
4 63 74 75 54
3 36 74 75
4 34 74 73 16
3 100 74 34
3 92 73 16
4 74 100 92 73
3 40 17 45
4 40 17 74 115
4 40 115 61 45
3 74 115 61
4 1 83 46 0
3 0 46 20
3 21 83 1
4 20 46 83 21
4 52 70 1 57
3 84 57 1
4 84 54 70 1
4 52 57 84 54
3 54 52 70
4 1 7 45 63
3 1 7 15
4 15 61 63 1
3 63 61 45
3 16 34 17
4 17 79 30 34
4 16 22 79 17
3 22 30 79
4 0 7 25 79
3 0 7 45
4 0 45 40 79
4 40 25 7 45
3 79 25 40
4 23 20 46 79
4 46 20 19 39
3 23 19 20
3 46 79 39
4 79 23 19 39
4 64 44 32 81
3 64 59 44
3 12 32 81
4 32 44 59 12
3 24 87 16
4 16 24 95 35
4 87 16 35 44
3 95 35 44
3 43 78 54
4 40 114 78 54
4 44 40 54 43
3 44 40 114
3 11 38 12
4 12 11 8 81
4 8 56 38 11
4 38 12 81 56
3 8 56 81
3 55 41 56
4 6 56 55 9
4 45 9 55 41
3 6 45 9
4 32 56 84 16
4 16 35 69 84
3 69 84 56
3 35 16 32
4 32 56 69 35
3 6 84 16
4 65 6 84 91
4 16 6 65 24
3 91 65 24
4 65 9 45 62
3 45 92 62
4 92 45 9 26
3 65 9 26
3 48 65 49
4 48 65 87 40
4 49 65 87 54
3 40 87 54
3 54 49 62
4 49 108 106 62
4 78 54 49 108
3 108 78 106
4 12 43 106 11
4 11 60 59 12
3 11 106 60
3 43 59 12
4 106 60 59 43
4 38 45 92 106
3 41 45 38
4 38 41 107 106
4 45 92 107 41
3 107 92 106
3 20 18 13
4 74 20 13 100
4 20 74 94 18
4 100 13 18 94
3 100 94 74
3 35 27 32
4 33 101 27 32
4 33 94 35 32
3 101 94 33
3 19 45 9
3 92 94 26
4 9 26 94 19
4 36 29 20 74
3 19 74 20
3 28 36 29
4 36 28 19 74
4 23 73 114 28
4 28 97 89 23
3 23 73 89
3 114 97 28
4 89 97 114 73
4 11 13 20 29
3 20 29 23
4 23 7 11 29
3 13 7 11
3 21 16 73
4 73 89 15 21
3 7 15 89
4 6 7 18 32
3 7 25 6
4 33 25 6 32
4 18 7 25 33
3 33 18 32
3 0 1 34
4 35 92 1 34
3 35 92 45
3 34 93 21
4 21 93 114 73
4 34 93 114 17
3 73 114 17
4 54 81 55 41
3 81 82 55
4 41 55 82 46
3 46 54 41
4 42 55 64 52
3 52 42 45
4 44 45 52 64
4 45 44 55 42
3 44 55 64
4 27 55 53 20
3 61 20 53
3 27 55 96
4 55 96 61 53
3 49 51 52
4 49 38 45 52
4 13 51 52 45
4 49 51 13 38
3 45 38 13
3 20 42 27
4 72 20 27 108
4 72 49 42 20
4 49 42 27 108
3 72 108 49
3 48 49 56
4 48 56 32 9
3 12 9 32
3 32 77 43
4 77 98 59 43
4 98 77 32 9
4 59 43 32 9
3 98 59 9
3 54 81 53
4 59 53 81 65
3 62 65 59
4 45 44 95 13
3 41 45 44
3 47 95 13
4 41 47 95 44
4 32 38 47 77
4 112 56 32 77
3 112 77 47
3 56 38 32
4 47 38 56 112
3 70 72 22
4 15 5 22 70
4 15 37 72 70
4 22 5 37 72
3 15 37 5
3 0 30 46
4 37 13 0 30
4 37 47 46 30
3 47 37 13
4 37 51 49 108
3 51 49 80
4 108 49 80 110
4 51 80 110 37
3 37 108 110
3 53 20 70
4 81 53 20 29
4 22 29 20 70
3 22 29 81
3 21 20 34
4 12 20 34 11
4 34 11 24 21
3 12 24 11
4 0 46 82 3
3 0 3 23
4 0 46 75 23
4 23 75 82 3
3 46 75 82
3 30 22 5
4 81 10 5 22
4 5 30 82 10
3 81 10 82
3 42 49 12
4 49 42 76 80
4 12 42 76 14
3 14 80 76
4 3 14 24 11
3 67 3 11
4 105 67 11 24
4 14 105 67 3
3 105 24 14
3 0 13 51
4 23 0 13 18
4 14 51 13 18
3 23 14 18
4 49 58 90 65
4 65 81 86 90
3 86 90 58
3 81 65 49
4 49 58 86 81
4 11 8 90 60
4 113 90 8 108
3 90 60 113
3 11 108 8
4 11 108 113 60
4 22 91 90 25
4 91 24 26 90
3 25 26 90
3 22 91 24
3 49 38 62
4 62 87 81 49
4 38 32 87 62
3 87 32 81
3 60 65 11
3 87 16 92
4 87 65 60 92
4 48 64 88 57
3 57 6 48
4 64 48 6 87
4 6 87 88 57
3 64 87 88
3 16 11 6
4 56 6 11 108
4 16 78 56 6
3 78 56 108
4 48 116 4 57
3 4 84 57
4 116 56 84 4
4 56 84 57 48
3 48 116 56
4 22 25 40 54
3 25 8 22
3 54 56 40
4 8 25 40 56
3 22 84 54
4 24 106 84 22
4 43 54 84 106
3 106 43 24
4 58 49 38 69
3 91 58 49
3 106 38 69
4 58 69 106 91
4 57 4 109 88
3 4 109 106
3 88 62 57
4 62 106 109 88
4 0 34 4 57
3 57 79 0
4 36 4 57 79
3 34 4 36
4 84 4 60 62
4 84 4 100 63
3 100 4 60
3 63 84 62
4 100 63 62 60
4 4 90 88 1
4 1 22 8 4
3 22 88 1
3 90 4 8
4 88 90 8 22
4 11 106 109 5
3 92 106 109
4 7 92 109 5
4 7 11 106 92
3 5 7 11
3 11 2 6
4 11 5 31 2
4 2 31 25 6
4 5 25 6 11
3 25 31 5
3 57 62 60
4 57 25 26 60
4 87 26 60 62
3 25 87 26
4 6 62 63 17
3 62 6 87
4 62 87 73 63
4 73 17 6 87
3 17 63 73
4 22 84 17 23
3 84 8 22
4 23 28 8 22
4 84 17 28 8
3 23 17 28
4 11 106 69 2
3 17 2 69
3 11 106 16
4 106 78 36 4
4 106 107 117 4
3 4 117 36
3 106 107 78
4 78 36 117 107
4 109 110 112 107
4 109 104 115 107
3 109 104 110
3 107 115 112
4 112 110 104 115
4 1 92 107 83
4 1 92 118 85
3 1 85 83
3 92 118 107
4 85 83 107 118
4 25 8 91 88
4 91 88 104 110
3 88 25 104
3 110 8 91
4 104 25 8 110
3 57 90 4
4 86 36 4 90
4 86 79 57 90
3 36 86 79
3 111 86 114
4 111 113 69 114
4 86 111 113 58
4 58 69 114 86
3 69 58 113
3 64 86 80
4 80 85 118 64
4 86 117 118 64
4 85 117 86 80
3 118 117 85
3 84 56 8
4 84 8 110 83
4 83 84 56 112
4 56 112 110 8
3 112 110 83
4 63 68 91 84
3 69 84 63
4 84 69 113 91
4 63 68 113 69
3 68 113 91
4 27 116 4 34
4 4 34 29 8
3 4 116 8
3 29 27 34
4 116 27 29 8
4 93 111 55 27
4 27 82 110 93
3 82 27 55
3 93 110 111
4 82 110 111 55
4 35 106 108 27
4 96 113 108 27
3 35 96 27
3 108 113 106
4 35 106 113 96
3 24 11 106
4 67 113 106 11
4 24 105 113 106
3 67 113 105
3 2 11 38
4 37 11 2 102
4 38 2 102 47
4 37 47 38 11
3 37 102 47
4 3 11 108 82
3 3 11 5
4 11 108 110 5
4 5 3 82 110
3 108 82 110
4 65 60 4 8
4 99 10 8 4
3 99 4 60
3 8 10 65
4 65 60 99 10
4 105 10 116 113
4 98 96 116 10
3 113 96 116
3 10 98 105
4 113 105 98 96
4 28 2 67 10
3 2 102 67
4 28 101 102 2
4 67 102 101 10
3 28 101 10
4 95 111 110 37
3 95 111 26
4 26 5 110 111
3 37 110 5
3 95 77 47
4 102 47 77 101
4 99 95 77 101
4 95 99 102 47
3 99 102 101
3 4 34 93
4 4 60 95 93
4 34 13 60 4
4 34 93 95 13
3 13 60 95
4 78 21 103 112
3 37 103 21
3 108 112 78
4 108 37 103 112
4 77 112 113 95
4 77 112 119 98
3 77 98 95
3 112 113 119
4 113 119 98 95
3 61 47 20
4 75 115 61 20
4 61 47 112 115
3 112 75 115
3 21 71 70
4 37 105 71 21
4 71 70 51 105
3 51 37 105
4 107 68 105 111
4 107 83 110 111
3 110 105 111
3 68 107 83
4 68 105 110 83
3 64 59 105
4 61 115 64 59
4 105 64 115 103
4 61 59 105 103
3 61 115 103
4 53 98 95 43
3 14 53 98
3 95 43 24
4 24 95 98 14
4 53 55 111 71
4 71 107 41 53
3 53 55 41
3 71 111 107
4 41 107 111 55
4 43 72 46 41
3 46 72 83
4 72 83 107 43
4 46 83 107 41
3 43 107 41
3 72 91 24
4 91 113 47 72
4 24 95 113 91
3 95 113 47
4 68 61 98 105
4 61 68 113 96
3 105 113 68
3 98 96 61
4 95 13 66 113
3 69 66 113
3 13 35 95
4 69 35 95 113
4 111 116 27 77
3 77 27 47
4 116 113 47 27
4 77 47 113 111
3 113 116 111
4 41 61 98 55
3 9 98 55
3 45 41 61
4 55 112 107 44
4 55 44 118 119
3 119 55 112
3 107 118 44
4 107 112 119 118
3 56 32 55
4 32 55 96 35
4 55 96 69 56
3 35 69 96
3 13 12 59
4 35 44 59 13
3 35 44 32
3 107 43 106
4 118 59 43 107
4 106 107 118 60
3 59 60 118
4 64 111 77 53
4 59 95 77 53
3 59 53 64
3 111 95 77
4 64 111 95 59
4 42 27 77 53
3 38 27 42
4 38 42 53 43
3 53 43 77
3 62 38 45
4 62 68 47 38
4 61 45 62 68
4 45 38 47 61
3 61 47 68
3 38 108 106
4 108 38 41 112
4 106 108 112 107
3 41 112 107
4 70 63 17 23
3 63 70 61
4 19 61 63 17
3 19 23 17
3 74 83 21
3 16 84 17
4 74 83 84 17
3 69 39 17
4 17 73 115 39
4 69 107 115 39
3 73 115 107
3 70 1 88
4 100 118 88 1
4 70 88 118 61
3 61 118 100
3 4 1 109
4 1 109 107 63
4 4 69 107 109
3 69 107 63
4 83 21 15 85
4 94 117 83 21
3 21 94 15
3 83 117 85
4 15 85 117 94
3 74 19 61
4 19 74 117 97
4 117 74 61 118
4 19 61 118 97
3 118 97 117
4 35 34 36 114
3 35 100 34
4 34 100 117 36
4 35 114 117 100
3 36 117 114
3 109 107 92
4 89 104 109 92
4 107 92 89 115
3 89 115 104
3 40 89 45
4 89 94 114 40
3 94 114 35
3 73 63 70
4 15 100 63 70
4 94 100 63 73
3 100 94 15
3 20 74 75
3 33 18 94
4 94 33 75 74
3 83 21 78
4 94 114 78 21
4 83 117 114 78
3 117 94 114
4 17 36 93 35
4 19 35 93 101
3 93 101 36
3 17 35 19
4 19 101 36 17
3 36 4 84
4 100 74 36 4
3 74 63 100
4 22 84 63 70
3 23 70 22
3 63 84 17
4 29 23 73 78
3 28 23 29
4 28 114 78 29
3 78 73 114
4 1 34 93 109
3 1 109 92
3 34 35 93
4 92 109 93 35
3 93 34 27
4 34 27 82 30
4 34 30 110 93
3 30 110 82
4 29 82 55 32
4 78 112 55 32
3 82 112 55
3 29 32 78
4 29 82 112 78
4 82 42 38 108
3 42 82 3
3 108 38 11
4 43 24 11 38
3 24 11 37
3 38 47 43
4 37 47 43 24
3 46 49 72
4 49 67 37 72
4 67 49 46 102
4 37 72 46 102
3 37 102 67
3 34 20 13
4 13 20 77 95
3 93 77 95
4 46 75 77 47
3 77 101 75
3 46 102 47
4 75 101 102 46
3 72 78 21
4 21 18 12 72
4 21 78 32 18
3 12 18 32
3 106 78 93
4 93 94 73 78
4 93 106 92 94
3 94 73 92
3 92 62 87
3 35 32 38
4 35 92 87 32
3 4 93 116
4 84 4 93 78
4 56 78 93 116
3 56 84 78
3 45 17 63
4 63 107 114 17
4 45 63 107 44
4 114 17 45 44
3 44 114 107
3 2 38 69
4 28 32 38 2
4 28 114 69 2
4 32 114 69 38
3 28 114 32
3 6 56 40
3 16 78 73
4 78 73 40 56
4 7 1 84 6
3 84 63 1
3 6 45 7
4 77 20 42 55
3 42 20 46
4 20 46 112 77
4 42 46 112 55
3 112 55 77
4 83 112 41 63
4 63 83 103 61
3 63 61 41
3 83 103 112
4 103 61 41 112
3 38 47 66
4 66 58 112 47
3 56 112 58
4 52 70 20 42
4 70 52 49 72
3 52 42 49
3 72 20 70
4 54 75 82 49
3 49 108 82
3 78 75 54
4 78 108 82 75
4 75 53 43 78
4 115 53 43 107
3 75 53 115
3 43 107 78
4 78 107 115 75
3 12 53 81
4 12 38 41 53
4 41 56 81 53
3 41 56 38
4 20 70 71 77
4 20 70 68 47
3 77 47 20
3 68 71 70
4 68 47 77 71
4 87 44 55 81
3 41 55 44
3 54 87 81
4 56 8 10 55
3 9 55 10
3 6 8 56
3 12 11 29
4 29 78 106 11
4 29 12 43 78
3 43 106 78
4 62 6 32 43
3 59 43 62
3 6 9 32
3 49 72 54
4 24 65 49 72
4 72 24 87 54
3 87 24 65
3 67 11 65
3 81 82 29
4 81 65 67 82
4 42 53 64 48
3 64 48 65
3 42 53 12
4 64 53 12 65
3 6 38 62
4 62 6 8 91
4 91 108 38 62
4 6 38 108 8
3 91 8 108
4 42 27 116 48
3 48 42 49
4 48 49 108 116
3 27 116 108
4 41 54 72 47
3 108 47 72
3 56 54 41
4 47 108 56 41
3 6 57 84
4 57 31 36 84
4 28 6 57 31
4 84 36 28 6
3 28 31 36
4 36 30 0 17
3 0 63 17
3 83 36 30
4 63 17 36 83
4 79 54 78 36
3 40 79 54
4 79 40 114 36
3 78 36 114
3 88 1 57
4 1 88 87 16
3 16 6 87
3 4 34 1
4 22 29 34 1
3 22 29 8
3 21 70 1
4 1 84 78 21
3 54 78 84
3 7 23 0
4 0 63 73 23
4 92 7 23 73
3 92 73 63
3 17 28 6
4 28 6 87 33
3 33 87 73
3 34 16 29
4 29 75 74 34
3 73 74 75
3 54 22 70
4 25 22 70 89
4 54 40 89 70
3 89 40 25
4 25 23 29 8
3 29 23 75
4 75 86 8 29
4 23 25 86 75
3 86 8 25
4 5 30 0 7
3 0 30 79
4 5 25 79 30
3 7 25 5
4 38 27 102 66
3 102 27 82
3 66 38 49
4 49 82 102 66
4 55 27 2 48
3 6 48 2
4 55 32 6 48
3 27 55 32
4 6 11 67 48
4 6 48 50 7
3 50 48 67
3 6 11 7
3 116 67 108
4 28 116 108 29
4 3 28 116 67
4 29 108 67 3
3 28 3 29
3 2 34 0
4 0 51 67 2
4 34 2 67 37
3 37 67 51
4 12 49 66 13
3 12 49 65
4 66 60 65 49
3 60 66 13
4 7 13 38 6
3 6 32 38
4 32 18 13 38
3 7 13 18
3 47 20 13
3 108 11 29
4 11 108 47 13
3 0 3 51
4 0 51 59 45
4 3 51 59 9
3 45 9 59
3 82 49 42
4 9 42 49 65
4 42 9 10 82
4 49 82 10 65
3 10 65 9
3 54 49 52
4 82 49 52 76
3 75 82 76
3 41 42 38
4 41 42 82 112
3 108 82 112
3 0 46 66
3 67 82 3
4 66 46 82 67
3 20 70 0
4 0 66 47 20
3 66 47 68
3 43 77 47
4 75 54 43 77
3 46 75 54
4 47 27 29 72
4 30 102 27 29
3 102 27 47
3 30 29 72
4 72 47 102 30
4 54 52 51 72
4 52 59 43 54
3 52 51 59
3 54 72 43
4 59 43 72 51
3 29 81 12
4 30 80 81 29
3 51 30 80
3 49 108 38
4 13 37 108 38
3 37 51 13
4 53 12 13 61
3 61 41 53
3 13 38 12
4 61 41 38 13
3 3 42 0
3 70 53 14
4 14 53 42 3
3 27 20 29
4 29 81 55 27
3 55 81 53
3 27 77 20
4 20 23 33 77
4 28 27 77 33
3 23 33 28
3 33 114 111
4 35 95 111 114
4 95 111 33 18
4 35 114 33 18
3 18 35 95
3 34 29 36
4 29 36 114 32
3 35 114 32
4 93 78 75 101
3 94 101 93
3 75 73 78
4 73 94 101 75
3 21 20 72
4 21 72 108 93
3 27 93 108
4 77 71 109 93
3 106 109 93
3 71 77 43
4 71 109 106 43
4 21 73 87 24
4 21 24 26 94
3 21 94 73
3 26 87 24
4 94 26 87 73
4 23 22 72 20
3 18 23 20
3 22 72 24
3 35 16 34
3 37 95 24
3 71 24 14
4 71 14 23 73
4 16 23 14 24
3 23 73 16
3 21 20 74
4 74 20 53 115
4 21 71 115 74
3 53 71 115
4 70 71 109 1
3 63 70 1
4 71 70 63 107
3 71 109 107
3 30 1 22
4 46 63 1 30
3 63 46 54
3 20 72 29
4 20 74 83 72
4 29 72 83 36
3 74 83 36
3 77 43 78
4 77 103 83 78
4 68 103 77 43
3 83 68 103
4 23 79 84 16
3 16 84 78
4 75 78 84 79
3 23 79 75
4 63 73 75 46
4 107 63 46 112
3 73 107 63
3 75 112 46
4 107 112 75 73
4 87 33 77 43
3 77 33 75
3 54 87 43
4 33 87 54 75
4 106 35 94 109
4 106 109 117 69
3 94 109 117
3 35 69 106
4 94 35 69 117
4 24 109 107 43
3 26 109 24
4 26 44 107 109
4 26 44 43 24
3 43 44 107
3 91 109 83
4 63 92 109 83
3 63 62 92
3 4 84 1
3 93 78 21
3 33 87 32
4 92 94 33 87
3 92 35 94
4 21 71 88 1
3 21 16 1
3 71 87 88
4 71 21 93 111
3 21 73 71
3 93 111 114
4 73 114 111 71
3 63 107 83
3 17 36 114
4 83 36 114 107
3 45 63 0
3 68 51 59
4 45 63 68 59
3 19 61 20
3 12 9 59
4 61 19 9 59
4 59 118 100 13
3 35 13 100
3 59 118 44
4 35 44 118 100
3 35 27 38
3 102 66 100
3 66 60 62
4 62 60 95 43
4 47 66 60 95
3 47 95 43
3 13 20 12
4 20 46 66 13
3 49 66 46
3 46 20 47
4 19 20 47 96
4 46 39 96 47
3 96 39 19
3 41 43 53
4 53 98 96 41
4 41 96 95 43
3 95 98 96
4 63 61 96 69
3 63 68 61
3 113 96 69
3 0 2 42
4 41 69 2 42
3 63 69 41
3 42 27 55
4 27 55 44 35
3 35 45 44
3 53 42 52
4 42 38 62 52
3 43 38 62
3 59 62 60
3 63 100 61
4 61 59 60 100
4 45 62 84 17
3 62 84 106
4 35 17 84 106
3 45 35 17
3 54 62 52
4 89 52 62 92
3 92 73 89
4 73 107 118 89
3 73 107 114
3 97 118 89
4 107 114 97 118
3 35 106 92
4 92 106 113 118
4 92 118 96 35
3 113 96 118
4 44 87 88 118
3 88 68 118
3 44 87 43
4 44 118 68 43
4 35 17 40 44
3 40 17 39
4 35 96 39 17
4 39 96 44 40
3 35 44 96
4 38 6 87 43
3 40 6 87
3 41 38 43
4 41 43 87 40
3 40 64 115
3 61 45 59
4 100 69 41 61
4 69 41 115 117
3 69 117 100
3 61 41 115
4 100 117 115 61
3 54 73 63
4 54 56 114 73
4 69 114 73 63
3 56 69 114
3 38 69 66
4 43 107 69 38
4 68 107 69 66
3 43 107 68
3 14 53 12
4 53 14 15 61
3 15 61 13
3 95 93 35
4 101 93 95 98
4 19 98 95 35
3 101 98 19
3 21 24 18
4 24 105 103 21
4 21 103 98 18
4 24 105 98 18
3 103 105 98
4 61 47 37 15
4 37 47 96 99
3 61 47 96
3 99 37 15
4 15 61 96 99
4 35 93 108 38
3 37 93 108
4 13 37 93 35
3 35 38 13
3 37 51 72
4 95 43 72 37
4 37 51 59 95
3 59 43 95
4 21 77 27 34
4 34 102 103 21
3 77 103 21
3 102 27 34
4 102 103 77 27
3 29 27 32
4 32 43 47 27
4 29 72 43 32
3 43 47 72
4 70 61 41 54
3 61 89 70
3 40 54 41
4 41 61 89 40
4 89 61 68 88
4 68 103 104 88
3 89 104 88
3 61 103 68
3 21 71 109
4 21 74 117 109
4 71 115 117 109
3 115 117 74
4 87 64 115 73
4 92 87 64 118
3 64 118 115
3 87 73 92
4 92 118 115 73
4 68 71 73 63
4 74 73 71 103
3 71 103 68
3 73 63 74
4 74 63 68 103
3 88 68 62
3 89 61 45
4 52 0 20 53
3 0 52 79
4 52 79 75 53
3 20 75 53
4 52 64 71 70
3 40 64 52
3 73 71 70
4 40 73 71 64
3 42 45 41
4 41 115 76 42
4 41 115 89 45
3 89 76 115
3 53 59 43
4 53 115 118 59
3 107 115 118
3 73 54 40
3 46 39 74
4 39 74 73 40
4 45 62 49 42
3 42 49 46
4 46 42 45 63
3 62 45 63
3 1 92 16
4 92 16 78 107
3 78 83 107
4 73 107 68 70
3 73 89 70
4 70 68 118 89
3 68 118 107
3 88 71 109
3 43 106 62
3 88 64 52
4 44 64 88 92
3 44 45 92
3 71 43 87
4 41 115 71 43
4 87 71 115 40
3 41 115 40
4 62 84 79 52
3 62 52 45
4 17 79 52 45
3 79 84 17
3 69 106 84
3 41 54 43
4 43 106 69 41
3 70 63 68
3 22 84 91
3 16 7 18
4 16 106 95 18
4 18 7 60 95
3 106 60 95
4 45 59 98 19
3 35 45 19
3 59 95 98
4 3 29 16 7
3 29 32 16
4 29 3 9 32
3 7 9 3
4 18 20 42 9
3 20 77 18
3 42 55 9
4 9 55 77 18
3 12 43 24
4 24 12 9 26
3 9 44 26
4 20 42 2 34
3 34 2 11
3 12 20 42
4 11 6 45 13
3 11 65 6
4 13 59 65 11
3 45 59 13
4 28 6 38 27
4 27 19 45 38
3 28 19 27
3 38 45 6
4 45 6 28 19
3 29 108 27
3 35 16 106
4 27 32 44 96
3 96 47 27
3 44 43 32
4 43 44 96 47
3 60 66 57
4 57 31 102 66
4 60 99 31 57
4 99 102 66 60
3 102 99 31
3 48 67 49
4 48 67 102 39
3 39 102 46
3 30 3 82
4 30 3 50 85
4 82 30 85 119
4 82 119 50 3
3 50 85 119
3 34 0 30
3 42 27 82
4 52 42 2 57
3 2 31 57
4 42 2 31 76
4 52 76 31 57
3 52 76 42
3 2 0 66
4 66 2 27 47
3 27 47 20
3 13 11 60
4 13 47 113 60
3 108 113 47
3 0 52 51
3 2 67 48
4 52 51 67 48
3 66 68 62
4 66 68 105 67
3 65 67 105
3 42 45 9
3 65 49 62
4 42 46 72 12
3 41 46 42
3 12 72 43
3 12 3 11
4 60 50 3 11
4 12 59 50 3
3 60 50 59
3 0 20 13
3 53 59 52
4 53 59 13 20
3 0 7 13
3 37 5 30
4 3 2 38 12
3 2 3 28
3 12 38 32
3 16 11 24
3 3 23 14
4 29 3 51 72
3 108 29 72
4 108 67 51 72
3 67 51 3
3 20 42 0
4 9 7 0 42
3 9 18 7
4 72 51 15 21
3 18 21 15
3 51 72 12
3 77 32 18
4 18 13 47 77
3 13 47 38
3 0 57 1
4 58 83 1 57
3 46 58 83
4 72 70 73 78
3 68 72 70
3 73 78 107
3 0 63 46
3 75 23 73
4 23 25 57 0
3 0 23 70
3 57 88 25
4 88 25 23 70
4 22 88 85 30
3 88 68 85
3 22 72 30
4 30 85 68 72
3 22 87 16
4 17 16 87 40
3 79 40 17
4 80 91 62 52
3 80 52 79
3 62 91 84
4 80 79 84 91
4 72 54 79 30
3 72 54 78
4 72 78 36 30
3 79 30 36
4 51 66 63 70
3 70 15 51
4 66 100 15 51
3 66 100 63
3 46 41 63
4 46 102 100 63
4 100 63 41 96
4 96 41 46 102
3 102 100 96
3 68 47 72
3 102 30 85
4 85 68 47 102
4 34 2 39 74
3 39 42 2
3 20 74 34
4 74 39 42 20
3 3 42 12
4 46 30 3 42
3 46 72 30
3 27 47 38
4 27 47 61 19
3 61 19 45
3 91 22 88
4 91 106 92 88
3 16 106 92
3 78 32 16
4 44 107 78 32
3 92 44 107
4 24 109 83 72
3 83 107 109
3 72 43 24
3 87 73 71
3 63 68 62
3 16 84 22
4 81 56 84 22
4 16 22 81 32
3 32 81 56
4 49 58 83 72
3 56 58 49
3 83 72 78
4 83 58 56 78
3 109 90 4
4 11 4 90 65
4 4 109 24 11
4 65 90 109 24
3 65 24 11
3 93 109 21
4 108 93 109 91
3 91 72 108
3 6 84 62
4 6 32 78 84
3 32 78 43
3 4 106 11
4 29 11 4 36
3 78 36 29
3 62 91 88
3 8 25 6
4 1 84 8 5
3 83 84 1
4 5 1 83 110
3 5 8 110
3 5 22 1
4 5 26 92 1
4 87 26 5 22
3 92 87 26
3 24 72 21
3 73 87 54
3 94 109 92
4 94 109 83 74
3 63 83 74
3 30 1 34
4 110 30 1 109
3 93 109 110
3 106 84 4
4 22 5 4 84
4 5 24 106 4
3 24 5 22
4 8 91 72 29
3 91 72 83
3 8 29 36
4 8 91 83 36
4 23 70 72 29
3 73 23 70
3 78 72 29
3 4 57 1
4 1 57 50 15
4 99 50 57 4
3 99 15 50
4 50 52 62 60
3 89 52 50
3 60 62 92
3 100 102 34
3 11 67 60
4 100 60 67 102
3 59 13 51
4 59 118 85 51
3 85 100 118
3 13 11 34
3 6 45 17
3 2 42 38
3 57 62 52
4 66 2 3 51
3 3 31 2
4 85 66 2 31
3 51 85 66
3 4 11 5
4 4 100 15 5
3 15 13 100
3 25 7 57
4 15 7 57 85
4 57 85 104 25
4 15 104 25 7
3 85 104 15
4 31 3 11 4
3 4 31 36
3 3 11 29
4 3 31 36 29
3 37 51 30
4 30 51 50 31
4 30 37 99 31
4 51 37 99 50
3 50 31 99
4 79 31 5 22
3 5 22 14
3 79 31 76
4 5 14 76 31
3 0 2 57
4 2 57 25 28
3 23 28 25
4 51 3 23 70
4 50 89 70 51
3 89 70 23
3 51 50 3
4 89 50 3 23
3 1 57 85
4 85 102 34 1
4 85 57 2 102
3 102 2 34
3 80 105 64
3 22 24 87
4 22 80 105 24
3 11 65 8
4 11 37 105 65
4 8 110 37 11
4 105 65 8 110
3 105 37 110
3 91 106 62
4 62 91 105 59
3 95 59 105
4 51 49 81 14
3 49 67 51
4 81 10 67 49
4 67 51 14 10
3 14 10 81
3 22 29 72
4 22 87 32 29
3 43 87 32
3 43 71 68
4 14 51 68 71
3 12 14 51
3 51 72 68
4 113 68 51 67
3 113 108 67
4 29 82 80 22
3 80 91 22
3 29 82 108
4 82 108 91 80
3 79 30 80
4 79 39 102 30
4 80 119 102 30
4 80 79 39 119
3 102 119 39
3 34 74 102
3 29 82 75
4 102 82 75 74
4 52 50 67 49
3 50 52 76
3 67 49 82
3 2 42 27
4 76 101 27 42
3 76 31 101
4 65 8 86 64
3 40 86 64
3 6 65 8
4 8 6 40 86
3 32 81 29
4 29 36 86 81
4 32 114 86 81
3 86 36 114
3 56 108 49
4 49 56 86 80
4 56 108 110 86
3 110 86 80
3 62 87 88
4 80 81 87 88
3 49 81 80
3 75 54 79
4 79 75 33 25
3 87 33 25
3 91 58 90
4 58 79 25 90
3 22 25 79
3 58 84 79
4 84 58 112 78
4 79 58 112 75
3 78 112 75
3 9 42 3
4 42 3 31 39
4 9 97 39 42
4 3 31 97 9
3 31 97 39
3 28 27 29
4 27 28 31 102
3 30 102 31
3 17 79 36
4 19 76 79 17
4 79 36 101 76
3 19 76 101
3 25 6 28
3 89 19 45
4 25 28 19 89
3 1 7 16
4 3 7 1 30
3 29 30 3
4 23 7 57 79
3 50 7 57
4 76 50 57 79
4 76 50 7 23
3 23 76 79
3 109 1 88
4 30 80 88 1
4 88 80 110 109
3 30 110 80
4 93 106 84 36
3 93 36 110
3 106 84 91
4 110 36 84 91
4 37 103 71 24
4 24 5 104 71
3 103 71 104
3 37 5 24
4 37 103 104 5
3 8 5 22
3 108 72 37
4 5 37 108 8
4 112 58 85 103
4 85 58 86 104
3 58 86 112
3 103 85 104
4 103 112 86 104
4 110 30 46 112
3 37 110 30
3 46 112 47
4 47 37 110 112
4 71 107 113 105
3 71 115 107
4 105 71 115 119
4 107 115 119 113
3 105 119 113
3 71 104 14
4 85 68 71 104
3 51 85 68
3 71 43 24
4 71 103 47 43
3 103 47 37
3 22 80 30
4 37 105 80 30
3 24 37 105
3 108 113 91
4 113 91 80 119
4 113 119 82 108
3 82 119 80
4 88 64 111 109
3 80 88 64
4 80 110 111 64
3 109 110 111
3 49 51 72
4 49 58 85 51
4 51 72 83 85
3 85 83 58
3 111 77 71
3 68 47 113
3 111 116 93
4 93 37 105 111
4 93 37 67 116
4 111 105 67 116
3 37 105 67
3 111 64 90
4 111 95 60 90
4 59 60 90 64
3 59 60 95
4 78 93 37 72
3 95 93 37
3 78 43 72
3 67 49 65
3 24 37 72
4 24 65 67 37
3 109 110 91
4 26 10 110 109
4 110 10 65 91
3 65 26 10
3 62 68 91
3 108 38 47
4 91 108 47 68
3 106 107 109
4 108 106 109 110
3 112 110 108
4 68 85 50 59
4 59 98 103 68
3 59 98 50
3 68 85 103
4 98 50 85 103
3 15 1 70
3 57 52 50
4 52 50 15 70
3 13 60 7
4 7 60 118 89
4 60 118 61 13
3 61 89 118
3 66 68 63
4 68 103 102 66
3 74 103 102
4 67 119 118 60
3 102 67 119
3 100 118 60
4 102 119 118 100
3 109 104 5
4 89 7 5 104
3 89 7 92
3 30 85 1
4 7 50 85 1
3 7 50 3
3 4 109 93
4 104 109 4 31
4 104 109 93 101
3 104 101 31
3 2 102 31
3 11 37 5
4 5 37 102 31
3 25 31 57
4 31 25 26 99
3 99 26 60
4 21 37 102 74
4 21 37 99 94
3 74 94 21
3 102 99 37
4 94 74 102 99
3 60 13 100
3 18 94 26
4 60 100 94 26
3 50 85 15
4 85 50 97 117
4 94 97 50 15
3 94 97 117
3 34 30 36
4 30 85 117 36
3 100 117 85
3 34 0 13
3 60 4 57
4 7 57 66 13
3 57 85 66
4 13 66 85 15
3 13 15 7
3 13 61 47
4 61 118 113 47
3 113 118 60
3 57 2 48
4 2 102 119 48
4 57 85 119 48
3 85 102 119
3 27 116 2
4 2 116 113 66
3 47 66 113
4 69 4 31 39
4 99 96 69 4
3 99 31 4
3 69 96 39
4 96 99 31 39
3 15 85 100
4 100 96 119 85
4 15 85 119 98
4 98 96 100 15
3 98 119 96
3 113 116 67
4 67 50 97 116
4 116 97 118 113
4 113 67 50 118
3 118 50 97
3 51 59 50
4 95 99 50 59
3 37 99 95
3 60 4 11
4 60 4 31 50
3 3 50 31
3 28 8 25
4 28 8 110 101
4 28 25 104 101
3 104 101 110
4 36 28 97 117
3 19 97 28
3 36 74 117
3 110 93 37
4 94 93 37 15
4 94 93 110 104
4 37 15 104 110
3 94 15 104
4 116 114 33 10
4 94 99 116 114
3 10 116 99
3 33 114 94
4 99 10 33 94
3 1 30 5
4 30 102 100 1
4 5 99 100 1
4 5 99 102 30
3 99 102 100
3 4 2 116
4 2 116 10 3
4 4 5 10 116
3 3 10 5
3 26 109 5
4 109 117 31 5
4 26 97 117 109
4 26 5 31 97
3 117 31 97
4 21 34 4 109
4 74 117 4 34
3 4 109 117
3 34 74 21
3 11 37 34
3 36 8 110
4 93 116 2 34
3 34 17 2
4 2 17 114 116
3 93 114 116
4 110 86 64 105
3 86 115 64
3 105 103 110
4 110 86 115 103
3 112 47 113
3 61 118 115
4 112 113 118 115
4 82 75 115 119
3 75 115 74
3 102 119 82
4 102 74 115 119
4 51 105 110 30
3 30 110 83
3 51 105 68
3 68 107 71
4 71 104 117 107
4 68 85 117 107
3 85 117 104
3 82 49 80
3 85 66 102
4 85 102 82 80
4 80 76 39 58
4 104 80 58 117
3 80 76 104
3 39 117 58
4 117 39 76 104
3 88 80 91
4 91 88 118 113
4 119 80 88 118
3 119 113 118
3 47 72 46
4 47 113 58 46
3 91 113 58
3 46 79 30
4 110 86 79 30
4 79 86 112 46
3 112 86 110
4 46 39 117 83
3 39 46 41
3 117 83 107
4 107 41 39 117
3 34 17 35
4 34 17 39 102
3 96 39 102
3 44 35 114
3 118 100 117
4 117 114 44 118
4 2 116 90 57
3 2 57 66
4 66 113 90 57
3 90 116 113
4 69 2 31 117
3 28 2 31
3 114 69 117
4 28 31 117 114
3 2 27 38
3 4 106 93
4 67 48 97 99
3 48 97 39
3 99 102 67
4 102 39 97 99
4 113 95 26 90
3 26 90 97
4 97 90 113 96
3 96 113 95
3 27 116 93
4 19 97 116 27
4 93 116 97 94
3 19 97 94
4 117 4 60 118
3 4 31 117
3 60 50 118
4 31 117 118 50
4 99 60 106 93
3 93 99 94
3 60 106 92
3 47 27 108
4 101 110 108 27
4 101 103 47 27
4 103 47 108 110
3 103 101 110
3 42 82 46
4 46 74 19 42
4 101 82 42 19
4 46 82 101 74
3 101 74 19
3 29 36 75
3 3 76 31
4 75 36 31 76
4 93 37 30 36
3 99 93 37
4 93 99 31 36
3 31 36 30
3 37 72 21
3 46 102 74
3 1 100 63
3 30 102 46
4 18 35 96 98
3 15 18 98
3 96 100 35
3 47 66 13
4 66 47 103 85
4 13 15 103 47
3 103 85 15
3 19 45 42
3 74 63 46
3 27 101 19
3 103 47 61
3 23 17 0
4 18 35 17 23
3 35 18 13
3 84 106 78
4 58 113 106 84
4 106 113 112 78
3 58 112 113
4 113 66 63 107
3 66 113 60
3 63 107 92
4 92 60 113 107
3 113 95 111
3 35 69 114
3 108 116 56
4 116 108 47 96
4 56 116 96 41
3 47 96 41
3 68 47 43
4 47 96 118 68
3 118 44 96
3 44 55 32
3 107 112 78
3 69 17 63
4 17 69 96 19
3 96 61 19
3 34 4 100
4 4 116 96 100
3 27 116 96
3 6 2 17
3 62 63 66
3 39 102 2
3 38 47 41
4 41 47 102 39
3 2 11 67
4 2 69 113 67
3 69 113 106
3 66 47 102
3 99 60 95
3 38 106 11
3 7 45 92
3 83 103 21
3 105 24 91
4 83 103 105 91
3 53 70 71
3 63 107 41
3 21 73 78
4 21 73 115 103
4 73 115 112 78
3 115 103 112
3 63 84 83
3 56 41 112
4 78 114 116 108
3 113 108 116
4 107 113 116 114
3 114 107 78
3 18 77 21
4 18 26 109 21
4 18 26 111 77
3 109 111 26
3 27 35 93
4 93 35 44 111
3 55 44 111
4 112 47 95 111
3 112 110 111
3 95 47 37
3 71 43 107
4 33 114 107 71
4 107 43 32 114
3 32 114 33
3 71 24 105
3 107 113 106
4 78 77 101 36
3 101 77 103
3 83 36 78
4 101 36 83 103
3 21 34 1
4 1 21 103 85
3 102 103 85
3 22 70 1
3 29 20 34
4 70 72 47 61
3 15 61 70
3 72 37 47
3 48 64 55
4 87 64 55 32
3 6 87 32
3 48 116 2
4 48 116 114 40
3 17 114 40
3 52 57 48
3 56 54 84
3 52 40 54
4 52 40 44 59
3 44 43 59
3 39 42 41
4 39 41 44 97
3 9 44 97
3 38 49 42
4 39 58 49 42
3 58 39 69
3 18 94 21
3 32 114 78
4 18 94 114 32
3 23 70 20
4 71 70 23 33
3 71 77 33
3 14 81 22
3 16 32 18
4 18 32 81 14
3 53 42 20
4 53 115 39 42
3 115 39 74
4 51 49 54 70
3 54 63 70
3 51 49 66
3 46 74 20
4 46 66 100 74
3 66 100 13
3 76 52 79
4 45 19 76 52
3 17 19 45
4 40 41 46 79
3 79 40 86
3 41 112 46
4 41 112 86 40
4 52 49 56 40
3 45 52 40
3 49 56 38
4 58 84 6 48
4 48 6 17 39
3 48 39 58
3 6 84 17
4 84 58 39 17
3 78 56 114
4 56 58 117 114
3 83 117 58
3 63 46 66
4 113 66 46 112
3 107 113 112
3 66 62 57
4 66 46 79 57
3 54 79 46
3 78 77 32
4 32 77 101 28
4 32 28 36 78
3 28 36 101
3 38 108 27
4 8 28 27 108
3 8 28 6
4 77 95 106 78
3 18 77 95
3 78 106 16
4 23 17 114 33
3 35 114 17
3 18 23 33
3 2 66 38
3 3 51 12
3 42 39 46
3 30 3 31
4 30 46 39 31
3 2 17 28
3 101 102 74
3 29 27 82
4 82 27 19 76
4 76 82 29 23
3 23 19 76
3 43 32 38
3 69 114 107
3 54 81 56
4 81 56 114 33
3 73 114 33
3 114 116 28
3 29 108 78
3 6 40 17
4 36 86 40 17
3 8 86 36
3 11 4 8
4 69 4 8 56
3 69 38 56
3 11 38 6
4 11 24 87 6
3 43 24 87
3 16 35 17
3 40 44 87
3 22 87 25
3 29 32 28
4 28 32 87 25
3 106 35 93
3 36 17 84
3 53 54 75
4 61 74 75 53
3 61 74 63
3 34 102 30
3 79 39 17
3 73 23 17
4 76 39 17 23
4 23 73 115 76
3 39 76 115
3 70 72 51
3 3 23 29
3 70 89 52
4 42 19 89 52
3 20 42 19
3 21 20 77
3 46 112 83
3 36 84 8
3 81 54 75
4 75 36 8 81
3 93 108 78
4 82 101 93 108
3 82 101 75
3 46 20 72
3 23 22 79
4 67 49 62 60
3 49 67 108
3 106 60 62
4 67 108 106 60
4 56 108 67 48
4 112 56 48 119
3 67 119 48
3 56 112 108
4 108 112 119 67
3 65 48 6
4 58 91 65 48
3 58 91 84
3 46 39 58
3 113 47 96
4 113 58 39 96
4 42 55 116 2
3 69 116 2
3 41 42 55
4 69 116 55 41
3 6 7 57
3 38 13 66
3 41 38 69
3 61 100 13
3 58 66 46
4 100 66 58 117
4 46 58 117 74
3 100 117 74
3 69 84 4
4 79 31 4 84
3 39 31 79
4 56 116 67 49
3 69 116 56
4 66 69 116 67
3 66 49 67
3 52 62 49
3 60 67 50
3 58 57 84
4 57 60 113 58
3 106 113 60
3 7 57 0
4 9 48 57 7
3 42 48 9
4 90 4 2 48
3 4 11 2
3 48 90 65
3 5 7 1
3 6 8 84
3 16 84 1
4 84 1 100 69
3 100 69 35
4 8 116 69 84
3 8 116 28
4 69 116 28 17
3 69 17 84
3 12 29 72
4 12 72 91 65
4 29 8 65 12
3 8 91 65
3 82 49 46
4 49 82 110 91
4 83 46 82 110
3 83 110 91
3 81 80 22
3 58 56 84
4 80 81 56 58
3 29 8 108
4 8 86 112 108
3 112 86 75
3 43 53 12
3 75 78 29
4 3 76 39 2
3 39 17 2
3 76 23 3
3 79 84 57
3 23 7 16
3 79 46 75
4 102 46 79 31
4 79 31 101 75
3 102 31 101
4 83 84 57 85
3 31 57 85
3 84 83 36
4 85 31 36 83
3 2 34 4
4 4 117 39 2
3 74 39 117
3 29 82 30
4 30 83 112 82
3 83 78 112
3 46 58 49
4 58 86 75 46
3 81 86 75
3 22 29 23
4 23 22 80 76
3 80 76 82
3 1 30 0
3 88 80 52
3 79 36 84
4 79 36 110 80
3 91 80 110
3 70 14 51
3 49 81 54
3 2 6 28
4 10 65 6 28
3 65 10 67
3 8 4 84
3 62 60 65
3 27 55 116
4 8 116 55 81
3 8 29 81
3 48 90 116
4 91 108 116 90
3 49 108 91
3 93 36 78
3 30 72 37
3 91 49 65
3 110 82 10
3 110 109 5
3 108 106 11
3 5 8 11
3 14 12 81
4 14 5 8 81
3 30 29 36
4 80 86 36 30
3 81 80 86
3 85 100 1
3 69 84 58
4 69 100 85 58
3 39 76 42
3 58 49 80
3 30 46 83
4 83 30 31 117
3 39 117 31
4 30 79 52 51
3 50 52 51
4 52 79 31 50
3 31 79 30
3 108 116 8
4 8 116 99 5
4 108 116 99 37
3 37 99 5
3 24 18 12
3 35 106 38
4 35 18 24 106
3 34 4 11
3 21 24 109
4 56 114 93 108
3 114 35 93
3 108 38 56
3 34 16 21
3 32 27 77
3 84 78 36
3 32 28 6
3 66 0 51
4 51 66 58 80
3 79 80 58
3 57 84 62
4 62 68 85 57
3 83 68 85
3 70 52 88
3 91 72 49
3 54 72 70
3 47 61 41
3 0 46 79
3 40 45 41
3 0 30 3
3 17 28 36
3 4 31 5
3 22 79 84
3 5 109 24
4 5 109 83 30
3 30 72 83
3 11 29 8
4 11 8 25 7
3 23 7 25
3 62 88 92
4 85 100 92 88
3 66 100 85
3 21 103 15
3 73 115 89
4 103 115 89 15
3 51 70 68
4 68 51 50 118
3 89 118 50
4 94 104 88 92
3 85 88 104
3 92 100 94
4 74 83 68 61
4 83 117 118 68
3 83 74 117
3 68 118 61
3 88 90 57
3 66 113 68
3 106 60 4
3 107 118 117
3 1 7 92
4 7 92 118 50
3 118 50 85
3 108 110 91
4 68 103 110 91
3 47 103 68
3 77 112 78
3 106 95 113
3 98 103 77
3 43 59 68
3 21 93 37
3 71 111 105
4 13 51 105 95
3 14 105 51
3 95 13 18
4 14 105 95 18
3 68 72 91
3 65 12 59
4 65 91 68 59
3 21 109 1
4 1 109 26 7
3 18 7 26
3 63 100 69
4 100 69 114 94
3 73 114 94
3 21 72 83
3 51 15 85
3 70 15 21
4 70 15 98 53
3 98 53 77
3 103 71 115
3 41 47 43
4 115 41 47 103
4 59 105 37 13
3 59 13 61
3 37 103 105
3 13 7 45
4 7 26 44 45
3 95 44 26
3 92 100 63
4 92 100 96 44
3 41 96 44
3 77 47 103
4 18 15 103 77
3 15 13 18
3 88 118 64
3 53 61 70
4 64 53 61 118
3 89 92 45
3 107 115 41
3 43 95 77
4 26 95 77 33
4 26 87 43 95
3 26 87 33
3 24 21 37
4 24 37 99 26
3 94 26 99
3 111 93 109
4 109 92 44 111
3 92 44 35
3 106 109 24
4 18 94 109 24
3 35 94 18
3 63 107 68
3 59 45 44
4 68 107 44 59
3 95 43 106
4 95 106 69 96
3 41 96 69
3 62 87 43
3 26 95 60
3 6 65 9
3 16 24 18
4 9 65 24 18
3 13 11 37
3 65 105 59
3 61 74 20
3 68 72 83
4 51 52 89 15
3 45 52 89
3 13 51 15
3 50 57 85
3 62 68 59
3 83 63 1
4 15 1 83 103
3 61 103 15
3 2 42 3
4 42 3 10 55
3 10 116 55
3 30 102 82
3 10 5 99
4 102 99 10 82
3 28 101 27
3 108 8 110
3 67 116 2
3 34 37 93
3 29 8 28
3 9 65 12
4 8 28 9 65
4 8 25 97 116
3 97 99 116
3 8 25 5
4 99 5 25 97
3 57 50 31
3 6 28 9
4 9 28 31 50
4 7 3 10 26
3 3 67 10
3 7 60 26
4 60 26 10 67
3 49 80 52
4 40 86 80 52
3 86 40 56
3 58 85 57
3 25 86 104
3 90 64 88
4 8 81 64 90
3 22 8 81
3 91 8 90
4 91 83 117 90
4 36 117 90 8
3 117 36 83
3 36 8 4
4 4 36 101 99
4 8 36 101 10
3 99 10 101
3 25 31 79
3 101 75 33
4 25 33 101 31
3 23 14 22
4 14 10 8 22
4 23 28 10 14
3 10 8 28
4 3 5 104 76
3 76 82 3
3 110 104 5
4 104 76 82 110
4 57 52 64 90
3 57 52 79
4 79 52 64 86
3 86 90 64
3 65 90 60
4 58 66 60 90
3 49 58 66
3 39 48 2
3 4 117 90
4 39 48 90 117
3 56 116 8
4 40 97 116 56
3 40 97 25
4 91 8 116 113
3 113 116 69
3 84 91 8
4 17 114 86 79
3 58 79 86
3 17 114 69
3 116 90 4
4 100 118 90 4
4 116 96 118 90
3 96 118 100
4 65 64 118 60
4 64 119 67 65
3 118 119 64
3 67 65 60
3 92 88 118
3 106 113 91
4 50 85 58 48
4 117 58 48 97
3 48 97 50
3 58 117 85
4 39 119 67 2
3 2 69 39
3 67 119 113
4 69 113 119 39
4 69 117 85 66
3 68 85 66
3 107 69 117
4 1 57 90 109
3 7 1 57
4 26 7 57 90
3 109 90 26
3 109 117 83
3 30 31 5
3 11 24 5
3 6 87 25
4 87 24 5 25
3 51 67 50
3 113 118 68
3 48 119 64
3 88 85 57
4 85 88 64 119
3 91 83 58
4 91 58 119 105
4 103 119 58 83
3 105 103 119
3 59 62 52
4 52 59 105 80
3 91 105 80
3 52 79 54
3 72 51 30
3 67 113 66
3 46 112 82
4 113 67 82 112
4 106 4 99 95
3 5 99 4
3 106 24 95
4 5 99 95 24
3 59 52 64
3 57 90 60
3 90 117 58
4 100 60 90 117
3 60 66 100
3 48 58 49
3 51 50 85
3 66 13 51
4 66 113 105 51
3 95 113 105
4 57 58 119 50
3 60 50 57
3 113 58 119
4 113 60 50 119
3 91 65 90
4 65 90 118 59
4 91 68 118 90
3 68 118 59
3 48 64 52
4 64 105 51 52
4 64 105 67 48
3 105 51 67
4 51 15 104 80
3 37 15 51
3 80 104 110
3 91 8 22
4 105 10 8 91
3 14 10 105
3 5 109 1
3 14 70 71
4 5 109 71 14
3 22 88 25
4 88 25 31 85
3 31 85 30
3 1 88 85
4 85 103 71 88
3 71 103 21
3 83 85 103
3 101 31 36
4 103 85 31 101
3 5 8 4
4 4 117 86 8
4 4 117 104 5
4 5 104 86 8
3 117 104 86
3 91 109 24
4 91 80 104 109
4 14 24 109 104
3 14 104 80
4 109 90 116 93
3 90 109 91
3 116 108 93
3 59 118 64
3 80 85 51
4 95 60 50 98
3 60 113 95
3 119 98 50
4 65 48 119 105
3 48 58 119
3 105 65 91
3 37 67 108
4 37 103 119 67
3 112 119 103
3 102 96 47
3 118 68 85
4 85 102 96 118
4 71 64 90 109
4 64 90 117 115
3 109 90 117
3 115 71 64
3 88 68 91
3 103 110 104
3 110 108 93
4 93 114 86 110
3 56 114 86
4 77 112 86 33
4 33 104 103 77
3 77 103 112
3 86 33 104
4 86 111 105 80
3 113 111 105
4 58 80 105 113
3 58 80 86
3 75 36 78
4 75 36 117 115
3 107 117 115
4 77 55 64 71
3 71 103 77
4 71 103 119 64
4 55 119 103 77
3 55 119 64
3 107 111 44
4 44 111 105 59
3 68 105 59
3 74 103 21
3 18 19 98
4 74 19 98 103
3 39 76 19
4 19 94 117 39
4 94 19 76 104
3 94 104 117
4 28 97 96 27
3 96 27 102
3 28 97 31
4 96 102 31 97
3 31 50 85
4 101 31 50 98
3 98 103 101
3 100 117 4
3 15 5 104
4 100 15 104 117
3 93 35 94
3 15 37 13
3 61 89 15
4 96 61 89 97
4 15 89 97 99
3 96 97 99
3 5 1 15
3 103 83 110
3 85 102 31
4 85 31 97 118
3 97 118 96
3 1 4 100
3 90 118 88
3 57 79 31
3 66 102 46
3 84 58 83
3 17 39 74
4 74 39 58 83
3 107 69 113
3 115 119 39
3 27 55 77
4 27 55 119 102
3 102 103 119
3 93 110 101
3 105 98 95
4 101 110 105 98
3 30 102 37
3 80 119 105
4 102 37 105 119
4 111 10 82 112
3 112 113 111
4 113 111 10 67
3 67 10 82
3 91 113 90
3 26 95 24
4 109 4 116 111
3 4 5 109
3 10 111 116
4 111 10 5 109
3 111 114 107
4 110 111 114 36
3 110 36 83
3 90 8 86
4 113 112 86 90
3 108 113 112
3 107 113 111
4 26 60 113 111
3 92 26 60
3 117 90 118
3 83 68 91
3 65 90 64
4 65 24 71 64
3 71 109 24
4 18 98 50 7
3 60 50 7
3 18 95 98
3 12 9 3
4 5 26 9 3
3 24 26 5
4 99 15 51 67
3 14 15 51
3 99 10 67
4 15 99 10 14
3 70 52 51
3 105 71 64
3 64 65 87
3 60 118 92
3 68 61 70
3 105 98 14
3 71 64 53
3 24 65 12
3 20 77 53
3 13 59 95
3 92 100 1
3 5 99 26
4 100 99 26 92
3 15 70 89
3 22 5 25
4 5 25 89 15
4 26 33 23 7
3 7 26 92
3 73 33 23
3 94 109 104
3 18 14 24
4 104 14 18 94
4 81 56 116 10
3 10 67 116
3 49 81 56
3 65 105 64
3 110 86 8
3 111 10 26
3 60 67 113
3 69 116 4
4 107 69 116 111
3 107 109 111
4 90 48 55 111
3 58 90 48
4 48 55 112 58
4 111 90 58 112
3 112 55 111
3 4 116 99
3 50 57 48
4 48 116 99 50
3 27 102 2
3 48 119 55
3 48 6 56
3 11 108 67
3 4 106 69
3 95 96 99
3 90 113 58
4 58 39 97 90
3 96 97 39
4 10 55 112 110
4 103 112 55 98
3 98 10 55
3 110 112 103
3 56 55 81
4 80 119 55 81
4 55 119 58 56
3 80 58 119
3 55 41 96
4 82 102 96 55
3 46 102 82
3 95 37 105
3 102 96 119
4 105 95 96 119
3 51 80 105
3 58 66 113
4 64 111 116 48
3 48 116 67
3 64 111 105
3 79 76 80
4 110 101 76 80
3 110 101 36
3 109 83 110
4 94 109 110 101
4 110 101 74 83
3 101 74 94
3 46 75 74
4 75 86 117 74
3 86 58 117
3 102 39 31
4 104 31 39 115
4 103 104 31 102
4 115 39 102 103
3 104 115 103
4 91 109 117 58
3 109 117 104
3 58 91 80
3 30 110 5
3 86 79 25
4 110 86 25 5
4 4 90 111 93
3 93 36 4
3 90 111 86
4 86 36 93 111
3 27 108 82
4 82 27 96 119
3 96 119 113
3 2 3 67
4 3 67 119 76
3 119 76 39
3 55 42 48
3 46 112 58
3 58 66 85
3 47 103 112
3 58 79 57
4 79 58 119 76
3 50 119 76
3 67 51 66
4 67 99 100 66
3 99 15 100
4 69 58 119 96
3 69 96 100
3 58 119 85
3 55 111 64
4 80 64 55 82
3 82 110 80
3 93 111 77
4 75 86 111 77
3 36 86 75
3 111 109 90
4 109 90 58 83
3 83 58 112
3 56 116 114
3 33 10 81
3 8 10 116
3 105 113 91
3 76 79 75
4 112 75 76 119
3 112 58 119
4 74 36 86 115
3 36 110 86
3 74 103 115
4 101 82 80 104
3 85 104 80
3 102 82 101
4 28 8 90 97
3 117 90 97
3 36 8 28
3 96 69 116
4 96 116 28 19
3 19 28 17
4 79 31 97 40
3 36 31 79
3 114 97 40
4 36 114 97 31
3 74 39 102
4 74 39 97 94
3 94 97 99
3 28 116 2
3 25 90 57
4 28 25 90 116
3 90 25 97
4 79 39 97 25
3 79 39 58
3 83 1 109
3 58 90 57
3 56 55 112
3 8 110 10
3 64 65 81
4 81 64 119 82
3 82 67 119
3 55 96 119
3 56 58 69
4 90 64 55 116
3 8 116 90
3 81 64 55
4 67 99 93 108
3 93 101 99
3 82 108 67
3 106 93 108
3 60 99 67
3 30 85 83
4 112 119 85 83
3 112 119 82
3 66 69 2
3 85 117 31
3 67 116 99
4 99 116 69 100
3 66 100 69
3 96 116 99
3 37 47 108
3 60 90 4
3 95 111 93
3 24 65 26
4 67 65 26 99
3 67 99 37
3 15 85 1
3 14 80 22
4 14 15 85 80
3 4 57 31
4 57 31 104 88
3 88 104 109
3 85 30 80
3 117 86 36
3 30 51 3
4 3 10 105 51
3 110 10 105
3 67 102 66
4 105 67 102 103
3 105 68 103
3 106 109 91
3 69 58 117
3 90 8 25
4 60 90 25 7
3 60 11 7
3 74 83 46
3 101 110 82
3 69 117 4
3 86 8 56
4 56 69 117 86
3 4 100 99
3 74 36 101
3 31 104 5
3 37 103 102
3 114 116 69
3 100 94 99
3 56 41 69
4 56 41 115 86
3 117 115 86
3 74 83 103
3 119 58 39
4 39 74 103 119
4 41 112 111 44
3 95 111 44
3 47 112 41
4 77 55 116 93
3 78 93 77
3 56 116 55
3 102 47 103
3 39 115 41
3 112 83 107
3 85 119 118
3 93 114 36
4 93 99 97 114
3 31 97 99
3 69 39 117
3 19 35 94
3 100 118 92
3 74 115 73
4 74 100 118 115
3 89 70 88
4 89 94 109 88
3 21 109 94
3 109 92 88
3 64 111 44
3 117 109 107
4 107 117 97 44
3 26 44 97
3 97 90 116
4 109 94 97 90
3 94 109 93
3 92 26 44
3 100 99 96
4 44 26 99 96
4 60 99 98 59
3 59 98 61
3 99 100 60
3 19 20 18
3 96 47 95
3 61 15 100
4 61 15 104 115
3 115 104 117
3 111 116 55
3 69 107 41
3 93 99 95
3 44 97 114
4 95 44 97 99
4 64 119 96 44
3 105 119 64
3 95 96 44
3 41 112 55
3 61 98 103
3 71 33 104
3 107 114 117
4 114 33 104 117
4 86 115 118 90
3 113 118 90
3 115 86 112
3 88 64 71
3 85 103 119
3 67 10 105
3 101 103 102
4 10 101 103 105
3 93 99 116
3 98 55 77
4 99 116 55 98
3 26 94 109
3 10 110 101
4 94 101 10 26
3 14 24 5
4 14 98 99 5
3 99 98 95
3 77 33 18
4 18 33 104 15
3 103 15 104
3 67 119 50
3 37 103 15
4 50 119 103 15
3 100 102 74
3 118 115 119
3 26 90 60
4 26 94 117 90
3 94 117 100
3 114 116 97
3 113 118 107
3 32 33 77
4 56 32 33 86
3 56 112 86
3 111 71 64
4 114 40 64 111
3 40 73 114
3 28 32 27
4 28 32 44 97
3 97 44 96
3 6 48 9
4 9 19 39 48
3 19 39 17
4 98 55 32 18
3 96 55 98
3 35 32 18
4 96 41 40 97
3 89 97 40
3 61 96 41
3 23 20 75
4 75 23 89 115
3 61 115 89
3 17 36 74
3 40 86 115
3 53 41 54
4 41 53 76 39
3 79 76 39
3 111 107 112
4 33 75 112 111
3 73 75 33
3 87 64 71
3 77 55 32
4 53 81 86 115
3 41 115 53
3 86 81 56
3 98 101 77
3 28 32 9
4 98 9 28 101
4 3 10 33 23
3 3 10 82
3 75 23 33
4 33 10 82 75
3 42 76 19
3 14 18 12
4 19 76 14 18
3 6 32 56
3 25 33 86
4 111 44 40 86
3 111 112 86
3 41 40 44
3 87 81 64
4 81 75 115 64
3 75 73 115
3 48 56 58
4 56 48 97 114
3 114 117 97
3 64 90 118
4 64 55 96 118
3 96 116 55
3 75 33 86
3 74 117 94
4 94 117 86 33
3 93 101 77
4 104 71 77 101
3 104 71 109
4 115 76 82 112
3 112 82 110
3 115 104 76
3 96 116 97
3 41 40 56
3 90 64 48
4 48 64 115 39
3 115 39 117
3 111 10 33
3 75 112 82
3 76 115 75
3 117 31 36
4 117 31 76 115
3 82 10 55
4 10 55 96 99
3 102 96 99
3 48 40 56
4 40 115 119 48
4 40 115 112 56
3 112 115 119
3 80 64 52
3 82 55 42
3 9 55 32
4 9 3 82 55
3 29 3 82
3 2 39 31
3 40 25 6
4 40 25 31 39
3 42 76 82
3 112 115 41
3 53 52 64
4 75 86 64 53
3 79 75 86
3 27 82 101
3 33 81 32
4 81 82 101 33
4 28 114 111 10
3 110 111 10
3 28 36 114
3 9 48 97
3 56 32 114
4 32 114 97 9
3 79 17 23
4 79 86 33 23
3 114 86 33
3 78 112 56
3 40 73 115
3 48 39 42
3 64 115 53
3 77 75 112
3 76 119 98
3 55 64 53
3 61 118 96
3 41 107 44
3 97 117 39
3 89 118 92
3 19 96 35
4 19 89 118 96
3 73 71 33
4 33 101 103 71
3 74 103 101
3 28 116 10
4 10 98 19 28
3 96 98 19
3 101 77 33
4 101 33 26 99
3 95 26 99
3 9 32 18
4 9 18 94 97
3 97 94 114
3 75 77 53
3 86 111 64
3 76 98 53
3 41 96 39
4 98 96 39 76
4 73 40 97 94
3 39 97 40
3 73 94 74
3 93 94 114
4 86 104 94 114
3 110 86 104
3 19 27 96
3 82 119 76
4 96 119 76 19
4 98 53 75 101
3 61 53 98
3 74 75 101
4 114 44 64 86
3 64 118 44
3 86 117 114
3 9 19 42
3 101 10 82
4 9 19 101 10
3 97 116 28
3 67 3 50
4 3 28 97 50
3 31 39 76
4 99 31 76 98
3 98 99 96
3 64 48 40
3 114 116 111
3 80 64 119
4 39 40 64 119
3 40 79 39
3 40 52 79
4 50 52 40 97
3 50 97 31
3 22 88 80
4 88 80 76 89
3 23 76 89
3 65 6 87
4 65 87 33 10
3 33 10 28
3 8 86 81
4 81 14 104 86
3 5 104 14
3 57 90 48
4 9 48 90 26
3 7 9 26
4 89 25 90 118
3 60 118 90
3 25 7 89
4 80 119 98 14
3 85 80 119
3 15 98 14
3 65 48 67
4 26 65 48 97
3 26 97 99
3 10 3 9
3 51 59 105
4 10 9 59 105
3 57 88 52
4 52 88 104 76
3 31 76 104
3 80 51 52
4 89 52 80 104
3 104 15 89
3 53 12 59
4 59 50 76 53
3 76 3 50
3 81 87 22
4 81 87 26 10
3 5 10 26
3 65 24 105
4 9 65 105 98
3 18 98 9
3 70 71 88
4 25 33 71 88
3 25 23 33
4 33 86 90 26
3 90 117 86
3 94 26 33
4 25 97 118 88
3 85 88 118
3 31 97 25
4 76 80 105 98
3 110 105 80
3 101 76 98
3 89 15 50
4 89 115 119 50
3 103 119 115
3 111 71 109
4 71 14 10 111
3 5 14 10
4 53 115 104 14
3 53 115 61
3 14 15 104
3 76 101 75
3 94 73 89
4 94 89 76 101
3 111 55 77
4 9 26 111 55
3 18 9 26
4 59 44 97 50
3 59 44 95
3 50 97 99
3 19 76 89
4 89 118 119 76
3 118 96 119
4 71 105 10 33
3 105 103 71
3 101 33 10
4 33 14 105 111
3 105 111 95
3 33 18 14
3 90 109 88
4 88 89 97 90
3 89 97 94
3 9 7 50
3 44 118 92
4 9 44 118 50
3 60 65 59
4 98 59 65 10
3 99 10 98
3 71 87 24
4 71 104 25 87
3 25 5 104
3 92 88 87
4 88 104 33 87
3 94 104 33
3 73 71 115
4 14 76 115 71
3 23 76 14
4 9 97 118 59
3 59 118 61
3 9 97 19
3 26 25 7
3 45 44 40
4 26 44 40 25
3 52 70 53
4 52 50 98 53
3 98 50 15
3 48 116 55
4 48 55 98 50
3 99 50 98
3 82 80 81
4 81 80 104 33
3 101 33 104
3 65 8 90
4 65 9 97 90
3 28 9 97
3 14 76 3
3 67 119 105
4 105 14 76 119
3 86 110 111
4 26 111 86 25
3 26 5 25
4 31 28 33 104
3 28 114 33
3 31 104 117
3 17 114 28
3 9 44 45
4 44 114 28 9
3 81 86 64
3 44 114 32
3 28 116 27
3 111 77 33
4 33 111 116 28
3 10 81 8
4 81 10 101 75
3 75 101 36
4 19 42 48 97
3 116 97 48
3 19 27 42
3 39 74 19
4 19 98 119 39
3 98 103 119
3 101 77 27
3 76 42 53
4 53 76 101 77
3 64 119 115
3 81 82 75
3 40 44 64
3 39 119 96
3 23 25 79
4 23 19 97 25
3 97 39 19
3 19 94 18
3 14 104 76
3 7 3 23
3 26 33 10
3 3 31 5
3 26 9 97
3 5 15 7
3 9 10 98
3 12 65 81
4 33 26 65 81
3 26 33 18
3 31 99 5
3 76 98 14
3 33 10 14
3 99 94 15
3 7 23 18
3 76 50 98
3 15 18 94
3 50 97 9
3 52 45 59
4 52 76 98 59
3 98 19 76
3 28 23 3
3 89 97 50
3 5 3 7
3 89 76 104
4 52 48 97 89
3 89 52 88
3 90 97 48
4 10 81 53 98
3 59 53 98
3 81 65 10
3 114 44 111
4 9 10 111 44
3 9 28 10
3 73 87 40
4 87 26 97 40
3 26 97 94
3 71 77 53
4 71 104 76 53
3 104 76 101
3 81 55 32
4 81 55 98 14
3 18 98 14
3 25 23 89
3 75 115 86
4 25 86 115 89
4 89 40 86 104
3 114 86 40
3 94 104 89
3 18 23 19
3 26 25 97
3 28 19 101
3 25 104 89
4 50 89 40 48
3 48 119 50
3 89 115 40
3 50 52 48
3 55 98 53
3 28 19 23
3 98 14 10
4 44 26 10 55
3 44 96 55
3 10 99 26
3 111 90 116
4 33 111 90 25
3 28 33 25
3 50 31 76
4 76 115 118 50
3 117 118 115
4 9 98 119 48
3 39 48 119
3 9 19 98
4 115 104 25 40
3 39 115 40
3 25 104 31
3 89 76 50
3 99 94 101
3 53 14 71
4 55 10 14 53
3 111 10 55
3 9 10 26
3 19 101 94
3 15 99 5
3 25 97 89
3 14 71 105
3 115 119 76
3 97 90 118
3 59 9 65
3 88 90 25
3 71 111 33
3 25 33 26
3 101 99 31
3 10 111 105
3 9 59 44
3 9 65 48
3 98 119 105
3 88 80 104
3 33 87 81
3 7 15 18
3 25 33 104
3 88 87 25
4 87 44 97 25
3 118 44 97
3 40 48 6
3 89 50 7
3 89 118 88
3 80 119 76
3 71 33 87
3 65 10 105
3 53 76 52
3 88 71 104
3 52 80 76
3 59 105 98
3 40 97 48
3 65 87 26
3 48 42 52
3 19 97 89
3 75 81 53
3 101 10 98
3 79 86 80
3 33 23 14
4 33 86 80 14
3 82 119 55
4 50 119 55 9
3 9 50 3
3 26 44 111
3 25 86 40
3 53 55 42
3 14 10 3
3 28 101 31
3 50 98 9
3 44 55 9
3 118 50 119
3 14 53 81
3 115 86 104
3 48 9 55
3 111 26 90
3 86 25 90
3 89 115 118
3 76 115 53
3 59 118 50
3 32 44 87
3 25 97 28
3 59 50 52
3 44 40 97
3 33 86 111
3 14 80 105
3 31 3 28
3 33 104 14
3 52 89 40
3 80 104 86
3 26 90 65
3 33 86 81
3 98 55 119
3 14 81 80
3 104 71 115
3 40 25 87
3 81 55 10
3 87 44 26

# Cells
5 0 1 2 3 4
5 5 6 7 8 9
5 10 11 12 13 14
5 15 16 17 18 19
5 20 21 22 23 24
5 25 26 27 28 29
5 30 31 32 33 34
5 35 36 37 38 39
5 40 41 42 43 44
5 45 46 47 48 49
5 50 51 52 53 54
5 55 56 57 58 59
5 60 61 62 63 64
5 65 66 67 68 69
5 70 71 72 73 74
5 75 76 77 78 79
5 80 81 82 83 84
5 85 86 87 88 89
5 90 91 92 93 94
5 95 96 97 98 99
5 100 101 102 103 104
5 105 106 107 108 109
5 110 111 112 113 114
5 115 116 117 118 119
5 120 121 122 123 124
5 125 126 127 128 129
5 130 131 132 133 134
5 135 136 137 138 139
5 140 141 142 143 144
5 145 146 147 148 149
5 150 151 152 153 154
5 155 156 157 158 159
5 160 161 162 163 164
5 165 166 167 168 169
5 170 171 172 173 174
5 175 176 177 178 179
5 180 181 182 183 184
5 185 186 187 188 189
5 190 191 192 193 194
5 195 196 197 198 199
5 200 201 202 203 204
5 205 206 207 208 209
5 210 211 212 213 214
5 215 216 217 218 219
5 220 221 222 223 224
5 225 226 227 228 229
5 230 231 232 233 234
5 235 236 237 238 239
5 240 241 242 243 244
5 245 246 247 248 249
5 250 251 252 253 254
5 255 256 257 258 259
5 260 261 262 263 264
5 265 266 267 268 269
5 270 271 272 273 274
5 275 276 277 278 279
5 280 281 282 283 284
5 285 286 287 288 289
5 290 291 292 293 294
5 142 295 296 297 298
5 299 300 301 302 303
5 251 304 305 306 307
5 308 309 310 311 312
5 313 314 315 316 317
5 318 319 320 321 322
5 269 323 324 325 326
5 157 327 328 329 330
5 162 331 332 333 334
5 292 335 336 337 338
5 120 197 339 340 341
5 148 342 343 344 345
5 346 347 348 349 350
5 351 352 353 354 355
5 356 357 358 359 360
5 361 362 363 364 365
5 366 367 368 369 370
5 371 372 373 374 375
5 376 377 378 379 380
5 381 382 383 384 385
5 386 387 388 389 390
5 391 392 393 394 395
5 396 397 398 399 400
5 401 402 403 404 405
5 406 407 408 409 410
5 411 412 413 414 415
5 416 417 418 419 420
5 181 421 422 423 424
5 425 426 427 428 429
5 430 431 432 433 434
5 435 436 437 438 439
5 440 441 442 443 444
5 445 446 447 448 449
5 450 451 452 453 454
5 455 456 457 458 459
5 42 460 461 462 463
5 464 465 466 467 468
5 469 470 471 472 473
5 474 475 476 477 478
5 479 480 481 482 483
5 484 485 486 487 488
5 489 490 491 492 493
5 494 495 496 497 498
5 499 500 501 502 503
5 504 505 506 507 508
5 509 510 511 512 513
5 514 515 516 517 518
5 519 520 521 522 523
5 524 525 526 527 528
5 529 530 531 532 533
5 534 535 536 537 538
5 539 540 541 542 543
5 544 545 546 547 548
5 549 550 551 552 553
5 554 555 556 557 558
5 559 560 561 562 563
5 564 565 566 567 568
5 569 570 571 572 573
5 574 575 576 577 578
5 579 580 581 582 583
5 584 585 586 587 588
5 312 589 590 591 592
5 593 594 595 596 597
5 598 599 600 601 602
5 603 604 605 606 607
5 608 609 610 611 612
5 336 613 614 615 616
5 617 618 619 620 621
5 622 623 624 625 626
5 627 628 629 630 631
5 84 513 632 633 634
5 494 635 636 637 638
5 639 640 641 642 643
5 392 644 645 646 647
5 648 649 650 651 652
5 653 654 655 656 657
5 658 659 660 661 662
5 479 663 664 665 666
5 667 668 669 670 671
5 376 672 673 674 675
5 676 677 678 679 680
5 0 681 682 683 684
5 473 685 686 687 688
5 689 690 691 692 693
5 694 695 696 697 698
5 191 699 700 701 702
5 703 704 705 706 707
5 229 708 709 710 711
5 712 713 714 715 716
5 717 718 719 720 721
5 722 723 724 725 726
5 196 727 728 729 730
5 731 732 733 734 735
5 736 737 738 739 740
5 741 742 743 744 745
5 408 746 747 748 749
5 750 751 752 753 754
5 432 755 756 757 758
5 418 759 760 761 762
5 763 764 765 766 767
5 768 769 770 771 772
5 773 774 775 776 777
5 18 778 779 780 781
5 604 654 782 783 784
5 79 785 786 787 788
5 789 790 791 792 793
5 1 794 795 796 797
5 798 799 800 801 802
5 743 803 804 805 806
5 45 617 807 808 809
5 810 811 812 813 814
5 738 815 816 817 818
5 250 819 820 821 822
5 241 823 824 825 826
5 827 828 829 830 831
5 832 833 834 835 836
5 282 837 838 839 840
5 293 841 842 843 844
5 20 845 846 847 848
5 849 850 851 852 853
5 261 854 855 856 857
5 55 858 859 860 861
5 862 863 864 865 866
5 867 868 869 870 871
5 372 872 873 874 875
5 562 876 877 878 879
5 567 880 881 882 883
5 884 885 886 887 888
5 238 889 890 891 892
5 893 894 895 896 897
5 532 898 899 900 901
5 528 902 903 904 905
5 200 906 907 908 909
5 569 910 911 912 913
5 914 915 916 917 918
5 919 920 921 922 923
5 924 925 926 927 928
5 309 929 930 931 932
5 766 904 933 934 935
5 769 936 937 938 939
5 940 941 942 943 944
5 299 945 946 947 948
5 720 782 949 950 951
5 952 953 954 955 956
5 704 811 957 958 959
5 340 960 961 962 963
5 168 964 965 966 967
5 968 969 970 971 972
5 737 973 974 975 976
5 977 978 979 980 981
5 982 983 984 985 986
5 75 506 987 988 989
5 990 991 992 993 994
5 95 492 995 996 997
5 73 998 999 1000 1001
5 1002 1003 1004 1005 1006
5 1007 1008 1009 1010 1011
5 72 1012 1013 1014 1015
5 1016 1017 1018 1019 1020
5 502 1021 1022 1023 1024
5 126 1025 1026 1027 1028
5 1029 1030 1031 1032 1033
5 167 1034 1035 1036 1037
5 480 1038 1039 1040 1041
5 1042 1043 1044 1045 1046
5 151 1047 1048 1049 1050
5 1051 1052 1053 1054 1055
5 1056 1057 1058 1059 1060
5 27 1061 1062 1063 1064
5 642 1065 1066 1067 1068
5 283 637 1069 1070 1071
5 1072 1073 1074 1075 1076
5 656 1077 1078 1079 1080
5 1081 1082 1083 1084 1085
5 650 1086 1087 1088 1089
5 674 1090 1091 1092 1093
5 664 1094 1095 1096 1097
5 443 1098 1099 1100 1101
5 147 1102 1103 1104 1105
5 1106 1107 1108 1109 1110
5 1111 1112 1113 1114 1115
5 1116 1117 1118 1119 1120
5 1121 1122 1123 1124 1125
5 690 1126 1127 1128 1129
5 1130 1131 1132 1133 1134
5 1135 1136 1137 1138 1139
5 685 799 1140 1141 1142
5 1143 1144 1145 1146 1147
5 1148 1149 1150 1151 1152
5 1153 1154 1155 1156 1157
5 1158 1159 1160 1161 1162
5 1104 1163 1164 1165 1166
5 1167 1168 1169 1170 1171
5 1172 1173 1174 1175 1176
5 1177 1178 1179 1180 1181
5 1182 1183 1184 1185 1186
5 1187 1188 1189 1190 1191
5 1192 1193 1194 1195 1196
5 1197 1198 1199 1200 1201
5 1044 1202 1203 1204 1205
5 1206 1207 1208 1209 1210
5 1211 1212 1213 1214 1215
5 1216 1217 1218 1219 1220
5 1221 1222 1223 1224 1225
5 1226 1227 1228 1229 1230
5 259 1231 1232 1233 1234
5 1235 1236 1237 1238 1239
5 1240 1241 1242 1243 1244
5 655 1245 1246 1247 1248
5 1249 1250 1251 1252 1253
5 660 1254 1255 1256 1257
5 124 1258 1259 1260 1261
5 1262 1263 1264 1265 1266
5 1267 1268 1269 1270 1271
5 673 1272 1273 1274 1275
5 1276 1277 1278 1279 1280
5 1281 1282 1283 1284 1285
5 670 1286 1287 1288 1289
5 1225 1290 1291 1292 1293
5 423 1294 1295 1296 1297
5 1298 1299 1300 1301 1302
5 263 891 1303 1304 1305
5 1306 1307 1308 1309 1310
5 897 1311 1312 1313 1314
5 49 875 1315 1316 1317
5 918 1318 1319 1320 1321
5 1322 1323 1324 1325 1326
5 629 1327 1328 1329 1330
5 1331 1332 1333 1334 1335
5 921 1336 1337 1338 1339
5 774 1340 1341 1342 1343
5 530 779 1344 1345 1346
5 687 1347 1348 1349 1350
5 817 1351 1352 1353 1354
5 683 1355 1356 1357 1358
5 1359 1360 1361 1362 1363
5 1364 1365 1366 1367 1368
5 1369 1370 1371 1372 1373
5 1149 1374 1375 1376 1377
5 725 791 1378 1379 1380
5 331 1381 1382 1383 1384
5 645 926 1385 1386 1387
5 1360 1388 1389 1390 1391
5 1392 1393 1394 1395 1396
5 834 1107 1397 1398 1399
5 1135 1340 1400 1401 1402
5 940 1403 1404 1405 1406
5 958 1407 1408 1409 1410
5 1193 1411 1412 1413 1414
5 1415 1416 1417 1418 1419
5 741 1211 1420 1421 1422
5 1209 1423 1424 1425 1426
5 1427 1428 1429 1430 1431
5 342 1243 1432 1433 1434
5 1236 1435 1436 1437 1438
5 507 1439 1440 1441 1442
5 573 1443 1444 1445 1446
5 713 1067 1447 1448 1449
5 1083 1450 1451 1452 1453
5 1454 1455 1456 1457 1458
5 1459 1460 1461 1462 1463
5 718 1079 1464 1465 1466
5 235 854 1467 1468 1469
5 1470 1471 1472 1473 1474
5 1475 1476 1477 1478 1479
5 702 1006 1480 1481 1482
5 984 1483 1484 1485 1486
5 912 1487 1488 1489 1490
5 1491 1492 1493 1494 1495
5 887 1496 1497 1498 1499
5 1500 1501 1502 1503 1504
5 709 964 1505 1506 1507
5 7 890 1508 1509 1510
5 914 1511 1512 1513 1514
5 453 993 1515 1516 1517
5 908 1518 1519 1520 1521
5 625 636 1522 1523 1524
5 438 1525 1526 1527 1528
5 1529 1530 1531 1532 1533
5 985 1534 1535 1536 1537
5 651 1538 1539 1540 1541
5 1542 1543 1544 1545 1546
5 352 1547 1548 1549 1550
5 881 1551 1552 1553 1554
5 756 1075 1555 1556 1557
5 1112 1188 1558 1559 1560
5 510 851 1561 1562 1563
5 747 1564 1565 1566 1567
5 313 1133 1568 1569 1570
5 495 837 1571 1572 1573
5 1086 1574 1575 1576 1577
5 1578 1579 1580 1581 1582
5 862 1583 1584 1585 1586
5 640 1587 1588 1589 1590
5 431 1591 1592 1593 1594
5 603 1595 1596 1597 1598
5 1599 1600 1601 1602 1603
5 121 1604 1605 1606 1607
5 411 1608 1609 1610 1611
5 952 1612 1613 1614 1615
5 658 945 1616 1617 1618
5 446 1619 1620 1621 1622
5 1623 1624 1625 1626 1627
5 828 1487 1628 1629 1630
5 1337 1420 1631 1632 1633
5 406 1029 1634 1635 1636
5 217 1501 1637 1638 1639
5 399 1435 1640 1641 1642
5 1643 1644 1645 1646 1647
5 1648 1649 1650 1651 1652
5 374 808 1653 1654 1655
5 980 1016 1656 1657 1658
5 1497 1659 1660 1661 1662
5 381 795 1663 1664 1665
5 973 1022 1666 1667 1668
5 34 1669 1670 1671 1672
5 1673 1674 1675 1676 1677
5 46 1369 1678 1679 1680
5 1444 1681 1682 1683 1684
5 240 983 1685 1686 1687
5 630 1688 1689 1690 1691
5 1692 1693 1694 1695 1696
5 25 668 1697 1698 1699
5 56 285 877 1700 1701
5 469 1702 1703 1704 1705
5 125 1706 1707 1708 1709
5 1356 1710 1711 1712 1713
5 165 225 1714 1715 1716
5 936 1717 1718 1719 1720
5 518 1721 1722 1723 1724
5 143 1725 1726 1727 1728
5 1729 1730 1731 1732 1733
5 1641 1734 1735 1736 1737
5 1738 1739 1740 1741 1742
5 1743 1744 1745 1746 1747
5 233 524 1748 1749 1750
5 265 1451 1562 1751 1752
5 931 1449 1753 1754 1755
5 550 1556 1756 1757 1758
5 961 1759 1760 1761 1762
5 1455 1550 1763 1764 1765
5 353 1620 1766 1767 1768
5 348 770 1769 1770 1771
5 1316 1772 1773 1774 1775
5 308 715 1587 1776 1777
5 398 1778 1779 1780 1781
5 391 1608 1782 1783 1784
5 868 1785 1786 1787 1788
5 1272 1789 1790 1791 1792
5 1185 1291 1793 1794 1795
5 383 682 1796 1797 1798
5 814 971 1799 1800 1801
5 388 1329 1802 1803 1804
5 99 1110 1805 1806 1807
5 425 1808 1809 1810 1811
5 570 827 1812 1813 1814
5 944 1815 1816 1817 1818
5 1201 1819 1820 1821 1822
5 556 1823 1824 1825 1826
5 1827 1828 1829 1830 1831
5 63 1832 1833 1834 1835
5 102 843 1268 1836 1837
5 1838 1839 1840 1841 1842
5 118 1843 1844 1845 1846
5 113 1847 1848 1849 1850
5 13 1659 1851 1852 1853
5 1393 1854 1855 1856 1857
5 1858 1859 1860 1861 1862
5 1863 1864 1865 1866 1867
5 1657 1868 1869 1870 1871
5 1652 1872 1873 1874 1875
5 1876 1877 1878 1879 1880
5 1643 1881 1882 1883 1884
5 1576 1885 1886 1887 1888
5 321 1889 1890 1891 1892
5 1708 1893 1894 1895 1896
5 1897 1898 1899 1900 1901
5 1902 1903 1904 1905 1906
5 211 1333 1889 1907 1908
5 146 1909 1910 1911 1912
5 198 1913 1914 1915 1916
5 804 1917 1918 1919 1920
5 1319 1492 1921 1922 1923
5 134 204 1924 1925 1926
5 230 1927 1928 1929 1930
5 176 1153 1931 1932 1933
5 1815 1934 1935 1936 1937
5 389 1101 1691 1938 1939
5 707 970 1940 1941 1942
5 1835 1943 1944 1945 1946
5 1808 1947 1948 1949 1950
5 677 1092 1951 1952 1953
5 357 1182 1400 1954 1955
5 698 1956 1957 1958 1959
5 428 1856 1960 1961 1962
5 455 1963 1964 1965 1966
5 1470 1967 1968 1969 1970
5 68 1746 1971 1972 1973
5 437 1026 1974 1975 1976
5 103 1977 1978 1979 1980
5 1981 1982 1983 1984 1985
5 304 477 1197 1986 1987
5 1882 1988 1989 1990 1991
5 1992 1993 1994 1995 1996
5 201 1429 1997 1998 1999
5 2000 2001 2002 2003 2004
5 363 810 1412 2005 2006
5 2007 2008 2009 2010 2011
5 30 1638 2012 2013 2014
5 1060 1618 2015 2016 2017
5 727 1605 2018 2019 2020
5 109 468 2021 2022 2023
5 902 1624 1927 2024 2025
5 65 1281 2026 2027 2028
5 915 2029 2030 2031 2032
5 91 1909 2033 2034 2035
5 255 1013 1583 2036 2037
5 40 1460 2038 2039 2040
5 801 1042 1704 2041 2042
5 1602 2043 2044 2045 2046
5 22 1967 2047 2048 2049
5 785 1440 2050 2051 2052
5 1002 1614 2053 2054 2055
5 86 845 2056 2057 2058
5 575 1934 2059 2060 2061
5 1031 1565 1729 2062 2063
5 215 2064 2065 2066 2067
5 555 2068 2069 2070 2071
5 208 860 2072 2073 2074
5 1947 2075 2076 2077 2078
5 1551 2079 2080 2081 2082
5 1382 2083 2084 2085 2086
5 2087 2088 2089 2090 2091
5 1647 2071 2092 2093 2094
5 1974 2095 2096 2097 2098
5 170 2026 2099 2100 2101
5 1334 1982 2102 2103 2104
5 476 819 2105 2106 2107
5 457 1932 2108 2109 2110
5 1283 1743 2111 2112 2113
5 464 1132 1902 2114 2115
5 893 2116 2117 2118 2119
5 505 2120 2121 2122 2123
5 2124 2125 2126 2127 2128
5 488 1686 2129 2130 2131
5 514 1515 2132 2133 2134
5 1143 1512 2135 2136 2137
5 210 1158 1530 2138 2139
5 1178 2140 2141 2142 2143
5 226 2144 2145 2146 2147
5 130 1520 1692 2148 2149
5 765 1749 2150 2151 2152
5 1407 1413 2153 2154 2155
5 1091 2156 2157 2158 2159
5 1719 2160 2161 2162 2163
5 1403 2059 2164 2165 2166
5 266 2167 2168 2169 2170
5 275 1813 2171 2172 2173
5 281 623 2174 2175 2176
5 621 1772 2177 2178 2179
5 50 290 1977 2180 2181
5 442 1803 2007 2182 2183
5 585 2184 2185 2186 2187
5 12 732 2188 2189 2190
5 2191 2192 2193 2194 2195
5 2136 2196 2197 2198 2199
5 2200 2201 2202 2203 2204
5 380 2205 2206 2207 2208
5 31 2064 2209 2210 2211
5 2212 2213 2214 2215 2216
5 755 2217 2218 2219 2220
5 205 560 2221 2222 2223
5 2224 2225 2226 2227 2228
5 427 522 2229 2230 2231
5 2232 2233 2234 2235 2236
5 557 1883 2237 2238 2239
5 112 460 2240 2241 2242
5 576 2045 2243 2244 2245
5 475 2246 2247 2248 2249
5 2250 2251 2252 2253 2254
5 624 1572 2255 2256 2257
5 593 1629 2258 2259 2260
5 600 2009 2261 2262 2263
5 100 2264 2265 2266 2267
5 1679 2268 2269 2270 2271
5 1018 2272 2273 2274 2275
5 366 1066 2276 2277 2278
5 693 1737 2279 2280 2281
5 403 1061 2282 2283 2284
5 1727 2285 2286 2287 2288
5 2289 2290 2291 2292 2293
5 38 1644 2294 2295 2296
5 1396 2297 2298 2299 2300
5 214 1985 2301 2302 2303
5 175 1963 2304 2305 2306
5 2307 2308 2309 2310 2311
5 2154 2312 2313 2314 2315
5 520 2316 2317 2318 2319
5 2320 2321 2322 2323 2324
5 649 1010 2325 2326 2327
5 2328 2329 2330 2331 2332
5 1014 2333 2334 2335 2336
5 2337 2338 2339 2340 2341
5 587 2241 2342 2343 2344
5 1426 2320 2345 2346 2347
5 59 2223 2348 2349 2350
5 2249 2351 2352 2353 2354
5 2314 2355 2356 2357 2358
5 2120 2359 2360 2361 2362
5 548 1301 1504 2363 2364
5 2365 2366 2367 2368 2369
5 1326 2370 2371 2372 2373
5 565 1873 2374 2375 2376
5 1428 1519 2377 2378 2379
5 525 2380 2381 2382 2383
5 1332 1531 2384 2385 2386
5 1148 1338 2387 2388 2389
5 2390 2391 2392 2393 2394
5 849 2168 2395 2396 2397
5 302 2398 2399 2400 2401
5 753 1906 2402 2403 2404
5 2176 2405 2406 2407 2408
5 1118 1375 2409 2410 2411
5 2001 2305 2412 2413 2414
5 601 2415 2416 2417 2418
5 1122 1207 2419 2420 2421
5 1127 1994 2422 2423 2424
5 2425 2426 2427 2428 2429
5 414 927 2430 2431 2432
5 1363 2433 2434 2435 2436
5 618 1371 2437 2438 2439
5 92 1102 1242 2440 2441
5 2192 2442 2443 2444 2445
5 2016 2400 2446 2447 2448
5 2219 2449 2450 2451 2452
5 1300 2013 2453 2454 2455
5 2456 2457 2458 2459 2460
5 2461 2462 2463 2464 2465
5 2466 2467 2468 2469 2470
5 1874 2203 2471 2472 2473
5 2030 2196 2474 2475 2476
5 1162 2477 2478 2479 2480
5 939 1365 2481 2482 2483
5 2484 2485 2486 2487 2488
5 2489 2490 2491 2492 2493
5 2494 2495 2496 2497 2498
5 4 2499 2500 2501 2502
5 2503 2504 2505 2506 2507
5 1894 2508 2509 2510 2511
5 51 613 2226 2512 2513
5 962 2514 2515 2516 2517
5 1269 2518 2519 2520 2521
5 1256 2447 2522 2523 2524
5 2257 2525 2526 2527 2528
5 354 1266 2529 2530 2531
5 2343 2532 2533 2534 2535
5 370 1590 2536 2537 2538
5 2539 2540 2541 2542 2543
5 2352 2544 2545 2546 2547
5 404 1287 2548 2549 2550
5 2333 2551 2552 2553 2554
5 1284 2555 2556 2557 2558
5 286 1829 2559 2560 2561
5 1372 1775 2562 2563 2564
5 2454 2565 2566 2567 2568
5 1461 2569 2570 2571 2572
5 441 598 628 2573 2574
5 1998 2575 2576 2577 2578
5 249 2579 2580 2581 2582
5 244 2583 2584 2585 2586
5 2475 2587 2588 2589 2590
5 276 1445 2591 2592 2593
5 2594 2595 2596 2597 2598
5 2599 2600 2601 2602 2603
5 139 2199 2604 2605 2606
5 2202 2607 2608 2609 2610
5 131 1430 2425 2611 2612
5 1715 2088 2495 2613 2614
5 330 2464 2615 2616 2617
5 2444 2618 2619 2620 2621
5 764 1929 2600 2622 2623
5 319 2103 2596 2624 2625
5 422 1048 2626 2627 2628
5 2286 2629 2630 2631 2632
5 748 2633 2634 2635 2636
5 1168 1297 1674 2637 2638
5 1541 2639 2640 2641 2642
5 1826 1991 2643 2644 2645
5 1306 1416 2109 2646 2647
5 1342 1793 2648 2649 2650
5 739 1187 2651 2652 2653
5 105 750 1130 2654 2655
5 62 1208 2656 2657 2658
5 1140 1203 2659 2660 2661
5 1238 1780 1995 2662 2663
5 744 919 1119 2664 2665
5 531 1859 2666 2667 2668
5 384 1277 1712 2669 2670
5 1245 2671 2672 2673 2674
5 237 1179 1475 2675 2676
5 577 2677 2678 2679 2680
5 539 2681 2682 2683 2684
5 1192 1800 2685 2686 2687
5 1231 2336 2688 2689 2690
5 461 2691 2692 2693 2694
5 470 1204 2337 2695 2696
5 1722 2697 2698 2699 2700
5 1877 2218 2701 2702 2703
5 815 1023 1559 2704 2705
5 1009 1863 2706 2707 2708
5 1074 1593 2709 2710 2711
5 729 2516 2712 2713 2714
5 81 852 1084 2715 2716
5 882 1649 2717 2718 2719
5 67 2291 2720 2721 2722
5 759 1094 2723 2724 2725
5 1389 1441 2726 2727 2728
5 1500 1670 2729 2730 2731
5 158 2118 2732 2733 2734
5 1707 2098 2735 2736 2737
5 115 2083 2738 2739 2740
5 925 1783 2741 2742 2743
5 1949 2298 2744 2745 2746
5 2553 2747 2748 2749 2750
5 722 978 2751 2752 2753
5 2754 2755 2756 2757 2758
5 1390 2123 2759 2760 2761
5 1730 2633 2762 2763 2764
5 396 689 2765 2766 2767
5 2697 2768 2769 2770 2771
5 1532 1981 2772 2773 2774
5 140 1957 2775 2776 2777
5 1676 2627 2778 2779 2780
5 110 2038 2184 2781 2782
5 2100 2290 2783 2784 2785
5 314 752 1228 2786 2787
5 305 2788 2789 2790 2791
5 1462 1848 2693 2792 2793
5 163 1844 2794 2795 2796
5 1405 1600 2677 2797 2798
5 54 2267 2799 2800 2801
5 731 886 2802 2803 2804
5 1423 1832 2805 2806 2807
5 878 1827 2073 2808 2809
5 36 2238 2810 2811 2812
5 1392 1810 2316 2813 2814
5 96 835 2815 2816 2817
5 859 2251 2560 2818 2819
5 1348 2820 2821 2822 2823
5 2043 2164 2212 2824 2825
5 824 1483 2826 2827 2828
5 540 848 1472 2829 2830
5 491 833 2831 2832 2833
5 1490 1681 2834 2835 2836
5 401 867 1697 2837 2838
5 911 2839 2840 2841 2842
5 2843 2844 2845 2846 2847
5 899 2754 2848 2849 2850
5 1787 2549 2851 2852 2853
5 1797 2854 2855 2856 2857
5 699 1612 2442 2858 2859
5 735 1662 1838 2860 2861
5 2742 2862 2863 2864 2865
5 678 2456 2866 2867 2868
5 117 2869 2870 2871 2872
5 2171 2258 2839 2873 2874
5 695 2630 2875 2876 2877
5 85 2048 2878 2879 2880
5 436 2125 2881 2882 2883
5 5 1467 2140 2884 2885
5 327 894 2886 2887 2888
5 1138 2889 2890 2891 2892
5 2160 2893 2894 2895 2896
5 232 2897 2898 2899 2900
5 188 2117 2901 2902 2903
5 661 1580 2904 2905 2906
5 135 1491 1513 2907 2908
5 800 2821 2909 2910 2911
5 694 1725 2307 2912 2913
5 1438 2914 2915 2916 2917
5 1543 2918 2919 2920 2921
5 2095 2509 2922 2923 2924
5 179 1419 2925 2926 2927
5 395 1055 2928 2929 2930
5 2246 2790 2931 2932 2933
5 362 703 2313 2934 2935
5 2078 2319 2936 2937 2938
5 161 2232 2738 2939 2940
5 106 1226 2941 2942 2943
5 490 1106 1216 2944 2945
5 1191 1667 2946 2947 2948
5 223 1536 2949 2950 2951
5 2081 2374 2607 2952 2953
5 1626 2382 2898 2954 2955
5 1116 1213 2388 2956 2957
5 11 885 2958 2959 2960
5 1654 2269 2961 2962 2963
5 187 2887 2964 2965 2966
5 1039 2539 2724 2967 2968
5 2555 2785 2969 2970 2971
5 2201 2972 2973 2974 2975
5 2327 2976 2977 2978 2979
5 419 665 2980 2981 2982
5 1027 2126 2508 2983 2984
5 724 1868 2985 2986 2987
5 433 551 1876 2988 2989
5 1545 2133 2770 2990 2991
5 150 180 2992 2993 2994
5 515 2918 2995 2996 2997
5 222 485 1484 2998 2999
5 1538 1885 2706 3000 3001
5 70 864 2747 3002 3003
5 445 579 1547 3004 3005
5 2157 2205 2867 3006 3007
5 172 2111 3008 3009 3010
5 947 1578 3011 3012 3013
5 367 714 3014 3015 3016
5 950 2672 3017 3018 3019
5 1936 2213 3020 3021 3022
5 590 3015 3023 3024 3025
5 1366 3026 3027 3028 3029
5 218 545 2567 3030 3031
5 1144 1320 2587 3032 3033
5 1154 2413 3034 3035 3036
5 2386 2597 3037 3038 3039
5 1249 2631 2775 3040 3041
5 991 1723 2391 3042 3043
5 1259 1759 2366 3044 3045
5 1049 3046 3047 3048 3049
5 349 2894 3050 3051 3052
5 23 2682 3053 3054 3055
5 1383 1845 3056 3057 3058
5 1359 2050 2361 3059 3060
5 324 509 3061 3062 3063
5 1944 2346 3064 3065 3066
5 337 1270 3067 3068 3069
5 256 998 3070 3071 3072
5 710 2089 3073 3074 3075
5 2054 2620 3076 3077 3078
5 499 1353 3079 3080 3081
5 922 1376 1919 3082 3083
5 1734 3084 3085 3086 3087
5 1693 2426 3088 3089 3090
5 1410 2686 3091 3092 3093
5 1738 2982 3094 3095 3096
5 1456 1768 3097 3098 3099
5 1791 1953 3100 3101 3102
5 1128 1779 3086 3103 3104
5 16 900 3105 3106 3107
5 1979 2225 3067 3108 3109
5 347 1718 3026 3110 3111
5 790 979 3112 3113 3114
5 451 2390 2996 3115 3116
5 856 1476 3117 3118 3119
5 2500 2854 3120 3121 3122
5 1036 2497 3123 3124 3125
5 2478 2595 2773 3126 3127
5 1606 2367 2514 3128 3129
5 771 2895 3130 3131 3132
5 2977 3133 3134 3135 3136
5 452 1544 3137 3138 3139
5 409 3140 3141 3142 3143
5 2273 2751 3144 3145 3146
5 192 2193 2329 3147 3148
5 501 1115 3149 3150 3151
5 2163 3152 3153 3154 3155
5 1217 3156 3157 3158 3159
5 2280 2916 3160 3161 3162
5 1137 3163 3164 3165 3166
5 1214 3167 3168 3169 3170
5 1165 3171 3172 3173 3174
5 1051 1610 3175 3176 3177
5 2881 2923 3178 3179 3180
5 1089 3133 3181 3182 3183
5 1184 2889 3184 3185 3186
5 184 1170 3187 3188 3189
5 2652 3190 3191 3192 3193
5 2405 3194 3195 3196 3197
5 1820 2106 2545 3198 3199
5 2434 3200 3201 3202 3203
5 2660 3204 3205 3206 3207
5 1849 2534 3208 3209 3210
5 3054 3211 3212 3213 3214
5 2504 2970 3009 3215 3216
5 1124 2806 3217 3218 3219
5 2244 2469 3021 3220 3221
5 1072 2451 3222 3223 3224
5 2668 3225 3226 3227 3228
5 2075 2230 3229 3230 3231
5 1648 2079 2972 3232 3233
5 1636 2763 3234 3235 3236
5 2158 3237 3238 3239 3240
5 93 2372 3171 3241 3242
5 2863 3176 3243 3244 3245
5 76 2360 3200 3246 3247
5 1294 3046 3248 3249 3250
5 2876 3251 3252 3253 3254
5 3052 3255 3256 3257 3258
5 2020 3259 3260 3261 3262
5 1019 2487 3263 3264 3265
5 359 3164 3266 3267 3268
5 796 1710 3269 3270 3271
5 37 2068 3272 3273 3274
5 1756 2702 3275 3276 3277
5 2700 2921 3278 3279 3280
5 3281 3282 3283 3284 3285
5 483 3286 3287 3288 3289
5 2130 2950 3290 3291 3292
5 373 1173 2178 3293 3294
5 1253 3254 3295 3296 3297
5 2849 3226 3298 3299 3300
5 1248 2847 3301 3302 3303
5 2094 2644 3304 3305 3306
5 1895 3307 3308 3309 3310
5 1159 1890 3038 3311 3312
5 2274 2985 3313 3314 3315
5 2332 3316 3317 3318 3319
5 1169 3320 3321 3322 3323
5 1147 1495 3324 3325 3326
5 3327 3328 3329 3330 3331
5 1262 3099 3332 3333 3334
5 780 1860 3335 3336 3337
5 2543 3338 3339 3340 3341
5 2295 3342 3343 3344 3345
5 2394 3280 3346 3347 3348
5 2189 3283 3349 3350 3351
5 792 1870 2485 3352 3353
5 1867 3354 3355 3356 3357
5 609 2142 3118 3358 3359
5 3306 3345 3360 3361 3362
5 1111 1352 3191 3363 3364
5 1993 2766 2915 3365 3366
5 1346 2758 3367 3368 3369
5 1349 2340 3207 3370 3371
5 1880 3330 3372 3373 3374
5 521 1855 3375 3376 3377
5 2252 2349 3378 3379 3380
5 3236 3381 3382 3383 3384
5 1062 1288 2579 3385 3386
5 2501 3387 3388 3389 3390
5 1263 1765 3391 3392 3393
5 1057 2905 3394 3395 3396
5 535 2636 3397 3398 3399
5 3027 3153 3257 3400 3401
5 2127 3307 3402 3403 3404
5 1958 3295 3405 3406 3407
5 173 1972 3408 3409 3410
5 2235 3411 3412 3413 3414
5 1260 1913 3260 3415 3416
5 1071 1898 3194 3417 3418
5 358 775 1290 3419 3420
5 129 1528 3403 3421 3422
5 1323 1433 2035 3423 3424
5 2145 2496 3425 3426 3427
5 1008 1575 3428 3429 3430
5 538 1566 3431 3432 3433
5 3095 3288 3434 3435 3436
5 2234 2869 3437 3438 3439
5 2227 2264 2518 3440 3441
5 3143 3383 3398 3442 3443
5 1357 3387 3444 3445 3446
5 3447 3448 3449 3450 3451
5 1081 2169 3452 3453 3454
5 1591 2450 3373 3455 3456
5 1078 1595 2843 3457 3458
5 2457 3101 3237 3459 3460
5 2581 2853 3461 3462 3463
5 612 3464 3465 3466 3467
5 2903 3468 3469 3470 3471
5 966 2090 3472 3473 3474
5 289 3380 3475 3476 3477
5 2993 3249 3322 3478 3479
5 2368 3261 3480 3481 3482
5 2299 2937 3483 3484 3485
5 2151 3486 3487 3488 3489
5 2864 2929 3490 3491 3492
5 3493 3494 3495 3496 3497
5 2540 3287 3498 3499 3500
5 1585 2552 3501 3502 3503
5 1164 3504 3505 3506 3507
5 1198 2353 3508 3509 3510
5 2909 3204 3511 3512 3513
5 89 1473 3449 3514 3515
5 1481 2328 2619 3516 3517
5 2309 3251 3518 3519 3520
5 2085 3411 3521 3522 3523
5 2462 2966 3524 3525 3526
5 1196 2357 3527 3528 3529
5 345 3507 3530 3531 3532
5 543 3450 3533 3534 3535
5 2489 2795 3437 3536 3537
5 1221 3184 3267 3538 3539
5 2287 3519 3540 3541 3542
5 616 2521 3543 3544 3545
5 591 2538 3546 3547 3548
5 2481 3154 3549 3550 3551
5 2649 2891 3552 3553 3554
5 1553 3555 3556 3557 3558
5 2429 2578 3559 3560 3561
5 2210 2565 3562 3563 3564
5 2283 3462 3565 3566 3567
5 2057 3211 3534 3568 3569
5 1180 1508 3464 3570 3571
5 1524 3195 3572 3573 3574
5 1313 3470 3524 3575 3576
5 2947 3150 3577 3578 3579
5 594 2835 3580 3581 3582
5 2591 2842 3580 3583 3584
5 2002 2926 3585 3586 3587
5 2186 2569 3208 3588 3589
5 2871 3522 3590 3591 3592
5 1864 2640 2978 3593 3594
5 1241 2371 3504 3595 3596
5 2379 3089 3597 3598 3599
5 156 186 3600 3601 3602
5 1098 2416 3603 3604 3605
5 1175 2438 2962 3606 3607
5 580 2529 3608 3609 3610
5 2022 2403 3611 3612 3613
5 1097 1739 3498 3614 3615
5 1056 3012 3616 3617 3618
5 2602 2899 3488 3619 3620
5 2803 3282 3621 3622 3623
5 272 1398 3157 3624 3625
5 2324 2421 3495 3626 3627
5 2490 3057 3591 3628 3629
5 1839 3623 3630 3631 3632
5 3227 3369 3633 3634 3635
5 1001 2688 3636 3637 3638
5 633 1452 3639 3640 3641
5 2658 3066 3496 3642 3643
5 1157 1310 3586 3644 3645
5 2609 3558 3646 3647 3648
5 762 1742 3339 3649 3650
5 840 1901 3651 3652 3653
5 484 825 3654 3655 3656
5 1941 2355 3092 3657 3658
5 1745 2505 3659 3660 3661
5 2585 3290 3662 3663 3664
5 3074 3427 3665 3666 3667
5 273 1807 3668 3669 3670
5 245 669 1786 3671 3672
5 1842 3351 3673 3674 3675
5 1280 2857 3445 3676 3677
5 566 3647 3678 3679 3680
5 561 3477 3681 3682 3683
5 1303 1479 3465 3684 3685
5 2533 2692 3686 3687 3688
5 2524 3395 3689 3690 3691
5 3224 3276 3329 3692 3693
5 1229 3612 3694 3695 3696
5 325 3639 3697 3698 3699
5 2381 3487 3700 3701 3702
5 1275 3240 3703 3704 3705
5 3077 3317 3706 3707 3708
5 607 3302 3709 3710 3711
5 2408 2528 3653 3712 3713
5 2432 3244 3714 3715 3716
5 1818 2468 2679 3717 3718
5 1003 3316 3719 3720 3721
5 1762 1916 3722 3723 3724
5 1988 3342 3725 3726 3727
5 17 2755 3728 3729 3730
5 1312 2615 3731 3732 3733
5 1888 3355 3734 3735 3736
5 301 1255 3737 3738 3739
5 842 2800 3543 3740 3741
5 377 679 3742 3743 3744
5 534 1733 3745 3746 3747
5 552 2710 3327 3748 3749
5 1498 3631 3750 3751 3752
5 992 2769 3753 3754 3755
5 1032 3756 3757 3758 3759
5 417 1040 3760 3761 3762
5 193 954 3720 3763 3764
5 2750 3636 3765 3766 3767
5 498 1897 3768 3769 3770
5 2760 3201 3771 3772 3773
5 3192 3577 3774 3775 3776
5 1387 3491 3777 3778 3779
5 1688 2417 3780 3781 3782
5 1152 3170 3783 3784 3785
5 2641 3182 3734 3786 3787
5 3180 3308 3788 3789 3790
5 3381 3746 3759 3791 3792
5 2606 3325 3793 3794 3795
5 3125 3473 3796 3797 3798
5 2844 3799 3800 3801 3802
5 364 968 3528 3803 3804
5 1415 1965 3805 3806 3807
5 61 1123 3808 3809 3810
5 1632 1918 3783 3811 3812
5 1911 3173 3813 3814 3815
5 641 930 3816 3817 3818
5 583 3392 3819 3820 3821
5 988 3772 3822 3823 3824
5 2778 3187 3825 3826 3827
5 1466 2673 3801 3828 3829
5 1525 2736 3789 3830 3831
5 296 1250 3541 3832 3833
5 976 3081 3775 3834 3835
5 2558 2721 3660 3836 3837
5 254 1821 3838 3839 3840
5 317 1903 3841 3842 3843
5 1222 3553 3844 3845 3846
5 1237 3085 3847 3848 3849
5 2728 3824 3850 3851 3852
5 1322 3531 3814 3853 3854
5 1790 3743 3855 3856 3857
5 1926 3560 3858 3859 3860
5 2486 3314 3861 3862 3863
5 2789 3509 3864 3865 3866
5 271 2816 3867 3868 3869
5 1174 2564 3870 3871 3872
5 1625 2601 3873 3874 3875
5 1601 2467 3876 3877 3878
5 2460 3857 3879 3880 3881
5 2713 3480 3723 3882 3883
5 207 2253 3884 3885 3886
5 2974 3555 3887 3888 3889
5 820 2932 3890 3891 3892
5 1569 2942 3893 3894 3895
5 2960 3284 3896 3897 3898
5 2879 3213 3899 3900 3901
5 2399 3617 3902 3903 3904
5 2463 3602 3905 3906 3907
5 2575 3598 3908 3909 3910
5 1621 3609 3911 3912 3913
5 2010 3604 3914 3915 3916
5 3112 3263 3917 3918 3919
5 136 2031 3920 3921 3922
5 1035 2146 3923 3924 3925
5 1861 3107 3926 3927 3928
5 2067 2730 3929 3930 3931
5 3715 3779 3932 3933 3934
5 3273 3361 3935 3936 3937
5 3377 3484 3938 3939 3940
5 3019 3711 3941 3942 3943
5 3271 3390 3944 3945 3946
5 1852 3674 3947 3948 3949
5 831 1684 3950 3951 3952
5 1970 2683 3953 3954 3955
5 2472 3680 3956 3957 3958
5 3840 3866 3959 3960 3961
5 3696 3842 3962 3963 3964
5 1675 3049 3965 3966 3967
5 3655 3663 3968 3969 3970
5 458 3035 3971 3972 3973
5 1220 3668 3974 3975 3976
5 2321 3219 3977 3978 3979
5 1754 3023 3980 3981 3982
5 1703 2822 3983 3984 3985
5 1367 1771 3986 3987 3988
5 865 3071 3989 3990 3991
5 2397 3062 3992 3993 3994
5 3454 3699 3995 3996 3997
5 3546 3818 3998 3999 4000
5 3132 3549 4001 4002 4003
5 1045 3512 4004 4005 4006
5 1233 3503 4007 4008 4009
5 2572 3688 4010 4011 4012
5 449 1457 4013 4014 4015
5 872 2270 3870 4016 4017
5 1298 1671 4018 4019 4020
5 2833 3158 4021 4022 4023
5 1534 2584 4024 4025 4026
5 3337 3635 4027 4028 4029
5 1327 2262 4030 4031 4032
5 2525 3573 3769 4033 4034
5 1830 3681 3885 4035 4036
5 871 3566 4037 4038 4039
5 3340 3436 3762 4040 4041
5 3140 3431 3756 4042 4043
5 2292 2506 3409 4044 4045
5 8 262 608 4046 4047
5 413 646 4048 4049 4050
5 2208 3704 3880 4051 4052
5 334 2493 3414 4053 4054
5 297 2310 3405 4055 4056
5 788 2435 3851 4057 4058
5 1960 2745 4059 4060 4061
5 941 2216 3878 4062 4063
5 805 2410 3167 4064 4065
5 220 3969 4066 4067 4068
5 996 3975 4069 4070 4071
5 3819 4015 4072 4073 4074
5 1696 3858 4075 4076 4077
5 3781 4032 4078 4079 4080
5 2734 3731 4081 4082 4083
5 1581 3738 4084 4085 4086
5 1379 3862 4087 4088 4089
5 28 246 4038 4090 4091
5 320 2303 2479 4092 4093
5 3800 3942 4094 4095 4096
5 80 3993 3996 4097 4098
5 776 3165 3845 4099 4100
5 3667 3797 4101 4102 4103
5 3564 4020 4104 4105 4106
5 2590 3795 4107 4108 4109
5 3729 4028 4110 4111 4112
5 3494 3810 4113 4114 4115
5 279 597 3952 4116 4117
5 1276 3945 4118 4119 4120
5 935 3702 3875 4121 4122
5 3136 3356 3430 4123 4124
5 2339 3984 4006 4125 4126
5 3256 3986 4002 4127 4128
5 544 3930 4105 4129 4130
5 2423 3162 3848 4131 4132
5 3333 3913 4073 4133 4134
5 3298 3927 4110 4135 4136
5 2277 3981 3999 4137 4138
5 955 2194 3707 4139 4140
5 1823 3935 4141 4142 4143
5 719 1596 4094 4144 4145
5 2546 3891 3960 4146 4147
5 465 3894 3962 4148 4149
5 386 3915 4079 4150 4151
5 3230 3938 4060 4152 4153
5 907 3909 4076 4154 4155
5 2827 4024 4066 4156 4157
5 3867 4022 4069 4158 4159
5 154 3826 4160 4161 4162
5 2003 3806 4163 4164 4165
5 3765 3991 4008 4166 4167
5 1665 3121 4119 4168 4169
5 3139 3347 3755 4170 4171
5 1307 3973 4164 4172 4173
5 3750 3897 3947 4174 4175
5 3447 3900 3954 4176 4177
5 3689 3902 4086 4178 4179
5 1922 3921 4108 4180 4181
5 2812 3726 4142 4182 4183
5 2718 3888 3956 4184 4185
5 3320 3965 4162 4186 4187
5 43 586 4010 4188 4189
5 3145 3918 4087 4190 4191
5 1052 3932 4049 4192 4193
5 3469 3905 4082 4194 4195
5 1945 3978 4113 4196 4197
5 1505 3924 4101 4198 4199
4 21 2056 2878 3212
4 53 1978 2224 2266
4 41 584 2242 2782
4 6 260 892 1469
4 32 1637 2065 2729
4 58 876 2072 2222
4 2 1663 1796 3120
4 26 2284 2838 4037
4 48 874 1653 2268
4 10 734 884 1661
4 15 898 1345 2757
4 35 1646 2070 2237
4 104 841 2181 2799
4 111 463 2040 2792
4 87 846 1471 2047
4 66 2099 2289 3408
4 116 2794 2940 3439
4 90 1103 1910 3172
4 71 863 2036 3070
4 82 512 853 3992
4 108 467 1131 3893
4 60 1121 1206 2805
4 78 504 2052 2359
4 98 489 832 1109
4 145 1432 2033 2440
4 171 1971 2028 2113
4 160 1381 1843 2739
4 127 1527 1976 2735
4 178 1418 1964 2108
4 152 182 2626 3825
4 122 195 2018 3415
4 144 1956 2913 4055
4 166 228 1507 3923
4 133 203 1427 1518
4 138 1511 2029 2198
4 155 185 2116 2886
4 216 2012 2209 2566
4 209 861 2250 2348
4 236 1177 1510 2885
4 221 1485 1535 4156
4 190 953 2191 2858
4 231 527 2025 2954
4 213 1331 1529 1984
4 24 1968 2681 2829
4 288 879 1831 3683
4 277 1446 1814 3951
4 29 247 671 3386
4 294 1837 1980 3068
4 267 1561 2395 3061
4 243 2129 3656 3664
4 264 611 3119 3685
4 284 2407 3418 3651
4 252 1819 1987 2107
4 258 1000 1015 2690
4 270 1399 1806 2817
4 343 1912 3423 3853
4 318 1908 2104 2302
4 329 896 2733 3733
4 306 1199 3839 3864
4 333 2492 2796 3058
4 338 844 1271 3545
4 295 1251 2776 3407
4 311 716 1755 3025
4 341 1258 1760 1915
4 300 1254 1616 2446
4 315 754 1134 1905
4 323 511 1752 3640
4 375 809 1315 2177
4 382 681 794 1711
4 402 1064 1286 1699
4 351 1619 3004 3608
4 387 1100 2183 3914
4 394 1054 1609 4048
4 356 773 1401 3163
4 361 705 812 969
4 397 692 1736 3103
4 346 768 1717 2893
4 369 712 1065 1589
4 379 676 1090 3007
4 421 1047 2992 3248
4 439 1028 2128 3422
4 456 1931 2304 3034
4 412 644 924 1782
4 447 1454 1548 1766
4 444 631 1804 1939
4 280 622 635 1571
4 416 663 1038 2723
4 450 1542 2132 2995
4 407 1030 1564 4042
4 426 1948 3229 4059
4 434 553 1557 2711
4 482 2980 3435 3761
4 517 1516 3043 3116
4 497 839 1070 1900
4 472 1142 1202 2041
4 500 1113 1351 2704
4 307 474 822 2931
4 487 823 1486 1685
4 563 1701 2350 3475
4 571 2173 2593 2841
4 541 847 3053 3568
4 526 934 2150 3700
4 549 1878 3277 3328
4 578 1937 3221 3718
4 529 778 1858 3106
4 219 546 1503 3929
4 568 1875 2719 3957
4 429 519 1854 2813
4 537 1567 1731 2635
4 558 1884 2092 2643
4 9 610 2143 3571
4 620 1655 3294 3606
4 440 599 2008 3603
4 588 2535 3589 4012
4 626 2406 2527 3574
4 268 1450 3452 3697
4 3 1355 3269 3388
4 278 595 2874 3584
4 615 2228 2520 3069
4 581 1549 2530 3393
4 589 1777 2537 3016
4 605 657 3301 3458
4 653 949 1465 2671
4 639 929 1448 1776
4 672 1789 1952 3742
4 659 946 1579 3737
4 634 1453 1563 2716
4 667 1785 2548 2837
4 648 1007 1574 3000
4 708 967 1716 2087
4 339 728 1604 2515
4 697 1726 2629 2777
4 717 784 1077 1598
4 723 789 981 1871
4 686 802 1705 2820
4 701 1005 1613 3763
4 761 1096 1741 2981
4 757 1757 2701 2988
4 763 903 1750 1930
4 736 1190 1666 2705
4 746 1634 2062 2762
4 742 920 1631 1917
4 786 989 1442 3850
4 818 974 1021 3080
4 806 2411 2665 3082
4 869 1698 3671 4090
4 572 830 1489 1683
4 858 1700 2559 2808
4 239 857 1305 1477
4 917 1921 2907 3920
4 909 1924 2149 4075
4 910 1628 1812 2873
4 880 1651 2080 2376
4 937 1364 1769 3110
4 956 2053 3706 3719
4 959 1801 1942 3093
4 933 2024 2622 3873
4 199 963 2714 3724
4 942 1935 2165 2214
4 995 2815 2832 4158
4 999 3003 3767 3990
4 242 982 2828 4026
4 990 1721 2134 2768
4 1034 1714 2144 2494
4 986 2131 2951 2999
4 1012 1584 2551 3002
4 1024 1560 2948 3151
4 798 1043 2659 3511
4 977 1017 3144 3917
4 481 1095 2968 3500
4 1069 1522 2175 3197
4 1087 2325 3135 3429
4 1059 1617 2904 3011
4 758 1073 1592 2449
4 850 1082 1751 2167
4 957 2005 2153 2934
4 1126 1778 1992 2765
4 1136 1955 3186 3266
4 745 1120 1212 4064
4 1099 1689 2415 2574
4 1181 1478 3359 3467
4 1176 2179 2439 2563
4 1150 2409 2956 3169
4 360 1186 1292 3539
4 1163 2441 3242 3595
4 1145 2197 2588 3794
4 547 1302 2568 4104
4 189 3471 3526 3906
4 177 1155 2412 3585
4 1161 1533 3037 3127
4 183 1171 1295 3479
4 344 1105 1240 3505
4 1215 1633 2389 3784
4 1223 1795 3185 3552
4 478 1200 2351 3199
4 107 751 1227 3611
4 1234 2037 2334 3501
4 1114 1189 3190 3578
4 1205 2341 3206 4005
4 1239 1996 2917 4132
4 1195 2155 2358 3091
4 1210 2347 3627 3642
4 1108 1218 3624 3670
4 1289 2582 2852 3672
4 783 1246 3017 3710
4 1279 1713 3446 3944
4 350 3029 3258 3987
4 69 1285 1747 3836
4 355 1265 1763 3097
4 1093 1274 3100 3239
4 1335 1892 2625 3039
4 1314 2617 2888 3525
4 1325 1434 3530 3596
4 777 1293 2650 3846
4 1151 1339 3083 3812
4 1317 1680 2562 4017
4 1296 1677 2628 3048
4 1156 1309 2110 3972
4 390 1330 1690 4078
4 1299 1502 1669 2014
4 1146 1318 1494 1514
4 1358 1798 2670 3677
4 47 619 1370 1773
4 1341 1794 1954 3419
4 923 1117 1374 2387
4 1344 2666 3335 3633
4 740 1354 3193 3835
4 1380 2986 3352 3861
4 471 1350 2338 3983
4 1361 2051 2726 4057
4 1406 1816 2061 2680
4 393 1385 2741 3490
4 813 1409 1411 2685
4 1183 1402 2648 2892
4 1395 1811 1961 2746
4 1388 1439 2122 3059
4 807 1678 2437 2961
4 1080 1247 2846 3828
4 1328 2182 2261 2573
4 1336 1422 2664 2957
4 400 1437 2662 3366
4 1425 1834 2657 3065
4 1459 1847 2781 3588
4 1468 2141 2675 3117
4 913 1443 2834 3583
4 52 291 614 3740
4 234 2152 2623 3619
4 1499 2804 2860 3630
4 574 2044 2166 2798
4 1480 2055 2618 2859
4 1088 1540 1887 3787
4 1517 2991 3138 3754
4 496 1523 2256 4034
4 1568 2654 2786 2941
4 1552 2717 3232 3887
4 1623 1928 2599 2897
4 1404 1603 2825 4062
4 1642 2279 2767 2914
4 1656 2272 2753 2987
4 132 1694 2427 3860
4 1025 1706 2097 2511
4 1235 1640 1781 3084
4 1850 2240 2532 2691
4 1825 1990 2239 4182
4 1660 1841 3751 3948
4 420 3096 3650 4040
4 1853 2190 2861 3673
4 1865 2642 3001 3736
4 1886 2707 3354 3428
4 128 1893 2984 3404
4 227 2613 3073 3425
4 1943 2345 2807 3977
4 1784 2862 2928 3177
4 906 1997 2377 3908
4 2000 2306 2925 3807
4 2021 2115 2402 2655
4 1872 2200 2953 3233
4 948 2015 2398 3618
4 1809 2077 2229 2318
4 2060 2243 2824 3020
4 335 2180 2512 3108
4 119 2086 3056 3592
4 2102 2385 2594 2772
4 1282 2101 2969 3010
4 916 2135 2474 3032
4 1907 2138 2384 3311
4 2148 2378 2611 3088
4 2161 3050 3111 3401
4 123 960 3044 3129
4 1951 2156 2866 3459
4 855 2884 3358 4046
4 114 2187 2344 3209
4 675 2159 2206 3703
4 1555 2217 3223 3275
4 2188 2802 2958 3281
4 2046 2215 3220 3877
4 2105 2247 2544 3890
4 1424 2323 2420 3217
4 997 1805 2945 3974
4 2233 2740 2872 3521
4 1488 2260 2840 3582
4 405 870 2851 3567
4 2039 2185 2570 4188
4 1464 3457 3799 4144
4 938 2162 3130 3551
4 643 2278 2536 3998
4 2285 2875 2912 3518
4 2139 2301 2477 2774
4 435 2096 3178 3830
4 1881 2294 2811 3725
4 298 1728 2311 3540
4 1950 2297 2814 2936
4 1539 2326 2708 3594
4 706 1408 2312 3657
4 1362 2362 2761 3203
4 2195 2331 2621 3708
4 224 486 3291 3968
4 466 1904 3613 3963
4 2375 2473 2608 3678
4 1058 2448 3690 3903
4 94 1244 2373 3424
4 1261 1607 2369 3262
4 1744 2503 3008 3410
4 1639 2364 2455 3031
4 1748 2380 2900 3486
4 1011 1866 2979 4123
4 1767 2531 3334 3912
4 1724 2393 2997 3278
4 410 2634 3234 3443
4 816 1558 2651 3363
4 787 2433 3060 3247
4 1431 2428 2577 3599
4 2424 2663 3104 3849
4 1611 2430 2743 3245
4 328 2461 2964 3600
4 700 2443 3147 3516
4 57 287 2818 3378
4 1599 2245 2466 2678
4 733 1840 3349 3621
4 2452 2703 3374 3693
4 2458 3006 3238 4051
4 310 1588 3548 3816
4 2513 2801 3441 3544
4 2293 2507 2971 3837
4 322 2480 2598 3312
4 1761 2365 2517 3883
4 2091 2498 3666 3798
4 2093 2296 3274 3360
4 2491 3413 3438 3590
4 2124 2510 3179 3309
4 1720 2483 3028 3155
4 1020 1869 2484 3313
4 684 2499 2855 3444
4 2554 2689 3766 4007
4 1822 2547 3510 3961
4 2404 2787 3695 3843
4 2112 2557 3215 3659
4 2282 2550 3385 3461
4 662 2017 2522 3396
4 2542 2725 3615 3649
4 838 2174 2255 3712
4 2571 2793 3210 3687
4 1537 1687 2583 3292
4 2254 2561 3476 4036
4 1682 2592 3581 4117
4 33 2453 3562 4018
4 1925 1999 2612 3559
4 2137 2604 2908 3324
4 2082 2610 2975 3556
4 1933 2647 2927 3644
4 424 2638 2779 3189
4 688 2661 2696 3370
4 1004 3076 3318 3517
4 516 2699 2920 2990
4 74 2335 2749 3638
4 1311 2119 3468 4081
4 2027 2556 2720 2783
4 508 2727 2759 3823
4 1139 1343 3554 4099
4 1141 1347 2910 3205
4 1986 2248 2788 3508
4 1828 2074 2819 3886
4 2058 2830 3515 3535
4 1397 2831 2944 3156
4 533 2850 3225 3367
4 430 1879 2220 3455
4 1975 2882 2922 2983
4 895 2902 2965 3576
4 169 2614 3123 3474
4 987 2121 3246 3771
4 652 2639 2976 3181
4 1447 2276 3014 3980
4 1615 2445 3078 4139
4 1658 3114 3264 3353
4 1959 2877 3041 3296
4 666 3094 3286 3614
4 2019 2712 3128 3481
4 174 2784 3216 4044
4 2919 3115 3137 3346
4 1635 3141 3384 3757
4 365 1414 2315 3529
4 691 2422 3160 3365
4 2896 3152 3255 4001
4 2419 2656 3493 3808
4 2890 3166 3538 3844
4 149 1166 3532 3815
4 803 1421 3168 3811
4 2994 3188 3323 4160
4 88 3448 3569 3899
4 523 2938 3231 3939
4 696 2308 3252 3406
4 901 2667 3300 3926
4 1824 2069 3305 3936
4 1923 3033 3326 4109
4 2637 3250 3321 3966
4 1252 2632 3253 3542
4 602 627 3780 4030
4 2674 3303 3802 3943
4 1458 3332 3391 4072
4 1792 3460 3705 3881
4 2698 3042 3348 3753
4 1896 2737 2924 3790
4 1394 2317 3375 3485
4 3134 3357 3593 3786
4 1740 3341 3434 3499
4 1645 1989 3304 3343
4 2764 3382 3397 3745
4 749 3142 3399 3432
4 332 2084 2939 3412
4 2955 3620 3701 3874
4 194 1482 2330 3721
4 1053 3243 3492 3933
4 1546 2771 3279 4170
4 1033 1732 3235 3792
4 1308 1417 3587 4163
4 1846 2870 3536 3628
4 2756 3299 3634 4111
4 1373 2271 3607 3872
4 888 3622 3752 3896
4 564 1554 2952 3646
4 1384 3523 3629 4054
4 928 2865 3716 3778
4 141 2288 3040 3832
4 1506 3075 3472 4102
4 781 3368 3730 4027
4 385 1278 2856 4168
4 1573 2526 3652 3770
4 1594 2989 3372 3749
4 2063 3433 3747 3758
4 1764 3005 3821 4013
4 760 2967 3338 3760
4 44 1463 2694 4011
4 889 2676 3570 3684
4 975 2653 2946 3776
4 1391 2436 3773 3852
4 836 3625 3869 4023
4 680 2459 3102 3856
4 1194 1799 2006 3804
4 2207 2868 3744 3879
4 83 1085 3641 3995
4 726 3146 3315 4088
4 767 2603 3489 4122
4 1436 1735 3161 3847
4 542 1474 3451 3953
4 64 1946 3643 4114
4 248 1788 3463 4039
4 943 2797 3717 3876
4 1257 2906 3691 4085
4 596 1630 2836 3950
4 459 2646 3805 4172
4 647 2930 3777 4193
4 1802 2011 4031 4150
4 2848 3105 3728 4135
4 2396 2715 3453 4097
4 2732 2901 3601 4195
4 2076 2744 3483 4152
4 493 1219 4021 4071
4 368 3024 3547 4137
4 2023 2943 3694 4149
4 2066 3030 3563 4129
4 415 3175 3714 4192
4 153 3047 3478 4187
4 554 2810 3272 4141
4 2826 2998 3654 4067
4 1770 3051 3131 4128
4 1650 2471 2973 4184
4 1521 1695 3597 4155
4 1264 3610 3820 4133
4 2684 3214 3533 4177
4 2004 3036 3645 4173
4 1368 3400 3550 4127
4 1862 3228 4029 4136
4 2363 2731 4019 4130
4 2645 3362 3727 4143
4 2401 2523 3739 4179
4 2322 3064 3497 4196
4 1232 3072 3637 4166
4 1938 3605 3782 4151
4 1321 2032 2589 4181
4 1962 2231 3376 4153
4 1046 1702 2695 4125
4 821 3198 3838 4146
4 1664 2669 3270 4118
4 97 3669 3868 4070
4 711 2147 3665 4199
4 1570 2114 3841 4148
4 1622 3098 4014 4134
4 2354 2933 3865 4147
4 1582 3394 3616 4178
4 1597 2845 3709 4095
4 2275 3265 3863 4191
4 2949 3662 4025 4068
4 1983 2624 3126 4092
4 2465 3575 3732 4194
4 883 3557 3679 4185
4 632 3063 3698 4098
4 592 932 3982 4000
4 797 2502 3946 4169
4 257 1586 3989 4009
4 1966 2414 3971 4165
4 3124 3426 3925 4103
4 326 2170 3994 3997
4 14 3350 3898 3949
4 606 951 3941 4145
4 159 2616 3907 4083
4 2049 3055 3901 3955
4 1167 1673 3827 4186
4 137 1493 3793 4180
4 202 2576 3859 4154
4 1496 1851 2959 4174
4 1833 3218 3809 4197
4 303 3013 3904 4084
4 638 3417 3572 3768
4 2042 2911 3985 4004
4 1940 2356 2935 3803
4 721 3018 3829 4096
4 1068 1753 3817 4138
4 772 2482 3988 4003
4 826 2586 3970 4157
4 2823 3371 3513 4126
4 972 2687 3527 3658
4 1836 2265 2519 3741
4 253 2791 3892 3959
4 1969 2880 3514 4176
4 1857 2300 3940 4061
4 3285 3632 3675 4175
4 3122 3389 3676 4120
4 316 1230 3895 3964
4 3090 3561 3910 4077
4 793 2488 3919 4089
4 3079 3149 3364 3774
4 3045 3416 3482 3722
4 2221 3379 3682 3884
4 1125 3626 3979 4115
4 2204 3648 3889 3958
4 1063 2580 3565 4091
4 101 1267 3109 3440
4 1224 3268 3420 4100
4 1076 1758 3692 3748
4 212 1160 1891 4093
4 1526 2883 3402 3788
4 866 2748 3502 4167
4 965 1037 3796 4198
4 1672 2211 3931 4106
4 503 1668 3579 3834
4 2709 3222 3331 3456
4 1577 3183 3735 4124
4 448 582 3911 4074
4 274 3159 3976 4159
4 1899 3196 3713 4033
4 536 3442 3791 4043
4 1709 3310 3421 3831
4 1817 2470 3022 4063
4 1386 2431 3934 4050
4 873 1774 3293 3871
4 462 2342 3686 4189
4 454 994 2392 4171
4 1050 2780 3967 4161
4 1378 2752 3113 4190
4 1324 2034 3241 3813
4 3297 3520 3833 4056
4 1973 2722 3661 4045
4 39 3344 3937 4183
4 905 1627 2383 4121
4 2476 2605 3922 4107
4 730 1914 3259 3882
4 2370 3174 3506 3854
4 1377 1920 3785 4065
4 1129 2281 3087 4131
4 2263 2418 3916 4080
4 1304 1509 3466 4047
4 371 1172 2963 4016
4 3148 3319 3764 4140
4 829 2172 2259 4116
4 206 559 2809 4035
4 19 3336 3928 4112
4 77 3202 3822 4058
4 378 1273 3855 4052
4 1041 2541 3289 4041
4 164 2236 3537 4053
