# Generated using Miratope v0.5.0 (https://github.com/galoomba1/miratope-rs)
4OFF

# Vertices, Faces, Edges, Cells
120 4200 1200 1800

# Vertices
1.3090169943749 0 0.8090169943749 0.5 
1.3090169943749 0.5 0 -0.8090169943749 
1.3090169943749 -0.8090169943749 -0.5 0 
0.809016994375 -0.8090169943749 0.8090169943749 -0.8090169943749 
1.3090169943749 -0 0.8090169943749 -0.5 
1.3090169943749 0.8090169943749 -0.5 0 
0.809016994375 0 -0.5 -1.3090169943749 
1.3090169943749 0.5 0 0.8090169943749 
0.809016994375 0.5 -1.3090169943749 0 
0.809016994375 0 -0.5 1.3090169943749 
0.809016994375 -0.8090169943749 0.8090169943749 0.8090169943749 
1.3090169943749 -0.5 0 0.8090169943749 
0.809016994375 0.8090169943749 0.8090169943749 0.8090169943749 
1.3090169943749 -0.5 0 -0.8090169943749 
0.809016994375 0.8090169943749 0.8090169943749 -0.8090169943749 
0.809016994375 -0.5 -1.3090169943749 0 
1.3090169943749 0 -0.8090169943749 0.5 
0.809016994375 1.3090169943749 0 0.5 
1.3090169943749 -0.8090169943749 0.5 0 
0.809016994375 -0.8090169943749 -0.8090169943749 -0.8090169943749 
0.809016994375 0.5 1.3090169943749 0 
1.3090169943749 0 -0.8090169943749 -0.5 
0.809016994375 -0.8090169943749 -0.8090169943749 0.8090169943749 
0.809016994375 1.3090169943749 0 -0.5 
1.3090169943749 0.8090169943749 0.5 0 
0.809016994375 -0.5 1.3090169943749 0 
0.809016994375 -1.3090169943749 0 0.5 
0.809016994375 0.8090169943749 -0.8090169943749 -0.8090169943749 
0.809016994375 -1.3090169943749 0 -0.5 
0.809016994375 0.8090169943749 -0.8090169943749 0.8090169943749 
0.809016994375 -0 0.5 1.3090169943749 
0.809016994375 -0 0.5 -1.3090169943749 
0.5 1.3090169943749 0.8090169943749 0 
0.5 0 1.3090169943749 0.8090169943749 
0.5 0 1.3090169943749 -0.8090169943749 
0.5 0.8090169943749 0 -1.3090169943749 
0.5 1.3090169943749 -0.8090169943749 0 
0.5 0.8090169943749 0 1.3090169943749 
0 1.6180339887499 0 0 
0 1.3090169943749 0.5 -0.8090169943749 
0 1.3090169943749 0.5 0.8090169943749 
0 0.8090169943749 1.3090169943749 0.5 
1.6180339887499 0 -0 0 
0 0.8090169943749 1.3090169943749 -0.5 
0.5 -1.3090169943749 0.8090169943749 0 
0.5 -0.8090169943749 0 -1.3090169943749 
0.5 -1.3090169943749 -0.8090169943749 0 
0.5 -0.8090169943749 0 1.3090169943749 
0 -1.6180339887499 0 0 
0 -1.3090169943749 0.5 -0.8090169943749 
0 -1.3090169943749 0.5 0.8090169943749 
0 -0.8090169943749 1.3090169943749 0.5 
0 -0.8090169943749 1.3090169943749 -0.5 
0.5 0 -1.3090169943749 0.8090169943749 
0 -1.3090169943749 -0.5 0.8090169943749 
0 -0.5 0.8090169943749 1.3090169943749 
0 -0.5 -0.8090169943749 1.3090169943749 
0 0 0 1.6180339887499 
0 0 1.6180339887499 0 
0 0.5 0.8090169943749 -1.3090169943749 
-0.5 1.3090169943749 0.809016994375 0 
0 0.5 0.8090169943749 1.3090169943749 
-0.8090169943749 0.5 1.309016994375 0 
-0.5 0 1.309016994375 -0.8090169943749 
-0.5 0 1.309016994375 0.8090169943749 
0.5 0 -1.3090169943749 -0.8090169943749 
0 -1.3090169943749 -0.5 -0.8090169943749 
0 -0.5 0.8090169943749 -1.3090169943749 
0 -0.5 -0.8090169943749 -1.3090169943749 
0 0 0 -1.6180339887499 
0 1.3090169943749 -0.5 0.8090169943749 
0 0.5 -0.8090169943749 1.3090169943749 
-0.8090169943749 0.8090169943749 0.809016994375 0.8090169943749 
-0.5 0.8090169943749 0 1.3090169943749 
-0.5 -1.3090169943749 0.809016994375 0 
-0.8090169943749 -0.5 1.309016994375 0 
0 -0.8090169943749 -1.3090169943749 0.5 
0 0 -1.6180339887499 0 
0 0.8090169943749 -1.3090169943749 0.5 
0 1.3090169943749 -0.5 -0.8090169943749 
0 0.5 -0.8090169943749 -1.3090169943749 
-0.8090169943749 0.8090169943749 0.809016994375 -0.8090169943749 
-0.5 0.8090169943749 0 -1.3090169943749 
-0.5 -0.8090169943749 0 1.309016994375 
-0.8090169943749 -0.8090169943749 0.809016994375 0.8090169943749 
-0.8090169943749 0 0.5 1.309016994375 
0 -0.8090169943749 -1.3090169943749 -0.5 
0 0.8090169943749 -1.3090169943749 -0.5 
-0.8090169943749 1.309016994375 0 0.5 
-0.5 1.309016994375 -0.8090169943749 0 
-0.5 -0.8090169943749 0 -1.309016994375 
-0.8090169943749 -0.8090169943749 0.809016994375 -0.8090169943749 
-0.8090169943749 0 0.5 -1.309016994375 
-0.8090169943749 1.309016994375 0 -0.5 
-0.8090169943749 -1.309016994375 0 0.5 
-0.5 -1.309016994375 -0.8090169943749 0 
-0.5 0 -1.3090169943749 0.809016994375 
-0.8090169943749 0 -0.5 1.309016994375 
-0.8090169943749 0.809016994375 -0.8090169943749 0.809016994375 
-0.8090169943749 -1.309016994375 0 -0.5 
-1.3090169943749 0 0.809016994375 0.5 
-1.3090169943749 0.809016994375 0.5 0 
-0.5 0 -1.3090169943749 -0.809016994375 
-0.8090169943749 0 -0.5 -1.309016994375 
-0.8090169943749 0.809016994375 -0.8090169943749 -0.809016994375 
-0.8090169943749 -0.8090169943749 -0.8090169943749 0.809016994375 
-1.3090169943749 0 0.809016994375 -0.5 
-1.3090169943749 -0.809016994375 0.5 0 
-0.8090169943749 0.5 -1.309016994375 0 
-0.8090169943749 -0.8090169943749 -0.8090169943749 -0.809016994375 
-1.3090169943749 0.5 0 0.809016994375 
-1.3090169943749 -0.5 0 0.809016994375 
-0.8090169943749 -0.5 -1.309016994375 0 
-1.3090169943749 0.5 0 -0.809016994375 
-1.3090169943749 -0.5 0 -0.809016994375 
-1.3090169943749 0.809016994375 -0.5 0 
-1.3090169943749 -0 -0.809016994375 0.5 
-1.3090169943749 -0.809016994375 -0.5 0 
-1.3090169943749 -0 -0.809016994375 -0.5 
-1.6180339887499 0 0 0 

# Faces
3 0 2 1
3 1 3 0
3 2 3 0
3 1 2 3
3 5 2 4
3 5 6 4
3 4 6 2
3 5 6 2
3 2 7 1
3 7 8 1
3 7 2 8
3 2 8 1
3 2 0 5
3 0 9 5
3 2 9 0
3 2 9 5
3 4 7 2
3 4 10 7
3 4 10 2
3 7 2 10
3 4 11 5
3 11 12 4
3 5 12 4
3 11 12 5
3 0 5 13
3 0 14 5
3 0 14 13
3 13 14 5
3 11 13 5
3 5 15 11
3 11 15 13
3 5 13 15
3 0 16 1
3 0 17 1
3 16 17 0
3 1 16 17
3 16 18 1
3 1 19 18
3 1 19 16
3 18 16 19
3 1 7 18
3 1 20 7
3 7 18 20
3 18 20 1
3 7 18 21
3 18 22 7
3 7 22 21
3 18 22 21
3 4 21 7
3 7 23 4
3 4 21 23
3 7 23 21
3 13 24 11
3 11 13 25
3 24 25 11
3 24 25 13
3 0 13 16
3 0 26 13
3 0 16 26
3 13 16 26
3 24 16 13
3 13 27 16
3 24 27 13
3 24 27 16
3 4 21 11
3 4 28 11
3 4 21 28
3 21 28 11
3 11 24 21
3 11 29 24
3 11 29 21
3 21 29 24
3 16 24 18
3 16 30 18
3 24 30 18
3 16 30 24
3 21 18 24
3 24 31 18
3 21 31 18
3 24 31 21
3 4 32 7
3 7 33 4
3 32 33 4
3 7 33 32
3 1 32 0
3 0 34 1
3 0 34 32
3 32 34 1
3 4 5 32
3 4 5 35
3 4 35 32
3 5 32 35
3 1 32 7
3 7 36 1
3 7 32 36
3 1 32 36
3 0 5 32
3 0 5 37
3 0 37 32
3 5 32 37
3 5 14 12
3 5 12 38
3 5 38 14
3 14 38 12
3 17 20 1
3 1 20 39
3 17 39 1
3 20 39 17
3 20 23 7
3 7 40 20
3 7 40 23
3 20 23 40
3 0 14 17
3 14 41 0
3 0 17 41
3 14 17 41
3 14 17 42
3 14 17 27
3 42 27 14
3 17 42 27
3 14 12 42
3 14 25 12
3 42 25 12
3 42 25 14
3 12 23 4
3 12 43 4
3 4 23 43
3 23 43 12
3 42 23 12
3 12 29 42
3 12 29 23
3 42 23 29
3 17 42 20
3 17 30 20
3 20 42 30
3 17 30 42
3 23 42 20
3 42 31 20
3 20 23 31
3 42 23 31
3 0 44 13
3 0 13 34
3 34 44 0
3 13 34 44
3 2 44 4
3 4 45 2
3 4 45 44
3 2 44 45
3 13 11 44
3 13 46 11
3 11 44 46
3 13 46 44
3 2 44 0
3 0 47 2
3 0 47 44
3 2 47 44
3 11 33 4
3 4 11 44
3 4 33 44
3 11 33 44
3 2 3 10
3 2 10 48
3 2 48 3
3 10 3 48
3 13 26 25
3 25 49 13
3 13 49 26
3 25 26 49
3 25 28 11
3 25 50 11
3 28 50 11
3 25 50 28
3 10 20 3
3 20 10 42
3 20 3 42
3 3 42 10
3 3 26 0
3 0 51 3
3 0 26 51
3 3 51 26
3 3 42 26
3 42 19 3
3 26 19 3
3 42 26 19
3 10 28 4
3 4 52 10
3 4 52 28
3 10 28 52
3 10 42 28
3 42 22 10
3 10 22 28
3 42 22 28
3 42 26 25
3 42 30 25
3 42 26 30
3 25 26 30
3 25 28 42
3 25 31 42
3 31 28 42
3 28 31 25
3 18 33 7
3 7 18 47
3 33 47 7
3 18 47 33
3 16 47 0
3 16 37 0
3 37 47 0
3 16 37 47
3 2 47 7
3 7 2 53
3 7 53 47
3 47 53 2
3 16 47 18
3 16 46 18
3 18 46 47
3 47 46 16
3 2 10 9
3 2 10 54
3 2 54 9
3 10 9 54
3 9 26 0
3 26 55 0
3 9 55 0
3 9 55 26
3 12 10 42
3 10 9 12
3 12 9 42
3 10 42 9
3 42 9 26
3 26 15 42
3 9 15 42
3 9 15 26
3 16 30 26
3 26 56 16
3 30 56 16
3 26 56 30
3 22 30 18
3 30 50 18
3 22 50 18
3 30 50 22
3 10 22 7
3 7 10 57
3 7 57 22
3 10 57 22
3 42 22 30
3 42 29 30
3 42 22 29
3 30 29 22
3 4 12 10
3 4 12 58
3 4 58 10
3 12 58 10
3 3 14 0
3 14 58 0
3 0 58 3
3 14 3 58
3 4 32 58
3 4 59 32
3 4 59 58
3 58 59 32
3 12 14 58
3 12 60 14
3 12 60 58
3 14 58 60
3 32 58 0
3 0 32 61
3 0 61 58
3 58 61 32
3 32 34 33
3 33 62 32
3 32 62 34
3 33 62 34
3 41 25 14
3 14 25 63
3 14 41 63
3 25 63 41
3 12 25 43
3 12 25 64
3 12 43 64
3 43 64 25
3 18 33 24
3 18 24 34
3 33 18 34
3 33 34 24
3 0 41 34
3 0 51 34
3 0 51 41
3 34 51 41
3 34 24 41
3 24 39 34
3 24 41 39
3 41 39 34
3 4 43 33
3 33 52 4
3 4 52 43
3 33 52 43
3 33 43 24
3 24 40 33
3 24 40 43
3 43 40 33
3 24 30 25
3 25 24 41
3 24 41 30
3 30 41 25
3 24 31 25
3 24 43 25
3 31 43 24
3 25 43 31
3 4 21 45
3 21 35 4
3 35 45 4
3 21 35 45
3 2 45 1
3 1 65 2
3 1 65 45
3 2 65 45
3 21 45 18
3 18 21 46
3 18 45 46
3 21 46 45
3 1 18 34
3 1 45 18
3 1 45 34
3 18 45 34
3 3 6 2
3 3 66 2
3 2 66 6
3 3 6 66
3 14 3 42
3 3 6 14
3 42 6 14
3 3 6 42
3 42 6 28
3 42 15 28
3 42 15 6
3 28 15 6
3 4 6 28
3 4 28 67
3 6 67 4
3 28 6 67
3 21 28 31
3 28 68 21
3 31 68 21
3 28 31 68
3 18 31 19
3 18 49 31
3 19 49 18
3 19 49 31
3 1 19 3
3 1 69 3
3 1 69 19
3 3 19 69
3 31 19 42
3 27 31 42
3 42 27 19
3 31 27 19
3 5 37 11
3 11 53 5
3 37 53 11
3 5 37 53
3 24 37 16
3 16 36 24
3 37 36 16
3 37 36 24
3 11 33 24
3 24 37 11
3 11 33 37
3 24 37 33
3 0 17 9
3 0 17 61
3 0 61 9
3 17 9 61
3 5 12 9
3 5 70 12
3 5 70 9
3 12 70 9
3 42 9 17
3 17 42 8
3 17 8 9
3 9 8 42
3 16 17 30
3 16 17 71
3 16 71 30
3 17 30 71
3 29 30 24
3 24 40 30
3 24 29 40
3 30 29 40
3 12 29 11
3 11 57 12
3 11 57 29
3 12 57 29
3 32 61 7
3 7 32 70
3 61 70 7
3 32 70 61
3 17 61 20
3 20 17 60
3 20 60 61
3 17 61 60
3 7 20 10
3 7 61 20
3 10 61 7
3 20 10 61
3 32 33 37
3 32 33 72
3 32 72 37
3 33 72 37
3 0 37 41
3 41 55 0
3 37 55 0
3 41 55 37
3 24 41 37
3 41 38 24
3 24 37 38
3 37 38 41
3 17 41 30
3 17 30 73
3 41 73 17
3 30 73 41
3 20 30 40
3 30 64 20
3 20 40 64
3 30 64 40
3 7 40 33
3 7 57 33
3 7 57 40
3 33 57 40
3 4 58 44
3 44 67 4
3 4 58 67
3 58 67 44
3 10 3 58
3 10 74 3
3 10 58 74
3 3 74 58
3 44 58 0
3 0 44 55
3 0 55 58
3 58 55 44
3 44 33 34
3 33 44 75
3 33 34 75
3 44 34 75
3 20 51 3
3 20 3 63
3 20 51 63
3 51 63 3
3 18 20 30
3 18 51 20
3 18 51 30
3 20 30 51
3 34 51 18
3 34 49 18
3 18 51 49
3 34 49 51
3 20 52 10
3 10 64 20
3 20 64 52
3 52 64 10
3 18 20 31
3 20 52 18
3 18 52 31
3 31 52 20
3 33 52 18
3 18 50 33
3 18 50 52
3 33 52 50
3 21 53 11
3 11 21 46
3 46 53 11
3 21 46 53
3 2 53 5
3 2 65 5
3 5 65 53
3 2 65 53
3 7 21 53
3 21 36 7
3 36 53 7
3 53 36 21
3 2 8 9
3 2 76 9
3 8 76 2
3 9 8 76
3 7 22 8
3 7 71 22
3 7 71 8
3 22 71 8
3 22 8 42
3 42 19 22
3 42 8 19
3 8 19 22
3 21 29 22
3 21 77 22
3 21 77 29
3 22 77 29
3 5 9 15
3 9 78 5
3 5 15 78
3 15 78 9
3 42 29 15
3 42 27 29
3 27 15 42
3 29 27 15
3 11 15 29
3 11 29 56
3 11 56 15
3 29 15 56
3 13 34 24
3 24 35 13
3 13 35 34
3 24 35 34
3 24 35 21
3 24 36 21
3 24 36 35
3 35 36 21
3 5 13 35
3 5 65 13
3 35 65 5
3 35 65 13
3 4 6 23
3 4 59 23
3 6 59 4
3 23 59 6
3 42 23 6
3 42 8 23
3 42 8 6
3 6 8 23
3 6 14 5
3 5 79 14
3 6 79 5
3 6 79 14
3 23 31 21
3 21 80 23
3 21 80 31
3 23 31 80
3 24 31 27
3 24 31 39
3 27 39 24
3 31 39 27
3 14 27 13
3 14 69 13
3 13 69 27
3 14 27 69
3 1 20 3
3 20 59 1
3 1 3 59
3 20 3 59
3 20 59 23
3 20 60 23
3 60 59 20
3 23 59 60
3 1 59 32
3 1 32 79
3 1 79 59
3 32 79 59
3 32 35 34
3 32 81 34
3 32 81 35
3 34 35 81
3 4 43 35
3 43 67 4
3 4 35 67
3 43 67 35
3 24 43 35
3 24 38 43
3 24 38 35
3 35 38 43
3 23 31 43
3 31 82 23
3 23 43 82
3 31 43 82
3 39 31 20
3 31 63 20
3 39 63 20
3 39 63 31
3 1 34 39
3 1 34 69
3 1 39 69
3 34 69 39
3 13 14 25
3 13 67 14
3 13 67 25
3 14 25 67
3 11 12 25
3 12 55 11
3 11 25 55
3 12 55 25
3 44 55 11
3 11 54 44
3 55 54 11
3 55 54 44
3 26 55 25
3 25 74 26
3 55 74 25
3 26 74 55
3 47 51 18
3 18 47 48
3 51 48 18
3 47 48 51
3 26 51 30
3 26 30 83
3 26 51 83
3 30 51 83
3 0 61 47
3 47 51 0
3 51 61 0
3 51 61 47
3 44 47 33
3 33 44 84
3 47 84 33
3 44 47 84
3 50 30 25
3 25 64 30
3 50 64 25
3 50 64 30
3 33 50 11
3 33 57 11
3 11 50 57
3 33 57 50
3 7 47 61
3 7 47 71
3 7 71 61
3 47 61 71
3 10 61 9
3 10 9 83
3 10 61 83
3 9 61 83
3 37 55 11
3 11 37 56
3 11 55 56
3 55 56 37
3 9 12 55
3 12 9 73
3 12 55 73
3 55 73 9
3 47 33 37
3 33 47 85
3 37 85 33
3 47 85 37
3 12 57 10
3 12 10 64
3 12 57 64
3 57 64 10
3 1 36 16
3 1 16 65
3 36 65 1
3 16 65 36
3 13 65 16
3 13 46 16
3 13 46 65
3 16 65 46
3 6 8 2
3 2 86 6
3 2 86 8
3 8 86 6
3 1 8 19
3 1 8 80
3 1 19 80
3 8 80 19
3 19 27 16
3 16 19 77
3 16 27 77
3 19 77 27
3 5 15 6
3 5 6 87
3 5 87 15
3 6 15 87
3 13 15 27
3 13 68 15
3 27 68 13
3 27 68 15
3 7 8 23
3 23 70 7
3 8 70 7
3 23 70 8
3 12 23 70
3 23 60 12
3 60 70 12
3 60 70 23
3 5 70 32
3 5 79 32
3 5 79 70
3 32 70 79
3 32 37 36
3 32 88 37
3 32 36 88
3 36 88 37
3 12 29 38
3 29 73 12
3 12 38 73
3 29 73 38
3 37 38 5
3 37 78 5
3 38 78 5
3 37 38 78
3 24 29 27
3 24 29 38
3 27 38 24
3 27 38 29
3 24 40 36
3 24 40 39
3 24 39 36
3 40 39 36
3 7 40 36
3 7 71 40
3 36 71 7
3 40 71 36
3 23 40 29
3 29 89 23
3 23 89 40
3 40 89 29
3 8 17 1
3 1 17 79
3 1 79 8
3 17 8 79
3 23 29 21
3 23 87 21
3 29 87 21
3 23 87 29
3 16 27 17
3 16 17 78
3 27 78 16
3 17 27 78
3 44 13 67
3 44 66 13
3 13 66 67
3 67 66 44
3 28 25 67
3 25 28 74
3 25 74 67
3 28 67 74
3 18 45 52
3 45 48 18
3 52 48 18
3 52 48 45
3 28 31 52
3 28 90 31
3 52 90 28
3 31 52 90
3 4 45 59
3 4 52 45
3 52 59 4
3 45 59 52
3 44 45 34
3 34 91 44
3 44 45 91
3 34 45 91
3 49 31 25
3 25 31 63
3 25 63 49
3 31 49 63
3 13 34 49
3 13 69 34
3 49 69 13
3 49 69 34
3 58 55 12
3 58 72 12
3 12 55 72
3 55 72 58
3 25 55 41
3 41 75 25
3 55 75 25
3 41 75 55
3 20 51 61
3 20 61 62
3 20 62 51
3 61 51 62
3 51 30 41
3 41 85 30
3 51 85 30
3 51 85 41
3 10 61 58
3 58 84 10
3 10 84 61
3 58 84 61
3 1 59 45
3 45 80 1
3 59 80 1
3 59 80 45
3 6 59 3
3 6 90 3
3 59 90 3
3 59 90 6
3 35 67 13
3 13 68 35
3 13 68 67
3 67 68 35
3 6 14 67
3 6 82 14
3 67 82 14
3 6 67 82
3 35 34 45
3 34 92 45
3 34 92 35
3 45 35 92
3 3 69 14
3 3 63 14
3 63 69 14
3 69 63 3
3 14 17 79
3 14 60 17
3 60 79 14
3 17 60 79
3 32 36 35
3 35 93 32
3 36 93 32
3 35 93 36
3 14 27 38
3 27 82 14
3 14 82 38
3 27 38 82
3 5 35 38
3 35 87 5
3 38 87 5
3 35 38 87
3 36 39 1
3 1 36 80
3 39 80 1
3 39 80 36
3 17 27 39
3 17 89 27
3 17 39 89
3 27 39 89
3 10 28 54
3 10 74 28
3 10 54 74
3 28 74 54
3 2 44 54
3 2 66 44
3 2 66 54
3 44 54 66
3 11 15 28
3 11 28 54
3 15 54 11
3 15 54 28
3 19 22 18
3 18 22 48
3 18 48 19
3 22 48 19
3 48 22 10
3 10 83 22
3 10 83 48
3 48 83 22
3 2 48 47
3 2 47 76
3 2 76 48
3 48 76 47
3 46 47 44
3 47 94 44
3 46 94 44
3 47 46 94
3 11 50 46
3 11 50 56
3 46 56 11
3 46 56 50
3 46 50 18
3 50 49 18
3 18 49 46
3 50 46 49
3 28 22 50
3 28 22 95
3 50 95 28
3 22 50 95
3 15 26 13
3 26 66 13
3 15 66 13
3 15 66 26
3 16 26 19
3 16 26 76
3 19 76 16
3 26 76 19
3 21 22 28
3 21 86 28
3 21 86 22
3 28 22 86
3 30 22 71
3 22 83 30
3 71 83 30
3 71 83 22
3 47 71 16
3 47 16 76
3 16 71 76
3 47 71 76
3 16 56 37
3 37 78 16
3 16 56 78
3 37 56 78
3 56 29 30
3 29 73 30
3 30 56 73
3 29 56 73
3 11 53 57
3 53 54 11
3 11 57 54
3 57 54 53
3 22 57 29
3 22 96 29
3 22 57 96
3 29 57 96
3 7 70 53
3 53 57 7
3 7 57 70
3 53 70 57
3 47 37 53
3 47 97 37
3 53 97 47
3 53 97 37
3 25 67 43
3 25 43 75
3 25 75 67
3 43 75 67
3 14 67 58
3 58 81 14
3 14 81 67
3 58 67 81
3 3 59 58
3 3 91 58
3 59 91 3
3 58 59 91
3 20 59 52
3 59 62 20
3 52 62 20
3 59 52 62
3 43 31 52
3 31 92 43
3 31 52 92
3 52 92 43
3 5 70 53
3 5 87 53
3 5 87 70
3 53 87 70
3 70 8 9
3 9 96 8
3 70 96 9
3 8 96 70
3 53 36 37
3 37 53 98
3 37 36 98
3 36 98 53
3 16 71 36
3 16 36 77
3 16 71 77
3 71 77 36
3 8 71 17
3 17 89 8
3 17 89 71
3 71 89 8
3 9 78 17
3 17 9 73
3 17 73 78
3 78 73 9
3 26 66 3
3 3 26 74
3 66 74 3
3 26 74 66
3 48 19 3
3 19 90 3
3 3 90 48
3 19 48 90
3 45 48 2
3 45 86 2
3 2 86 48
3 45 48 86
3 45 46 44
3 45 99 44
3 46 99 44
3 45 46 99
3 46 49 13
3 13 46 68
3 13 68 49
3 46 49 68
3 26 49 19
3 26 95 19
3 26 49 95
3 49 95 19
3 12 43 38
3 12 72 43
3 12 72 38
3 38 72 43
3 33 43 72
3 33 75 43
3 72 75 33
3 75 72 43
3 32 72 58
3 32 58 81
3 72 81 32
3 72 81 58
3 33 62 40
3 40 85 33
3 33 62 85
3 40 62 85
3 32 62 61
3 32 88 61
3 32 88 62
3 61 88 62
3 20 40 39
3 40 62 20
3 20 39 62
3 40 62 39
3 58 60 61
3 61 100 58
3 58 60 100
3 60 100 61
3 60 64 20
3 20 63 64
3 60 63 20
3 60 63 64
3 12 64 60
3 64 73 12
3 60 73 12
3 64 60 73
3 64 40 43
3 43 101 40
3 64 101 43
3 40 64 101
3 38 41 14
3 14 81 41
3 14 81 38
3 41 38 81
3 39 41 17
3 17 41 88
3 17 88 39
3 39 88 41
3 23 40 43
3 43 93 23
3 40 93 23
3 43 93 40
3 45 80 21
3 21 86 45
3 80 86 21
3 80 86 45
3 31 19 80
3 19 90 31
3 80 90 31
3 19 80 90
3 31 27 68
3 31 27 82
3 68 82 31
3 27 82 68
3 21 35 87
3 35 68 21
3 21 87 68
3 35 87 68
3 65 69 13
3 65 66 13
3 69 66 13
3 69 66 65
3 69 27 19
3 19 102 27
3 69 102 19
3 69 102 27
3 1 79 65
3 65 69 1
3 1 69 79
3 65 69 79
3 45 35 65
3 45 103 35
3 45 103 65
3 35 103 65
3 17 61 71
3 17 88 61
3 17 88 71
3 61 88 71
3 71 40 30
3 30 85 40
3 30 71 85
3 71 85 40
3 12 57 70
3 12 70 72
3 12 72 57
3 70 72 57
3 9 70 61
3 9 97 61
3 9 97 70
3 70 97 61
3 40 57 29
3 29 98 40
3 29 98 57
3 57 98 40
3 65 79 5
3 5 78 65
3 5 79 78
3 65 79 78
3 6 79 8
3 6 8 102
3 79 102 6
3 8 102 79
3 36 65 35
3 35 104 36
3 65 104 35
3 65 104 36
3 36 80 21
3 21 36 77
3 21 80 77
3 36 80 77
3 23 80 8
3 23 89 8
3 80 89 23
3 80 89 8
3 6 23 87
3 6 82 23
3 23 82 87
3 6 87 82
3 2 54 53
3 2 53 86
3 54 86 2
3 54 86 53
3 9 54 15
3 15 96 9
3 54 96 9
3 15 54 96
3 26 76 9
3 26 83 9
3 83 76 26
3 9 83 76
3 47 46 53
3 53 105 47
3 47 105 46
3 53 105 46
3 16 56 46
3 16 77 46
3 16 77 56
3 56 77 46
3 26 56 15
3 26 15 95
3 26 56 95
3 15 56 95
3 41 81 34
3 34 41 75
3 34 81 75
3 75 81 41
3 62 39 34
3 34 92 39
3 34 92 62
3 62 92 39
3 32 62 59
3 32 93 59
3 62 93 32
3 59 62 93
3 59 60 58
3 58 106 59
3 58 60 106
3 59 60 106
3 41 63 39
3 39 101 41
3 63 101 41
3 39 101 63
3 14 60 63
3 14 82 60
3 14 82 63
3 60 82 63
3 62 52 33
3 33 84 52
3 33 62 84
3 52 62 84
3 44 58 84
3 44 91 58
3 44 91 84
3 58 91 84
3 10 52 48
3 10 84 52
3 10 48 84
3 48 84 52
3 49 50 25
3 25 75 50
3 25 75 49
3 49 75 50
3 75 50 33
3 33 85 50
3 33 85 75
3 75 85 50
3 44 75 55
3 44 94 55
3 44 75 94
3 75 94 55
3 10 74 64
3 64 83 10
3 74 83 10
3 74 83 64
3 58 74 55
3 58 55 100
3 74 100 58
3 74 100 55
3 25 64 63
3 64 74 25
3 63 74 25
3 64 74 63
3 52 64 50
3 52 50 107
3 52 107 64
3 50 107 64
3 3 48 51
3 3 91 51
3 3 91 48
3 51 48 91
3 49 51 26
3 26 94 51
3 26 49 94
3 51 49 94
3 50 52 28
3 28 99 52
3 50 99 28
3 52 99 50
3 15 87 29
3 29 96 15
3 29 96 87
3 15 87 96
3 53 87 21
3 21 86 53
3 21 86 87
3 53 86 87
3 15 27 78
3 27 102 15
3 78 102 15
3 27 78 102
3 65 78 16
3 65 76 16
3 78 76 16
3 65 78 76
3 77 27 29
3 27 89 29
3 77 89 29
3 27 89 77
3 53 36 65
3 53 108 36
3 65 108 53
3 36 65 108
3 80 39 31
3 39 92 31
3 80 92 31
3 39 80 92
3 23 80 59
3 23 59 93
3 23 93 80
3 80 93 59
3 6 59 79
3 59 103 6
3 79 103 6
3 79 103 59
3 79 69 14
3 14 79 81
3 14 81 69
3 79 81 69
3 39 69 27
3 27 104 39
3 69 104 27
3 39 69 104
3 56 50 30
3 50 85 30
3 30 85 56
3 50 85 56
3 55 56 26
3 55 26 94
3 56 94 26
3 56 94 55
3 9 54 55
3 9 55 97
3 9 54 97
3 55 54 97
3 54 57 10
3 10 57 84
3 10 84 54
3 57 54 84
3 22 57 50
3 50 105 22
3 22 105 57
3 50 105 57
3 66 15 6
3 6 102 15
3 66 102 6
3 15 66 102
3 2 65 66
3 2 76 65
3 2 76 66
3 65 66 76
3 28 86 6
3 6 90 28
3 28 90 86
3 6 90 86
3 65 46 45
3 45 109 65
3 45 46 109
3 46 109 65
3 46 68 21
3 46 77 21
3 68 77 21
3 68 77 46
3 28 68 15
3 28 15 95
3 28 95 68
3 68 95 15
3 72 38 37
3 37 98 38
3 37 72 98
3 72 98 38
3 70 72 32
3 32 70 93
3 72 93 32
3 70 72 93
3 37 41 88
3 37 85 41
3 85 88 41
3 85 88 37
3 61 60 70
3 61 110 70
3 60 110 61
3 70 60 110
3 17 73 60
3 60 89 17
3 17 73 89
3 60 89 73
3 38 73 41
3 41 101 38
3 41 73 101
3 38 73 101
3 34 51 62
3 51 91 34
3 34 62 91
3 62 91 51
3 34 49 75
3 34 49 92
3 75 92 34
3 75 92 49
3 44 75 67
3 44 67 99
3 44 99 75
3 75 99 67
3 3 63 74
3 3 90 63
3 3 74 90
3 63 74 90
3 67 74 58
3 67 106 58
3 58 106 74
3 67 74 106
3 51 49 63
3 51 49 107
3 63 107 51
3 49 107 63
3 33 72 57
3 33 57 84
3 33 84 72
3 57 72 84
3 47 84 61
3 47 61 97
3 47 97 84
3 61 97 84
3 47 51 85
3 47 51 94
3 47 85 94
3 85 94 51
3 30 64 73
3 64 83 30
3 30 73 83
3 73 83 64
3 51 83 61
3 61 100 51
3 61 83 100
3 51 83 100
3 50 57 64
3 50 111 57
3 50 111 64
3 57 111 64
3 63 51 41
3 41 100 51
3 41 100 63
3 63 100 51
3 64 52 43
3 43 52 106
3 64 106 43
3 64 106 52
3 22 86 8
3 22 96 8
3 86 96 22
3 86 96 8
3 76 19 8
3 19 102 8
3 76 102 8
3 19 76 102
3 19 77 22
3 22 19 95
3 22 95 77
3 19 95 77
3 53 65 46
3 65 112 53
3 53 112 46
3 46 112 65
3 38 87 29
3 38 98 29
3 29 98 87
3 38 98 87
3 23 87 70
3 23 70 93
3 23 87 93
3 87 93 70
3 78 27 38
3 38 104 27
3 78 104 27
3 38 78 104
3 17 78 79
3 17 79 88
3 17 78 88
3 79 88 78
3 70 79 8
3 8 70 108
3 79 108 8
3 79 108 70
3 28 68 67
3 67 99 28
3 68 99 28
3 68 99 67
3 31 49 68
3 31 49 92
3 31 92 68
3 68 92 49
3 3 69 66
3 3 91 69
3 66 91 3
3 66 91 69
3 66 67 6
3 67 103 6
3 6 66 103
3 66 103 67
3 49 69 19
3 49 109 19
3 69 109 19
3 69 109 49
3 41 55 73
3 41 100 55
3 73 100 41
3 55 73 100
3 72 55 37
3 55 97 37
3 37 97 72
3 55 97 72
3 64 57 40
3 40 57 110
3 64 110 40
3 64 110 57
3 32 79 81
3 32 79 88
3 81 88 32
3 81 88 79
3 81 38 35
3 35 38 104
3 81 104 35
3 38 104 81
3 43 93 35
3 35 43 92
3 43 93 92
3 92 93 35
3 60 79 59
3 59 79 113
3 59 60 113
3 79 113 60
3 23 60 82
3 23 60 89
3 23 82 89
3 82 89 60
3 43 38 82
3 43 101 38
3 43 101 82
3 38 101 82
3 54 84 44
3 44 99 54
3 84 99 44
3 84 99 54
3 47 84 48
3 48 105 47
3 47 105 84
3 48 105 84
3 55 54 74
3 55 111 54
3 55 111 74
3 74 111 54
3 26 83 74
3 26 95 74
3 26 83 95
3 74 83 95
3 51 83 48
3 51 48 107
3 51 107 83
3 48 83 107
3 71 85 47
3 71 105 47
3 47 105 85
3 85 105 71
3 37 85 56
3 37 98 56
3 37 85 98
3 56 85 98
3 9 83 73
3 9 73 96
3 9 96 83
3 73 83 96
3 61 71 83
3 71 110 61
3 61 110 83
3 83 110 71
3 55 56 73
3 56 111 55
3 55 73 111
3 56 73 111
3 81 69 34
3 69 91 34
3 81 91 34
3 81 91 69
3 45 59 91
3 45 103 59
3 45 91 103
3 91 103 59
3 52 92 45
3 52 99 45
3 45 92 99
3 52 99 92
3 82 63 31
3 63 90 31
3 31 82 90
3 82 90 63
3 90 59 52
3 59 52 106
3 59 90 106
3 90 106 52
3 49 63 69
3 49 69 114
3 49 63 114
3 69 63 114
3 36 40 93
3 40 98 36
3 40 93 98
3 36 98 93
3 36 88 39
3 39 104 36
3 36 104 88
3 39 104 88
3 39 89 40
3 40 101 39
3 89 101 40
3 89 101 39
3 70 60 79
3 70 79 115
3 70 60 115
3 79 115 60
3 48 86 22
3 48 105 22
3 22 86 105
3 48 105 86
3 54 86 28
3 54 99 28
3 28 99 86
3 54 86 99
3 19 76 48
3 19 48 109
3 76 109 19
3 48 109 76
3 66 76 26
3 26 94 66
3 26 76 94
3 66 76 94
3 54 66 15
3 54 112 15
3 66 112 15
3 54 66 112
3 77 56 29
3 56 98 29
3 77 98 29
3 77 98 56
3 22 71 77
3 22 105 71
3 22 105 77
3 71 105 77
3 8 76 71
3 8 71 108
3 76 108 8
3 71 76 108
3 76 78 9
3 9 78 97
3 9 97 76
3 76 97 78
3 15 78 56
3 15 56 112
3 78 112 15
3 56 78 112
3 43 82 67
3 67 43 106
3 82 106 43
3 67 82 106
3 35 67 81
3 35 103 67
3 81 103 35
3 81 103 67
3 39 69 63
3 69 113 39
3 63 113 39
3 69 63 113
3 45 91 48
3 45 48 109
3 45 109 91
3 91 109 48
3 44 66 91
3 44 66 94
3 44 91 94
3 66 94 91
3 67 74 66
3 67 66 114
3 74 114 67
3 74 114 66
3 28 74 90
3 28 74 95
3 28 95 90
3 74 95 90
3 52 48 90
3 52 48 107
3 52 90 107
3 48 90 107
3 61 62 84
3 62 110 61
3 61 110 84
3 62 84 110
3 58 72 84
3 58 106 72
3 58 84 106
3 72 84 106
3 55 72 75
3 72 111 55
3 75 111 55
3 72 75 111
3 75 85 41
3 41 101 75
3 41 101 85
3 75 101 85
3 51 62 85
3 62 107 51
3 51 107 85
3 62 85 107
3 35 92 68
3 35 104 68
3 35 104 92
3 92 104 68
3 80 92 45
3 45 109 80
3 92 109 45
3 92 109 80
3 59 90 80
3 80 113 59
3 59 113 90
3 80 113 90
3 90 82 6
3 82 102 6
3 90 102 6
3 90 102 82
3 67 82 68
3 68 114 67
3 82 114 67
3 82 114 68
3 88 78 37
3 78 97 37
3 88 97 37
3 78 97 88
3 70 97 53
3 53 108 70
3 97 108 53
3 70 97 108
3 53 57 98
3 53 105 57
3 53 98 105
3 98 105 57
3 29 89 73
3 29 96 73
3 29 89 96
3 73 89 96
3 96 70 57
3 70 57 110
3 70 96 110
3 57 96 110
3 78 73 56
3 78 116 56
3 56 73 116
3 78 116 73
3 46 50 99
3 50 105 46
3 50 105 99
3 46 105 99
3 46 49 94
3 49 109 46
3 94 109 46
3 94 109 49
3 50 49 95
3 50 107 49
3 50 95 107
3 95 107 49
3 54 74 66
3 66 117 54
3 54 117 74
3 66 74 117
3 40 62 93
3 40 62 110
3 40 110 93
3 62 110 93
3 72 93 43
3 72 106 43
3 93 106 43
3 93 106 72
3 62 88 39
3 62 113 39
3 39 88 113
3 62 113 88
3 81 88 41
3 41 81 100
3 88 100 41
3 81 100 88
3 72 38 81
3 72 115 38
3 81 115 38
3 72 81 115
3 19 80 77
3 80 109 19
3 77 109 19
3 80 109 77
3 27 68 77
3 27 68 104
3 77 104 27
3 68 77 104
3 15 87 68
3 15 112 87
3 15 112 68
3 87 68 112
3 6 87 86
3 6 87 103
3 86 103 6
3 87 86 103
3 8 80 86
3 8 108 80
3 86 108 8
3 80 86 108
3 71 89 40
3 71 110 40
3 40 89 110
3 71 89 110
3 88 71 36
3 71 108 36
3 88 108 36
3 71 108 88
3 38 78 73
3 78 115 38
3 38 73 115
3 73 115 78
3 76 94 47
3 47 97 76
3 94 97 47
3 94 97 76
3 53 97 54
3 54 112 53
3 53 97 112
3 54 112 97
3 83 76 71
3 71 116 76
3 71 83 116
3 76 116 83
3 83 96 22
3 83 95 22
3 22 95 96
3 95 96 83
3 54 96 57
3 54 111 57
3 57 111 96
3 54 96 111
3 81 91 58
3 58 100 81
3 58 100 91
3 81 100 91
3 59 91 62
3 59 113 62
3 91 113 59
3 62 91 113
3 67 75 81
3 67 81 114
3 67 114 75
3 81 114 75
3 43 92 75
3 43 101 75
3 43 101 92
3 75 92 101
3 52 62 92
3 62 107 52
3 52 107 92
3 62 92 107
3 53 98 87
3 87 112 53
3 53 112 98
3 87 98 112
3 36 77 98
3 36 104 77
3 36 104 98
3 77 98 104
3 8 89 96
3 8 102 89
3 96 102 8
3 96 102 89
3 70 87 96
3 87 115 70
3 96 115 70
3 87 96 115
3 77 89 71
3 71 116 77
3 71 116 89
3 77 116 89
3 93 87 35
3 35 103 87
3 35 93 103
3 93 103 87
3 65 103 79
3 65 79 108
3 65 103 108
3 79 108 103
3 65 104 69
3 65 109 69
3 104 109 65
3 69 109 104
3 27 82 89
3 82 102 27
3 27 89 102
3 82 102 89
3 102 79 69
3 79 113 69
3 102 113 79
3 102 113 69
3 82 87 68
3 87 118 68
3 87 118 82
3 82 118 68
3 56 95 50
3 50 111 56
3 95 111 50
3 95 111 56
3 94 56 46
3 46 56 112
3 46 94 112
3 56 94 112
3 48 76 83
3 48 117 76
3 83 117 48
3 76 117 83
3 60 64 106
3 60 110 64
3 64 110 106
3 60 110 106
3 60 100 63
3 60 113 63
3 60 100 113
3 63 100 113
3 64 63 101
3 64 107 63
3 64 101 107
3 63 107 101
3 75 81 72
3 81 119 72
3 72 75 119
3 81 119 75
3 50 75 99
3 50 111 75
3 99 111 50
3 75 99 111
3 52 84 99
3 52 106 84
3 99 106 52
3 84 99 106
3 91 94 51
3 91 100 51
3 94 100 51
3 94 100 91
3 75 49 94
3 49 75 114
3 49 114 94
3 94 114 75
3 84 91 48
3 84 117 48
3 91 117 48
3 91 117 84
3 80 89 39
3 39 113 80
3 89 113 39
3 80 113 89
3 36 80 93
3 80 108 36
3 93 108 36
3 80 108 93
3 38 82 87
3 38 87 115
3 82 115 38
3 87 115 82
3 65 66 103
3 66 112 65
3 65 103 112
3 66 103 112
3 45 86 99
3 45 103 86
3 45 103 99
3 99 103 86
3 80 90 86
3 86 118 80
3 90 118 80
3 86 90 118
3 19 90 95
3 90 102 19
3 95 102 19
3 95 102 90
3 66 102 69
3 69 114 66
3 102 114 69
3 102 114 66
3 72 97 70
3 72 115 70
3 70 115 97
3 72 115 97
3 61 88 97
3 88 100 61
3 100 97 61
3 97 100 88
3 71 88 85
3 71 88 116
3 71 85 116
3 88 116 85
3 40 85 98
3 40 101 85
3 40 98 101
3 85 101 98
3 57 72 98
3 57 111 72
3 57 111 98
3 72 98 111
3 78 104 65
3 65 78 112
3 104 112 65
3 78 112 104
3 79 102 78
3 79 78 115
3 79 115 102
3 78 102 115
3 80 89 77
3 77 118 80
3 89 118 80
3 77 118 89
3 46 105 77
3 77 109 46
3 46 109 105
3 77 105 109
3 53 105 86
3 53 108 86
3 53 105 108
3 86 105 108
3 15 95 96
3 96 102 15
3 15 102 95
3 96 95 102
3 56 95 77
3 56 77 116
3 56 95 116
3 95 116 77
3 54 86 96
3 86 117 54
3 96 117 54
3 86 117 96
3 49 68 95
3 49 68 114
3 49 114 95
3 68 114 95
3 99 68 46
3 68 112 46
3 46 99 112
3 68 112 99
3 48 86 90
3 48 117 86
3 48 90 117
3 86 90 117
3 64 101 73
3 64 73 111
3 101 111 64
3 101 111 73
3 100 73 60
3 60 73 115
3 100 115 60
3 73 100 115
3 62 88 85
3 88 119 62
3 62 119 85
3 88 119 85
3 64 106 74
3 74 111 64
3 64 111 106
3 106 111 74
3 74 63 100
3 63 74 114
3 100 114 63
3 74 114 100
3 62 91 84
3 84 119 62
3 62 91 119
3 84 119 91
3 85 105 50
3 85 107 50
3 50 107 105
3 85 107 105
3 57 105 84
3 57 84 110
3 105 110 57
3 84 110 105
3 55 94 97
3 55 100 94
3 55 97 100
3 94 100 97
3 54 84 97
3 84 117 54
3 97 117 54
3 97 117 84
3 85 94 56
3 85 116 56
3 94 116 56
3 85 94 116
3 65 76 108
3 76 109 65
3 65 108 109
3 76 108 109
3 96 86 87
3 86 118 87
3 87 96 118
3 86 96 118
3 78 102 76
3 78 116 76
3 102 116 78
3 102 116 76
3 59 103 93
3 59 106 93
3 59 103 106
3 106 103 93
3 79 81 103
3 81 115 79
3 79 115 103
3 81 115 103
3 80 92 93
3 80 118 93
3 80 92 118
3 93 118 92
3 39 92 101
3 39 92 104
3 101 104 39
3 104 101 92
3 69 81 104
3 69 114 81
3 104 114 69
3 81 104 114
3 77 95 68
3 68 118 77
3 95 118 68
3 95 118 77
3 102 76 66
3 76 117 66
3 102 117 66
3 76 102 117
3 70 108 93
3 70 110 93
3 70 108 110
3 93 110 108
3 60 89 110
3 60 89 113
3 110 113 60
3 110 113 89
3 89 101 73
3 73 116 89
3 101 116 73
3 89 101 116
3 38 101 98
3 38 104 98
3 101 104 38
3 98 101 104
3 72 98 93
3 93 119 72
3 72 119 98
3 98 119 93
3 101 82 63
3 63 114 82
3 63 101 114
3 82 101 114
3 60 82 106
3 82 115 60
3 106 115 60
3 106 115 82
3 62 92 93
3 93 119 62
3 62 119 92
3 93 119 92
3 83 110 64
3 83 107 64
3 64 107 110
3 83 107 110
3 83 100 74
3 74 117 83
3 100 117 74
3 83 100 117
3 75 85 94
3 75 119 85
3 94 119 75
3 85 119 94
3 83 73 100
3 73 83 116
3 100 116 73
3 83 116 100
3 84 72 97
3 84 119 72
3 72 119 97
3 97 119 84
3 49 109 92
3 92 107 49
3 107 109 49
3 109 107 92
3 91 109 69
3 69 113 91
3 69 109 113
3 109 113 91
3 91 103 66
3 91 117 66
3 66 117 103
3 103 117 91
3 67 99 103
3 99 106 67
3 106 103 67
3 106 103 99
3 68 92 99
3 68 92 118
3 68 99 118
3 92 99 118
3 79 88 108
3 88 113 79
3 108 113 79
3 88 113 108
3 87 93 98
3 87 93 118
3 98 118 87
3 93 98 118
3 78 104 88
3 78 88 116
3 104 116 78
3 104 116 88
3 89 101 82
3 82 118 89
3 82 101 118
3 101 118 89
3 88 104 81
3 81 119 88
3 81 104 119
3 88 104 119
3 111 95 74
3 74 114 95
3 111 114 74
3 111 114 95
3 54 112 99
3 54 111 99
3 54 111 112
3 99 111 112
3 48 105 109
3 105 107 48
3 107 109 48
3 109 107 105
3 83 95 107
3 83 116 95
3 107 116 83
3 95 116 107
3 84 105 99
3 99 119 84
3 105 119 84
3 99 119 105
3 63 107 90
3 90 113 63
3 107 113 63
3 90 107 113
3 90 106 74
3 74 117 90
3 74 117 106
3 90 106 117
3 75 92 99
3 92 119 75
3 99 119 75
3 99 119 92
3 90 106 82
3 82 90 118
3 82 106 118
3 106 118 90
3 91 81 103
3 81 119 91
3 103 119 81
3 103 119 91
3 98 112 56
3 56 98 111
3 111 112 56
3 98 111 112
3 78 97 112
3 78 115 97
3 78 115 112
3 97 112 115
3 105 108 71
3 71 105 110
3 71 108 110
3 105 110 108
3 76 97 108
3 76 97 117
3 76 108 117
3 108 117 97
3 98 105 77
3 98 118 77
3 77 118 105
3 105 118 98
3 66 112 94
3 66 94 114
3 66 112 114
3 94 112 114
3 76 94 109
3 94 116 76
3 76 109 116
3 94 109 116
3 105 99 86
3 99 118 86
3 86 118 105
3 99 118 105
3 90 107 95
3 90 95 118
3 90 107 118
3 107 118 95
3 91 109 94
3 94 119 91
3 109 119 91
3 94 119 109
3 72 106 111
3 106 115 72
3 72 111 115
3 111 115 106
3 75 111 101
3 101 114 75
3 75 111 114
3 111 114 101
3 85 101 107
3 101 116 85
3 85 107 116
3 101 107 116
3 110 107 62
3 110 113 62
3 107 113 62
3 110 113 107
3 110 106 84
3 84 117 106
3 84 110 117
3 110 117 106
3 73 96 111
3 73 115 96
3 73 111 115
3 111 115 96
3 83 96 110
3 83 96 117
3 110 117 83
3 96 110 117
3 85 98 105
3 98 119 85
3 105 119 85
3 98 119 105
3 89 110 96
3 89 118 96
3 89 118 110
3 96 110 118
3 97 88 108
3 97 119 88
3 108 119 88
3 97 119 108
3 68 104 112
3 68 104 114
3 68 112 114
3 112 114 104
3 87 103 112
3 87 115 103
3 112 115 87
3 112 115 103
3 103 108 86
3 86 117 103
3 86 117 108
3 103 117 108
3 109 108 80
3 113 108 80
3 80 109 113
3 109 113 108
3 109 104 77
3 104 116 77
3 109 116 77
3 104 116 109
3 81 100 115
3 100 114 81
3 81 114 115
3 100 114 115
3 88 113 100
3 88 100 116
3 88 116 113
3 100 113 116
3 93 110 106
3 93 118 106
3 93 118 110
3 106 118 110
3 95 111 96
3 96 118 95
3 111 118 96
3 95 118 111
3 97 94 112
3 94 97 119
3 112 119 94
3 97 119 112
3 92 101 107
3 92 118 101
3 107 118 92
3 101 107 118
3 100 113 91
3 91 117 100
3 91 113 117
3 100 117 113
3 82 102 115
3 82 114 102
3 82 114 115
3 102 115 114
3 113 102 90
3 90 117 102
3 90 113 117
3 113 117 102
3 92 109 104
3 104 119 92
3 92 119 109
3 104 119 109
3 102 113 89
3 89 102 116
3 116 113 89
3 102 113 116
3 103 93 108
3 93 103 119
3 108 119 93
3 103 108 119
3 94 114 100
3 100 116 94
3 94 116 114
3 100 116 114
3 99 111 106
3 99 106 118
3 99 111 118
3 106 118 111
3 102 95 114
3 102 116 95
3 116 114 95
3 102 114 116
3 112 99 103
3 103 119 99
3 112 119 99
3 112 119 103
3 98 101 111
3 101 118 98
3 98 111 118
3 111 118 101
3 97 115 100
3 100 117 97
3 97 117 115
3 100 117 115
3 102 115 96
3 102 117 96
3 96 117 115
3 115 117 102
3 112 104 98
3 98 119 104
3 98 112 119
3 112 119 104
3 107 110 105
3 105 110 118
3 107 118 105
3 110 118 107
3 109 108 105
3 105 119 108
3 109 119 105
3 109 108 119
3 104 101 114
3 101 116 104
3 101 116 114
3 114 116 104
3 103 115 106
3 103 106 117
3 103 117 115
3 115 117 106
3 109 107 113
3 109 116 107
3 109 116 113
3 107 116 113
3 110 113 108
3 108 117 110
3 108 117 113
3 110 117 113
3 112 115 111
3 114 112 111
3 112 114 115
3 111 114 115
4 1 0 37 36
4 2 0 37 53
4 2 53 36 1
4 4 33 37 5
4 2 4 33 47
4 5 2 47 37
4 1 7 33 34
4 7 33 44 2
4 1 34 44 2
4 0 34 35 5
4 2 0 34 45
4 2 5 35 45
4 4 7 36 35
4 4 35 65 2
4 7 36 65 2
4 11 4 45 46
4 4 45 65 5
4 5 11 46 65
4 0 47 53 5
4 13 0 47 46
4 13 5 53 46
4 32 5 11 33
4 11 33 34 13
4 34 13 5 32
4 1 45 44 0
4 16 46 44 0
4 1 45 46 16
4 18 33 32 1
4 16 37 32 1
4 18 33 37 16
4 1 7 53 65
4 18 46 53 7
4 1 65 46 18
4 7 18 34 32
4 7 21 35 32
4 21 35 34 18
4 4 44 47 7
4 21 46 44 4
4 21 46 47 7
4 53 11 13 65
4 24 36 53 11
4 24 13 65 36
4 0 13 35 32
4 0 32 36 16
4 13 16 36 35
4 13 16 47 44
4 13 24 33 44
4 16 47 33 24
4 32 4 11 37
4 21 36 32 4
4 11 21 36 37
4 24 34 44 11
4 11 44 45 21
4 21 45 34 24
4 45 18 16 65
4 24 35 45 18
4 16 65 35 24
4 47 18 24 37
4 18 47 53 21
4 24 37 53 21
4 6 8 7 4
4 4 32 79 6
4 32 7 8 79
4 0 9 8 1
4 9 0 32 70
4 8 70 32 1
4 4 10 9 5
4 4 32 61 10
4 9 61 32 5
4 1 3 10 7
4 10 58 32 7
4 3 58 32 1
4 3 6 5 0
4 0 3 59 32
4 32 5 6 59
4 5 70 61 0
4 14 60 61 0
4 14 60 70 5
4 5 12 10 2
4 2 3 14 5
4 14 3 10 12
4 4 59 79 5
4 4 59 60 12
4 12 60 79 5
4 7 70 79 1
4 7 70 60 20
4 20 1 79 60
4 1 59 58 0
4 17 60 58 0
4 1 59 60 17
4 1 2 10 20
4 1 2 9 17
4 10 20 17 9
4 58 4 7 61
4 23 60 58 4
4 7 23 60 61
4 3 20 7 2
4 2 6 23 7
4 20 23 6 3
4 2 0 14 6
4 2 0 17 8
4 17 8 6 14
4 17 61 58 14
4 14 58 10 42
4 42 10 61 17
4 14 79 70 12
4 42 12 70 8
4 42 14 79 8
4 2 4 12 9
4 4 23 8 2
4 12 9 8 23
4 12 42 3 58
4 12 58 59 23
4 42 3 59 23
4 59 20 17 79
4 42 6 59 20
4 6 42 17 79
4 42 20 61 9
4 20 61 70 23
4 42 9 70 23
4 13 0 9 15
4 9 54 44 0
4 44 13 15 54
4 12 55 44 4
4 9 55 44 2
4 13 11 12 14
4 12 58 44 11
4 13 44 58 14
4 0 44 67 14
4 2 44 67 6
4 11 4 6 15
4 6 4 44 66
4 11 44 66 15
4 4 2 66 67
4 4 10 74 67
4 10 2 66 74
4 2 54 55 0
4 3 74 55 0
4 2 54 74 3
4 0 13 67 58
4 0 58 74 26
4 26 13 67 74
4 5 13 25 12
4 9 26 13 5
4 12 9 26 25
4 11 13 66 54
4 25 74 54 11
4 13 25 74 66
4 5 11 25 14
4 5 6 28 11
4 25 14 6 28
4 58 4 11 55
4 4 28 74 58
4 11 55 74 28
4 10 3 66 54
4 10 42 15 54
4 42 15 66 3
4 5 15 26 0
4 26 15 6 3
4 26 42 12 55
4 26 3 58 55
4 5 4 28 15
4 9 10 28 15
4 42 28 67 14
4 28 10 58 67
4 42 25 67 6
4 66 26 42 6
4 25 67 66 26
4 9 42 25 55
4 9 42 28 54
4 25 28 54 55
4 19 8 7 18
4 7 47 76 8
4 47 18 19 76
4 16 0 3 19
4 0 3 48 47
4 47 16 19 48
4 7 20 51 47
4 3 2 47 51
4 17 20 18 16
4 18 20 61 47
4 16 47 61 17
4 17 71 47 0
4 2 47 71 8
4 2 0 51 48
4 51 0 9 83
4 2 48 83 9
4 2 76 71 7
4 7 10 83 71
4 2 10 83 76
4 1 0 26 19
4 26 19 8 9
4 10 48 19 42
4 10 9 76 48
4 19 76 9 42
4 26 42 20 51
4 51 61 9 26
4 48 18 16 76
4 18 30 83 48
4 16 76 83 30
4 0 16 71 61
4 0 61 83 26
4 16 26 83 71
4 1 20 30 16
4 3 26 16 1
4 3 20 30 26
4 18 51 61 7
4 7 61 83 22
4 22 83 51 18
4 1 17 30 18
4 1 18 22 8
4 17 8 22 30
4 7 22 19 1
4 3 10 22 19
4 10 22 71 61
4 42 17 71 22
4 26 76 8 42
4 30 42 8 71
4 26 30 71 76
4 3 42 30 51
4 48 22 42 3
4 30 22 48 51
4 12 38 35 4
4 4 35 81 58
4 12 58 81 38
4 14 0 37 38
4 0 58 72 37
4 38 72 58 14
4 32 58 55 37
4 32 35 67 58
4 32 72 55 0
4 34 75 55 0
4 34 75 72 32
4 32 81 67 4
4 4 33 75 67
4 33 75 81 32
4 12 14 81 72
4 25 12 72 75
4 14 81 75 25
4 0 44 75 41
4 41 75 67 14
4 11 37 41 25
4 5 14 41 37
4 44 4 43 75
4 43 75 55 12
4 5 12 43 35
4 25 43 35 13
4 24 33 72 38
4 24 38 81 34
4 34 33 72 81
4 5 38 41 0
4 41 38 35 34
4 24 11 55 41
4 44 55 41 34
4 4 43 38 5
4 33 37 38 43
4 13 67 43 24
4 44 67 43 33
4 35 24 25 67
4 41 81 35 24
4 67 25 41 81
4 25 55 37 24
4 43 72 37 24
4 25 43 72 55
4 4 21 22 10
4 4 45 48 10
4 21 45 48 22
4 23 80 45 4
4 2 8 80 45
4 20 1 45 52
4 10 52 45 2
4 21 18 20 23
4 18 20 59 45
4 21 23 59 45
4 1 8 86 45
4 22 86 45 18
4 2 86 80 1
4 3 90 80 1
4 3 90 86 2
4 4 52 48 2
4 6 90 52 4
4 2 48 90 6
4 48 86 6 3
4 42 6 86 22
4 28 42 20 52
4 28 6 59 52
4 4 28 22 7
4 28 22 8 6
4 4 59 80 21
4 4 28 90 59
4 21 28 90 80
4 20 31 21 7
4 7 10 28 21
4 31 28 10 20
4 18 21 86 48
4 18 31 90 48
4 31 21 86 90
4 18 31 23 7
4 31 23 8 19
4 1 18 52 59
4 19 90 59 1
4 52 18 19 90
4 19 80 59 3
4 42 23 80 19
4 28 86 8 42
4 42 8 80 31
4 28 31 80 86
4 10 42 31 52
4 31 19 48 52
4 14 27 16 0
4 16 37 38 27
4 25 26 16 24
4 16 26 55 37
4 0 37 56 26
4 5 37 56 15
4 11 24 27 15
4 11 15 78 37
4 24 37 78 27
4 38 27 42 12
4 38 78 9 12
4 42 9 78 27
4 13 0 17 27
4 9 17 27 15
4 41 25 42 17
4 9 17 41 55
4 9 73 41 0
4 9 5 38 73
4 5 78 56 11
4 11 12 73 56
4 12 73 78 5
4 16 56 55 0
4 0 17 73 55
4 17 73 56 16
4 24 16 78 38
4 30 16 78 73
4 30 73 38 24
4 13 16 17 14
4 13 16 30 25
4 14 25 30 17
4 24 30 26 13
4 13 24 29 15
4 26 15 29 30
4 29 73 55 11
4 24 29 73 41
4 42 15 78 17
4 30 17 78 56
4 42 30 56 15
4 13 11 29 27
4 14 27 29 12
4 29 56 55 12
4 42 26 56 29
4 42 14 41 30
4 42 14 38 29
4 29 38 41 30
4 0 17 39 34
4 0 34 62 61
4 17 39 62 61
4 32 34 51 61
4 32 61 71 36
4 7 20 39 36
4 7 36 88 61
4 20 39 88 61
4 32 88 71 7
4 33 85 71 7
4 32 88 85 33
4 32 62 51 0
4 0 37 85 51
4 37 85 62 32
4 33 62 39 24
4 24 37 88 39
4 33 37 88 62
4 1 39 41 0
4 36 39 41 37
4 24 41 51 18
4 37 41 51 47
4 30 24 36 71
4 24 36 88 41
4 30 71 88 41
4 47 0 41 85
4 41 85 71 17
4 17 41 34 1
4 18 34 41 30
4 62 20 17 88
4 20 62 85 30
4 17 88 85 30
4 1 36 40 20
4 30 16 36 40
4 7 47 85 40
4 40 85 51 20
4 7 1 39 40
4 33 40 39 34
4 16 71 40 24
4 33 40 71 47
4 24 30 51 34
4 62 40 24 34
4 40 62 51 30
4 0 58 84 47
4 3 58 84 48
4 47 61 58 44
4 44 58 59 45
4 4 58 91 45
4 10 58 91 48
4 4 59 62 33
4 44 91 59 4
4 44 91 62 33
4 0 44 84 61
4 34 62 84 44
4 20 10 84 62
4 20 3 91 62
4 10 84 91 3
4 51 62 59 3
4 18 51 91 45
4 51 91 59 20
4 34 45 48 51
4 32 62 52 4
4 61 10 52 62
4 18 33 84 48
4 34 91 48 18
4 33 34 91 84
4 18 52 84 47
4 20 52 84 61
4 32 33 52 59
4 47 48 52 33
4 28 86 53 11
4 6 5 53 86
4 12 23 21 11
4 12 11 53 70
4 21 53 70 23
4 5 53 57 12
4 2 53 57 10
4 10 7 53 54
4 28 54 53 21
4 7 23 87 53
4 6 87 53 2
4 2 54 57 7
4 8 96 57 7
4 2 8 96 54
4 5 87 86 2
4 9 5 87 96
4 2 86 96 9
4 9 54 86 8
4 22 42 12 57
4 22 57 70 8
4 11 21 86 54
4 29 11 54 96
4 21 86 96 29
4 7 21 87 70
4 7 22 96 70
4 22 96 87 21
4 4 21 29 12
4 10 12 29 22
4 11 57 70 5
4 15 96 57 11
4 5 15 96 70
4 42 10 57 29
4 29 15 54 57
4 42 15 87 23
4 15 9 70 87
4 11 29 23 4
4 15 29 23 6
4 42 29 87 6
4 29 87 86 22
4 13 35 87 15
4 29 87 35 24
4 24 21 28 25
4 21 28 67 35
4 35 21 29 38
4 4 35 68 28
4 5 15 68 35
4 43 4 6 82
4 6 5 38 82
4 42 23 43 25
4 43 67 6 23
4 14 6 87 38
4 5 87 68 13
4 14 82 87 5
4 13 14 82 68
4 24 21 87 38
4 24 31 82 38
4 31 82 87 21
4 4 21 68 67
4 23 82 67 4
4 21 23 82 68
4 25 31 21 11
4 25 31 23 12
4 13 67 82 27
4 24 27 82 43
4 11 28 31 24
4 28 15 27 31
4 42 31 68 15
4 31 68 87 23
4 14 67 68 27
4 27 68 28 42
4 42 31 43 12
4 43 31 27 38
4 1 36 93 59
4 40 20 59 93
4 4 33 40 23
4 59 23 40 62
4 32 36 80 59
4 4 35 92 52
4 35 92 62 32
4 32 93 80 1
4 34 1 80 92
4 34 32 93 92
4 24 40 93 35
4 34 35 93 62
4 7 40 43 4
4 35 43 40 36
4 52 18 24 43
4 35 43 52 45
4 43 92 45 4
4 23 80 92 43
4 31 24 36 80
4 36 24 43 93
4 31 80 93 43
4 23 43 33 7
4 18 33 43 31
4 20 62 93 23
4 20 31 92 62
4 23 31 92 93
4 45 1 39 92
4 52 20 39 92
4 31 39 36 21
4 24 33 52 31
4 31 52 62 39
4 24 39 80 21
4 45 34 39 80
4 19 27 24 18
4 18 34 69 19
4 27 24 34 69
4 0 26 49 34
4 19 49 34 1
4 13 34 39 27
4 13 34 51 26
4 3 14 27 19
4 39 69 3 20
4 39 27 42 20
4 42 3 69 27
4 3 14 41 51
4 3 63 41 0
4 1 3 63 39
4 0 51 49 13
4 14 63 51 0
4 14 63 49 13
4 42 14 69 19
4 25 49 69 14
4 25 42 19 49
4 1 18 49 69
4 1 20 63 69
4 18 49 63 20
4 24 13 69 39
4 25 63 69 13
4 24 25 63 39
4 31 63 51 18
4 24 41 63 31
4 24 16 19 31
4 25 26 19 31
4 16 27 31 18
4 17 20 31 27
4 20 51 49 31
4 31 49 26 42
4 39 31 42 17
4 41 25 31 39
4 25 11 46 49
4 46 94 55 11
4 25 49 94 55
4 26 55 75 49
4 44 46 56 55
4 51 26 56 85
4 51 47 46 49
4 18 30 56 46
4 18 46 94 51
4 56 94 51 30
4 47 44 75 85
4 33 85 56 11
4 11 44 94 56
4 33 44 94 85
4 18 49 75 33
4 18 47 94 49
4 33 75 94 47
4 25 26 94 75
4 30 85 75 25
4 30 85 94 26
4 11 50 85 37
4 50 85 41 25
4 25 50 46 13
4 30 50 46 16
4 13 11 50 49
4 34 49 50 33
4 18 50 56 16
4 37 56 50 33
4 34 18 50 75
4 30 41 75 50
4 7 61 97 53
4 54 97 61 10
4 53 70 61 47
4 9 61 84 54
4 9 55 72 70
4 11 53 97 55
4 12 70 97 55
4 37 53 54 55
4 37 72 84 47
4 7 33 72 70
4 7 47 97 70
4 33 72 97 47
4 11 54 84 33
4 37 11 54 97
4 37 97 84 33
4 12 10 84 72
4 12 72 97 9
4 10 9 97 84
4 7 32 72 57
4 10 57 72 58
4 44 84 57 11
4 12 57 84 58
4 44 33 57 54
4 32 33 57 70
4 3 1 65 66
4 16 65 66 26
4 17 78 65 1
4 2 65 78 9
4 14 79 65 13
4 17 79 65 16
4 14 69 65 5
4 3 2 65 69
4 9 76 65 5
4 13 65 76 26
4 5 78 76 2
4 5 6 102 78
4 6 2 76 102
4 1 69 66 2
4 1 8 102 69
4 8 2 66 102
4 19 8 79 69
4 66 76 8 6
4 1 16 78 79
4 1 79 102 19
4 16 19 102 78
4 16 13 66 76
4 27 13 66 102
4 16 27 102 76
4 13 5 79 69
4 5 79 102 15
4 13 15 102 69
4 6 15 78 79
4 15 27 69 66
4 19 76 78 27
4 23 43 72 70
4 35 87 70 32
4 5 70 93 35
4 43 12 70 93
4 5 32 93 87
4 37 98 87 5
4 32 37 98 93
4 7 57 98 36
4 36 32 72 98
4 5 53 98 38
4 38 98 57 12
4 29 57 33 24
4 38 29 57 72
4 37 38 87 53
4 36 93 72 37
4 11 24 40 57
4 57 53 36 40
4 40 98 53 7
4 23 87 98 40
4 12 23 93 72
4 29 98 72 12
4 23 93 98 29
4 33 11 29 40
4 29 40 93 87
4 21 24 30 22
4 22 71 36 21
4 7 36 77 22
4 19 77 36 1
4 19 80 36 16
4 17 39 80 8
4 23 40 30 42
4 23 8 71 40
4 7 40 89 8
4 1 39 89 8
4 1 80 77 16
4 17 1 80 89
4 17 16 77 89
4 7 71 77 21
4 23 7 71 89
4 21 77 89 23
4 24 29 89 39
4 21 80 89 29
4 21 29 30 18
4 23 20 30 29
4 18 24 29 22
4 27 29 22 19
4 20 42 29 40
4 29 40 39 27
4 27 89 71 16
4 24 27 89 40
4 27 77 71 17
4 42 27 77 22
4 42 29 77 19
4 29 23 80 77
4 4 33 50 28
4 28 67 75 50
4 67 44 46 68
4 46 13 67 99
4 50 25 67 99
4 18 46 68 31
4 18 52 99 46
4 31 52 99 68
4 52 92 68 28
4 28 11 33 52
4 11 4 52 50
4 52 45 46 50
4 44 99 68 13
4 13 34 92 68
4 44 99 92 34
4 45 92 75 44
4 50 99 45 18
4 34 45 99 75
4 49 92 35 13
4 49 92 43 25
4 31 49 46 21
4 43 31 49 75
4 18 21 68 49
4 34 49 68 35
4 25 28 99 75
4 31 25 75 92
4 31 28 99 92
4 18 22 57 33
4 7 33 50 22
4 10 20 40 57
4 4 43 64 10
4 40 7 10 64
4 12 10 52 43
4 12 57 50 25
4 42 25 50 22
4 12 4 52 64
4 11 50 64 12
4 18 7 57 50
4 7 57 64 20
4 18 50 64 20
4 30 50 52 20
4 28 42 30 50
4 11 57 64 25
4 25 24 40 64
4 64 30 18 52
4 43 24 30 64
4 25 30 22 28
4 25 30 40 43
4 41 63 74 55
4 25 63 60 12
4 60 100 55 12
4 63 100 55 25
4 58 60 73 55
4 30 20 60 73
4 60 100 51 20
4 30 73 100 51
4 61 51 63 60
4 51 83 73 41
4 61 58 74 83
4 20 63 74 10
4 20 61 100 63
4 61 10 74 100
4 25 30 83 74
4 25 74 100 41
4 30 41 100 83
4 12 10 83 73
4 12 58 100 73
4 58 100 83 10
4 14 25 64 60
4 17 60 64 30
4 12 64 83 9
4 26 25 64 83
4 14 12 64 63
4 10 64 63 3
4 20 17 73 64
4 9 73 64 10
4 3 20 64 74
4 30 64 74 26
4 59 6 66 91
4 1 65 103 59
4 3 66 103 59
4 79 65 45 59
4 65 103 67 13
4 14 79 103 67
4 35 65 66 67
4 67 6 79 81
4 34 81 79 1
4 45 103 79 1
4 45 103 81 34
4 35 81 91 45
4 13 34 91 66
4 13 66 103 35
4 35 34 91 103
4 3 91 81 14
4 14 81 103 6
4 6 3 91 103
4 32 81 69 1
4 58 81 69 3
4 44 91 69 13
4 14 58 91 69
4 32 79 69 34
4 44 66 69 34
4 5 37 88 79
4 41 88 79 14
4 41 81 79 17
4 37 32 79 78
4 1 69 104 36
4 36 104 81 32
4 5 78 88 32
4 35 5 78 104
4 32 88 104 35
4 69 81 38 27
4 35 38 78 65
4 5 65 104 38
4 14 69 104 38
4 36 35 81 88
4 69 65 36 39
4 17 88 81 14
4 27 104 81 14
4 27 104 88 17
4 39 104 65 1
4 17 39 104 78
4 27 78 88 39
4 45 99 54 2
4 10 52 99 54
4 28 52 84 54
4 45 86 54 44
4 22 57 84 48
4 48 47 53 86
4 53 2 48 105
4 10 57 105 48
4 11 57 105 46
4 46 105 84 44
4 44 99 86 2
4 2 86 105 47
4 47 44 99 105
4 47 84 99 46
4 57 53 46 50
4 28 10 84 99
4 22 10 84 105
4 22 105 99 28
4 11 53 105 50
4 28 50 105 86
4 22 50 99 86
4 27 68 46 16
4 29 21 46 56
4 29 11 46 77
4 27 13 46 77
4 50 56 15 28
4 15 95 50 11
4 13 15 95 49
4 26 49 68 15
4 19 77 56 26
4 50 49 19 22
4 18 50 95 19
4 16 56 95 19
4 16 13 68 77
4 13 68 95 26
4 16 77 95 26
4 28 68 77 22
4 18 22 95 49
4 21 22 95 68
4 11 21 77 56
4 11 56 95 28
4 21 28 95 77
4 46 105 71 16
4 50 105 71 30
4 50 85 71 22
4 46 77 71 47
4 40 29 56 85
4 37 56 77 36
4 16 36 98 56
4 56 98 40 30
4 57 98 77 22
4 29 77 105 57
4 47 53 98 85
4 47 105 77 16
4 16 77 98 37
4 47 105 98 37
4 53 105 85 37
4 22 105 85 30
4 30 85 98 29
4 29 98 105 22
4 14 60 106 67
4 25 67 106 64
4 60 82 67 58
4 43 67 74 64
4 59 52 64 60
4 20 59 106 64
4 59 3 74 106
4 58 59 90 74
4 43 82 90 52
4 31 82 60 20
4 60 106 52 20
4 31 52 106 82
4 31 25 74 90
4 43 106 74 25
4 31 43 106 90
4 3 14 82 90
4 58 14 82 106
4 3 90 106 58
4 31 28 74 63
4 20 63 82 23
4 6 82 63 3
4 23 31 63 60
4 14 63 90 6
4 25 28 90 63
4 5 70 108 65
4 9 70 108 76
4 53 70 79 65
4 8 76 97 70
4 36 88 97 53
4 5 53 108 79
4 53 37 88 108
4 71 88 79 8
4 71 108 65 16
4 17 79 108 71
4 36 71 76 65
4 16 37 97 76
4 16 76 108 36
4 36 108 97 37
4 16 47 97 78
4 17 61 97 78
4 47 76 78 37
4 61 9 78 88
4 17 9 97 88
4 8 108 88 17
4 9 97 108 8
4 26 66 91 51
4 47 76 66 44
4 2 47 94 66
4 3 66 94 51
4 2 65 109 48
4 48 109 69 3
4 45 65 76 48
4 19 48 91 69
4 44 2 76 94
4 2 76 109 45
4 45 109 94 44
4 13 69 109 46
4 46 109 91 44
4 46 94 91 45
4 19 49 94 76
4 13 65 109 49
4 26 76 109 49
4 46 49 69 65
4 3 91 94 26
4 3 19 109 91
4 19 26 94 109
4 52 84 72 43
4 58 72 93 59
4 32 72 106 59
4 52 106 72 33
4 62 110 70 32
4 33 57 110 62
4 61 62 93 70
4 40 62 84 57
4 58 106 93 32
4 32 61 110 93
4 58 61 110 106
4 60 110 57 12
4 58 84 110 60
4 70 57 64 60
4 60 106 84 61
4 12 64 110 70
4 43 64 110 93
4 33 84 106 43
4 33 40 110 84
4 40 110 106 43
4 40 64 106 93
4 29 73 60 23
4 29 89 60 12
4 14 27 89 60
4 27 82 60 17
4 41 63 82 38
4 64 73 38 43
4 12 64 101 38
4 63 14 38 101
4 39 101 64 20
4 39 17 73 101
4 64 63 39 40
4 39 89 73 41
4 17 89 82 14
4 41 101 82 14
4 17 41 101 89
4 40 89 82 43
4 40 101 63 20
4 23 40 101 82
4 23 12 73 89
4 43 101 73 12
4 43 23 89 101
4 49 92 80 19
4 80 45 46 77
4 46 109 80 21
4 49 31 80 109
4 21 68 104 36
4 39 31 68 104
4 39 92 68 27
4 36 77 68 35
4 69 109 77 27
4 69 104 77 19
4 21 45 109 77
4 35 104 77 21
4 45 109 104 35
4 45 92 104 65
4 35 65 109 92
4 19 31 92 109
4 31 92 104 27
4 27 19 109 104
4 64 83 71 40
4 60 17 71 110
4 64 30 71 110
4 61 71 89 60
4 17 8 96 73
4 30 22 96 73
4 22 29 73 83
4 8 89 73 9
4 9 70 110 83
4 61 83 96 70
4 57 29 89 110
4 40 89 96 57
4 30 29 96 83
4 40 110 83 30
4 40 110 96 29
4 9 17 89 96
4 61 17 89 110
4 61 110 96 9
4 8 79 103 86
4 79 108 86 6
4 65 35 93 108
4 65 103 93 36
4 53 108 80 21
4 70 23 80 108
4 53 86 80 36
4 80 93 70 8
4 6 59 93 87
4 21 87 103 45
4 23 87 103 59
4 35 45 86 87
4 35 21 86 103
4 36 108 86 21
4 35 103 108 36
4 23 6 103 93
4 8 23 93 108
4 6 103 108 8
4 15 54 97 78
4 2 54 112 65
4 9 54 112 78
4 53 54 66 65
4 55 9 76 94
4 55 97 76 26
4 53 2 66 112
4 53 112 94 47
4 53 97 94 46
4 16 56 112 65
4 56 112 66 26
4 65 78 56 46
4 15 56 94 66
4 46 112 78 16
4 47 97 112 46
4 9 26 94 97
4 15 112 94 26
4 15 9 97 112
4 61 32 81 100
4 51 100 81 34
4 51 91 81 41
4 58 61 88 81
4 62 39 69 91
4 79 88 62 59
4 32 79 113 62
4 34 62 113 69
4 14 69 113 60
4 60 58 91 113
4 32 58 100 88
4 59 32 88 113
4 58 100 113 59
4 60 100 91 59
4 63 113 79 14
4 41 88 113 63
4 79 69 63 60
4 63 100 88 39
4 34 91 100 41
4 39 34 91 113
4 41 100 113 39
4 67 106 84 44
4 67 99 84 58
4 75 50 57 72
4 55 54 99 75
4 33 75 111 57
4 44 75 111 54
4 10 74 111 57
4 58 74 111 72
4 74 106 72 55
4 64 74 54 57
4 58 44 99 106
4 44 55 111 99
4 55 58 106 111
4 33 50 111 72
4 50 52 106 111
4 54 111 64 10
4 52 99 111 64
4 50 99 106 64
4 19 90 74 26
4 28 74 83 22
4 22 95 74 10
4 3 19 95 74
4 48 107 64 10
4 3 48 107 63
4 51 48 90 63
4 52 48 83 64
4 64 63 49 50
4 49 95 83 51
4 25 49 107 64
4 26 49 107 83
4 50 107 63 25
4 50 28 90 107
4 52 50 95 90
4 28 95 83 10
4 10 52 107 83
4 52 107 95 28
4 3 26 95 90
4 51 107 90 3
4 51 107 95 26
4 21 87 112 46
4 56 29 87 112
4 53 87 68 46
4 87 15 56 98
4 15 78 104 68
4 27 78 112 68
4 27 77 98 38
4 29 77 104 38
4 65 53 98 104
4 21 68 112 53
4 53 112 104 36
4 36 98 112 65
4 29 15 112 98
4 27 104 98 29
4 15 112 104 27
4 23 80 113 60
4 31 80 113 63
4 59 60 89 80
4 63 90 80 39
4 27 19 90 82
4 6 8 89 82
4 23 82 102 8
4 31 19 102 82
4 79 6 90 113
4 59 79 102 90
4 69 102 89 39
4 69 27 89 113
4 27 102 90 31
4 39 113 90 31
4 27 102 113 39
4 6 102 89 23
4 59 23 89 113
4 6 59 113 102
4 26 74 111 56
4 30 64 111 56
4 55 74 95 56
4 50 64 73 56
4 9 83 95 15
4 15 26 83 96
4 54 9 73 111
4 55 54 96 73
4 57 50 95 96
4 22 57 111 95
4 50 111 73 30
4 22 96 111 50
4 9 96 95 26
4 26 55 111 95
4 9 55 111 96
4 6 66 112 87
4 15 66 103 87
4 28 86 103 67
4 6 86 99 67
4 65 103 99 46
4 45 65 112 99
4 68 99 54 15
4 28 68 112 54
4 45 103 112 46
4 28 99 103 6
4 15 112 99 28
4 15 6 103 112
4 72 115 79 32
4 37 72 115 78
4 72 70 79 81
4 78 97 72 38
4 55 41 88 97
4 55 37 88 100
4 70 97 100 60
4 32 81 115 70
4 61 70 115 100
4 73 38 81 100
4 17 79 115 73
4 81 41 73 115
4 73 60 79 78
4 60 115 78 17
4 60 115 97 61
4 37 97 100 41
4 41 100 115 38
4 38 115 97 37
4 58 91 94 55
4 55 44 91 100
4 75 114 66 44
4 34 75 114 69
4 75 67 66 94
4 81 69 49 75
4 66 69 63 74
4 69 114 74 3
4 58 81 114 74
4 67 81 100 74
4 44 58 100 94
4 44 67 114 94
4 58 67 114 100
4 49 63 100 94
4 3 66 114 63
4 63 114 94 51
4 34 81 114 49
4 51 49 114 100
4 61 71 105 84
4 47 71 110 84
4 33 85 107 52
4 48 47 85 107
4 50 85 62 52
4 48 105 85 51
4 51 83 110 62
4 83 61 62 107
4 57 105 107 64
4 62 107 50 33
4 57 50 107 110
4 47 61 110 105
4 47 105 107 51
4 51 61 110 107
4 50 105 110 64
4 43 75 85 40
4 33 40 101 75
4 39 101 75 34
4 39 41 75 92
4 62 51 49 92
4 34 62 107 49
4 63 107 85 41
4 51 63 101 85
4 52 64 101 92
4 64 43 92 107
4 43 101 85 33
4 52 107 101 43
4 41 34 92 101
4 51 107 92 34
4 51 107 101 41
4 71 105 86 8
4 71 108 86 22
4 19 80 108 76
4 8 80 109 76
4 77 109 48 22
4 48 19 77 105
4 65 53 105 109
4 46 105 108 65
4 46 53 108 109
4 22 8 108 105
4 22 19 109 105
4 8 19 109 108
4 87 38 73 96
4 60 115 87 23
4 73 29 87 115
4 87 70 60 82
4 27 78 115 82
4 78 102 82 38
4 15 102 89 29
4 27 89 96 15
4 79 70 96 102
4 79 8 96 115
4 23 82 115 70
4 8 70 115 102
4 29 27 102 96
4 29 96 115 38
4 38 115 102 27
4 68 49 63 82
4 74 28 68 114
4 68 114 63 31
4 67 74 95 68
4 28 90 102 15
4 15 95 90 6
4 67 66 102 82
4 6 66 114 82
4 69 19 95 114
4 49 69 102 95
4 31 49 114 82
4 19 49 114 102
4 6 28 95 102
4 67 28 95 114
4 67 6 102 114
4 73 101 75 55
4 41 73 111 75
4 56 37 72 111
4 72 55 56 98
4 41 85 98 38
4 37 38 101 85
4 40 57 111 101
4 57 64 101 98
4 64 111 98 40
4 41 101 98 37
4 55 111 101 41
4 37 98 111 55
4 87 103 81 38
4 81 35 87 115
4 35 93 106 67
4 67 43 93 103
4 79 115 106 59
4 60 79 103 106
4 43 72 115 82
4 82 106 72 38
4 59 103 115 60
4 35 103 106 43
4 38 43 106 115
4 38 115 103 35
4 48 84 97 76
4 84 117 66 44
4 47 84 117 76
4 91 66 54 84
4 61 100 94 47
4 61 51 94 97
4 54 44 91 117
4 55 100 117 54
4 54 97 100 74
4 26 66 117 83
4 83 51 91 117
4 74 83 76 66
4 83 48 91 100
4 51 47 97 100
4 48 117 97 47
4 51 48 117 100
4 74 26 76 117
4 55 97 117 74
4 85 56 78 88
4 47 85 116 76
4 85 116 78 37
4 85 71 76 94
4 9 83 116 78
4 61 88 116 83
4 71 83 100 88
4 78 76 83 73
4 71 116 94 47
4 61 71 116 100
4 73 9 76 116
4 55 73 116 94
4 73 56 94 100
4 56 116 88 37
4 56 116 100 55
4 91 113 80 45
4 59 91 109 80
4 48 109 92 52
4 48 45 92 107
4 90 107 62 59
4 90 113 62 52
4 49 107 113 69
4 69 109 107 63
4 45 109 113 59
4 52 107 109 45
4 59 52 107 113
4 63 49 109 113
4 40 93 108 71
4 36 93 110 71
4 88 113 80 36
4 80 108 88 39
4 62 39 89 110
4 89 113 62 40
4 60 79 108 110
4 70 110 113 79
4 70 108 113 60
4 40 110 108 36
4 39 40 110 113
4 39 36 108 113
4 74 28 86 117
4 83 117 86 22
4 86 54 74 90
4 48 86 96 83
4 76 102 90 48
4 19 76 117 90
4 8 19 95 96
4 8 102 95 22
4 15 96 117 66
4 66 54 96 102
4 28 54 117 90
4 54 15 102 117
4 19 102 96 22
4 48 22 96 117
4 19 48 117 102
4 22 77 116 83
4 77 116 73 29
4 83 95 77 71
4 77 56 73 89
4 8 76 116 89
4 71 89 102 76
4 78 102 95 56
4 15 78 116 95
4 29 89 116 56
4 56 15 102 116
4 71 22 95 116
4 71 8 102 116
4 82 114 75 43
4 82 101 75 67
4 68 35 81 114
4 67 81 104 68
4 35 92 101 38
4 43 38 104 92
4 63 69 104 101
4 69 114 101 39
4 63 114 104 39
4 35 104 101 43
4 43 101 114 67
4 67 114 104 35
4 45 86 117 91
4 48 86 103 91
4 59 103 99 52
4 45 59 106 99
4 66 74 106 103
4 66 67 106 117
4 48 84 106 90
4 84 52 90 117
4 45 52 106 103
4 45 48 117 103
4 52 48 117 106
4 74 67 103 117
4 58 84 119 81
4 61 84 119 88
4 72 84 91 81
4 88 97 84 62
4 75 72 97 94
4 72 119 91 58
4 72 119 94 55
4 85 62 91 94
4 85 119 81 41
4 51 91 119 85
4 85 75 81 88
4 62 61 97 119
4 62 51 94 119
4 75 119 88 41
4 75 55 97 119
4 92 118 86 45
4 35 87 118 92
4 86 99 92 80
4 87 68 92 93
4 86 87 82 90
4 6 87 118 90
4 59 90 118 93
4 90 106 93 80
4 80 45 99 118
4 59 80 118 106
4 68 99 106 82
4 86 118 82 6
4 82 118 99 67
4 35 93 118 68
4 67 68 118 106
4 97 115 87 53
4 87 70 97 112
4 54 57 98 112
4 54 53 98 111
4 70 72 111 96
4 57 96 115 72
4 78 73 111 112
4 56 111 115 78
4 53 112 115 70
4 53 112 111 57
4 70 57 111 115
4 56 112 115 73
4 46 56 111 99
4 56 50 99 112
4 49 68 112 94
4 94 114 68 46
4 50 95 114 75
4 49 95 111 75
4 54 111 114 66
4 66 74 111 112
4 74 114 112 54
4 50 46 112 111
4 49 114 111 50
4 49 114 112 46
4 85 62 93 98
4 43 75 119 93
4 85 40 93 119
4 72 93 92 75
4 39 88 119 92
4 88 104 92 62
4 36 40 101 104
4 36 39 101 98
4 72 81 104 98
4 81 119 98 38
4 72 43 92 119
4 72 119 104 38
4 40 98 104 39
4 62 40 98 119
4 62 119 104 39
4 82 89 77 68
4 19 77 118 90
4 77 118 82 27
4 90 95 77 80
4 15 96 118 68
4 68 27 89 118
4 68 87 96 95
4 80 89 96 86
4 8 86 118 89
4 15 95 118 87
4 80 118 96 8
4 19 80 118 95
4 89 40 85 116
4 89 101 85 71
4 71 88 104 77
4 36 88 116 77
4 78 116 101 38
4 73 101 104 78
4 73 116 104 38
4 71 40 101 116
4 71 116 104 36
4 54 97 108 86
4 97 117 86 53
4 53 70 110 105
4 57 70 108 105
4 76 71 110 117
4 76 108 110 83
4 84 57 96 117
4 96 110 84 54
4 53 108 110 57
4 54 117 108 53
4 54 57 110 117
4 71 83 117 108
4 91 62 93 103
4 91 119 93 59
4 81 119 99 67
4 75 81 103 99
4 92 119 84 52
4 62 92 99 84
4 59 103 119 62
4 62 119 99 52
4 67 103 119 75
4 80 93 98 77
4 98 118 86 53
4 36 98 118 80
4 86 87 98 105
4 96 118 93 70
4 87 96 110 93
4 87 53 105 118
4 70 110 118 87
4 71 89 118 105
4 77 89 110 105
4 36 77 118 93
4 77 71 110 118
4 78 112 103 79
4 65 78 115 103
4 65 104 114 66
4 69 66 112 104
4 81 69 102 115
4 102 114 81 79
4 68 114 115 87
4 87 82 114 112
4 79 115 112 65
4 69 114 112 65
4 69 114 115 79
4 68 112 115 82
4 49 109 105 50
4 46 105 107 49
4 56 95 107 85
4 50 85 116 95
4 46 77 116 94
4 77 109 94 56
4 76 83 107 109
4 48 76 116 107
4 48 109 116 83
4 50 107 109 46
4 56 50 107 116
4 56 116 109 46
4 73 115 106 64
4 60 73 111 106
4 82 60 100 114
4 63 82 115 100
4 63 101 111 74
4 101 114 74 64
4 81 75 111 115
4 72 81 114 111
4 75 72 115 114
4 60 64 111 115
4 63 64 111 114
4 63 114 115 60
4 50 85 119 99
4 75 85 105 99
4 92 75 94 109
4 92 49 94 119
4 91 48 105 119
4 91 109 105 84
4 84 119 109 48
4 50 105 119 75
4 49 75 119 109
4 39 92 118 89
4 80 89 101 92
4 38 98 118 82
4 82 101 98 87
4 38 87 118 101
4 80 118 101 39
4 76 65 103 117
4 66 103 108 76
4 79 108 109 69
4 79 65 109 113
4 90 113 108 86
4 86 80 113 117
4 66 102 113 91
4 69 102 117 91
4 69 113 108 65
4 65 66 117 108
4 66 117 113 69
4 90 117 108 80
4 70 97 119 93
4 93 108 97 72
4 85 105 108 88
4 71 105 119 88
4 72 98 105 84
4 98 119 84 57
4 72 70 108 119
4 57 105 119 72
4 71 108 119 85
4 104 116 76 65
4 76 78 104 109
4 79 88 116 102
4 78 88 113 102
4 80 89 116 109
4 80 113 116 77
4 65 109 116 78
4 79 113 116 78
4 77 89 113 109
4 68 118 105 46
4 68 77 105 99
4 77 95 111 98
4 56 98 118 95
4 54 99 118 96
4 86 96 111 99
4 54 86 118 111
4 99 118 77 46
4 56 77 118 111
4 49 92 118 95
4 95 68 92 107
4 90 107 105 86
4 48 105 118 90
4 48 86 118 107
4 68 118 107 49
4 63 60 110 107
4 64 63 113 110
4 83 64 101 116
4 73 83 107 101
4 73 100 113 89
4 100 116 89 60
4 62 88 116 107
4 85 107 113 88
4 85 62 113 116
4 60 64 107 113
4 73 116 107 64
4 73 116 113 60
4 74 106 110 83
4 83 64 106 117
4 63 90 117 100
4 74 100 113 90
4 91 113 110 84
4 91 117 110 62
4 84 117 113 62
4 74 64 110 117
4 63 113 117 74
4 84 99 112 97
4 97 119 99 54
4 56 98 119 94
4 98 85 94 112
4 54 112 119 84
4 56 112 119 85
4 87 115 117 86
4 86 96 115 103
4 102 117 97 78
4 76 102 115 97
4 78 115 117 76
4 87 96 117 103
4 88 81 103 108
4 79 103 119 88
4 80 93 119 109
4 92 93 108 109
4 69 104 119 91
4 81 91 109 104
4 79 81 119 108
4 81 69 109 119
4 92 119 108 80
4 68 104 116 95
4 77 104 114 95
4 102 116 94 66
4 76 94 114 102
4 66 114 116 76
4 68 77 116 114
4 82 106 110 89
4 82 60 110 118
4 73 101 118 96
4 101 111 96 89
4 98 72 106 118
4 98 111 106 93
4 93 72 111 118
4 106 118 89 60
4 89 73 111 118
4 82 101 107 90
4 101 118 90 63
4 92 62 110 118
4 93 110 107 92
4 93 118 107 62
4 82 118 107 63
4 100 116 95 74
4 83 95 114 100
4 94 85 101 114
4 75 94 116 101
4 75 114 116 85
4 83 116 114 74
4 83 96 115 100
4 73 100 117 96
4 97 72 106 117
4 84 97 115 106
4 84 72 115 117
4 73 83 117 115
4 66 103 119 94
4 91 103 112 94
4 104 92 99 112
4 68 104 119 99
4 91 119 112 66
4 92 119 112 68
4 93 103 112 98
4 87 112 119 93
4 104 112 97 88
4 97 78 104 119
4 88 78 112 119
4 98 119 103 87
4 102 89 101 114
4 102 82 101 116
4 104 116 100 81
4 104 114 100 88
4 88 116 114 81
4 82 89 116 114
4 90 118 111 74
4 90 106 111 95
4 110 107 95 96
4 107 118 96 83
4 106 84 105 118
4 110 105 99 106
4 99 84 110 118
4 74 106 118 95
4 95 83 110 118
4 92 99 111 101
4 92 118 111 75
4 99 118 101 75
4 82 106 117 102
4 106 115 102 90
4 103 115 100 91
4 100 81 103 117
4 81 115 117 91
4 90 117 115 82
4 108 109 94 97
4 94 119 108 76
4 105 119 104 77
4 98 104 109 105
4 98 77 109 119
4 97 76 109 119
4 99 86 108 119
4 108 105 99 103
4 105 119 103 86
4 102 90 107 116
4 102 95 107 113
4 109 113 100 94
4 100 91 109 116
4 94 116 113 91
4 95 90 113 116
4 85 107 118 98
4 107 105 98 101
4 85 101 118 105
4 96 102 113 110
4 89 102 117 110
4 100 117 108 88
4 100 97 108 113
4 89 113 117 96
4 97 117 113 88
4 110 108 103 106
4 106 117 108 93
4 93 110 117 103
4 95 111 115 102
4 111 114 102 96
4 97 112 114 100
4 94 100 115 112
4 95 96 115 114
4 97 94 114 115
4 107 109 104 101
4 92 104 116 107
4 92 109 116 101
4 99 106 115 112
4 112 111 106 103
4 99 103 115 111
4 98 111 114 104
4 101 104 112 111
4 98 101 114 112
4 108 110 107 109
4 105 110 113 109
4 105 107 113 108

# Cells
4 0 1 2 3
4 4 5 6 7
4 8 9 10 11
4 12 13 14 15
4 16 17 18 19
4 20 21 22 23
4 24 25 26 27
4 28 29 30 31
4 32 33 34 35
4 36 37 38 39
4 40 41 42 43
4 44 45 46 47
4 48 49 50 51
4 52 53 54 55
4 56 57 58 59
4 60 61 62 63
4 64 65 66 67
4 68 69 70 71
4 72 73 74 75
4 76 77 78 79
4 80 81 82 83
4 84 85 86 87
4 88 89 90 91
4 92 93 94 95
4 96 97 98 99
4 100 101 102 103
4 104 105 106 107
4 108 109 110 111
4 112 113 114 115
4 116 117 118 119
4 120 121 122 123
4 124 125 126 127
4 128 129 130 131
4 132 133 134 135
4 136 137 138 139
4 140 141 142 143
4 144 145 146 147
4 148 149 150 151
4 152 153 154 155
4 156 157 158 159
4 160 161 162 163
4 164 165 166 167
4 168 169 170 171
4 172 173 174 175
4 176 177 178 179
4 180 181 182 183
4 184 185 186 187
4 188 189 190 191
4 192 193 194 195
4 196 197 198 199
4 200 201 202 203
4 204 205 206 207
4 208 209 210 211
4 212 213 214 215
4 216 217 218 219
4 220 221 222 223
4 224 225 226 227
4 228 229 230 231
4 232 233 234 235
4 236 237 238 239
4 240 241 242 243
4 244 245 246 247
4 248 249 250 251
4 252 253 254 255
4 256 257 258 259
4 260 261 262 263
4 264 265 266 267
4 268 269 270 271
4 272 273 274 275
4 276 277 278 279
4 280 281 282 283
4 284 285 286 287
4 288 289 290 291
4 292 293 294 295
4 296 297 298 299
4 300 301 302 303
4 304 305 306 307
4 308 309 310 311
4 312 313 314 315
4 316 317 318 319
4 320 321 322 323
4 324 325 326 327
4 328 329 330 331
4 332 333 334 335
4 336 337 338 339
4 340 341 342 343
4 344 345 346 347
4 348 349 350 351
4 352 353 354 355
4 356 357 358 359
4 360 361 362 363
4 364 365 366 367
4 368 369 370 371
4 372 373 374 375
4 376 377 378 379
4 380 381 382 383
4 384 385 386 387
4 388 389 390 391
4 392 393 394 395
4 396 397 398 399
4 400 401 402 403
4 404 405 406 407
4 408 409 410 411
4 412 413 414 415
4 416 417 418 419
4 420 421 422 423
4 424 425 426 427
4 428 429 430 431
4 432 433 434 435
4 436 437 438 439
4 440 441 442 443
4 444 445 446 447
4 448 449 450 451
4 452 453 454 455
4 456 457 458 459
4 460 461 462 463
4 464 465 466 467
4 468 469 470 471
4 472 473 474 475
4 476 477 478 479
4 480 481 482 483
4 484 485 486 487
4 488 489 490 491
4 492 493 494 495
4 496 497 498 499
4 500 501 502 503
4 504 505 506 507
4 508 509 510 511
4 512 513 514 515
4 516 517 518 519
4 520 521 522 523
4 524 525 526 527
4 528 529 530 531
4 532 533 534 535
4 536 537 538 539
4 540 541 542 543
4 544 545 546 547
4 548 549 550 551
4 552 553 554 555
4 556 557 558 559
4 560 561 562 563
4 564 565 566 567
4 568 569 570 571
4 572 573 574 575
4 576 577 578 579
4 580 581 582 583
4 584 585 586 587
4 588 589 590 591
4 592 593 594 595
4 596 597 598 599
4 600 601 602 603
4 604 605 606 607
4 608 609 610 611
4 612 613 614 615
4 616 617 618 619
4 620 621 622 623
4 624 625 626 627
4 628 629 630 631
4 632 633 634 635
4 636 637 638 639
4 640 641 642 643
4 644 645 646 647
4 648 649 650 651
4 652 653 654 655
4 656 657 658 659
4 660 661 662 663
4 664 665 666 667
4 668 669 670 671
4 672 673 674 675
4 676 677 678 679
4 680 681 682 683
4 684 685 686 687
4 688 689 690 691
4 692 693 694 695
4 696 697 698 699
4 700 701 702 703
4 704 705 706 707
4 708 709 710 711
4 712 713 714 715
4 716 717 718 719
4 720 721 722 723
4 724 725 726 727
4 728 729 730 731
4 732 733 734 735
4 736 737 738 739
4 740 741 742 743
4 744 745 746 747
4 748 749 750 751
4 752 753 754 755
4 756 757 758 759
4 760 761 762 763
4 764 765 766 767
4 768 769 770 771
4 772 773 774 775
4 776 777 778 779
4 780 781 782 783
4 784 785 786 787
4 788 789 790 791
4 792 793 794 795
4 796 797 798 799
4 800 801 802 803
4 804 805 806 807
4 808 809 810 811
4 812 813 814 815
4 816 817 818 819
4 820 821 822 823
4 824 825 826 827
4 828 829 830 831
4 832 833 834 835
4 836 837 838 839
4 840 841 842 843
4 844 845 846 847
4 848 849 850 851
4 852 853 854 855
4 856 857 858 859
4 860 861 862 863
4 864 865 866 867
4 868 869 870 871
4 872 873 874 875
4 876 877 878 879
4 880 881 882 883
4 884 885 886 887
4 888 889 890 891
4 892 893 894 895
4 896 897 898 899
4 900 901 902 903
4 904 905 906 907
4 908 909 910 911
4 912 913 914 915
4 916 917 918 919
4 920 921 922 923
4 924 925 926 927
4 928 929 930 931
4 932 933 934 935
4 936 937 938 939
4 940 941 942 943
4 944 945 946 947
4 948 949 950 951
4 952 953 954 955
4 956 957 958 959
4 960 961 962 963
4 964 965 966 967
4 968 969 970 971
4 972 973 974 975
4 976 977 978 979
4 980 981 982 983
4 984 985 986 987
4 988 989 990 991
4 992 993 994 995
4 996 997 998 999
4 1000 1001 1002 1003
4 1004 1005 1006 1007
4 1008 1009 1010 1011
4 1012 1013 1014 1015
4 1016 1017 1018 1019
4 1020 1021 1022 1023
4 1024 1025 1026 1027
4 1028 1029 1030 1031
4 1032 1033 1034 1035
4 1036 1037 1038 1039
4 1040 1041 1042 1043
4 1044 1045 1046 1047
4 1048 1049 1050 1051
4 1052 1053 1054 1055
4 1056 1057 1058 1059
4 1060 1061 1062 1063
4 1064 1065 1066 1067
4 1068 1069 1070 1071
4 1072 1073 1074 1075
4 1076 1077 1078 1079
4 1080 1081 1082 1083
4 1084 1085 1086 1087
4 1088 1089 1090 1091
4 1092 1093 1094 1095
4 1096 1097 1098 1099
4 1100 1101 1102 1103
4 1104 1105 1106 1107
4 1108 1109 1110 1111
4 1112 1113 1114 1115
4 1116 1117 1118 1119
4 1120 1121 1122 1123
4 1124 1125 1126 1127
4 1128 1129 1130 1131
4 1132 1133 1134 1135
4 1136 1137 1138 1139
4 1140 1141 1142 1143
4 1144 1145 1146 1147
4 1148 1149 1150 1151
4 1152 1153 1154 1155
4 1156 1157 1158 1159
4 1160 1161 1162 1163
4 1164 1165 1166 1167
4 1168 1169 1170 1171
4 1172 1173 1174 1175
4 1176 1177 1178 1179
4 1180 1181 1182 1183
4 1184 1185 1186 1187
4 1188 1189 1190 1191
4 1192 1193 1194 1195
4 1196 1197 1198 1199
4 1200 1201 1202 1203
4 1204 1205 1206 1207
4 1208 1209 1210 1211
4 1212 1213 1214 1215
4 1216 1217 1218 1219
4 1220 1221 1222 1223
4 1224 1225 1226 1227
4 1228 1229 1230 1231
4 1232 1233 1234 1235
4 1236 1237 1238 1239
4 1240 1241 1242 1243
4 1244 1245 1246 1247
4 1248 1249 1250 1251
4 1252 1253 1254 1255
4 1256 1257 1258 1259
4 1260 1261 1262 1263
4 1264 1265 1266 1267
4 1268 1269 1270 1271
4 1272 1273 1274 1275
4 1276 1277 1278 1279
4 1280 1281 1282 1283
4 1284 1285 1286 1287
4 1288 1289 1290 1291
4 1292 1293 1294 1295
4 1296 1297 1298 1299
4 1300 1301 1302 1303
4 1304 1305 1306 1307
4 1308 1309 1310 1311
4 1312 1313 1314 1315
4 1316 1317 1318 1319
4 1320 1321 1322 1323
4 1324 1325 1326 1327
4 1328 1329 1330 1331
4 1332 1333 1334 1335
4 1336 1337 1338 1339
4 1340 1341 1342 1343
4 1344 1345 1346 1347
4 1348 1349 1350 1351
4 1352 1353 1354 1355
4 1356 1357 1358 1359
4 1360 1361 1362 1363
4 1364 1365 1366 1367
4 1368 1369 1370 1371
4 1372 1373 1374 1375
4 1376 1377 1378 1379
4 1380 1381 1382 1383
4 1384 1385 1386 1387
4 1388 1389 1390 1391
4 1392 1393 1394 1395
4 1396 1397 1398 1399
4 1400 1401 1402 1403
4 1404 1405 1406 1407
4 1408 1409 1410 1411
4 1412 1413 1414 1415
4 1416 1417 1418 1419
4 1420 1421 1422 1423
4 1424 1425 1426 1427
4 1428 1429 1430 1431
4 1432 1433 1434 1435
4 1436 1437 1438 1439
4 1440 1441 1442 1443
4 1444 1445 1446 1447
4 1448 1449 1450 1451
4 1452 1453 1454 1455
4 1456 1457 1458 1459
4 1460 1461 1462 1463
4 1464 1465 1466 1467
4 1468 1469 1470 1471
4 1472 1473 1474 1475
4 1476 1477 1478 1479
4 1480 1481 1482 1483
4 1484 1485 1486 1487
4 1488 1489 1490 1491
4 1492 1493 1494 1495
4 1496 1497 1498 1499
4 1500 1501 1502 1503
4 1504 1505 1506 1507
4 1508 1509 1510 1511
4 1512 1513 1514 1515
4 1516 1517 1518 1519
4 1520 1521 1522 1523
4 1524 1525 1526 1527
4 1528 1529 1530 1531
4 1532 1533 1534 1535
4 1536 1537 1538 1539
4 1540 1541 1542 1543
4 1544 1545 1546 1547
4 1548 1549 1550 1551
4 1552 1553 1554 1555
4 1556 1557 1558 1559
4 1560 1561 1562 1563
4 1564 1565 1566 1567
4 1568 1569 1570 1571
4 1572 1573 1574 1575
4 1576 1577 1578 1579
4 1580 1581 1582 1583
4 1584 1585 1586 1587
4 1588 1589 1590 1591
4 1592 1593 1594 1595
4 1596 1597 1598 1599
4 1600 1601 1602 1603
4 1604 1605 1606 1607
4 1608 1609 1610 1611
4 1612 1613 1614 1615
4 1616 1617 1618 1619
4 1620 1621 1622 1623
4 1624 1625 1626 1627
4 1628 1629 1630 1631
4 1632 1633 1634 1635
4 1636 1637 1638 1639
4 1640 1641 1642 1643
4 1644 1645 1646 1647
4 1648 1649 1650 1651
4 1652 1653 1654 1655
4 1656 1657 1658 1659
4 1660 1661 1662 1663
4 1664 1665 1666 1667
4 1668 1669 1670 1671
4 1672 1673 1674 1675
4 1676 1677 1678 1679
4 1680 1681 1682 1683
4 1684 1685 1686 1687
4 1688 1689 1690 1691
4 1692 1693 1694 1695
4 1696 1697 1698 1699
4 1700 1701 1702 1703
4 1704 1705 1706 1707
4 1708 1709 1710 1711
4 1712 1713 1714 1715
4 1716 1717 1718 1719
4 1720 1721 1722 1723
4 1724 1725 1726 1727
4 1728 1729 1730 1731
4 1732 1733 1734 1735
4 1736 1737 1738 1739
4 1740 1741 1742 1743
4 1744 1745 1746 1747
4 1748 1749 1750 1751
4 1752 1753 1754 1755
4 1756 1757 1758 1759
4 1760 1761 1762 1763
4 1764 1765 1766 1767
4 1768 1769 1770 1771
4 1772 1773 1774 1775
4 1776 1777 1778 1779
4 1780 1781 1782 1783
4 1784 1785 1786 1787
4 1788 1789 1790 1791
4 1792 1793 1794 1795
4 1796 1797 1798 1799
4 1800 1801 1802 1803
4 1804 1805 1806 1807
4 1808 1809 1810 1811
4 1812 1813 1814 1815
4 1816 1817 1818 1819
4 1820 1821 1822 1823
4 1824 1825 1826 1827
4 1828 1829 1830 1831
4 1832 1833 1834 1835
4 1836 1837 1838 1839
4 1840 1841 1842 1843
4 1844 1845 1846 1847
4 1848 1849 1850 1851
4 1852 1853 1854 1855
4 1856 1857 1858 1859
4 1860 1861 1862 1863
4 1864 1865 1866 1867
4 1868 1869 1870 1871
4 1872 1873 1874 1875
4 1876 1877 1878 1879
4 1880 1881 1882 1883
4 1884 1885 1886 1887
4 1888 1889 1890 1891
4 1892 1893 1894 1895
4 1896 1897 1898 1899
4 1900 1901 1902 1903
4 1904 1905 1906 1907
4 1908 1909 1910 1911
4 1912 1913 1914 1915
4 1916 1917 1918 1919
4 1920 1921 1922 1923
4 1924 1925 1926 1927
4 1928 1929 1930 1931
4 1932 1933 1934 1935
4 1936 1937 1938 1939
4 1940 1941 1942 1943
4 1944 1945 1946 1947
4 1948 1949 1950 1951
4 1952 1953 1954 1955
4 1956 1957 1958 1959
4 1960 1961 1962 1963
4 1964 1965 1966 1967
4 1968 1969 1970 1971
4 1972 1973 1974 1975
4 1976 1977 1978 1979
4 1980 1981 1982 1983
4 1984 1985 1986 1987
4 1988 1989 1990 1991
4 1992 1993 1994 1995
4 1996 1997 1998 1999
4 2000 2001 2002 2003
4 2004 2005 2006 2007
4 2008 2009 2010 2011
4 2012 2013 2014 2015
4 2016 2017 2018 2019
4 2020 2021 2022 2023
4 2024 2025 2026 2027
4 2028 2029 2030 2031
4 2032 2033 2034 2035
4 2036 2037 2038 2039
4 2040 2041 2042 2043
4 2044 2045 2046 2047
4 2048 2049 2050 2051
4 2052 2053 2054 2055
4 2056 2057 2058 2059
4 2060 2061 2062 2063
4 2064 2065 2066 2067
4 2068 2069 2070 2071
4 2072 2073 2074 2075
4 2076 2077 2078 2079
4 2080 2081 2082 2083
4 2084 2085 2086 2087
4 2088 2089 2090 2091
4 2092 2093 2094 2095
4 2096 2097 2098 2099
4 2100 2101 2102 2103
4 2104 2105 2106 2107
4 2108 2109 2110 2111
4 2112 2113 2114 2115
4 2116 2117 2118 2119
4 2120 2121 2122 2123
4 2124 2125 2126 2127
4 2128 2129 2130 2131
4 2132 2133 2134 2135
4 2136 2137 2138 2139
4 2140 2141 2142 2143
4 2144 2145 2146 2147
4 2148 2149 2150 2151
4 2152 2153 2154 2155
4 2156 2157 2158 2159
4 2160 2161 2162 2163
4 2164 2165 2166 2167
4 2168 2169 2170 2171
4 2172 2173 2174 2175
4 2176 2177 2178 2179
4 2180 2181 2182 2183
4 2184 2185 2186 2187
4 2188 2189 2190 2191
4 2192 2193 2194 2195
4 2196 2197 2198 2199
4 2200 2201 2202 2203
4 2204 2205 2206 2207
4 2208 2209 2210 2211
4 2212 2213 2214 2215
4 2216 2217 2218 2219
4 2220 2221 2222 2223
4 2224 2225 2226 2227
4 2228 2229 2230 2231
4 2232 2233 2234 2235
4 2236 2237 2238 2239
4 2240 2241 2242 2243
4 2244 2245 2246 2247
4 2248 2249 2250 2251
4 2252 2253 2254 2255
4 2256 2257 2258 2259
4 2260 2261 2262 2263
4 2264 2265 2266 2267
4 2268 2269 2270 2271
4 2272 2273 2274 2275
4 2276 2277 2278 2279
4 2280 2281 2282 2283
4 2284 2285 2286 2287
4 2288 2289 2290 2291
4 2292 2293 2294 2295
4 2296 2297 2298 2299
4 2300 2301 2302 2303
4 2304 2305 2306 2307
4 2308 2309 2310 2311
4 2312 2313 2314 2315
4 2316 2317 2318 2319
4 2320 2321 2322 2323
4 2324 2325 2326 2327
4 2328 2329 2330 2331
4 2332 2333 2334 2335
4 2336 2337 2338 2339
4 2340 2341 2342 2343
4 2344 2345 2346 2347
4 2348 2349 2350 2351
4 2352 2353 2354 2355
4 2356 2357 2358 2359
4 2360 2361 2362 2363
4 2364 2365 2366 2367
4 2368 2369 2370 2371
4 2372 2373 2374 2375
4 2376 2377 2378 2379
4 2380 2381 2382 2383
4 2384 2385 2386 2387
4 2388 2389 2390 2391
4 2392 2393 2394 2395
4 2396 2397 2398 2399
5 0 936 2400 2401 2402
5 4 636 2403 2404 2405
5 8 440 2406 2407 2408
5 12 792 2409 2410 2411
5 16 1088 2412 2413 2414
5 20 1280 2415 2416 2417
5 24 1116 2418 2419 2420
5 28 268 2421 2422 2423
5 32 964 2424 2425 2426
5 36 404 2427 2428 2429
5 40 1384 2430 2431 2432
5 44 556 2433 2434 2435
5 48 848 2436 2437 2438
5 52 1224 2439 2440 2441
5 56 804 2442 2443 2444
5 60 608 2445 2446 2447
5 64 684 2448 2449 2450
5 68 744 2451 2452 2453
5 72 1056 2454 2455 2456
5 76 904 2457 2458 2459
5 80 1084 2460 2461 2462
5 84 932 2463 2464 2465
5 88 624 2466 2467 2468
5 92 432 2469 2470 2471
5 96 780 2472 2473 2474
5 25 1304 2475 2476 2477
5 100 160 2478 2479 2480
5 22 1452 2481 2482 2483
5 41 1540 2484 2485 2486
5 33 1140 2487 2488 2489
5 104 216 2490 2491 2492
5 49 1000 2493 2494 2495
5 108 324 2496 2497 2498
5 112 652 2499 2500 2501
5 116 772 2502 2503 2504
5 120 1404 2505 2506 2507
5 124 480 2508 2509 2510
5 128 916 2511 2512 2513
5 132 1236 2514 2515 2516
5 136 1072 2517 2518 2519
5 140 1108 2520 2521 2522
5 144 632 2508 2523 2524
5 148 260 2525 2526 2527
5 152 788 2499 2528 2529
5 157 1268 2530 2531 2532
5 18 1604 2533 2534 2535
5 2 1472 2536 2537 2538
5 57 1332 2539 2540 2541
5 164 372 2542 2543 2544
5 53 1692 2545 2546 2547
5 168 528 2548 2549 2550
5 65 1180 2551 2552 2553
5 175 1560 2554 2555 2556
5 176 664 2472 2557 2558
5 180 756 2511 2559 2560
5 184 496 2466 2561 2562
5 188 912 2503 2563 2564
5 192 1420 2565 2566 2567
5 196 1256 2568 2569 2570
5 201 1376 2571 2572 2573
5 204 956 2574 2575 2576
5 208 444 2496 2577 2578
5 212 396 2579 2580 2581
5 153 944 2500 2582 2583
5 14 1480 2584 2585 2586
5 19 1756 2587 2588 2589
5 220 656 2463 2590 2591
5 227 1552 2592 2593 2594
5 228 764 2517 2595 2596
5 73 1840 2597 2598 2599
5 58 1496 2600 2601 2602
5 232 544 2603 2604 2605
5 45 1356 2606 2607 2608
5 236 712 2609 2610 2611
5 240 348 2469 2612 2613
5 189 1060 2504 2614 2615
5 194 1572 2616 2617 2618
5 244 1192 2619 2620 2621
5 249 1444 2622 2623 2624
5 253 1292 2625 2626 2627
5 256 628 2448 2551 2628
5 264 784 2442 2539 2629
5 86 1624 2630 2631 2632
5 82 1776 2633 2634 2635
5 121 1856 2636 2637 2638
5 113 1324 2528 2639 2640
5 272 356 2548 2641 2642
5 125 1172 2523 2643 2644
5 276 516 2542 2645 2646
5 283 1712 2647 2648 2649
5 284 812 2409 2650 2651
5 288 588 2451 2652 2653
5 292 692 2403 2654 2655
5 296 724 2446 2656 2657
5 301 1588 2658 2659 2660
5 305 1432 2661 2662 2663
5 308 840 2664 2665 2666
5 145 1096 2509 2667 2668
5 312 456 2490 2669 2670
5 316 548 2671 2672 2673
5 321 1372 2610 2674 2675
5 3 1900 2676 2677 2678
5 6 1612 2679 2680 2681
5 331 1544 2620 2682 2683
5 332 920 2515 2684 2685
5 336 484 2460 2686 2687
5 66 1644 2688 2689 2690
5 340 400 2691 2692 2693
5 78 1972 2694 2695 2696
5 344 672 2571 2697 2698
5 37 1520 2699 2700 2701
5 181 1232 2513 2702 2703
5 198 1732 2704 2705 2706
5 352 1160 2592 2707 2708
5 205 808 2625 2709 2710
5 360 592 2661 2711 2712
5 97 1124 2557 2713 2714
5 365 1212 2715 2716 2717
5 226 1396 2718 2719 2720
5 368 668 2520 2721 2722
5 376 760 2568 2723 2724
5 13 1312 2650 2725 2726
5 23 1676 2727 2728 2729
5 34 1500 2730 2731 2732
5 75 1744 2733 2734 2735
5 380 580 2736 2737 2738
5 384 864 2739 2740 2741
5 69 1428 2652 2742 2743
5 135 1580 2744 2745 2746
5 388 540 2525 2747 2748
5 129 1252 2559 2749 2750
5 245 1016 2751 2752 2753
5 369 1132 2754 2755 2756
5 392 452 2433 2606 2757
5 265 940 2443 2600 2758
5 401 1532 2759 2760 2761
5 83 1920 2762 2763 2764
5 98 1632 2765 2766 2767
5 367 1704 2768 2769 2770
5 408 816 2400 2771 2772
5 412 596 2457 2773 2774
5 302 1740 2775 2776 2777
5 114 1484 2582 2778 2779
5 320 416 2609 2780 2781
5 133 1984 2782 2783 2784
5 420 644 2603 2785 2786
5 109 1348 2577 2787 2788
5 424 576 2406 2789 2790
5 297 880 2447 2791 2792
5 385 1316 2793 2794 2795
5 254 1468 2575 2796 2797
5 428 620 2436 2493 2798
5 436 776 2424 2487 2799
5 250 1596 2665 2800 2801
5 158 1772 2802 2803 2804
5 142 1616 2755 2805 2806
5 172 1996 2807 2808 2809
5 177 1136 2473 2765 2810
5 449 1508 2672 2811 2812
5 285 960 2410 2584 2813
5 185 992 2467 2814 2815
5 282 1876 2816 2817 2818
5 461 1344 2580 2819 2820
5 464 552 2427 2699 2821
5 293 844 2404 2679 2822
5 357 1276 2549 2823 2824
5 468 676 2825 2826 2827
5 472 640 2478 2828 2829
5 476 824 2692 2830 2831
5 209 1100 2497 2832 2833
5 10 1764 2834 2835 2836
5 15 2024 2837 2838 2839
5 379 1548 2569 2704 2840
5 488 1068 2506 2841 2842
5 70 1960 2843 2844 2845
5 46 1800 2846 2847 2848
5 248 492 2664 2849 2850
5 29 1672 2851 2852 2853
5 500 1260 2555 2854 2855
5 230 1392 2519 2856 2857
5 504 520 2530 2858 2859
5 246 1728 2683 2860 2861
5 509 1204 2740 2862 2863
5 512 728 2658 2864 2865
5 309 688 2622 2849 2866
5 89 1288 2561 2867 2868
5 5 1460 2654 2869 2870
5 524 908 2565 2871 2872
5 330 1388 2752 2860 2873
5 27 1828 2874 2875 2876
5 79 1888 2877 2878 2879
5 50 1652 2880 2881 2882
5 532 584 2825 2883 2884
5 62 1584 2656 2885 2886
5 536 832 2715 2887 2888
5 139 1724 2856 2889 2890
5 118 1408 2563 2891 2892
5 353 976 2718 2893 2894
5 545 1528 2785 2895 2896
5 521 988 2802 2897 2898
5 257 1092 2449 2688 2899
5 90 1784 2814 2900 2901
5 87 2040 2902 2903 2904
5 511 1696 2794 2905 2906
5 560 704 2412 2907 2908
5 564 732 2455 2909 2910
5 126 1640 2667 2911 2912
5 306 1884 2913 2914 2915
5 200 568 2697 2916 2917
5 138 2088 2918 2919 2920
5 105 1512 2669 2921 2922
5 477 572 2691 2759 2923
5 537 1152 2768 2924 2925
5 289 1028 2453 2926 2927
5 281 1048 2928 2929 2930
5 85 972 2590 2931 2932
5 141 820 2721 2754 2933
5 508 600 2739 2793 2934
5 252 660 2574 2709 2935
5 174 1244 2936 2937 2938
5 328 768 2619 2751 2939
5 1 1144 2771 2940 2941
5 26 1336 2942 2943 2944
5 123 1424 2945 2946 2947
5 43 1524 2948 2949 2950
5 55 1592 2951 2952 2953
5 77 1364 2773 2954 2955
5 304 868 2711 2956 2957
5 460 720 2579 2958 2959
5 137 1196 2595 2960 2961
5 197 1020 2723 2962 2963
5 586 1684 2964 2965 2966
5 221 1320 2631 2931 2967
5 437 1120 2425 2730 2968
5 178 1488 2713 2766 2969
5 605 968 2419 2942 2970
5 450 1836 2971 2972 2973
5 154 1628 2639 2778 2974
5 159 2016 2975 2976 2977
5 203 1872 2978 2979 2980
5 195 2100 2981 2982 2983
5 169 1301 2641 2984 2985
5 612 649 2737 2986 2987
5 616 752 2422 2988 2989
5 465 884 2429 2990 2991
5 237 1129 2781 2992 2993
5 402 1752 2830 2994 2995
5 604 928 2418 2475 2996
5 370 1464 2521 2805 2997
5 222 1296 2464 2630 2998
5 585 1660 2826 2999 3000
5 410 1104 2401 2536 3001
5 206 1620 2626 2796 3002
5 202 1912 3003 3004 3005
5 366 2012 3006 3007 3008
5 225 2108 3009 3010 3011
5 241 984 2470 3012 3013
5 389 1156 2526 3014 3015
5 425 828 2407 2834 3016
5 617 680 2421 2851 3017
5 645 952 2604 3018 3019
5 313 948 2491 3020 3021
5 648 800 2736 3022 3023
5 473 796 2479 3024 3025
5 517 1112 2543 3026 3027
5 7 2028 3028 3029 3030
5 11 1908 3031 3032 3033
5 490 1240 2507 2945 3034
5 526 1556 2566 2616 3035
5 38 1936 3036 3037 3038
5 61 2056 3039 3040 3041
5 31 1824 3042 3043 3044
5 334 1400 2516 2744 3045
5 502 1416 2556 2938 3046
5 354 1576 2594 2720 3047
5 673 980 2916 3003 3048
5 393 1040 2434 2846 3049
5 373 1448 2645 3050 3051
5 99 2136 3052 3053 3054
5 94 1928 3012 3055 3056
5 101 1664 2828 3057 3058
5 697 1340 2647 3059 3060
5 414 1208 2459 2877 3061
5 363 1700 2662 2914 3062
5 700 892 2440 3063 3064
5 110 1788 2832 3065 3066
5 130 2076 3067 3068 3069
5 156 708 2858 2897 3070
5 386 1808 2863 2905 3071
5 513 876 2775 3072 3073
5 93 1380 2612 3074 3075
5 361 1032 2913 2956 3076
5 377 1228 2705 2962 3077
5 525 1064 2617 3078 3079
5 9 1536 2789 3080 3081
5 35 1940 3082 3083 3084
5 51 1804 3085 3086 3087
5 71 1880 2926 3088 3089
5 448 716 2671 3090 3091
5 696 836 2928 3092 3093
5 501 996 2937 3094 3095
5 63 1736 2791 3096 3097
5 119 1568 2615 3098 3099
5 131 1716 2703 3100 3101
5 337 1168 2634 3102 3103
5 429 1284 2437 2880 3104
5 582 1680 2986 3105 3106
5 462 1968 3107 3108 3109
5 186 1636 2867 2900 3110
5 364 736 2887 2924 3111
5 741 852 2415 3112 3113
5 143 2128 3114 3115 3116
5 146 1780 2643 2911 3117
5 323 1860 2992 3118 3119
5 165 1449 2646 3120 3121
5 469 748 2883 2964 3122
5 345 981 2917 2978 3123
5 453 1041 2435 3124 3125
5 199 2180 3126 3127 3128
5 280 896 3059 3092 3129
5 81 860 2686 3102 3130
5 173 1076 2854 3094 3131
5 17 1012 2907 3132 3133
5 224 924 2707 2893 3134
5 122 1264 2841 3135 3136
5 21 1188 3112 3137 3138
5 42 1360 3139 3140 3141
5 134 1200 2684 3142 3143
5 54 1436 3063 3144 3145
5 74 1368 2909 3146 3147
5 300 872 2864 3072 3148
5 193 1024 2871 3078 3149
5 409 1328 2537 2940 3150
5 587 1848 3151 3152 3153
5 438 1308 2488 2731 3154
5 451 1980 3155 3156 3157
5 606 1148 2476 2943 3158
5 286 1492 2585 2725 3159
5 266 1476 2540 2601 3160
5 403 1992 3161 3162 3163
5 303 2096 3164 3165 3166
5 251 2104 3167 3168 3169
5 613 801 2738 3170 3171
5 277 1113 2544 3172 3173
5 641 797 2480 3174 3175
5 457 949 2492 3176 3177
5 421 953 2605 3178 3179
5 522 1600 2531 2803 3180
5 546 1892 3018 3181 3182
5 740 1080 2416 2481 3183
5 581 1812 3022 3184 3185
5 562 1272 2413 2533 3186
5 338 1440 2461 2633 3187
5 322 2036 3188 3189 3190
5 310 1768 2623 2800 3191
5 510 2120 3192 3193 3194
5 329 2188 3195 3196 3197
5 349 985 2471 3198 3199
5 541 1157 2527 3200 3201
5 681 753 2423 3042 3202
5 577 829 2408 3031 3203
5 529 1300 2642 3204 3205
5 713 1128 2780 3188 3206
5 553 885 2428 3036 3207
5 95 2048 3198 3208 3209
5 91 2140 3210 3211 3212
5 698 1504 2648 2930 3213
5 566 1216 2456 2733 3214
5 102 1816 3024 3215 3216
5 514 1708 2659 2776 3217
5 702 1044 2441 2951 3218
5 117 2148 3219 3220 3221
5 106 1932 3020 3222 3223
5 538 1656 2717 2769 3224
5 217 1513 2670 3225 3226
5 833 1153 3006 3111 3227
5 589 1029 2452 2843 3228
5 837 1341 2816 3129 3229
5 597 1209 2458 2694 3230
5 161 1665 2829 3231 3232
5 150 2004 3014 3233 3234
5 155 2220 3235 3236 3237
5 214 1864 2819 3108 3238
5 856 901 2431 3139 3239
5 190 2168 3240 3241 3242
5 170 1948 2823 3243 3244
5 238 1896 2675 3118 3245
5 213 1036 2958 3107 3246
5 317 888 2971 3090 3247
5 149 1220 2747 3248 3249
5 333 1248 2746 3143 3250
5 30 1688 2988 3251 3252
5 229 1412 2889 2961 3253
5 183 1564 2750 3100 3254
5 489 1164 2947 3136 3255
5 39 1832 2990 3256 3257
5 59 2052 3258 3259 3260
5 191 1720 2892 3099 3261
5 47 1964 3124 3262 3263
5 67 1956 3264 3265 3266
5 382 1681 2987 3267 3268
5 485 1169 2763 3130 3269
5 621 1285 2438 3085 3270
5 505 989 2975 3070 3271
5 629 1093 2450 3264 3272
5 234 1529 2786 3273 3274
5 242 1792 3055 3074 3275
5 390 1944 3233 3248 3276
5 210 1924 2787 3065 3277
5 207 2208 3278 3279 3280
5 358 2000 2984 3243 3281
5 247 2260 3282 3283 3284
5 583 1844 3170 3285 3286
5 430 1456 2494 2881 3287
5 561 1176 2534 3132 3288
5 742 1008 2482 3137 3289
5 547 1988 3178 3290 3291
5 258 1608 2552 2689 3292
5 294 1648 2680 2869 3293
5 463 2084 3294 3295 3296
5 307 2176 3297 3298 3299
5 255 2184 3300 3301 3302
5 573 825 2693 3161 3303
5 445 1101 2498 3304 3305
5 677 749 2884 3151 3306
5 273 1277 2550 3307 3308
5 374 2020 3026 3309 3310
5 900 1052 2430 2484 3311
5 674 1749 2572 3004 3312
5 478 1916 2760 2994 3313
5 359 2132 3204 3314 3315
5 486 1441 2462 2762 3316
5 381 1813 3023 3317 3318
5 706 1273 2414 2587 3319
5 362 2204 3320 3321 3322
5 721 1345 2581 3323 3324
5 693 845 2405 3028 3325
5 497 993 2468 3210 3326
5 378 2268 3327 3328 3329
5 865 1317 2934 3192 3330
5 725 881 2445 3039 3331
5 325 1349 2578 3332 3333
5 162 1817 3025 3334 3335
5 733 1217 2454 2597 3336
5 838 1505 2817 2929 3337
5 147 2216 3338 3339 3340
5 151 2116 3200 3341 3342
5 318 1868 2811 2972 3343
5 346 1748 2573 2979 3344
5 166 2021 3027 3345 3346
5 858 1053 2432 2948 3347
5 182 2228 3348 3349 3350
5 977 1161 3009 3134 3351
5 757 1233 2512 3067 3352
5 405 1521 2821 3353 3354
5 269 1673 3017 3355 3356
5 765 1393 2518 2918 3357
5 997 1261 2807 3131 3358
5 267 2300 3359 3360 3361
5 262 2005 3015 3362 3363
5 902 1004 2485 3140 3364
5 398 1865 2820 3295 3365
5 278 2061 3051 3366 3367
5 299 2248 3368 3369 3370
5 422 2033 2896 3290 3371
5 549 889 3091 3155 3372
5 261 1221 2748 3373 3374
5 397 1037 2959 3294 3375
5 413 1516 2878 2955 3376
5 565 1352 2735 3147 3377
5 103 1852 3174 3378 3379
5 107 1976 3176 3380 3381
5 701 1184 2953 3145 3382
5 290 1668 2743 3088 3383
5 115 2144 3384 3385 3386
5 298 1820 2886 3097 3387
5 111 2080 3304 3388 3389
5 127 2068 3390 3391 3392
5 658 1321 2903 2932 3393
5 777 1121 2426 3082 3394
5 534 1685 3122 3395 3396
5 342 1533 2923 3397 3398
5 670 1133 2933 3115 3399
5 785 941 2444 3258 3400
5 542 1945 3249 3341 3401
5 350 1793 3075 3208 3402
5 311 2288 3403 3404 3405
5 314 2045 2921 3222 3406
5 519 2112 3120 3345 3407
5 355 2328 3408 3409 3410
5 705 1177 2588 3133 3411
5 383 1845 3171 3412 3413
5 622 1457 2495 3086 3414
5 417 1373 2611 3415 3416
5 689 841 2850 3167 3417
5 633 1097 2510 3390 3418
5 375 2092 3172 3366 3419
5 394 1760 2607 2847 3420
5 391 2064 3362 3373 3421
5 426 1796 2835 3080 3422
5 387 2256 3423 3424 3425
5 371 2264 3426 3427 3428
5 714 1897 2674 3189 3429
5 530 1949 2824 3314 3430
5 518 2060 3050 3309 3431
5 646 2032 2895 3181 3432
5 533 1661 2827 3433 3434
5 817 1105 2402 2676 3435
5 657 1297 2465 2902 3436
5 665 1137 2474 3052 3437
5 717 1509 2673 3438 3439
5 813 961 2411 2837 3440
5 515 2280 3441 3442 3443
5 527 2336 3444 3445 3446
5 834 1657 2716 3007 3447
5 218 1933 3021 3448 3449
5 893 1045 2439 2545 3450
5 481 1173 2524 3338 3451
5 869 1433 2712 3320 3452
5 211 2212 3332 3453 3454
5 470 2008 2965 2999 3455
5 233 1893 3019 3456 3457
5 854 1081 2417 2727 3458
5 506 1601 2532 2976 3459
5 215 2196 3323 3460 3461
5 231 2308 3462 3463 3464
5 557 1357 2757 3465 3466
5 1017 1193 2939 3195 3467
5 913 1061 2502 3219 3468
5 998 1417 2808 2936 3469
5 921 1401 2514 2782 3470
5 270 1825 3202 3471 3472
5 263 2117 3201 3473 3474
5 259 2296 3475 3476 3477
5 550 1869 2812 3156 3478
5 274 2133 3205 3479 3480
5 1006 1054 2486 2949 3481
5 574 1917 2761 3162 3482
5 291 2316 3483 3484 3485
5 609 1585 2657 3368 3486
5 773 1409 2564 3240 3487
5 1070 1165 2637 3135 3488
5 762 1549 2570 3126 3489
5 441 1765 3016 3490 3491
5 434 1929 3013 3492 3493
5 594 1701 2663 3298 3494
5 894 1185 2546 3144 3495
5 439 2344 3496 3497 3498
5 467 2232 3354 3499 3500
5 459 2157 3226 3501 3502
5 614 2125 3106 3286 3503
5 593 1033 2957 3297 3504
5 729 877 3148 3164 3505
5 433 1381 2613 3506 3507
5 163 1853 3175 3508 3509
5 598 1517 2695 2954 3510
5 734 1353 2598 3146 3511
5 857 1005 2950 3141 3512
5 454 1761 2608 3262 3513
5 167 2093 3173 3514 3515
5 171 2172 3308 3516 3517
5 466 1904 2701 3256 3518
5 187 2164 3519 3520 3521
5 179 2224 3522 3523 3524
5 718 1837 3247 3525 3526
5 929 969 2420 2874 3527
5 666 1489 2714 3053 3528
5 498 1637 2868 3211 3529
5 722 1969 3246 3460 3530
5 662 1293 2710 3279 3531
5 494 1445 2866 3404 3532
5 474 2073 3057 3215 3533
5 479 2272 3397 3534 3535
5 647 2192 3273 3456 3536
5 503 2368 3537 3538 3539
5 535 1849 3306 3540 3541
5 778 1309 2489 3083 3542
5 818 1329 2677 2941 3543
5 809 957 2935 3300 3544
5 789 945 2501 3384 3545
5 569 1377 2698 3546 3547
5 531 2173 3307 3479 3548
5 554 1905 2700 3037 3549
5 578 1797 3032 3081 3550
5 543 2065 3374 3473 3551
5 539 2324 3552 3553 3554
5 523 2332 3555 3556 3557
5 235 1989 3179 3558 3559
5 630 1609 2553 3265 3560
5 853 1009 2728 3138 3561
5 625 1289 2562 3519 3562
5 601 1205 2741 3423 3563
5 219 1977 3177 3501 3564
5 590 1669 2742 2844 3565
5 618 1952 2852 3251 3566
5 243 2152 3492 3506 3567
5 239 2252 3416 3568 3569
5 223 2304 3570 3571 3572
5 326 1789 2833 3453 3573
5 866 1809 2862 3193 3574
5 873 1589 2865 3441 3575
5 653 1325 2529 3235 3576
5 650 2124 3105 3184 3577
5 315 2156 3225 3448 3578
5 669 1465 2522 3114 3579
5 341 1753 2831 3534 3580
5 319 2276 3438 3525 3581
5 335 2352 3582 3583 3584
5 406 1937 3207 3585 3586
5 1069 1241 2505 2636 3587
5 978 1577 2719 3010 3588
5 1021 1257 2724 3327 3589
5 685 1181 2628 3475 3590
5 678 2010 3000 3152 3591
5 395 2292 3465 3592 3593
5 690 1769 2624 3168 3594
5 418 2037 3206 3595 3596
5 1010 1082 2483 2729 3597
5 399 2197 3324 3598 3599
5 415 2360 3600 3601 3602
5 917 1253 2560 3348 3603
5 745 1429 2653 3483 3604
5 443 1909 3203 3605 3606
5 910 1557 2567 2981 3607
5 1166 1242 2638 2946 3608
5 1046 1186 2547 2952 3609
5 435 2049 3199 3610 3611
5 730 1709 2660 3165 3612
5 431 2340 3613 3614 3615
5 750 2009 2966 3153 3616
5 447 2213 3333 3617 3618
5 455 2293 3466 3619 3620
5 774 1569 2614 3241 3621
5 610 1737 2792 3369 3622
5 637 1613 2822 3623 3624
5 922 1249 2783 3142 3625
5 770 1545 2621 3282 3626
5 603 1697 2795 3424 3627
5 626 1785 2815 3520 3628
5 643 2161 3232 3508 3629
5 619 2244 3356 3630 3631
5 607 2372 3632 3633 3634
5 615 2201 3268 3413 3635
5 909 1065 2982 3149 3636
5 442 1537 2790 3637 3638
5 761 1229 2963 3127 3639
5 766 1413 2919 2960 3640
5 271 1689 2989 3630 3641
5 275 2001 2985 3516 3642
5 446 1925 2788 3388 3643
5 458 2044 2922 3380 3644
5 279 2113 3121 3514 3645
5 295 2240 3623 3646 3647
5 287 2312 3648 3649 3650
5 654 1485 2583 3236 3651
5 874 1741 3073 3442 3652
5 870 1885 3076 3321 3653
5 482 1641 2668 3339 3654
5 493 1597 2666 3403 3655
5 661 1469 2576 3278 3656
5 475 2160 3231 3334 3657
5 651 2200 3267 3317 3658
5 471 2284 3395 3433 3659
5 491 2376 3660 3661 3662
5 814 1493 2726 2838 3663
5 719 1981 3372 3664 3665
5 930 1149 2477 2875 3666
5 723 2085 3375 3598 3667
5 694 1649 2870 3029 3668
5 709 1269 2859 3555 3669
5 821 1109 2722 3426 3670
5 682 1953 2853 3043 3671
5 715 2253 3415 3595 3672
5 675 2320 3546 3673 3674
5 699 2364 3675 3676 3677
5 970 1150 2876 2944 3678
5 343 1993 3303 3679 3680
5 786 1477 2541 3259 3681
5 737 1213 2888 3552 3682
5 781 1125 2558 3522 3683
5 726 1821 2885 3040 3684
5 327 2081 3305 3617 3685
5 351 2153 3507 3610 3686
5 754 1954 3044 3252 3687
5 347 2321 3547 3688 3689
5 339 2348 3690 3691 3692
5 634 1781 2644 3391 3693
5 419 1861 2993 3568 3694
5 407 1833 2991 3499 3695
5 758 1565 2749 3068 3696
5 769 1389 2753 3283 3697
5 638 1461 2655 3646 3698
5 427 2236 3490 3637 3699
5 642 2072 3058 3378 3700
5 423 2193 3274 3559 3701
5 411 2356 3702 3703 3704
5 1018 1729 2873 3196 3705
5 558 1801 3049 3592 3706
5 805 1333 2629 3359 3707
5 1025 1421 2872 3444 3708
5 555 2233 3353 3585 3709
5 802 2126 3185 3285 3710
5 570 1913 3048 3673 3711
5 810 1621 2627 3301 3712
5 551 2277 3439 3664 3713
5 567 2384 3714 3715 3716
5 1162 1578 2593 3011 3717
5 611 2057 3331 3718 3719
5 1262 1418 2554 2809 3720
5 849 1001 2798 3613 3721
5 1073 1197 2596 3462 3722
5 591 2317 3604 3723 3724
5 826 1918 2995 3163 3725
5 602 2121 3330 3726 3727
5 1178 1274 2535 2589 3728
5 842 1770 2801 3169 3729
5 599 2361 3730 3731 3732
5 595 2205 3452 3733 3734
5 905 1365 2774 3600 3730
5 1250 1402 2745 2784 3735
5 639 2029 3325 3736 3737
5 1066 1558 2618 2983 3738
5 627 2141 3326 3739 3740
5 878 1710 2777 3166 3741
5 1218 1354 2599 2734 3742
5 623 2341 3721 3743 3744
5 635 2217 3451 3745 3746
5 890 1870 2973 3157 3747
5 631 2297 3590 3748 3749
5 747 1881 2927 3484 3750
5 918 1717 2702 3349 3751
5 926 1553 2708 3408 3752
5 793 1481 2813 3649 3753
5 782 1633 2810 3523 3754
5 739 1705 2925 3553 3755
5 755 2246 3472 3641 3756
5 799 2162 3335 3509 3757
5 743 2388 3758 3759 3760
5 751 2286 3396 3541 3761
5 1026 1573 3079 3445 3762
5 806 1497 2758 3360 3763
5 686 1645 2899 3476 3764
5 1022 1733 3077 3328 3765
5 822 1617 2756 3427 3766
5 710 1773 2898 3556 3767
5 803 2202 3318 3412 3768
5 683 2245 3355 3471 3769
5 679 2285 3434 3540 3770
5 703 2392 3771 3772 3773
5 875 2097 3505 3774 3775
5 1106 1330 2538 2678 3776
5 962 1494 2586 2839 3777
5 846 1650 2681 3030 3778
5 871 2177 3504 3733 3779
5 933 973 2591 3570 3780
5 861 1085 2687 3690 3781
5 867 2257 3563 3726 3782
5 830 1798 2836 3033 3783
5 835 2325 3682 3784 3785
5 839 2365 3786 3787 3788
5 495 2105 3417 3789 3790
5 942 1478 2602 3260 3791
5 1122 1310 2732 3084 3792
5 897 1049 3093 3675 3786
5 483 2069 3418 3745 3793
5 882 1822 3041 3096 3794
5 886 1906 3038 3257 3795
5 499 2165 3562 3739 3796
5 507 2333 3669 3797 3798
5 487 2349 3781 3799 3800
5 571 1873 3123 3688 3801
5 790 1629 2640 3385 3802
5 559 1965 3125 3619 3803
5 914 1721 2891 3220 3804
5 794 1313 2651 3648 3805
5 925 1397 2894 3409 3806
5 798 2074 3216 3379 3807
5 579 2237 3606 3638 3808
5 575 2273 3398 3680 3809
5 563 2380 3810 3811 3812
5 746 1961 3228 3723 3813
5 1194 1730 2682 3197 3814
5 1201 1237 2685 3582 3815
5 965 1141 2799 3496 3816
5 954 2034 3182 3291 3817
5 727 2249 3486 3718 3818
5 958 1622 2797 3302 3819
5 738 2013 3227 3784 3820
5 735 2385 3821 3822 3823
5 731 2281 3575 3774 3824
5 775 2149 3468 3825 3826
5 1342 1506 2649 2818 3827
5 1154 1658 2770 3008 3828
5 982 1750 2980 3005 3829
5 759 2229 3603 3830 3831
5 990 1602 2804 2977 3832
5 771 2189 3467 3833 3834
5 1170 1442 2635 2764 3835
5 767 2309 3722 3836 3837
5 763 2269 3589 3838 3839
5 1057 1369 2910 3714 3821
5 795 2025 3440 3840 3841
5 1230 1550 2706 3128 3842
5 1394 1414 2890 2920 3843
5 1210 1518 2696 2879 3844
5 783 2137 3437 3845 3846
5 1034 1702 2915 3299 3847
5 779 2345 3816 3848 3849
5 1038 1866 3109 3296 3850
5 791 2221 3576 3851 3852
5 787 2301 3707 3853 3854
5 907 1889 3061 3602 3855
5 1074 1725 2857 3464 3856
5 1078 1561 2855 3537 3857
5 937 1473 3001 3704 3858
5 934 1625 2998 3572 3859
5 899 1713 3060 3676 3860
5 951 2158 3449 3564 3861
5 887 2234 3586 3695 3862
5 903 2396 3863 3864 3865
5 891 2278 3526 3665 3866
5 966 1501 2968 3497 3867
5 1202 1581 3250 3583 3868
5 1198 1726 3253 3463 3869
5 850 1653 3104 3614 3870
5 862 1778 3103 3691 3871
5 974 1626 2967 3571 3872
5 831 2238 3491 3605 3873
5 955 2194 3457 3558 3874
5 827 2274 3580 3679 3875
5 859 2397 3876 3877 3878
5 1138 1490 2767 3054 3879
5 1027 2101 3636 3880 3881
5 1298 1322 2632 2904 3882
5 1023 2181 3639 3838 3883
5 994 1638 2901 3212 3884
5 1013 1089 2908 3810 3885
5 938 1145 2772 3702 3886
5 986 1794 3056 3209 3887
5 1019 2261 3697 3833 3888
5 979 2329 3806 3889 3890
5 999 2369 3891 3892 3893
5 1286 1458 2882 3087 3894
5 663 2185 3544 3895 3896
5 1094 1610 2690 3266 3897
5 671 2265 3670 3898 3899
5 1042 1762 2848 3263 3900
5 1030 1670 2845 3089 3901
5 655 2145 3545 3851 3902
5 667 2225 3683 3845 3903
5 659 2305 3780 3904 3905
5 711 2017 3271 3797 3906
5 946 1630 2779 3386 3907
5 1062 1722 3098 3221 3908
5 687 1957 3272 3748 3909
5 1077 1245 3095 3538 3891
5 695 2241 3698 3737 3910
5 950 2046 3223 3381 3911
5 691 2289 3532 3790 3912
5 707 2381 3885 3913 3914
5 1258 1734 2840 3329 3915
5 906 1973 3230 3731 3916
5 1117 1305 2996 3632 3917
5 1266 1405 2842 3660 3918
5 883 2250 3622 3719 3919
5 1115 2062 3310 3419 3920
5 898 1877 3229 3787 3921
5 1110 1618 2997 3428 3922
5 895 2393 3923 3924 3925
5 879 2282 3652 3775 3926
5 1318 1810 2906 3194 3927
5 919 2077 3352 3830 3928
5 915 2169 3487 3825 3929
5 1130 1898 3119 3190 3930
5 927 2109 3351 3889 3931
5 1134 1466 2806 3116 3932
5 923 2353 3815 3933 3934
5 911 2337 3708 3880 3935
5 1225 1437 3064 3771 3923
5 1234 1566 3069 3101 3936
5 939 1901 3435 3937 3938
5 1390 1546 2861 3284 3939
5 935 2041 3436 3904 3940
5 1206 1698 3071 3425 3941
5 931 2373 3917 3942 3943
5 947 2222 3651 3902 3944
5 1222 2006 3276 3421 3945
5 943 2302 3763 3946 3947
5 1238 1582 3045 3584 3948
5 1059 1745 3214 3716 3949
5 1090 1605 3186 3812 3950
5 1246 1562 3046 3539 3951
5 1051 1714 3213 3677 3952
5 1086 1777 3187 3692 3953
5 1043 2294 3706 3803 3954
5 1103 2214 3573 3685 3955
5 1055 2398 3956 3957 3958
5 1039 2198 3530 3667 3959
5 1265 1425 3255 3661 3960
5 1118 1337 2970 3633 3961
5 1126 1634 2969 3524 3962
5 863 1922 3269 3799 3963
5 851 1805 3270 3743 3964
5 1254 1718 3254 3350 3965
5 1114 2114 3346 3515 3966
5 847 2242 3624 3736 3967
5 843 2290 3655 3789 3968
5 855 2389 3969 3970 3971
5 1370 1746 3377 3715 3972
5 1142 1502 3154 3498 3973
5 1002 1654 3287 3615 3974
5 1366 1890 3376 3601 3975
5 1146 1474 3150 3703 3976
5 1014 1606 3288 3811 3977
5 1131 2254 3596 3694 3978
5 987 2154 3493 3611 3979
5 983 2322 3711 3801 3980
5 1007 2399 3981 3982 3983
5 1203 1986 3625 3934 3984
5 1326 1486 2974 3237 3985
5 1174 1642 3117 3340 3986
5 1199 2090 3640 3837 3987
5 1189 1282 3113 3759 3969
5 1195 2262 3626 3834 3988
5 1158 1946 3234 3342 3989
5 1163 2330 3752 3931 3990
5 1167 2378 3960 3991 3992
5 823 2129 3399 3899 3993
5 1098 1782 2912 3392 3994
5 807 2053 3400 3853 3946
5 811 2209 3531 3896 3995
5 1102 1926 3066 3389 3996
5 815 2313 3805 3841 3997
5 819 2357 3886 3938 3998
5 1058 1841 3336 3822 3999
5 1422 1574 3035 3446 4000
5 1406 1426 3034 3662 4001
5 1281 1453 3183 3758 4002
5 1279 2134 3430 3548 4003
5 1031 2318 3750 3813 4004
5 1270 1774 3180 3557 4005
5 1050 1878 3337 3788 4006
5 1047 2394 4007 4008 4009
5 1035 2206 3653 3779 4010
5 1075 2089 3357 3836 4011
5 1434 1886 3062 3322 4012
5 1303 1950 3281 3315 4013
5 1063 2170 3621 3826 4014
5 1294 1470 3002 3280 4015
5 1079 1997 3358 3892 4016
5 1071 2377 3918 4017 4018
5 1067 2338 3762 3881 4019
5 1227 1593 3218 3773 4007
5 1091 1757 3319 3914 4020
5 1398 1554 3047 3410 4021
5 1087 1921 3316 3800 4022
5 1215 1706 3224 3554 4023
5 1099 2218 3654 3793 4024
5 1095 2298 3764 3909 4025
5 1083 2390 4002 4026 4027
5 1223 2118 3401 3551 4028
5 1361 1386 3239 3864 3876
5 1119 1829 3527 3942 4029
5 1410 1570 3242 3261 4030
5 1382 1930 3275 3567 4031
5 1127 2138 3528 3903 4032
5 1111 2130 3579 3898 4033
5 1374 1862 3245 3569 4034
5 1107 2358 3858 3937 4035
5 1123 2346 3867 4036 4037
5 975 2042 3393 3905 4038
5 1290 1786 3110 3521 4039
5 967 1941 3394 3848 4036
5 1278 2002 3244 3517 4040
5 959 2210 3656 3895 4041
5 963 2314 3753 3840 4042
5 971 2374 3961 4029 4043
5 1306 1338 3158 3634 4044
5 1438 1594 3382 3772 4045
5 1015 1758 3411 3913 4046
5 1314 1482 3159 3650 4047
5 1430 1882 3383 3485 4048
5 1003 1806 3414 3744 4049
5 995 2166 3628 3740 4050
5 1302 2174 3480 3642 4051
5 991 2334 3767 3906 4052
5 1011 2391 4053 4054 4055
5 1334 1498 3160 3361 4056
5 1371 1842 3511 3823 4057
5 1367 1974 3510 3732 4058
5 1182 1646 3292 3477 4059
5 1190 1454 3289 3760 4053
5 1159 2066 3363 3474 4060
5 1319 2258 3627 3727 4061
5 1155 2326 3755 3820 4062
5 1187 2395 4045 4063 4064
5 1267 1858 3488 3991 4018
5 1346 1970 3238 3461 4065
5 1259 2182 3489 3839 4066
5 1255 2078 3696 3831 4067
5 1350 1790 3277 3454 4068
5 1263 2370 3857 4016 4069
5 1251 2354 3868 3984 4070
5 1226 1693 3450 3924 4008
5 1385 1541 3311 3863 3956
5 1211 2362 3855 3916 4071
5 1375 2038 3429 3672 4072
5 1214 2014 3447 3785 4073
5 1378 1914 3312 3674 4074
5 1219 2386 3949 3999 4075
5 1207 2122 3574 3782 4076
5 1590 1742 3217 3443 4077
5 1239 1985 3470 3933 4078
5 1235 2230 3751 3928 4079
5 1451 2022 3407 3431 4080
5 1247 1998 3469 3893 4081
5 1446 1598 3191 3405 4082
5 1243 2379 4001 4083 4084
5 1231 2270 3765 3883 4085
5 1387 1525 3347 3878 3957
5 1283 1677 3458 3971 4026
5 1291 2142 3529 3796 4086
5 1383 2050 3402 3686 4087
5 1271 2018 3459 3798 4088
5 1379 1874 3344 3689 4089
5 1275 2383 3950 4020 4090
5 1287 2342 3870 3964 4091
5 1363 1542 3364 3865 3981
5 1586 1738 3370 3387 4092
5 1307 1830 3666 3943 4093
5 1315 2026 3663 3997 4094
5 1538 1766 3422 3699 4095
5 1295 2186 3712 3995 4096
5 1530 1990 3371 3701 4097
5 1299 2306 3859 3940 4098
5 1311 2347 3973 4099 4100
5 1462 1614 3293 3647 4101
5 1147 1902 3543 3998 4102
5 1143 1942 3542 3849 4099
5 1135 2266 3766 3993 4103
5 1450 2094 3367 3645 4104
5 1139 2226 3754 3846 4105
5 1151 2375 4044 4093 4106
5 1362 1526 3512 3877 3982
5 1191 1678 3561 3970 4054
5 1183 1958 3560 3749 4107
5 1359 1966 3513 3620 4108
5 1351 2082 3618 3643 4109
5 1175 2070 3693 3746 4110
5 1171 2350 3871 3963 4111
5 1179 2382 3977 4046 4112
5 1439 1694 3495 3925 4063
5 1358 1802 3420 3593 4113
5 1431 1962 3565 3724 4114
5 1435 2178 3494 3734 4115
5 1347 2086 3365 3599 4116
5 1343 2366 3860 3921 4117
5 1355 2387 3972 4057 4118
5 1427 1859 3608 3992 4084
5 1423 2102 3607 3935 4119
5 1510 1838 3343 3581 4120
5 1514 1934 3406 3578 4121
5 1411 2150 3804 3929 4122
5 1419 2371 3951 4081 4123
5 1415 2310 3869 3987 4124
5 1407 1857 3587 4017 4083
5 1531 1894 3432 3536 4125
5 1395 2311 3856 4011 4126
5 1534 1754 3313 3535 4127
5 1399 2110 3588 3890 4128
5 1403 2355 3948 4078 4129
5 1391 2190 3705 3888 4130
5 1527 1543 3481 3958 3983
5 1455 1679 3597 4027 4055
5 1539 1910 3550 3808 4131
5 1463 2030 3668 3910 4132
5 1447 2106 3594 3912 4133
5 1535 1994 3482 3809 4134
5 1443 2351 3953 4022 4135
5 1459 2343 3974 4049 4136
5 1475 1903 3776 4035 4137
5 1523 1834 3500 3518 4138
5 1675 1690 3566 3631 4139
5 1483 2027 3777 4042 4140
5 1471 2187 3819 4041 4141
5 1682 1846 3503 3635 4142
5 1467 2267 3922 4033 4143
5 1479 2303 4056 4144 4145
5 1339 1831 3678 4043 4106
5 1335 2054 3681 3854 4144
5 1515 1978 3502 3644 4146
5 1323 2307 3872 4038 4147
5 1327 2146 3802 3852 4148
5 1331 2359 3976 4102 4137
5 1595 1695 3609 4009 4064
5 1587 2058 3684 3818 4149
5 1522 1938 3549 3709 4150
5 1511 1982 3478 3713 4151
5 1591 2098 3612 3824 4152
5 1507 2367 3952 4006 4153
5 1519 2363 3975 4058 4154
5 1583 1987 3735 4070 4129
5 1662 1686 3455 3659 4155
5 1575 2103 3738 4019 4156
5 1571 2151 3908 4014 4157
5 1666 1818 3533 3657 4158
5 1567 2231 3965 4067 4159
5 1579 2331 4021 4128 4160
5 1563 1999 3720 4069 4123
5 1555 2111 3717 3990 4160
5 1551 2271 3915 4066 4161
5 1683 1814 3577 3658 4162
5 1547 2191 3814 3988 4163
5 1559 2339 4000 4119 4156
5 1607 1759 3728 4090 4112
5 1615 2031 3778 3967 4164
5 1691 1827 3687 3756 4165
5 1687 1851 3616 3761 4166
5 1599 2107 3729 3968 4167
5 1603 2335 4005 4088 4168
5 1611 2299 4059 4107 4169
5 1627 2043 3882 4098 4147
5 1635 2139 3879 4105 4170
5 1667 1854 3629 3700 4171
5 1619 2131 3932 4103 4143
5 1631 2223 3985 4148 4172
5 1623 2211 4015 4096 4141
5 1503 1943 3792 4037 4100
5 1499 2055 3791 3947 4145
5 1491 2227 3962 4032 4170
5 1487 2147 3907 3944 4172
5 1495 2315 4047 4094 4140
5 1747 1843 3742 4075 4118
5 1674 1826 3671 3769 4173
5 1739 2059 3794 3919 4174
5 1743 2099 3741 3926 4175
5 1663 1850 3591 3770 4176
5 1671 2319 4048 4114 4177
5 1659 2327 4023 4073 4178
5 1727 2091 3843 4124 4126
5 1735 2183 3842 4085 4161
5 1719 2079 3936 4079 4159
5 1731 2263 3939 4130 4163
5 1723 2171 4030 4122 4157
5 1715 1879 3827 4117 4153
5 1707 2015 3828 4062 4178
5 1815 1847 3710 3768 4179
5 1703 2207 4012 4115 4180
5 1699 2123 3927 4061 4181
5 1711 2283 4077 4152 4175
5 1835 1939 3795 3862 4182
5 1767 1911 3783 3873 4183
5 1755 1995 3725 3875 4184
5 1839 1983 3747 3866 4185
5 1763 2295 4108 4113 4186
5 1751 2323 4074 4089 4187
5 1779 1923 3835 4111 4135
5 1819 1855 3757 3807 4188
5 1787 2143 3884 4050 4189
5 1775 2019 3832 4052 4168
5 1783 2219 3986 4110 4190
5 1771 2291 4082 4133 4167
5 1655 1807 3894 4091 4136
5 1647 1959 3897 4025 4169
5 1639 2167 4039 4086 4189
5 1643 2071 3994 4024 4190
5 1651 2243 4101 4132 4164
5 1891 1975 3844 4071 4154
5 1883 1963 3901 4004 4177
5 1887 2179 3847 4010 4180
5 1811 2259 3941 4076 4181
5 1823 2251 4092 4149 4174
5 1875 1915 3829 3980 4187
5 1867 2199 4065 4116 4191
5 1895 1991 3817 3874 4192
5 1863 2039 3930 3978 4193
5 1871 2279 4120 4151 4185
5 1803 1967 3900 3954 4186
5 1971 2087 3850 3959 4191
5 1899 2255 4034 4072 4193
5 1907 2235 4138 4150 4182
5 1931 2051 3887 3979 4194
5 1935 1979 3861 3911 4195
5 1927 2215 4068 4109 4196
5 1919 2275 4127 4134 4184
5 1795 2155 4031 4087 4194
5 1791 2083 3955 3996 4196
5 1799 2239 4095 4131 4183
5 2023 2095 3920 3966 4197
5 2007 2119 3989 4060 4198
5 2003 2135 4013 4051 4199
5 2011 2287 4155 4166 4176
5 1947 2067 3945 4028 4198
5 1951 2175 4003 4040 4199
5 1955 2247 4139 4165 4173
5 2035 2195 4097 4125 4192
5 2047 2159 4121 4146 4195
5 2063 2115 4080 4104 4197
5 2127 2203 4142 4162 4179
5 2075 2163 4158 4171 4188
