# Generated using Miratope v0.5.0 (https://github.com/galoomba1/miratope-rs)
4OFF

# Vertices, Faces, Edges, Cells
120 4920 1200 1320

# Vertices
0.809016994374945 0.809016994374945 0.809016994374945 0.809016994374945 
0.809016994374945 0.809016994374945 0.809016994374945 -0.809016994374945 
0.809016994374945 0.809016994374945 -0.809016994374945 0.809016994374945 
0.809016994374945 -0.809016994374945 0.809016994374945 0.809016994374945 
0.809016994374945 1.30901699437495 0 -0.5 
0.809016994374945 -0.5 1.30901699437495 0 
0.809016994374945 0 -0.5 1.30901699437495 
0.809016994374945 0.809016994374945 -0.809016994374945 -0.809016994374945 
0.809016994374945 -0.809016994374945 0.809016994374945 -0.809016994374945 
0.809016994374945 1.30901699437495 0 0.5 
0.809016994374945 0 -0.5 -1.30901699437495 
0.809016994374945 -0.809016994374945 -0.809016994374945 0.809016994374945 
0.809016994374945 0 0.5 1.30901699437495 
0.809016994374945 -0.5 -1.30901699437495 0 
0.809016994374945 0.5 1.30901699437495 0 
0.809016994374945 -1.30901699437495 0 -0.5 
0.809016994374945 -0.809016994374945 -0.809016994374945 -0.809016994374945 
0.809016994374945 0 0.5 -1.30901699437495 
0.809016994374945 0.5 -1.30901699437495 0 
0.809016994374945 -1.30901699437495 0 0.5 
0 -1.61803398874989 0 0 
1.30901699437495 0.5 0 0.809016994374945 
1.30901699437495 0 -0.809016994374945 -0.5 
0 -1.30901699437495 0.5 0.809016994374945 
1.30901699437495 0.5 0 -0.809016994374945 
1.30901699437495 0 -0.809016994374945 0.5 
0 -1.30901699437495 0.5 -0.809016994374945 
0.5 -0.809016994374945 0 1.30901699437495 
0 -0.809016994374945 1.30901699437495 0.5 
0 -0.809016994374945 1.30901699437495 -0.5 
0.5 -0.809016994374945 0 -1.30901699437495 
1.30901699437495 0.809016994374945 0.5 0 
0.5 0 1.30901699437495 0.809016994374945 
0.5 0 1.30901699437495 -0.809016994374945 
0.5 -1.30901699437495 -0.809016994374945 0 
0 0 1.61803398874989 0 
1.30901699437495 0.809016994374945 -0.5 0 
1.30901699437495 -0.5 0 0.809016994374945 
0 0.809016994374945 1.30901699437495 -0.5 
1.30901699437495 -0.809016994374945 -0.5 0 
0.5 1.30901699437495 0.809016994374945 0 
0.5 -1.30901699437495 0.809016994374945 0 
0 0.5 0.809016994374945 -1.30901699437495 
0 -0.5 0.809016994374945 -1.30901699437495 
0.5 0.809016994374945 0 -1.30901699437495 
0 0 0 1.61803398874989 
-0.5 1.30901699437495 0.809016994374945 0 
-0.5 0.809016994374945 0 1.30901699437495 
-0.5 -0.809016994374945 0 1.30901699437495 
-0.5 -1.30901699437495 0.809016994374945 0 
0 1.30901699437495 0.5 0.809016994374945 
-1.30901699437495 0.5 0 0.809016994374945 
-1.30901699437495 -0.5 0 0.809016994374945 
-0.5 0 1.30901699437495 -0.809016994374945 
-1.30901699437495 0.809016994374945 0.5 0 
-1.30901699437495 0 0.809016994374945 -0.5 
-1.30901699437495 -0.809016994374945 0.5 0 
-0.809016994374945 0.809016994374945 0.809016994374945 0.809016994374945 
1.30901699437495 0 0.809016994374945 -0.5 
0 -0.5 0.809016994374945 1.30901699437495 
-0.809016994374945 0.809016994374945 0.809016994374945 -0.809016994374945 
1.30901699437495 0 0.809016994374945 0.5 
-0.809016994374945 -0.809016994374945 0.809016994374945 0.809016994374945 
0 0.5 0.809016994374945 1.30901699437495 
-0.809016994374945 -0.809016994374945 0.809016994374945 -0.809016994374945 
-1.30901699437495 0 0.809016994374945 0.5 
-0.809016994374945 0.5 1.30901699437495 0 
-0.809016994374945 -1.30901699437495 0 0.5 
1.30901699437495 -0.809016994374945 0.5 0 
0 0.809016994374945 1.30901699437495 0.5 
-0.809016994374945 0 0.5 1.30901699437495 
-0.5 0 1.30901699437495 0.809016994374945 
0 1.30901699437495 -0.5 0.809016994374945 
-0.809016994374945 0.809016994374945 -0.809016994374945 0.809016994374945 
-0.5 0 -1.30901699437495 0.809016994374945 
0 -1.30901699437495 -0.5 0.809016994374945 
-0.809016994374945 -0.809016994374945 -0.809016994374945 0.809016994374945 
0.5 0 -1.30901699437495 0.809016994374945 
1.61803398874989 0 0 0 
0 0.809016994374945 -1.30901699437495 0.5 
-0.809016994374945 0 -0.5 1.30901699437495 
0 -0.809016994374945 -1.30901699437495 0.5 
0 0.5 -0.809016994374945 1.30901699437495 
0.5 0.809016994374945 0 1.30901699437495 
-0.5 1.30901699437495 -0.809016994374945 0 
0.5 1.30901699437495 -0.809016994374945 0 
-0.809016994374945 1.30901699437495 0 -0.5 
0 1.30901699437495 0.5 -0.809016994374945 
0 1.30901699437495 -0.5 -0.809016994374945 
-0.809016994374945 1.30901699437495 0 0.5 
0 1.61803398874989 0 0 
0 -0.5 -0.809016994374945 1.30901699437495 
-1.30901699437495 0.809016994374945 -0.5 0 
-1.30901699437495 0 -0.809016994374945 0.5 
-1.61803398874989 0 0 0 
-0.809016994374945 -0.5 1.30901699437495 0 
1.30901699437495 -0.5 0 -0.809016994374945 
-0.5 0.809016994374945 0 -1.30901699437495 
-0.809016994374945 0 0.5 -1.30901699437495 
-1.30901699437495 0.5 0 -0.809016994374945 
0 0 -1.61803398874989 0 
0 0.809016994374945 -1.30901699437495 -0.5 
0.5 0 -1.30901699437495 -0.809016994374945 
-0.809016994374945 0.809016994374945 -0.809016994374945 -0.809016994374945 
-0.809016994374945 0 -0.5 -1.30901699437495 
-0.809016994374945 -0.5 -1.30901699437495 0 
-0.809016994374945 -1.30901699437495 0 -0.5 
-0.809016994374945 -0.809016994374945 -0.809016994374945 -0.809016994374945 
-0.809016994374945 0.5 -1.30901699437495 0 
-1.30901699437495 0 -0.809016994374945 -0.5 
-0.5 -0.809016994374945 0 -1.30901699437495 
-0.5 -1.30901699437495 -0.809016994374945 0 
-1.30901699437495 -0.5 0 -0.809016994374945 
-1.30901699437495 -0.809016994374945 -0.5 0 
0 0 0 -1.61803398874989 
-0.5 0 -1.30901699437495 -0.809016994374945 
0 -1.30901699437495 -0.5 -0.809016994374945 
0 -0.809016994374945 -1.30901699437495 -0.5 
0 0.5 -0.809016994374945 -1.30901699437495 
0 -0.5 -0.809016994374945 -1.30901699437495 

# Faces
3 0 1 5
5 0 1 10 13 6
3 0 4 2
5 2 0 5 15 13
5 3 15 10 4 0
3 0 3 6
3 7 9 1
5 5 1 7 13 19
5 8 1 9 6 19
3 1 10 8
5 7 17 5 12 2
3 2 7 13
3 2 12 11
5 11 15 17 4 2
5 11 18 4 14 3
3 3 11 15
3 8 14 3
5 8 10 18 6 3
5 9 7 16 19 12
3 16 17 7
5 16 11 12 14 17
3 11 18 16
5 14 8 16 18 9
3 8 19 16
3 9 12 14
3 6 18 9
3 4 17 14
3 12 5 19
3 4 10 18
3 5 15 17
3 19 13 6
3 13 10 15
3 16 20 11
5 11 21 14 29 20
3 11 22 21
3 12 23 11
5 22 11 23 29 17
5 20 28 14 24 16
3 16 25 24
5 16 25 12 28 26
3 16 26 17
3 20 28 27
5 20 27 21 24 30
3 20 30 29
3 31 12 25
5 17 31 12 23 26
3 31 32 33
5 31 22 34 23 32
5 25 34 26 33 31
3 22 17 31
3 21 14 24
3 21 27 32
5 32 21 22 30 29
3 14 28 12
3 14 17 29
5 32 33 30 34 27
3 32 29 23
5 24 25 27 28 33
3 33 30 24
3 27 34 25
3 33 28 26
3 34 30 22
3 23 34 26
3 0 3 35
5 36 0 35 43 10
3 36 37 0
5 37 0 38 43 15
3 4 38 0
5 3 39 10 42 35
3 21 39 3
5 21 3 29 42 4
3 3 29 15
5 40 35 41 39 36
3 40 42 35
3 41 43 35
3 21 32 40
5 40 42 30 39 21
3 22 4 21
5 32 40 44 30 41
3 40 44 36
5 32 37 22 44 38
3 32 37 41
3 32 29 38
5 41 37 36 44 43
3 36 10 39
3 22 15 37
5 38 29 15 22 4
3 4 42 10
3 38 44 43
3 39 41 30
3 22 30 44
3 29 42 30
3 10 43 15
3 0 3 45
5 3 0 46 55 49
5 0 38 55 52 45
5 5 0 47 52 49
3 5 38 0
3 0 46 47
5 29 3 45 51 55
5 46 14 3 48 51
3 14 3 29
3 48 49 3
3 50 51 45
5 23 45 50 38 29
3 45 52 23
3 14 12 50
5 12 14 53 56 48
5 29 14 50 51 56
3 14 53 46
5 23 56 54 50 12
5 47 12 5 53 54
3 12 23 5
3 12 48 47
3 38 54 50
5 54 38 5 23 52
3 5 53 49
5 46 47 48 49 53
3 46 55 51
3 47 54 52
3 38 29 55
3 48 56 51
3 54 56 53
3 29 23 56
3 52 49 55
3 1 46 0
5 0 1 43 49 59
3 3 58 0
5 57 55 43 58 0
3 57 59 0
3 8 61 1
5 1 8 49 65 46
5 60 1 61 59 65
3 60 43 1
5 3 8 42 46 63
3 3 49 8
3 62 63 3
5 3 62 55 42 58
3 57 40 60
5 43 60 57 59 41
5 57 62 41 58 40
3 62 55 57
5 64 8 61 63 65
3 8 42 64
5 60 40 61 41 64
3 60 64 65
5 42 64 62 63 40
3 64 41 62
3 40 63 61
3 61 41 59
3 40 42 58
3 63 46 65
3 43 58 41
3 46 55 42
3 65 49 59
3 49 43 55
3 8 20 64
5 8 20 48 63 14
3 8 19 61
3 8 53 14
5 8 53 65 48 19
5 20 27 63 66 64
3 64 66 33
5 64 33 61 27 67
3 64 67 65
3 27 68 20
5 68 14 66 56 20
3 48 20 56
3 69 33 61
5 61 19 67 65 69
3 61 63 27
3 14 68 12
3 14 63 66
3 12 69 70
5 69 12 19 26 53
5 68 26 56 70 12
3 19 48 12
5 69 33 26 67 70
3 69 65 53
3 63 48 65
5 68 33 66 70 27
3 33 68 26
3 70 56 66
3 70 67 27
3 53 56 26
3 67 26 19
3 0 37 2
5 2 74 52 71 0
3 0 71 3
5 3 75 74 72 0
5 57 0 37 75 52
3 57 72 0
5 11 23 71 50 2
3 2 74 11
3 73 50 2
5 2 73 52 23 37
3 3 21 11
5 3 11 74 51 71
5 62 3 21 72 51
3 62 75 3
5 73 77 37 32 57
3 57 73 52
3 57 32 62
5 72 57 62 75 77
5 51 76 11 21 50
3 11 23 76
5 23 76 73 50 32
3 73 76 77
5 62 32 21 77 76
3 76 51 62
3 32 50 21
3 21 72 77
3 32 23 37
3 50 51 71
3 37 77 75
3 23 52 71
3 72 74 51
3 74 75 52
3 0 78 3
5 47 74 13 78 0
3 0 36 72
5 36 0 59 75 13
3 47 59 0
5 48 74 18 78 3
5 63 3 39 18 72
3 3 63 48
3 39 75 3
5 47 9 78 19 48
3 9 18 78
3 13 78 19
3 63 9 61
5 19 81 79 9 61
5 63 61 39 81 80
5 59 80 79 36 61
3 39 61 36
3 61 19 59
5 18 81 48 63 9
3 47 79 9
3 63 80 72
5 36 39 75 80 72
3 36 79 13
5 19 59 47 79 13
3 47 74 48
3 72 74 18
3 59 80 75
3 39 18 81
3 80 81 79
3 48 81 19
3 74 13 75
3 62 76 20
5 62 63 21 39 20
3 32 62 41
3 63 80 62
5 39 41 62 80 77
5 76 20 68 21 82
3 76 82 70
5 76 70 32 68 34
3 76 34 77
3 28 68 20
5 63 28 20 81 82
3 81 20 39
3 32 68 21
3 21 63 82
3 21 39 77
3 61 83 25
5 61 83 80 67 41
3 61 28 63
5 61 28 67 81 25
3 39 61 41
3 32 70 83
5 32 41 34 77 83
5 70 83 25 34 67
3 80 77 83
5 25 68 28 70 82
3 25 68 34
3 25 81 82
3 70 28 67
3 81 67 80
3 41 67 34
3 2 73 45
5 2 73 54 38 31
5 45 2 4 38 71
3 2 31 12
5 12 2 84 54 71
3 2 84 4
5 32 45 73 86 38
5 70 32 31 85 73
3 70 54 73
3 73 85 86
3 21 45 32
5 4 21 45 51 86
3 51 45 71
5 12 70 54 87 31
3 32 38 31
3 85 87 31
3 4 21 14
5 21 82 51 66 14
5 21 32 66 86 85
3 21 85 82
3 12 71 14
5 12 82 84 87 14
5 71 14 4 84 51
3 66 87 14
3 70 82 12
3 70 32 66
3 4 38 86
3 38 71 54
5 70 66 87 85 82
3 86 51 66
3 84 54 87
3 82 84 51
3 1 7 78
5 1 69 47 79 7
5 46 1 78 6 47
3 61 69 1
5 61 6 79 88 1
3 46 88 1
5 12 78 7 84 47
5 25 7 87 69 12
3 25 79 7
3 87 84 7
3 14 78 12
5 78 14 46 84 18
3 18 78 6
5 61 69 89 79 25
3 63 6 61
5 61 63 89 88 24
3 24 61 25
3 46 14 63
5 14 63 82 18 24
3 24 87 14
3 47 69 12
3 25 82 12
3 89 87 69
5 46 88 18 6 63
3 63 89 82
3 47 6 79
3 47 84 46
5 24 25 82 89 87
3 24 18 88
3 89 88 79
3 82 84 18
3 60 35 57
5 60 44 36 83 57
5 72 57 35 58 36
3 32 57 83
5 32 58 44 86 57
3 72 86 57
5 60 35 61 36 88
5 89 83 61 33 60
3 89 88 60
3 60 44 33
3 61 63 35
5 42 88 72 63 35
3 42 58 35
3 21 58 32
3 72 21 63
5 21 63 66 42 24
5 72 86 42 58 21
3 24 85 21
3 61 36 83
3 33 24 61
5 32 33 44 85 83
3 83 89 85
3 33 66 32
3 66 89 63
3 36 58 44
3 36 72 88
5 24 85 89 66 33
3 24 88 42
3 86 42 66
3 85 44 86
3 2 90 0
5 0 90 92 52 59
5 6 74 92 46 0
3 0 59 6
3 0 46 71
5 2 90 54 52 91
3 2 12 91
3 74 84 2
3 69 54 90
5 69 90 79 91 59
3 90 92 79
3 12 9 69
5 9 84 93 48 12
5 65 93 79 9 69
5 6 48 65 46 9
3 6 79 9
3 84 9 46
5 12 91 93 54 69
3 48 71 12
3 59 69 65
5 65 92 79 6 59
3 48 74 6
5 46 71 48 74 84
3 46 65 92
3 54 71 52
3 59 52 91
3 54 93 84
3 48 93 65
3 79 93 91
3 74 92 52
3 76 94 73
5 83 73 94 95 32
3 73 91 83
3 54 73 50
5 73 91 23 95 54
5 32 66 94 76 27
3 76 27 82
5 56 76 82 50 66
3 56 76 23
3 89 66 94
5 67 94 89 83 27
3 94 95 67
3 12 82 50
3 12 28 69
5 12 82 93 56 28
3 12 23 91
3 32 27 83
3 89 83 69
5 83 91 67 95 69
3 32 50 66
3 23 95 32
5 28 69 89 93 67
3 54 95 69
5 89 66 28 27 82
3 82 93 89
3 56 28 66
3 28 67 27
3 93 67 91
3 56 93 54
3 0 38 90
5 0 35 55 92 72
3 0 59 35
3 45 72 0
5 90 60 95 59 83
3 90 60 92
3 40 60 35
5 35 59 80 92 60
5 60 94 80 83 40
3 94 60 95
3 73 90 83
5 73 90 38 95 52
3 52 73 45
3 73 94 86
5 35 62 80 72 40
3 55 35 62
3 62 45 32
5 62 55 86 72 45
5 40 86 94 62 32
3 62 94 80
3 32 83 40
3 72 86 40
3 59 83 80
3 32 95 38
3 72 92 80
3 55 86 38
3 52 95 59
3 52 92 55
3 2 45 0
5 45 75 15 58 0
3 0 36 58
3 0 59 5
5 45 2 22 15 23
3 31 2 22
5 2 31 5 23 91
3 2 91 13
5 32 58 22 77 45
3 23 45 32
3 77 75 45
3 32 31 83
5 96 31 83 91 34
3 5 96 31
5 36 96 41 59 83
3 83 36 77
3 59 83 91
3 32 58 41
5 58 36 77 75 41
3 36 13 96
3 22 58 15
5 59 5 96 13 91
3 5 15 23
3 59 41 75
3 41 96 34
3 34 77 22
3 23 34 91
3 13 15 75
3 0 78 1
5 0 78 15 49 71
3 0 59 37
3 0 38 71
5 78 19 49 53 1
5 59 69 1 96 19
3 69 53 1
3 1 96 43
3 12 78 19
5 71 53 17 78 12
3 15 78 17
3 31 69 12
5 31 69 95 26 96
5 23 37 31 38 95
3 31 96 37
3 31 17 38
3 23 71 12
3 69 59 95
5 59 95 43 96 37
3 15 23 37
5 17 38 71 23 15
3 53 49 71
3 38 95 43
3 59 49 19
3 19 96 26
3 26 95 23
3 26 53 17
3 43 49 15
3 2 90 7
5 2 37 5 38 90
3 12 50 2
5 50 38 17 22 2
3 22 2 37
5 96 7 90 69 5
3 7 96 25
3 7 17 87
3 69 83 90
5 90 83 37 96 44
3 44 90 38
5 12 50 87 17 68
3 5 69 12
3 12 68 25
3 37 83 32
5 25 96 33 69 83
3 83 85 25
3 38 50 32
5 50 85 22 68 32
3 33 32 68
3 85 87 50
3 69 87 33
3 96 37 5
3 5 38 17
5 68 33 87 85 25
3 22 68 17
3 44 22 85
3 33 96 44
3 0 57 90
5 5 43 97 90 0
3 4 58 0
5 4 0 71 55 97
3 0 5 71
5 44 43 95 57 90
3 32 95 57
3 57 86 55
5 54 95 5 31 90
3 90 44 31
3 54 97 90
3 32 50 31
5 31 44 98 95 32
5 54 98 17 31 50
3 5 31 17
5 32 29 98 86 50
3 29 58 32
5 50 4 17 29 71
3 86 50 4
3 54 71 50
5 29 58 4 86 55
3 44 58 43
3 4 97 17
5 71 5 17 97 54
3 95 5 43
3 29 55 71
3 44 98 86
3 95 54 98
3 29 17 98
3 55 97 43
3 62 94 64
3 29 62 32
3 63 51 62
5 29 62 51 86 42
5 64 94 89 40 33
3 28 64 33
5 63 89 99 64 28
3 42 99 64
3 94 89 70
5 94 70 32 33 98
3 86 98 94
3 14 50 87
3 28 63 14
5 14 63 51 99 42
5 14 87 99 56 28
3 29 14 42
3 33 40 32
3 63 40 89
3 40 86 42
3 50 70 32
5 56 98 87 50 70
3 51 86 50
5 89 70 28 33 87
3 89 87 99
3 70 28 56
3 87 98 33
3 29 56 98
3 51 99 56
3 0 35 1
5 47 0 1 97 92
3 0 72 4
3 0 47 71
5 1 35 65 92 88
5 65 47 9 1 53
3 1 9 88
3 53 97 1
3 63 65 35
3 42 35 55
3 9 63 14
5 14 53 99 84 9
5 65 99 88 9 63
3 9 84 47
3 4 42 14
3 14 71 53
3 51 63 72
5 55 42 4 72 51
3 4 84 97
5 84 97 53 71 47
3 92 47 65
3 51 71 55
3 72 88 92
3 84 99 51
3 53 99 65
3 42 99 88
3 55 92 97
3 0 78 6
3 35 58 0
5 0 6 75 49 35
3 45 71 0
5 14 71 48 11 78
3 15 78 11
3 11 45 21
5 11 45 71 29 15
3 11 48 20
3 8 78 14
5 78 8 49 48 6
5 63 35 8 39 6
3 49 35 8
3 8 39 20
3 62 35 63
5 62 35 58 39 75
5 21 45 62 29 58
3 75 45 62
3 29 62 20
3 21 63 14
3 21 58 39
3 29 71 14
3 48 6 63
3 29 58 15
3 39 6 75
3 48 71 49
3 15 49 75
3 3 11 45
5 3 58 4 72 45
3 3 14 63
3 3 58 39
5 11 45 50 4 22
5 68 14 50 82 11
3 22 68 11
3 18 82 11
3 50 45 32
3 77 45 72
3 14 50 4
3 24 68 14
3 40 58 32
5 32 40 85 77 27
3 63 72 40
5 40 63 27 39 24
5 40 72 77 39 58
3 24 40 85
3 27 68 32
3 82 85 50
3 27 82 63
3 22 4 58
3 18 4 72
5 85 82 27 68 24
3 39 24 18
3 22 85 77
3 39 77 27
3 0 78 4
5 90 0 37 13 101
3 47 90 0
3 0 45 37
5 4 101 74 45 0
3 7 78 13
3 90 31 7
5 90 7 13 91 47
5 31 7 100 91 12
3 84 100 7
3 12 11 78
5 84 74 11 78 4
3 74 45 11
5 11 12 50 84 100
3 11 100 22
5 73 91 37 31 90
3 73 90 101
3 50 45 73
5 22 101 73 45 37
5 22 100 73 50 31
3 73 100 91
3 12 50 31
3 31 37 22
3 47 91 12
3 4 50 84
3 91 37 13
3 4 22 101
3 74 84 47
3 74 101 13
3 0 1 90
3 37 58 0
5 0 58 10 101 72
3 0 6 72
5 96 13 79 90 1
3 1 61 96
3 1 88 10
3 90 83 79
3 90 101 44
3 61 40 83
5 40 88 102 39 61
5 83 61 96 102 79
3 39 6 61
5 40 83 77 102 44
3 40 58 44
3 72 88 40
3 37 83 77
5 58 37 77 101 44
3 96 13 37
3 39 10 58
5 10 88 72 6 39
3 13 6 79
3 72 101 77
3 39 102 77
3 96 102 44
3 88 102 79
3 13 101 10
3 7 16 100
3 96 7 31
3 9 7 79
5 7 96 19 91 79
5 16 68 12 82 100
3 24 16 68
5 16 81 82 9 24
3 19 16 81
3 85 82 100
5 68 31 85 100 34
3 91 34 100
3 12 68 31
3 31 83 85
3 9 24 61
3 61 27 83
5 24 61 27 81 102
3 19 96 61
3 9 82 12
3 12 19 91
5 34 102 85 83 27
3 91 83 79
3 27 68 34
3 85 102 24
3 82 81 27
3 96 34 102
3 79 81 102
3 0 35 57
3 0 37 5
3 0 6 47
5 41 75 80 57 35
5 57 95 41 37 83
3 83 57 80
3 57 95 52
5 6 80 65 35 61
3 41 35 61
3 49 35 65
3 69 83 61
3 6 61 19
3 91 37 83
5 69 5 19 91 47
3 95 5 69
3 65 47 69
5 52 95 5 37 91
3 37 41 75
3 19 49 5
5 49 19 6 47 65
3 75 6 80
3 52 91 47
3 67 41 95
3 67 80 65
3 19 91 67
3 52 75 49
3 60 90 1
5 5 59 47 90 1
3 1 61 9
3 5 53 1
3 65 89 60
3 60 95 33
3 83 90 31
3 47 90 54
3 12 31 5
5 83 31 33 95 70
3 33 87 31
5 61 9 89 65 28
3 61 59 83
3 28 61 33
3 12 9 47
5 87 9 12 28 53
3 89 9 87
3 28 70 12
3 83 89 70
3 59 95 5
3 65 47 59
3 54 95 70
3 53 87 54
3 53 28 65
3 57 95 60
5 80 57 60 104 105
3 73 86 57
5 73 57 95 106 105
5 86 57 62 106 104
3 62 80 57
3 60 89 103
5 103 60 95 67 105
5 67 64 60 89 80
3 60 64 104
5 98 103 73 70 95
3 103 105 73
3 73 70 76
5 73 86 98 106 76
3 64 62 66
5 80 62 64 104 108
5 62 66 86 108 76
3 62 106 76
5 70 89 103 107 67
3 107 98 103
5 64 66 89 108 107
3 64 67 107
5 70 76 107 98 66
3 76 107 108
3 70 89 66
3 89 80 108
3 86 66 98
3 67 70 95
3 108 104 86
3 95 106 98
3 67 105 80
3 106 105 104
3 76 107 20
5 20 76 51 66 29
3 76 23 70
3 76 51 109
5 23 76 109 98 29
5 28 66 99 107 20
3 107 99 93
5 28 70 93 107 26
3 107 26 98
3 20 28 48
5 48 51 99 110 20
3 29 110 20
5 48 71 53 110 111
3 51 71 48
3 54 53 71
5 51 109 110 29 71
3 23 71 29
5 23 111 109 54 71
3 70 28 66
3 29 66 98
3 66 99 51
5 54 98 26 23 70
3 54 70 93
5 99 93 48 28 53
3 26 28 53
3 93 111 48
5 93 54 53 26 111
3 53 110 99
3 54 109 98
3 26 111 23
3 109 111 110
3 60 35 64
3 69 60 89
5 69 59 67 112 60
3 60 92 112
5 63 35 64 113 80
3 67 64 28
3 64 99 113
3 46 35 63
5 49 113 92 46 35
3 59 35 49
3 47 69 59
5 53 112 93 47 69
3 53 28 69
5 46 99 113 48 63
3 80 89 63
3 48 28 63
3 47 92 46
3 53 99 46
5 59 49 112 92 47
3 47 93 48
3 80 59 67
3 89 99 93
3 92 113 80
3 48 113 49
3 49 112 53
3 67 112 93
3 60 64 114
5 69 60 114 96 61
3 44 60 40
3 95 69 60
5 96 44 60 95 41
5 61 24 114 64 28
3 66 64 28
5 24 40 66 64 30
3 41 64 30
3 24 114 87
5 69 28 26 114 87
3 26 114 96
3 32 31 68
3 87 31 69
5 87 98 26 68 31
3 31 44 96
3 40 24 61
3 69 28 61
3 41 96 61
3 32 66 40
5 68 32 66 98 30
3 32 41 95
5 28 66 87 24 68
3 30 68 24
3 26 28 68
3 87 98 66
3 26 98 95
3 30 98 44
3 62 3 20
5 14 3 20 110 42
3 3 71 14
3 3 58 15
5 55 71 3 15 110
5 30 42 66 62 20
3 32 66 62
5 58 32 62 106 30
3 62 55 106
3 20 30 68
3 20 110 56
5 71 14 17 110 56
3 14 17 68
3 14 42 66
3 32 58 38
5 32 38 98 106 23
3 32 68 23
5 55 106 15 58 38
3 42 30 58
3 38 71 55
3 56 71 23
3 17 98 38
5 17 68 23 56 98
3 66 98 56
3 17 15 110
3 15 106 23
3 42 110 55
3 98 106 30
3 7 96 1
5 53 1 7 115 112
3 8 1 53
5 88 1 8 116 115
5 60 1 96 116 112
3 60 88 1
5 7 87 53 26 16
3 16 115 7
3 7 103 87
5 103 7 96 26 112
3 8 24 16
5 8 16 115 99 53
5 88 99 64 8 24
3 64 116 8
5 33 96 102 103 60
3 60 103 112
3 64 60 33
5 64 116 102 88 60
5 16 107 99 87 24
3 26 107 16
5 107 26 33 87 103
3 107 102 103
5 24 102 107 64 33
3 99 107 64
3 33 87 24
3 88 102 24
3 26 96 33
3 99 87 53
3 102 116 96
3 53 112 26
3 88 99 115
3 112 115 116
3 60 64 94
5 60 44 102 105 94
3 88 92 60
3 43 44 60
5 60 92 105 116 43
5 94 64 30 102 108
3 30 64 42
5 42 88 108 113 64
3 64 113 116
3 94 108 86
5 44 86 94 106 30
3 106 105 94
3 86 101 44
3 55 86 42
5 30 117 108 86 42
5 55 106 117 101 86
3 42 88 10
5 10 88 92 113 116
3 88 102 108
5 44 101 105 106 43
3 44 102 30
5 55 42 10 117 113
5 10 101 92 55 43
3 55 113 92
3 92 105 101
3 55 106 43
3 10 117 101
3 10 116 43
3 113 117 108
3 30 117 106
3 116 105 102
3 8 20 16
5 42 8 20 113 99
3 53 8 49
3 8 42 10
5 10 115 113 49 8
5 16 118 99 56 20
3 16 17 118
5 17 53 56 111 16
3 115 111 16
3 29 56 20
5 42 29 20 117 118
3 113 20 117
3 17 53 97
5 49 111 115 97 53
3 56 53 99
3 15 29 17
5 56 29 17 118 109
3 42 55 29
5 29 15 117 109 55
5 111 15 17 97 109
3 99 118 42
5 15 49 55 97 10
3 49 55 113
3 97 109 55
3 10 15 117
3 15 49 111
3 10 115 97
3 109 56 111
3 113 115 99
3 118 117 109
3 7 103 114
5 69 31 7 103 54
5 7 9 69 53 114
3 17 31 7
3 7 9 84
5 54 84 7 17 53
5 69 89 103 114 33
3 89 103 85
5 33 98 103 85 31
3 98 103 54
3 33 114 24
5 99 114 24 9 89
3 53 114 99
3 85 31 50
3 33 69 31
3 14 24 9
3 69 89 9
3 14 50 66
5 50 14 17 118 84
5 66 14 24 118 99
3 14 17 53
5 66 50 85 118 98
3 50 84 54
3 54 69 53
3 85 118 24
3 89 66 99
3 66 98 33
3 84 118 99
3 17 118 98
3 57 94 73
5 44 101 73 57 38
5 94 57 40 44 104
3 57 72 40
5 55 57 72 101 104
3 38 57 55
5 85 73 94 98 44
3 50 85 73
5 98 38 50 73 109
3 101 109 73
5 66 40 85 108 94
3 66 98 94
3 108 94 104
5 108 72 40 42 104
3 40 66 42
3 44 40 85
3 38 50 4
5 51 109 118 4 50
3 50 66 51
3 4 101 72
5 38 4 101 109 55
3 42 118 4
3 72 108 51
3 44 98 38
5 51 108 118 42 66
3 85 118 108
3 51 109 55
3 44 101 104
3 55 104 42
3 109 118 98
3 3 35 63
5 3 75 113 55 35
3 3 75 45
5 63 3 20 113 51
3 29 3 20
3 55 35 57
3 57 45 32
5 45 57 55 106 75
5 41 106 94 57 32
3 80 57 94
3 35 64 41
3 64 94 66
5 80 27 41 64 94
3 64 20 113
3 45 76 51
5 32 45 76 106 29
3 76 94 106
3 20 27 76
3 32 66 29
3 27 41 32
3 66 51 63
3 63 80 27
3 80 113 75
3 55 29 106
3 55 51 113
3 41 106 75
3 76 100 73
5 73 100 119 98 54
3 73 86 101
3 52 54 73
5 73 52 106 119 101
5 98 56 76 100 118
3 51 76 56
5 117 76 51 86 118
3 106 76 117
3 100 118 84
5 54 56 111 100 84
3 100 111 119
3 55 86 51
3 98 86 118
3 84 97 54
3 74 84 51
5 51 84 118 110 56
5 84 97 110 111 74
5 54 97 119 111 52
3 56 98 54
5 55 110 117 74 51
5 52 74 101 97 55
3 55 106 52
3 74 111 52
3 97 110 55
3 101 119 97
3 74 117 101
3 110 56 111
3 98 119 106
3 117 110 118
3 103 100 107
5 91 70 54 103 100
3 79 103 89
3 112 54 103
5 91 67 112 103 79
5 100 82 70 56 107
3 99 56 107
5 81 107 99 89 82
3 67 81 107
3 84 82 100
3 100 111 91
5 48 47 84 115 111
3 47 84 54
3 48 65 47
5 47 54 112 111 91
3 47 91 79
5 79 115 112 65 47
3 70 89 82
5 79 89 65 67 81
3 99 65 89
3 70 91 67
3 56 54 70
5 48 82 84 99 56
3 48 82 81
3 99 115 84
5 65 48 81 115 99
3 48 111 56
3 67 112 65
3 81 115 79
3 115 111 112
3 62 20 64
5 108 51 62 20 117
3 75 80 62
3 51 62 55
5 55 104 117 75 62
5 64 20 81 108 99
3 64 65 99
5 64 65 80 81 116
3 104 116 64
3 48 20 81
3 20 117 110
3 92 80 65
5 80 75 116 104 92
3 80 108 81
3 48 74 51
3 48 65 49
5 48 49 110 115 74
3 51 99 108
5 65 49 116 115 92
5 49 75 74 92 55
3 92 104 55
3 74 115 92
3 55 110 49
3 49 75 116
3 75 117 74
3 110 115 99
3 108 117 104
3 115 116 81
3 103 94 107
5 33 95 94 103 44
3 87 103 54
5 54 95 26 119 103
3 103 44 119
5 33 30 107 94 66
3 56 107 26
5 56 66 87 118 107
3 107 30 118
3 66 86 94
3 95 94 106
5 29 106 109 86 38
3 38 86 44
3 54 95 38
5 106 95 38 44 119
3 29 17 38
5 38 54 109 119 17
3 33 87 66
5 86 66 29 30 118
3 56 29 66
3 26 95 33
3 33 44 30
5 56 26 17 87 54
3 17 87 118
3 109 86 118
3 29 106 30
3 56 109 54
3 26 119 17
3 106 119 109
3 1 114 8
5 1 69 65 112 114
3 1 5 69
5 5 49 112 97 1
3 1 97 46
5 99 65 28 8 114
3 14 28 8
5 110 8 14 46 99
3 8 110 49
3 99 114 87
3 26 112 114
3 14 71 46
3 14 17 87
5 69 5 26 112 54
3 54 69 87
3 69 65 28
3 5 71 49
3 17 5 26
5 97 46 71 49 110
3 46 99 65
3 56 71 54
3 26 56 28
3 54 112 97
3 65 112 49
3 17 110 97
3 99 110 56
3 42 8 35
5 116 8 35 65 113
3 20 28 8
3 116 114 8
3 65 35 60
5 60 35 41 116 104
5 67 94 60 33 41
3 94 104 60
3 60 33 114
5 65 67 116 114 60
3 41 62 35
5 42 104 113 62 35
3 94 62 66
5 30 104 94 62 41
3 62 113 20
3 67 94 107
3 20 107 30
3 107 114 99
5 67 28 33 114 107
3 33 66 28
3 42 66 99
3 30 33 41
3 67 65 28
3 65 113 99
3 67 116 41
3 42 104 30
3 116 113 104
3 60 103 94
5 60 69 83 79 103
3 60 88 40
3 65 69 60
5 80 65 60 88 79
5 83 85 103 94 70
3 87 103 85
5 69 87 103 93 70
3 79 93 103
3 66 94 70
3 80 94 108
3 69 87 9
3 63 9 82
5 99 93 82 9 87
3 79 88 9
3 85 40 83
3 40 66 63
5 63 80 108 88 40
3 70 69 83
3 79 83 80
5 66 63 82 108 99
3 65 80 63
3 66 99 87
3 82 93 70
3 82 108 85
3 99 108 88
3 65 99 93
3 0 5 78
5 46 97 10 78 0
3 0 36 90
3 35 46 0
3 9 78 7
5 7 97 53 5 78
3 90 7 97
3 96 7 114
5 46 9 78 8 53
3 10 78 8
3 8 35 61
5 10 88 46 35 8
5 61 8 114 88 9
3 53 8 114
3 90 69 60
5 60 43 96 36 90
3 43 35 60
3 60 88 114
3 61 69 9
3 61 96 36
3 88 9 46
3 53 5 69
3 10 88 36
3 96 5 43
3 53 97 46
3 10 97 43
3 73 57 90
5 36 90 57 59 37
3 32 57 40
5 80 57 40 36 77
3 59 57 80
3 70 91 73
3 73 77 85
3 69 31 90
3 79 90 36
3 32 37 31
5 70 91 25 31 69
3 31 85 25
3 40 61 36
5 61 40 89 80 27
3 61 59 69
3 25 61 27
3 89 85 40
3 32 70 27
3 69 70 89
3 37 36 77
3 91 37 59
5 27 25 85 89 70
3 79 91 25
3 80 89 79
3 77 80 27
3 60 94 57
3 38 57 32
5 43 38 57 52 106
3 59 52 57
3 33 69 60
3 60 43 112
3 67 94 70
3 98 106 94
3 32 70 23
3 32 33 41
3 69 5 59
3 70 69 54
3 38 43 5
5 5 59 52 112 43
3 23 26 5
3 54 98 38
3 59 67 41
3 33 98 26
3 54 112 52
3 41 106 43
3 52 106 23
3 67 112 26
3 2 78 11
5 71 5 78 2 47
3 50 31 2
3 91 47 2
3 11 23 68
3 11 82 48
3 9 14 78
3 5 78 19
5 31 68 23 70 50
3 31 69 5
3 25 68 31
5 14 9 82 48 28
3 47 9 69
5 69 28 19 25 9
3 82 25 9
3 50 71 14
3 14 68 28
3 82 50 70
3 69 28 70
3 23 5 71
3 48 71 47
3 91 25 19
3 91 70 23
3 48 28 19
3 60 103 90
3 60 40 33
5 36 102 104 60 40
3 60 104 43
5 96 119 103 90 31
3 85 103 102
3 98 103 119
3 31 90 38
3 90 101 36
5 38 90 101 119 43
5 31 38 98 119 22
3 31 85 22
3 31 96 33
3 40 58 36
5 58 30 104 86 40
5 33 30 102 85 40
3 86 40 85
5 104 43 58 36 101
3 96 102 36
5 58 38 86 101 22
3 43 38 58
3 30 58 22
3 86 98 38
5 22 85 86 98 30
3 33 98 30
3 43 119 96
3 22 119 101
3 86 104 101
3 30 102 104
3 7 78 16
3 31 7 87
5 31 5 26 119 7
3 97 119 7
5 14 78 16 110 53
3 16 68 26
5 14 87 118 16 68
3 118 16 110
3 14 4 78
5 15 78 4 97 110
3 15 78 5
3 38 31 5
3 22 68 31
5 4 14 29 110 118
3 14 29 68
3 53 87 14
3 38 97 4
3 22 118 4
5 5 15 119 97 38
3 53 5 26
3 29 98 38
5 68 29 98 118 22
3 98 87 118
3 15 119 22
3 53 97 110
3 29 15 110
3 98 119 26
3 103 114 60
3 60 95 43
3 60 92 65
5 26 114 103 93 67
3 93 103 54
3 105 119 103
3 26 114 53
5 53 114 115 93 65
3 116 115 114
3 52 95 54
5 43 95 52 105 119
3 67 95 26
3 54 53 97
3 49 53 65
3 67 93 65
5 43 49 52 92 97
3 52 105 92
3 97 92 115
3 52 111 49
3 49 116 43
3 43 119 97
3 111 93 115
3 105 116 67
3 111 119 26
3 90 103 73
3 73 50 70
3 73 52 109
5 90 103 112 95 69
3 87 103 98
3 112 103 93
3 47 90 69
5 90 47 52 112 97
3 38 97 90
3 50 71 38
5 71 56 109 84 50
3 87 50 84
3 69 95 70
3 69 87 53
3 47 71 52
3 84 93 47
5 71 38 97 109 52
3 53 71 56
3 95 98 38
3 56 70 93
5 84 93 56 53 87
3 52 112 95
3 97 84 109
3 97 112 53
3 98 56 109
3 8 20 3
5 20 3 21 18 117
3 21 58 3
5 58 10 117 75 3
3 3 75 6
5 20 81 18 24 8
3 61 24 8
5 116 8 61 6 81
3 10 116 8
3 20 81 27
3 30 117 20
5 58 21 77 117 30
3 24 21 18
3 21 77 27
3 36 6 61
5 61 36 102 116 41
3 61 41 27
3 36 10 58
5 36 6 75 116 10
3 77 102 36
3 41 58 30
3 18 81 6
3 24 30 102
5 30 102 77 27 41
3 10 117 18
3 41 116 75
3 75 77 117
3 102 81 116
3 16 114 7
5 7 84 93 111 16
5 7 114 112 93 79
3 84 97 7
3 13 79 7
5 7 97 112 111 13
5 16 114 99 93 81
3 18 16 81
5 18 16 110 99 84
3 110 16 111
3 99 114 88
5 79 88 114 116 81
3 112 116 114
3 18 74 84
3 84 93 99
3 10 88 18
5 18 88 99 113 81
3 79 92 88
5 10 110 113 74 18
5 79 92 112 116 13
3 81 93 79
5 13 10 97 92 74
3 92 97 112
3 92 74 113
3 10 116 13
3 13 111 74
3 10 110 97
3 99 113 110
3 111 112 93
3 116 113 81
3 11 76 20
5 76 11 22 118 109
5 110 20 11 18 118
3 15 22 11
3 18 74 11
5 109 74 11 15 110
5 108 76 20 30 118
3 76 108 77
5 30 106 76 77 22
3 76 106 109
3 20 39 30
5 18 108 113 20 39
3 20 110 113
3 18 39 10
3 77 39 75
5 30 104 108 77 39
5 39 75 113 104 10
3 22 101 77
5 22 15 106 109 101
3 30 118 22
3 108 118 18
5 77 101 104 106 75
5 10 101 74 75 15
3 15 110 10
3 15 106 75
3 101 104 10
3 75 74 113
3 101 74 109
3 108 113 104
3 106 30 104
3 109 118 110
3 2 7 84
5 2 7 119 111 91
3 11 2 22
5 109 84 2 11 111
5 2 73 109 119 22
3 2 73 91
3 16 7 25
5 93 103 7 25 91
3 103 7 119
5 16 118 84 82 11
3 16 11 111
3 76 82 11
3 73 85 103
5 73 91 34 119 103
5 76 34 22 85 73
3 76 109 73
5 82 25 16 107 93
3 107 118 16
5 107 34 25 85 103
3 107 103 93
5 82 85 118 107 76
3 76 107 34
3 82 85 25
3 25 91 34
3 85 22 118
3 84 82 93
3 22 34 119
3 118 109 84
3 93 111 91
3 111 109 119
3 64 107 20
5 42 64 20 39 24
3 64 33 41
5 41 64 104 102 39
3 64 42 104
5 68 24 118 107 20
5 33 68 34 107 98
3 107 118 98
3 34 107 102
3 20 29 68
3 39 117 20
3 41 58 39
5 58 39 117 104 42
5 58 22 117 106 29
3 22 58 44
3 42 29 58
5 41 106 104 44 58
3 24 68 33
3 22 68 34
3 39 24 102
3 42 24 118
5 44 102 34 41 33
3 44 33 98
5 98 44 22 34 106
3 118 117 22
3 98 106 29
3 34 106 41
3 102 104 44
3 106 117 104
3 1 114 60
5 36 1 60 92 79
5 1 9 79 115 114
3 9 46 1
3 10 36 1
5 46 1 10 115 92
5 89 60 114 102 79
3 60 40 89
3 92 104 60
3 24 114 102
3 99 115 114
5 99 46 9 18 115
3 9 24 18
3 9 89 79
3 40 72 36
5 89 108 102 24 40
3 40 24 42
5 10 104 92 72 36
3 79 102 36
5 18 72 46 42 10
3 92 46 72
3 46 99 42
3 18 108 72
5 24 42 99 108 18
3 89 108 99
3 10 115 18
3 92 115 79
3 42 104 10
3 104 102 108
3 0 78 2
5 0 2 101 97 38
3 38 58 0
3 0 72 46
5 84 97 17 78 2
3 2 84 50
3 22 2 101
3 14 17 78
3 10 78 18
3 14 21 50
5 42 14 21 18 118
5 21 22 118 86 50
3 21 22 58
3 72 21 18
3 14 42 46
3 38 50 86
3 10 58 42
3 46 97 84
3 72 86 101
3 17 97 38
3 17 118 22
3 42 118 86
3 84 18 118
3 10 101 97
3 73 103 100
5 83 73 103 44 31
3 77 83 73
3 73 86 50
5 22 77 73 86 44
5 103 87 31 25 100
3 89 87 103
5 83 25 102 103 89
3 102 103 44
3 82 100 25
5 82 100 118 87 50
3 100 118 22
3 25 31 83
3 87 31 50
3 22 44 31
3 24 40 21
5 21 40 86 108 77
3 21 50 82
5 21 82 108 118 24
3 22 77 21
3 83 89 40
3 44 40 86
3 25 102 24
3 24 118 87
3 89 82 108
3 108 118 86
3 102 77 108
3 62 76 45
3 63 66 62
5 63 72 108 113 62
3 62 113 55
5 50 45 76 109 86
3 76 108 82
3 76 109 56
3 50 71 45
5 71 55 109 74 45
3 74 45 72
3 66 50 86
3 82 84 50
3 63 46 72
3 63 82 48
3 46 71 55
5 74 113 55 46 72
3 84 46 99
3 48 56 71
3 86 72 108
3 56 99 66
3 55 109 86
3 84 109 74
3 48 74 113
3 113 108 99
3 0 36 1
3 0 2 47
5 92 57 0 36 101
3 0 57 38
3 1 7 97
3 60 69 1
3 7 31 2
5 47 2 7 97 54
3 73 2 101
3 60 92 57
3 57 83 73
3 7 79 103
3 60 44 103
3 73 103 54
3 83 69 31
3 38 31 44
3 79 83 36
3 54 69 47
3 44 101 36
3 79 92 47
3 38 97 54
3 92 97 101
3 45 57 0
3 0 36 6
3 0 46 4
5 77 45 57 86 101
3 40 86 57
3 80 57 92
3 77 45 21
3 45 74 51
3 21 63 40
5 21 18 108 51 63
3 4 18 21
3 36 88 40
3 63 80 6
3 46 63 51
5 80 6 36 88 92
3 77 101 36
5 51 46 4 18 74
3 4 86 101
3 6 74 18
3 88 92 46
3 51 108 86
3 77 108 80
3 18 108 88
3 92 101 74
3 3 8 78
5 71 3 78 4 46
3 21 63 3
3 29 71 3
5 9 24 8 28 63
3 42 8 24
3 53 8 28
3 9 78 12
3 17 78 4
3 21 50 4
5 50 66 29 68 21
3 21 68 24
3 46 9 63
3 24 87 9
3 50 12 71
3 12 28 68
3 87 50 66
3 63 28 66
3 42 4 46
3 46 53 71
3 29 68 17
3 42 29 66
3 53 87 17
3 1 8 35
5 59 6 36 1 35
3 1 9 69
3 96 36 1
3 39 8 24
3 19 28 8
3 40 63 35
3 35 59 41
3 9 63 6
3 24 9 25
3 40 83 36
5 40 83 27 41 33
3 24 40 33
3 69 59 83
3 27 83 25
3 28 69 33
3 27 63 28
3 39 36 6
3 6 59 19
3 96 25 19
3 41 27 39
3 96 33 41
3 69 1 90
5 90 1 43 112 92
3 43 1 35
3 1 114 88
3 92 57 90
3 40 35 57
5 35 57 92 104 43
3 94 57 95
3 90 103 44
3 89 103 94
3 112 114 103
3 64 35 65
5 40 35 64 104 88
3 94 104 64
3 33 114 64
5 64 114 88 89 65
3 88 40 89
3 44 33 40
3 69 65 89
3 69 33 95
3 43 95 112
3 88 104 92
3 92 65 112
3 43 104 44
3 62 45 57
5 58 37 45 57 38
3 57 83 40
3 38 57 95
5 62 27 21 40 66
3 62 29 66
3 41 27 62
3 50 45 21
3 23 45 37
3 31 83 37
3 50 31 38
3 31 68 33
3 21 58 40
3 27 68 21
3 66 40 33
3 27 83 70
3 70 50 66
3 41 58 37
3 38 58 29
3 23 68 29
3 95 70 23
3 95 33 41
3 57 35 62
3 86 57 38
3 57 92 52
3 62 29 106
3 51 62 113
3 42 35 46
3 43 49 35
3 51 71 46
5 46 42 110 113 51
3 92 97 46
3 38 71 29
3 49 71 52
3 38 97 43
3 51 86 109
3 86 104 42
3 29 42 110
3 92 104 113
3 106 109 52
3 49 110 113
3 109 97 110
3 104 43 106
3 62 94 57
5 77 105 94 57 83
3 57 59 83
3 72 92 57
5 59 57 92 105 75
5 94 62 27 77 108
3 62 27 63
3 75 62 113
3 94 108 89
3 67 105 94
5 83 59 67 105 79
3 79 83 89
3 83 77 27
3 72 6 63
5 65 113 81 6 63
5 89 63 27 81 108
3 65 89 63
5 75 113 92 72 6
3 75 6 59
3 79 6 81
3 72 77 108
3 65 67 59
3 67 81 27
3 92 65 113
3 75 105 77
3 79 105 92
3 108 113 81
3 3 20 11
3 3 63 6
5 6 3 49 113 74
3 49 71 3
5 51 56 20 11 82
3 12 82 11
5 56 71 12 11 111
3 11 111 74
3 20 56 28
3 20 113 81
3 47 71 12
5 19 111 93 47 12
3 12 19 28
3 63 28 65
3 63 51 82
3 47 6 74
3 6 81 19
5 74 111 49 71 47
3 65 47 93
3 56 71 51
5 65 28 19 81 93
3 81 93 82
3 74 113 51
3 49 113 65
3 49 19 111
3 93 111 56
3 73 57 45
3 57 95 59
3 57 92 55
5 45 23 106 109 73
3 73 91 105
3 54 73 109
3 23 45 71
3 74 45 75
3 54 71 47
3 47 91 59
3 47 92 74
3 55 71 49
5 91 105 112 95 59
3 59 75 49
3 54 112 95
3 95 106 23
3 91 111 23
3 112 105 92
3 106 109 55
3 49 111 112
3 109 74 111
3 106 105 75
3 1 78 5
3 1 36 90
3 1 35 46
3 4 78 2
3 90 2 47
3 37 45 2
3 3 6 78
3 3 58 35
5 6 3 35 46 72
3 45 71 3
3 90 57 38
3 59 35 57
3 72 57 45
3 36 58 37
3 36 6 72
3 59 37 5
3 4 58 38
3 72 4 46
3 5 71 38
3 59 6 47
3 46 47 71
3 16 114 8
3 8 39 61
3 8 42 14
5 8 39 18 88 42
5 87 114 16 25 9
3 25 16 68
3 16 118 18
3 87 114 33
5 33 114 102 25 61
3 88 102 114
3 21 68 14
3 21 40 85
5 21 85 118 30 68
3 39 18 21
3 61 9 25
3 61 40 33
3 14 87 9
3 9 88 18
3 42 88 40
3 33 30 68
3 85 102 25
3 85 87 118
3 30 102 39
3 42 118 30
3 3 35 62
3 14 21 3
3 6 48 3
3 51 66 62
3 80 62 27
3 35 61 40
3 65 35 46
3 40 72 21
3 27 82 21
3 9 6 61
3 27 28 61
3 14 9 46
3 89 9 82
3 14 66 28
3 89 40 66
3 80 6 72
3 51 72 46
3 80 89 65
3 65 48 28
3 51 82 48
3 2 100 11
5 31 2 100 119 17
3 2 31 37
5 37 2 101 119 15
3 2 101 4
5 17 68 11 100 118
3 21 11 68
5 21 11 117 118 4
3 15 11 117
3 85 100 118
3 34 119 100
5 44 31 37 34 119
3 31 68 17
3 31 44 85
3 21 4 58
3 21 85 77
3 15 37 58
3 77 37 34
5 58 4 101 117 15
3 30 58 44
3 17 118 4
3 34 68 30
5 34 77 85 44 30
3 17 119 15
3 101 119 44
3 101 117 77
3 117 118 30
3 1 114 7
5 1 61 19 116 114
3 61 36 1
5 13 116 43 1 36
3 5 43 1
5 19 25 7 114 26
3 25 7 31
3 7 13 119
3 33 114 26
3 116 102 114
3 31 37 5
3 33 44 31
3 61 25 19
3 61 41 33
3 36 13 37
3 44 102 36
5 37 13 119 43 5
3 41 34 37
3 5 26 19
3 34 25 102
3 19 116 13
3 41 116 43
3 44 119 43
3 26 119 34
3 79 7 90
5 90 54 112 119 7
5 54 93 100 7 87
3 7 119 100
3 87 7 114
3 60 44 90
5 79 105 112 60 90
3 60 94 89
3 60 114 112
3 73 90 54
5 73 90 44 119 105
3 73 94 105
3 85 100 73
3 98 107 94
5 102 85 89 94 107
3 107 93 100
5 85 100 107 98 87
5 87 114 107 93 89
3 102 114 107
3 87 89 85
3 79 89 93
3 85 102 44
3 54 98 87
3 54 112 93
3 98 119 44
3 102 79 105
3 119 112 105
3 7 90 1
3 46 1 53
3 10 43 1
3 84 115 7
3 7 119 17
3 54 90 38
3 90 92 101
3 84 4 46
5 46 4 10 110 55
3 4 17 38
5 4 84 109 110 17
3 4 10 101
5 46 84 115 110 53
3 46 92 55
3 43 55 38
3 54 84 109
3 53 112 54
3 17 110 53
3 92 115 112
3 110 55 109
3 115 10 110
3 101 109 119
3 112 119 43
3 7 2 78
5 15 78 2 74 111
3 2 91 37
3 74 101 2
5 115 7 78 19 111
3 96 7 119
3 7 79 115
3 6 78 19
5 78 10 115 74 6
3 10 78 15
3 36 37 96
5 36 101 105 75 37
3 79 36 6
5 79 105 116 96 36
3 10 36 101
5 96 119 105 91 37
3 15 75 37
5 115 79 6 19 116
3 74 6 75
3 19 116 96
3 91 111 19
3 79 91 105
3 111 119 15
3 115 10 116
3 111 74 115
3 105 75 116
3 101 119 105
3 7 103 90
3 7 25 9
5 9 47 93 115 7
3 7 115 13
5 83 91 105 103 90
3 89 93 103
3 105 102 103
3 83 90 36
5 90 36 13 105 92
3 92 47 90
3 9 47 6
5 115 88 9 6 81
5 89 9 25 81 93
3 89 9 88
5 105 80 83 36 102
3 83 91 25
3 83 89 80
3 6 36 13
3 88 102 36
5 6 13 115 92 47
3 81 6 80
3 93 47 91
3 81 102 25
5 81 102 88 89 80
3 80 92 105
3 88 92 115
3 91 105 13
3 115 93 81
3 76 107 94
5 77 85 86 94 76
3 76 82 51
3 76 77 117
3 99 118 107
3 81 107 102
3 94 80 89
3 86 104 94
5 80 94 104 102 77
3 51 86 72
5 104 86 72 77 117
5 80 113 104 88 72
3 77 80 72
3 72 88 18
5 117 18 72 51 113
3 85 89 82
3 88 99 89
3 86 118 85
3 85 102 77
5 82 18 118 99 51
3 18 82 81
3 81 113 80
3 102 88 104
3 51 113 99
3 118 18 117
3 113 104 117
3 7 2 100
5 50 2 100 109 54
3 2 4 50
5 4 2 74 109 97
3 74 47 2
3 9 87 7
3 7 97 115
3 82 100 93
3 109 100 118
3 47 9 46
3 18 82 9
3 54 87 50
3 51 82 50
3 97 46 4
3 18 118 4
5 115 74 47 46 97
3 51 46 99
3 47 93 54
3 87 118 99
3 97 109 54
3 51 109 74
3 74 115 18
3 99 93 115
3 17 78 7
3 25 100 7
5 17 7 100 111 26
3 7 114 115
3 18 78 11
5 78 11 111 110 17
3 20 11 68
3 11 111 100
3 19 78 8
5 78 18 115 110 8
3 20 110 8
3 24 114 8
5 81 19 8 114 115
3 81 107 20
5 26 68 25 100 107
3 100 107 118
3 107 114 26
5 25 81 107 114 24
3 25 24 68
3 26 68 17
3 18 118 24
3 81 19 25
3 26 111 19
3 81 115 18
3 110 118 17
3 111 110 115
3 60 90 57
5 52 105 101 90 57
3 72 57 80
3 55 57 52
3 60 104 88
3 60 65 112
3 79 90 47
3 90 101 97
3 47 65 46
3 88 72 46
5 65 113 115 88 46
3 55 97 46
3 47 74 52
3 74 101 72
3 80 65 113
3 80 79 105
3 79 115 88
3 52 105 112
3 55 113 104
3 115 112 97
3 115 74 113
3 105 104 101
3 60 1 35
5 35 1 10 116 49
3 5 96 1
3 1 10 97
3 60 95 112
3 60 104 44
3 35 58 41
5 58 10 104 55 35
3 49 35 55
3 38 58 44
3 15 10 58
3 38 95 5
5 5 95 112 119 96
3 5 49 15
3 55 38 97
3 41 116 96
3 96 119 44
3 41 106 95
3 104 55 106
3 106 15 119
3 116 104 10
3 112 116 49
3 97 112 119
3 8 35 64
3 8 24 14
3 8 110 10
3 64 66 99
3 64 30 104
3 35 58 40
3 46 35 55
3 4 46 14
3 29 66 14
3 24 88 40
3 86 66 40
3 10 58 4
3 29 30 58
3 4 118 86
3 88 46 99
3 24 30 118
3 86 55 104
3 88 104 10
3 29 110 55
3 99 118 110
3 64 114 107
3 64 66 42
3 64 65 113
3 93 107 56
3 107 118 108
3 87 53 114
3 115 114 88
3 51 84 46
3 46 65 53
3 46 88 42
3 87 66 89
3 89 88 108
3 93 65 89
3 56 66 51
3 84 87 118
3 84 115 93
3 53 56 110
3 108 113 51
3 42 110 118
3 115 110 113
3 2 101 90
3 50 45 2
5 109 52 45 2 101
3 2 100 91
3 57 90 83
3 45 57 52
3 86 57 94
3 54 103 90
3 105 94 103
3 100 103 85
3 77 45 76
3 76 70 94
5 85 100 76 70 50
3 76 109 100
3 70 91 83
3 77 85 83
3 50 70 54
3 86 50 85
3 101 109 86
3 52 91 105
3 54 109 52
3 101 77 105
3 11 100 76
3 18 21 11
3 12 11 48
5 51 48 11 18 84
3 70 76 27
5 27 21 85 108 76
3 76 51 108
3 85 100 25
5 25 100 93 70 12
3 93 100 84
3 21 50 85
3 27 63 21
3 9 25 12
3 63 89 9
3 18 9 84
3 50 70 12
3 51 84 50
3 48 51 63
3 27 81 25
3 89 70 93
3 85 108 89
3 48 93 81
3 81 18 108
3 73 100 2
5 23 12 2 100 111
3 12 2 47
3 13 37 2
5 13 111 52 47 2
5 73 100 34 23 70
3 83 73 70
5 83 73 105 34 37
3 73 105 52
3 34 100 25
3 93 100 111
3 19 25 12
3 12 70 23
3 83 37 59
3 25 79 83
5 52 105 13 37 59
3 23 37 34
3 47 52 59
3 79 47 93
3 67 59 19
5 79 93 67 19 25
3 67 93 70
3 19 111 13
3 23 52 111
3 13 105 79
3 67 105 34
3 9 78 1
5 13 115 97 1 78
3 97 1 90
3 96 114 1
3 13 78 2
3 31 90 2
5 13 119 97 90 2
3 2 100 84
3 17 16 78
5 9 84 115 16 78
3 16 25 100
5 84 87 17 16 100
3 16 114 115
3 79 90 103
3 100 119 103
3 87 114 103
5 79 103 114 96 25
3 31 25 96
3 17 87 31
3 9 25 79
3 84 9 87
3 96 119 13
3 84 115 97
3 97 17 119
3 79 115 13
3 16 78 11
3 11 82 21
3 11 117 74
3 16 24 118
3 16 115 81
3 6 78 9
3 4 78 10
3 21 72 4
5 21 39 117 108 72
3 21 39 24
3 88 24 9
3 84 9 82
5 72 4 10 117 74
3 84 4 118
3 72 6 74
3 39 6 81
3 88 108 72
5 88 108 81 39 24
3 81 108 82
3 10 117 39
3 74 115 84
3 10 115 88
3 117 118 108
3 1 10 78
3 61 1 35
3 53 114 1
3 14 78 3
5 3 49 110 10 78
3 35 49 3
3 3 20 39
3 19 16 78
3 20 110 16
3 24 16 114
5 53 114 16 19 28
3 35 64 42
5 61 35 64 116 39
3 28 64 20
3 114 116 64
3 39 24 61
3 61 19 28
3 24 42 14
3 28 53 14
3 10 116 39
3 53 110 49
3 49 116 19
3 42 10 110
3 12 2 78
3 2 45 74
3 22 100 2
3 15 78 3
3 3 21 45
5 3 15 117 74 45
3 48 20 3
3 18 16 78
5 48 111 16 78 12
3 16 68 20
5 16 20 48 82 18
3 16 111 100
3 45 76 23
5 21 22 117 76 45
3 20 117 76
3 82 76 100
5 76 100 22 68 23
3 22 68 21
3 21 18 82
3 23 68 12
3 12 48 82
3 15 22 117
3 48 111 74
3 74 18 117
3 23 111 15
3 73 45 76
3 73 83 85
3 73 105 101
3 34 27 76
3 108 117 76
3 21 72 45
3 37 45 75
5 45 75 117 101 72
3 22 85 21
3 21 39 27
3 37 83 36
3 83 27 80
3 72 36 101
3 39 36 102
3 22 34 37
3 80 72 108
3 102 85 108
5 39 102 108 80 27
3 39 117 75
3 22 117 101
3 80 105 75
3 102 105 34
3 1 8 78
3 1 36 88
3 43 97 1
3 8 39 116
3 8 110 42
3 18 4 78
3 13 15 78
3 36 58 39
5 36 88 104 116 39
3 13 101 36
3 42 4 58
3 43 58 15
5 4 42 110 117 18
3 4 97 101
3 18 39 117
3 88 18 115
3 42 104 88
5 15 43 97 101 13
3 15 110 117
3 116 13 115
3 97 110 115
3 101 104 117
3 116 104 43
3 100 107 16
3 16 24 18
3 16 110 17
3 107 99 108
5 107 30 24 85 108
3 98 30 107
3 85 100 22
5 22 17 98 109 100
3 84 109 100
5 4 22 117 109 86
3 17 22 4
3 42 86 4
3 4 84 18
3 85 24 87
3 30 42 24
3 86 85 108
3 87 99 84
3 17 98 87
3 30 22 117
3 98 109 86
3 108 18 117
3 99 42 110
3 110 117 109
3 73 90 2
3 4 22 2
3 2 74 13
3 73 109 86
3 77 105 73
3 36 90 44
3 90 97 92
3 72 36 77
5 36 44 104 105 77
3 10 36 13
3 4 72 86
3 10 97 4
3 72 92 74
3 22 119 44
3 77 117 22
3 86 44 104
3 104 92 105
3 119 13 105
3 117 10 104
3 97 109 119
3 117 109 74
3 7 100 103
3 13 96 7
3 17 97 7
5 34 26 98 103 100
3 44 103 98
5 96 34 105 103 44
3 103 105 112
3 22 100 34
3 109 100 111
3 44 96 43
5 96 13 105 112 43
3 34 26 96
3 17 22 15
3 22 44 101
3 17 98 26
3 13 111 15
3 43 106 15
3 101 105 13
3 109 97 101
3 97 112 43
3 98 109 106
3 106 105 34
3 111 112 26
3 103 107 114
3 85 103 44
3 103 105 79
3 107 81 108
3 30 34 107
3 24 88 114
3 114 116 96
3 39 36 77
3 36 96 44
3 36 88 79
3 25 85 24
3 30 39 24
3 34 96 25
3 81 79 25
3 85 77 108
3 81 116 39
3 108 104 88
3 44 104 30
3 77 105 34
3 105 116 104
3 20 16 107
3 19 25 16
5 16 19 48 93 115
3 16 115 18
5 27 20 107 108 82
3 67 93 107
5 27 25 102 107 67
3 107 102 108
3 20 27 39
3 20 113 48
5 39 116 113 80 6
3 6 39 18
3 79 80 6
3 19 6 48
5 48 6 18 115 113
3 27 82 25
3 79 102 25
3 67 27 80
3 93 48 82
3 82 18 108
3 39 116 102
5 102 79 80 67 116
3 80 113 108
3 19 116 67
3 93 115 79
3 116 113 115
3 2 45 11
3 84 47 2
3 2 101 13
5 45 11 117 109 51
3 11 111 48
3 18 117 11
3 45 72 51
3 52 45 75
3 48 6 47
3 6 72 18
3 13 6 75
3 47 92 52
3 92 101 72
3 51 109 84
3 18 115 84
3 48 51 113
5 52 75 13 101 92
3 113 92 115
3 109 52 111
3 111 13 115
3 113 75 117
3 117 109 101
3 16 81 20
5 26 56 93 100 16
3 16 118 100
3 16 114 26
3 94 103 98
5 34 67 94 103 102
3 103 100 93
3 103 114 102
3 64 94 67
3 30 64 20
3 64 99 114
5 81 67 64 114 102
3 94 108 76
5 94 76 34 30 98
3 20 56 76
3 76 100 34
3 93 99 56
3 56 98 26
3 118 108 99
3 81 93 67
3 26 67 34
3 81 108 102
3 30 118 98
3 34 30 102
3 73 94 103
5 77 34 106 94 73
3 73 91 52
3 77 101 73
3 102 103 79
3 112 119 103
3 67 94 80
3 106 94 104
3 75 77 80
3 79 92 80
3 13 91 79
5 91 52 112 119 13
3 67 91 34
3 77 34 102
3 52 112 92
3 101 92 104
3 52 106 75
3 75 116 13
3 101 119 13
3 67 116 112
3 106 34 119
3 116 104 102
3 11 45 23
3 20 117 11
3 11 82 100
5 23 56 109 100 11
3 77 45 73
3 70 94 73
3 73 100 109
3 51 45 62
5 45 77 117 106 62
3 62 106 94
3 27 62 20
3 108 94 107
5 34 107 94 70 27
3 20 107 56
3 100 107 34
3 70 27 82
3 56 23 70
3 34 77 27
3 82 108 51
3 51 56 109
3 117 77 108
3 34 106 23
3 117 106 109
3 11 45 76
5 56 76 11 68 29
3 11 68 12
3 11 111 15
3 70 76 56
3 76 34 106
3 37 45 32
5 15 106 52 45 37
3 52 45 71
3 12 71 5
5 12 5 26 111 91
3 12 70 91
5 37 34 106 95 32
3 32 29 68
3 32 95 70
3 5 37 15
3 91 37 34
5 15 111 52 71 5
3 26 5 95
3 29 56 71
3 34 68 26
5 34 91 70 95 26
3 52 106 95
3 29 106 15
3 52 111 91
3 26 56 111
3 94 107 64
5 28 27 81 107 64
3 64 28 65
3 64 116 41
3 93 81 107
3 26 107 34
3 95 70 94
5 95 41 34 105 94
3 94 105 80
3 59 95 41
3 65 80 59
5 105 80 59 41 116
3 19 91 59
5 59 19 116 112 65
3 27 28 70
3 93 91 70
3 81 27 80
3 27 41 34
3 28 19 26
3 26 112 95
5 93 91 19 26 112
3 91 105 34
3 93 65 112
3 81 19 116
3 112 105 116
3 45 62 3
5 39 117 113 62 3
3 3 39 6
3 3 49 15
3 62 113 80
3 62 106 41
3 37 45 77
3 52 74 45
3 41 59 37
5 106 41 37 77 105
3 13 37 15
3 80 6 59
5 49 116 13 6 59
3 6 74 13
3 49 59 52
3 41 116 39
3 77 117 39
3 80 105 77
5 52 74 13 15 49
3 106 105 52
3 106 15 117
3 116 105 13
3 49 116 113
3 117 113 74
3 8 78 16
5 81 16 8 28 48
3 61 8 28
3 49 116 8
3 25 81 16
3 16 111 26
3 12 5 78
5 13 111 49 5 78
3 6 78 13
3 59 6 61
5 96 61 59 67 116
3 61 96 25
3 25 91 12
3 28 48 12
3 49 59 5
3 5 26 96
3 81 6 48
3 91 67 59
5 26 67 91 25 96
3 28 67 26
3 13 116 96
3 48 111 49
3 91 111 13
3 81 67 116
3 11 78 3
5 3 11 117 110 29
3 3 58 29
3 49 75 3
3 11 117 22
3 23 111 11
3 17 78 5
3 10 78 13
3 22 58 37
5 58 37 75 106 43
3 23 5 37
5 23 37 22 119 106
3 37 13 75
3 10 58 43
5 5 17 119 111 23
3 5 43 49
3 22 119 17
3 29 17 110
3 23 106 29
5 10 13 75 49 43
3 119 13 111
3 117 110 10
3 110 49 111
3 117 75 106
3 106 119 43
3 64 35 62
5 39 30 64 62 27
3 32 62 27
3 62 75 106
3 33 30 64
3 67 116 64
3 61 59 35
3 43 58 35
5 43 35 59 75 116
3 61 27 39
3 61 96 33
3 32 58 37
3 32 33 95
3 75 59 37
3 96 37 34
3 39 58 30
3 95 67 59
3 34 67 27
5 67 95 33 96 34
3 75 116 39
3 96 43 116
3 95 43 106
3 30 34 106
3 64 114 8
5 39 8 64 113 81
3 10 8 39
3 19 49 8
3 41 67 64
3 104 113 64
3 96 102 114
5 67 19 96 114 112
3 112 115 114
3 39 41 75
3 39 102 81
3 19 96 13
3 43 96 41
5 67 105 102 96 41
5 19 49 112 115 13
3 67 81 19
5 43 104 105 75 41
3 13 115 10
3 75 13 105
3 43 104 10
3 49 113 75
3 49 43 112
3 67 105 112
3 105 104 102
3 115 113 81
3 76 94 62
5 30 117 76 62 29
3 29 62 55
3 62 41 75
3 34 76 23
3 76 117 109
3 95 98 94
3 104 94 105
3 43 95 41
3 23 52 95
5 23 95 98 119 34
3 29 23 15
3 30 98 29
3 34 41 30
5 23 52 109 119 15
5 52 75 15 43 55
3 55 109 52
3 75 105 52
3 55 43 104
3 15 117 75
3 15 119 43
3 109 119 98
3 119 34 105
3 117 104 30
3 107 114 16
5 68 16 107 56 28
3 16 68 17
3 19 111 16
3 98 107 56
3 67 34 107
3 33 114 96
3 53 114 112
3 19 96 5
3 5 95 23
5 5 19 111 112 53
3 5 17 53
3 33 68 28
3 34 23 68
3 98 95 33
3 53 28 56
3 67 28 19
3 96 119 34
3 67 112 95
3 17 119 98
3 23 56 111
3 111 112 119
3 3 8 35
5 3 48 113 110 8
3 3 71 48
3 3 75 15
3 53 110 8
3 8 116 19
3 59 35 65
3 35 55 43
3 5 71 53
3 19 59 5
3 15 5 43
3 52 55 71
3 75 52 59
3 48 113 65
3 19 111 48
3 53 112 65
3 111 112 52
3 110 113 55
3 110 15 111
3 116 75 113
3 116 43 112
3 76 107 100
5 27 76 107 30 68
3 77 27 76
3 76 106 23
3 26 107 67
3 102 30 107
3 91 25 100
3 22 119 100
5 100 91 23 26 119
3 41 96 37
3 37 77 22
3 37 91 23
3 25 68 27
3 30 68 22
3 23 68 26
3 96 102 25
3 67 41 27
3 26 96 119
3 91 105 67
3 30 41 106
3 102 77 105
3 106 105 119
3 11 100 16
5 56 48 11 16 110
3 74 48 11
3 11 15 23
3 16 26 19
3 115 110 16
3 93 100 91
3 119 100 109
3 49 19 48
3 48 56 93
3 13 91 19
3 52 91 23
3 23 56 26
3 49 112 52
3 74 109 52
3 13 119 15
3 49 110 15
3 13 115 74
3 110 109 56
3 112 93 115
3 26 119 112
3 11 48 3
3 8 39 3
3 3 62 29
3 11 68 16
3 76 117 11
3 16 110 8
3 64 28 8
3 64 113 62
3 62 27 76
3 81 107 16
3 64 30 107
3 56 107 76
3 27 68 28
3 30 29 68
3 39 27 81
3 48 28 56
3 30 117 39
3 48 113 81
3 29 56 110
3 113 110 117
4 0 2 7 1
4 0 37 96 1
4 2 37 96 7
4 12 25 96 5
4 12 25 34 23
4 34 96 5 23
4 31 96 41 32
4 38 31 96 43
4 38 32 41 43
4 12 69 95 23
4 12 47 52 23
4 52 95 69 47
4 0 1 60 57
4 0 5 95 57
4 1 60 95 5
4 59 61 33 95
4 33 61 19 26
4 59 19 26 95
4 2 73 57 0
4 2 0 59 91
4 59 57 73 91
4 61 83 91 19
4 13 36 61 19
4 36 83 91 13
4 37 32 70 91
4 32 70 67 41
4 41 37 91 67
4 32 83 90 38
4 70 54 90 83
4 38 54 70 32
4 31 12 47 90
4 25 31 90 79
4 12 25 79 47
4 61 36 90 69
4 33 44 90 69
4 36 61 33 44
4 12 48 74 2
4 2 50 51 74
4 12 48 51 50
4 45 51 66 32
4 51 45 23 56
4 32 66 56 23
4 0 72 51 71
4 0 72 86 38
4 71 38 86 51
4 21 11 23 32
4 11 21 58 15
4 32 58 15 23
4 11 3 62 76
4 63 3 11 82
4 62 76 82 63
4 45 11 78 0
4 0 78 18 72
4 11 45 72 18
4 3 29 38 0
4 78 0 38 17
4 3 29 17 78
4 62 29 14 63
4 55 62 63 46
4 14 46 55 29
4 48 20 68 12
4 20 29 71 48
4 12 71 29 68
4 12 2 4 14
4 2 12 68 22
4 14 68 22 4
4 50 32 58 4
4 66 42 58 32
4 42 66 50 4
4 4 46 63 21
4 21 4 84 82
4 63 82 84 46
4 35 0 90 60
4 0 90 44 58
4 60 35 58 44
4 57 62 64 60
4 60 33 32 57
4 64 33 32 62
4 40 60 65 63
4 60 92 72 40
4 65 92 72 63
4 62 32 83 80
4 32 62 75 37
4 80 75 37 83
4 69 95 94 89
4 94 80 59 95
4 69 59 80 89
4 6 80 57 0
4 6 0 90 79
4 90 79 80 57
4 6 39 58 0
4 58 41 59 0
4 41 59 6 39
4 61 41 43 1
4 1 43 95 69
4 61 69 95 41
4 35 63 27 41
4 35 65 67 41
4 65 67 27 63
4 63 72 36 61
4 61 27 77 36
4 77 27 63 72
4 32 40 36 37
4 36 96 33 40
4 32 33 96 37
4 83 69 1 36
4 1 88 89 69
4 89 83 36 88
4 0 6 18 4
4 4 0 47 84
4 47 6 18 84
4 1 61 39 10
4 1 9 18 10
4 18 39 61 9
4 82 18 78 12
4 78 18 81 19
4 19 12 82 81
4 3 0 47 48
4 35 65 47 0
4 35 65 48 3
4 48 11 21 63
4 21 72 74 11
4 74 48 63 72
4 61 28 20 39
4 48 6 39 20
4 61 6 48 28
4 14 12 19 8
4 8 49 71 14
4 71 12 19 49
4 35 8 78 0
4 0 35 42 4
4 42 4 78 8
4 11 16 8 3
4 8 24 21 3
4 11 16 24 21
4 61 1 46 63
4 61 28 53 1
4 63 46 53 28
4 14 21 72 46
4 21 72 88 24
4 14 24 88 46
4 9 46 71 12
4 51 82 9 46
4 51 82 12 71
4 60 57 73 103
4 60 57 52 112
4 52 112 103 73
4 95 52 109 98
4 26 95 52 111
4 98 109 111 26
4 53 49 59 69
4 59 52 54 69
4 53 49 52 54
4 38 5 96 44
4 26 5 38 98
4 44 96 26 98
4 71 55 43 5
4 5 23 106 43
4 71 23 106 55
4 1 7 103 60
4 1 43 119 7
4 103 60 43 119
4 106 55 92 105
4 92 97 119 105
4 97 119 106 55
4 15 49 53 17
4 17 53 112 119
4 49 15 119 112
4 31 90 97 17
4 53 97 90 69
4 17 53 69 31
4 90 44 98 54
4 54 109 101 90
4 44 101 109 98
4 71 38 90 47
4 90 38 55 92
4 92 47 71 55
4 94 80 75 106
4 59 75 106 95
4 59 5 38 57
4 57 55 49 59
4 5 49 55 38
4 73 54 69 83
4 73 52 59 83
4 73 54 97 101
4 73 54 112 105
4 101 97 112 105
4 67 91 47 65
4 47 91 105 92
4 67 105 92 65
4 55 104 105 52
4 49 116 105 52
4 49 116 104 55
4 60 94 106 43
4 106 119 103 94
4 54 69 1 97
4 54 95 43 97
4 35 65 112 43
4 43 112 67 41
4 90 44 104 92
4 44 38 55 104
4 65 60 90 47
4 94 57 90 103
4 80 79 103 94
4 40 42 55 57
4 32 57 55 29
4 32 29 42 40
4 46 0 36 88
4 0 58 42 46
4 58 42 88 36
4 42 24 61 35
4 35 42 30 41
4 24 61 41 30
4 3 0 36 39
4 36 77 45 0
4 39 3 45 77
4 8 39 21 14
4 8 10 4 14
4 4 10 39 21
4 27 32 29 20
4 20 39 58 29
4 32 58 39 27
4 62 63 61 41
4 63 62 75 6
4 41 75 6 61
4 0 45 62 35
4 0 46 51 45
4 51 46 35 62
4 3 62 64 8
4 3 14 66 62
4 64 8 14 66
4 32 21 72 57
4 32 57 80 27
4 21 27 80 72
4 14 4 72 63
4 14 4 86 66
4 66 63 72 86
4 61 6 72 40
4 61 6 18 24
4 18 24 40 72
4 4 22 37 0
4 4 0 5 17
4 22 17 5 37
4 32 68 17 38
4 68 32 95 26
4 17 38 95 26
4 45 52 95 32
4 45 50 54 52
4 32 50 54 95
4 0 47 54 38
4 4 84 54 38
4 14 87 54 71
4 29 14 87 98
4 71 29 98 54
4 12 2 73 70
4 12 69 90 2
4 69 90 73 70
4 11 2 31 68
4 2 31 32 45
4 32 68 11 45
4 7 87 50 2
4 14 78 2 50
4 78 14 87 7
4 0 37 91 47
4 0 71 23 37
4 71 47 91 23
4 14 29 15 78
4 12 23 15 78
4 14 29 23 12
4 70 23 5 69
4 56 70 69 53
4 53 56 23 5
4 41 32 66 64
4 64 67 70 66
4 64 28 14 42
4 28 68 30 64
4 68 30 42 14
4 64 65 69 33
4 64 33 87 99
4 87 69 65 99
4 61 83 85 24
4 61 24 87 69
4 85 87 69 83
4 21 24 33 32
4 21 32 41 39
4 24 39 41 33
4 60 114 8 35
4 35 8 24 40
4 60 114 24 40
4 14 9 25 68
4 27 63 9 25
4 14 68 27 63
4 28 69 83 27
4 80 65 69 83
4 80 27 28 65
4 8 35 62 20
4 20 8 61 27
4 35 61 27 62
4 82 21 40 89
4 21 32 70 82
4 32 40 89 70
4 35 60 94 62
4 63 35 60 89
4 89 63 62 94
4 14 66 89 9
4 88 9 14 42
4 89 66 42 88
4 87 24 102 103
4 98 30 102 103
4 24 87 98 30
4 24 114 53 14
4 24 68 26 114
4 68 14 53 26
4 88 9 69 60
4 24 33 60 88
4 33 24 9 69
4 65 99 107 67
4 53 26 107 99
4 65 67 26 53
4 94 107 114 60
4 60 94 108 88
4 107 114 88 108
4 16 107 64 8
4 8 42 118 16
4 64 42 118 107
4 64 28 69 60
4 60 69 70 94
4 70 94 64 28
4 40 61 8 42
4 66 42 8 28
4 40 66 28 61
4 28 20 30 33
4 20 56 98 30
4 28 56 98 33
4 89 103 98 66
4 56 93 103 98
4 56 93 89 66
4 63 89 87 14
4 53 65 63 14
4 53 87 89 65
4 42 99 89 40
4 40 42 118 85
4 99 89 85 118
4 37 91 79 36
4 102 36 37 34
4 79 102 34 91
4 13 10 58 37
4 41 116 13 37
4 41 116 10 58
4 10 116 112 97
4 101 105 116 10
4 15 75 77 22
4 77 105 119 22
4 15 119 105 75
4 2 7 103 73
4 2 13 105 73
4 13 105 103 7
4 15 22 31 5
4 31 44 43 5
4 22 44 43 15
4 34 106 43 96
4 96 43 104 102
4 102 104 106 34
4 90 79 102 44
4 79 92 104 102
4 38 58 36 90
4 10 97 90 36
4 10 97 38 58
4 31 22 101 90
4 77 101 90 83
4 31 83 77 22
4 73 50 87 103
4 50 66 94 73
4 87 103 94 66
4 82 89 94 76
4 27 83 31 68
4 68 31 69 28
4 73 50 21 77
4 77 27 70 73
4 27 70 50 21
4 67 95 57 80
4 32 95 67 27
4 40 85 25 61
4 61 63 82 25
4 63 40 85 82
4 31 44 60 69
4 89 60 44 85
4 31 69 89 85
4 86 57 83 85
4 57 86 108 80
4 83 80 108 85
4 21 50 87 24
4 32 33 87 50
4 40 33 95 57
4 86 98 95 57
4 40 33 98 86
4 33 41 62 66
4 63 61 33 66
4 63 51 84 9
4 6 74 84 9
4 51 63 6 74
4 2 84 46 0
4 7 1 46 84
4 69 87 84 47
4 47 84 99 65
4 14 78 6 63
4 28 19 78 14
4 28 19 6 63
4 9 78 5 69
4 78 9 87 17
4 17 87 69 5
4 50 4 78 12
4 18 4 50 82
4 0 1 8 3
4 1 0 71 53
4 3 71 53 8
4 51 63 28 56
4 53 46 51 56
4 14 53 54 50
4 14 4 97 53
4 50 4 97 54
4 48 65 69 12
4 5 49 48 12
4 49 5 69 65
4 50 82 48 71
4 54 93 82 50
4 48 71 54 93
4 0 2 11 3
4 47 2 11 48
4 84 50 31 7
4 31 38 97 7
4 97 38 50 84
4 57 73 109 55
4 90 57 55 97
4 90 73 109 97
4 37 45 50 31
4 71 5 37 45
4 50 31 5 71
4 5 53 46 0
4 17 53 46 4
4 47 2 4 46
4 92 47 2 101
4 92 101 4 46
4 2 78 1 90
4 69 1 78 12
4 74 45 50 84
4 52 54 84 74
4 46 71 52 92
4 53 46 92 112
4 71 53 112 52
4 52 57 83 91
4 23 52 57 32
4 23 91 83 32
4 52 55 35 59
4 35 55 106 41
4 59 52 106 41
4 69 60 92 47
4 92 60 95 52
4 43 5 69 60
4 43 95 32 58
4 43 95 23 15
4 38 43 49 71
4 54 112 49 71
4 38 54 112 43
4 0 37 41 35
4 41 96 1 35
4 2 47 69 31
4 47 2 37 59
4 69 59 37 31
4 71 49 75 45
4 49 75 37 5
4 32 83 36 58
4 0 90 73 45
4 0 90 54 71
4 73 45 71 54
4 35 1 90 57
4 55 97 1 35
4 8 53 69 61
4 8 61 59 49
4 57 52 49 35
4 35 49 112 60
4 49 65 63 3
4 63 80 75 3
4 49 75 80 65
4 9 79 80 63
4 79 92 46 9
4 63 80 92 46
4 90 69 65 92
4 65 53 97 92
4 47 48 113 92
4 71 55 113 48
4 1 88 72 0
4 60 57 72 88
4 3 35 1 78
4 9 1 35 63
4 3 78 9 63
4 46 1 5 71
4 46 55 43 1
4 47 6 36 90
4 69 61 6 47
4 0 5 19 6
4 0 71 48 6
4 19 5 71 48
4 59 57 72 6
4 72 57 52 74
4 6 74 52 59
4 20 56 70 27
4 32 70 56 29
4 69 54 98 33
4 56 28 69 54
4 48 63 89 93
4 63 48 56 66
4 32 31 25 27
4 82 25 31 50
4 50 32 27 82
4 12 82 76 23
4 51 76 23 71
4 69 9 82 70
4 54 69 9 84
4 70 54 84 82
4 12 9 24 68
4 69 33 68 12
4 23 68 14 71
4 23 71 53 26
4 68 11 48 28
4 63 21 68 28
4 21 85 87 14
4 21 63 89 85
4 31 87 66 32
4 32 31 17 29
4 17 87 66 29
4 71 53 87 50
4 87 50 51 99
4 51 71 53 99
4 38 97 92 57
4 95 112 92 57
4 112 95 38 97
4 70 67 105 73
4 70 67 112 54
4 26 23 52 112
4 92 57 83 79
4 79 91 52 92
4 59 65 93 91
4 49 111 91 59
4 65 93 111 49
4 38 57 83 31
4 83 31 5 59
4 60 43 49 65
4 12 70 95 5
4 70 12 19 67
4 5 95 67 19
4 54 53 1 90
4 60 103 93 65
4 47 90 103 93
4 27 76 51 63
4 51 72 77 76
4 45 76 20 3
4 56 71 3 20
4 76 45 71 56
4 73 57 62 76
4 62 76 109 55
4 3 21 50 71
4 3 71 38 58
4 50 38 58 21
4 57 40 85 73
4 40 21 45 57
4 45 21 85 73
4 70 23 11 82
4 94 66 29 106
4 94 106 23 70
4 29 66 70 23
4 27 62 29 68
4 38 98 56 71
4 51 86 98 56
4 94 86 50 70
4 94 70 82 108
4 50 86 108 82
4 35 61 96 43
4 40 35 43 44
4 40 44 96 61
4 36 44 38 0
4 36 72 86 44
4 85 44 58 21
4 21 85 102 39
4 58 44 102 39
4 57 62 27 83
4 83 57 35 61
4 32 57 90 31
4 33 31 90 60
4 37 77 72 0
4 0 72 80 59
4 80 77 37 59
4 27 34 96 61
4 34 96 36 77
4 39 75 45 21
4 41 75 45 32
4 33 41 37 31
4 31 22 30 33
4 30 41 37 22
4 0 59 95 38
4 95 41 58 38
4 16 68 21 18
4 16 68 27 81
4 21 18 81 27
4 16 17 31 25
4 16 25 85 118
4 17 31 85 118
4 19 61 24 16
4 16 26 33 24
4 21 14 28 27
4 14 28 70 50
4 68 17 53 28
4 20 8 78 11
4 11 20 28 12
4 12 28 8 78
4 31 12 82 85
4 12 82 89 69
4 7 100 11 78
4 9 82 100 7
4 78 11 82 9
4 61 63 48 19
4 25 19 48 82
4 61 33 87 9
4 66 87 9 63
4 84 50 21 18
4 87 84 18 24
4 78 7 114 8
4 14 87 114 8
4 78 7 90 0
4 78 6 79 7
4 7 17 14 9
4 7 97 46 9
4 14 17 97 46
4 1 8 16 7
4 7 25 61 1
4 16 8 61 25
4 31 87 114 96
4 53 114 96 5
4 53 87 31 5
4 13 96 31 2
4 2 13 19 12
4 12 31 96 19
4 26 17 78 19
4 14 17 26 28
4 14 12 47 46
4 14 28 65 46
4 12 47 65 28
4 61 59 47 9
4 61 59 91 25
4 47 9 25 91
4 31 87 84 2
4 87 89 79 7
4 87 99 115 7
4 89 99 115 79
4 102 114 99 108
4 113 116 114 99
4 102 116 113 108
4 88 99 53 1
4 1 53 110 10
4 99 88 10 110
4 25 19 8 24
4 24 102 116 8
4 19 116 102 25
4 7 79 81 16
4 16 78 6 81
4 84 93 107 118
4 18 118 107 81
4 18 84 93 81
4 10 110 20 39
4 20 81 115 110
4 39 81 115 10
4 88 102 25 9
4 88 9 82 108
4 82 108 102 25
4 46 9 24 42
4 9 84 118 24
4 46 42 118 84
4 90 7 100 73
4 25 7 90 83
4 83 25 100 73
4 76 107 103 73
4 73 77 102 103
4 76 107 102 77
4 73 54 87 85
4 85 118 109 73
4 87 118 109 54
4 22 118 87 31
4 30 118 87 33
4 2 101 44 31
4 2 101 86 50
4 50 86 44 31
4 77 85 31 37
4 96 31 85 102
4 77 102 96 37
4 25 7 17 68
4 25 34 119 7
4 17 68 34 119
4 30 118 100 34
4 100 109 106 34
4 109 106 30 118
4 22 2 91 34
4 101 2 91 105
4 22 101 105 34
4 44 98 107 102
4 26 107 102 96
4 94 105 101 86
4 98 119 105 94
4 86 101 119 98
4 17 98 103 7
4 7 90 38 17
4 38 98 103 90
4 89 60 104 108
4 44 104 108 85
4 94 98 118 108
4 94 106 117 108
4 98 118 117 106
4 55 113 80 57
4 55 113 108 86
4 44 60 64 30
4 58 30 64 35
4 99 42 30 107
4 88 102 107 99
4 42 30 102 88
4 55 29 20 113
4 30 104 113 20
4 55 29 30 104
4 62 106 98 66
4 33 41 106 98
4 64 62 76 107
4 62 64 99 51
4 51 99 107 76
4 51 66 40 72
4 88 40 66 99
4 51 72 88 99
4 86 118 24 40
4 24 33 98 118
4 30 106 55 42
4 55 42 118 109
4 4 118 98 38
4 54 98 118 84
4 94 107 100 73
4 100 73 86 118
4 86 118 107 94
4 55 106 76 51
4 76 56 99 108
4 76 117 110 56
4 99 108 117 110
4 76 70 54 109
4 82 76 109 84
4 29 38 54 56
4 29 66 99 110
4 17 110 99 87
4 20 62 94 107
4 62 29 98 94
4 20 107 98 29
4 45 62 94 73
4 45 62 66 50
4 42 14 50 86
4 42 14 71 55
4 86 50 71 55
4 50 85 108 51
4 85 87 99 108
4 47 59 35 46
4 46 47 52 55
4 9 47 92 88
4 74 113 65 47
4 84 74 113 99
4 1 8 110 97
4 35 8 110 55
4 46 1 114 99
4 84 7 114 99
4 60 43 10 88
4 88 115 112 60
4 10 115 112 43
4 115 92 52 111
4 55 110 115 92
4 55 110 111 52
4 90 79 93 54
4 90 97 115 79
4 54 93 115 97
4 49 116 114 53
4 49 113 99 53
4 49 112 93 48
4 43 35 46 97
4 46 65 112 97
4 80 67 112 92
4 60 89 93 112
4 88 89 93 115
4 54 103 79 47
4 54 103 105 52
4 52 105 79 47
4 7 97 92 79
4 9 61 35 46
4 89 65 59 83
4 89 93 91 83
4 114 1 90 103
4 114 53 54 103
4 77 36 90 73
4 90 103 102 36
4 76 70 83 77
4 70 89 108 76
4 77 108 89 83
4 50 85 77 45
4 31 50 66 33
4 33 44 86 66
4 21 40 44 22
4 22 101 72 21
4 44 101 72 40
4 98 38 57 94
4 72 80 94 86
4 80 105 101 72
4 40 60 95 32
4 60 95 70 89
4 65 112 103 89
4 53 87 103 112
4 53 28 70 54
4 89 9 7 103
4 82 100 103 89
4 99 46 47 93
4 46 99 56 71
4 47 93 56 71
4 2 50 70 91
4 84 2 91 93
4 70 93 84 50
4 48 82 89 65
4 9 12 5 1
4 76 45 57 94
4 57 94 108 72
4 72 108 76 45
4 51 108 88 46
4 46 88 104 55
4 108 51 55 104
4 4 18 108 86
4 35 3 45 57
4 35 40 21 3
4 63 21 77 80
4 77 85 89 80
4 80 89 66 62
4 62 113 99 66
4 99 113 80 89
4 51 62 32 50
4 62 27 82 51
4 94 57 35 64
4 57 35 42 86
4 86 42 64 94
4 76 27 28 56
4 25 82 76 34
4 87 89 83 31
4 32 66 89 83
4 14 66 70 12
4 40 33 68 21
4 33 40 63 28
4 77 27 68 22
4 20 62 45 11
4 20 62 32 68
4 14 24 25 12
4 24 85 50 14
4 12 25 85 50
4 73 100 11 45
4 11 21 85 100
4 63 51 86 40
4 82 51 86 85
4 78 9 79 13
4 12 78 13 91
4 9 79 91 12
4 0 36 79 47
4 46 88 79 47
4 63 89 79 6
4 48 6 79 93
4 8 28 69 1
4 83 61 1 90
4 1 9 89 60
4 46 0 59 65
4 65 53 5 59
4 12 91 67 28
4 83 90 92 80
4 19 49 35 61
4 48 63 35 49
4 19 25 83 59
4 80 83 25 81
4 59 80 81 19
4 5 96 36 0
4 96 19 6 36
4 73 101 4 50
4 21 77 101 4
4 2 73 76 11
4 11 12 70 76
4 12 31 22 11
4 12 5 15 11
4 85 100 91 83
4 37 91 100 22
4 37 83 85 22
4 0 58 22 2
4 22 2 90 44
4 21 32 38 4
4 4 21 68 17
4 12 5 38 50
4 50 38 95 70
4 38 86 85 31
4 58 0 71 29
4 29 23 37 58
4 23 68 21 45
4 34 77 45 23
4 21 77 34 68
4 21 3 75 77
4 45 51 108 77
4 4 72 77 22
4 4 86 57 0
4 63 80 94 66
4 73 83 40 86
4 83 73 101 36
4 40 36 101 86
4 63 40 58 3
4 3 29 66 63
4 58 40 66 29
4 39 27 83 36
4 44 85 50 38
4 38 55 62 32
4 38 50 51 55
4 37 45 62 41
4 76 73 83 27
4 57 94 67 59
4 94 73 91 67
4 98 54 93 107
4 67 107 98 95
4 93 67 95 54
4 93 70 83 79
4 103 89 80 105
4 80 105 112 65
4 60 40 85 103
4 64 114 103 94
4 66 87 114 64
4 28 65 60 33
4 33 26 112 60
4 26 112 65 28
4 57 40 61 59
4 64 41 59 65
4 33 41 59 69
4 113 62 57 92
4 60 64 113 92
4 1 114 64 35
4 99 46 35 64
4 36 1 46 72
4 40 88 92 57
4 40 88 79 83
4 89 94 104 88
4 94 66 42 104
4 69 9 6 59
4 9 6 80 89
4 65 80 72 46
4 72 46 99 108
4 65 99 108 80
4 67 94 66 28
4 63 28 67 80
4 87 114 112 54
4 87 84 115 114
4 112 54 84 115
4 66 33 114 99
4 56 26 114 99
4 26 56 66 33
4 53 114 88 46
4 67 112 53 28
4 8 64 60 1
4 60 64 107 103
4 64 107 93 65
4 79 93 99 88
4 42 29 71 46
4 29 23 52 55
4 29 110 97 38
4 56 110 97 54
4 17 14 66 98
4 17 98 86 4
4 4 72 57 38
4 52 109 86 57
4 86 72 74 109
4 62 106 109 51
4 51 109 98 66
4 46 55 109 84
4 45 2 84 51
4 54 73 76 56
4 3 45 50 14
4 29 17 97 55
4 14 9 47 71
4 54 87 9 47
4 3 49 53 14
4 99 65 49 110
4 93 99 110 111
4 53 87 118 110
4 54 53 110 109
4 56 28 8 110
4 42 66 56 110
4 48 47 54 56
4 47 54 109 74
4 56 109 74 48
4 28 66 50 12
4 51 48 28 66
4 55 51 84 97
4 51 113 115 84
4 97 55 113 115
4 65 63 82 93
4 65 93 84 46
4 66 99 84 50
4 42 4 84 99
4 43 55 62 41
4 103 105 106 98
4 54 98 106 52
4 30 104 60 33
4 60 104 106 95
4 95 33 30 106
4 44 86 55 43
4 86 109 119 44
4 55 109 119 43
4 54 103 85 50
4 44 103 54 38
4 40 66 98 44
4 29 58 44 98
4 60 94 73 90
4 60 90 101 104
4 94 104 101 73
4 66 86 73 70
4 70 83 40 66
4 55 35 63 51
4 48 49 55 51
4 49 8 42 55
4 8 116 104 42
4 60 114 115 92
4 113 115 114 64
4 20 113 65 28
4 28 20 110 53
4 53 110 113 65
4 65 46 42 64
4 64 65 92 104
4 42 46 92 104
4 3 62 57 0
4 62 3 6 80
4 35 64 20 3
4 65 48 20 64
4 45 75 113 51
4 49 71 51 113
4 29 110 113 62
4 65 92 74 48
4 21 14 71 45
4 71 46 72 45
4 89 69 53 99
4 42 99 65 35
4 42 35 49 110
4 8 53 56 20
4 66 51 113 64
4 64 113 48 28
4 3 14 9 6
4 3 71 47 6
4 87 66 51 84
4 69 87 98 95
4 95 5 17 98
4 52 106 29 71
4 83 69 5 37
4 37 83 70 23
4 23 95 57 45
4 76 23 95 94
4 32 33 26 23
4 45 57 90 2
4 31 12 71 38
4 38 29 68 31
4 12 91 73 50
4 73 52 71 50
4 71 12 91 52
4 70 56 109 73
4 66 56 109 86
4 78 13 101 4
4 78 17 119 13
4 17 119 101 4
4 11 22 101 74
4 15 37 36 10
4 36 77 117 10
4 37 15 117 77
4 45 2 78 3
4 13 75 45 2
4 78 3 75 13
4 4 86 73 2
4 38 17 118 86
4 11 22 58 3
4 30 42 4 22
4 40 72 45 32
4 15 37 31 17
4 37 32 29 15
4 62 29 38 57
4 37 2 50 32
4 40 83 37 58
4 58 22 85 40
4 0 5 23 45
4 40 58 43 60
4 86 94 95 38
4 78 18 88 1
4 40 89 65 35
4 78 0 59 19
4 8 35 59 19
4 8 10 36 61
4 40 42 10 36
4 47 48 28 69
4 14 24 39 3
4 6 9 24 39
4 40 36 6 63
4 36 79 89 40
4 58 35 46 4
4 58 43 97 4
4 97 101 72 46
4 109 51 46 97
4 72 51 109 101
4 42 10 101 86
4 74 92 90 2
4 74 45 57 92
4 36 72 45 37
4 55 86 73 52
4 24 8 53 87
4 89 70 56 99
4 33 40 88 114
4 61 27 82 9
4 69 61 27 70
4 18 21 40 88
4 89 82 18 88
4 7 31 68 16
4 31 33 114 7
4 68 33 114 16
4 114 24 85 103
4 9 89 70 12
4 79 83 31 7
4 96 1 9 25
4 1 96 102 88
4 53 1 96 26
4 28 61 96 26
4 92 88 114 112
4 114 102 36 1
4 7 9 61 96
4 87 7 96 33
4 25 24 40 83
4 25 79 88 24
4 35 59 83 40
4 15 78 1 43
4 78 7 119 15
4 14 17 15 3
4 22 17 97 101
4 58 29 110 10
4 4 58 37 2
4 2 13 10 4
4 96 43 97 7
4 43 5 78 10
4 116 19 78 10
4 19 116 43 5
4 13 37 31 7
4 83 79 13 37
4 36 13 15 58
4 44 119 13 36
4 58 44 119 15
4 13 96 61 6
4 75 41 96 13
4 78 2 91 19
4 35 59 37 58
4 35 49 15 58
4 15 49 59 37
4 101 10 1 90
4 10 101 2 78
4 33 30 39 61
4 30 68 31 44
4 31 44 102 25
4 68 30 102 25
4 24 30 29 14
4 27 41 58 21
4 27 21 22 34
4 58 22 34 41
4 61 83 70 28
4 41 58 42 64
4 42 58 22 118
4 39 77 83 61
4 85 77 39 24
4 6 36 101 74
4 117 39 36 101
4 6 39 117 74
4 80 92 101 77
4 3 21 22 15
4 45 75 105 73
4 68 25 81 20
4 48 12 25 81
4 81 27 83 79
4 70 27 81 93
4 39 81 82 21
4 82 81 102 85
4 27 39 8 28
4 6 80 67 19
4 16 18 6 19
4 18 108 89 9
4 6 18 108 80
4 13 37 45 74
4 45 74 111 23
4 23 111 13 37
4 73 91 13 101
4 52 47 6 75
4 6 79 105 75
4 52 91 19 49
4 37 5 1 36
4 6 59 5 78
4 78 15 75 6
4 75 15 5 59
4 39 8 1 36
4 39 102 114 8
4 79 103 87 9
4 79 9 24 102
4 64 104 44 33
4 33 96 116 64
4 44 104 116 96
4 85 44 96 25
4 18 108 104 10
4 10 116 81 18
4 108 104 116 81
4 102 36 72 108
4 86 44 102 108
4 99 64 30 118
4 113 117 30 64
4 113 99 118 117
4 10 116 64 42
4 64 104 86 66
4 39 30 44 36
4 24 118 117 39
4 118 85 77 117
4 20 107 114 8
4 39 20 107 102
4 10 58 21 18
4 58 40 88 10
4 30 107 103 44
4 44 103 100 22
4 30 107 100 22
4 98 17 16 107
4 16 17 29 20
4 44 103 89 40
4 68 22 44 33
4 26 114 102 34
4 24 68 34 102
4 24 85 86 42
4 87 114 102 85
4 15 29 42 10
4 29 106 104 42
4 15 106 104 10
4 35 3 15 43
4 5 49 110 17
4 38 55 110 17
4 4 101 104 42
4 17 22 117 110
4 101 97 110 117
4 49 116 96 5
4 5 1 10 15
4 7 114 116 13
4 103 114 116 105
4 96 13 101 44
4 19 26 119 13
4 44 101 92 60
4 60 112 119 44
4 92 112 119 101
4 17 26 112 97
4 10 15 111 115
4 15 43 112 111
4 10 36 79 115
4 38 5 78 4
4 38 4 10 43
4 55 86 118 110
4 2 101 117 11
4 11 117 10 78
4 4 118 100 2
4 13 74 84 7
4 7 119 109 84
4 13 119 109 74
4 10 117 109 97
4 43 106 117 10
4 43 106 109 97
4 15 111 100 22
4 118 110 111 100
4 22 118 110 15
4 29 15 119 98
4 7 13 15 17
4 105 91 25 102
4 19 116 105 91
4 79 115 111 91
4 112 43 44 103
4 103 112 116 102
4 44 102 116 43
4 67 34 100 93
4 119 112 93 100
4 34 67 112 119
4 97 101 36 1
4 96 119 97 1
4 96 119 101 36
4 2 100 34 37
4 96 7 100 34
4 96 114 115 13
4 26 114 115 111
4 13 111 26 96
4 90 7 114 60
4 90 92 115 7
4 2 100 103 90
4 47 93 100 2
4 20 30 102 81
4 102 104 113 81
4 108 118 110 113
4 80 113 117 77
4 92 113 117 101
4 58 36 102 30
4 64 116 115 99
4 10 115 99 42
4 77 39 10 101
4 39 75 74 18
4 18 115 116 39
4 115 74 75 116
4 118 24 8 110
4 110 8 39 117
4 72 18 118 86
4 36 102 81 6
4 6 81 108 72
4 72 74 115 88
4 51 74 115 99
4 47 74 101 90
4 56 110 115 93
4 100 2 78 16
4 4 118 16 78
4 84 2 13 115
4 91 13 115 93
4 111 11 22 119
4 74 101 119 111
4 26 98 118 16
4 111 16 118 109
4 52 111 100 73
4 111 112 103 100
4 17 7 115 110
4 13 115 110 15
4 87 103 119 17
4 85 73 105 102
4 86 104 105 73
4 86 104 102 85
4 52 45 72 92
4 52 105 77 45
4 92 72 77 105
4 80 75 13 79
4 44 103 79 36
4 79 13 119 103
4 95 106 109 54
4 4 10 104 86
4 38 86 104 43
4 54 95 59 47
4 18 118 87 9
4 87 118 108 89
4 118 99 46 4
4 53 99 118 17
4 85 86 109 100
4 51 109 100 82
4 110 42 86 109
4 47 84 109 52
4 97 7 100 109
4 74 51 86 101
4 84 118 22 2
4 30 104 88 24
4 60 65 113 104
4 89 65 113 108
4 85 100 93 89
4 118 99 93 100
4 95 26 114 60
4 26 95 94 107
4 107 56 54 103
4 108 86 98 107
4 64 99 93 67
4 66 70 93 99
4 94 89 79 105
4 105 79 88 104
4 1 60 104 10
4 40 86 55 35
4 76 20 28 70
4 93 100 11 48
4 3 48 56 29
4 51 74 111 56
4 21 18 74 45
4 95 112 93 70
4 35 64 67 59
4 27 41 95 70
4 45 74 113 62
4 63 21 58 35
4 4 72 92 97
4 71 52 75 3
4 51 48 6 72
4 51 108 81 48
4 21 3 48 82
4 11 18 9 12
4 12 47 74 11
4 9 47 74 18
4 82 93 115 18
4 4 72 108 118
4 78 4 72 6
4 70 94 105 91
4 89 70 91 79
4 73 85 25 91
4 87 98 94 89
4 67 59 47 93
4 72 74 13 36
4 73 77 75 52
4 75 77 83 59
4 82 27 67 93
4 47 79 81 48
4 82 25 7 84
4 12 31 33 28
4 70 91 19 28
4 80 62 55 92
4 47 74 75 59
4 59 65 113 75
4 45 3 49 52
4 25 79 80 27
4 85 103 105 77
4 17 22 21 14
4 17 87 85 22
4 82 11 22 85
4 11 117 108 82
4 22 117 108 85
4 11 18 24 68
4 18 118 109 74
4 45 76 100 2
4 84 51 76 100
4 4 18 115 97
4 72 92 115 18
4 7 13 6 9
4 21 82 100 22
4 22 4 84 100
4 17 78 18 118
4 23 11 78 5
4 2 7 16 11
4 1 97 84 9
4 9 25 100 84
4 47 91 100 84
4 40 24 68 32
4 83 25 68 32
4 21 77 102 24
4 72 88 102 77
4 39 27 82 18
4 25 81 108 85
4 2 74 75 37
4 6 72 101 13
4 6 80 105 13
4 9 88 10 78
4 10 88 79 13
4 2 74 115 7
4 36 77 108 88
4 72 18 81 80
4 59 61 39 75
4 6 79 102 39
4 68 12 91 34
4 27 76 100 25
4 16 24 85 100
4 25 96 41 27
4 36 39 81 79
4 18 84 97 10
4 36 88 115 13
4 3 58 36 6
4 6 3 15 13
4 25 100 119 96
4 85 44 119 100
4 87 54 95 33
4 82 93 103 85
4 4 58 39 18
4 42 14 78 10
4 36 88 114 96
4 25 19 5 31
4 10 97 53 8
4 113 49 43 104
4 42 110 15 58
4 8 116 112 53
4 42 88 92 55
4 42 110 115 88
4 5 15 110 53
4 42 24 102 104
4 38 98 30 58
4 41 95 98 30
4 24 42 29 68
4 5 26 114 1
4 84 93 112 97
4 35 43 106 62
4 86 104 113 51
4 29 30 44 38
4 71 56 26 5
4 56 109 97 53
4 95 43 104 94
4 62 55 110 20
4 26 98 94 67
4 66 28 26 98
4 33 44 119 26
4 53 56 107 114
4 95 112 114 33
4 29 42 99 56
4 84 109 98 87
4 68 23 95 33
4 3 58 43 49
4 1 43 104 88
4 34 37 45 76
4 77 101 119 34
4 68 23 91 25
4 19 111 100 25
4 19 111 119 96
4 23 15 13 91
4 34 37 5 26
4 17 22 34 26
4 3 39 81 48
4 20 16 25 27
4 16 115 88 24
4 16 115 79 25
4 7 119 105 79
4 34 105 79 25
4 19 67 105 13
4 41 34 25 61
4 59 41 34 91
4 96 37 75 116
4 77 102 116 75
4 16 78 3 20
4 3 20 81 6
4 16 17 4 18
4 16 11 74 115
4 100 111 48 82
4 25 100 118 24
4 6 47 93 81
4 7 97 110 16
4 110 16 100 109
4 68 17 110 20
4 20 68 22 117
4 18 11 15 10
4 11 111 115 18
4 2 22 117 74
4 117 74 84 118
4 10 115 84 4
4 1 78 16 114
4 16 78 5 26
4 28 19 96 33
4 10 117 20 8
4 24 30 117 18
4 104 88 18 117
4 3 29 30 39
4 77 108 118 22
4 7 119 98 87
4 96 119 98 33
4 17 16 115 97
4 58 4 118 30
4 15 78 18 117
4 17 15 117 118
4 68 29 110 16
4 16 110 42 24
4 30 58 3 20
4 11 20 30 22
4 58 43 116 39
4 25 24 30 34
4 64 41 96 114
4 8 19 13 10
4 10 104 64 8
4 104 10 13 105
4 25 81 115 7
4 96 7 115 116
4 25 96 116 81
4 39 116 114 24
4 114 33 41 116
4 114 16 100 103
4 15 106 98 17
4 68 11 117 30
4 44 104 117 22
4 101 109 110 10
4 20 16 114 64
4 20 113 115 16
4 103 102 81 93
4 81 108 94 67
4 104 94 67 116
4 39 81 107 30
4 39 18 118 30
4 113 80 79 115
4 20 76 94 64
4 64 104 117 20
4 94 76 117 104
4 29 30 107 56
4 104 92 52 106
4 52 112 115 74
4 75 116 112 52
4 91 111 109 73
4 111 13 101 109
4 106 15 13 105
4 116 43 97 115
4 49 111 109 55
4 43 119 111 49
4 111 13 10 110
4 74 18 88 92
4 76 117 101 73
4 106 105 102 30
4 44 101 117 30
4 107 34 77 108
4 118 22 34 107
4 7 114 107 100
4 114 96 34 107
4 79 93 107 102
4 118 16 81 108
4 26 17 118 107
4 64 33 68 20
4 95 5 15 106
4 37 23 26 96
4 43 119 22 58
4 43 41 34 119
4 97 53 26 119
4 49 19 96 43
4 5 26 67 59
4 116 41 95 112
4 82 27 34 100
4 99 84 100 107
4 11 76 107 16
4 76 11 18 108
4 16 107 108 18
4 100 11 15 119
4 16 18 74 111
4 34 102 108 76
4 76 106 104 108
4 76 117 39 27
4 76 117 18 82
4 76 109 101 77
4 30 98 109 117
4 20 11 100 107
4 102 39 75 105
4 114 102 105 112
4 92 88 102 105
4 80 92 115 81
4 74 113 116 13
4 13 116 104 101
4 101 104 113 74
4 24 18 115 114
4 81 102 96 19
4 7 103 107 16
4 103 79 81 107
4 73 109 117 77
4 37 22 117 75
4 18 117 75 6
4 4 22 119 97
4 84 109 117 18
4 76 77 39 20
4 80 81 107 94
4 88 18 16 114
4 80 75 117 108
4 81 113 92 79
4 116 39 77 105
4 16 25 91 111
4 91 52 109 100
4 6 13 111 48
4 79 93 111 13
4 92 112 111 74
4 16 100 91 19
4 19 111 74 6
4 20 117 77 27
4 20 16 100 76
4 22 119 103 85
4 88 108 117 10
4 84 97 119 100
4 26 68 22 119
4 41 43 10 39
4 78 13 116 8
4 34 37 58 30
4 101 22 30 104
4 16 17 5 19
4 82 81 115 84
4 82 81 113 51
4 92 104 117 74
4 56 107 108 51
4 76 100 103 94
4 111 93 103 119
4 92 113 110 97
4 8 114 112 49
4 56 111 115 99
4 112 111 16 114
4 56 26 119 109
4 106 29 17 119
4 55 43 116 113
4 98 56 111 119
4 20 117 109 56
4 93 115 116 67
4 16 110 113 81
4 30 104 105 34
4 106 119 100 76
4 26 112 105 34
4 96 119 106 41
4 67 116 43 95
4 43 104 117 15
4 26 16 115 112
4 82 70 67 81
4 20 48 93 107
4 56 111 91 70
4 11 23 52 74
4 76 106 95 70
4 51 109 111 48
4 49 113 80 59
4 51 74 75 62
4 80 108 107 67
4 113 81 27 62
4 23 106 105 91
4 59 67 34 37
4 80 77 34 67
4 75 52 95 41
4 48 56 107 81
4 27 80 113 20
4 93 111 11 82
4 20 76 109 110
4 112 67 81 115
4 64 116 105 94
4 113 75 77 108
4 11 74 113 20
4 115 13 75 113
4 76 109 119 34
4 48 11 117 113
4 48 113 108 82
4 77 76 23 37
4 13 74 48 19
4 81 20 62 80
4 27 67 105 77
4 93 91 34 107
4 70 93 111 23
4 67 59 6 81
4 109 52 49 110
4 67 64 104 105
4 91 34 106 52
4 67 105 119 26
4 23 111 112 95
4 75 106 109 74
4 65 112 111 48
4 93 81 116 112
4 75 117 109 52
4 62 80 105 106
4 56 93 81 20
4 52 23 34 105
4 37 91 111 15
4 13 119 106 75
4 20 48 74 117
4 15 111 48 3
4 75 49 8 39
4 28 67 34 68
4 27 41 116 81
4 16 26 23 11
4 16 110 49 19
4 106 41 39 117
4 26 111 11 68
4 23 29 30 34
4 3 8 116 75
4 39 116 49 3
4 29 62 75 15
4 28 26 34 27
4 30 106 23 68
4 19 67 64 8
4 26 16 81 67
4 110 8 19 111
4 30 106 75 39
4 15 117 113 49
4 41 34 107 64
4 113 62 41 116
4 49 112 105 75
4 23 76 107 26
4 29 56 111 15
4 110 49 75 117
4 34 67 64 30
4 67 41 30 107
4 16 111 49 8
4 15 23 56 110
4 106 34 68 29
4 64 28 19 116
4 116 67 28 8
4 64 113 75 41
4 23 29 110 111
4 48 56 26 19
4 3 15 106 62
4 11 76 106 15
4 67 27 39 116
4 16 111 23 68
4 41 30 117 75
4 26 107 81 19
4 91 13 116 67
4 56 93 91 23
4 91 100 107 67
4 105 34 27 80
4 45 11 111 52
4 106 52 74 117
4 62 94 105 75
4 52 59 19 111
4 27 67 26 68
4 3 75 106 29
4 49 3 11 111
4 27 62 106 34
4 34 107 56 23
4 28 26 111 48
4 62 64 116 75
4 27 41 106 76
4 81 113 49 19
4 49 48 81 116
4 15 49 48 11
4 34 26 56 76
4 16 107 67 19
4 15 110 113 75
4 23 11 117 106
4 19 116 113 48
4 62 76 34 41
4 56 28 19 111
4 39 81 67 41
4 76 117 15 23

# Cells
32 0 1 2 3 4 5 6 7 8 9 10 11 12 13 14 15 16 17 18 19 20 21 22 23 24 25 26 27 28 29 30 31
32 20 32 33 34 35 36 37 38 39 40 41 42 43 44 45 46 47 48 49 50 51 52 53 54 55 56 57 58 59 60 61 62
32 4 52 63 64 65 66 67 68 69 70 71 72 73 74 75 76 77 78 79 80 81 82 83 84 85 86 87 88 89 90 91 92
32 93 94 95 96 97 98 99 100 101 102 103 104 105 106 107 108 109 110 111 112 113 114 115 116 117 118 119 120 121 122 123 124
32 94 125 126 127 128 129 130 131 132 133 134 135 136 137 138 139 140 141 142 143 144 145 146 147 148 149 150 151 152 153 154 155
32 107 142 156 157 158 159 160 161 162 163 164 165 166 167 168 169 170 171 172 173 174 175 176 177 178 179 180 181 182 183 184 185
32 186 187 188 189 190 191 192 193 194 195 196 197 198 199 200 201 202 203 204 205 206 207 208 209 210 211 212 213 214 215 216 217
32 189 218 219 220 221 222 223 224 225 226 227 228 229 230 231 232 233 234 235 236 237 238 239 240 241 242 243 244 245 246 247 248
32 208 232 249 250 251 252 253 254 255 256 257 258 259 260 261 262 263 264 265 266 267 268 269 270 271 272 273 274 275 276 277 278
32 279 280 281 282 283 284 285 286 287 288 289 290 291 292 293 294 295 296 297 298 299 300 301 302 303 304 305 306 307 308 309 310
32 300 311 312 313 314 315 316 317 318 319 320 321 322 323 324 325 326 327 328 329 330 331 332 333 334 335 336 337 338 339 340 341
32 297 326 342 343 344 345 346 347 348 349 350 351 352 353 354 355 356 357 358 359 360 361 362 363 364 365 366 367 368 369 370 371
32 187 283 372 373 374 375 376 377 378 379 380 381 382 383 384 385 386 387 388 389 390 391 392 393 394 395 396 397 398 399 400 401
32 110 206 389 402 403 404 405 406 407 408 409 410 411 412 413 414 415 416 417 418 419 420 421 422 423 424 425 426 427 428 429 430
32 95 285 373 403 431 432 433 434 435 436 437 438 439 440 441 442 443 444 445 446 447 448 449 450 451 452 453 454 455 456 457 458
32 3 47 221 270 459 460 461 462 463 464 465 466 467 468 469 470 471 472 473 474 475 476 477 478 479 480 481 482 483 484 485 486
32 45 66 126 174 487 488 489 490 491 492 493 494 495 496 497 498 499 500 501 502 503 504 505 506 507 508 509 510 511 512 513 514
32 10 80 318 362 515 516 517 518 519 520 521 522 523 524 525 526 527 528 529 530 531 532 533 534 535 536 537 538 539 540 541 542
32 128 346 543 544 545 546 547 548 549 550 551 552 553 554 555 556 557 558 559 560 561 562 563 564 565 566 567 568 569 570 571 572
32 108 146 449 558 573 574 575 576 577 578 579 580 581 582 583 584 585 586 587 588 589 590 591 592 593 594 595 596 597 598 599 600
32 301 353 432 546 586 601 602 603 604 605 606 607 608 609 610 611 612 613 614 615 616 617 618 619 620 621 622 623 624 625 626 627
32 33 157 250 460 488 628 629 630 631 632 633 634 635 636 637 638 639 640 641 642 643 644 645 646 647 648 649 650 651 652 653 654
32 14 224 329 467 533 655 656 657 658 659 660 661 662 663 664 665 666 667 668 669 670 671 672 673 674 675 676 677 678 679 680 681
32 219 317 659 682 683 684 685 686 687 688 689 690 691 692 693 694 695 696 697 698 699 700 701 702 703 704 705 706 707 708 709 710
32 1 315 524 671 683 711 712 713 714 715 716 717 718 719 720 721 722 723 724 725 726 727 728 729 730 731 732 733 734 735 736 737
32 18 231 471 678 690 722 738 739 740 741 742 743 744 745 746 747 748 749 750 751 752 753 754 755 756 757 758 759 760 761 762 763
32 96 169 190 265 420 630 764 765 766 767 768 769 770 771 772 773 774 775 776 777 778 779 780 781 782 783 784 785 786 787 788 789
32 111 132 292 349 435 551 595 606 790 791 792 793 794 795 796 797 798 799 800 801 802 803 804 805 806 807 808 809 810 811 812 813
32 814 815 816 817 818 819 820 821 822 823 824 825 826 827 828 829 830 831 832 833 834 835 836 837 838 839 840 841 842 843 844 845
32 836 846 847 848 849 850 851 852 853 854 855 856 857 858 859 860 861 862 863 864 865 866 867 868 869 870 871 872 873 874 875 876
32 117 423 438 579 822 869 877 878 879 880 881 882 883 884 885 886 887 888 889 890 891 892 893 894 895 896 897 898 899 900 901 902
32 78 144 499 555 903 904 905 906 907 908 909 910 911 912 913 914 915 916 917 918 919 920 921 922 923 924 925 926 927 928 929 930
32 137 166 507 923 931 932 933 934 935 936 937 938 939 940 941 942 943 944 945 946 947 948 949 950 951 952 953 954 955 956 957 958
32 959 960 961 962 963 964 965 966 967 968 969 970 971 972 973 974 975 976 977 978 979 980 981 982 983 984 985 986 987 988 989 990
32 976 991 992 993 994 995 996 997 998 999 1000 1001 1002 1003 1004 1005 1006 1007 1008 1009 1010 1011 1012 1013 1014 1015 1016 1017 1018 1019 1020 1021
32 970 1012 1022 1023 1024 1025 1026 1027 1028 1029 1030 1031 1032 1033 1034 1035 1036 1037 1038 1039 1040 1041 1042 1043 1044 1045 1046 1047 1048 1049 1050 1051
32 368 556 612 1052 1053 1054 1055 1056 1057 1058 1059 1060 1061 1062 1063 1064 1065 1066 1067 1068 1069 1070 1071 1072 1073 1074 1075 1076 1077 1078 1079 1080
32 618 1073 1081 1082 1083 1084 1085 1086 1087 1088 1089 1090 1091 1092 1093 1094 1095 1096 1097 1098 1099 1100 1101 1102 1103 1104 1105 1106 1107 1108 1109 1110
32 99 161 407 767 847 881 1111 1112 1113 1114 1115 1116 1117 1118 1119 1120 1121 1122 1123 1124 1125 1126 1127 1128 1129 1130 1131 1132 1133 1134 1135 1136
32 827 1006 1137 1138 1139 1140 1141 1142 1143 1144 1145 1146 1147 1148 1149 1150 1151 1152 1153 1154 1155 1156 1157 1158 1159 1160 1161 1162 1163 1164 1165 1166
32 832 1147 1167 1168 1169 1170 1171 1172 1173 1174 1175 1176 1177 1178 1179 1180 1181 1182 1183 1184 1185 1186 1187 1188 1189 1190 1191 1192 1193 1194 1195 1196
32 829 856 1157 1192 1197 1198 1199 1200 1201 1202 1203 1204 1205 1206 1207 1208 1209 1210 1211 1212 1213 1214 1215 1216 1217 1218 1219 1220 1221 1222 1223 1224
32 979 1001 1038 1225 1226 1227 1228 1229 1230 1231 1232 1233 1234 1235 1236 1237 1238 1239 1240 1241 1242 1243 1244 1245 1246 1247 1248 1249 1250 1251 1252 1253
32 131 566 587 913 942 1247 1254 1255 1256 1257 1258 1259 1260 1261 1262 1263 1264 1265 1266 1267 1268 1269 1270 1271 1272 1273 1274 1275 1276 1277 1278 1279
32 851 936 1023 1230 1259 1280 1281 1282 1283 1284 1285 1286 1287 1288 1289 1290 1291 1292 1293 1294 1295 1296 1297 1298 1299 1300 1301 1302 1303 1304 1305 1306
32 307 385 439 613 1091 1307 1308 1309 1310 1311 1312 1313 1314 1315 1316 1317 1318 1319 1320 1321 1322 1323 1324 1325 1326 1327 1328 1329 1330 1331 1332 1333
32 64 348 520 544 904 1054 1334 1335 1336 1337 1338 1339 1340 1341 1342 1343 1344 1345 1346 1347 1348 1349 1350 1351 1352 1353 1354 1355 1356 1357 1358 1359
32 200 233 286 324 381 668 697 1360 1361 1362 1363 1364 1365 1366 1367 1368 1369 1370 1371 1372 1373 1374 1375 1376 1377 1378 1379 1380 1381 1382 1383 1384
32 115 139 177 582 867 879 946 1119 1267 1286 1385 1386 1387 1388 1389 1390 1391 1392 1393 1394 1395 1396 1397 1398 1399 1400 1401 1402 1403 1404 1405 1406
32 192 227 273 465 632 660 777 1370 1407 1408 1409 1410 1411 1412 1413 1414 1415 1416 1417 1418 1419 1420 1421 1422 1423 1424 1425 1426 1427 1428 1429 1430
32 973 1060 1349 1431 1432 1433 1434 1435 1436 1437 1438 1439 1440 1441 1442 1443 1444 1445 1446 1447 1448 1449 1450 1451 1452 1453 1454 1455 1456 1457 1458 1459
32 86 917 965 1339 1441 1460 1461 1462 1463 1464 1465 1466 1467 1468 1469 1470 1471 1472 1473 1474 1475 1476 1477 1478 1479 1480 1481 1482 1483 1484 1485 1486
32 821 872 995 1035 1155 1215 1228 1289 1487 1488 1489 1490 1491 1492 1493 1494 1495 1496 1497 1498 1499 1500 1501 1502 1503 1504 1505 1506 1507 1508 1509 1510
32 442 593 620 824 888 1089 1314 1511 1512 1513 1514 1515 1516 1517 1518 1519 1520 1521 1522 1523 1524 1525 1526 1527 1528 1529 1530 1531 1532 1533 1534 1535
32 17 42 477 753 1536 1537 1538 1539 1540 1541 1542 1543 1544 1545 1546 1547 1548 1549 1550 1551 1552 1553 1554 1555 1556 1557 1558 1559 1560 1561 1562 1563
32 1008 1154 1564 1565 1566 1567 1568 1569 1570 1571 1572 1573 1574 1575 1576 1577 1578 1579 1580 1581 1582 1583 1584 1585 1586 1587 1588 1589 1590 1591 1592 1593
32 1582 1594 1595 1596 1597 1598 1599 1600 1601 1602 1603 1604 1605 1606 1607 1608 1609 1610 1611 1612 1613 1614 1615 1616 1617 1618 1619 1620 1621 1622 1623 1624
32 1565 1595 1625 1626 1627 1628 1629 1630 1631 1632 1633 1634 1635 1636 1637 1638 1639 1640 1641 1642 1643 1644 1645 1646 1647 1648 1649 1650 1651 1652 1653 1654
32 981 1032 1481 1655 1656 1657 1658 1659 1660 1661 1662 1663 1664 1665 1666 1667 1668 1669 1670 1671 1672 1673 1674 1675 1676 1677 1678 1679 1680 1681 1682 1683
32 1063 1094 1433 1684 1685 1686 1687 1688 1689 1690 1691 1692 1693 1694 1695 1696 1697 1698 1699 1700 1701 1702 1703 1704 1705 1706 1707 1708 1709 1710 1711 1712
32 322 358 518 713 1070 1335 1450 1703 1713 1714 1715 1716 1717 1718 1719 1720 1721 1722 1723 1724 1725 1726 1727 1728 1729 1730 1731 1732 1733 1734 1735 1736
32 338 701 724 1699 1724 1737 1738 1739 1740 1741 1742 1743 1744 1745 1746 1747 1748 1749 1750 1751 1752 1753 1754 1755 1756 1757 1758 1759 1760 1761 1762 1763
32 394 409 448 830 890 1189 1327 1521 1764 1765 1766 1767 1768 1769 1770 1771 1772 1773 1774 1775 1776 1777 1778 1779 1780 1781 1782 1783 1784 1785 1786 1787
32 280 312 343 602 1053 1082 1308 1685 1714 1738 1788 1789 1790 1791 1792 1793 1794 1795 1796 1797 1798 1799 1800 1801 1802 1803 1804 1805 1806 1807 1808 1809
32 290 334 374 686 1324 1363 1753 1790 1810 1811 1812 1813 1814 1815 1816 1817 1818 1819 1820 1821 1822 1823 1824 1825 1826 1827 1828 1829 1830 1831 1832 1833
32 70 134 357 496 526 560 805 925 1342 1834 1835 1836 1837 1838 1839 1840 1841 1842 1843 1844 1845 1846 1847 1848 1849 1850 1851 1852 1853 1854 1855 1856
32 8 57 72 473 492 530 639 670 1420 1838 1857 1858 1859 1860 1861 1862 1863 1864 1865 1866 1867 1868 1869 1870 1871 1872 1873 1874 1875 1876 1877 1878
32 548 577 605 1058 1083 1226 1255 1514 1879 1880 1881 1882 1883 1884 1885 1886 1887 1888 1889 1890 1891 1892 1893 1894 1895 1896 1897 1898 1899 1900 1901 1902
32 104 140 180 500 644 768 799 1415 1844 1868 1903 1904 1905 1906 1907 1908 1909 1910 1911 1912 1913 1914 1915 1916 1917 1918 1919 1920 1921 1922 1923 1924
32 576 818 861 885 1236 1272 1291 1387 1502 1527 1885 1925 1926 1927 1928 1929 1930 1931 1932 1933 1934 1935 1936 1937 1938 1939 1940 1941 1942 1943 1944 1945
32 203 392 412 1185 1766 1946 1947 1948 1949 1950 1951 1952 1953 1954 1955 1956 1957 1958 1959 1960 1961 1962 1963 1964 1965 1966 1967 1968 1969 1970 1971 1972
32 197 259 416 783 1114 1960 1973 1974 1975 1976 1977 1978 1979 1980 1981 1982 1983 1984 1985 1986 1987 1988 1989 1990 1991 1992 1993 1994 1995 1996 1997 1998
32 406 817 863 895 1118 1181 1216 1772 1950 1990 1999 2000 2001 2002 2003 2004 2005 2006 2007 2008 2009 2010 2011 2012 2013 2014 2015 2016 2017 2018 2019 2020
32 281 313 344 516 656 791 1361 1408 1835 1858 1904 2021 2022 2023 2024 2025 2026 2027 2028 2029 2030 2031 2032 2033 2034 2035 2036 2037 2038 2039 2040 2041
32 22 76 539 721 1346 1446 1466 1723 2042 2043 2044 2045 2046 2047 2048 2049 2050 2051 2052 2053 2054 2055 2056 2057 2058 2059 2060 2061 2062 2063 2064 2065
32 100 198 296 386 425 445 771 801 1373 1418 1907 2029 2066 2067 2068 2069 2070 2071 2072 2073 2074 2075 2076 2077 2078 2079 2080 2081 2082 2083 2084 2085
32 13 728 747 1547 2054 2086 2087 2088 2089 2090 2091 2092 2093 2094 2095 2096 2097 2098 2099 2100 2101 2102 2103 2104 2105 2106 2107 2108 2109 2110 2111 2112
32 7 48 83 1462 1551 1676 2050 2097 2113 2114 2115 2116 2117 2118 2119 2120 2121 2122 2123 2124 2125 2126 2127 2128 2129 2130 2131 2132 2133 2134 2135 2136
32 992 1087 1138 1566 1690 2137 2138 2139 2140 2141 2142 2143 2144 2145 2146 2147 2148 2149 2150 2151 2152 2153 2154 2155 2156 2157 2158 2159 2160 2161 2162 2163
32 960 1013 1057 1101 1241 1440 1689 1880 2138 2164 2165 2166 2167 2168 2169 2170 2171 2172 2173 2174 2175 2176 2177 2178 2179 2180 2181 2182 2183 2184 2185 2186
32 741 1554 1616 1626 2089 2187 2188 2189 2190 2191 2192 2193 2194 2195 2196 2197 2198 2199 2200 2201 2202 2203 2204 2205 2206 2207 2208 2209 2210 2211 2212 2213
32 689 1632 1744 1824 2214 2215 2216 2217 2218 2219 2220 2221 2222 2223 2224 2225 2226 2227 2228 2229 2230 2231 2232 2233 2234 2235 2236 2237 2238 2239 2240 2241
32 1144 1174 1580 1645 2151 2237 2242 2243 2244 2245 2246 2247 2248 2249 2250 2251 2252 2253 2254 2255 2256 2257 2258 2259 2260 2261 2262 2263 2264 2265 2266 2267
32 1098 1320 1695 1747 1795 1826 2139 2216 2261 2268 2269 2270 2271 2272 2273 2274 2275 2276 2277 2278 2279 2280 2281 2282 2283 2284 2285 2286 2287 2288 2289 2290
32 1541 1596 1660 2091 2118 2191 2291 2292 2293 2294 2295 2296 2297 2298 2299 2300 2301 2302 2303 2304 2305 2306 2307 2308 2309 2310 2311 2312 2313 2314 2315 2316
32 815 1085 1158 1183 1311 1518 1779 2143 2253 2283 2317 2318 2319 2320 2321 2322 2323 2324 2325 2326 2327 2328 2329 2330 2331 2332 2333 2334 2335 2336 2337 2338
32 907 948 963 1043 1239 1257 1285 1478 1671 2339 2340 2341 2342 2343 2344 2345 2346 2347 2348 2349 2350 2351 2352 2353 2354 2355 2356 2357 2358 2359 2360 2361
32 563 910 971 1071 1243 1261 1345 1445 1473 1891 2172 2346 2362 2363 2364 2365 2366 2367 2368 2369 2370 2371 2372 2373 2374 2375 2376 2377 2378 2379 2380 2381
32 834 998 1105 1153 1232 1494 1531 1894 1933 2154 2176 2327 2382 2383 2384 2385 2386 2387 2388 2389 2390 2391 2392 2393 2394 2395 2396 2397 2398 2399 2400 2401
32 377 1168 1312 1768 1813 1947 2218 2243 2269 2318 2402 2403 2404 2405 2406 2407 2408 2409 2410 2411 2412 2413 2414 2415 2416 2417 2418 2419 2420 2421 2422 2423
32 204 236 384 695 1381 1819 1961 2226 2414 2424 2425 2426 2427 2428 2429 2430 2431 2432 2433 2434 2435 2436 2437 2438 2439 2440 2441 2442 2443 2444 2445 2446
32 195 241 271 1956 1984 2432 2447 2448 2449 2450 2451 2452 2453 2454 2455 2456 2457 2458 2459 2460 2461 2462 2463 2464 2465 2466 2467 2468 2469 2470 2471 2472
32 715 1435 1686 1717 1742 2046 2087 2473 2474 2475 2476 2477 2478 2479 2480 2481 2482 2483 2484 2485 2486 2487 2488 2489 2490 2491 2492 2493 2494 2495 2496 2497
32 693 731 744 1634 1755 2093 2195 2225 2482 2498 2499 2500 2501 2502 2503 2504 2505 2506 2507 2508 2509 2510 2511 2512 2513 2514 2515 2516 2517 2518 2519 2520
32 37 68 491 908 932 1464 1656 2114 2340 2521 2522 2523 2524 2525 2526 2527 2528 2529 2530 2531 2532 2533 2534 2535 2536 2537 2538 2539 2540 2541 2542 2543
32 223 254 463 742 1537 2188 2448 2544 2545 2546 2547 2548 2549 2550 2551 2552 2553 2554 2555 2556 2557 2558 2559 2560 2561 2562 2563 2564 2565 2566 2567 2568
32 239 700 757 1639 2198 2228 2429 2454 2506 2557 2569 2570 2571 2572 2573 2574 2575 2576 2577 2578 2579 2580 2581 2582 2583 2584 2585 2586 2587 2588 2589 2590
32 962 1448 1469 1667 2045 2104 2116 2300 2474 2591 2592 2593 2594 2595 2596 2597 2598 2599 2600 2601 2602 2603 2604 2605 2606 2607 2608 2609 2610 2611 2612 2613
32 977 1005 1454 1572 1707 2153 2174 2484 2603 2614 2615 2616 2617 2618 2619 2620 2621 2622 2623 2624 2625 2626 2627 2628 2629 2630 2631 2632 2633 2634 2635 2636
32 1585 1629 1701 1741 2147 2222 2252 2271 2479 2510 2623 2637 2638 2639 2640 2641 2642 2643 2644 2645 2646 2647 2648 2649 2650 2651 2652 2653 2654 2655 2656 2657
32 968 1010 1041 1569 1612 1678 2293 2608 2621 2658 2659 2660 2661 2662 2663 2664 2665 2666 2667 2668 2669 2670 2671 2672 2673 2674 2675 2676 2677 2678 2679 2680
32 1575 1609 1643 2108 2200 2308 2489 2515 2599 2618 2645 2663 2681 2682 2683 2684 2685 2686 2687 2688 2689 2690 2691 2692 2693 2694 2695 2696 2697 2698 2699 2700
32 1605 1641 2204 2467 2554 2586 2701 2702 2703 2704 2705 2706 2707 2708 2709 2710 2711 2712 2713 2714 2715 2716 2717 2718 2719 2720 2721 2722 2723 2724 2725 2726
32 1178 1628 1963 2233 2256 2404 2427 2451 2576 2715 2727 2728 2729 2730 2731 2732 2733 2734 2735 2736 2737 2738 2739 2740 2741 2742 2743 2744 2745 2746 2747 2748
32 996 1027 1142 1202 1490 1570 1600 2661 2749 2750 2751 2752 2753 2754 2755 2756 2757 2758 2759 2760 2761 2762 2763 2764 2765 2766 2767 2768 2769 2770 2771 2772
32 1141 1171 1209 1583 1615 1638 2250 2722 2743 2754 2773 2774 2775 2776 2777 2778 2779 2780 2781 2782 2783 2784 2785 2786 2787 2788 2789 2790 2791 2792 2793 2794
32 1172 1198 1951 1977 2002 2452 2705 2730 2774 2795 2796 2797 2798 2799 2800 2801 2802 2803 2804 2805 2806 2807 2808 2809 2810 2811 2812 2813 2814 2815 2816 2817
32 175 256 635 780 1126 1979 2818 2819 2820 2821 2822 2823 2824 2825 2826 2827 2828 2829 2830 2831 2832 2833 2834 2835 2836 2837 2838 2839 2840 2841 2842 2843
32 853 1123 1204 1993 2011 2807 2839 2844 2845 2846 2847 2848 2849 2850 2851 2852 2853 2854 2855 2856 2857 2858 2859 2860 2861 2862 2863 2864 2865 2866 2867 2868
32 253 1975 2462 2549 2711 2803 2825 2855 2869 2870 2871 2872 2873 2874 2875 2876 2877 2878 2879 2880 2881 2882 2883 2884 2885 2886 2887 2888 2889 2890 2891 2892
32 39 267 480 638 1543 2552 2828 2881 2893 2894 2895 2896 2897 2898 2899 2900 2901 2902 2903 2904 2905 2906 2907 2908 2909 2910 2911 2912 2913 2914 2915 2916
32 36 1539 1668 2129 2296 2525 2900 2917 2918 2919 2920 2921 2922 2923 2924 2925 2926 2927 2928 2929 2930 2931 2932 2933 2934 2935 2936 2937 2938 2939 2940 2941
32 55 163 505 643 938 2533 2830 2903 2926 2942 2943 2944 2945 2946 2947 2948 2949 2950 2951 2952 2953 2954 2955 2956 2957 2958 2959 2960 2961 2962 2963 2964
32 1026 1610 1658 2303 2668 2760 2936 2965 2966 2967 2968 2969 2970 2971 2972 2973 2974 2975 2976 2977 2978 2979 2980 2981 2982 2983 2984 2985 2986 2987 2988 2989
32 850 1040 1201 1293 1497 2762 2851 2981 2990 2991 2992 2993 2994 2995 2996 2997 2998 2999 3000 3001 3002 3003 3004 3005 3006 3007 3008 3009 3010 3011 3012 3013
32 953 1029 1298 1661 2351 2531 2931 2960 2972 3000 3014 3015 3016 3017 3018 3019 3020 3021 3022 3023 3024 3025 3026 3027 3028 3029 3030 3031 3032 3033 3034 3035
32 160 858 935 1112 1281 1398 2835 2857 2950 3005 3024 3036 3037 3038 3039 3040 3041 3042 3043 3044 3045 3046 3047 3048 3049 3050 3051 3052 3053 3054 3055 3056
32 1559 1602 2202 2305 2560 2707 2878 2911 2928 2978 3057 3058 3059 3060 3061 3062 3063 3064 3065 3066 3067 3068 3069 3070 3071 3072 3073 3074 3075 3076 3077 3078
32 1213 1599 2703 2750 2784 2798 2864 2887 2979 3004 3065 3079 3080 3081 3082 3083 3084 3085 3086 3087 3088 3089 3090 3091 3092 3093 3094 3095 3096 3097 3098 3099
32 2819 2845 2870 2894 2918 2943 2966 2991 3015 3037 3058 3080 3100 3101 3102 3103 3104 3105 3106 3107 3108 3109 3110 3111 3112 3113 3114 3115 3116 3117 3118 3119
5 186 959 3120 3121 3122
5 112 2693 3123 3124 3125
5 293 2977 3126 3127 3128
5 331 2999 3129 3130 3131
5 0 814 3132 3133 3134
5 235 1245 3135 3136 3137
5 129 1630 3138 3139 3140
5 360 3089 3141 3142 3143
5 81 1187 3144 3145 3146
5 269 2169 3147 3148 3149
5 44 2323 3150 3151 3152
5 168 2642 3153 3154 3155
5 517 1211 3156 3157 3158
5 468 2395 3159 3160 3161
5 490 2251 3162 3163 3164
5 355 3082 3165 3166 3167
5 136 1636 3168 3169 3170
5 434 2295 3171 3172 3173
5 218 1240 3174 3175 3176
5 328 2992 3177 3178 3179
5 390 1664 3180 3181 3182
5 171 2638 3183 3184 3185
5 421 2601 3186 3187 3188
5 262 2171 3189 3190 3191
5 629 2142 3192 3193 3194
5 202 975 3195 3196 3197
5 669 1489 3198 3199 3200
5 529 1199 3201 3202 3203
5 504 2248 3204 3205 3206
5 543 2713 3207 3208 3209
5 375 1666 3210 3211 3212
5 314 2998 3213 3214 3215
5 609 3073 3216 3217 3218
5 170 2644 3219 3220 3221
5 589 2197 3222 3223 3224
5 419 2592 3225 3226 3227
5 766 2626 3228 3229 3230
5 792 1607 3231 3232 3233
5 495 2262 3234 3235 3236
5 63 1180 3237 3238 3239
5 356 3081 3240 3241 3242
5 723 855 3243 3244 3245
5 299 2968 3246 3247 3248
5 682 1280 3249 3250 3251
5 196 969 3252 3253 3254
5 266 2165 3255 3256 3257
5 50 2326 3258 3259 3260
5 755 1932 3261 3262 3263
5 201 974 3264 3265 3266
5 929 2745 3267 3268 3269
5 1075 2883 3270 3271 3272
5 1104 2908 3273 3274 3275
5 1016 1426 3276 3277 3278
5 133 1633 3279 3280 3281
5 627 3078 3282 3283 3284
5 901 2109 3285 3286 3287
5 1034 1367 3288 3289 3290
5 719 874 3291 3292 3293
5 950 2223 3294 3295 3296
5 244 1235 3205 3297 3298
5 1086 2907 3299 3300 3301
5 1140 1870 3271 3302 3303
5 1276 2571 3304 3305 3306
5 621 3075 3307 3308 3309
5 124 2700 3310 3311 3312
5 1307 2941 3281 3313 3314
5 424 2593 3214 3315 3316
5 74 1194 3217 3317 3318
5 525 1217 3295 3319 3320
5 684 1284 3192 3238 3321
5 1120 2486 3209 3322 3323
5 1039 1362 3324 3325 3326
5 461 2391 3327 3328 3329
5 772 2628 3330 3331 3332
5 93 2688 3333 3334 3335
5 295 2967 3336 3337 3338
5 559 2709 3339 3340 3341
5 325 2993 3342 3343 3344
5 1337 2802 3345 3346 3347
5 16 828 3348 3349 3350
5 51 2319 3351 3352 3353
5 172 2647 3354 3355 3356
5 919 2736 3357 3358 3359
5 765 2624 3360 3361 3362
5 454 2310 3363 3364 3365
5 663 1496 3366 3367 3368
5 67 1179 3229 3369 3370
5 649 2159 3371 3372 3373
5 173 2637 3374 3375 3376
5 915 2727 3377 3378 3379
5 584 2187 3380 3381 3382
5 604 3068 3383 3384 3385
5 321 3001 3386 3387 3388
5 1355 2811 3389 3390 3391
5 304 2969 3145 3392 3393
5 997 1423 3394 3395 3396
5 536 1203 3397 3398 3399
5 774 2627 3400 3401 3402
5 1394 2507 3403 3404 3405
5 437 2302 3406 3407 3408
5 611 3069 3409 3410 3411
5 1269 2580 3412 3413 3414
5 1344 2805 3415 3416 3417
5 75 1184 3418 3419 3420
5 642 2144 3421 3422 3423
5 944 2227 3424 3425 3426
5 1515 1558 3427 3428 3429
5 666 1493 3430 3431 3432
5 1389 2508 3433 3434 3435
5 625 3061 3436 3437 3438
5 1351 2806 3439 3440 3441
5 143 1642 3442 3443 3444
5 991 1425 3445 3446 3447
5 1095 2895 3448 3449 3450
5 1455 1981 3451 3452 3453
5 954 2219 3454 3455 3456
5 1475 1962 3457 3458 3459
5 1042 1376 3460 3461 3462
5 1702 2834 3463 3464 3465
5 1588 1920 3466 3467 3468
5 1736 2868 3306 3469 3470
5 1483 1970 3471 3472 3473
5 11 825 3474 3475 3476
5 1751 3046 3477 3478 3479
5 762 1945 3480 3481 3482
5 382 1682 3319 3483 3484
5 1519 1553 3485 3486 3487
5 796 1611 3488 3489 3490
5 1850 2773 3491 3492 3493
5 335 2990 3170 3423 3494
5 1802 3112 3412 3495 3496
5 1512 1549 3497 3498 3499
5 549 2718 3352 3500 3501
5 148 1647 3502 3503 3504
5 878 2099 3505 3506 3507
5 769 2629 3508 3509 3510
5 210 983 3403 3511 3512
5 1814 3028 3513 3514 3515
5 1765 2126 3342 3516 3517
5 1152 1865 3518 3519 3520
5 125 1625 3120 3521 3522
5 779 2630 3399 3523 3524
5 585 2194 3525 3526 3527
5 1318 2923 3528 3529 3530
5 414 2596 3234 3531 3532
5 188 961 3533 3534 3535
5 1823 3029 3257 3536 3537
5 665 1499 3538 3539 3540
5 527 1212 3541 3542 3543
5 562 2719 3544 3545 3546
5 1789 3100 3237 3547 3548
5 1567 1913 3549 3550 3551
5 1045 1360 3552 3553 3554
5 1771 2123 3555 3556 3557
5 1812 3025 3361 3558 3559
5 893 2090 3560 3561 3562
5 1879 2544 3375 3563 3564
5 1074 2876 3367 3565 3566
5 1853 2787 3567 3568 3569
5 345 3090 3570 3571 3572
5 1159 1864 3573 3574 3575
5 906 2738 3131 3576 3577
5 994 1416 3478 3505 3578
5 422 2602 3167 3579 3580
5 306 2986 3581 3582 3583
5 601 3066 3121 3584 3585
5 887 2088 3586 3587 3588
5 1270 2575 3556 3589 3590
5 945 2221 3147 3485 3591
5 631 2146 3592 3593 3594
5 1116 2475 3553 3595 3596
5 1024 1374 3270 3597 3598
5 342 3092 3265 3599 3600
5 1328 2920 3601 3602 3603
5 1846 2782 3604 3605 3606
5 178 2643 3289 3607 3608
5 1014 1427 3296 3609 3610
5 191 964 3132 3611 3612
5 1111 2473 3613 3614 3615
5 1778 2117 3276 3616 3617
5 1517 1550 3153 3618 3619
5 547 2714 3620 3621 3622
5 1388 2512 3623 3624 3625
5 1031 1377 3339 3626 3627
5 1156 1872 3453 3628 3629
5 365 3088 3456 3630 3631
5 554 2716 3632 3633 3634
5 503 2244 3263 3635 3636
5 1396 2509 3637 3638 3639
5 383 1672 3435 3640 3641
5 616 3071 3432 3642 3643
5 892 2092 3240 3644 3645
5 647 2156 3457 3646 3647
5 1129 2491 3648 3649 3650
5 213 986 3651 3652 3653
5 1586 1906 3654 3655 3656
5 287 2987 3305 3657 3658
5 215 988 3569 3643 3659
5 758 1927 3570 3660 3661
5 154 1653 3662 3663 3664
5 1471 1948 3299 3665 3666
5 1310 2932 3543 3578 3667
5 27 841 3668 3669 3670
5 711 860 3534 3593 3671
5 1431 1991 3321 3672 3673
5 617 3059 3221 3674 3675
5 2030 2763 3676 3677 3678
5 141 1640 3552 3679 3680
5 1520 1538 3681 3682 3683
5 1999 2053 3684 3685 3686
5 1393 2499 3165 3419 3687
5 1316 2935 3688 3689 3690
5 1474 1952 3177 3411 3691
5 1453 1992 3164 3692 3693
5 1000 1424 3694 3695 3696
5 2071 2667 3697 3698 3699
5 220 1237 3163 3700 3701
5 648 2158 3702 3703 3704
5 752 1925 3417 3705 3706
5 46 2317 3196 3707 3708
5 489 2254 3709 3710 3711
5 1353 2812 3220 3712 3713
5 289 2974 3404 3714 3715
5 704 1301 3716 3717 3718
5 1715 2853 3211 3719 3720
5 1571 1916 3721 3722 3723
5 1028 1371 3724 3725 3726
5 361 3083 3136 3727 3728
5 1722 2858 3499 3729 3730
5 889 2098 3290 3496 3731
5 692 1282 3732 3733 3734
5 498 2257 3507 3735 3736
5 1338 2797 3737 3738 3739
5 1777 2125 3503 3740 3741
5 230 1242 3517 3742 3743
5 1522 1548 3511 3744 3745
5 637 2141 3382 3746 3747
5 628 2137 3208 3748 3749
5 2077 2660 3750 3751 3752
5 130 1631 3753 3754 3755
5 472 2387 3756 3757 3758
5 282 2976 3759 3760 3761
5 1720 2862 3526 3762 3763
5 53 2325 3764 3765 3766
5 2008 2056 3767 3768 3769
5 916 2728 3523 3586 3770
5 596 2193 3771 3772 3773
5 1787 2122 3774 3775 3776
5 717 873 3777 3778 3779
5 1759 3041 3780 3781 3782
5 1460 1965 3749 3783 3784
5 1735 2848 3785 3786 3787
5 260 2184 3788 3789 3790
5 1009 1421 3791 3792 3793
5 388 1675 3794 3795 3796
5 441 2292 3797 3798 3799
5 207 980 3800 3801 3802
5 2004 2063 3803 3804 3805
5 800 1613 3717 3806 3807
5 1003 1409 3808 3809 3810
5 501 2260 3811 3812 3813
5 274 2168 3814 3815 3816
5 2276 2964 3817 3818 3819
5 1719 2865 3820 3821 3822
5 735 854 3275 3823 3824
5 583 2213 3825 3826 3827
5 952 2214 3828 3829 3830
5 2344 2444 3506 3831 3832
5 1392 2520 3833 3834 3835
5 550 2723 3509 3836 3837
5 877 2105 3194 3838 3839
5 626 3062 3840 3841 3842
5 43 2335 3843 3844 3845
5 1078 2874 3516 3846 3847
5 209 982 3848 3849 3850
5 726 866 3851 3852 3853
5 1150 1869 3515 3854 3855
5 2017 2065 3819 3856 3857
5 1400 2511 3370 3858 3859
5 444 2306 3860 3861 3862
5 622 3060 3278 3636 3863
5 1279 2573 3864 3865 3866
5 255 2179 3639 3867 3868
5 82 1188 3149 3627 3869
5 1329 2934 3650 3870 3871
5 646 2150 3872 3873 3874
5 699 1292 3492 3875 3876
5 1004 1422 3877 3878 3879
5 535 1214 3652 3880 3881
5 2368 2464 3573 3882 3883
5 993 1419 3433 3576 3884
5 709 1303 3524 3885 3886
5 1161 1857 3596 3887 3888
5 1780 2113 3522 3889 3890
5 1390 2519 3891 3892 3893
5 458 2316 3894 3895 3896
5 553 2725 3897 3898 3899
5 1064 2891 3775 3900 3901
5 653 2160 3546 3582 3902
5 2072 2677 3317 3903 3904
5 1815 3032 3500 3655 3905
5 350 3098 3892 3906 3907
5 119 2683 3908 3909 3910
5 740 1934 3605 3751 3911
5 2277 2948 3767 3882 3912
5 475 2394 3662 3913 3914
5 2409 2523 3671 3915 3916
5 1511 1555 3801 3917 3918
5 808 1601 3919 3920 3921
5 1065 2875 3555 3811 3922
5 1774 2124 3810 3923 3924
5 2073 2671 3925 3926 3927
5 2031 2753 3322 3830 3928
5 1731 2852 3825 3929 3930
5 1691 2832 3420 3931 3932
5 1743 3051 3459 3933 3934
5 2418 2539 3538 3730 3935
5 2078 2658 3738 3936 3937
5 2041 2765 3938 3939 3940
5 1718 2859 3941 3942 3943
5 1897 2564 3541 3736 3944
5 1687 2827 3261 3616 3945
5 2033 2761 3946 3947 3948
5 118 2697 3949 3950 3951
5 561 2720 3532 3696 3952
5 1884 2548 3685 3953 3954
5 891 2101 3647 3955 3956
5 1077 2873 3957 3958 3959
5 2280 2944 3634 3960 3961
5 2408 2532 3962 3963 3964
5 1143 1873 3536 3674 3965
5 332 2994 3124 3635 3966
5 470 2392 3648 3967 3968
5 2370 2459 3388 3690 3969
5 1818 3026 3645 3970 3971
5 1472 1958 3490 3495 3972
5 447 2297 3379 3973 3974
5 106 2691 3975 3976 3977
5 634 2149 3686 3978 3979
5 1447 1987 3504 3980 3981
5 1841 2783 3982 3983 3984
5 98 2690 3327 3985 3986
5 650 2157 3630 3987 3988
5 415 2591 3564 3734 3989
5 264 2164 3754 3798 3990
5 2339 2437 3422 3614 3991
5 462 2390 3558 3992 3993
5 705 1302 3307 3766 3994
5 523 1208 3413 3607 3995
5 352 3087 3740 3996 3997
5 453 2312 3998 3999 4000
5 1811 3022 3620 4001 4002
5 1843 2776 3497 4003 4004
5 12 826 3374 4005 4006
5 798 1597 3477 4007 4008
5 776 2620 4009 4010 4011
5 372 1669 3193 4012 4013
5 261 2173 3363 4014 4015
5 2350 2439 3668 4016 4017
5 750 1926 3508 3665 4018
5 712 862 3384 4019 4020
5 1816 3027 4021 4022 4023
5 1836 2781 3602 3955 4024
5 103 2695 3880 3922 4025
5 603 3067 3360 3709 4026
5 764 2625 3250 3963 4027
5 238 1234 3356 3929 4028
5 1139 1867 4029 4030 4031
5 1323 2919 4032 4033 4034
5 418 2598 3341 3591 4035
5 2348 2434 3683 3702 4036
5 532 1200 3960 4037 4038
5 685 1290 3345 3584 4039
5 1798 3108 3679 3705 4040
5 1081 2910 3140 4041 4042
5 570 2706 4043 4044 4045
5 718 868 3148 3897 4046
5 2083 2664 3933 4047 4048
5 138 1637 3264 3684 4049
5 1122 2488 3493 4050 4051
5 60 2322 4052 4053 4054
5 2000 2057 3135 3513 4055
5 380 1677 3154 3291 3628
5 391 1657 3397 4056 4057
5 1797 3107 3195 4058 4059
5 2023 2759 3889 4060 4061
5 1776 2115 3219 3255 4062
5 1581 1905 3660 4063 4064
5 411 2607 3426 4065 4066
5 1068 2880 3206 4067 4068
5 1273 2584 4069 4070 4071
5 1851 2779 4028 4072 4073
5 309 2973 4074 4075 4076
5 1783 2121 4077 4078 4079
5 109 2686 3260 3430 4080
5 6 820 3279 3936 3991
5 276 2180 3658 3935 4081
5 1793 3106 3445 3989 4082
5 145 1644 3672 4083 4084
5 2376 2465 3938 3986 4085
5 376 1670 3328 4019 4086
5 56 2320 3325 3571 4087
5 1808 3118 3869 4088 4089
5 405 2604 3304 3540 4003
5 26 840 3355 4090 4091
5 1386 2505 3351 4014 4092
5 347 3093 3624 4093 4094
5 2069 2678 3846 4095 4096
5 153 1652 3796 3857 4097
5 459 2389 3346 3521 4098
5 1274 2569 3594 3678 4099
5 1069 2869 3349 3876 4100
5 54 2328 3179 3752 4101
5 2007 2058 3371 4102 4103
5 657 1500 3458 3601 4104
5 1333 2939 3664 4105 4106
5 812 1624 3805 4107 4108
5 427 2595 3449 4109 4110
5 242 1251 4111 4112 4113
5 1099 2906 3158 4114 4115
5 568 2710 3181 3610 3843
5 1135 2495 4116 4117 4118
5 151 1650 3191 4119 4120
5 706 1300 3188 4121 4122
5 251 2178 3128 4037 4123
5 1061 2888 3909 4124 4125
5 795 1623 4126 4127 4128
5 1784 2135 4129 4130 4131
5 114 2682 4036 4132 4133
5 725 865 4034 4134 4135
5 698 1287 4136 4137 4138
5 2372 2453 4029 4139 4140
5 2347 2441 3997 4141 4142
5 1109 2896 3312 4143 4144
5 903 2744 4059 4145 4146
5 813 1606 4147 4148 4149
5 395 1659 4150 4151 4152
5 2010 2044 3247 3878 4143
5 5 819 3207 4153 4154
5 1890 2550 3239 4155 4156
5 291 2985 3589 4157 4158
5 1591 1908 3870 3958 4159
5 179 2649 3200 3242 4160
5 1265 2574 3258 4161 4162
5 493 2258 3226 3777 4163
5 773 2635 4105 4164 4165
5 302 2965 3350 3747 4051
5 1528 1536 3535 3677 4166
5 909 2742 4115 4167 4168
5 933 2224 4102 4169 4170
5 1131 2493 3518 3743 4171
5 751 1930 3330 3794 3912
5 778 2631 3530 4172 4173
5 396 1680 3373 4125 4174
5 1325 2927 3389 4175 4176
5 1886 2556 3946 4177 4178
5 364 3091 3161 4079 4179
5 1117 2478 3378 3707 4180
5 749 1935 3182 4181 4182
5 1848 2775 4183 4184 4185
5 1268 2570 3302 3402 3803
5 182 2640 4139 4186 4187
5 1842 2791 4188 4189 4190
5 34 2330 3241 3926 4191
5 1046 1379 4192 4193 4194
5 1336 2799 3334 3592 3917
5 1113 2477 4195 4196 4197
5 2 816 3138 4027 4198
5 502 2259 3726 4018 4199
5 127 1627 3547 4012 4200
5 615 3070 3185 3396 4201
5 2005 2052 3642 4021 4161
5 922 2733 3159 3851 4202
5 1037 1369 3649 4203 4204
5 1791 3102 3174 4153 4205
5 97 2689 3273 3700 4001
5 592 2189 3144 3941 4206
5 1066 2877 3588 3716 4057
5 1322 2925 4011 4207 4208
5 1810 3023 3133 4177 4209
5 667 1488 3579 3931 4210
5 1728 2850 3694 4017 4211
5 487 2255 3172 3611 4212
5 73 1186 3460 4164 4213
5 1716 2854 3710 3992 4069
5 433 2299 3249 4214 4215
5 1025 1372 3448 4216 4217
5 920 2735 3245 3619 4218
5 1067 2871 4169 4219 4220
5 590 2199 3987 4221 4222
5 2281 2949 3903 4223 4224
5 2082 2676 4225 4226 4227
5 591 2201 4031 4217 4228
5 1883 2545 4180 4229 4230
5 1698 2824 3222 4202 4231
5 1740 3047 3879 4184 4232
5 1524 1542 3401 3597 4233
5 1036 1378 3390 4163 4234
5 1574 1917 3852 4077 4235
5 1727 2846 3394 3765 4150
5 1352 2810 3637 4236 4237
5 1895 2562 3418 4238 4239
5 1564 1914 4240 4241 4242
5 672 1487 3408 4049 4243
5 24 838 3424 3969 4244
5 1461 1957 3771 3967 4245
5 2363 2458 3246 3780 3975
5 607 3072 3791 4246 4247
5 716 870 3256 4248 4249
5 1432 1986 3198 3971 4052
5 1829 3021 3568 4080 4250
5 2022 2756 3915 3918 4251
5 2273 2952 3742 4252 4253
5 2371 2461 4064 4254 4255
5 1757 3042 3913 4213 4256
5 311 3010 3280 4257 4258
5 1072 2872 3285 4104 4259
5 49 2324 3288 3488 4260
5 1590 1921 3487 4088 4261
5 1438 1983 3150 3294 4181
5 2403 2524 3381 4100 4195
5 2373 2450 3466 4262 4263
5 739 1937 3127 3550 4264
5 1018 1414 4265 4266 4267
5 1568 1912 4245 4268 4269
5 366 3094 4270 4271 4272
5 921 2737 3344 4273 4274
5 1713 2856 3139 4214 4275
5 886 2102 4276 4277 4278
5 2402 2521 3563 4279 4280
5 803 1604 3243 3451 4281
5 1011 1417 4282 4283 4284
5 330 3002 3372 3429 4285
5 1725 2861 4286 4287 4288
5 720 864 3450 4140 4289
5 476 2383 3187 3392 4290
5 150 1649 3461 4208 4291
5 2417 2536 3400 4292 4293
5 1163 1874 4294 4295 4296
5 272 2170 3489 3995 4297
5 1756 3039 3471 4024 4298
5 279 2983 3475 4196 4299
5 528 1206 3180 4300 4301
5 1584 1918 4046 4302 4303
5 298 2975 3703 4304 4305
5 1260 2578 3336 3729 4306
5 1822 3030 3527 4073 4307
5 775 2615 3358 3727 4308
5 25 839 4068 4309 4310
5 1589 1911 4311 4312 4313
5 404 2600 3143 4030 4314
5 336 3007 3910 4315 4316
5 756 1936 3248 4185 4317
5 1256 2579 3225 4175 4318
5 1470 1964 4319 4320 4321
5 1254 2582 4251 4322 4323
5 1847 2777 3427 4324 4325
5 542 1205 4326 4327 4328
5 1096 2904 3502 3699 4329
5 2359 2446 4330 4331 4332
5 1782 2128 3701 4333 4334
5 883 2112 4335 4336 4337
5 1729 2847 3468 4290 4338
5 162 2652 3924 4326 4339
5 234 1246 3155 4281 4340
5 1076 2885 4293 4341 4342
5 641 2155 4323 4343 4344
5 1579 1915 4238 4345 4346
5 1734 2844 3444 3862 3964
5 90 1167 4347 4348 4349
5 571 2701 3874 4350 4351
5 2080 2662 3454 4134 4352
5 1896 2561 3925 3970 4353
5 1693 2838 3431 4354 4355
5 2419 2538 3877 3976 4356
5 1263 2585 3774 3881 4357
5 1711 2841 4358 4359 4360
5 1881 2547 3613 4257 4361
5 538 1219 3301 4362 4363
5 1852 2788 3562 4152 4364
5 1278 2588 4260 4365 4366
5 116 2687 3757 3900 4367
5 1688 2833 4192 4318 4368
5 1052 2890 3476 4369 4370
5 918 2729 3759 3808 4371
5 229 1252 3762 4189 4372
5 880 2110 4373 4374 4375
5 1732 2863 3365 3656 4376
5 92 1196 3893 4377 4378
5 1048 1368 3486 3898 4379
5 431 2291 3175 3748 3829
5 1397 2504 4265 4380 4381
5 456 2315 4199 4363 4382
5 1017 1407 4280 4383 4384
5 2375 2447 3861 4198 4385
5 1785 2120 4386 4387 4388
5 1359 2817 4389 4390 4391
5 1748 3054 4392 4393 4394
5 651 2161 4135 4272 4395
5 1055 2879 4203 4268 4396
5 1021 1428 3782 4397 4398
5 1710 2842 3661 3894 4399
5 1745 3056 4400 4401 4402
5 902 2096 4403 4404 4405
5 1162 1860 4406 4407 4408
5 2268 2956 3122 4409 4410
5 914 2746 4411 4412 4413
5 436 2294 4145 4414 4415
5 552 2717 3151 3483 4283
5 2025 2755 3673 4416 4417
5 1459 1982 3844 4418 4419
5 1762 3053 3837 4382 4420
5 899 2111 4297 4421 4422
5 949 2232 3329 3842 4423
5 580 2210 4338 4424 4425
5 263 2175 3338 4004 4426
5 2289 2961 4427 4428 4429
5 1166 1861 4341 4430 4431
5 452 2311 3359 3854 4432
5 2035 2770 4333 4433 4434
5 216 989 3853 4435 4436
5 797 1621 3292 4112 4437
5 430 2611 3899 4089 4438
5 2024 2751 4385 4439 4440
5 466 2397 3942 4441 4442
5 194 967 3380 3474 3491
5 1457 1980 4191 4443 4444
5 1110 2898 3269 4445 4446
5 1737 3052 3266 4447 4448
5 955 2217 4396 4449 4450
5 1856 2778 3286 3934 4451
5 288 2988 4452 4453 4454
5 664 1503 4455 4456 4457
5 1326 2929 3203 4269 4458
5 240 1229 4271 4459 4460
5 905 2739 3199 3927 4373
5 1258 2581 4062 4225 4406
5 2287 2963 3316 4391 4461
5 305 2984 4381 4462 4463
5 1704 2826 3567 4162 4455
5 2378 2455 3310 4232 4453
5 222 1238 3369 3719 4464
5 806 1614 4309 4465 4466
5 894 2106 3559 4467 4468
5 398 1662 3785 3859 4043
5 746 1938 3981 4469 4470
5 370 3097 4110 4187 4471
5 1708 2822 3864 3920 4234
5 337 3006 3883 4097 4472
5 1340 2801 3554 3797 4473
5 2369 2449 3183 3560 3764
5 594 2190 3157 3809 4474
5 464 2396 3770 3806 4475
5 1827 3033 3827 4091 4190
5 1750 3044 3557 3651 3758
5 58 2321 3434 4126 4476
5 2284 2942 3347 3849 4061
5 794 1622 3831 4477 4478
5 1354 2813 3262 3792 3949
5 898 2095 3462 4479 4480
5 440 2307 3439 4481 4482
5 1801 3111 3800 4099 4483
5 569 2708 3823 4334 4484
5 2365 2468 3393 4485 4486
5 2286 2946 3398 3807 4335
5 340 2997 4065 4487 4488
5 790 1619 4137 4279 4489
5 2406 2522 3595 3706 3990
5 1758 3043 3698 4129 4490
5 807 1594 3733 4006 4491
5 896 2086 3548 4417 4492
5 1319 2917 3169 3615 3739
5 225 1244 3631 4033 4493
5 1817 3034 3160 4312 4494
5 1577 1910 3565 3744 4495
5 2343 2443 3906 3932 4496
5 2032 2757 3962 4041 4497
5 1523 1552 3215 4237 4498
5 1587 1903 4058 4230 4499
5 884 2100 3189 4223 4500
5 1476 1949 3654 4092 4501
5 1525 1540 4170 4315 4502
5 1103 2909 4434 4503 4504
5 1754 3038 3544 3681 4505
5 804 1598 4506 4507 4508
5 426 2606 3907 4239 4509
5 2038 2767 4070 4467 4510
5 1468 1959 3354 3525 4511
5 581 2208 4487 4512 4513
5 1088 2905 3977 4183 4514
5 333 2996 3204 4172 4515
5 2285 2958 4045 4464 4516
5 2270 2953 3186 4206 4262
5 1773 2127 4231 4311 4517
5 1015 1410 3308 3561 3821
5 1739 3048 3303 4518 4519
5 1578 1919 3943 4121 4486
5 675 1501 3218 4119 4520
5 363 3085 3914 4009 4479
5 113 2694 3152 4301 4521
5 1775 2119 3549 3633 4522
5 703 1299 3923 4114 4523
5 1805 3115 3629 4111 4218
5 2416 2537 3141 4289 4524
5 237 1227 3908 4103 4324
5 252 2177 3178 3606 4525
5 1439 1988 3618 4294 4437
5 810 1620 3885 4526 4527
5 2367 2460 4207 4256 4276
5 2407 2526 3599 3953 4528
5 1385 2514 3440 3612 3947
5 1132 2492 3410 3604 4529
5 1059 2886 3956 4047 4530
5 1084 2902 3357 3623 4055
5 1266 2577 3646 4531 4532
5 1331 2921 4533 4534 4535
5 1696 2820 3640 4506 4536
5 243 1249 4094 4432 4537
5 1125 2480 4098 4538 4539
5 1097 2899 3531 4016 4380
5 2353 2440 3551 4038 4116
5 677 1504 4501 4540 4541
5 1056 2882 3519 4386 4542
5 77 1176 3190 4543 4544
5 2067 2670 4259 4298 4531
5 228 1248 3529 4465 4545
5 1334 2795 3171 4209 4546
5 1794 3103 3377 4240 4547
5 2341 2436 3123 3945 4246
5 1151 1859 3315 3638 4548
5 614 3063 3769 4549 4550
5 451 2309 4254 4551 4552
5 211 984 3259 4553 4554
5 2278 2951 3233 4236 4555
5 531 1210 3510 3999 4556
5 937 2230 3201 3957 3968
5 2272 2955 3587 4526 4557
5 1395 2503 3528 4067 4319
5 2081 2675 3930 4558 4559
5 1321 2924 3982 4560 4561
5 515 1218 4229 4415 4562
5 474 2393 3227 3921 4563
5 1726 2860 3353 3723 4564
5 802 1608 4292 4519 4565
5 1788 3101 3333 3533 4322
5 387 1674 4220 4325 4566
5 2345 2435 3216 4286 4500
5 378 1673 3184 3820 4567
5 943 2215 3409 3750 3814
5 1137 1871 3799 4040 4568
5 359 3079 3254 3979 4569
5 79 1169 4222 4352 4459
5 1845 2786 4023 4355 4553
5 294 2971 3756 3812 4357
5 1130 2490 3126 3632 4570
5 1804 3114 4035 4302 4571
5 2342 2438 3232 4548 4572
5 2006 2055 3714 4427 4495
5 367 3096 4435 4517 4573
5 934 2231 4270 4574 4575
5 2355 2431 4329 4576 4577
5 2279 2954 3368 3512 4578
5 688 1288 3708 4241 4414
5 674 1491 3545 4132 4579
5 1348 2800 3376 3446 4136
5 1697 2829 3984 4244 4513
5 545 2712 3210 3228 4580
5 1007 1413 3425 4560 4581
5 1752 3036 3253 3407 3954
5 1149 1863 3980 4141 4490
5 714 859 3162 3621 4503
5 65 1182 3383 3463 3985
5 2075 2659 4252 4273 4542
5 1821 3020 3223 4235 4582
5 1749 3045 3666 3998 4583
5 159 2648 3337 3539 4584
5 1434 1996 3667 4477 4585
5 354 3095 4165 4277 4586
5 1534 1544 3469 4584 4587
5 957 2239 3895 4588 4589
5 1102 2893 3251 3443 4440
5 522 1222 3772 3871 4449
5 793 1617 3778 4368 4590
5 760 1939 4356 4454 4591
5 1482 1954 3833 4466 4515
5 1855 2780 3688 4066 4359
5 1800 3110 3838 4083 4347
5 1529 1556 3720 4592 4593
5 1700 2831 3326 4551 4594
5 1684 2836 3134 4481 4595
5 1730 2866 3904 4120 4596
5 1309 2930 3891 4210 4346
5 1350 2804 3313 3421 4597
5 308 2970 4167 4339 4598
5 120 2698 3320 3845 4599
5 2039 2766 3274 3692 4600
5 1358 2814 3537 4226 4601
5 509 2249 4211 4463 4602
5 446 2301 3415 3888 4603
5 508 2265 3653 3901 4158
5 1092 2912 4072 4604 4605
5 351 3099 4053 4374 4606
5 122 2681 3916 4483 4607
5 2013 2049 4074 4578 4608
5 1705 2837 3939 4086 4609
5 928 2740 4096 4171 4610
5 2079 2672 3763 4090 4605
5 1898 2563 3129 3641 4611
5 1803 3113 4182 4282 4599
5 2001 2060 3324 4063 4588
5 1451 1976 3581 3682 4612
5 588 2196 3386 4358 4581
5 316 3008 3617 3950 4613
5 2026 2764 4409 4538 4614
5 1825 3031 3713 4408 4615
5 2003 2062 4397 4452 4514
5 1887 2546 4013 4348 4416
5 947 2229 3572 4552 4616
5 1148 1876 4576 4617 4618
5 417 2597 3387 3983 4619
5 1271 2583 3362 4620 4621
5 69 1190 4304 4505 4622
5 1721 2867 3235 4266 4331
5 1022 1375 3416 3755 4623
5 38 2333 4255 4624 4625
5 319 3012 3815 4626 4627
5 30 844 4307 4559 4628
5 149 1648 3768 4629 4630
5 214 987 3813 4631 4632
5 2027 2749 3784 4633 4634
5 1820 3016 3721 4015 4635
5 193 966 4547 4562 4636
5 1746 3050 3741 4617 4637
5 1146 1866 3795 4549 4638
5 1526 1557 3230 3787 4639
5 738 1944 4473 4640 4641
5 540 1207 4365 4642 4643
5 1760 3040 4107 4233 4430
5 1709 2821 4377 4644 4645
5 379 1679 4475 4646 4647
5 87 1191 4122 4425 4648
5 2021 2752 4595 4649 4650
5 478 2388 4411 4573 4582
5 1443 1985 3761 4523 4651
5 479 2400 4291 4394 4586
5 1343 2796 3732 4384 4652
5 339 3013 4476 4653 4654
5 101 2692 4219 4285 4655
5 1444 1974 4032 4221 4574
5 1477 1966 4026 4510 4656
5 598 2192 4253 4657 4658
5 1115 2481 3176 4351 4633
5 565 2704 4540 4635 4659
5 2349 2425 3166 4345 4644
5 2037 2771 3858 4592 4660
5 497 2266 4545 4661 4662
5 743 1940 4594 4663 4664
5 1452 1973 4200 4665 4666
5 564 2721 3704 4402 4667
5 327 3003 3332 4629 4668
5 1121 2476 3585 4060 4669
5 158 2646 3142 4216 4670
5 9 823 4082 4489 4671
5 2379 2471 4488 4561 4672
5 521 1224 4673 4674 4675
5 1062 2884 3405 4676 4677
5 2411 2530 4243 4569 4678
5 730 857 3340 3788 4261
5 1080 2889 3835 4662 4679
5 926 2732 4536 4653 4680
5 541 1223 3832 4535 4681
5 2420 2543 4228 4471 4682
5 1124 2485 4146 4683 4684
5 1839 2794 3781 4144 4591
5 1436 1994 4305 4579 4685
5 1093 2916 4332 4686 4687
5 245 1233 3786 4688 4689
5 1050 1383 3773 3959 4690
5 1892 2558 4691 4692 4693
5 91 1173 3840 4609 4694
5 1692 2840 3577 4127 4695
5 217 990 4429 4696 4697
5 1090 2915 4314 4698 4699
5 31 845 4360 4672 4700
5 2274 2962 4264 4674 4701
5 88 1170 3583 4133 4400
5 155 1654 4131 4702 4703
5 494 2264 3481 4247 4613
5 737 876 4682 4699 4704
5 1792 3105 3753 3887 4640
5 1100 2901 4188 4511 4558
5 2009 2059 3884 4508 4705
5 1079 2892 3886 4337 4647
5 402 2612 4138 4693 4706
5 958 2220 3428 4124 4707
5 1806 3116 4295 4340 4708
5 484 2386 4656 4709 4710
5 1402 2501 3728 3855 4445
5 1341 2809 4410 4711 4712
5 736 852 3841 4085 4713
5 1106 2897 3725 4556 4714
5 513 2246 3437 4468 4715
5 369 3084 4589 4624 4664
5 1893 2553 4242 4683 4716
5 29 843 4173 4679 4717
5 212 985 3224 4179 4718
5 152 1651 4288 4719 4720
5 2028 2758 3839 4155 4665
5 258 2181 3731 4148 4642
5 610 3076 3331 3574 3856
5 534 1197 3197 3974 4716
5 1480 1946 3873 3928 4205
5 608 3074 4248 4407 4721
5 754 1931 3697 3996 4722
5 1479 1967 3438 3993 4723
5 1576 1924 4608 4677 4724
5 2074 2665 4287 4543 4725
5 940 2236 4284 4300 4418
5 1733 2849 4621 4710 4715
5 691 1297 3890 4711 4726
5 21 837 4727 4728 4729
5 633 2140 3737 4258 4730
5 1796 3104 4005 4383 4706
5 1442 1978 3735 4007 4533
5 320 3011 4387 4610 4657
5 2019 2048 4446 4537 4731
5 1712 2823 3482 4732 4733
5 408 2605 4555 4734 4735
5 733 849 3675 4227 4736
5 930 2748 3293 4708 4737
5 2282 2957 4580 4660 4689
5 696 1296 4349 4666 4738
5 652 2162 4316 4566 4739
5 2016 2051 4250 4740 4741
5 455 2314 4541 4564 4742
5 710 1306 4743 4744 4745
5 679 1495 4428 4676 4746
5 1449 1989 4002 4433 4747
5 1799 3109 3783 4748 4749
5 1051 1366 3804 4342 4750
5 519 1221 4557 4646 4751
5 1706 2818 3173 3948 4728
5 28 842 3952 4330 4462
5 323 3009 4320 4661 4752
5 676 1507 4224 4719 4753
5 1533 1560 4389 4572 4754
5 734 846 3802 4344 4755
5 246 1225 3323 4749 4756
5 1832 3014 3441 4729 4757
5 2275 2959 4403 4520 4725
5 2377 2456 3817 4638 4668
5 784 2634 4310 4752 4758
5 763 1941 3484 4419 4759
5 2423 2540 3470 4426 4760
5 1030 1382 4399 4625 4761
5 785 2622 4472 4550 4762
5 732 871 3988 4763 4764
5 1833 3035 4375 4444 4765
5 2405 2528 4275 4439 4766
5 1828 3017 4308 4731 4767
5 1882 2551 4212 4649 4757
5 1769 2132 3793 3966 4732
5 165 2651 3972 4643 4768
5 341 2995 3868 4735 4754
5 1128 2483 4568 4623 4769
5 680 1492 3472 4530 4770
5 1313 2933 4451 4532 4770
5 1356 2815 4193 4563 4771
5 284 2982 4263 4441 4648
5 619 3064 4544 4753 4772
5 371 3086 4130 4469 4577
5 19 833 3828 4350 4748
5 181 2650 4353 4606 4773
5 268 2166 3213 3231 4774
5 687 1283 3746 4369 4775
5 84 1195 3790 4379 4571
5 2034 2772 3464 4423 4776
5 708 1305 4201 4364 4777
5 912 2741 3745 4075 4746
5 557 2702 3724 4583 4778
5 623 3077 4457 4554 4741
5 275 2167 4522 4673 4779
5 1463 1971 3283 3911 4626
5 1108 2913 4328 4371 4744
5 2361 2433 4404 4596 4772
5 310 2989 4117 4779 4780
5 1900 2567 4654 4705 4781
5 1830 3018 3693 4484 4782
5 1888 2559 3494 3937 4783
5 1458 1995 4474 4598 4745
5 1332 2938 3779 3866 4771
5 1315 2937 4460 4764 4784
5 1403 2518 3566 4076 4696
5 1484 1969 3608 4149 4785
5 640 2145 3406 3600 4786
5 1347 2808 4166 4343 4607
5 1694 2843 4078 4412 4787
5 1889 2555 4448 4678 4788
5 184 2656 4601 4721 4789
5 1134 2496 3284 4101 4790
5 770 2633 3267 3514 4093
5 572 2726 4118 4701 4791
5 624 3057 3850 4539 4726
5 1437 1998 3455 4784 4792
5 1535 1546 3452 4737 4793
5 2357 2430 3863 3951 4733
5 2290 2947 4424 4485 4794
5 1467 1972 4420 4714 4795
5 156 2655 4652 4671 4692
5 61 2338 3822 4777 4796
5 1127 2487 3314 4783 4797
5 1264 2590 4354 4740 4798
5 1165 1878 3847 4658 4799
5 413 2613 4602 4687 4800
5 1902 2565 3479 4681 4801
5 1809 3119 4366 4422 4785
5 40 2336 4376 4659 4802
5 2381 2457 4106 4393 4480
5 1391 2516 3695 4686 4803
5 399 1655 4084 4156 4804
5 1049 1365 4186 4698 4805
5 35 2329 3130 4507 4806
5 811 1603 3867 4461 4807
5 1107 2914 4142 4702 4808
5 1044 1364 3300 3836 4809
5 1807 3117 3609 4521 4759
5 575 2205 3343 3520 4810
5 787 2617 3436 4071 4811
5 2413 2534 3447 4491 4691
5 761 1929 3961 4780 4812
5 1002 1429 3689 4512 4813
5 897 2103 3711 4814 4815
5 924 2734 3366 3715 4816
5 303 2980 3236 3669 4803
5 121 2684 4504 4782 4817
5 41 2331 3414 4147 4818
5 662 1508 4509 4645 4819
5 2415 2529 4641 4769 4820
5 277 2182 3905 4742 4821
5 2410 2535 4050 4370 4822
5 1763 3055 3776 4632 4823
5 2085 2666 4470 4637 4808
5 32 2337 4636 4684 4824
5 1831 3019 4709 4811 4815
5 1133 2497 4458 4690 4825
5 257 2185 4615 4736 4826
5 1019 1412 4534 4827 4828
5 2412 2527 3335 3676 4755
5 727 848 3919 4176 4829
5 176 2639 3156 3760 4830
5 469 2399 4025 4157 4823
5 931 2234 4154 4634 4831
5 183 2641 3498 3657 4832
5 400 1663 3465 4713 4833
5 1330 2922 3687 4819 4834
5 2040 2768 4516 4639 4835
5 1761 3049 3944 4478 4828
5 694 1294 3973 4499 4824
5 1317 2940 3297 3834 4758
5 249 2183 3680 4603 4820
5 600 2211 4436 4494 4787
5 2422 2541 3272 4108 4836
5 164 2653 3309 4151 4837
5 748 1942 3818 4762 4838
5 1486 1955 3826 4604 4839
5 1592 1923 4496 4834 4840
5 450 2304 3872 4756 4831
5 2288 2945 4095 4810 4841
5 1901 2566 4160 4765 4842
5 1516 1563 4401 4685 4843
5 1513 1562 4518 4750 4844
5 939 2238 3282 4525 4845
5 941 2241 3789 4438 4846
5 105 2699 4022 4456 4847
5 85 1177 4010 4392 4848
5 248 1253 4388 4841 4849
5 636 2152 4492 4738 4804
5 393 1665 3244 4296 4850
5 2068 2673 4575 4763 4851
5 2012 2043 3598 4565 4852
5 1849 2785 3994 4567 4853
5 2354 2442 4570 4675 4854
5 1399 2498 4546 4650 4855
5 782 2616 4362 4778 4856
5 1404 2517 4390 4774 4857
5 661 1510 4443 4773 4858
5 2374 2463 4020 4776 4859
5 1834 2790 4197 4775 4860
5 658 1506 4612 4667 4861
5 574 2203 3202 4204 4862
5 2076 2669 3712 4249 4863
5 2014 2061 4128 4611 4864
5 2362 2466 4215 4497 4865
5 1406 2502 4802 4821 4866
5 2364 2469 4670 4704 4867
5 2020 2064 4707 4739 4868
5 514 2267 4585 4801 4869
5 483 2382 4669 4712 4870
5 1767 2134 4123 4791 4871
5 1277 2589 3603 4048 4872
5 512 2242 4178 4482 4873
5 599 2209 4395 4792 4874
5 789 2636 4836 4844 4875
5 2366 2472 4796 4837 4876
5 786 2619 4044 4593 4877
5 2018 2042 4786 4788 4878
5 481 2398 3391 4590 4879
5 1854 2793 3816 4790 4880
5 578 2206 4327 4651 4881
5 1840 2792 4081 4587 4882
5 482 2384 4056 4527 4883
5 2380 2470 3896 4087 4884
5 1781 2131 3622 4600 4885
5 2066 2674 4361 4597 4886
5 2358 2424 4730 4797 4887
5 681 1509 4760 4832 4888
5 2015 2047 4616 4761 4889
5 781 2632 3718 4751 4890
5 511 2247 3824 4747 4891
5 429 2610 4442 4794 4892
5 951 2235 3385 3940 4893
5 1530 1545 3626 4303 4846
5 702 1295 3860 4042 4894
5 59 2332 4529 4627 4895
5 443 2298 3978 4447 4896
5 401 1683 4695 4781 4897
5 645 2148 3875 4299 4898
5 1033 1384 4421 4768 4818
5 167 2657 4113 4793 4850
5 1160 1875 3625 4767 4899
5 1532 1561 4697 4724 4816
5 2036 2769 4620 4723 4814
5 729 875 4313 4413 4718
5 1357 2816 3125 3277 3480
5 673 1498 3364 3501 4900
5 1136 2494 4274 4799 4849
5 278 2186 3318 4405 4720
5 809 1618 3298 4321 4717
5 1899 2568 3580 4378 4840
5 1837 2789 4174 4502 4901
5 1047 1380 3663 4278 4848
5 537 1220 3590 4367 4631
5 135 1635 3252 4878 4902
5 759 1928 3691 4880 4903
5 485 2385 4833 4893 4904
5 2084 2680 4054 4842 4905
5 573 2212 4822 4898 4906
5 2356 2428 4498 4807 4907
5 510 2263 4000 4809 4908
5 2360 2445 3902 4843 4909
5 457 2313 3137 3268 4899
5 2421 2542 3311 4317 4398
5 900 2094 4827 4869 4910
5 15 831 3168 4886 4887
5 397 1681 3575 4630 4838
5 1770 2136 4789 4826 4911
5 788 2614 4766 4894 4912
5 486 2401 4450 4825 4913
5 1405 2500 4806 4897 4914
5 1786 2133 4743 4830 4915
5 654 2163 3287 3473 4872
5 147 1646 3848 4870 4916
5 62 2334 3659 4798 4847
5 1456 1997 4618 4703 4722
5 911 2747 4336 4883 4890
5 1573 1922 4663 4884 4889
5 23 835 3442 4865 4912
5 185 2654 4372 4628 4839
5 123 2685 4694 4859 4904
5 1020 1411 4680 4864 4914
5 428 2594 4306 4882 4888
5 567 2724 3670 4267 4800
5 1164 1862 4109 4867 4917
5 2352 2426 3542 4008 4910
5 1262 2587 4431 4852 4875
5 882 2107 3395 4853 4876
5 199 972 3348 4860 4906
5 226 1250 4655 4868 4901
5 927 2731 3644 4858 4905
5 655 1505 4528 4896 4902
5 2070 2679 4845 4895 4903
5 1401 2513 3212 4835 4918
5 506 2245 4194 4829 4919
5 247 1231 4817 4885 4891
5 1764 2130 4039 4614 4916
5 956 2240 4619 4700 4813
5 410 2609 3865 4879 4919
5 1593 1909 4812 4854 4871
5 205 978 4727 4855 4873
5 745 1943 4795 4856 4908
5 1485 1953 4159 4862 4913
5 597 2207 4524 4805 4917
5 71 1193 4493 4851 4874
5 89 1175 4688 4877 4918
5 707 1304 3146 3467 4892
5 102 2696 4622 4861 4909
5 1465 1968 3722 4866 4900
5 1145 1877 4734 4857 4907
5 999 1430 4168 4881 4915
5 1275 2572 3965 4863 4911
