# Generated using Miratope v0.5.0 (https://github.com/galoomba1/miratope-rs)
4OFF

# Vertices, Faces, Edges, Cells
120 4200 1200 1320

# Vertices
0.0834626338555 0 0.3535533905933 0.5 
-0.4885987689621 0 0.2185080122244 0.3090169943749 
-0.1350453783689 0.5 0.1350453783689 0.3090169943749 
-0.1350453783689 0.3090169943749 -0.1350453783689 0.5 
-0.3535533905933 -0 -0.0834626338555 0.5 
-0.3535533905933 0.3090169943749 0.3535533905933 0.1909830056251 
-0 -0 0 0.6180339887499 
-0 0.3090169943749 0.4370160244488 0.3090169943749 
-0.2185080122244 0 0.4885987689621 0.3090169943749 
-0.2185080122244 -0.1909830056251 0.2185080122244 0.5 
0.1350453783689 0.3090169943749 0.1350453783689 0.5 
-0.4370160244488 0.3090169943749 -0 0.3090169943749 
0.0834626338555 -0 0.3535533905933 -0.5 
-0.4885987689621 0 0.2185080122244 -0.3090169943749 
-0.1350453783689 0.1909830056251 0.5720614028177 -0 
-0.1350453783689 -0.1909830056251 0.5720614028177 -0 
-0.3535533905933 -0.3090169943749 0.3535533905933 -0.1909830056251 
-0.3535533905933 0.3090169943749 0.3535533905933 -0.1909830056251 
-0 -0.3090169943749 0.4370160244488 -0.3090169943749 
-0 0.3090169943749 0.4370160244488 -0.3090169943749 
-0.2185080122244 0.1909830056251 0.2185080122244 -0.5 
-0.2185080122244 -0.1909830056251 0.2185080122244 -0.5 
0.1350453783689 0 0.5720614028177 -0.1909830056251 
-0.4370160244488 0 0.4370160244488 -0 
0.0834626338555 0.5 -0.3535533905933 0 
-0.4885987689621 0.3090169943749 -0.2185080122244 0 
-0.1350453783689 0.5 0.1350453783689 -0.3090169943749 
-0.1350453783689 0.3090169943749 -0.1350453783689 -0.5 
-0.3535533905933 0.1909830056251 -0.3535533905933 -0.3090169943749 
-0.3535533905933 0.5 0.0834626338555 -0 
-0 0.3090169943749 -0.4370160244488 -0.3090169943749 
-0 0.6180339887499 -0 -0 
-0.2185080122244 0.5 -0.2185080122244 0.1909830056251 
-0.2185080122244 0.3090169943749 -0.4885987689621 0 
0.1350453783689 0.5 -0.1350453783689 -0.3090169943749 
-0.4370160244488 0.3090169943749 -0 -0.3090169943749 
-0.1350453783689 -0.5 0.1350453783689 -0.3090169943749 
-0.1350453783689 -0.3090169943749 -0.1350453783689 -0.5 
-0.3535533905933 -0 -0.0834626338555 -0.5 
-0 -0 0 -0.6180339887499 
-0.2185080122244 0 0.4885987689621 -0.3090169943749 
0.1350453783689 -0.3090169943749 0.1350453783689 -0.5 
-0.4370160244488 -0.3090169943749 -0 -0.3090169943749 
0.0834626338555 -0.5 -0.3535533905933 0 
-0.4885987689621 -0.3090169943749 -0.2185080122244 0 
-0.1350453783689 -0.5 0.1350453783689 0.3090169943749 
-0.1350453783689 -0.3090169943749 -0.1350453783689 0.5 
-0.3535533905933 -0.1909830056251 -0.3535533905933 0.3090169943749 
-0.3535533905933 -0.5 0.0834626338555 -0 
-0 -0.3090169943749 -0.4370160244488 0.3090169943749 
-0 -0.6180339887499 -0 -0 
-0.2185080122244 -0.5 -0.2185080122244 -0.1909830056251 
-0.2185080122244 -0.3090169943749 -0.4885987689621 0 
0.1350453783689 -0.5 -0.1350453783689 0.3090169943749 
-0.4370160244488 -0.3090169943749 -0 0.3090169943749 
-0.3535533905933 -0.3090169943749 0.3535533905933 0.1909830056251 
-0 -0.3090169943749 0.4370160244488 0.3090169943749 
-0.2185080122244 0.1909830056251 0.2185080122244 0.5 
0.1350453783689 0 0.5720614028177 0.1909830056251 
0.1350453783689 -0.3090169943749 0.1350453783689 0.5 
-0.1350453783689 -0 -0.5720614028177 0.1909830056251 
-0.1350453783689 -0 -0.5720614028177 -0.1909830056251 
-0.3535533905933 -0.1909830056251 -0.3535533905933 -0.3090169943749 
-0 -0.3090169943749 -0.4370160244488 -0.3090169943749 
-0.2185080122244 -0.5 -0.2185080122244 0.1909830056251 
0.1350453783689 -0.1909830056251 -0.5720614028177 0 
-0.4370160244488 -0 -0.4370160244488 0 
-0.3535533905933 0.1909830056251 -0.3535533905933 0.3090169943749 
-0 0.3090169943749 -0.4370160244488 0.3090169943749 
-0.2185080122244 0.5 -0.2185080122244 -0.1909830056251 
0.1350453783689 0.5 -0.1350453783689 0.3090169943749 
0.1350453783689 0.1909830056251 -0.5720614028177 0 
0.1350453783689 0.3090169943749 0.1350453783689 -0.5 
0.1350453783689 -0.5 -0.1350453783689 -0.3090169943749 
0.4370160244488 -0.3090169943749 -0 -0.3090169943749 
0.4370160244488 0.3090169943749 -0 -0.3090169943749 
0.2185080122244 0.1909830056251 -0.2185080122244 -0.5 
0.2185080122244 -0.1909830056251 -0.2185080122244 -0.5 
0.5720614028177 -0 0.1350453783689 -0.1909830056251 
0.3535533905933 0.1909830056251 0.3535533905933 -0.3090169943749 
0.3535533905933 -0.1909830056251 0.3535533905933 -0.3090169943749 
0.4885987689621 -0 -0.2185080122244 -0.3090169943749 
0.4370160244488 -0 -0.4370160244488 0 
0.4370160244488 0.3090169943749 -0 0.3090169943749 
0.2185080122244 0.1909830056251 -0.2185080122244 0.5 
0.2185080122244 -0 -0.4885987689621 0.3090169943749 
0.5720614028177 0.1909830056251 -0.1350453783689 -0 
0.3535533905933 0.5 -0.0834626338555 -0 
0.3535533905933 0.3090169943749 -0.3535533905933 -0.1909830056251 
0.4885987689621 -0 -0.2185080122244 0.3090169943749 
0.4370160244488 -0.3090169943749 -0 0.3090169943749 
0.4370160244488 -0 0.4370160244488 -0 
0.2185080122244 -0.3090169943749 0.4885987689621 -0 
0.2185080122244 -0.5 0.2185080122244 0.1909830056251 
0.5720614028177 -0 0.1350453783689 0.1909830056251 
0.3535533905933 0.1909830056251 0.3535533905933 0.3090169943749 
0.3535533905933 -0 0.0834626338555 0.5 
0.4885987689621 -0.3090169943749 0.2185080122244 -0 
0.2185080122244 -0.1909830056251 -0.2185080122244 0.5 
0.3535533905933 -0.1909830056251 0.3535533905933 0.3090169943749 
0.2185080122244 -0.5 0.2185080122244 -0.1909830056251 
0.3535533905933 -0 0.0834626338555 -0.5 
0.2185080122244 -0 -0.4885987689621 -0.3090169943749 
0.3535533905933 0.3090169943749 -0.3535533905933 0.1909830056251 
0.2185080122244 0.3090169943749 0.4885987689621 -0 
0.2185080122244 0.5 0.2185080122244 -0.1909830056251 
0.4885987689621 0.3090169943749 0.2185080122244 -0 
0.5720614028177 -0.1909830056251 -0.1350453783689 -0 
0.3535533905933 -0.5 -0.0834626338555 -0 
0.3535533905933 -0.3090169943749 -0.3535533905933 0.1909830056251 
0.2185080122244 0.5 0.2185080122244 0.1909830056251 
0.3535533905933 -0.3090169943749 -0.3535533905933 -0.1909830056251 
-0.5720614028177 0.1909830056251 0.1350453783689 -0 
-0.5720614028177 -0.1909830056251 0.1350453783689 -0 
-0.5720614028177 0 -0.1350453783689 -0.1909830056251 
-0.0834626338555 0.5 0.3535533905933 -0 
-0.5720614028177 0 -0.1350453783689 0.1909830056251 
-0.0834626338555 -0.5 0.3535533905933 -0 
-0.0834626338555 -0 -0.3535533905933 0.5 
-0.0834626338555 -0 -0.3535533905933 -0.5 

# Faces
3 1 2 0
3 0 3 1
3 2 4 0
3 3 5 0
3 4 5 0
3 1 2 6
3 1 3 7
3 1 7 6
3 2 4 8
3 6 8 2
3 3 5 9
3 3 9 7
3 4 5 10
3 4 8 10
3 5 10 9
3 6 11 7
3 8 11 6
3 9 11 7
3 8 10 11
3 10 11 9
3 13 14 12
3 12 13 15
3 14 16 12
3 12 17 15
3 12 16 17
3 14 18 13
3 15 19 13
3 13 19 18
3 14 16 20
3 18 20 14
3 15 17 21
3 15 21 19
3 16 22 17
3 20 22 16
3 17 21 22
3 18 19 23
3 18 20 23
3 19 23 21
3 20 23 22
3 21 22 23
3 24 25 26
3 24 27 25
3 26 28 24
3 27 29 24
3 24 29 28
3 26 30 25
3 27 31 25
3 25 31 30
3 28 32 26
3 30 32 26
3 29 33 27
3 27 31 33
3 28 29 34
3 28 34 32
3 33 34 29
3 30 35 31
3 32 35 30
3 31 33 35
3 32 35 34
3 34 35 33
3 12 36 13
3 12 37 13
3 12 36 38
3 12 37 16
3 12 38 16
3 13 39 36
3 13 18 37
3 13 18 39
3 36 38 40
3 39 40 36
3 16 37 20
3 18 37 20
3 16 41 38
3 40 41 38
3 16 41 20
3 39 18 42
3 39 42 40
3 18 42 20
3 40 42 41
3 41 42 20
3 43 44 45
3 43 46 44
3 43 45 47
3 46 48 43
3 43 47 48
3 44 49 45
3 44 46 50
3 44 50 49
3 45 47 51
3 49 51 45
3 46 48 52
3 46 52 50
3 47 53 48
3 51 53 47
3 52 53 48
3 50 54 49
3 49 54 51
3 52 54 50
3 51 54 53
3 52 54 53
3 0 1 14
3 1 15 0
3 0 14 55
3 0 5 15
3 5 55 0
3 1 14 56
3 1 7 15
3 1 7 56
3 14 55 57
3 14 56 57
3 5 9 15
3 7 9 15
3 5 58 55
3 55 58 57
3 5 9 58
3 56 23 7
3 56 57 23
3 9 23 7
3 58 23 57
3 58 23 9
3 1 45 0
3 0 46 1
3 0 4 45
3 0 55 46
3 0 4 55
3 1 45 6
3 56 46 1
3 6 56 1
3 8 45 4
3 6 8 45
3 55 46 57
3 56 46 57
3 4 59 55
3 4 59 8
3 55 57 59
3 6 56 54
3 8 54 6
3 56 54 57
3 8 54 59
3 57 59 54
3 43 60 44
3 44 61 43
3 43 60 62
3 47 61 43
3 47 62 43
3 60 63 44
3 44 49 61
3 49 63 44
3 62 64 60
3 63 64 60
3 51 61 47
3 49 61 51
3 62 65 47
3 64 65 62
3 51 65 47
3 49 66 63
3 63 64 66
3 49 66 51
3 64 66 65
3 65 66 51
3 24 25 2
3 24 3 25
3 2 67 24
3 24 29 3
3 24 29 67
3 2 68 25
3 25 31 3
3 31 68 25
3 2 69 67
3 68 69 2
3 29 3 33
3 31 33 3
3 67 29 70
3 69 70 67
3 33 70 29
3 68 31 11
3 68 11 69
3 33 11 31
3 69 70 11
3 33 11 70
3 24 25 60
3 24 61 25
3 28 60 24
3 24 67 61
3 24 28 67
3 25 30 60
3 25 68 61
3 25 30 68
3 28 32 60
3 30 60 32
3 67 61 69
3 69 61 68
3 28 71 67
3 28 32 71
3 67 71 69
3 30 68 66
3 30 66 32
3 69 66 68
3 32 66 71
3 69 66 71
3 12 26 13
3 12 13 27
3 38 26 12
3 17 27 12
3 12 17 38
3 13 39 26
3 19 27 13
3 13 19 39
3 40 26 38
3 39 26 40
3 21 27 17
3 21 27 19
3 17 72 38
3 40 72 38
3 17 21 72
3 39 35 19
3 39 40 35
3 19 21 35
3 72 35 40
3 21 35 72
3 43 44 36
3 43 44 37
3 43 36 62
3 43 37 48
3 43 48 62
3 63 36 44
3 44 50 37
3 44 50 63
3 62 36 64
3 63 36 64
3 52 37 48
3 52 37 50
3 62 73 48
3 62 73 64
3 63 42 50
3 64 42 63
3 52 73 48
3 50 42 52
3 64 73 42
3 73 42 52
3 74 75 12
3 12 76 74
3 12 77 75
3 76 78 12
3 77 78 12
3 74 39 75
3 76 79 74
3 74 39 79
3 77 80 75
3 75 39 80
3 76 41 78
3 76 79 41
3 77 78 72
3 77 80 72
3 78 72 41
3 79 81 39
3 80 81 39
3 79 41 81
3 72 81 80
3 72 81 41
3 82 83 24
3 82 84 24
3 24 83 85
3 24 86 84
3 24 85 86
3 83 68 82
3 82 87 84
3 82 87 68
3 83 88 85
3 83 68 88
3 86 71 84
3 87 71 84
3 86 70 85
3 88 70 85
3 86 71 70
3 68 89 87
3 88 89 68
3 71 89 87
3 88 89 70
3 71 89 70
3 0 90 91
3 0 92 90
3 91 93 0
3 0 92 94
3 93 94 0
3 91 56 90
3 90 92 95
3 90 56 95
3 91 96 93
3 91 96 56
3 92 59 94
3 92 95 59
3 93 94 58
3 93 96 58
3 94 59 58
3 56 97 95
3 96 97 56
3 59 97 95
3 58 97 96
3 59 97 58
3 0 90 45
3 0 46 90
3 45 98 0
3 46 93 0
3 0 98 93
3 45 6 90
3 56 90 46
3 6 90 56
3 45 99 98
3 45 6 99
3 96 46 93
3 56 96 46
3 98 93 9
3 98 99 9
3 96 9 93
3 6 56 53
3 99 53 6
3 96 53 56
3 99 9 53
3 9 53 96
3 12 91 74
3 12 74 92
3 12 91 100
3 12 78 92
3 78 100 12
3 74 18 91
3 74 92 79
3 74 18 79
3 91 100 101
3 18 101 91
3 78 41 92
3 79 92 41
3 78 22 100
3 101 22 100
3 78 22 41
3 79 97 18
3 18 97 101
3 41 97 79
3 101 97 22
3 41 97 22
3 60 82 24
3 24 82 61
3 24 102 60
3 24 61 85
3 24 102 85
3 60 30 82
3 68 61 82
3 68 82 30
3 60 103 102
3 30 103 60
3 88 61 85
3 68 88 61
3 85 33 102
3 102 103 33
3 88 33 85
3 68 65 30
3 103 65 30
3 68 88 65
3 33 65 103
3 33 65 88
3 0 83 90
3 0 90 84
3 0 98 83
3 0 84 94
3 0 98 94
3 90 83 6
3 90 84 95
3 90 6 95
3 99 83 98
3 6 83 99
3 94 59 84
3 95 59 84
3 94 10 98
3 98 99 10
3 59 10 94
3 95 89 6
3 99 89 6
3 59 89 95
3 99 10 89
3 59 89 10
3 36 74 12
3 37 74 12
3 36 77 12
3 37 100 12
3 77 100 12
3 39 36 74
3 37 74 18
3 39 74 18
3 80 36 77
3 36 80 39
3 100 101 37
3 37 101 18
3 77 21 100
3 77 21 80
3 101 21 100
3 39 18 73
3 39 73 80
3 18 101 73
3 80 73 21
3 101 73 21
3 24 82 75
3 24 82 76
3 102 75 24
3 24 86 76
3 24 102 86
3 82 75 30
3 87 76 82
3 82 87 30
3 102 75 103
3 30 103 75
3 86 76 71
3 87 76 71
3 86 34 102
3 103 34 102
3 87 81 30
3 30 81 103
3 86 71 34
3 87 81 71
3 103 81 34
3 71 81 34
3 12 75 91
3 75 104 12
3 12 105 91
3 12 104 78
3 78 105 12
3 75 91 19
3 80 104 75
3 80 19 75
3 91 101 105
3 101 19 91
3 78 104 72
3 72 104 80
3 78 105 22
3 101 105 22
3 78 22 72
3 80 106 19
3 101 106 19
3 80 106 72
3 101 106 22
3 72 22 106
3 43 74 82
3 43 77 82
3 74 102 43
3 43 107 77
3 102 107 43
3 82 63 74
3 77 108 82
3 63 108 82
3 74 102 109
3 74 63 109
3 107 65 77
3 108 65 77
3 102 107 73
3 102 73 109
3 108 81 63
3 63 109 81
3 107 73 65
3 108 81 65
3 73 81 109
3 73 81 65
3 12 26 75
3 27 75 12
3 12 26 76
3 27 105 12
3 12 105 76
3 26 75 39
3 19 27 75
3 39 75 19
3 79 26 76
3 26 79 39
3 101 27 105
3 27 101 19
3 105 20 76
3 76 20 79
3 105 20 101
3 19 34 39
3 39 34 79
3 19 34 101
3 20 34 79
3 101 34 20
3 91 83 0
3 83 104 0
3 0 91 110
3 0 104 94
3 94 110 0
3 91 7 83
3 99 104 83
3 83 7 99
3 91 96 110
3 96 7 91
3 94 104 10
3 99 10 104
3 94 58 110
3 96 58 110
3 94 58 10
3 7 106 99
3 7 96 106
3 99 10 106
3 96 106 58
3 10 58 106
3 0 83 2
3 0 83 3
3 2 84 0
3 3 110 0
3 0 84 110
3 6 83 2
3 3 83 7
3 6 7 83
3 84 2 95
3 2 95 6
3 96 3 110
3 3 96 7
3 84 110 57
3 84 57 95
3 110 96 57
3 6 70 7
3 95 70 6
3 7 96 70
3 95 70 57
3 96 57 70
3 43 90 82
3 43 82 98
3 43 90 85
3 43 98 107
3 43 85 107
3 90 49 82
3 108 98 82
3 108 49 82
3 85 111 90
3 49 111 90
3 107 98 65
3 108 65 98
3 107 53 85
3 85 111 53
3 49 89 108
3 111 89 49
3 65 53 107
3 108 89 65
3 111 53 89
3 53 89 65
3 60 43 82
3 43 82 61
3 60 102 43
3 43 85 61
3 102 85 43
3 60 82 63
3 61 49 82
3 63 82 49
3 102 60 109
3 63 60 109
3 61 111 85
3 61 111 49
3 102 85 52
3 102 109 52
3 111 52 85
3 63 71 49
3 63 109 71
3 111 71 49
3 52 71 109
3 111 52 71
3 43 74 90
3 74 93 43
3 43 90 100
3 107 93 43
3 43 107 100
3 74 90 50
3 74 93 109
3 109 50 74
3 111 100 90
3 90 111 50
3 73 93 107
3 109 93 73
3 107 100 53
3 111 100 53
3 50 109 97
3 50 97 111
3 73 53 107
3 109 73 97
3 53 97 111
3 73 97 53
3 0 14 91
3 0 91 15
3 14 92 0
3 15 104 0
3 92 104 0
3 14 91 56
3 15 91 7
3 56 91 7
3 92 95 14
3 56 95 14
3 99 15 104
3 15 99 7
3 92 8 104
3 95 8 92
3 104 8 99
3 56 7 22
3 56 22 95
3 99 22 7
3 95 8 22
3 99 22 8
3 83 75 24
3 24 110 75
3 24 83 105
3 86 110 24
3 86 105 24
3 75 31 83
3 75 110 103
3 75 31 103
3 83 105 88
3 88 31 83
3 86 110 34
3 103 34 110
3 70 105 86
3 88 105 70
3 70 34 86
3 31 103 106
3 88 106 31
3 34 106 103
3 70 106 88
3 34 70 106
3 36 74 43
3 43 74 37
3 36 77 43
3 37 43 100
3 77 100 43
3 36 74 63
3 50 74 37
3 63 50 74
3 77 108 36
3 36 108 63
3 100 111 37
3 50 37 111
3 77 100 51
3 77 108 51
3 111 51 100
3 63 50 41
3 63 108 41
3 50 41 111
3 108 51 41
3 51 41 111
3 26 75 24
3 27 75 24
3 26 76 24
3 24 105 27
3 76 24 105
3 26 75 30
3 27 75 31
3 30 31 75
3 76 26 87
3 26 87 30
3 27 88 105
3 27 88 31
3 76 69 105
3 76 69 87
3 105 69 88
3 30 31 72
3 30 72 87
3 31 88 72
3 87 72 69
3 69 72 88
3 44 1 25
3 44 4 25
3 44 67 1
3 44 4 112
3 67 112 44
3 25 1 47
3 25 4 113
3 25 113 47
3 1 114 67
3 1 114 47
3 4 112 66
3 113 66 4
3 67 54 112
3 114 54 67
3 47 11 113
3 47 11 114
3 66 54 112
3 113 66 11
3 114 11 54
3 66 11 54
3 0 14 2
3 2 104 0
3 0 14 110
3 5 104 0
3 0 110 5
3 2 14 95
3 2 104 8
3 2 8 95
3 14 110 57
3 57 95 14
3 5 104 10
3 10 104 8
3 58 5 110
3 58 110 57
3 5 10 58
3 95 8 115
3 95 57 115
3 8 115 10
3 57 58 115
3 10 58 115
3 12 26 14
3 12 26 104
3 12 105 14
3 17 104 12
3 17 105 12
3 26 14 79
3 26 40 104
3 26 79 40
3 20 105 14
3 14 79 20
3 72 17 104
3 72 104 40
3 17 105 22
3 22 20 105
3 17 72 22
3 79 40 115
3 79 20 115
3 40 72 115
3 20 115 22
3 72 22 115
3 44 25 60
3 61 25 44
3 44 28 60
3 44 67 61
3 28 44 67
3 60 62 25
3 61 47 25
3 47 62 25
3 60 28 116
3 60 116 62
3 61 114 67
3 47 61 114
3 67 52 28
3 28 116 52
3 67 114 52
3 62 33 47
3 62 33 116
3 114 33 47
3 52 33 116
3 52 33 114
3 44 13 25
3 44 38 25
3 44 13 28
3 44 38 112
3 44 28 112
3 25 62 13
3 25 38 113
3 113 62 25
3 28 13 116
3 116 13 62
3 112 38 66
3 66 38 113
3 28 112 42
3 28 116 42
3 62 113 35
3 116 35 62
3 112 66 42
3 66 35 113
3 116 35 42
3 42 35 66
3 24 83 2
3 24 83 3
3 24 84 2
3 3 110 24
3 84 110 24
3 68 83 2
3 31 83 3
3 68 31 83
3 84 2 87
3 2 87 68
3 3 103 110
3 3 103 31
3 110 32 84
3 87 32 84
3 110 103 32
3 68 10 31
3 87 10 68
3 31 103 10
3 87 32 10
3 103 32 10
3 14 91 12
3 15 91 12
3 12 92 14
3 12 15 104
3 92 104 12
3 18 91 14
3 15 91 19
3 18 19 91
3 92 79 14
3 14 79 18
3 80 15 104
3 19 15 80
3 104 40 92
3 92 40 79
3 80 40 104
3 18 19 58
3 18 79 58
3 19 80 58
3 40 58 79
3 80 58 40
3 45 90 43
3 43 90 46
3 45 98 43
3 43 93 46
3 93 43 98
3 49 90 45
3 50 90 46
3 50 90 49
3 98 45 108
3 49 108 45
3 93 109 46
3 46 109 50
3 93 64 98
3 108 64 98
3 93 109 64
3 49 50 59
3 108 59 49
3 109 59 50
3 108 59 64
3 109 64 59
3 24 26 2
3 24 110 26
3 24 2 105
3 29 110 24
3 24 29 105
3 26 2 87
3 32 110 26
3 32 87 26
3 69 2 105
3 2 87 69
3 34 29 110
3 34 32 110
3 70 105 29
3 70 69 105
3 29 70 34
3 87 115 32
3 87 69 115
3 34 115 32
3 69 115 70
3 70 115 34
3 44 13 1
3 44 13 55
3 1 16 44
3 112 55 44
3 44 16 112
3 1 48 13
3 13 116 55
3 116 48 13
3 114 16 1
3 1 114 48
3 112 55 42
3 42 55 116
3 112 16 54
3 114 16 54
3 48 116 23
3 48 23 114
3 54 42 112
3 42 23 116
3 54 23 114
3 42 54 23
3 36 13 44
3 37 44 13
3 36 38 44
3 37 16 44
3 38 44 16
3 36 62 13
3 13 48 37
3 48 13 62
3 38 113 36
3 36 113 62
3 16 37 114
3 48 114 37
3 38 51 16
3 113 51 38
3 16 51 114
3 62 21 48
3 113 21 62
3 48 114 21
3 113 51 21
3 114 51 21
3 12 36 15
3 12 92 36
3 12 15 100
3 16 92 12
3 12 100 16
3 36 15 80
3 36 92 40
3 36 80 40
3 15 100 21
3 15 80 21
3 41 92 16
3 41 92 40
3 16 100 22
3 22 21 100
3 16 41 22
3 40 117 80
3 80 21 117
3 41 117 40
3 21 22 117
3 41 22 117
3 0 45 15
3 0 45 92
3 0 93 15
3 0 92 55
3 0 55 93
3 99 15 45
3 8 45 92
3 8 99 45
3 9 93 15
3 9 99 15
3 59 55 92
3 8 92 59
3 58 93 55
3 9 93 58
3 55 58 59
3 99 8 117
3 99 117 9
3 8 59 117
3 9 58 117
3 59 58 117
3 45 44 1
3 46 1 44
3 45 4 44
3 44 55 46
3 4 55 44
3 45 1 47
3 48 1 46
3 47 1 48
3 4 45 113
3 47 45 113
3 55 46 116
3 48 46 116
3 55 64 4
3 4 64 113
3 116 64 55
3 47 9 48
3 47 113 9
3 116 9 48
3 113 9 64
3 116 9 64
3 1 13 25
3 25 5 13
3 1 17 25
3 25 113 5
3 25 17 113
3 13 29 1
3 13 5 116
3 13 116 29
3 1 17 114
3 114 29 1
3 113 5 35
3 116 5 35
3 113 11 17
3 11 17 114
3 116 29 23
3 114 23 29
3 113 35 11
3 116 35 23
3 11 23 114
3 35 23 11
3 45 36 43
3 36 93 43
3 45 100 43
3 48 93 43
3 48 100 43
3 108 36 45
3 64 93 36
3 36 108 64
3 51 100 45
3 51 108 45
3 73 48 93
3 64 93 73
3 53 100 48
3 53 100 51
3 48 73 53
3 108 117 64
3 108 117 51
3 73 117 64
3 53 117 51
3 73 53 117
3 25 13 26
3 27 25 13
3 26 25 38
3 25 17 27
3 38 25 17
3 28 13 26
3 27 13 29
3 28 29 13
3 38 112 26
3 28 112 26
3 27 114 17
3 29 114 27
3 17 69 38
3 112 69 38
3 29 20 28
3 112 20 28
3 114 69 17
3 29 20 114
3 112 69 20
3 114 69 20
3 0 46 3
3 0 46 84
3 0 98 3
3 0 84 4
3 0 4 98
3 96 46 3
3 57 84 46
3 46 96 57
3 3 98 9
3 9 3 96
3 59 4 84
3 57 84 59
3 10 4 98
3 9 10 98
3 10 59 4
3 96 118 57
3 9 118 96
3 57 59 118
3 10 118 9
3 59 10 118
3 24 3 60
3 24 84 60
3 24 85 3
3 24 84 67
3 24 85 67
3 103 60 3
3 32 60 84
3 60 103 32
3 33 85 3
3 3 103 33
3 71 67 84
3 71 84 32
3 70 85 67
3 70 33 85
3 67 70 71
3 32 118 103
3 33 118 103
3 32 118 71
3 33 118 70
3 71 70 118
3 1 25 2
3 3 1 25
3 2 4 25
3 5 25 3
3 4 5 25
3 1 67 2
3 1 29 3
3 67 1 29
3 4 112 2
3 67 112 2
3 5 116 3
3 29 116 3
3 5 32 4
3 112 32 4
3 116 32 5
3 29 57 67
3 67 57 112
3 29 116 57
3 112 32 57
3 32 57 116
3 43 60 46
3 43 98 60
3 43 46 85
3 43 47 98
3 43 47 85
3 109 46 60
3 60 98 64
3 64 109 60
3 46 85 52
3 52 109 46
3 47 98 65
3 64 98 65
3 53 85 47
3 53 85 52
3 47 65 53
3 64 118 109
3 52 118 109
3 64 65 118
3 52 53 118
3 65 118 53
3 45 36 44
3 44 36 55
3 44 45 16
3 44 55 50
3 44 16 50
3 36 45 113
3 64 36 55
3 64 113 36
3 51 16 45
3 45 113 51
3 42 50 55
3 42 64 55
3 50 16 54
3 54 16 51
3 50 54 42
3 64 113 117
3 113 117 51
3 42 117 64
3 51 117 54
3 54 117 42
3 82 90 74
3 74 94 82
3 90 78 82
3 82 94 108
3 108 78 82
3 74 90 86
3 109 94 74
3 74 109 86
3 90 78 111
3 111 86 90
3 108 81 94
3 109 81 94
3 89 78 108
3 111 89 78
3 109 97 86
3 111 86 97
3 108 81 89
3 81 97 109
3 89 97 111
3 81 97 89
3 75 82 74
3 76 82 74
3 75 82 77
3 78 82 76
3 78 82 77
3 74 102 75
3 76 74 86
3 102 74 86
3 77 75 107
3 102 107 75
3 78 76 111
3 86 76 111
3 77 78 88
3 77 107 88
3 102 86 101
3 102 101 107
3 78 111 88
3 86 101 111
3 107 101 88
3 88 101 111
3 24 61 27
3 24 76 61
3 27 102 24
3 28 76 24
3 24 28 102
3 88 61 27
3 69 61 76
3 61 69 88
3 33 102 27
3 33 88 27
3 28 76 71
3 69 76 71
3 28 102 34
3 33 34 102
3 34 71 28
3 69 119 88
3 33 119 88
3 69 119 71
3 33 119 34
3 71 34 119
3 12 37 27
3 12 37 76
3 12 27 77
3 12 38 76
3 12 77 38
3 101 27 37
3 37 76 20
3 20 101 37
3 21 77 27
3 21 27 101
3 41 76 38
3 41 76 20
3 72 77 38
3 72 77 21
3 41 72 38
3 101 20 119
3 101 119 21
3 41 119 20
3 21 72 119
3 41 72 119
3 14 13 1
3 15 1 13
3 14 55 13
3 13 5 15
3 55 13 5
3 16 1 14
3 17 1 15
3 16 17 1
3 14 112 55
3 14 112 16
3 15 113 5
3 17 15 113
3 55 5 40
3 112 40 55
3 17 8 16
3 16 8 112
3 5 40 113
3 17 113 8
3 112 40 8
3 40 8 113
3 82 90 83
3 82 90 84
3 83 82 98
3 82 94 84
3 94 82 98
3 85 90 83
3 84 86 90
3 85 90 86
3 98 107 83
3 85 107 83
3 94 109 84
3 86 109 84
3 94 103 98
3 107 103 98
3 85 86 96
3 85 107 96
3 94 103 109
3 86 109 96
3 103 96 107
3 103 96 109
3 43 61 37
3 43 77 61
3 43 102 37
3 43 77 62
3 62 102 43
3 111 37 61
3 61 77 51
3 51 111 61
3 52 102 37
3 37 111 52
3 65 62 77
3 51 77 65
3 62 102 73
3 73 52 102
3 62 73 65
3 111 51 119
3 111 119 52
3 51 119 65
3 52 73 119
3 65 119 73
3 46 60 44
3 44 4 60
3 44 46 67
3 44 4 49
3 44 49 67
3 116 46 60
3 60 4 64
3 60 64 116
3 52 46 67
3 52 116 46
3 49 4 66
3 66 64 4
3 54 67 49
3 54 67 52
3 49 54 66
3 116 118 64
3 116 118 52
3 64 66 118
3 52 54 118
3 66 118 54
3 82 83 75
3 82 75 94
3 82 78 83
3 82 94 87
3 82 87 78
3 75 83 107
3 103 94 75
3 103 107 75
3 88 78 83
3 88 83 107
3 81 87 94
3 103 94 81
3 87 78 89
3 88 78 89
3 103 107 106
3 88 106 107
3 87 89 81
3 81 106 103
3 88 89 106
3 81 89 106
3 25 2 26
3 25 26 5
3 25 2 17
3 25 31 5
3 31 17 25
3 26 112 2
3 26 5 32
3 26 32 112
3 2 17 69
3 69 112 2
3 35 31 5
3 35 32 5
3 31 17 11
3 11 69 17
3 35 11 31
3 32 112 115
3 115 112 69
3 32 115 35
3 11 115 69
3 11 115 35
3 91 74 90
3 90 74 92
3 93 74 91
3 92 94 74
3 93 94 74
3 90 100 91
3 92 90 78
3 100 90 78
3 91 107 93
3 100 107 91
3 92 108 94
3 92 108 78
3 94 80 93
3 93 80 107
3 100 99 78
3 107 99 100
3 108 80 94
3 108 99 78
3 107 99 80
3 108 99 80
3 44 61 37
3 44 38 61
3 37 28 44
3 44 38 63
3 44 63 28
3 114 61 37
3 51 61 38
3 51 114 61
3 52 28 37
3 52 114 37
3 63 38 66
3 66 51 38
3 42 28 63
3 52 28 42
3 63 42 66
3 51 119 114
3 52 114 119
3 66 119 51
3 42 119 52
3 66 119 42
3 3 60 25
3 25 4 60
3 25 47 3
3 68 4 25
3 25 47 68
3 116 3 60
3 60 4 32
3 32 116 60
3 33 47 3
3 3 116 33
3 68 4 66
3 66 32 4
3 11 68 47
3 11 33 47
3 11 66 68
3 118 116 32
3 116 118 33
3 32 118 66
3 11 118 33
3 66 11 118
3 14 26 13
3 13 5 26
3 13 14 29
3 13 5 19
3 13 19 29
3 14 112 26
3 40 5 26
3 26 112 40
3 20 29 14
3 14 112 20
3 35 5 19
3 35 40 5
3 23 19 29
3 23 20 29
3 40 115 112
3 20 115 112
3 19 23 35
3 35 115 40
3 20 23 115
3 35 23 115
3 75 91 74
3 74 94 75
3 74 91 86
3 74 94 79
3 74 86 79
3 75 107 91
3 75 80 94
3 75 80 107
3 101 86 91
3 101 91 107
3 81 94 79
3 81 94 80
3 79 86 97
3 97 86 101
3 106 80 107
3 101 107 106
3 81 97 79
3 80 106 81
3 97 106 101
3 81 106 97
3 91 75 83
3 104 83 75
3 91 110 75
3 104 94 75
3 94 75 110
3 105 83 91
3 78 83 104
3 78 83 105
3 110 86 91
3 105 91 86
3 94 87 104
3 78 104 87
3 94 110 79
3 110 79 86
3 78 95 105
3 86 95 105
3 87 79 94
3 87 95 78
3 86 95 79
3 87 95 79
3 25 61 27
3 61 38 25
3 25 62 27
3 25 30 38
3 25 62 30
3 114 27 61
3 61 38 69
3 69 114 61
3 27 62 33
3 33 114 27
3 30 38 66
3 69 38 66
3 30 62 35
3 35 62 33
3 30 35 66
3 69 119 114
3 33 119 114
3 66 119 69
3 33 35 119
3 66 35 119
3 13 15 36
3 36 55 13
3 15 48 13
3 18 55 13
3 13 18 48
3 36 113 15
3 36 55 40
3 36 40 113
3 21 15 48
3 21 113 15
3 18 55 42
3 42 40 55
3 18 48 23
3 23 48 21
3 23 42 18
3 117 40 113
3 113 117 21
3 42 117 40
3 23 117 21
3 42 23 117
3 84 60 82
3 60 98 82
3 82 49 84
3 68 98 82
3 82 68 49
3 60 109 84
3 103 98 60
3 60 103 109
3 71 84 49
3 71 84 109
3 65 68 98
3 103 98 65
3 89 49 68
3 89 71 49
3 68 65 89
3 103 109 118
3 109 118 71
3 65 118 103
3 71 118 89
3 65 118 89
3 90 91 83
3 90 78 83
3 90 91 86
3 90 95 78
3 90 86 95
3 83 107 91
3 99 78 83
3 99 107 83
3 96 91 86
3 96 91 107
3 89 78 95
3 89 99 78
3 97 86 95
3 97 96 86
3 106 99 107
3 96 107 106
3 95 89 97
3 99 106 89
3 96 106 97
3 97 106 89
3 2 14 1
3 1 2 17
3 1 29 14
3 1 17 7
3 1 7 29
3 14 112 2
3 8 17 2
3 2 112 8
3 57 14 29
3 57 112 14
3 11 7 17
3 11 8 17
3 23 7 29
3 23 29 57
3 8 115 112
3 115 112 57
3 11 23 7
3 8 115 11
3 57 115 23
3 11 115 23
3 14 26 2
3 104 2 26
3 14 26 110
3 5 26 104
3 5 26 110
3 14 2 105
3 2 17 104
3 105 2 17
3 14 29 110
3 14 29 105
3 5 104 31
3 17 31 104
3 5 110 19
3 29 19 110
3 105 7 17
3 29 105 7
3 5 19 31
3 17 31 7
3 19 7 29
3 31 19 7
3 37 27 13
3 37 28 13
3 27 62 13
3 13 39 28
3 13 39 62
3 114 27 37
3 37 28 20
3 37 114 20
3 21 27 62
3 21 114 27
3 39 28 42
3 42 28 20
3 39 62 35
3 35 21 62
3 39 42 35
3 114 119 20
3 21 114 119
3 20 119 42
3 21 35 119
3 42 35 119
3 61 76 82
3 61 77 82
3 82 63 76
3 82 77 30
3 30 63 82
3 61 76 111
3 88 77 61
3 61 111 88
3 71 76 63
3 76 111 71
3 30 77 65
3 65 88 77
3 81 63 30
3 81 71 63
3 30 65 81
3 111 119 88
3 71 111 119
3 88 65 119
3 71 119 81
3 65 119 81
3 1 45 15
3 45 16 1
3 15 48 1
3 1 16 56
3 1 48 56
3 15 113 45
3 45 16 8
3 45 8 113
3 15 48 9
3 9 15 113
3 54 16 56
3 8 16 54
3 23 56 48
3 23 9 48
3 56 23 54
3 117 8 113
3 117 113 9
3 8 54 117
3 23 117 9
3 54 117 23
3 92 36 74
3 74 93 36
3 74 50 92
3 18 93 74
3 74 18 50
3 36 108 92
3 80 93 36
3 36 108 80
3 41 50 92
3 41 108 92
3 73 93 18
3 80 93 73
3 97 18 50
3 41 50 97
3 97 73 18
3 117 80 108
3 41 117 108
3 80 73 117
3 41 117 97
3 73 97 117
3 36 45 15
3 92 45 36
3 36 93 15
3 92 55 36
3 93 55 36
3 15 100 45
3 92 45 16
3 16 45 100
3 15 48 93
3 100 15 48
3 55 50 92
3 92 50 16
3 55 18 93
3 48 93 18
3 16 56 100
3 48 100 56
3 55 18 50
3 16 56 50
3 48 18 56
3 50 56 18
3 1 3 46
3 1 46 67
3 3 47 1
3 1 67 6
3 6 47 1
3 46 3 116
3 57 46 67
3 46 116 57
3 9 47 3
3 3 116 9
3 54 67 6
3 54 57 67
3 6 47 11
3 11 9 47
3 6 54 11
3 118 116 57
3 116 118 9
3 54 118 57
3 9 118 11
3 54 11 118
3 76 37 74
3 74 102 37
3 74 63 76
3 74 39 102
3 39 63 74
3 37 76 111
3 101 37 102
3 37 111 101
3 41 76 63
3 41 111 76
3 39 102 73
3 73 101 102
3 39 63 81
3 41 63 81
3 81 73 39
3 101 119 111
3 41 119 111
3 73 119 101
3 41 81 119
3 73 81 119
3 90 92 45
3 90 100 45
3 90 50 92
3 90 56 100
3 90 50 56
3 108 92 45
3 45 100 99
3 99 108 45
3 92 50 59
3 92 108 59
3 56 100 53
3 53 100 99
3 56 50 97
3 97 59 50
3 97 53 56
3 117 108 99
3 59 117 108
3 53 117 99
3 59 117 97
3 53 117 97
3 75 104 26
3 75 110 26
3 75 31 104
3 75 19 110
3 19 31 75
3 87 104 26
3 79 110 26
3 79 87 26
3 72 104 31
3 104 87 72
3 34 110 19
3 34 110 79
3 19 31 106
3 106 72 31
3 106 34 19
3 115 87 79
3 87 115 72
3 79 34 115
3 72 115 106
3 106 115 34
3 3 60 46
3 46 60 84
3 3 60 98
3 84 4 60
3 4 60 98
3 3 85 46
3 84 67 46
3 85 67 46
3 3 47 98
3 3 47 85
3 84 49 4
3 67 84 49
3 4 98 68
3 47 98 68
3 4 49 68
3 67 85 6
3 85 6 47
3 67 6 49
3 68 6 47
3 68 6 49
3 90 84 46
3 90 46 85
3 84 49 90
3 6 85 90
3 90 6 49
3 46 109 84
3 96 85 46
3 96 109 46
3 84 49 59
3 84 109 59
3 53 85 6
3 96 85 53
3 89 49 6
3 59 49 89
3 53 89 6
3 96 109 118
3 59 109 118
3 96 53 118
3 89 118 59
3 89 118 53
3 75 27 77
3 75 27 102
3 77 30 75
3 75 102 39
3 39 30 75
3 27 77 88
3 101 27 102
3 27 88 101
3 72 30 77
3 72 88 77
3 34 39 102
3 102 101 34
3 81 30 39
3 81 72 30
3 81 34 39
3 88 101 119
3 88 119 72
3 34 119 101
3 72 119 81
3 81 119 34
3 83 2 104
3 83 105 2
3 83 31 104
3 7 105 83
3 83 31 7
3 2 87 104
3 2 105 95
3 2 87 95
3 10 104 31
3 104 87 10
3 70 105 7
3 70 105 95
3 106 7 31
3 10 31 106
3 115 87 95
3 10 87 115
3 106 70 7
3 95 115 70
3 106 115 10
3 70 106 115
3 61 37 27
3 61 37 76
3 27 61 77
3 76 61 38
3 77 61 38
3 102 37 27
3 28 37 76
3 28 37 102
3 77 27 62
3 27 62 102
3 76 63 38
3 28 63 76
3 38 77 30
3 77 30 62
3 102 39 28
3 62 39 102
3 38 63 30
3 63 39 28
3 30 39 62
3 63 30 39
3 98 3 83
3 83 3 85
3 83 68 98
3 83 6 85
3 83 6 68
3 3 98 103
3 3 96 85
3 96 103 3
3 10 98 68
3 98 103 10
3 70 85 6
3 85 96 70
3 68 6 89
3 89 10 68
3 89 6 70
3 118 96 103
3 10 103 118
3 70 118 96
3 10 89 118
3 89 118 70
3 26 76 38
3 26 28 76
3 30 38 26
3 28 39 26
3 26 30 39
3 69 76 38
3 20 76 28
3 20 69 76
3 72 30 38
3 72 38 69
3 34 39 28
3 34 28 20
3 35 30 39
3 35 72 30
3 34 39 35
3 69 119 20
3 72 119 69
3 34 119 20
3 72 119 35
3 34 119 35
3 110 14 91
3 91 14 105
3 19 110 91
3 105 7 91
3 91 19 7
3 14 110 79
3 95 105 14
3 95 79 14
3 58 19 110
3 58 110 79
3 22 105 7
3 22 95 105
3 106 7 19
3 106 58 19
3 106 22 7
3 115 95 79
3 115 79 58
3 22 115 95
3 106 115 58
3 106 115 22
3 93 15 91
3 91 15 100
3 91 93 18
3 56 100 91
3 56 18 91
3 80 93 15
3 15 99 100
3 99 80 15
3 93 18 58
3 58 80 93
3 22 100 56
3 100 99 22
3 56 18 97
3 97 18 58
3 97 56 22
3 117 99 80
3 58 117 80
3 99 117 22
3 58 117 97
3 22 97 117
3 2 4 84
3 2 84 67
3 2 4 68
3 2 6 67
3 2 6 68
3 32 4 84
3 84 67 57
3 84 32 57
3 10 68 4
3 10 32 4
3 67 6 70
3 67 57 70
3 11 6 68
3 10 68 11
3 11 70 6
3 57 32 118
3 10 32 118
3 70 118 57
3 11 118 10
3 11 118 70
3 36 77 38
3 36 77 62
3 36 38 63
3 36 62 39
3 39 63 36
3 77 38 51
3 21 62 77
3 77 51 21
3 38 63 41
3 38 51 41
3 62 39 73
3 62 21 73
3 42 39 63
3 41 63 42
3 39 73 42
3 21 51 119
3 41 51 119
3 21 119 73
3 41 119 42
3 42 119 73
3 55 92 14
3 16 92 14
3 18 55 14
3 14 16 56
3 18 56 14
3 92 40 55
3 92 16 8
3 92 40 8
3 58 18 55
3 58 40 55
3 22 16 56
3 16 8 22
3 23 56 18
3 18 58 23
3 22 56 23
3 117 40 8
3 40 58 117
3 22 117 8
3 58 23 117
3 23 117 22
3 4 98 45
3 45 47 98
3 45 4 49
3 45 47 6
3 45 6 49
3 98 4 64
3 98 47 9
3 98 64 9
3 4 49 59
3 59 4 64
3 47 6 53
3 53 9 47
3 54 49 6
3 54 59 49
3 54 6 53
3 9 64 118
3 64 118 59
3 9 53 118
3 59 54 118
3 53 54 118
3 60 28 102
3 62 102 60
3 60 63 28
3 62 30 60
3 60 63 30
3 52 28 102
3 33 62 102
3 102 33 52
3 71 28 63
3 28 52 71
3 65 62 30
3 62 33 65
3 66 30 63
3 66 71 63
3 66 65 30
3 33 119 52
3 52 119 71
3 33 119 65
3 66 119 71
3 66 119 65
3 15 104 5
3 17 104 15
3 15 19 5
3 15 7 17
3 19 7 15
3 104 40 5
3 104 17 8
3 8 40 104
3 5 19 58
3 58 5 40
3 22 17 7
3 22 8 17
3 23 7 19
3 19 58 23
3 22 7 23
3 8 40 115
3 115 40 58
3 8 22 115
3 58 115 23
3 22 23 115
3 46 55 93
3 46 48 93
3 50 55 46
3 46 56 48
3 50 56 46
3 93 64 55
3 93 48 9
3 93 9 64
3 59 55 50
3 55 64 59
3 48 56 53
3 53 9 48
3 50 56 54
3 54 59 50
3 53 56 54
3 9 64 117
3 59 64 117
3 9 53 117
3 59 117 54
3 53 54 117
3 61 85 67
3 61 47 85
3 61 67 49
3 47 68 61
3 61 68 49
3 52 85 67
3 33 47 85
3 33 52 85
3 67 49 71
3 71 67 52
3 47 68 65
3 47 33 65
3 49 68 66
3 66 71 49
3 66 68 65
3 33 52 118
3 52 118 71
3 33 118 65
3 66 118 71
3 66 118 65
3 5 110 3
3 29 110 3
3 5 31 3
3 3 29 7
3 3 31 7
3 110 5 32
3 110 57 29
3 57 32 110
3 10 5 31
3 10 32 5
3 29 7 70
3 29 57 70
3 7 31 11
3 10 31 11
3 11 70 7
3 115 57 32
3 115 32 10
3 70 115 57
3 10 11 115
3 70 11 115
3 92 104 94
3 78 104 92
3 94 79 92
3 92 78 95
3 95 79 92
3 80 94 104
3 104 99 78
3 104 80 99
3 94 79 58
3 94 80 58
3 78 95 22
3 78 99 22
3 97 79 95
3 97 58 79
3 97 95 22
3 80 99 106
3 106 58 80
3 106 99 22
3 97 106 58
3 97 106 22
3 16 100 37
3 48 100 37
3 16 50 37
3 37 48 18
3 37 50 18
3 51 16 100
3 100 48 21
3 100 21 51
3 16 50 41
3 16 51 41
3 73 18 48
3 48 21 73
3 18 50 42
3 42 41 50
3 42 73 18
3 51 117 21
3 41 117 51
3 21 117 73
3 42 117 41
3 42 117 73
3 27 17 105
3 29 105 27
3 31 17 27
3 27 29 19
3 27 19 31
3 69 17 105
3 105 29 20
3 105 20 69
3 72 17 31
3 17 69 72
3 29 19 34
3 34 29 20
3 31 19 35
3 35 31 72
3 34 19 35
3 115 69 20
3 72 115 69
3 34 115 20
3 72 35 115
3 35 115 34
3 84 110 94
3 86 110 84
3 84 87 94
3 84 86 95
3 87 95 84
3 110 94 103
3 110 96 86
3 96 103 110
3 94 87 10
3 94 103 10
3 70 86 95
3 70 86 96
3 87 95 89
3 89 87 10
3 89 95 70
3 96 103 106
3 106 10 103
3 96 70 106
3 10 89 106
3 70 89 106
3 76 105 78
3 76 105 86
3 78 87 76
3 79 86 76
3 76 87 79
3 105 78 88
3 105 101 86
3 105 101 88
3 72 78 87
3 78 88 72
3 34 86 79
3 34 86 101
3 79 87 81
3 72 87 81
3 81 34 79
3 106 88 101
3 72 88 106
3 106 34 101
3 72 81 106
3 34 106 81
3 93 98 94
3 93 107 98
3 98 94 108
3 98 107 99
3 99 108 98
3 93 109 94
3 93 96 107
3 96 109 93
3 94 108 59
3 59 109 94
3 99 107 53
3 96 107 53
3 89 108 99
3 59 108 89
3 97 109 96
3 97 59 109
3 99 89 53
3 96 97 53
3 59 97 89
3 89 97 53
3 77 100 78
3 100 107 77
3 77 108 78
3 77 107 80
3 77 80 108
3 78 111 100
3 100 107 101
3 100 101 111
3 78 108 41
3 41 111 78
3 73 107 80
3 101 107 73
3 81 108 80
3 81 108 41
3 81 73 80
3 101 111 97
3 41 111 97
3 97 73 101
3 41 81 97
3 81 97 73
3 5 4 55
3 55 112 4
3 5 113 4
3 8 112 4
3 4 8 113
3 55 5 116
3 55 112 57
3 55 116 57
3 9 113 5
3 5 116 9
3 8 112 54
3 54 57 112
3 11 8 113
3 11 9 113
3 23 116 57
3 23 116 9
3 8 54 11
3 57 54 23
3 11 23 9
3 11 23 54
3 86 102 85
3 102 85 107
3 102 109 86
3 102 107 103
3 102 103 109
3 85 86 111
3 85 107 88
3 85 111 88
3 71 109 86
3 71 111 86
3 103 107 65
3 88 107 65
3 103 109 81
3 71 109 81
3 103 65 81
3 88 111 89
3 89 111 71
3 88 89 65
3 71 89 81
3 65 81 89
3 16 38 17
3 38 16 112
3 38 17 113
3 38 40 112
3 38 40 113
3 16 114 17
3 20 112 16
3 16 20 114
3 21 17 113
3 21 114 17
3 42 40 112
3 20 112 42
3 40 113 35
3 21 113 35
3 23 114 20
3 23 21 114
3 40 42 35
3 23 42 20
3 21 23 35
3 42 23 35
3 29 67 28
3 67 28 112
3 29 116 28
3 32 112 28
3 28 116 32
3 67 29 114
3 69 112 67
3 69 114 67
3 33 116 29
3 33 114 29
3 66 32 112
3 66 69 112
3 35 32 116
3 33 35 116
3 11 114 69
3 33 114 11
3 35 66 32
3 69 11 66
3 33 11 35
3 11 35 66
3 47 62 48
3 62 113 47
3 62 116 48
3 64 113 62
3 64 116 62
3 48 114 47
3 51 113 47
3 47 51 114
3 48 116 52
3 52 114 48
3 66 64 113
3 66 113 51
3 64 116 42
3 52 116 42
3 54 114 51
3 54 52 114
3 66 42 64
3 51 54 66
3 54 42 52
3 66 42 54
3 50 63 49
3 63 108 49
3 63 50 109
3 63 108 64
3 63 64 109
3 49 50 111
3 49 51 108
3 51 111 49
3 52 50 109
3 50 111 52
3 65 108 64
3 51 108 65
3 73 64 109
3 73 109 52
3 51 111 53
3 53 111 52
3 64 65 73
3 51 53 65
3 53 73 52
3 73 53 65
3 30 68 31
3 68 87 30
3 30 31 103
3 30 87 32
3 30 103 32
3 31 88 68
3 68 69 87
3 68 88 69
3 31 103 33
3 33 88 31
3 32 87 71
3 71 69 87
3 34 32 103
3 33 34 103
3 70 69 88
3 70 33 88
3 32 34 71
3 70 71 69
3 33 34 70
3 70 34 71
3 18 19 39
3 39 18 79
3 39 80 19
3 39 79 40
3 39 40 80
3 18 19 101
3 20 79 18
3 18 101 20
3 21 80 19
3 21 19 101
3 40 79 41
3 41 20 79
3 72 40 80
3 72 21 80
3 41 72 40
3 20 101 22
3 22 21 101
3 20 22 41
3 21 72 22
3 41 22 72
3 7 56 6
3 56 6 95
3 6 7 99
3 6 95 8
3 6 8 99
3 56 96 7
3 56 57 95
3 56 57 96
3 9 7 99
3 9 7 96
3 59 95 8
3 59 95 57
3 10 8 99
3 9 99 10
3 58 96 57
3 58 9 96
3 8 59 10
3 57 59 58
3 9 10 58
3 59 10 58
4 1 47 98 0
4 0 2 68 98
4 2 68 47 1
4 13 48 100 12
4 14 12 100 56
4 13 48 56 14
4 25 62 102 24
4 24 26 39 102
4 26 25 62 39
4 13 28 76 12
4 12 76 63 36
4 36 13 28 63
4 43 85 67 44
4 45 6 85 43
4 45 6 67 44
4 110 0 1 29
4 15 19 110 0
4 15 1 29 19
4 1 16 92 0
4 50 92 0 46
4 1 46 50 16
4 44 38 77 43
4 60 30 77 43
4 60 44 38 30
4 24 105 17 25
4 7 105 24 3
4 3 25 17 7
4 24 25 4 84
4 61 24 84 49
4 61 25 4 49
4 12 13 5 104
4 12 27 31 104
4 27 13 5 31
4 43 44 55 93
4 18 93 43 37
4 18 55 44 37
4 12 74 63 38
4 75 12 38 30
4 75 30 63 74
4 24 82 49 67
4 67 6 83 24
4 83 6 49 82
4 55 50 90 0
4 0 91 18 55
4 90 91 18 50
4 90 0 3 85
4 47 3 0 45
4 90 45 47 85
4 12 105 86 74
4 95 105 12 92
4 92 74 86 95
4 43 44 28 102
4 43 36 39 102
4 44 36 39 28
4 27 77 82 24
4 24 60 62 27
4 60 82 77 62
4 104 0 90 78
4 87 104 0 84
4 87 78 90 84
4 44 43 100 16
4 43 100 56 46
4 44 46 56 16
4 74 12 15 93
4 12 15 48 37
4 37 48 93 74
4 43 98 4 44
4 61 68 98 43
4 61 44 4 68
4 110 24 82 94
4 76 79 110 24
4 76 82 94 79
4 90 0 4 49
4 0 83 68 4
4 83 68 49 90
4 17 31 75 12
4 17 7 91 12
4 91 7 31 75
4 62 30 82 43
4 62 39 74 43
4 39 30 82 74
4 12 75 102 37
4 12 26 28 37
4 28 102 75 26
4 25 24 85 47
4 6 85 24 2
4 6 47 25 2
4 93 107 83 0
4 104 0 93 80
4 80 107 83 104
4 83 0 14 105
4 0 3 29 14
4 29 105 83 3
4 25 24 76 38
4 63 76 24 60
4 25 60 63 38
4 43 100 78 82
4 99 100 43 98
4 82 98 99 78
4 82 43 46 84
4 43 46 67 61
4 61 82 84 67
4 94 75 12 92
4 12 92 108 77
4 108 77 75 94
4 110 24 25 5
4 24 110 19 27
4 25 27 19 5
4 24 28 63 82
4 75 24 28 39
4 75 82 63 39
4 0 5 31 83
4 5 19 91 0
4 91 83 31 19
4 48 18 74 43
4 56 48 43 90
4 18 56 90 74
4 45 100 91 0
4 14 16 45 0
4 91 14 16 100
4 85 24 75 107
4 24 110 96 85
4 75 110 96 107
4 12 77 62 13
4 12 26 30 77
4 13 26 30 62
4 61 76 74 43
4 43 36 38 61
4 38 76 74 36
4 86 91 0 84
4 93 0 84 109
4 91 86 109 93
4 12 105 29 13
4 12 15 7 105
4 15 7 29 13
4 75 24 2 104
4 24 27 17 2
4 75 27 17 104
4 12 92 55 13
4 37 50 92 12
4 13 55 50 37
4 98 43 74 94
4 103 98 43 102
4 103 94 74 102
4 68 49 44 25
4 44 1 6 49
4 1 25 68 6
4 0 2 87 94
4 14 79 94 0
4 14 79 87 2
4 83 0 46 85
4 2 67 46 0
4 67 85 83 2
4 16 112 26 12
4 16 8 104 12
4 8 112 26 104
4 25 44 37 27
4 44 37 102 60
4 60 25 27 102
4 2 17 15 0
4 4 113 15 0
4 4 2 17 113
4 105 24 82 78
4 24 105 95 84
4 84 82 78 95
4 26 110 91 12
4 12 76 86 91
4 86 110 26 76
4 24 82 98 3
4 61 24 3 47
4 61 47 98 82
4 5 25 44 55
4 44 38 40 55
4 38 25 5 40
4 16 50 74 12
4 56 16 12 91
4 91 74 50 56
4 68 47 43 82
4 47 6 90 43
4 68 6 90 82
4 75 24 29 19
4 29 7 83 24
4 19 7 83 75
4 83 24 60 98
4 4 60 24 2
4 98 4 2 83
4 0 1 48 93
4 0 14 18 93
4 18 48 1 14
4 12 91 107 77
4 12 77 88 105
4 88 105 91 107
4 15 5 26 12
4 110 5 15 91
4 1 67 84 0
4 45 0 84 49
4 49 67 1 45
4 102 86 90 43
4 102 101 100 43
4 90 100 101 86
4 43 90 92 36
4 46 55 36 43
4 92 55 46 90
4 78 83 24 76
4 24 85 111 76
4 85 111 78 83
4 1 17 104 0
4 0 3 31 104
4 1 3 31 17
4 44 25 30 63
4 39 63 44 13
4 39 30 25 13
4 26 24 86 79
4 2 95 86 24
4 26 2 95 79
4 24 75 77 61
4 24 61 38 26
4 38 77 75 26
4 4 0 14 112
4 4 32 110 0
4 110 32 112 14
4 92 0 83 78
4 92 14 105 78
4 74 12 27 102
4 36 12 27 62
4 62 102 74 36
4 67 44 13 29
4 57 67 44 55
4 55 57 29 13
4 44 13 15 45
4 44 45 100 37
4 13 37 100 15
4 3 24 26 5
4 24 28 116 3
4 116 28 26 5
4 12 104 94 74
4 12 104 87 76
4 76 87 94 74
4 36 12 78 108
4 15 12 78 99
4 108 99 15 36
4 5 113 45 0
4 0 92 40 5
4 45 92 40 113
4 0 98 107 91
4 98 45 100 107
4 76 37 43 82
4 43 60 28 37
4 60 82 76 28
4 16 44 25 17
4 8 16 44 4
4 4 25 17 8
4 44 25 3 46
4 46 85 61 44
4 25 61 85 3
4 14 55 36 12
4 14 112 38 12
4 36 55 112 38
4 93 43 82 94
4 80 93 43 77
4 77 82 94 80
4 12 26 87 78
4 14 12 78 95
4 95 87 26 14
4 13 44 50 18
4 1 44 50 56
4 13 1 56 18
4 93 36 12 91
4 55 93 91 14
4 28 24 2 112
4 28 20 105 24
4 105 20 112 2
4 1 44 60 3
4 45 98 60 44
4 3 98 45 1
4 27 12 14 29
4 16 114 27 12
4 114 16 14 29
4 110 0 90 86
4 0 110 79 92
4 90 86 79 92
4 24 84 94 75
4 94 84 2 104
4 15 100 90 0
4 15 48 46 0
4 46 90 100 48
4 44 38 17 1
4 69 38 44 67
4 67 69 17 1
4 0 45 108 94
4 15 80 94 0
4 45 15 80 108
4 19 31 25 13
4 31 7 1 25
4 7 19 13 1
4 0 91 105 2
4 15 91 105 17
4 43 47 113 36
4 93 43 47 9
4 36 93 9 113
4 13 25 61 37
4 26 76 61 25
4 26 13 37 76
4 0 46 116 5
4 116 5 15 48
4 12 75 107 100
4 100 99 104 12
4 104 75 107 99
4 43 77 78 90
4 77 36 92 78
4 12 14 110 75
4 75 27 29 110
4 4 25 13 55
4 64 4 25 62
4 62 13 55 64
4 46 109 94 0
4 3 0 94 103
4 3 46 109 103
4 24 29 116 60
4 24 29 57 84
4 84 60 116 57
4 44 13 27 61
4 61 77 36 44
4 13 27 77 36
4 55 0 2 112
4 55 112 67 46
4 85 43 74 86
4 43 93 96 85
4 96 86 74 93
4 83 107 102 24
4 107 102 60 98
4 92 45 43 74
4 37 43 45 16
4 92 16 37 74
4 44 4 5 13
4 44 28 32 4
4 32 5 13 28
4 43 107 80 36
4 45 99 107 43
4 80 99 45 36
4 43 90 84 60
4 43 60 4 45
4 45 90 84 4
4 38 12 15 113
4 12 100 51 38
4 51 113 15 100
4 93 15 104 94
4 1 48 62 25
4 21 62 25 17
4 17 1 48 21
4 14 26 25 1
4 25 3 110 26
4 3 110 14 1
4 43 47 114 37
4 47 114 16 45
4 0 92 108 98
4 108 98 83 78
4 43 107 103 60
4 46 43 107 96
4 46 60 103 96
4 3 116 55 0
4 0 55 64 98
4 98 3 116 64
4 86 110 3 85
4 48 13 25 47
4 9 47 25 5
4 48 9 5 13
4 14 2 25 13
4 25 27 105 2
4 13 14 105 27
4 62 43 45 113
4 4 60 62 113
4 24 102 109 84
4 102 109 94 75
4 36 44 112 40
4 45 8 112 44
4 45 36 40 8
4 108 92 55 64
4 104 17 16 92
4 49 82 74 50
4 94 82 49 59
4 74 94 59 50
4 82 74 91 83
4 76 82 83 105
4 91 74 76 105
4 44 46 93 36
4 44 63 109 46
4 109 63 36 93
4 38 113 5 26
4 61 111 86 24
4 24 27 101 86
4 61 27 101 111
4 37 12 17 114
4 17 69 76 12
4 76 37 114 69
4 37 102 107 100
4 44 28 29 1
4 44 16 20 28
4 20 29 1 16
4 36 15 1 44
4 15 93 46 1
4 67 24 26 112
4 67 61 38 112
4 88 77 43 85
4 90 85 88 78
4 60 24 86 109
4 24 3 96 86
4 3 60 109 96
4 24 83 104 26
4 5 104 83 3
4 62 43 46 116
4 62 33 85 43
4 85 46 116 33
4 1 13 36 45
4 13 14 92 36
4 14 92 45 1
4 24 61 114 29
4 29 114 47 3
4 0 110 103 98
4 110 91 107 103
4 93 94 84 46
4 28 13 1 67
4 48 13 28 52
4 52 67 1 48
4 12 36 113 17
4 92 12 17 8
4 92 36 113 8
4 79 87 82 74
4 95 87 82 90
4 74 90 95 79
4 94 92 14 110
4 44 63 108 45
4 63 41 16 44
4 16 45 108 41
4 60 46 90 82
4 82 83 3 60
4 46 3 83 90
4 37 111 78 12
4 92 50 111 78
4 0 104 40 55
4 104 2 112 40
4 4 5 15 45
4 84 2 105 86
4 82 77 100 90
4 49 82 77 51
4 51 100 90 49
4 12 27 88 78
4 27 37 111 88
4 43 61 114 48
4 48 21 77 43
4 77 61 114 21
4 60 46 1 25
4 25 2 84 60
4 1 46 84 2
4 62 27 17 113
4 102 101 105 24
4 105 83 107 101
4 85 61 76 86
4 38 25 1 16
4 47 51 38 25
4 47 51 16 1
4 84 0 5 32
4 84 46 116 32
4 50 109 60 44
4 4 44 50 59
4 60 4 59 109
4 82 74 37 61
4 82 75 27 61
4 74 37 27 75
4 94 108 49 84
4 24 110 57 67
4 57 112 26 110
4 28 60 3 29
4 76 26 104 78
4 74 93 98 82
4 63 64 98 82
4 74 63 64 93
4 80 108 82 75
4 82 83 99 108
4 75 83 99 80
4 78 100 15 104
4 26 87 68 25
4 10 68 25 5
4 5 26 87 10
4 94 103 31 104
4 16 14 26 38
4 77 107 93 36
4 82 75 110 84
4 82 30 32 84
4 30 32 110 75
4 61 43 107 88
4 37 101 107 43
4 101 88 61 37
4 67 24 27 114
4 24 67 52 102
4 52 114 27 102
4 77 27 105 78
4 47 62 13 1
4 62 33 29 13
4 1 29 33 47
4 26 2 1 13
4 15 13 26 104
4 1 15 104 2
4 48 116 60 43
4 116 48 37 28
4 12 76 111 100
4 91 86 111 100
4 44 60 32 112
4 44 46 57 112
4 46 60 32 57
4 109 84 67 52
4 4 84 110 5
4 49 90 74 63
4 74 86 71 63
4 71 49 90 86
4 74 90 83 75
4 74 75 104 92
4 92 104 83 90
4 44 50 111 61
4 46 85 111 50
4 55 116 29 14
4 25 113 40 26
4 2 25 113 8
4 2 26 40 8
4 104 87 69 17
4 55 92 104 5
4 31 83 82 30
4 72 30 82 78
4 78 83 31 72
4 91 83 98 93
4 27 88 68 25
4 2 105 88 68
4 4 45 16 112
4 61 44 112 69
4 37 20 112 44
4 37 61 69 20
4 111 76 38 51
4 29 105 76 28
4 82 63 50 90
4 82 78 41 63
4 41 50 90 78
4 91 75 82 90
4 91 90 84 110
4 49 44 36 108
4 108 49 61 77
4 67 114 17 2
4 64 113 25 60
4 3 25 113 9
4 64 9 3 60
4 103 98 4 32
4 93 48 47 98
4 68 82 75 31
4 94 82 68 10
4 10 31 75 94
4 77 100 91 75
4 25 30 87 2
4 60 84 87 30
4 116 62 36 55
4 13 26 32 116
4 13 14 57 116
4 32 57 14 26
4 110 79 40 5
4 67 84 110 29
4 75 19 18 74
4 58 18 74 94
4 58 19 75 94
4 85 90 74 102
4 83 75 102 85
4 39 13 15 80
4 26 104 80 39
4 112 28 60 4
4 24 76 20 29
4 61 76 20 114
4 49 111 37 44
4 28 44 49 71
4 28 37 111 71
4 74 90 45 36
4 91 15 36 74
4 91 90 45 15
4 86 109 63 76
4 12 105 69 38
4 69 112 14 105
4 17 27 37 16
4 50 74 102 52
4 52 85 90 50
4 48 9 98 43
4 9 116 60 98
4 92 45 98 94
4 25 30 103 3
4 25 47 65 30
4 65 47 3 103
4 75 83 2 26
4 91 14 26 75
4 83 2 14 91
4 98 68 88 107
4 4 64 93 0
4 93 64 113 15
4 55 5 3 46
4 102 33 31 75
4 85 33 31 83
4 74 75 103 109
4 74 91 96 109
4 103 96 91 75
4 110 94 98 3
4 14 79 39 13
4 39 34 29 13
4 29 14 79 34
4 86 101 19 110
4 2 14 55 4
4 107 93 46 85
4 20 76 74 18
4 18 91 105 20
4 12 77 51 16
4 77 27 114 51
4 61 25 31 88
4 38 25 31 72
4 38 61 88 72
4 30 77 78 87
4 43 100 21 62
4 100 45 113 21
4 48 37 61 47
4 68 82 76 69
4 68 69 105 83
4 19 80 36 13
4 58 19 13 55
4 55 36 80 58
4 93 18 79 94
4 47 62 36 45
4 86 102 60 84
4 39 40 92 74
4 40 104 75 39
4 4 64 109 84
4 32 87 82 60
4 98 82 87 10
4 32 10 98 60
4 31 5 4 68
4 59 49 44 55
4 59 108 36 55
4 50 63 60 46
4 15 36 38 17
4 30 103 110 26
4 88 111 90 83
4 91 90 111 101
4 83 91 101 88
4 102 27 105 86
4 2 95 56 1
4 22 56 1 17
4 95 22 17 2
4 78 99 7 105
4 26 2 67 28
4 77 61 85 107
4 92 8 6 90
4 6 8 104 83
4 51 113 25 61
4 27 21 113 25
4 51 21 27 61
4 33 62 77 88
4 77 38 16 100
4 30 68 83 75
4 30 65 107 75
4 83 107 65 68
4 25 60 103 31
4 103 31 27 102
4 48 15 17 114
4 36 64 116 13
4 13 15 9 116
4 36 15 9 64
4 48 21 80 93
4 4 98 93 55
4 39 18 91 75
4 39 75 107 73
4 91 107 73 18
4 13 19 101 37
4 100 15 19 101
4 47 3 5 113
4 64 108 82 60
4 82 108 59 84
4 60 84 59 64
4 71 32 4 49
4 68 30 26 2
4 30 66 112 26
4 68 2 112 66
4 69 87 82 61
4 87 69 67 84
4 94 109 50 92
4 2 1 114 69
4 14 1 114 20
4 2 14 20 69
4 95 105 29 57
4 38 76 105 17
4 91 7 6 90
4 70 6 90 86
4 86 91 7 70
4 56 1 3 96
4 14 110 96 56
4 28 37 16 112
4 37 52 116 13
4 27 13 116 33
4 52 33 27 37
4 101 20 28 102
4 102 62 47 85
4 19 91 74 39
4 86 74 39 34
4 19 34 86 91
4 13 18 79 26
4 76 37 18 79
4 46 67 114 48
4 61 51 108 82
4 76 82 108 41
4 41 51 61 76
4 69 88 77 38
4 38 63 50 16
4 30 72 17 25
4 72 87 2 17
4 31 27 61 68
4 45 100 111 49
4 1 45 51 114
4 15 1 114 21
4 45 15 21 51
4 16 8 99 100
4 100 48 62 77
4 56 7 83 90
4 78 90 56 22
4 83 78 22 7
4 1 14 95 6
4 92 45 6 95
4 47 113 38 61
4 36 64 109 74
4 92 59 109 74
4 92 36 64 59
4 80 93 55 40
4 49 4 55 50
4 13 5 58 18
4 58 79 26 5
4 36 15 19 39
4 63 108 98 60
4 47 33 102 43
4 114 33 102 37
4 18 101 27 13
4 62 13 18 73
4 101 73 62 27
4 39 102 107 80
4 28 52 85 24
4 85 52 116 3
4 29 27 61 67
4 21 77 75 19
4 21 100 91 19
4 41 50 44 38
4 111 41 38 61
4 63 82 68 66
4 66 63 76 69
4 38 30 32 112
4 16 51 108 92
4 76 37 100 78
4 28 71 87 26
4 2 87 71 67
4 6 99 15 1
4 6 53 48 1
4 48 15 99 53
4 107 96 56 100
4 9 98 83 7
4 7 91 93 9
4 39 74 50 42
4 42 40 92 50
4 18 55 112 20
4 38 26 79 41
4 14 79 41 16
4 10 31 25 4
4 60 4 10 103
4 64 98 68 66
4 4 49 51 113
4 5 32 87 104
4 65 62 36 108
4 47 45 108 65
4 46 1 7 96
4 7 70 67 1
4 67 46 96 70
4 85 6 95 86
4 62 48 46 60
4 57 84 90 56
4 57 110 91 56
4 52 28 76 111
4 20 79 74 37
4 79 34 102 74
4 20 34 102 37
4 28 39 19 29
4 44 67 71 63
4 67 46 109 71
4 49 61 37 50
4 14 105 101 18
4 8 95 90 45
4 90 100 22 95
4 45 100 22 8
4 7 17 16 56
4 63 49 45 36
4 6 99 104 2
4 80 40 26 75
4 75 110 58 80
4 26 110 58 40
4 18 55 5 19
4 36 92 79 39
4 52 114 1 46
4 3 1 114 33
4 46 3 33 52
4 96 85 47 9
4 67 85 102 28
4 6 56 91 83
4 53 107 83 6
4 56 53 107 91
4 1 45 99 7
4 99 7 3 98
4 62 27 29 116
4 52 109 74 37
4 74 109 71 76
4 52 71 76 37
4 20 41 63 28
4 39 18 14 26
4 42 39 26 112
4 42 18 14 112
4 74 36 40 79
4 38 76 79 40
4 49 84 86 111
4 87 72 77 82
4 72 69 61 77
4 51 38 30 65
4 63 66 113 36
4 45 113 66 49
4 64 108 77 62
4 88 78 104 31
4 90 45 51 111
4 90 111 41 92
4 41 51 45 92
4 59 8 16 50
4 6 56 14 2
4 6 2 112 54
4 56 14 112 54
4 90 46 57 95
4 95 57 55 92
4 108 78 76 63
4 103 32 26 75
4 103 10 104 75
4 10 32 26 104
4 40 5 31 72
4 39 35 113 36
4 35 19 15 113
4 27 75 80 21
4 80 21 17 104
4 87 94 98 68
4 74 93 58 79
4 40 58 93 36
4 73 18 55 64
4 63 42 116 60
4 50 46 116 42
4 52 109 93 48
4 80 94 110 19
4 52 111 90 46
4 84 71 111 90
4 84 46 52 71
4 57 67 85 96
4 28 63 49 67
4 70 6 1 29
4 70 29 14 95
4 56 7 3 46
4 50 109 102 37
4 103 33 27 75
4 65 77 75 103
4 27 77 65 33
4 101 102 62 21
4 30 62 47 68
4 73 39 13 48
4 73 80 15 48
4 18 19 27 37
4 85 3 31 88
4 83 2 69 88
4 88 72 104 83
4 69 72 104 2
4 105 95 8 17
4 31 17 38 30
4 1 16 22 7
4 99 22 16 45
4 68 87 76 61
4 31 30 60 3
4 54 56 90 49
4 49 84 57 54
4 8 112 67 6
4 4 59 95 2
4 55 14 95 59
4 62 25 68 65
4 62 27 88 65
4 30 35 19 75
4 35 21 77 30
4 62 39 40 113
4 103 98 47 33
4 38 72 80 36
4 15 80 72 17
4 13 28 34 19
4 34 101 37 28
4 42 52 102 39
4 28 63 64 116
4 29 20 79 110
4 62 73 109 60
4 48 46 109 73
4 6 11 31 83
4 8 104 31 11
4 9 113 17 7
4 10 99 45 4
4 10 99 15 5
4 32 110 19 35
4 116 33 31 5
4 60 28 34 103
4 34 103 3 29
4 39 81 87 26
4 81 80 104 87
4 79 94 108 41
4 36 77 72 40
4 72 78 92 40
4 54 51 100 56
4 52 114 16 50
4 53 111 61 47
4 48 53 111 37
4 9 99 83 3
4 83 99 53 85
4 9 53 85 3
4 56 48 47 6
4 93 15 7 96
4 69 71 63 38
4 40 41 76 26
4 42 28 26 40
4 42 28 76 41
4 50 18 39 63
4 30 66 49 82
4 32 66 49 84
4 20 79 92 16
4 96 57 14 91
4 96 70 105 91
4 57 14 105 70
4 6 67 29 7
4 46 84 95 56
4 8 99 83 2
4 22 99 83 105
4 22 8 2 105
4 56 100 78 95
4 7 15 45 6
4 3 83 88 33
4 88 83 98 65
4 33 65 98 3
4 9 47 68 10
4 11 6 45 113
4 11 113 15 7
4 99 8 4 98
4 107 103 30 77
4 80 73 102 75
4 21 27 102 73
4 33 34 39 62
4 30 60 116 35
4 31 35 116 3
4 103 32 28 102
4 93 18 101 107
4 26 76 71 32
4 26 38 66 32
4 71 76 38 66
4 72 41 63 30
4 36 108 81 39
4 79 92 108 81
4 38 77 80 40
4 4 68 69 112
4 85 90 95 70
4 85 46 57 70
4 52 67 6 53
4 49 54 114 61
4 50 54 114 37
4 47 85 111 51
4 105 7 96 86
4 20 101 91 14
4 101 34 110 91
4 34 20 14 110
4 58 19 29 57
4 23 116 46 56
4 23 7 3 116
4 9 96 91 15
4 5 110 96 9
4 102 39 79 86
4 87 10 99 78
4 45 108 89 6
4 95 92 108 89
4 8 2 84 59
4 59 94 104 8
4 69 70 7 17
4 11 68 61 114
4 31 27 114 11
4 33 88 105 29
4 103 94 79 34
4 30 60 109 81
4 84 109 81 87
4 86 71 32 110
4 101 21 15 91
4 91 101 73 93
4 21 15 93 73
4 48 9 99 100
4 62 39 18 48
4 1 47 53 56
4 53 96 3 47
4 80 19 27 77
4 2 84 71 69
4 4 66 69 2
4 71 84 4 66
4 59 49 67 57
4 49 68 30 63
4 6 54 50 90
4 8 54 50 92
4 76 28 32 87
4 64 36 77 65
4 38 66 64 36
4 65 66 38 77
4 21 62 30 72
4 31 75 39 35
4 35 40 104 31
4 51 108 98 47
4 23 7 91 18
4 9 23 18 93
4 57 116 48 56
4 58 96 46 55
4 5 3 96 58
4 68 2 95 89
4 59 89 68 4
4 108 99 6 49
4 8 45 98 10
4 10 94 92 8
4 11 6 85 33
4 47 68 69 114
4 70 88 61 67
4 70 29 27 88
4 42 63 74 18
4 42 63 76 20
4 28 39 81 71
4 63 30 103 109
4 40 55 50 41
4 32 60 102 34
4 86 34 32 84
4 51 66 30 77
4 81 63 36 80
4 72 38 63 81
4 87 79 39 30
4 65 64 4 68
4 41 40 104 78
4 20 23 7 105
4 19 29 114 21
4 22 101 37 16
4 17 22 101 27
4 97 56 14 79
4 97 79 110 96
4 59 109 86 95
4 57 58 93 46
4 57 84 94 58
4 88 105 95 89
4 87 78 111 71
4 70 85 61 69
4 69 76 86 70
4 109 81 80 93
4 108 65 103 94
4 60 64 73 102
4 73 107 98 64
4 57 59 92 14
4 57 14 16 54
4 59 54 16 92
4 50 56 6 49
4 8 95 84 4
4 45 8 11 47
4 11 10 98 47
4 6 68 31 7
4 5 104 99 9
4 52 28 39 73
4 62 35 32 60
4 34 102 62 35
4 19 31 30 39
4 18 93 64 42
4 103 33 29 110
4 96 91 100 53
4 15 100 53 9
4 99 107 85 6
4 22 21 48 56
4 18 23 114 37
4 23 19 27 114
4 100 16 20 101
4 14 92 41 20
4 14 20 42 55
4 42 41 92 55
4 58 18 50 59
4 46 109 97 56
4 95 97 109 84
4 96 57 55 93
4 39 28 112 40
4 45 98 65 51
4 51 66 4 45
4 66 65 98 4
4 59 10 68 49
4 6 89 87 2
4 89 87 104 99
4 64 113 38 63
4 8 54 67 2
4 54 59 84 67
4 70 6 49 71
4 68 89 111 61
4 87 89 111 76
4 88 69 67 85
4 57 112 16 56
4 40 36 62 35
4 35 62 77 72
4 73 65 30 39
4 103 60 63 81
4 108 81 103 98
4 109 64 62 102
4 21 19 5 113
4 60 64 42 28
4 42 28 102 73
4 71 63 39 34
4 26 79 81 30
4 81 79 110 103
4 52 50 55 116
4 101 86 95 22
4 97 18 37 111
4 97 79 76 111
4 41 78 105 20
4 58 80 107 96
4 106 7 3 103
4 99 98 103 106
4 9 15 104 10
4 94 10 9 93
4 99 78 111 53
4 61 88 89 49
4 108 89 88 77
4 51 100 107 65
4 42 40 5 116
4 4 32 35 113
4 64 55 112 66
4 21 72 104 15
4 21 15 5 35
4 104 72 35 5
4 8 10 31 17
4 7 83 68 11
4 11 9 98 68
4 52 73 93 46
4 46 55 42 52
4 42 55 93 73
4 58 18 48 9
4 56 23 19 91
4 23 19 110 57
4 51 53 85 61
4 54 67 61 51
4 54 67 85 53
4 70 6 47 33
4 11 69 105 7
4 111 52 48 100
4 56 16 41 97
4 50 18 101 111
4 22 100 37 20
4 76 20 22 78
4 106 19 15 99
4 10 106 19 5
4 96 103 31 7
4 58 9 3 110
4 58 94 98 9
4 46 96 97 50
4 55 50 97 58
4 18 56 95 79
4 59 57 110 94
4 6 47 65 89
4 111 88 68 49
4 51 77 107 53
4 35 39 102 33
4 73 81 30 62
4 80 108 63 39
4 32 5 19 34
4 107 65 64 93
4 81 41 38 30
4 39 63 66 35
4 32 116 62 30
4 72 80 94 87
4 64 4 112 42
4 52 54 6 85
4 67 49 89 70
4 87 95 6 68
4 51 16 56 53
4 71 86 105 69
4 101 106 99 100
4 80 107 88 72
4 22 105 27 21
4 77 21 22 78
4 95 92 40 115
4 57 55 40 115
4 10 8 112 32
4 58 59 84 110
4 5 4 59 58
4 96 85 111 97
4 73 109 86 101
4 53 100 37 52
4 102 52 53 107
4 8 16 114 11
4 66 113 17 69
4 112 54 51 38
4 9 23 29 3
4 110 58 23 29
4 18 56 7 19
4 10 59 92 104
4 59 92 78 89
4 89 78 104 10
4 20 23 48 37
4 23 22 100 48
4 21 101 105 17
4 11 17 15 9
4 10 104 17 11
4 47 6 8 113
4 72 31 7 22
4 19 106 88 27
4 77 88 106 80
4 3 33 34 110
4 33 3 5 35
4 35 5 110 34
4 10 31 19 58
4 15 80 106 7
4 96 106 80 93
4 72 41 92 104
4 92 41 81 94
4 81 94 104 72
4 58 79 87 10
4 84 32 115 95
4 8 115 32 4
4 37 52 54 16
4 53 100 16 54
4 41 22 56 50
4 95 14 18 97
4 101 97 95 105
4 67 49 51 114
4 57 46 48 23
4 23 48 93 58
4 56 18 73 53
4 97 50 37 101
4 101 102 109 97
4 9 116 29 7
4 49 89 99 45
4 4 49 89 10
4 68 6 54 66
4 61 69 11 47
4 11 69 38 113
4 95 78 108 59
4 70 85 47 11
4 65 53 6 68
4 89 99 100 111
4 33 114 17 31
4 28 63 81 34
4 39 30 66 42
4 35 116 55 40
4 71 109 94 87
4 88 70 96 107
4 27 101 106 31
4 101 102 103 106
4 86 34 33 85
4 20 112 8 22
4 79 76 69 115
4 40 38 69 115
4 17 72 41 16
4 58 9 113 40
4 98 64 117 99
4 4 8 117 64
4 10 59 55 5
4 54 57 29 114
4 23 116 28 20
4 112 42 52 67
4 27 105 70 33
4 27 17 11 33
4 11 17 105 70
4 22 7 29 20
4 23 21 100 56
4 84 71 34 110
4 84 71 81 94
4 94 81 34 110
4 58 79 86 96
4 59 97 18 55
4 34 106 7 29
4 101 88 31 19
4 70 33 102 86
4 72 115 95 78
4 20 69 87 79
4 22 41 76 105
4 17 38 41 22
4 22 17 31 106
4 99 80 19 7
4 72 78 100 21
4 87 115 57 84
4 94 87 115 58
4 79 95 8 40
4 104 8 117 80
4 59 117 80 94
4 64 9 99 108
4 93 98 10 58
4 55 4 10 58
4 97 53 48 18
4 96 109 50 56
4 73 107 85 52
4 42 23 56 50
4 48 18 20 114
4 54 52 28 112
4 67 6 89 71
4 54 11 68 49
4 70 88 78 95
4 66 112 16 51
4 39 62 65 81
4 42 35 30 63
4 73 80 94 109
4 32 5 113 66
4 115 69 67 57
4 34 32 112 20
4 71 70 105 76
4 28 29 70 71
4 17 8 117 21
4 40 113 51 41
4 72 22 100 77
4 16 38 72 22
4 110 96 118 32
4 5 32 118 9
4 57 116 64 59
4 23 114 47 9
4 116 35 21 48
4 11 113 62 33
4 76 41 97 86
4 22 105 86 97
4 10 98 107 106
4 58 93 107 106
4 97 86 84 59
4 58 110 86 97
4 21 27 29 23
4 105 22 23 29
4 34 70 7 19
4 96 3 31 106
4 88 106 96 85
4 95 79 34 70
4 76 87 115 20
4 115 32 28 20
4 41 22 99 108
4 77 51 117 80
4 40 38 51 117
4 76 71 89 78
4 105 70 89 78
4 72 87 95 22
4 92 79 115 8
4 115 20 16 8
4 93 73 65 98
4 94 81 65 98
4 93 73 81 94
4 59 108 80 58
4 104 40 117 99
4 117 9 5 40
4 59 109 103 10
4 93 96 118 64
4 57 118 64 55
4 22 97 50 16
4 18 56 54 42
4 23 114 67 57
4 41 79 86 111
4 58 106 31 5
4 35 11 7 19
4 23 116 62 21
4 99 107 103 10
4 47 68 89 53
4 66 11 6 49
4 8 17 114 54
4 65 108 78 88
4 51 113 9 53
4 77 21 117 108
4 62 64 117 21
4 47 65 73 48
4 33 70 57 116
4 103 102 52 118
4 28 52 118 32
4 34 71 67 29
4 72 69 114 21
4 101 119 51 100
4 16 20 119 51
4 111 89 59 50
4 41 63 109 97
4 71 49 108 81
4 65 77 100 53
4 77 78 89 65
4 53 100 78 89
4 101 22 99 107
4 106 72 17 7
4 55 42 66 4
4 5 35 66 4
4 35 5 55 42
4 57 112 40 58
4 10 94 79 115
4 86 79 115 70
4 87 95 57 32
4 117 73 107 99
4 21 51 108 80
4 53 65 62 48
4 118 71 86 96
4 52 33 103 109
4 85 102 34 70
4 34 70 67 28
4 22 78 108 117
4 80 99 8 40
4 93 109 118 9
4 94 109 118 10
4 32 57 96 103
4 4 59 117 113
4 5 58 117 113
4 105 88 119 20
4 78 41 119 88
4 111 101 21 51
4 23 11 31 19
4 35 113 47 33
4 87 95 97 81
4 71 63 108 89
4 73 97 56 48
4 23 54 50 18
4 53 111 86 96
4 42 20 29 116
4 52 118 9 48
4 65 33 116 64
4 85 102 73 53
4 62 47 53 73
4 59 49 51 117
4 41 108 64 42
4 38 66 54 16
4 66 54 50 63
4 29 33 119 20
4 71 69 114 52
4 106 88 68 10
4 81 103 31 72
4 89 65 30 87
4 34 106 107 102
4 85 107 106 70
4 38 112 115 72
4 16 22 115 112
4 77 107 106 72
4 22 100 107 106
4 4 112 115 10
4 55 58 115 112
4 99 80 73 53
4 9 117 108 98
4 9 47 51 117
4 53 65 103 96
4 33 118 109 102
4 62 33 118 64
4 42 54 8 40
4 41 117 113 38
4 41 63 64 117
4 34 71 111 101
4 88 119 52 85
4 69 119 52 67
4 86 97 73 102
4 85 86 97 53
4 71 109 96 70
4 57 118 103 110
4 118 33 29 57
4 66 38 17 11
4 16 54 11 17
4 21 22 8 113
4 117 41 78 99
4 41 72 88 111
4 101 119 69 105
4 17 21 119 69
4 10 32 116 9
4 94 103 118 59
4 106 70 29 19
4 35 23 7 31
4 114 11 9 48
4 34 103 107 101
4 78 87 115 22
4 79 95 89 81
4 49 59 97 111
4 72 69 112 40
4 94 108 117 58
4 99 80 81 89
4 103 106 72 30
4 8 113 64 59
4 52 114 21 73
4 85 33 119 111
4 47 51 119 33
4 52 109 59 54
4 71 28 116 118
4 64 118 71 63
4 49 66 42 50
4 11 10 87 69
4 30 32 115 72
4 31 68 66 35
4 58 19 101 97
4 39 34 106 80
4 79 18 73 81
4 67 54 42 28
4 29 23 42 28
4 67 54 23 29
4 69 112 57 70
4 95 86 34 115
4 107 103 118 53
4 9 64 109 96
4 40 112 54 117
4 107 65 119 101
4 52 33 88 111
4 112 57 118 66
4 71 52 116 32
4 49 63 42 54
4 8 113 35 115
4 30 31 11 66
4 86 111 119 34
4 20 69 88 101
4 70 118 116 29
4 41 119 114 16
4 72 119 114 17
4 59 118 116 55
4 5 10 118 116
4 89 97 79 87
4 81 109 50 41
4 108 80 106 89
4 68 65 81 87
4 106 81 109 96
4 39 73 97 79
4 50 41 119 52
4 66 71 111 51
4 33 118 10 31
4 66 32 103 65
4 62 47 11 35
4 35 11 68 30
4 20 115 58 18
4 34 79 40 35
4 42 23 19 39
4 106 96 56 22
4 89 99 7 70
4 95 6 53 97
4 34 115 112 28
4 67 112 115 70
4 73 62 113 117
4 47 113 117 53
4 17 22 117 113
4 88 101 73 65
4 21 119 111 100
4 21 48 52 119
4 66 54 57 32
4 52 118 59 50
4 40 8 11 35
4 68 10 115 69
4 42 66 69 20
4 67 114 119 71
4 51 119 71 49
4 64 9 11 66
4 62 116 118 65
4 30 32 118 65
4 57 32 35 23
4 40 115 34 39
4 34 33 114 20
4 71 86 101 119
4 62 35 23 48
4 47 48 23 11
4 52 116 9 53
4 118 65 107 96
4 20 114 51 41
4 78 72 119 111
4 80 107 53 117
4 81 106 99 108
4 89 88 31 10
4 73 21 113 64
4 70 118 109 86
4 97 81 103 96
4 101 106 58 18
4 88 101 97 89
4 99 106 70 6
4 33 35 72 88
4 65 47 114 119
4 68 69 119 65
4 23 58 80 21
4 40 117 73 39
4 18 19 35 42
4 71 32 10 89
4 66 118 109 63
4 66 118 103 30
4 22 95 57 23
4 6 70 115 8
4 11 54 56 7
4 63 49 89 81
4 63 50 97 81
4 49 50 97 89
4 54 59 108 51
4 42 117 8 112
4 112 69 119 42
4 113 11 118 64
4 116 32 115 23
4 21 113 66 119
4 51 114 33 65
4 117 42 116 9
4 23 35 39 18
4 65 118 59 108
4 66 71 109 64
4 68 89 81 30
4 114 20 115 11
4 6 54 23 7
4 73 119 114 48
4 54 118 109 50
4 29 114 119 34
4 106 97 109 103
4 81 80 19 34
4 113 40 115 11
4 32 87 72 35
4 88 111 97 106
4 56 53 89 95
4 19 21 119 34
4 42 20 101 73
4 71 87 72 119
4 65 88 69 66
4 22 7 9 117
4 54 8 99 53
4 56 6 11 23
4 79 41 117 58
4 73 42 40 80
4 39 81 97 18
4 48 53 118 116
4 42 117 108 63
4 49 108 117 54
4 87 30 35 115
4 11 115 87 68
4 35 66 51 21
4 31 72 119 33
4 42 23 9 64
4 21 19 58 117
4 89 65 64 59
4 10 87 71 118
4 23 11 69 20
4 57 115 22 56
4 52 33 35 42
4 18 73 119 20
4 41 51 65 81
4 66 119 111 49
4 68 88 119 66
4 54 23 21 51
4 6 8 117 53
4 73 97 59 64
4 42 117 80 39
4 73 119 88 107
4 41 111 52 42
4 20 112 66 119
4 31 106 81 30
4 31 106 89 68
4 11 33 103 10
4 66 118 9 113
4 106 89 111 101
4 96 97 22 7
4 112 32 118 54
4 57 116 35 115
4 23 20 79 58
4 9 11 70 96
4 56 57 118 53
4 41 20 34 81
4 42 119 111 50
4 42 119 101 18
4 8 22 97 59
4 54 117 99 6
4 72 40 58 106
4 35 115 79 39
4 19 106 81 39
4 18 97 106 19
4 116 52 119 35
4 108 51 119 81
4 114 23 117 51
4 64 109 97 117
4 87 89 118 32
4 114 33 118 54
4 109 73 119 71
4 111 53 117 41
4 56 97 89 6
4 34 115 10 103
4 88 31 35 119
4 80 19 23 117
4 23 115 69 114
4 11 8 95 70
4 23 117 64 116
4 59 118 70 95
4 54 57 96 53
4 72 119 73 80
4 35 34 101 21
4 99 22 115 10
4 7 6 89 106
4 31 103 118 11
4 18 79 115 23
4 95 6 11 115
4 23 115 95 56
4 52 33 11 54
4 9 118 70 7
4 73 81 71 52
4 34 79 41 119
4 71 81 72 69
4 108 41 119 65
4 53 97 41 51
4 22 95 59 117
4 106 34 32 10
4 80 58 115 72
4 40 58 97 41
4 109 73 117 59
4 53 89 71 52
4 54 118 96 56
4 33 65 81 34
4 19 101 119 35
4 70 106 72 69
4 51 113 35 119
4 33 119 42 116
4 56 97 106 7
4 23 22 99 9
4 114 54 117 21
4 108 64 118 89
4 10 89 53 9
4 7 11 118 96
4 41 72 35 42
4 81 119 69 87
4 20 79 81 119
4 57 70 106 58
4 111 52 118 89
4 103 81 119 33
4 88 106 115 69
4 80 40 115 106
4 103 32 115 106
4 97 117 8 95
4 70 88 65 118
4 34 32 66 119
4 22 115 34 101
4 114 11 118 52
4 97 117 51 111
4 96 53 117 58
4 8 10 118 54
4 57 70 89 59
4 41 119 35 40
4 21 72 81 73
4 7 23 117 99
4 79 97 117 40
4 33 70 89 65
4 10 99 53 118
4 103 65 119 34
4 71 34 35 66
4 42 119 72 40
4 111 71 118 53
4 20 34 106 22
4 58 115 70 96
4 70 115 72 88
4 106 10 8 22
4 22 21 73 97
4 71 70 11 66
4 89 118 57 95
4 42 66 65 73
4 80 81 119 21
4 81 119 52 109
4 58 59 54 23
4 54 11 10 59
4 9 118 89 99
4 101 97 117 21
4 69 71 118 11
4 65 119 42 64
4 57 96 106 115
4 20 101 106 115
4 99 8 115 106
4 22 117 42 20
4 51 53 118 66
4 89 118 33 88
4 58 9 11 115
4 57 23 117 59
4 9 53 97 58
4 101 22 117 73
4 22 41 42 23
4 58 117 54 57
4 65 53 54 66
4 59 8 11 118
4 70 118 66 69
4 64 66 119 73
4 32 71 119 35
4 35 23 22 72
4 54 42 73 53
4 96 97 117 9
4 10 58 23 11
4 58 10 89 97
4 23 115 72 21
4 52 73 117 54
4 20 23 117 41
4 33 70 115 35
4 81 106 22 41
4 65 51 54 118
4 10 59 97 106
4 22 115 35 21
4 11 35 34 70
4 9 10 115 23
4 97 81 72 22
4 58 106 89 59
4 53 117 42 52
4 89 81 34 70
4 89 106 34 71
4 41 72 106 97
4 34 33 11 115
4 53 65 81 97
4 71 70 106 81
4 53 73 81 89
4 42 54 11 35
4 65 89 97 73
4 11 23 42 66
4 54 23 35 66

# Cells
20 0 1 2 3 4 5 6 7 8 9 10 11 12 13 14 15 16 17 18 19
20 20 21 22 23 24 25 26 27 28 29 30 31 32 33 34 35 36 37 38 39
20 40 41 42 43 44 45 46 47 48 49 50 51 52 53 54 55 56 57 58 59
20 60 61 62 63 64 65 66 67 68 69 70 71 72 73 74 75 76 77 78 79
20 80 81 82 83 84 85 86 87 88 89 90 91 92 93 94 95 96 97 98 99
20 100 101 102 103 104 105 106 107 108 109 110 111 112 113 114 115 116 117 118 119
20 120 121 122 123 124 125 126 127 128 129 130 131 132 133 134 135 136 137 138 139
20 140 141 142 143 144 145 146 147 148 149 150 151 152 153 154 155 156 157 158 159
20 160 161 162 163 164 165 166 167 168 169 170 171 172 173 174 175 176 177 178 179
20 180 181 182 183 184 185 186 187 188 189 190 191 192 193 194 195 196 197 198 199
20 200 201 202 203 204 205 206 207 208 209 210 211 212 213 214 215 216 217 218 219
20 220 221 222 223 224 225 226 227 228 229 230 231 232 233 234 235 236 237 238 239
20 240 241 242 243 244 245 246 247 248 249 250 251 252 253 254 255 256 257 258 259
20 260 261 262 263 264 265 266 267 268 269 270 271 272 273 274 275 276 277 278 279
20 280 281 282 283 284 285 286 287 288 289 290 291 292 293 294 295 296 297 298 299
20 300 301 302 303 304 305 306 307 308 309 310 311 312 313 314 315 316 317 318 319
20 320 321 322 323 324 325 326 327 328 329 330 331 332 333 334 335 336 337 338 339
20 340 341 342 343 344 345 346 347 348 349 350 351 352 353 354 355 356 357 358 359
20 360 361 362 363 364 365 366 367 368 369 370 371 372 373 374 375 376 377 378 379
20 380 381 382 383 384 385 386 387 388 389 390 391 392 393 394 395 396 397 398 399
20 400 401 402 403 404 405 406 407 408 409 410 411 412 413 414 415 416 417 418 419
20 420 421 422 423 424 425 426 427 428 429 430 431 432 433 434 435 436 437 438 439
20 440 441 442 443 444 445 446 447 448 449 450 451 452 453 454 455 456 457 458 459
20 460 461 462 463 464 465 466 467 468 469 470 471 472 473 474 475 476 477 478 479
20 480 481 482 483 484 485 486 487 488 489 490 491 492 493 494 495 496 497 498 499
20 500 501 502 503 504 505 506 507 508 509 510 511 512 513 514 515 516 517 518 519
20 520 521 522 523 524 525 526 527 528 529 530 531 532 533 534 535 536 537 538 539
20 540 541 542 543 544 545 546 547 548 549 550 551 552 553 554 555 556 557 558 559
20 560 561 562 563 564 565 566 567 568 569 570 571 572 573 574 575 576 577 578 579
20 580 581 582 583 584 585 586 587 588 589 590 591 592 593 594 595 596 597 598 599
20 600 601 602 603 604 605 606 607 608 609 610 611 612 613 614 615 616 617 618 619
20 620 621 622 623 624 625 626 627 628 629 630 631 632 633 634 635 636 637 638 639
20 640 641 642 643 644 645 646 647 648 649 650 651 652 653 654 655 656 657 658 659
20 660 661 662 663 664 665 666 667 668 669 670 671 672 673 674 675 676 677 678 679
20 680 681 682 683 684 685 686 687 688 689 690 691 692 693 694 695 696 697 698 699
20 700 701 702 703 704 705 706 707 708 709 710 711 712 713 714 715 716 717 718 719
20 720 721 722 723 724 725 726 727 728 729 730 731 732 733 734 735 736 737 738 739
20 740 741 742 743 744 745 746 747 748 749 750 751 752 753 754 755 756 757 758 759
20 760 761 762 763 764 765 766 767 768 769 770 771 772 773 774 775 776 777 778 779
20 780 781 782 783 784 785 786 787 788 789 790 791 792 793 794 795 796 797 798 799
20 800 801 802 803 804 805 806 807 808 809 810 811 812 813 814 815 816 817 818 819
20 820 821 822 823 824 825 826 827 828 829 830 831 832 833 834 835 836 837 838 839
20 840 841 842 843 844 845 846 847 848 849 850 851 852 853 854 855 856 857 858 859
20 860 861 862 863 864 865 866 867 868 869 870 871 872 873 874 875 876 877 878 879
20 880 881 882 883 884 885 886 887 888 889 890 891 892 893 894 895 896 897 898 899
20 900 901 902 903 904 905 906 907 908 909 910 911 912 913 914 915 916 917 918 919
20 920 921 922 923 924 925 926 927 928 929 930 931 932 933 934 935 936 937 938 939
20 940 941 942 943 944 945 946 947 948 949 950 951 952 953 954 955 956 957 958 959
20 960 961 962 963 964 965 966 967 968 969 970 971 972 973 974 975 976 977 978 979
20 980 981 982 983 984 985 986 987 988 989 990 991 992 993 994 995 996 997 998 999
20 1000 1001 1002 1003 1004 1005 1006 1007 1008 1009 1010 1011 1012 1013 1014 1015 1016 1017 1018 1019
20 1020 1021 1022 1023 1024 1025 1026 1027 1028 1029 1030 1031 1032 1033 1034 1035 1036 1037 1038 1039
20 1040 1041 1042 1043 1044 1045 1046 1047 1048 1049 1050 1051 1052 1053 1054 1055 1056 1057 1058 1059
20 1060 1061 1062 1063 1064 1065 1066 1067 1068 1069 1070 1071 1072 1073 1074 1075 1076 1077 1078 1079
20 1080 1081 1082 1083 1084 1085 1086 1087 1088 1089 1090 1091 1092 1093 1094 1095 1096 1097 1098 1099
20 1100 1101 1102 1103 1104 1105 1106 1107 1108 1109 1110 1111 1112 1113 1114 1115 1116 1117 1118 1119
20 1120 1121 1122 1123 1124 1125 1126 1127 1128 1129 1130 1131 1132 1133 1134 1135 1136 1137 1138 1139
20 1140 1141 1142 1143 1144 1145 1146 1147 1148 1149 1150 1151 1152 1153 1154 1155 1156 1157 1158 1159
20 1160 1161 1162 1163 1164 1165 1166 1167 1168 1169 1170 1171 1172 1173 1174 1175 1176 1177 1178 1179
20 1180 1181 1182 1183 1184 1185 1186 1187 1188 1189 1190 1191 1192 1193 1194 1195 1196 1197 1198 1199
20 1200 1201 1202 1203 1204 1205 1206 1207 1208 1209 1210 1211 1212 1213 1214 1215 1216 1217 1218 1219
20 1220 1221 1222 1223 1224 1225 1226 1227 1228 1229 1230 1231 1232 1233 1234 1235 1236 1237 1238 1239
20 1240 1241 1242 1243 1244 1245 1246 1247 1248 1249 1250 1251 1252 1253 1254 1255 1256 1257 1258 1259
20 1260 1261 1262 1263 1264 1265 1266 1267 1268 1269 1270 1271 1272 1273 1274 1275 1276 1277 1278 1279
20 1280 1281 1282 1283 1284 1285 1286 1287 1288 1289 1290 1291 1292 1293 1294 1295 1296 1297 1298 1299
20 1300 1301 1302 1303 1304 1305 1306 1307 1308 1309 1310 1311 1312 1313 1314 1315 1316 1317 1318 1319
20 1320 1321 1322 1323 1324 1325 1326 1327 1328 1329 1330 1331 1332 1333 1334 1335 1336 1337 1338 1339
20 1340 1341 1342 1343 1344 1345 1346 1347 1348 1349 1350 1351 1352 1353 1354 1355 1356 1357 1358 1359
20 1360 1361 1362 1363 1364 1365 1366 1367 1368 1369 1370 1371 1372 1373 1374 1375 1376 1377 1378 1379
20 1380 1381 1382 1383 1384 1385 1386 1387 1388 1389 1390 1391 1392 1393 1394 1395 1396 1397 1398 1399
20 1400 1401 1402 1403 1404 1405 1406 1407 1408 1409 1410 1411 1412 1413 1414 1415 1416 1417 1418 1419
20 1420 1421 1422 1423 1424 1425 1426 1427 1428 1429 1430 1431 1432 1433 1434 1435 1436 1437 1438 1439
20 1440 1441 1442 1443 1444 1445 1446 1447 1448 1449 1450 1451 1452 1453 1454 1455 1456 1457 1458 1459
20 1460 1461 1462 1463 1464 1465 1466 1467 1468 1469 1470 1471 1472 1473 1474 1475 1476 1477 1478 1479
20 1480 1481 1482 1483 1484 1485 1486 1487 1488 1489 1490 1491 1492 1493 1494 1495 1496 1497 1498 1499
20 1500 1501 1502 1503 1504 1505 1506 1507 1508 1509 1510 1511 1512 1513 1514 1515 1516 1517 1518 1519
20 1520 1521 1522 1523 1524 1525 1526 1527 1528 1529 1530 1531 1532 1533 1534 1535 1536 1537 1538 1539
20 1540 1541 1542 1543 1544 1545 1546 1547 1548 1549 1550 1551 1552 1553 1554 1555 1556 1557 1558 1559
20 1560 1561 1562 1563 1564 1565 1566 1567 1568 1569 1570 1571 1572 1573 1574 1575 1576 1577 1578 1579
20 1580 1581 1582 1583 1584 1585 1586 1587 1588 1589 1590 1591 1592 1593 1594 1595 1596 1597 1598 1599
20 1600 1601 1602 1603 1604 1605 1606 1607 1608 1609 1610 1611 1612 1613 1614 1615 1616 1617 1618 1619
20 1620 1621 1622 1623 1624 1625 1626 1627 1628 1629 1630 1631 1632 1633 1634 1635 1636 1637 1638 1639
20 1640 1641 1642 1643 1644 1645 1646 1647 1648 1649 1650 1651 1652 1653 1654 1655 1656 1657 1658 1659
20 1660 1661 1662 1663 1664 1665 1666 1667 1668 1669 1670 1671 1672 1673 1674 1675 1676 1677 1678 1679
20 1680 1681 1682 1683 1684 1685 1686 1687 1688 1689 1690 1691 1692 1693 1694 1695 1696 1697 1698 1699
20 1700 1701 1702 1703 1704 1705 1706 1707 1708 1709 1710 1711 1712 1713 1714 1715 1716 1717 1718 1719
20 1720 1721 1722 1723 1724 1725 1726 1727 1728 1729 1730 1731 1732 1733 1734 1735 1736 1737 1738 1739
20 1740 1741 1742 1743 1744 1745 1746 1747 1748 1749 1750 1751 1752 1753 1754 1755 1756 1757 1758 1759
20 1760 1761 1762 1763 1764 1765 1766 1767 1768 1769 1770 1771 1772 1773 1774 1775 1776 1777 1778 1779
20 1780 1781 1782 1783 1784 1785 1786 1787 1788 1789 1790 1791 1792 1793 1794 1795 1796 1797 1798 1799
20 1800 1801 1802 1803 1804 1805 1806 1807 1808 1809 1810 1811 1812 1813 1814 1815 1816 1817 1818 1819
20 1820 1821 1822 1823 1824 1825 1826 1827 1828 1829 1830 1831 1832 1833 1834 1835 1836 1837 1838 1839
20 1840 1841 1842 1843 1844 1845 1846 1847 1848 1849 1850 1851 1852 1853 1854 1855 1856 1857 1858 1859
20 1860 1861 1862 1863 1864 1865 1866 1867 1868 1869 1870 1871 1872 1873 1874 1875 1876 1877 1878 1879
20 1880 1881 1882 1883 1884 1885 1886 1887 1888 1889 1890 1891 1892 1893 1894 1895 1896 1897 1898 1899
20 1900 1901 1902 1903 1904 1905 1906 1907 1908 1909 1910 1911 1912 1913 1914 1915 1916 1917 1918 1919
20 1920 1921 1922 1923 1924 1925 1926 1927 1928 1929 1930 1931 1932 1933 1934 1935 1936 1937 1938 1939
20 1940 1941 1942 1943 1944 1945 1946 1947 1948 1949 1950 1951 1952 1953 1954 1955 1956 1957 1958 1959
20 1960 1961 1962 1963 1964 1965 1966 1967 1968 1969 1970 1971 1972 1973 1974 1975 1976 1977 1978 1979
20 1980 1981 1982 1983 1984 1985 1986 1987 1988 1989 1990 1991 1992 1993 1994 1995 1996 1997 1998 1999
20 2000 2001 2002 2003 2004 2005 2006 2007 2008 2009 2010 2011 2012 2013 2014 2015 2016 2017 2018 2019
20 2020 2021 2022 2023 2024 2025 2026 2027 2028 2029 2030 2031 2032 2033 2034 2035 2036 2037 2038 2039
20 2040 2041 2042 2043 2044 2045 2046 2047 2048 2049 2050 2051 2052 2053 2054 2055 2056 2057 2058 2059
20 2060 2061 2062 2063 2064 2065 2066 2067 2068 2069 2070 2071 2072 2073 2074 2075 2076 2077 2078 2079
20 2080 2081 2082 2083 2084 2085 2086 2087 2088 2089 2090 2091 2092 2093 2094 2095 2096 2097 2098 2099
20 2100 2101 2102 2103 2104 2105 2106 2107 2108 2109 2110 2111 2112 2113 2114 2115 2116 2117 2118 2119
20 2120 2121 2122 2123 2124 2125 2126 2127 2128 2129 2130 2131 2132 2133 2134 2135 2136 2137 2138 2139
20 2140 2141 2142 2143 2144 2145 2146 2147 2148 2149 2150 2151 2152 2153 2154 2155 2156 2157 2158 2159
20 2160 2161 2162 2163 2164 2165 2166 2167 2168 2169 2170 2171 2172 2173 2174 2175 2176 2177 2178 2179
20 2180 2181 2182 2183 2184 2185 2186 2187 2188 2189 2190 2191 2192 2193 2194 2195 2196 2197 2198 2199
20 2200 2201 2202 2203 2204 2205 2206 2207 2208 2209 2210 2211 2212 2213 2214 2215 2216 2217 2218 2219
20 2220 2221 2222 2223 2224 2225 2226 2227 2228 2229 2230 2231 2232 2233 2234 2235 2236 2237 2238 2239
20 2240 2241 2242 2243 2244 2245 2246 2247 2248 2249 2250 2251 2252 2253 2254 2255 2256 2257 2258 2259
20 2260 2261 2262 2263 2264 2265 2266 2267 2268 2269 2270 2271 2272 2273 2274 2275 2276 2277 2278 2279
20 2280 2281 2282 2283 2284 2285 2286 2287 2288 2289 2290 2291 2292 2293 2294 2295 2296 2297 2298 2299
20 2300 2301 2302 2303 2304 2305 2306 2307 2308 2309 2310 2311 2312 2313 2314 2315 2316 2317 2318 2319
20 2320 2321 2322 2323 2324 2325 2326 2327 2328 2329 2330 2331 2332 2333 2334 2335 2336 2337 2338 2339
20 2340 2341 2342 2343 2344 2345 2346 2347 2348 2349 2350 2351 2352 2353 2354 2355 2356 2357 2358 2359
20 2360 2361 2362 2363 2364 2365 2366 2367 2368 2369 2370 2371 2372 2373 2374 2375 2376 2377 2378 2379
20 2380 2381 2382 2383 2384 2385 2386 2387 2388 2389 2390 2391 2392 2393 2394 2395 2396 2397 2398 2399
5 0 1733 2400 2401 2402
5 20 1635 2403 2404 2405
5 40 1815 2406 2407 2408
5 60 1811 2409 2410 2411
5 80 1735 2412 2413 2414
5 101 1533 2415 2416 2417
5 121 1631 2418 2419 2420
5 140 1812 2421 2422 2423
5 161 1534 2424 2425 2426
5 181 1730 2427 2428 2429
5 201 1530 2430 2431 2432
5 221 1632 2433 2434 2435
5 240 1816 2436 2437 2438
5 260 1737 2439 2440 2441
5 280 1636 2442 2443 2444
5 300 1729 2445 2446 2447
5 321 1415 2448 2449 2450
5 220 1814 2451 2452 2453
5 340 1808 2454 2455 2456
5 361 1411 2457 2458 2459
5 81 1634 2460 2461 2462
5 381 1628 2463 2464 2465
5 141 1732 2466 2467 2468
5 401 1412 2469 2470 2471
5 360 1734 2472 2473 2474
5 420 1537 2475 2476 2477
5 440 1818 2478 2479 2480
5 460 1807 2481 2482 2483
5 160 1736 2484 2485 2486
5 481 1313 2487 2488 2489
5 501 1529 2490 2491 2492
5 180 1810 2493 2494 2495
5 521 1314 2496 2497 2498
5 541 1726 2499 2500 2501
5 242 1310 2502 2503 2504
5 41 1532 2505 2506 2507
5 400 1817 2508 2509 2510
5 480 1536 2511 2512 2513
5 560 1638 2514 2515 2516
5 580 1627 2517 2518 2519
5 601 1215 2520 2521 2522
5 200 1813 2523 2524 2525
5 620 1803 2526 2527 2528
5 282 1211 2529 2530 2531
5 21 1535 2532 2533 2534
5 641 1526 2535 2536 2537
5 61 1630 2538 2539 2540
5 442 1212 2541 2542 2543
5 660 1739 2544 2545 2546
5 680 1416 2547 2548 2549
5 500 1727 2550 2551 2552
5 701 1195 2553 2554 2555
5 720 1805 2556 2557 2558
5 2 1191 2559 2560 2561
5 261 1414 2562 2563 2564
5 462 1408 2565 2566 2567
5 341 1728 2568 2569 2570
5 741 1192 2571 2572 2573
5 320 1637 2574 2575 2576
5 520 1738 2577 2578 2579
5 600 1538 2580 2581 2582
5 760 1724 2583 2584 2585
5 100 1633 2586 2587 2588
5 422 1133 2589 2590 2591
5 781 1524 2565 2592 2593
5 120 1731 2594 2595 2596
5 562 1134 2597 2598 2599
5 801 1623 2600 2601 2602
5 262 1130 2603 2604 2605
5 1 1531 2606 2607 2608
5 740 1819 2609 2610 2611
5 820 1418 2612 2613 2614
5 640 1804 2615 2616 2617
5 682 1053 2618 2619 2620
5 582 1407 2490 2621 2622
5 380 1809 2623 2624 2625
5 841 1055 2626 2627 2628
5 861 1625 2629 2630 2631
5 42 1050 2632 2633 2634
5 241 1410 2635 2636 2637
5 880 1317 2638 2639 2640
5 901 1196 2641 2642 2643
5 302 1309 2517 2644 2645
5 540 1806 2646 2647 2648
5 661 1194 2649 2650 2651
5 721 1725 2652 2653 2654
5 62 1188 2655 2656 2657
5 441 1312 2658 2659 2660
5 700 1417 2661 2662 2663
5 840 1639 2664 2665 2666
5 780 1624 2655 2667 2668
5 822 995 2669 2670 2671
5 920 1722 2672 2673 2674
5 22 991 2675 2676 2677
5 281 1413 2678 2679 2680
5 762 1403 2535 2681 2682
5 301 1629 2683 2684 2685
5 662 992 2686 2687 2688
5 900 1316 2689 2690 2691
5 940 1539 2692 2693 2694
5 581 1527 2559 2695 2696
5 936 961 2697 2698 2699
5 980 1801 2700 2701 2702
5 103 931 2684 2703 2704
5 421 1315 2705 2706 2707
5 622 1306 2600 2708 2709
5 461 1528 2675 2710 2711
5 745 932 2712 2713 2714
5 1000 1216 2715 2716 2717
5 1021 1057 2718 2719 2720
5 860 1802 2721 2722 2723
5 123 1049 2551 2724 2725
5 561 1214 2726 2727 2728
5 342 1208 2583 2729 2730
5 621 1626 2731 2732 2733
5 742 1052 2734 2735 2736
5 960 1318 2737 2738 2739
5 800 1723 2740 2741 2742
5 873 882 2743 2744 2745
5 783 1304 2463 2635 2746
5 875 942 2747 2748 2749
5 1041 1522 2750 2751 2752
5 82 870 2732 2753 2754
5 362 1311 2621 2755 2756
5 1060 1218 2757 2758 2759
5 934 1002 2760 2761 2762
5 503 1207 2445 2678 2763
5 935 941 2764 2765 2766
5 981 1525 2767 2768 2769
5 142 928 2741 2770 2771
5 402 1210 2681 2772 2773
5 1080 1198 2774 2775 2776
5 813 903 2755 2761 2777
5 584 1187 2418 2606 2778
5 815 1101 2779 2780 2781
5 1121 1405 2782 2783 2784
5 225 810 2785 2786 2787
5 202 1190 2592 2743 2788
5 1137 1140 2789 2790 2791
5 996 1161 2792 2793 2794
5 383 1129 2481 2705 2795
5 842 994 2796 2797 2798
5 921 1622 2785 2799 2800
5 183 988 2616 2801 2802
5 522 1132 2708 2803 2804
5 1020 1217 2805 2806 2807
5 761 1523 2632 2808 2809
5 736 1062 2810 2811 2812
5 1180 1621 2813 2814 2815
5 163 731 2569 2816 2817
5 482 1213 2644 2818 2819
5 803 1203 2499 2658 2820
5 732 845 2821 2822 2823
5 881 1197 2824 2825 2826
5 1100 1419 2827 2828 2829
5 782 1404 2502 2710 2830
5 636 1082 2831 2832 2833
5 1200 1720 2834 2835 2836
5 323 631 2539 2837 2838
5 681 1193 2724 2839 2840
5 922 1183 2629 2734 2841
5 502 1409 2529 2695 2842
5 525 632 2843 2844 2845
5 1136 1160 2837 2846 2847
5 877 1221 2848 2849 2850
5 1040 1721 2851 2852 2853
5 203 869 2624 2824 2854
5 602 1135 2729 2855 2856
5 543 1126 2526 2726 2857
5 665 872 2858 2859 2860
5 1001 1054 2703 2861 2862
5 817 1241 2863 2864 2865
5 1120 1800 2866 2867 2868
5 363 809 2595 2689 2869
5 821 1056 2801 2870 2871
5 722 1046 2672 2796 2872
5 642 1406 2603 2808 2873
5 445 812 2874 2875 2876
5 1260 1319 2877 2878 2879
5 583 1307 2457 2683 2880
5 776 1281 2881 2882 2883
5 483 771 2607 2716 2884
5 982 1185 2750 2858 2885
5 382 1308 2589 2667 2886
5 405 772 2887 2888 2889
5 1138 1220 2890 2891 2892
5 734 1142 2893 2894 2895
5 643 1124 2454 2562 2896
5 735 945 2897 2898 2899
5 1181 1521 2900 2901 2902
5 223 728 2647 2903 2904
5 322 1131 2566 2905 2906
5 1058 1240 2907 2908 2909
5 553 1023 2772 2894 2910
5 764 1044 2427 2505 2911
5 555 1105 2912 2913 2914
5 1301 1401 2915 2916 2917
5 86 550 2653 2918 2919
5 102 1051 2491 2760 2920
5 1199 1280 2921 2922 2923
5 653 703 2636 2793 2924
5 784 1184 2430 2538 2925
5 655 1262 2926 2927 2928
5 1202 1302 2782 2874 2929
5 165 650 2768 2930 2931
5 122 1189 2518 2618 2932
5 998 1320 2933 2934 2935
5 634 1163 2744 2905 2936
5 464 987 2409 2532 2937
5 635 1102 2938 2939 2940
5 1201 1402 2887 2941 2942
5 146 628 2722 2943 2944
5 162 990 2536 2893 2945
5 938 1340 2946 2947 2948
5 774 1004 2619 2818 2949
5 304 927 2400 2586 2950
5 775 1261 2951 2952 2953
5 1122 1305 2843 2941 2954
5 185 768 2852 2955 2956
5 222 930 2601 2810 2957
5 1059 1360 2958 2959 2960
5 684 793 2642 2679 2961
5 504 1047 2415 2594 2962
5 795 1381 2963 2964 2965
5 1125 1205 2915 2966 2967
5 205 790 2901 2968 2969
5 182 1048 2584 2669 2970
5 997 1141 2816 2971 2972
5 557 1322 2973 2974 2975
5 1300 1620 2976 2977 2978
5 403 549 2494 2805 2979
5 702 993 2656 2980 2981
5 863 983 2556 2649 2982
5 552 565 2966 2983 2984
5 937 1061 2903 2985 2986
5 802 1303 2541 2731 2987
5 356 1342 2988 2989 2990
5 1400 1520 2991 2992 2993
5 351 523 2467 2890 2994
5 902 933 2560 2995 2996
5 923 1043 2571 2652 2997
5 352 605 2967 2998 2999
5 1219 1380 3000 3001 3002
5 763 1204 2469 2568 3003
5 476 1362 3004 3005 3006
5 471 603 2506 2790 3007
5 1042 1182 2712 2767 3008
5 303 1209 2487 2550 3009
5 325 472 2784 3010 3011
5 874 1162 2676 3012 3013
5 657 1421 3014 3015 3016
5 244 649 2524 2661 3017
5 876 962 2770 3018 3019
5 726 866 2700 2764 3020
5 265 652 2783 3021 3022
5 797 1441 3023 3024 3025
5 284 789 2548 2587 3026
5 865 925 2813 2897 3027
5 542 1206 2597 2740 3028
5 245 792 2916 3029 3030
5 814 1003 2530 2995 3031
5 778 1461 3032 3033 3034
5 4 767 2473 2511 3035
5 816 1081 2943 3036 3037
5 545 806 2834 2938 3038
5 862 1186 2686 2799 3039
5 45 770 2751 2988 3040
5 1139 1480 3041 3042 3043
5 463 1127 2448 2623 3044
5 596 1501 3045 3046 3047
5 424 591 2533 2639 3048
5 985 1045 2821 2900 3049
5 343 1128 2520 2615 3050
5 365 592 2917 3051 3052
5 878 1420 3053 3054 3055
5 354 1223 2803 2811 3056
5 624 864 2421 2460 3057
5 355 1265 3058 3059 3060
5 46 348 2558 3061 3062
5 23 871 2464 2792 3063
5 939 1440 3064 3065 3066
5 393 963 2659 2849 3067
5 804 924 2433 2466 3068
5 395 1385 3069 3070 3071
5 26 390 2631 3072 3073
5 3 929 2446 2641 3074
5 818 1460 3075 3076 3077
5 193 1243 2735 2974 3078
5 195 1285 3079 3080 3081
5 190 266 2501 3082 3083
5 283 811 2419 2715 3084
5 999 1500 3085 3086 3087
5 513 824 2563 2719 3088
5 644 984 2424 2493 3089
5 515 1482 3090 3091 3092
5 105 510 2752 3093 3094
5 63 989 2482 2553 3095
5 738 1540 3096 3097 3098
5 474 1144 2670 2855 3099
5 344 727 2406 2484 3100
5 475 1382 3101 3102 3103
5 66 468 2702 3104 3105
5 83 730 2500 2848 3106
5 638 1560 3107 3108 3109
5 654 1164 2590 2980 3110
5 64 627 2436 2574 3111
5 656 1282 2955 3112 3113
5 346 646 2867 2951 3114
5 85 630 2630 2973 3115
5 879 1580 3116 3117 3118
5 594 884 2554 2706 3119
5 384 867 2403 2523 3120
5 595 1481 3121 3122 3123
5 125 588 2815 3124 3125
5 143 868 2527 2697 3126
5 819 1600 3127 3128 3129
5 794 904 2488 2839 3130
5 124 807 2442 2472 3131
5 796 1361 3104 3132 3133
5 385 786 2977 3101 3134
5 145 808 2673 2831 3135
5 737 1222 2753 3136 3137
5 397 1542 3138 3139 3140
5 389 444 2452 2737 3141
5 733 1022 2633 3142 3143
5 723 986 2626 2721 3144
5 392 425 2954 3145 3146
5 637 1321 2918 3147 3148
5 197 1562 3021 3149 3150
5 189 743 2423 2907 3151
5 633 883 2503 3012 3152
5 623 1123 2496 2646 3153
5 192 825 3049 3154 3155
5 316 1582 3156 3157 3158
5 311 564 2461 2758 3159
5 312 485 2929 3160 3161
5 76 1602 3029 3162 3163
5 71 843 2435 2934 3164
5 72 705 2885 3165 3166
5 777 1341 3061 3167 3168
5 156 1463 2875 3149 3169
5 151 666 2429 3053 3170
5 683 773 2458 2861 3171
5 152 965 3027 3172 3173
5 517 1641 3174 3175 3176
5 264 509 2485 2613 3177
5 725 926 2747 2851 3178
5 285 512 2942 3179 3180
5 554 1143 2604 3142 3181
5 478 1661 3182 3183 3184
5 44 467 2509 2580 3185
5 556 1242 2786 3186 3187
5 546 626 2779 2866 3188
5 25 470 2769 3138 3189
5 598 1681 3190 3191 3192
5 24 587 2476 2575 3193
5 625 805 2912 2976 3194
5 5 590 2902 3156 3195
5 799 1701 3196 3197 3198
5 104 787 2443 2512 3199
5 645 765 2991 3058 3079
5 65 788 2814 3004 3200
5 739 1640 3201 3202 3203
5 314 1064 2698 2727 3204
5 544 724 2412 2451 3205
5 315 1485 3206 3207 3208
5 6 308 2674 3209 3210
5 43 729 2455 2718 3211
5 558 1660 3212 3213 3214
5 74 1324 2797 2832 3215
5 75 1365 3216 3217 3218
5 68 246 2528 3219 3220
5 263 551 2428 2789 3221
5 658 1561 3082 3222 3223
5 154 1423 2859 2989 3224
5 155 1085 3194 3225 3226
5 148 446 2456 3075 3227
5 423 651 2431 2846 3228
5 639 1680 3229 3230 3231
5 133 1084 2650 2864 3232
5 135 1505 3233 3234 3235
5 130 286 2602 3236 3237
5 243 629 2410 2638 3238
5 779 1700 3239 3240 3241
5 213 1283 2573 3015 3242
5 215 1445 3134 3243 3244
5 210 426 2537 3245 3246
5 364 769 2401 2547 3247
5 798 1601 3219 3248 3249
5 233 1443 2714 3139 3250
5 234 1245 3038 3251 3252
5 230 566 2465 3212 3253
5 484 791 2416 2690 3254
5 559 1740 3255 3256 3257
5 514 1024 2521 2870 3258
5 184 547 2439 2508 3259
5 516 1502 3124 3260 3261
5 306 506 2836 3121 3262
5 226 548 2557 2863 3263
5 358 1760 3264 3265 3266
5 394 1224 2598 3018 3267
5 144 347 2478 2577 3268
5 396 1442 2968 3269 3270
5 386 466 2868 2963 3271
5 166 350 2654 3014 3272
5 659 1780 3273 3274 3275
5 593 704 2449 2825 3276
5 204 647 2437 2475 3277
5 597 1581 3209 3278 3279
5 505 585 2993 3206 3233
5 186 648 2701 2881 3280
5 465 785 2992 3069 3216
5 345 766 2835 2926 3281
5 137 1742 3179 3282 3283
5 129 664 2414 2775 3284
5 132 685 3008 3285 3286
5 357 1422 2930 3287 3288
5 217 1762 3145 3289 3290
5 209 747 2408 2921 3291
5 353 1063 2542 3136 3292
5 212 885 3039 3293 3294
5 477 1541 3072 3295 3296
5 237 1663 2983 3162 3297
5 229 748 2411 3064 3298
5 473 823 2470 2971 3299
5 232 1065 3178 3300 3301
5 16 1782 3052 3302 3303
5 11 944 2426 2947 3304
5 12 905 2841 3305 3306
5 56 1703 2889 3289 3307
5 51 946 2432 3097 3308
5 52 1025 2872 3309 3310
5 256 1705 2969 3311 3312
5 251 1103 2471 3108 3313
5 252 886 2709 3314 3315
5 96 1683 2845 3282 3316
5 91 848 2420 3201 3317
5 92 1225 3020 3318 3319
5 318 1821 3320 3321 3322
5 84 307 2515 2578 3323
5 106 310 2800 3174 3324
5 194 1323 2687 3186 3325
5 78 1841 3326 3327 3328
5 67 227 2610 2664 3329
5 196 1462 2888 3330 3331
5 70 326 2733 3182 3332
5 519 1861 3333 3334 3335
5 164 507 2440 2581 3336
5 126 508 2853 3045 3337
5 599 1781 3338 3339 3340
5 324 589 2404 2662 3341
5 305 586 2978 3090 3342
5 359 1820 3343 3344 3345
5 14 1344 2765 2882 3346
5 15 1585 3342 3347 3348
5 8 368 2585 3338 3349
5 349 443 2422 2757 3350
5 398 1761 3245 3351 3352
5 54 1544 2898 3005 3353
5 55 1345 3281 3354 3355
5 48 408 2483 3239 3356
5 391 563 2434 2891 3357
5 198 1840 3358 3359 3360
5 254 1564 2927 2939 3361
5 255 1605 3200 3362 3363
5 208 248 2617 3196 3364
5 191 663 2468 2933 3365
5 518 1741 3236 3366 3367
5 94 1643 2823 3157 3368
5 95 1325 3188 3369 3370
5 88 528 2447 3229 3371
5 511 604 2425 2806 3372
5 479 1860 3373 3374 3375
5 113 1364 2628 3024 3376
5 115 1645 3262 3377 3378
5 110 488 2593 3379 3380
5 404 469 2407 2612 3381
5 373 1264 2498 3033 3382
5 375 1685 3125 3383 3384
5 370 686 2682 3385 3386
5 173 1503 2688 3175 3387
5 175 1425 3114 3388 3389
5 170 608 2492 3343 3390
5 413 1383 2543 3183 3391
5 414 1465 2956 3392 3393
5 410 826 2567 3358 3394
5 399 1880 3395 3396 3397
5 313 964 2497 2985 3398
5 224 387 2479 2514 3399
5 317 1642 3093 3400 3401
5 206 388 2723 3023 3402
5 199 1900 3403 3404 3405
5 134 1244 2627 3036 3406
5 147 187 2544 2609 3407
5 136 1682 3051 3408 3409
5 188 406 2648 3032 3410
5 158 1920 3411 3412 3413
5 214 1424 2748 3112 3414
5 216 1702 3030 3415 3416
5 150 526 2570 3107 3417
5 117 1882 3161 3418 3419
5 109 847 2405 2959 3420
5 112 1005 2997 3421 3422
5 377 1902 3285 3423 3424
5 369 527 2441 2878 3425
5 372 906 2987 3426 3427
5 177 1823 2999 3302 3428
5 169 669 2402 3085 3429
5 172 1145 3144 3430 3431
5 77 1662 3010 3432 3433
5 417 1843 3154 3311 3434
5 409 449 2438 3000 3435
5 73 1083 2572 3147 3436
5 412 1026 3028 3437 3438
5 157 1563 2844 3330 3439
5 258 1922 3293 3440 3441
5 247 407 2480 2827 3442
5 153 1343 2713 3287 3443
5 250 706 2873 3326 3444
5 36 1863 3011 3418 3445
5 31 949 2417 3117 3446
5 32 1165 2982 3447 3448
5 296 1865 3094 3449 3450
5 291 1107 2450 3128 3451
5 292 1006 2820 3452 3453
5 276 1786 2931 3423 3454
5 271 1108 2459 3256 3455
5 272 1146 2857 3456 3457
5 455 1606 2787 3440 3458
5 451 1266 2504 3265 3459
5 452 1066 2730 3460 3461
5 139 1941 3462 3463 3464
5 87 127 2545 2665 3465
5 128 366 2742 3190 3466
5 18 1961 3426 3467 3468
5 7 167 2546 2693 3469
5 10 486 2809 3320 3470
5 236 1543 2822 3269 3471
5 58 1981 3437 3472 3473
5 47 207 2611 2692 3474
5 235 1603 2876 3432 3475
5 50 606 2711 3264 3476
5 319 1881 3379 3477 3478
5 309 524 2413 2738 3479
5 34 1584 2749 3046 3480
5 35 1545 3271 3481 3482
5 28 328 2519 3373 3483
5 79 1940 3484 3485 3486
5 294 1604 2781 2964 3487
5 295 1745 3337 3488 3489
5 108 288 2668 3333 3490
5 69 744 2453 2774 3491
5 159 1960 3492 3493 3494
5 374 1464 2780 2952 3495
5 376 1785 3195 3496 3497
5 149 746 2495 2946 3498
5 138 1901 3385 3499 3500
5 274 1744 2914 3091 3501
5 275 1565 3280 3502 3503
5 168 268 2552 3273 3504
5 131 844 2462 2908 3505
5 218 1921 3314 3506 3507
5 456 1764 3059 3070 3508
5 454 1466 3135 3509 3510
5 228 448 2625 3127 3511
5 211 943 2507 3054 3512
5 238 1980 3460 3513 3514
5 416 1664 2913 3102 3515
5 415 1706 3040 3516 3517
5 231 846 2540 3096 3518
5 333 1484 2599 3191 3519
5 335 1665 3105 3520 3521
5 330 708 2622 3484 3522
5 493 1387 2522 3197 3523
5 495 1825 3210 3524 3525
5 490 908 2746 3526 3527
5 533 1486 2605 3321 3528
5 534 1566 2944 3529 3530
5 530 968 2645 3492 3531
5 753 1366 2634 3327 3532
5 754 1346 2771 3472 3533
5 750 1086 2657 3412 3534
5 219 2000 3535 3536 3537
5 13 1284 2651 3167 3538
5 17 1822 3160 3539 3540
5 239 2020 3541 3542 3543
5 114 1444 2766 3132 3544
5 116 1862 3180 3545 3546
5 98 2040 3547 3548 3549
5 174 1644 2899 3260 3550
5 176 1783 3022 3539 3551
5 90 568 2685 3255 3552
5 337 1943 3166 3449 3553
5 329 569 2444 3042 3554
5 332 1166 3153 3555 3556
5 497 2002 3306 3557 3558
5 489 607 2477 3002 3559
5 492 1008 3003 3560 3561
5 298 2022 3421 3562 3563
5 287 327 2516 2829 3564
5 290 688 2830 3462 3565
5 537 1963 3173 3383 3566
5 269 529 2474 3041 3567
5 532 1226 3050 3547 3568
5 57 1763 2998 3415 3569
5 458 1983 3300 3392 3570
5 249 447 2510 2877 3571
5 53 1363 2736 3295 3572
5 450 966 2886 3411 3573
5 257 1842 3165 3516 3574
5 757 1924 3225 3243 3575
5 49 749 2525 2958 3576
5 253 1263 2660 3222 3577
5 752 1246 2970 3513 3578
5 97 1743 2984 3408 3579
5 278 2042 3430 3529 3580
5 267 367 2579 2828 3581
5 93 1583 2860 3400 3582
5 270 828 2842 3403 3583
5 436 1886 3073 3557 3584
5 431 1269 2489 3274 3585
5 432 1168 2896 3586 3587
5 696 1945 3237 3588 3589
5 691 1287 2555 3241 3590
5 692 1010 2911 3591 3592
5 575 1746 2919 3562 3593
5 571 1388 2531 3396 3594
5 572 1228 2795 3595 3596
5 675 1586 2754 3467 3597
5 671 1288 2561 3404 3598
5 672 1326 2802 3548 3599
5 119 2061 3560 3600 3601
5 27 107 2666 2694 3602
5 379 2081 3603 3604 3605
5 38 2101 3555 3606 3607
5 30 428 2696 3395 3608
5 19 2001 3526 3609 3610
5 9 667 2486 2922 3611
5 434 1784 2928 3123 3612
5 435 1765 3402 3613 3614
5 59 2060 3615 3616 3617
5 494 1704 2953 2965 3618
5 496 1885 3324 3619 3620
5 259 2080 3621 3622 3623
5 694 1707 2883 3133 3624
5 695 1905 3466 3625 3626
5 99 2100 3595 3627 3628
5 334 1684 2940 3122 3629
5 336 1866 3189 3630 3631
5 89 668 2596 3116 3632
5 118 2021 3452 3633 3634
5 576 1884 3071 3208 3635
5 574 1666 3263 3636 3637
5 111 947 2534 3065 3638
5 378 1962 3305 3639 3640
5 676 1904 3081 3234 3641
5 674 1426 3126 3642 3643
5 371 1104 2564 3076 3644
5 178 2041 3456 3642 3645
5 536 1824 3060 3207 3646
5 535 1686 3115 3639 3647
5 171 948 2608 3202 3648
5 418 1982 3309 3509 3649
5 756 1844 3080 3217 3650
5 755 1446 2957 3506 3651
5 411 1106 2637 3213 3652
5 613 1489 2591 3334 3653
5 615 1766 3062 3654 3655
5 610 1028 2763 3615 3656
5 713 1507 2671 3340 3657
5 715 1845 3220 3658 3659
5 710 890 2778 3621 3660
5 913 1447 2699 3249 3661
5 915 1965 3349 3662 3663
5 690 910 2925 3603 3664
5 853 1508 2677 3463 3665
5 854 1546 2904 3606 3666
5 850 1248 2725 3542 3667
5 179 2120 3668 3669 3670
5 33 1504 2798 3278 3671
5 37 1883 3146 3545 3672
5 419 2140 3673 3674 3675
5 293 1384 2728 3248 3676
5 297 1942 3286 3630 3677
5 617 2063 3310 3524 3678
5 429 609 2513 3043 3679
5 612 1148 3044 3668 3680
5 717 2083 3315 3588 3681
5 709 829 2549 3087 3682
5 712 1170 3089 3683 3684
5 438 2122 3448 3654 3685
5 427 487 2582 2879 3686
5 430 888 2880 3535 3687
5 698 2142 3453 3688 3689
5 687 707 2614 2923 3690
5 917 2085 3386 3691 3692
5 909 967 2640 3066 3693
5 912 1012 3068 3694 3695
5 578 2103 3319 3520 3696
5 289 567 2576 3001 3697
5 570 1068 3009 3541 3698
5 857 2024 3252 3377 3699
5 29 849 2588 3086 3700
5 852 1328 3095 3627 3701
5 277 1903 3155 3496 3702
5 678 2044 3369 3388 3703
5 273 1483 2804 3366 3704
5 670 1088 2932 3493 3705
5 457 1923 3172 3362 3706
5 758 1984 3251 3354 3707
5 453 1386 2773 3351 3708
5 751 1286 2788 3359 3709
5 836 1906 3083 3688 3710
5 831 1369 2620 3375 3711
5 832 1150 2937 3712 3713
5 896 2006 3246 3691 3714
5 891 1089 2643 3231 3715
5 892 1172 3057 3716 3717
5 1016 2065 3380 3718 3719
5 1011 1247 2720 3077 3720
5 955 1648 2817 3600 3721
5 951 1448 2704 3536 3722
5 952 1428 2854 3669 3723
5 339 2161 3683 3724 3725
5 499 2181 3694 3726 3727
5 299 2141 3591 3728 3729
5 39 2121 3586 3730 3731
5 614 1864 3092 3103 3732
5 616 1826 3272 3733 3734
5 834 1867 3006 3261 3735
5 835 1846 3410 3736 3737
5 894 1687 2833 3279 3738
5 895 1925 3364 3739 3740
5 279 2160 3712 3741 3742
5 714 1787 3047 3113 3743
5 716 1946 3332 3744 3745
5 459 2180 3746 3747 3748
5 914 1607 3025 3037 3749
5 916 2005 3470 3750 3751
5 1014 1467 2865 3168 3752
5 1015 2025 3490 3753 3754
5 338 2102 3447 3636 3755
5 856 1944 3218 3235 3756
5 855 1646 3106 3633 3757
5 331 1109 2680 3230 3758
5 498 2062 3422 3733 3759
5 956 2004 3244 3348 3760
5 954 1548 3211 3730 3761
5 491 1267 2707 3240 3762
5 538 2043 3318 3502 3763
5 677 1964 3226 3347 3764
5 673 1506 2945 3499 3765
5 531 1268 2756 3344 3766
5 973 1589 2745 3478 3767
5 975 1926 3227 3768 3769
5 970 1070 2950 3746 3770
5 1033 1647 2812 3367 3771
5 1035 1985 3356 3772 3773
5 830 1030 2962 3673 3774
5 1173 1427 2850 3223 3775
5 1175 2105 3483 3776 3777
5 1113 1688 2838 3604 3778
5 1114 1668 2979 3724 3779
5 1110 1468 2869 3674 3780
5 539 2200 3781 3782 3783
5 433 1487 2856 3339 3784
5 437 2003 3294 3619 3785
5 759 2220 3786 3787 3788
5 693 1367 2871 3198 3789
5 697 2082 3427 3744 3790
5 838 2163 3457 3658 3791
5 689 827 2663 2960 3792
5 977 2183 3461 3662 3793
5 889 969 2691 3118 3794
5 972 1230 3120 3781 3795
5 1037 2146 3394 3718 3796
5 1029 1069 2717 3203 3797
5 1032 1152 3205 3798 3799
5 898 2202 3587 3768 3800
5 887 907 2739 2776 3801
5 1018 2185 3527 3802 3803
5 1007 1027 2759 2909 3804
5 919 2222 3592 3805 3806
5 1177 2165 3522 3807 3808
5 1169 1227 2791 3055 3809
5 958 2124 3389 3482 3810
5 950 1348 3074 3616 3811
5 1117 2144 3393 3489 3812
5 1112 1568 3238 3741 3813
5 577 2023 3301 3488 3814
5 858 2104 3370 3481 3815
5 573 1488 2906 3477 3816
5 851 1368 2920 3485 3817
5 1076 2026 3253 3802 3818
5 1071 1349 2762 3345 3819
5 1072 1232 3100 3820 3821
5 1096 1968 3170 3805 3822
5 1091 1609 2777 3486 3823
5 1092 1330 3111 3824 3825
5 1156 2126 3390 3807 3826
5 1151 1329 2794 3214 3827
5 1275 1828 2994 3726 3828
5 1271 1708 2884 3623 3829
5 1272 1570 3017 3782 3830
5 619 2241 3798 3831 3832
5 719 2261 3717 3833 3834
5 439 2201 3716 3835 3836
5 699 2221 3695 3837 3838
5 974 1887 3158 3270 3839
5 976 1966 3417 3840 3841
5 1074 1827 2990 3401 3842
5 1075 1986 3511 3843 3844
5 1094 1947 3163 3409 3845
5 1095 1928 3498 3846 3847
5 1154 1667 2975 3296 3848
5 1155 2045 3504 3849 3850
5 579 2240 3820 3851 3852
5 1034 1747 3176 3187 3853
5 1036 2066 3476 3854 3855
5 679 2260 3824 3856 3857
5 893 1587 3019 3192 3858
5 897 2086 3444 3750 3859
5 1174 1567 3016 3148 3860
5 1176 2125 3608 3861 3862
5 1013 1347 2986 3034 3863
5 1017 2145 3565 3854 3864
5 618 2123 3431 3613 3865
5 957 2064 3355 3378 3866
5 953 1588 3063 3609 3867
5 611 1389 2819 3374 3868
5 718 2162 3556 3736 3869
5 1116 2084 3363 3384 3870
5 1115 1748 3221 3728 3871
5 711 1289 2840 3275 3872
5 918 2182 3561 3840 3873
5 1276 2087 3312 3497 3874
5 1274 1768 3350 3835 3875
5 911 1087 2826 3129 3876
5 1233 1549 2895 3352 3877
5 1235 2046 3371 3878 3879
5 1253 1749 2910 3500 3880
5 1255 1988 3298 3881 3882
5 1090 1250 3131 3786 3883
5 1293 1789 2924 3610 3884
5 1295 1848 3151 3833 3885
5 1290 1350 3035 3787 3886
5 1393 1868 3007 3729 3887
5 1394 1770 3141 3831 3888
5 1390 1610 3026 3748 3889
5 859 2280 3890 3891 3892
5 833 1509 2981 3335 3893
5 837 2143 3438 3625 3894
5 1078 2243 3596 3772 3895
5 1009 1067 2807 2948 3896
5 1098 2263 3599 3740 3897
5 1237 2206 3531 3776 3898
5 1149 1229 2847 3098 3899
5 1257 2226 3534 3754 3900
5 1031 1249 2862 3257 3901
5 1252 1332 3259 3890 3902
5 1297 2224 3533 3626 3903
5 1292 1430 3277 3856 3904
5 1158 2245 3656 3878 3905
5 1147 1167 2892 2935 3906
5 1039 2282 3713 3881 3907
5 1179 2265 3660 3908 3909
5 1019 2225 3664 3910 3911
5 1118 2164 3503 3521 3912
5 1111 1608 3084 3622 3913
5 1278 2204 3530 3614 3914
5 1270 1470 3247 3747 3915
5 1397 2187 3458 3620 3916
5 1392 1670 3381 3851 3917
5 1336 2108 3317 3908 3918
5 1331 1569 2936 3360 3919
5 1356 2068 3308 3911 3920
5 1351 1471 2949 3494 3921
5 1352 1432 3268 3922 3923
5 1375 1948 3164 3838 3924
5 1371 1711 2961 3617 3925
5 1372 1550 3185 3891 3926
5 1495 1890 3159 3836 3927
5 1491 1790 3048 3742 3928
5 1492 1750 3177 3852 3929
5 839 2281 3799 3930 3931
5 979 2301 3821 3932 3933
5 899 2262 3684 3846 3934
5 1234 1767 3140 3288 3935
5 1236 2106 3552 3936 3937
5 1254 1907 3283 3331 3938
5 1256 2028 3518 3910 3939
5 1294 2007 3303 3416 3940
5 1296 1908 3365 3837 3941
5 1334 1847 3150 3433 3942
5 1335 2048 3632 3943 3944
5 1354 1967 3169 3540 3945
5 1355 1990 3576 3946 3947
5 1376 2067 3307 3546 3948
5 1374 1850 3491 3930 3949
5 1153 1547 3137 3184 3950
5 1157 2166 3583 3861 3951
5 959 2300 3922 3952 3953
5 1073 1649 3143 3322 3954
5 1077 2186 3573 3753 3955
5 1171 1327 2972 3109 3956
5 1178 2205 3687 3936 3957
5 978 2203 3568 3739 3958
5 1277 2184 3510 3525 3959
5 1273 1788 3228 3605 3960
5 971 1449 2996 3397 3961
5 1038 2242 3680 3843 3962
5 1396 2147 3450 3517 3963
5 1395 1888 3357 3727 3964
5 1496 2167 3454 3631 3965
5 1494 1830 3479 3832 3966
5 1433 1769 3056 3507 3967
5 1435 2050 3429 3968 3969
5 1453 1889 3067 3634 3970
5 1455 1930 3291 3932 3971
5 1370 1450 3199 3788 3972
5 1473 1909 3078 3640 3973
5 1475 1992 3435 3974 3975
5 1513 1871 3088 3731 3976
5 1514 1910 3284 3931 3977
5 1510 1590 3193 3857 3978
5 1119 2320 3979 3980 3981
5 1093 1689 3152 3464 3982
5 1097 2223 3578 3663 3983
5 1338 2286 3667 3850 3984
5 1358 2303 3723 3844 3985
5 1378 2284 3666 3737 3986
5 1437 2268 3598 3862 3987
5 1231 1429 3013 3266 3988
5 1457 2229 3532 3751 3989
5 1452 1552 3399 3952 3990
5 1477 2188 3459 3864 3991
5 1251 1469 3031 3405 3992
5 1472 1572 3407 3979 3993
5 1517 2267 3597 3745 3994
5 1512 1650 3336 3892 3995
5 1239 2305 3770 3968 3996
5 1259 2322 3825 3974 3997
5 1159 2285 3774 3943 3998
5 1398 2244 3637 3655 3999
5 1391 1710 3254 3675 4000
5 1298 2264 3643 3659 4001
5 1291 1709 3171 3537 4002
5 1498 2247 3593 3734 4003
5 1490 1690 3341 3783 4004
5 1556 2130 3446 3998 4005
5 1551 1671 3099 3514 4006
5 1576 2168 3455 3957 4007
5 1431 1571 3110 3413 4008
5 1596 2010 3304 3934 4009
5 1591 1691 3119 3628 4010
5 1592 1652 3323 3953 4011
5 1616 2088 3313 3873 4012
5 1451 1611 3130 3543 4013
5 1612 1672 3329 3980 4014
5 1079 2302 3795 3946 4015
5 1099 2321 3902 4016 4017
5 1299 2341 3923 4018 4019
5 1434 1927 3290 3439 4020
5 1436 2128 3648 3909 4021
5 1454 2027 3419 3475 4022
5 1456 2008 3512 3806 4023
5 1474 1969 3424 3443 4024
5 1476 2148 3652 3803 4025
5 1516 2127 3445 3551 4026
5 1515 1950 3505 3834 4027
5 1554 1987 3297 3569 4028
5 1555 2110 3700 3996 4029
5 1574 1929 3224 3574 4030
5 1575 2052 3567 4031 4032
5 1594 2107 3316 3672 4033
5 1595 1970 3611 3933 4034
5 1614 2029 3250 3677 4035
5 1615 1932 3571 4016 4036
5 1238 2246 3698 3849 4037
5 1333 1669 3181 3328 4038
5 1337 2266 3705 3777 4039
5 1279 2340 3993 4040 4041
5 1353 1829 3292 3468 4042
5 1357 2228 3709 3719 4043
5 1497 2207 3584 3647 4044
5 1493 1870 3372 3725 4045
5 1258 2283 3701 3773 4046
5 1377 2227 3589 3651 4047
5 1373 1869 3299 3601 4048
5 1653 1831 3204 3645 4049
5 1655 2030 3420 4015 4050
5 1673 1851 3215 3649 4051
5 1675 2112 3554 4052 4053
5 1693 1951 3232 3755 4054
5 1695 1972 3425 4017 4055
5 1713 2009 3242 3759 4056
5 1715 1852 3442 4018 4057
5 1399 2360 4014 4058 4059
5 1558 2308 3722 3937 4060
5 1578 2326 3780 3944 4061
5 1598 2307 3721 3841 4062
5 1618 2324 3779 3847 4063
5 1479 2343 3830 3947 4064
5 1657 2289 3665 3855 4065
5 1677 2248 3594 3951 4066
5 1697 2209 3528 3859 4067
5 1692 1752 3465 3981 4068
5 1717 2149 3391 3790 4069
5 1712 1772 3474 4040 4058
5 1339 2325 3883 4031 4052
5 1439 2345 3886 4032 4070
5 1459 2362 3926 4036 4071
5 1518 2287 3710 3757 4072
5 1511 1791 3276 3670 4073
5 1458 2304 3761 3769 4074
5 1756 2150 3451 3962 4075
5 1651 1751 3258 3549 4076
5 1776 2210 3585 4037 4077
5 1553 1771 3267 3473 4078
5 1795 2091 3382 3869 4079
5 1792 1832 3469 4041 4080
5 1359 2342 3904 3975 4081
5 1379 2361 3990 4057 4082
5 1519 2381 4011 4083 4084
5 1654 2047 3428 3579 4085
5 1656 2070 3638 3907 4086
5 1674 1989 3434 3471 4087
5 1676 2170 3758 3905 4088
5 1573 1849 3325 3441 4089
5 1577 2208 3766 3808 4090
5 1694 2109 3553 3582 4091
5 1696 2090 3644 3800 4092
5 1714 2069 3558 3572 4093
5 1716 2089 3577 3689 4094
5 1613 1949 3436 3563 4095
5 1617 2189 3692 3708 4096
5 1754 2049 3368 3702 4097
5 1755 2032 3697 3997 4098
5 1774 1991 3353 3706 4099
5 1775 2132 3679 4070 4100
5 1796 2129 3387 3785 4101
5 1794 1912 3581 4019 4083
5 1438 2306 3811 3879 4102
5 1557 2288 3817 3826 4103
5 1499 2380 4068 4080 4104
5 1593 1891 3398 3607 4105
5 1597 2269 3714 3765 4106
5 1478 2323 3813 3882 4107
5 1833 1971 3346 3763 4108
5 1835 2072 3559 4081 4109
5 1853 1933 3361 3707 4110
5 1855 2172 3682 4111 4112
5 1873 2071 3376 3865 4113
5 1875 1952 3564 4082 4084
5 1758 2329 3778 3939 4114
5 1778 2348 3829 4021 4115
5 1679 2366 3889 4029 4112
5 1798 2347 3828 3941 4116
5 1719 2364 3888 3949 4117
5 1718 2344 3875 3885 4118
5 1699 2383 3929 4034 4119
5 1837 2251 3653 3955 4120
5 1857 2290 3711 4039 4121
5 1877 2171 3519 3894 4122
5 1872 1892 3602 4059 4104
5 1559 2365 3972 4053 4100
5 1579 2346 3915 3969 4111
5 1659 2385 3978 4098 4109
5 1658 2309 3818 3867 4123
5 1698 2327 3822 3871 4124
5 1896 2191 3523 3958 4125
5 1916 2230 3590 4046 4126
5 1753 1911 3406 3580 4127
5 1936 2272 3715 4102 4128
5 1773 1931 3414 3570 4129
5 1599 2382 3995 4055 4130
5 1619 2363 3917 3971 4131
5 1834 2051 3550 3566 4132
5 1836 2190 3762 3895 4133
5 1777 2250 3868 3898 4134
5 1854 1993 3515 3575 4135
5 1856 2270 3872 3984 4136
5 1757 2249 3796 3816 4137
5 1874 2131 3671 3678 4138
5 1876 2151 3676 3791 4139
5 1797 2169 3681 3704 4140
5 1793 2011 3538 3685 4141
5 1894 2111 3480 3814 4142
5 1895 2012 3686 4071 4130
5 1914 2053 3501 3764 4143
5 1915 2152 3792 4064 4144
5 1934 1994 3508 3650 4145
5 1935 2212 3794 4061 4146
5 1678 2328 3913 3918 4147
5 1953 2033 3487 3815 4148
5 1955 2092 3690 4119 4131
5 1913 1973 3495 3703 4149
5 1975 2192 3693 4107 4150
5 1995 2252 3797 4115 4147
5 1898 2369 3887 4023 4151
5 1918 2351 3884 4025 4152
5 1839 2388 3928 4086 4150
5 1859 2370 3925 4088 4128
5 1938 2330 3823 4090 4153
5 1879 2387 3927 4027 4154
5 1878 2367 3924 3964 4155
5 1799 2384 3966 3977 4156
5 1957 2271 3657 3983 4157
5 1977 2311 3767 4043 4158
5 1997 2312 3819 4103 4153
5 1759 2386 4004 4050 4144
5 1779 2368 4000 4005 4146
5 1838 2349 3920 3960 4159
5 2016 2233 3661 4001 4160
5 2036 2234 3720 4074 4161
5 1893 2031 3544 3696 4162
5 2056 2294 3827 4123 4152
5 1897 2211 3784 3793 4163
5 1954 2113 3629 3699 4164
5 1956 2231 3789 3897 4165
5 1974 2054 3641 3646 4166
5 1976 2232 3876 3985 4167
5 1917 2291 3893 3900 4168
5 1937 2310 3961 3987 4169
5 1996 2292 3901 4060 4170
5 2014 2133 3612 3866 4171
5 2015 2095 3801 4117 4156
5 2034 2114 3635 3756 4172
5 2035 2194 3896 4063 4173
5 2055 2255 3899 4114 4159
5 1858 2350 4002 4007 4170
5 2013 2073 3618 3810 4174
5 2075 2155 3804 4118 4154
5 2093 2153 3624 3912 4175
5 2115 2215 3809 4124 4151
5 1959 2391 3976 4092 4161
5 2018 2373 3970 4094 4176
5 2038 2333 3880 4096 4177
5 1979 2392 4010 4126 4133
5 1999 2352 3921 4121 4134
5 1939 2372 4013 4077 4136
5 2058 2334 3919 4137 4158
5 1899 2389 4009 4045 4173
5 1958 2371 4012 4048 4178
5 2077 2293 3771 4047 4179
5 2097 2213 3738 3959 4180
5 2117 2315 3877 4106 4177
5 1919 2390 4073 4075 4167
5 1978 2331 3982 3991 4181
5 2136 2275 3775 4072 4176
5 2156 2195 3752 3999 4182
5 2017 2273 3858 3903 4183
5 2074 2134 3732 3760 4184
5 2076 2235 3863 3986 4185
5 2094 2173 3743 3812 4186
5 2096 2193 3749 3914 4187
5 2116 2274 3956 4062 4178
5 2037 2313 3954 3989 4188
5 2057 2314 3988 4065 4181
5 1998 2332 3992 4066 4169
5 2135 2175 3906 4116 4155
5 2154 2174 3735 3870 4189
5 2079 2395 4049 4139 4160
5 2099 2396 4054 4141 4182
5 2138 2355 3967 4140 4179
5 2158 2356 3973 4093 4190
5 2098 2374 4056 4095 4191
5 2119 2375 4006 4157 4163
5 2039 2394 4076 4125 4165
5 2059 2354 4008 4120 4168
5 2019 2393 4079 4105 4185
5 2078 2353 4042 4069 4192
5 2177 2256 3848 4044 4190
5 2197 2254 3842 3963 4193
5 2118 2335 4038 4067 4188
5 2176 2216 3860 4003 4191
5 2137 2295 3950 3994 4192
5 2157 2253 3853 3916 4194
5 2196 2214 3839 3874 4195
5 2236 2276 3845 3940 4196
5 2179 2377 4051 4138 4180
5 2199 2398 4108 4162 4175
5 2159 2397 4113 4127 4187
5 2218 2337 4030 4091 4193
5 2198 2336 4024 4035 4197
5 2238 2316 3945 4022 4198
5 2178 2357 4089 4101 4194
5 2139 2376 4078 4122 4183
5 2217 2257 3935 3965 4197
5 2277 2297 3942 4026 4198
5 2237 2296 3938 3948 4199
5 2259 2358 4099 4132 4189
5 2279 2379 4110 4164 4171
5 2219 2378 4129 4142 4186
5 2239 2399 4148 4149 4174
5 2258 2338 4087 4097 4195
5 2298 2318 4028 4085 4196
5 2278 2317 4020 4033 4199
5 2299 2359 4135 4143 4184
5 2319 2339 4145 4166 4172
