# Generated using Miratope v0.5.0 (https://github.com/galoomba1/miratope-rs)
4OFF

# Vertices, Faces, Edges, Cells
120 4200 1200 1800

# Vertices
0.0834626338555 0 0.3535533905933 0.5 
-0.4885987689621 0 0.2185080122244 0.3090169943749 
-0.1350453783689 0.5 0.1350453783689 0.3090169943749 
-0.1350453783689 0.1909830056251 0.5720614028177 -0 
0.0834626338555 -0 0.3535533905933 -0.5 
-0.4885987689621 0 0.2185080122244 -0.3090169943749 
-0.1350453783689 0.5 0.1350453783689 -0.3090169943749 
0.0834626338555 0.5 -0.3535533905933 0 
-0.4885987689621 0.3090169943749 -0.2185080122244 0 
-0.1350453783689 -0.5 0.1350453783689 -0.3090169943749 
-0.1350453783689 -0.1909830056251 0.5720614028177 -0 
0.0834626338555 -0.5 -0.3535533905933 0 
-0.4885987689621 -0.3090169943749 -0.2185080122244 0 
-0.1350453783689 -0.5 0.1350453783689 0.3090169943749 
-0.1350453783689 -0.3090169943749 -0.1350453783689 0.5 
-0.1350453783689 0.3090169943749 -0.1350453783689 0.5 
-0.1350453783689 -0 -0.5720614028177 0.1909830056251 
-0.1350453783689 -0 -0.5720614028177 -0.1909830056251 
-0.1350453783689 0.3090169943749 -0.1350453783689 -0.5 
-0.1350453783689 -0.3090169943749 -0.1350453783689 -0.5 
0.4370160244488 -0.3090169943749 -0 -0.3090169943749 
0.4370160244488 0.3090169943749 -0 -0.3090169943749 
0.4370160244488 -0 0.4370160244488 -0 
0.4370160244488 -0 -0.4370160244488 0 
0.4370160244488 0.3090169943749 -0 0.3090169943749 
0.4370160244488 -0.3090169943749 -0 0.3090169943749 
0.2185080122244 -0.3090169943749 0.4885987689621 -0 
0.2185080122244 0.1909830056251 -0.2185080122244 0.5 
0.2185080122244 0.1909830056251 -0.2185080122244 -0.5 
0.2185080122244 0.3090169943749 0.4885987689621 -0 
0.2185080122244 -0.1909830056251 -0.2185080122244 0.5 
0.2185080122244 -0.1909830056251 -0.2185080122244 -0.5 
0.2185080122244 0.5 0.2185080122244 0.1909830056251 
0.2185080122244 -0.5 0.2185080122244 0.1909830056251 
0.2185080122244 -0 -0.4885987689621 -0.3090169943749 
-0.3535533905933 -0 -0.0834626338555 0.5 
-0.3535533905933 -0 -0.0834626338555 -0.5 
0.2185080122244 0.5 0.2185080122244 -0.1909830056251 
0.2185080122244 -0.5 0.2185080122244 -0.1909830056251 
0.2185080122244 -0 -0.4885987689621 0.3090169943749 
-0.3535533905933 -0.3090169943749 0.3535533905933 0.1909830056251 
-0.3535533905933 0.1909830056251 -0.3535533905933 -0.3090169943749 
-0.3535533905933 -0.3090169943749 0.3535533905933 -0.1909830056251 
-0.3535533905933 0.1909830056251 -0.3535533905933 0.3090169943749 
-0.3535533905933 0.3090169943749 0.3535533905933 0.1909830056251 
-0.3535533905933 -0.1909830056251 -0.3535533905933 -0.3090169943749 
-0.3535533905933 0.3090169943749 0.3535533905933 -0.1909830056251 
-0.3535533905933 -0.1909830056251 -0.3535533905933 0.3090169943749 
0.5720614028177 -0 0.1350453783689 0.1909830056251 
-0 -0.3090169943749 -0.4370160244488 -0.3090169943749 
-0.3535533905933 0.5 0.0834626338555 -0 
-0.3535533905933 -0.5 0.0834626338555 -0 
0.5720614028177 -0 0.1350453783689 -0.1909830056251 
-0 -0.3090169943749 -0.4370160244488 0.3090169943749 
-0 0.3090169943749 -0.4370160244488 -0.3090169943749 
0.5720614028177 0.1909830056251 -0.1350453783689 -0 
-0 -0.6180339887499 -0 -0 
-0 0.3090169943749 -0.4370160244488 0.3090169943749 
-0 -0 0 -0.6180339887499 
0.5720614028177 -0.1909830056251 -0.1350453783689 -0 
-0 0.6180339887499 -0 -0 
-0 -0.3090169943749 0.4370160244488 -0.3090169943749 
-0 -0 0 0.6180339887499 
-0 0.3090169943749 0.4370160244488 -0.3090169943749 
-0.5720614028177 0.1909830056251 0.1350453783689 -0 
0.3535533905933 0.5 -0.0834626338555 -0 
-0 -0.3090169943749 0.4370160244488 0.3090169943749 
-0 0.3090169943749 0.4370160244488 0.3090169943749 
0.3535533905933 0.1909830056251 0.3535533905933 -0.3090169943749 
-0.5720614028177 -0.1909830056251 0.1350453783689 -0 
0.3535533905933 -0.5 -0.0834626338555 -0 
0.3535533905933 0.1909830056251 0.3535533905933 0.3090169943749 
0.3535533905933 -0.1909830056251 0.3535533905933 -0.3090169943749 
-0.5720614028177 0 -0.1350453783689 0.1909830056251 
0.3535533905933 -0.3090169943749 -0.3535533905933 0.1909830056251 
0.3535533905933 -0.1909830056251 0.3535533905933 0.3090169943749 
0.3535533905933 0.3090169943749 -0.3535533905933 0.1909830056251 
-0.2185080122244 0 0.4885987689621 -0.3090169943749 
-0.5720614028177 0 -0.1350453783689 -0.1909830056251 
0.3535533905933 -0.3090169943749 -0.3535533905933 -0.1909830056251 
0.3535533905933 -0 0.0834626338555 0.5 
-0.2185080122244 0 0.4885987689621 0.3090169943749 
0.3535533905933 0.3090169943749 -0.3535533905933 -0.1909830056251 
-0.2185080122244 0.5 -0.2185080122244 0.1909830056251 
0.3535533905933 -0 0.0834626338555 -0.5 
-0.2185080122244 0.1909830056251 0.2185080122244 0.5 
-0.2185080122244 0.5 -0.2185080122244 -0.1909830056251 
-0.2185080122244 -0.5 -0.2185080122244 0.1909830056251 
-0.2185080122244 0.1909830056251 0.2185080122244 -0.5 
-0.2185080122244 -0.1909830056251 0.2185080122244 0.5 
-0.2185080122244 -0.5 -0.2185080122244 -0.1909830056251 
-0.2185080122244 -0.1909830056251 0.2185080122244 -0.5 
0.1350453783689 -0.3090169943749 0.1350453783689 0.5 
-0.2185080122244 -0.3090169943749 -0.4885987689621 0 
-0.2185080122244 0.3090169943749 -0.4885987689621 0 
0.1350453783689 -0.3090169943749 0.1350453783689 -0.5 
0.1350453783689 0.3090169943749 0.1350453783689 0.5 
0.1350453783689 0.1909830056251 -0.5720614028177 0 
0.1350453783689 0.3090169943749 0.1350453783689 -0.5 
0.1350453783689 0 0.5720614028177 0.1909830056251 
0.1350453783689 -0.1909830056251 -0.5720614028177 0 
0.1350453783689 0.5 -0.1350453783689 -0.3090169943749 
0.1350453783689 0 0.5720614028177 -0.1909830056251 
0.1350453783689 -0.5 -0.1350453783689 -0.3090169943749 
-0.4370160244488 -0 -0.4370160244488 0 
0.1350453783689 0.5 -0.1350453783689 0.3090169943749 
0.1350453783689 -0.5 -0.1350453783689 0.3090169943749 
-0.4370160244488 -0.3090169943749 -0 -0.3090169943749 
-0.4370160244488 -0.3090169943749 -0 0.3090169943749 
-0.4370160244488 0.3090169943749 -0 -0.3090169943749 
-0.4370160244488 0.3090169943749 -0 0.3090169943749 
0.4885987689621 -0 -0.2185080122244 -0.3090169943749 
-0.4370160244488 0 0.4370160244488 -0 
0.4885987689621 -0 -0.2185080122244 0.3090169943749 
0.4885987689621 -0.3090169943749 0.2185080122244 -0 
0.4885987689621 0.3090169943749 0.2185080122244 -0 
-0.0834626338555 0.5 0.3535533905933 -0 
-0.0834626338555 -0.5 0.3535533905933 -0 
-0.0834626338555 -0 -0.3535533905933 0.5 
-0.0834626338555 -0 -0.3535533905933 -0.5 

# Faces
3 0 1 2
3 0 3 1
3 2 3 0
3 1 2 3
3 5 6 4
3 5 3 4
3 4 3 6
3 5 6 3
3 8 6 7
3 7 8 2
3 7 6 2
3 6 2 8
3 5 9 4
3 4 5 10
3 4 10 9
3 5 9 10
3 11 9 12
3 12 13 11
3 11 9 13
3 12 9 13
3 1 13 0
3 0 1 10
3 0 13 10
3 1 13 10
3 0 14 1
3 0 1 15
3 0 14 15
3 1 14 15
3 11 12 16
3 11 14 12
3 11 16 14
3 12 14 16
3 8 16 7
3 8 15 7
3 7 15 16
3 8 15 16
3 8 17 7
3 7 18 8
3 7 18 17
3 17 18 8
3 5 19 4
3 4 5 18
3 4 19 18
3 19 18 5
3 11 12 17
3 11 19 12
3 17 19 11
3 17 19 12
3 20 21 4
3 4 22 20
3 4 21 22
3 20 22 21
3 7 21 23
3 7 24 23
3 7 24 21
3 21 24 23
3 25 24 0
3 25 22 0
3 24 22 0
3 24 22 25
3 13 25 0
3 25 26 0
3 13 26 0
3 25 26 13
3 9 20 4
3 20 26 4
3 9 26 4
3 9 26 20
3 16 23 7
3 7 23 27
3 7 27 16
3 23 27 16
3 0 25 14
3 0 27 25
3 14 27 0
3 25 14 27
3 19 20 4
3 4 20 28
3 4 28 19
3 19 28 20
3 7 17 23
3 23 28 7
3 17 28 7
3 17 28 23
3 23 20 11
3 11 23 25
3 11 25 20
3 20 25 23
3 6 21 4
3 21 29 4
3 4 29 6
3 21 29 6
3 0 24 2
3 24 29 0
3 2 29 0
3 24 2 29
3 0 15 24
3 0 24 30
3 0 15 30
3 24 15 30
3 16 11 23
3 11 30 23
3 16 30 11
3 16 30 23
3 11 23 17
3 23 31 11
3 11 31 17
3 23 31 17
3 4 18 21
3 4 31 21
3 18 31 4
3 21 31 18
3 0 3 22
3 0 32 22
3 0 3 32
3 3 32 22
3 6 21 7
3 21 32 7
3 6 32 7
3 21 6 32
3 9 11 20
3 20 33 11
3 11 9 33
3 20 9 33
3 0 10 22
3 0 22 33
3 10 33 0
3 22 10 33
3 18 21 7
3 7 34 21
3 7 18 34
3 21 18 34
3 19 20 11
3 20 34 11
3 19 34 11
3 20 19 34
3 12 5 8
3 12 1 8
3 12 5 1
3 5 1 8
3 16 8 12
3 12 8 35
3 12 16 35
3 8 16 35
3 2 27 0
3 0 2 35
3 27 35 0
3 2 35 27
3 4 28 6
3 6 36 4
3 28 36 4
3 28 36 6
3 8 12 17
3 8 36 12
3 12 36 17
3 8 17 36
3 7 2 24
3 24 37 7
3 2 37 7
3 2 37 24
3 4 3 22
3 22 37 4
3 4 3 37
3 22 37 3
3 4 10 22
3 4 22 38
3 4 38 10
3 22 10 38
3 11 25 13
3 11 38 25
3 13 38 11
3 25 38 13
3 11 25 14
3 11 25 39
3 11 14 39
3 25 39 14
3 7 24 15
3 24 39 7
3 7 39 15
3 24 15 39
3 0 3 26
3 3 40 0
3 0 40 26
3 26 40 3
3 9 5 12
3 12 5 40
3 9 40 12
3 9 40 5
3 5 12 19
3 12 5 41
3 12 41 19
3 5 41 19
3 6 28 7
3 7 6 41
3 28 41 7
3 6 41 28
3 13 30 0
3 13 35 0
3 30 35 0
3 13 30 35
3 9 31 4
3 4 36 9
3 4 31 36
3 31 36 9
3 12 1 13
3 12 42 1
3 12 42 13
3 1 13 42
3 4 3 26
3 4 42 3
3 26 42 4
3 26 42 3
3 7 27 2
3 7 2 43
3 7 27 43
3 27 43 2
3 14 1 12
3 12 43 1
3 12 14 43
3 14 43 1
3 6 5 8
3 8 5 44
3 8 44 6
3 5 44 6
3 10 29 0
3 0 10 44
3 0 29 44
3 29 44 10
3 11 31 9
3 11 45 9
3 11 31 45
3 31 45 9
3 18 5 8
3 8 45 5
3 8 18 45
3 5 18 45
3 0 33 14
3 0 14 40
3 0 40 33
3 14 40 33
3 16 34 7
3 16 41 7
3 34 41 7
3 16 34 41
3 4 29 10
3 10 46 4
3 29 46 4
3 10 46 29
3 2 8 1
3 1 46 8
3 8 46 2
3 1 46 2
3 1 8 15
3 8 1 47
3 15 47 8
3 1 47 15
3 11 13 30
3 11 13 47
3 30 47 11
3 13 47 30
3 0 15 32
3 15 44 0
3 32 44 0
3 32 44 15
3 11 16 34
3 11 16 45
3 11 45 34
3 34 45 16
3 0 29 26
3 26 48 0
3 29 48 0
3 26 48 29
3 21 20 23
3 23 48 20
3 21 48 23
3 20 48 21
3 28 23 20
3 20 49 23
3 28 49 23
3 20 49 28
3 9 36 12
3 12 9 49
3 12 49 36
3 9 49 36
3 19 38 4
3 4 19 42
3 4 38 42
3 38 42 19
3 17 39 7
3 7 17 43
3 7 43 39
3 17 39 43
3 3 5 1
3 1 50 5
3 5 50 3
3 1 50 3
3 15 32 7
3 7 15 50
3 32 50 7
3 15 50 32
3 11 14 33
3 14 51 11
3 33 51 11
3 33 51 14
3 10 5 1
3 5 1 51
3 5 51 10
3 10 51 1
3 24 23 25
3 23 25 52
3 24 52 23
3 25 52 24
3 26 29 4
3 4 26 52
3 4 52 29
3 26 29 52
3 12 13 35
3 13 53 12
3 12 53 35
3 35 53 13
3 27 25 23
3 23 25 53
3 23 27 53
3 25 53 27
3 18 37 4
3 4 18 46
3 37 46 4
3 18 46 37
3 17 39 11
3 11 17 47
3 39 47 11
3 17 39 47
3 0 27 32
3 0 48 27
3 0 48 32
3 27 32 48
3 12 41 16
3 12 49 16
3 41 49 12
3 41 49 16
3 6 36 8
3 6 54 8
3 8 36 54
3 36 54 6
3 23 31 21
3 21 54 23
3 31 54 23
3 31 54 21
3 7 18 37
3 18 50 7
3 7 37 50
3 18 37 50
3 11 19 38
3 19 51 11
3 11 51 38
3 19 51 38
3 7 32 27
3 7 27 55
3 7 32 55
3 32 55 27
3 20 25 22
3 25 55 20
3 20 55 22
3 25 22 55
3 25 20 26
3 25 56 20
3 20 56 26
3 25 56 26
3 14 40 12
3 14 56 12
3 40 56 12
3 14 56 40
3 24 23 30
3 23 24 57
3 30 57 23
3 30 57 24
3 2 35 8
3 2 57 8
3 8 35 57
3 35 57 2
3 28 37 4
3 28 52 4
3 37 52 4
3 37 52 28
3 17 43 12
3 17 53 12
3 12 43 53
3 17 53 43
3 0 33 30
3 30 48 0
3 0 48 33
3 30 48 33
3 8 16 45
3 16 54 8
3 8 45 54
3 16 45 54
3 20 34 21
3 21 58 20
3 34 58 20
3 21 34 58
3 5 6 41
3 6 58 5
3 5 58 41
3 6 41 58
3 7 37 28
3 28 55 7
3 37 55 7
3 37 55 28
3 19 42 12
3 19 56 12
3 12 56 42
3 42 56 19
3 22 24 21
3 21 24 59
3 21 22 59
3 24 59 22
3 11 33 30
3 11 30 59
3 33 59 11
3 33 59 30
3 8 15 44
3 8 15 60
3 8 44 60
3 15 60 44
3 24 29 21
3 24 60 21
3 21 60 29
3 29 60 24
3 3 5 40
3 5 61 3
3 40 61 5
3 40 61 3
3 20 22 33
3 20 22 61
3 33 61 20
3 33 61 22
3 4 38 31
3 4 52 31
3 38 52 4
3 31 38 52
3 8 17 47
3 17 57 8
3 8 47 57
3 47 57 17
3 9 45 5
3 5 9 58
3 45 58 5
3 9 45 58
3 35 40 0
3 0 35 44
3 40 44 0
3 35 40 44
3 16 49 23
3 23 54 16
3 49 54 23
3 16 54 49
3 1 43 2
3 1 62 2
3 43 62 1
3 43 62 2
3 24 39 25
3 24 62 25
3 25 39 62
3 39 62 24
3 11 38 31
3 31 59 11
3 11 38 59
3 31 38 59
3 18 46 8
3 18 60 8
3 8 60 46
3 18 46 60
3 22 21 32
3 21 63 22
3 21 63 32
3 32 63 22
3 10 44 5
3 5 63 10
3 44 63 5
3 44 63 10
3 35 40 12
3 12 64 35
3 12 40 64
3 40 64 35
3 3 2 6
3 2 64 6
3 6 3 64
3 2 64 3
3 6 29 2
3 2 65 6
3 29 65 6
3 29 65 2
3 23 48 27
3 27 65 23
3 23 65 48
3 48 65 27
3 25 38 22
3 25 66 22
3 25 38 66
3 22 66 38
3 3 42 1
3 1 3 66
3 1 66 42
3 42 66 3
3 34 39 7
3 34 55 7
3 39 55 7
3 34 39 55
3 5 19 51
3 5 19 61
3 5 51 61
3 19 51 61
3 36 42 4
3 4 36 46
3 42 46 4
3 42 46 36
3 23 53 17
3 23 57 17
3 23 53 57
3 17 53 57
3 1 13 47
3 13 62 1
3 1 47 62
3 47 62 13
3 20 49 9
3 20 9 58
3 20 49 58
3 9 58 49
3 11 39 34
3 11 34 59
3 11 59 39
3 34 59 39
3 5 18 50
3 18 63 5
3 50 63 5
3 18 50 63
3 36 42 12
3 12 36 64
3 42 64 12
3 36 42 64
3 23 28 52
3 23 28 65
3 52 65 23
3 28 65 52
3 10 1 46
3 1 67 10
3 46 67 1
3 10 67 46
3 22 37 24
3 24 67 22
3 24 37 67
3 37 67 22
3 26 48 20
3 20 26 68
3 48 68 20
3 48 68 26
3 6 32 3
3 3 68 6
3 32 68 6
3 3 68 32
3 9 10 13
3 13 69 9
3 9 10 69
3 13 69 10
3 8 44 35
3 8 69 35
3 8 69 44
3 35 44 69
3 30 48 23
3 23 70 30
3 48 70 23
3 30 48 70
3 9 26 13
3 13 70 9
3 9 70 26
3 26 70 13
3 1 51 14
3 1 66 14
3 1 66 51
3 14 51 66
3 7 43 41
3 41 50 7
3 7 50 43
3 41 43 50
3 20 19 56
3 20 19 61
3 20 61 56
3 19 61 56
3 13 53 25
3 13 62 25
3 25 62 53
3 53 62 13
3 6 21 54
3 21 6 58
3 21 58 54
3 6 58 54
3 15 50 1
3 1 15 67
3 50 67 1
3 50 67 15
3 12 41 43
3 12 64 41
3 12 43 64
3 41 64 43
3 20 28 55
3 20 68 28
3 55 68 20
3 28 55 68
3 8 36 46
3 36 69 8
3 8 69 46
3 36 46 69
3 23 31 52
3 23 70 31
3 23 70 52
3 31 52 70
3 3 37 2
3 2 71 3
3 37 71 2
3 37 71 3
3 26 52 25
3 26 71 25
3 25 71 52
3 26 71 52
3 9 33 10
3 10 72 9
3 9 72 33
3 33 72 10
3 29 48 21
3 29 72 21
3 21 72 48
3 29 72 48
3 40 44 5
3 5 73 40
3 5 73 44
3 40 44 73
3 14 16 15
3 16 14 73
3 16 73 15
3 15 73 14
3 16 27 14
3 16 74 14
3 27 74 16
3 27 74 14
3 20 48 33
3 20 74 33
3 20 74 48
3 33 74 48
3 25 14 56
3 25 66 14
3 56 66 25
3 14 66 56
3 45 47 11
3 11 45 51
3 47 51 11
3 45 51 47
3 21 18 60
3 18 63 21
3 21 60 63
3 18 60 63
3 24 57 2
3 2 62 24
3 24 57 62
3 2 62 57
3 27 55 25
3 27 71 25
3 55 71 25
3 27 71 55
3 8 47 45
3 8 45 69
3 8 69 47
3 47 69 45
3 21 31 59
3 21 31 72
3 21 72 59
3 59 72 31
3 41 50 5
3 41 73 5
3 5 73 50
3 50 73 41
3 20 55 34
3 34 74 20
3 55 74 20
3 34 74 55
3 24 52 29
3 29 75 24
3 24 52 75
3 52 75 29
3 10 38 13
3 10 75 13
3 38 75 13
3 38 75 10
3 32 48 21
3 21 32 76
3 48 76 21
3 32 48 76
3 15 16 30
3 16 15 76
3 30 76 16
3 15 30 76
3 29 44 6
3 6 29 77
3 44 77 6
3 29 77 44
3 9 40 26
3 26 77 9
3 40 77 9
3 40 77 26
3 17 19 18
3 19 78 17
3 17 18 78
3 19 78 18
3 42 46 1
3 42 78 1
3 46 78 1
3 42 78 46
3 25 38 52
3 25 38 79
3 25 79 52
3 38 79 52
3 19 17 28
3 17 79 19
3 17 28 79
3 19 28 79
3 24 60 15
3 15 67 24
3 60 67 24
3 15 67 60
3 12 49 53
3 12 49 56
3 12 56 53
3 53 56 49
3 6 65 28
3 6 28 68
3 6 68 65
3 65 68 28
3 22 61 3
3 22 66 3
3 22 66 61
3 3 61 66
3 30 59 24
3 30 75 24
3 59 75 24
3 30 59 75
3 45 51 5
3 5 45 73
3 5 51 73
3 45 73 51
3 21 59 34
3 21 34 76
3 59 76 21
3 34 76 59
3 23 49 53
3 49 70 23
3 23 53 70
3 49 53 70
3 6 64 36
3 6 36 77
3 6 77 64
3 64 77 36
3 43 50 1
3 43 78 1
3 1 78 50
3 43 78 50
3 25 39 55
3 25 79 39
3 25 79 55
3 39 79 55
3 14 39 15
3 15 80 14
3 39 80 14
3 15 80 39
3 32 22 55
3 32 80 22
3 22 55 80
3 55 80 32
3 13 42 26
3 13 26 81
3 13 81 42
3 26 81 42
3 2 46 29
3 2 29 81
3 2 81 46
3 29 81 46
3 17 31 18
3 18 82 17
3 31 82 17
3 18 31 82
3 37 52 24
3 37 82 24
3 24 52 82
3 37 52 82
3 27 35 16
3 16 83 27
3 35 83 16
3 27 83 35
3 6 44 32
3 32 83 6
3 6 83 44
3 32 83 44
3 22 63 10
3 22 67 10
3 22 63 67
3 10 67 63
3 2 27 65
3 27 71 2
3 2 65 71
3 65 71 27
3 8 57 54
3 8 54 60
3 57 60 8
3 54 57 60
3 9 70 31
3 9 72 31
3 9 70 72
3 31 72 70
3 22 33 59
3 33 80 22
3 22 59 80
3 33 59 80
3 35 64 2
3 35 81 2
3 64 81 2
3 35 64 81
3 47 51 1
3 47 78 1
3 51 78 1
3 47 78 51
3 39 59 24
3 39 82 24
3 24 82 59
3 39 82 59
3 20 49 56
3 49 74 20
3 20 74 56
3 56 74 49
3 41 64 6
3 41 83 6
3 6 64 83
3 41 83 64
3 23 57 54
3 23 65 54
3 23 65 57
3 54 65 57
3 36 69 9
3 36 77 9
3 9 69 77
3 36 69 77
3 22 55 37
3 22 37 84
3 22 84 55
3 55 84 37
3 19 34 18
3 19 18 84
3 19 84 34
3 18 34 84
3 3 50 32
3 32 85 3
3 3 50 85
3 50 85 32
3 14 43 27
3 27 85 14
3 43 85 14
3 27 85 43
3 2 46 37
3 2 37 86
3 46 86 2
3 37 46 86
3 28 36 17
3 17 28 86
3 17 86 36
3 36 86 28
3 9 40 33
3 33 87 9
3 9 87 40
3 33 40 87
3 16 30 35
3 16 30 87
3 35 87 16
3 30 87 35
3 3 68 26
3 3 71 26
3 3 68 71
3 68 71 26
3 13 70 30
3 13 75 30
3 13 70 75
3 30 70 75
3 5 58 61
3 58 63 5
3 5 61 63
3 61 63 58
3 16 34 74
3 16 34 76
3 74 76 16
3 34 74 76
3 22 59 38
3 38 84 22
3 59 84 22
3 38 84 59
3 40 3 64
3 40 85 3
3 64 85 3
3 40 85 64
3 35 69 13
3 13 81 35
3 13 81 69
3 35 81 69
3 25 53 56
3 25 53 79
3 25 56 79
3 53 56 79
3 2 43 64
3 43 86 2
3 64 86 2
3 64 86 43
3 54 60 21
3 21 76 54
3 21 60 76
3 54 60 76
3 9 69 45
3 9 45 87
3 9 87 69
3 45 87 69
3 20 58 61
3 58 68 20
3 61 68 20
3 58 68 61
3 41 73 16
3 41 83 16
3 16 73 83
3 73 83 41
3 19 41 28
3 19 88 28
3 19 88 41
3 28 88 41
3 37 50 3
3 37 88 3
3 50 88 3
3 50 88 37
3 30 47 15
3 30 89 15
3 15 89 47
3 30 47 89
3 33 51 10
3 33 89 10
3 10 89 51
3 51 89 33
3 31 36 17
3 17 90 31
3 17 90 36
3 36 90 31
3 13 38 42
3 38 90 13
3 42 90 13
3 38 42 90
3 29 72 10
3 10 75 29
3 72 75 10
3 29 75 72
3 33 74 14
3 14 33 80
3 74 80 14
3 33 74 80
3 1 66 62
3 62 67 1
3 1 67 66
3 62 66 67
3 39 79 17
3 17 82 39
3 17 82 79
3 39 79 82
3 42 64 3
3 3 42 88
3 64 88 3
3 42 64 88
3 10 44 69
3 10 89 44
3 69 89 10
3 69 89 44
3 40 73 14
3 14 85 40
3 14 85 73
3 73 85 40
3 24 57 60
3 24 82 57
3 60 82 24
3 60 82 57
3 13 47 69
3 13 90 47
3 13 90 69
3 47 69 90
3 58 63 21
3 58 72 21
3 21 72 63
3 58 72 63
3 16 73 45
3 45 87 16
3 16 87 73
3 45 73 87
3 6 54 65
3 54 83 6
3 65 83 6
3 54 65 83
3 49 70 9
3 9 49 87
3 9 70 87
3 49 70 87
3 25 66 62
3 25 62 71
3 25 71 66
3 62 66 71
3 43 78 17
3 43 86 17
3 17 78 86
3 43 86 78
3 38 51 10
3 38 91 10
3 10 51 91
3 51 91 38
3 31 18 45
3 18 31 91
3 18 45 91
3 45 91 31
3 40 56 26
3 26 92 40
3 26 92 56
3 40 92 56
3 35 53 27
3 35 92 27
3 27 92 53
3 35 53 92
3 39 43 14
3 14 93 39
3 14 93 43
3 43 93 39
3 34 41 19
3 19 93 34
3 19 41 93
3 41 93 34
3 32 15 76
3 15 80 32
3 15 80 76
3 32 80 76
3 29 26 77
3 26 81 29
3 77 81 26
3 77 81 29
3 38 19 79
3 19 84 38
3 19 84 79
3 38 84 79
3 10 69 46
3 10 46 91
3 69 91 10
3 46 91 69
3 44 73 15
3 15 89 44
3 15 89 73
3 44 73 89
3 48 70 26
3 26 92 48
3 70 92 26
3 48 70 92
3 19 78 42
3 42 88 19
3 19 78 88
3 42 78 88
3 61 63 22
3 61 84 22
3 22 63 84
3 61 84 63
3 51 73 14
3 14 51 93
3 14 93 73
3 51 93 73
3 2 65 57
3 2 86 57
3 65 86 2
3 57 86 65
3 53 70 13
3 13 90 53
3 70 90 13
3 53 90 70
3 62 67 24
3 62 75 24
3 24 75 67
3 62 67 75
3 17 78 47
3 17 47 90
3 78 90 17
3 47 78 90
3 58 68 6
3 6 77 58
3 6 68 77
3 58 77 68
3 49 74 16
3 16 49 87
3 16 87 74
3 49 74 87
3 34 45 18
3 18 34 94
3 18 94 45
3 34 94 45
3 15 39 47
3 15 94 39
3 15 94 47
3 39 94 47
3 28 49 36
3 36 95 28
3 28 95 49
3 49 95 36
3 42 56 26
3 26 95 42
3 26 95 56
3 56 95 42
3 30 57 35
3 35 96 30
3 30 57 96
3 35 96 57
3 44 60 29
3 29 44 96
3 60 96 29
3 44 60 96
3 18 82 37
3 37 18 84
3 82 84 18
3 37 82 84
3 32 83 27
3 32 27 85
3 27 85 83
3 83 85 32
3 15 50 73
3 15 50 94
3 15 73 94
3 50 94 73
3 26 52 70
3 26 95 52
3 26 70 95
3 70 95 52
3 18 78 46
3 46 91 18
3 18 78 91
3 78 91 46
3 48 74 27
3 48 92 27
3 27 92 74
3 48 92 74
3 48 65 29
3 48 96 29
3 29 96 65
3 65 96 48
3 22 67 66
3 22 66 80
3 22 80 67
3 66 67 80
3 51 78 19
3 51 93 19
3 78 93 19
3 51 93 78
3 61 68 3
3 3 88 61
3 3 88 68
3 61 68 88
3 14 56 74
3 14 93 56
3 74 93 14
3 56 93 74
3 2 71 62
3 2 62 81
3 2 81 71
3 62 81 71
3 17 53 79
3 17 90 53
3 17 79 90
3 79 90 53
3 58 72 9
3 9 77 58
3 9 72 77
3 58 77 72
3 54 76 16
3 16 54 83
3 16 83 76
3 54 83 76
3 43 53 27
3 43 97 27
3 53 97 27
3 43 97 53
3 28 41 49
3 28 97 41
3 28 97 49
3 41 97 49
3 46 60 29
3 29 46 98
3 29 98 60
3 46 60 98
3 31 54 36
3 36 98 31
3 31 54 98
3 54 98 36
3 44 63 32
3 44 99 32
3 63 99 32
3 44 99 63
3 40 61 33
3 33 99 40
3 61 99 33
3 61 99 40
3 37 28 86
3 37 88 28
3 28 88 86
3 86 88 37
3 30 87 33
3 33 89 30
3 87 89 30
3 33 87 89
3 50 78 18
3 18 94 50
3 18 78 94
3 78 94 50
3 55 74 27
3 27 55 97
3 74 97 27
3 55 74 97
3 29 65 52
3 52 98 29
3 65 98 29
3 52 98 65
3 52 79 28
3 28 52 95
3 28 95 79
3 52 79 95
3 30 76 48
3 30 96 48
3 30 76 96
3 76 96 48
3 32 68 48
3 32 99 48
3 68 99 32
3 48 68 99
3 66 71 3
3 3 66 85
3 71 85 3
3 66 71 85
3 19 56 79
3 56 93 19
3 19 93 79
3 56 79 93
3 10 72 63
3 63 91 10
3 10 91 72
3 72 91 63
3 15 76 60
3 15 60 94
3 15 94 76
3 60 94 76
3 13 62 75
3 13 62 81
3 75 81 13
3 75 81 62
3 17 57 82
3 57 86 17
3 17 82 86
3 82 86 57
3 31 45 54
3 31 100 45
3 54 100 31
3 54 100 45
3 30 57 47
3 30 47 100
3 30 100 57
3 47 57 100
3 34 41 58
3 34 41 101
3 58 101 34
3 41 101 58
3 32 50 63
3 32 101 50
3 32 101 63
3 50 63 101
3 42 66 38
3 38 42 102
3 38 66 102
3 66 102 42
3 46 37 67
3 46 102 37
3 67 102 37
3 46 102 67
3 31 38 90
3 38 91 31
3 31 90 91
3 38 91 90
3 40 87 35
3 40 92 35
3 35 87 92
3 40 92 87
3 28 79 55
3 55 97 28
3 79 97 28
3 79 97 55
3 59 76 30
3 30 100 59
3 30 76 100
3 59 100 76
3 55 68 32
3 32 55 101
3 32 101 68
3 68 101 55
3 31 82 52
3 52 98 31
3 31 82 98
3 52 98 82
3 48 72 33
3 33 99 48
3 33 99 72
3 72 99 48
3 44 83 35
3 44 96 35
3 83 96 35
3 83 96 44
3 52 71 37
3 37 52 102
3 37 102 71
3 71 102 52
3 10 75 67
3 10 89 67
3 10 75 89
3 67 75 89
3 60 82 18
3 60 94 18
3 18 82 94
3 82 94 60
3 26 77 68
3 26 95 68
3 26 77 95
3 68 95 77
3 65 83 27
3 27 97 65
3 83 97 27
3 65 97 83
3 66 80 14
3 66 85 14
3 14 85 80
3 80 85 66
3 19 84 61
3 19 88 61
3 19 88 84
3 61 84 88
3 51 61 33
3 33 51 103
3 61 103 33
3 51 103 61
3 34 58 45
3 34 45 103
3 34 103 58
3 58 103 45
3 53 57 35
3 53 104 35
3 35 104 57
3 53 104 57
3 49 54 36
3 36 49 104
3 36 54 104
3 49 54 104
3 37 50 67
3 50 105 37
3 37 67 105
3 50 67 105
3 43 62 39
3 39 43 105
3 39 105 62
3 43 105 62
3 39 93 34
3 39 94 34
3 34 93 94
3 93 94 39
3 42 90 36
3 42 95 36
3 36 90 95
3 90 95 42
3 59 82 31
3 31 59 100
3 31 100 82
3 59 100 82
3 59 72 33
3 33 59 103
3 33 103 72
3 59 72 103
3 35 83 64
3 64 104 35
3 83 104 35
3 83 104 64
3 55 71 37
3 55 105 37
3 37 105 71
3 71 105 55
3 55 34 84
3 55 101 34
3 84 101 34
3 55 84 101
3 46 86 36
3 46 98 36
3 36 98 86
3 46 98 86
3 52 38 75
3 52 102 38
3 38 102 75
3 75 102 52
3 44 77 40
3 44 40 99
3 40 99 77
3 44 77 99
3 15 80 67
3 15 89 67
3 15 80 89
3 80 89 67
3 18 84 63
3 18 63 91
3 18 91 84
3 63 91 84
3 71 81 26
3 26 92 71
3 81 92 26
3 81 92 71
3 65 86 28
3 65 97 28
3 86 97 28
3 65 86 97
3 29 77 72
3 29 72 98
3 29 77 98
3 72 98 77
3 70 87 30
3 30 100 70
3 30 87 100
3 87 100 70
3 39 47 62
3 39 47 106
3 39 62 106
3 62 106 47
3 51 66 38
3 38 106 51
3 38 106 66
3 66 106 51
3 41 58 49
3 41 49 107
3 41 107 58
3 49 58 107
3 40 61 56
3 40 56 107
3 40 61 107
3 61 107 56
3 41 93 43
3 41 97 43
3 41 97 93
3 93 97 43
3 34 84 59
3 34 103 59
3 34 103 84
3 84 103 59
3 36 64 86
3 36 104 64
3 36 104 86
3 64 86 104
3 38 59 75
3 59 106 38
3 38 75 106
3 75 106 59
3 40 77 64
3 40 107 64
3 40 107 77
3 64 107 77
3 35 69 87
3 35 69 104
3 87 104 35
3 87 104 69
3 39 80 55
3 39 55 105
3 80 105 39
3 80 105 55
3 41 88 50
3 41 101 50
3 41 88 101
3 50 101 88
3 42 81 46
3 42 102 46
3 42 81 102
3 46 102 81
3 71 85 27
3 71 92 27
3 85 92 27
3 71 85 92
3 68 88 28
3 28 68 95
3 28 95 88
3 88 95 68
3 29 75 81
3 29 96 75
3 29 81 96
3 75 96 81
3 31 90 70
3 31 70 100
3 90 100 31
3 70 90 100
3 32 83 76
3 32 76 101
3 83 101 32
3 76 83 101
3 33 74 87
3 33 103 74
3 33 87 103
3 74 87 103
3 42 56 66
3 42 108 56
3 42 108 66
3 56 108 66
3 43 53 62
3 53 108 43
3 43 108 62
3 53 108 62
3 60 63 44
3 44 60 109
3 44 63 109
3 63 109 60
3 45 58 54
3 45 109 54
3 45 109 58
3 58 109 54
3 47 94 45
3 45 47 100
3 45 94 100
3 47 94 100
3 39 59 80
3 59 106 39
3 39 106 80
3 59 80 106
3 64 88 41
3 41 107 64
3 41 88 107
3 64 107 88
3 36 69 90
3 36 104 69
3 36 90 104
3 69 90 104
3 42 81 64
3 64 108 42
3 81 108 42
3 64 81 108
3 69 77 44
3 69 109 44
3 44 109 77
3 69 109 77
3 73 87 40
3 40 73 107
3 40 107 87
3 73 87 107
3 50 85 43
3 43 105 50
3 85 105 43
3 50 105 85
3 51 91 45
3 45 103 51
3 45 103 91
3 91 103 51
3 30 89 75
3 30 75 96
3 30 96 89
3 89 96 75
3 72 91 31
3 31 98 72
3 91 98 31
3 72 91 98
3 32 80 85
3 32 80 99
3 32 99 85
3 80 99 85
3 34 93 74
3 74 103 34
3 93 103 34
3 74 103 93
3 37 86 82
3 37 82 105
3 86 105 37
3 82 86 105
3 38 90 79
3 79 106 38
3 38 90 106
3 79 106 90
3 47 62 57
3 57 110 47
3 62 110 47
3 57 110 62
3 60 67 46
3 60 110 46
3 67 110 46
3 60 110 67
3 54 58 49
3 49 54 111
3 49 111 58
3 54 111 58
3 48 65 68
3 48 65 111
3 68 111 48
3 65 68 111
3 53 97 49
3 49 104 53
3 97 104 49
3 53 97 104
3 43 64 85
3 64 108 43
3 43 85 108
3 64 85 108
3 45 69 91
3 69 109 45
3 45 109 91
3 91 109 69
3 41 73 93
3 41 107 73
3 93 107 41
3 93 107 73
3 69 81 46
3 69 110 46
3 46 110 81
3 81 110 69
3 44 83 73
3 44 73 109
3 44 109 83
3 73 83 109
3 48 72 70
3 48 70 111
3 72 111 48
3 72 111 70
3 42 90 78
3 42 108 78
3 90 108 42
3 78 90 108
3 51 89 47
3 47 106 51
3 47 106 89
3 89 106 51
3 56 95 49
3 49 107 56
3 49 95 107
3 56 107 95
3 33 89 80
3 80 99 33
3 89 99 33
3 89 99 80
3 34 76 94
3 34 76 101
3 94 101 34
3 94 101 76
3 81 92 35
3 81 96 35
3 35 96 92
3 92 96 81
3 77 95 36
3 36 77 98
3 36 95 98
3 95 98 77
3 37 88 84
3 37 84 102
3 88 102 37
3 84 102 88
3 39 79 93
3 39 106 79
3 39 106 93
3 79 93 106
3 50 67 63
3 63 112 50
3 67 112 50
3 63 67 112
3 51 66 61
3 51 61 112
3 66 112 51
3 66 112 61
3 52 71 65
3 52 65 113
3 52 113 71
3 65 71 113
3 53 62 57
3 57 113 53
3 62 113 53
3 57 113 62
3 54 57 100
3 54 104 57
3 54 100 104
3 57 104 100
3 69 89 47
3 47 110 69
3 47 110 89
3 69 89 110
3 73 94 45
3 45 109 73
3 45 109 94
3 73 94 109
3 49 70 95
3 49 111 70
3 95 111 49
3 95 111 70
3 43 78 93
3 78 108 43
3 43 93 108
3 78 108 93
3 73 85 50
3 50 112 73
3 50 112 85
3 85 112 73
3 52 70 75
3 70 113 52
3 75 113 52
3 75 113 70
3 46 86 78
3 78 110 46
3 46 86 110
3 78 86 110
3 48 76 74
3 48 74 111
3 48 111 76
3 74 111 76
3 53 92 56
3 53 108 56
3 53 92 108
3 56 108 92
3 54 98 60
3 60 54 109
3 54 98 109
3 98 109 60
3 38 91 84
3 38 84 102
3 38 102 91
3 84 91 102
3 39 82 94
3 82 105 39
3 94 105 39
3 94 105 82
3 40 85 92
3 40 85 99
3 92 99 40
3 85 99 92
3 41 83 97
3 83 101 41
3 97 101 41
3 83 97 101
3 61 66 56
3 61 114 56
3 56 66 114
3 61 66 114
3 55 68 71
3 68 114 55
3 55 71 114
3 71 114 68
3 61 58 103
3 61 107 58
3 103 107 58
3 61 107 103
3 73 89 51
3 73 112 51
3 51 112 89
3 73 89 112
3 53 70 92
3 53 70 113
3 92 113 53
3 70 113 92
3 78 94 47
3 47 110 78
3 94 110 47
3 78 110 94
3 49 97 74
3 49 74 111
3 49 97 111
3 74 97 111
3 54 65 98
3 54 65 111
3 54 98 111
3 98 111 65
3 78 88 50
3 78 112 50
3 88 112 50
3 78 112 88
3 55 80 74
3 74 114 55
3 55 80 114
3 74 80 114
3 52 79 82
3 79 113 52
3 52 82 113
3 79 113 82
3 57 60 96
3 57 110 60
3 57 110 96
3 60 110 96
3 63 101 58
3 58 109 63
3 101 109 58
3 63 101 109
3 42 95 88
3 42 102 88
3 42 102 95
3 88 95 102
3 86 97 43
3 86 105 43
3 43 105 97
3 86 105 97
3 89 96 44
3 89 99 44
3 96 99 44
3 96 99 89
3 87 100 45
3 45 87 103
3 100 103 45
3 87 103 100
3 59 75 72
3 59 115 72
3 75 115 59
3 72 115 75
3 60 67 63
3 63 115 60
3 67 115 60
3 63 67 115
3 62 106 66
3 62 108 66
3 62 108 106
3 66 106 108
3 78 91 51
3 51 78 112
3 91 112 51
3 91 112 78
3 56 74 92
3 56 114 74
3 92 114 56
3 74 114 92
3 57 96 65
3 57 113 65
3 57 96 113
3 65 113 96
3 79 97 53
3 53 113 79
3 53 97 113
3 97 113 79
3 76 100 54
3 76 111 54
3 54 100 111
3 100 111 76
3 58 68 101
3 68 111 58
3 58 111 101
3 68 111 101
3 55 84 79
3 79 114 55
3 84 114 55
3 79 84 114
3 76 80 59
3 76 115 59
3 59 80 115
3 76 115 80
3 61 99 63
3 63 61 112
3 99 112 61
3 63 112 99
3 67 62 105
3 62 67 110
3 62 105 110
3 105 110 67
3 91 98 46
3 91 102 46
3 98 102 46
3 91 102 98
3 47 90 100
3 90 106 47
3 47 100 106
3 90 100 106
3 92 96 48
3 48 99 92
3 48 96 99
3 96 99 92
3 87 104 49
3 49 107 87
3 49 104 107
3 87 104 107
3 65 71 68
3 68 116 65
3 65 71 116
3 68 116 71
3 77 81 64
3 77 116 64
3 81 116 64
3 81 116 77
3 79 95 56
3 79 114 56
3 56 95 114
3 95 114 79
3 76 96 60
3 76 115 60
3 60 96 115
3 96 115 76
3 61 68 99
3 61 68 114
3 61 99 114
3 68 114 99
3 57 82 100
3 57 113 82
3 57 113 100
3 82 100 113
3 58 72 103
3 72 111 58
3 58 111 103
3 103 111 72
3 83 104 54
3 54 83 109
3 104 109 54
3 83 109 104
3 71 105 62
3 71 113 62
3 62 105 113
3 71 113 105
3 59 84 82
3 59 115 82
3 84 115 59
3 82 84 115
3 64 85 83
3 64 83 116
3 64 116 85
3 83 116 85
3 66 67 102
3 66 112 67
3 102 112 66
3 67 102 112
3 94 101 50
3 50 94 105
3 50 105 101
3 94 101 105
3 51 103 93
3 51 106 93
3 51 106 103
3 103 106 93
3 52 98 95
3 52 102 95
3 52 102 98
3 98 102 95
3 90 104 53
3 90 108 53
3 104 108 53
3 90 104 108
3 69 81 77
3 69 117 77
3 69 117 81
3 77 81 117
3 70 75 72
3 70 72 117
3 70 117 75
3 72 117 75
3 60 98 82
3 60 82 115
3 98 115 60
3 82 98 115
3 72 99 63
3 72 63 115
3 99 115 63
3 72 99 115
3 65 83 96
3 65 116 83
3 65 96 116
3 83 116 96
3 66 102 71
3 66 114 71
3 66 102 114
3 71 102 114
3 61 103 84
3 84 114 61
3 61 114 103
3 103 114 84
3 57 104 86
3 86 110 57
3 104 110 57
3 86 104 110
3 62 75 106
3 75 113 62
3 62 106 113
3 106 113 75
3 77 107 58
3 77 109 58
3 58 107 109
3 77 109 107
3 64 86 88
3 64 86 116
3 64 88 116
3 88 116 86
3 69 87 89
3 69 87 117
3 89 117 69
3 89 117 87
3 55 101 97
3 55 97 105
3 55 105 101
3 101 105 97
3 93 107 56
3 56 93 108
3 107 108 56
3 93 108 107
3 74 80 76
3 74 118 76
3 74 118 80
3 76 80 118
3 73 85 83
3 73 118 83
3 73 85 118
3 85 118 83
3 63 84 101
3 63 84 115
3 63 115 101
3 101 115 84
3 65 86 98
3 65 86 116
3 98 116 65
3 86 116 98
3 67 102 75
3 75 67 115
3 67 115 102
3 75 115 102
3 77 99 68
3 68 116 77
3 68 99 116
3 99 116 77
3 87 92 70
3 87 117 70
3 70 117 92
3 92 117 87
3 80 106 66
3 80 114 66
3 66 106 114
3 80 106 114
3 61 88 107
3 88 112 61
3 107 112 61
3 88 107 112
3 62 81 108
3 81 110 62
3 62 108 110
3 81 110 108
3 69 91 90
3 69 90 117
3 91 117 69
3 91 117 90
3 73 87 89
3 87 118 73
3 73 89 118
3 87 118 89
3 59 100 103
3 59 106 100
3 59 106 103
3 103 106 100
3 60 109 94
3 94 110 60
3 60 110 109
3 94 110 109
3 78 86 88
3 86 119 78
3 88 119 78
3 88 119 86
3 79 82 84
3 79 119 82
3 79 84 119
3 84 119 82
3 67 80 105
3 67 115 80
3 105 115 67
3 80 115 105
3 68 101 88
3 68 88 116
3 68 101 116
3 88 101 116
3 70 95 90
3 70 117 90
3 70 95 117
3 90 117 95
3 71 102 81
3 81 116 71
3 102 116 71
3 102 116 81
3 77 99 72
3 77 72 117
3 72 99 117
3 99 117 77
3 74 92 87
3 87 118 74
3 92 118 74
3 87 118 92
3 66 108 85
3 66 112 85
3 66 108 112
3 85 112 108
3 91 109 63
3 63 91 112
3 63 112 109
3 91 112 109
3 73 93 94
3 73 93 118
3 94 118 73
3 93 94 118
3 78 91 90
3 90 119 78
3 78 119 91
3 91 119 90
3 104 107 64
3 104 108 64
3 64 107 108
3 104 107 108
3 97 111 65
3 65 97 113
3 65 111 113
3 97 113 111
3 71 105 85
3 71 116 85
3 71 116 105
3 105 116 85
3 91 103 72
3 91 117 72
3 72 117 103
3 91 117 103
3 93 97 74
3 74 118 93
3 74 118 97
3 97 118 93
3 75 102 81
3 81 117 75
3 75 102 117
3 81 117 102
3 76 83 96
3 83 118 76
3 76 118 96
3 83 118 96
3 79 90 95
3 90 119 79
3 79 119 95
3 95 119 90
3 89 110 67
3 89 112 67
3 110 112 67
3 89 112 110
3 95 111 68
3 95 114 68
3 111 114 68
3 95 114 111
3 78 93 94
3 78 119 93
3 78 94 119
3 93 94 119
3 69 109 104
3 104 110 69
3 69 109 110
3 104 109 110
3 70 100 111
3 100 113 70
3 70 113 111
3 100 113 111
3 75 89 106
3 75 117 89
3 75 117 106
3 89 106 117
3 76 94 100
3 76 118 94
3 76 100 118
3 94 100 118
3 77 107 95
3 77 117 95
3 107 117 77
3 95 107 117
3 79 93 97
3 79 93 119
3 97 119 79
3 97 119 93
3 80 85 105
3 80 118 85
3 105 118 80
3 105 118 85
3 86 98 82
3 86 82 119
3 82 98 119
3 98 119 86
3 71 113 92
3 71 92 114
3 71 114 113
3 113 114 92
3 72 98 111
3 72 98 115
3 72 115 111
3 111 115 98
3 73 109 107
3 73 112 107
3 73 112 109
3 107 109 112
3 103 111 74
3 103 114 74
3 74 111 114
3 103 111 114
3 89 106 80
3 80 118 89
3 80 106 118
3 89 118 106
3 81 108 92
3 81 92 117
3 81 108 117
3 108 117 92
3 82 100 94
3 82 94 119
3 100 119 82
3 100 119 94
3 97 104 83
3 83 97 118
3 104 118 83
3 97 118 104
3 77 109 98
3 98 116 77
3 109 116 77
3 109 116 98
3 88 101 84
3 88 84 119
3 101 119 84
3 101 119 88
3 75 96 113
3 75 96 115
3 113 115 75
3 113 115 96
3 76 111 101
3 101 115 76
3 111 115 76
3 101 115 111
3 78 108 110
3 108 112 78
3 110 112 78
3 108 112 110
3 79 113 106
3 79 114 106
3 79 113 114
3 106 114 113
3 84 91 103
3 84 119 91
3 103 119 84
3 103 119 91
3 92 108 85
3 85 92 118
3 108 118 85
3 92 108 118
3 81 96 110
3 81 116 96
3 81 116 110
3 96 110 116
3 86 104 97
3 97 119 86
3 86 119 104
3 104 119 97
3 100 104 87
3 100 118 87
3 87 104 118
3 104 118 100
3 83 109 101
3 101 116 83
3 109 116 83
3 109 116 101
3 99 114 80
3 99 115 80
3 80 115 114
3 99 115 114
3 82 113 105
3 105 115 82
3 82 115 113
3 113 115 105
3 88 107 95
3 88 119 95
3 107 119 88
3 95 119 107
3 89 96 110
3 89 96 118
3 89 118 110
3 110 118 96
3 85 112 99
3 85 99 116
3 85 112 116
3 99 116 112
3 100 104 90
3 100 119 90
3 104 119 90
3 100 104 119
3 87 103 107
3 87 117 103
3 87 107 117
3 107 117 103
3 86 110 105
3 105 116 86
3 86 110 116
3 105 110 116
3 84 102 114
3 102 115 84
3 84 114 115
3 102 115 114
3 91 109 98
3 98 119 91
3 91 119 109
3 98 109 119
3 89 99 112
3 89 99 117
3 89 117 112
3 112 117 99
3 92 96 113
3 92 118 96
3 92 113 118
3 96 118 113
3 88 102 112
3 102 116 88
3 88 112 116
3 102 112 116
3 93 107 103
3 93 103 119
3 93 119 107
3 103 107 119
3 106 108 90
3 90 106 117
3 108 117 90
3 108 117 106
3 101 109 94
3 101 119 94
3 94 119 109
3 101 119 109
3 95 111 98
3 95 119 98
3 95 119 111
3 111 119 98
3 91 102 112
3 102 117 91
3 91 117 112
3 102 112 117
3 99 114 92
3 99 117 92
3 92 117 114
3 99 117 114
3 106 108 93
3 106 118 93
3 108 118 93
3 106 118 108
3 105 110 94
3 105 118 94
3 94 118 110
3 105 110 118
3 97 101 111
3 97 101 119
3 97 119 111
3 111 119 101
3 102 114 95
3 95 102 117
3 95 117 114
3 114 117 102
3 99 115 96
3 96 116 99
3 96 116 115
3 115 116 99
3 97 105 113
3 105 118 97
3 113 118 97
3 105 113 118
3 103 111 100
3 100 103 119
3 100 119 111
3 103 111 119
3 98 102 115
3 98 102 116
3 98 115 116
3 115 116 102
3 100 106 113
3 100 106 118
3 100 113 118
3 106 118 113
3 104 109 107
3 104 119 107
3 104 119 109
3 109 119 107
3 105 115 101
3 105 116 101
3 115 116 101
3 105 115 116
3 103 106 114
3 106 117 103
3 114 117 103
3 106 117 114
3 104 110 108
3 104 108 118
3 104 118 110
3 108 110 118
3 107 108 112
3 108 117 107
3 107 112 117
3 108 117 112
3 109 110 112
3 109 110 116
3 109 116 112
3 110 112 116
3 111 113 114
3 111 115 113
3 111 115 114
3 114 115 113
4 0 1 47 30
4 30 0 2 57
4 1 47 57 2
4 4 38 51 5
4 3 66 38 4
4 5 3 66 51
4 7 8 45 34
4 34 7 6 58
4 6 58 45 8
4 5 41 28 4
4 4 28 49 9
4 5 41 49 9
4 12 43 39 11
4 11 39 62 13
4 13 62 43 12
4 1 0 32 50
4 10 63 32 0
4 1 10 63 50
4 1 0 26 42
4 14 56 26 0
4 14 56 42 1
4 11 31 36 12
4 11 31 54 16
4 12 16 54 36
4 8 7 37 46
4 7 15 67 37
4 8 46 67 15
4 7 27 35 8
4 7 27 53 17
4 8 17 53 35
4 5 44 29 4
4 4 29 60 18
4 5 44 60 18
4 11 12 40 33
4 33 11 19 61
4 19 61 40 12
4 20 49 36 4
4 4 21 54 36
4 21 54 49 20
4 7 43 53 23
4 7 43 62 24
4 24 62 53 23
4 0 25 56 40
4 0 40 61 22
4 22 25 56 61
4 25 0 15 39
4 0 15 47 13
4 13 25 39 47
4 20 55 37 4
4 4 37 71 26
4 20 26 71 55
4 11 34 41 12
4 11 34 58 9
4 12 9 58 41
4 7 23 31 18
4 16 45 18 7
4 23 16 45 31
4 0 25 52 29
4 0 27 65 29
4 25 52 65 27
4 11 12 42 38
4 11 38 66 14
4 12 42 66 14
4 10 33 20 4
4 10 4 19 51
4 20 19 51 33
4 11 30 35 12
4 11 30 57 17
4 17 57 35 12
4 7 23 48 32
4 28 68 32 7
4 23 28 68 48
4 0 35 53 25
4 24 57 35 0
4 25 53 57 24
4 21 60 46 4
4 46 4 22 67
4 22 67 60 21
4 11 45 54 23
4 11 45 58 20
4 20 23 54 58
4 21 4 19 34
4 4 19 41 6
4 21 6 41 34
4 7 39 47 8
4 2 62 39 7
4 2 8 47 62
4 24 59 33 0
4 0 29 72 33
4 24 29 72 59
4 3 37 24 0
4 3 0 15 50
4 15 24 37 50
4 7 8 36 28
4 7 28 49 16
4 16 49 36 8
4 11 38 52 23
4 11 38 75 30
4 52 23 30 75
4 27 14 11 23
4 14 43 17 11
4 27 43 17 23
4 4 26 48 21
4 4 31 70 26
4 21 31 70 48
4 8 7 32 44
4 32 7 18 63
4 8 44 63 18
4 7 23 49 41
4 21 7 41 58
4 21 23 49 58
4 24 60 44 0
4 0 22 63 44
4 22 24 60 63
4 20 61 51 11
4 11 51 66 25
4 20 25 66 61
4 13 38 22 0
4 0 3 42 13
4 3 42 38 22
4 7 21 59 39
4 39 7 32 80
4 21 32 80 59
4 4 5 45 31
4 4 6 54 31
4 6 54 45 5
4 17 28 20 11
4 11 17 36 9
4 28 20 9 36
4 0 22 55 27
4 0 33 74 27
4 33 22 55 74
4 5 4 37 50
4 4 10 67 37
4 5 50 67 10
4 7 21 29 2
4 7 2 46 18
4 29 21 18 46
4 4 26 40 5
4 26 4 19 56
4 19 56 40 5
4 20 48 30 11
4 11 34 76 30
4 20 34 76 48
4 12 8 57 53
4 12 1 62 53
4 8 1 62 57
4 2 65 48 0
4 0 48 68 3
4 3 68 65 2
4 0 24 39 14
4 2 43 14 0
4 2 43 39 24
4 4 42 64 6
4 4 29 81 42
4 6 29 81 64
4 18 8 12 19
4 12 19 34 16
4 16 34 18 8
4 0 2 46 10
4 0 35 69 10
4 35 69 46 2
4 7 23 52 37
4 37 7 27 71
4 27 71 52 23
4 6 32 22 4
4 4 28 55 22
4 6 32 55 28
4 15 30 23 7
4 15 7 17 47
4 30 23 17 47
4 8 12 40 44
4 12 36 77 40
4 36 77 44 8
4 4 42 56 20
4 22 66 42 4
4 22 20 56 66
4 11 23 57 47
4 11 25 62 47
4 25 23 57 62
4 7 21 63 50
4 7 24 67 50
4 24 67 63 21
4 7 24 30 16
4 7 16 35 2
4 24 2 35 30
4 0 1 51 33
4 3 0 33 61
4 1 3 61 51
4 22 4 31 59
4 31 82 37 4
4 22 37 82 59
4 4 6 44 10
4 22 32 44 10
4 0 1 43 27
4 0 13 53 27
4 1 43 53 13
4 11 34 55 25
4 34 84 38 11
4 25 38 84 55
4 11 25 26 9
4 11 14 40 9
4 26 25 14 40
4 24 7 28 52
4 28 79 39 7
4 24 52 79 39
4 0 1 46 29
4 15 0 29 60
4 1 15 60 46
4 8 54 49 12
4 5 58 49 12
4 8 5 58 54
4 7 55 68 6
4 2 71 55 7
4 6 68 71 2
4 7 21 31 17
4 7 6 36 17
4 6 36 31 21
4 3 64 35 0
4 0 35 83 32
4 32 83 64 3
4 0 26 52 24
4 26 3 37 52
4 4 20 34 18
4 4 18 45 9
4 20 34 45 9
4 5 12 43 50
4 40 85 43 12
4 40 85 50 5
4 10 13 12 5
4 12 19 38 13
4 10 5 19 38
4 6 44 15 7
4 15 73 41 7
4 41 73 44 6
4 4 29 48 20
4 4 28 65 29
4 20 48 65 28
4 4 52 70 9
4 52 4 10 75
4 9 10 75 70
4 0 44 69 13
4 44 0 26 77
4 26 77 69 13
4 22 59 30 0
4 13 30 59 38
4 11 23 28 19
4 16 41 19 11
4 16 41 28 23
4 8 46 42 12
4 12 35 81 42
4 8 35 81 46
4 15 14 12 8
4 12 17 39 14
4 8 17 39 15
4 3 40 9 4
4 4 36 64 3
4 40 64 36 9
4 11 23 48 33
4 11 31 72 33
4 31 72 48 23
4 6 4 52 65
4 3 71 52 4
4 3 6 65 71
4 12 5 61 56
4 12 56 66 1
4 5 61 66 1
4 4 9 33 22
4 22 3 40 33
4 2 64 41 7
4 41 7 37 88
4 2 64 88 37
4 1 12 16 15
4 12 16 30 13
4 13 30 15 1
4 4 3 50 18
4 4 18 78 42
4 3 50 78 42
4 0 32 55 25
4 0 26 68 32
4 26 68 55 25
4 21 48 27 7
4 2 29 48 27
4 0 10 38 25
4 14 0 10 51
4 25 14 51 38
4 12 36 46 1
4 12 43 86 36
4 1 43 86 46
4 0 48 70 13
4 10 0 48 72
4 10 72 70 13
4 8 60 63 5
4 1 8 60 67
4 5 1 67 63
4 0 22 37 2
4 22 37 46 10
4 11 47 69 9
4 47 11 33 89
4 9 33 89 69
4 5 8 17 19
4 8 6 28 17
4 6 28 19 5
4 0 44 73 14
4 10 51 73 44
4 4 38 59 21
4 29 75 38 4
4 21 29 75 59
4 11 31 52 25
4 26 52 31 9
4 4 3 32 21
4 21 32 50 18
4 5 8 35 40
4 8 45 87 35
4 5 40 87 45
4 0 14 74 48
4 15 76 48 0
4 14 74 76 15
4 7 16 73 50
4 7 50 85 27
4 16 73 85 27
4 17 18 5 12
4 12 17 31 9
4 9 31 18 5
4 2 64 40 0
4 43 64 40 14
4 20 55 39 11
4 11 39 80 33
4 20 33 80 55
4 7 34 59 24
4 30 59 34 16
4 13 11 20 26
4 11 13 42 19
4 20 19 42 26
4 5 12 35 44
4 12 35 83 41
4 5 41 83 44
4 9 72 59 11
4 11 59 75 13
4 9 13 75 72
4 27 16 11 25
4 11 16 35 13
4 25 13 35 27
4 4 10 69 36
4 4 38 90 36
4 38 90 69 10
4 33 48 29 10
4 1 51 45 8
4 8 45 91 46
4 1 46 91 51
4 3 1 8 6
4 6 32 15 8
4 1 15 32 3
4 19 78 47 11
4 42 78 47 13
4 0 26 70 30
4 24 52 70 30
4 16 76 59 11
4 11 14 80 59
4 16 76 80 14
4 40 0 15 73
4 30 87 40 0
4 15 73 87 30
4 15 32 55 39
4 5 51 47 8
4 8 47 89 44
4 44 89 51 5
4 3 5 8 2
4 8 18 37 2
4 5 18 37 3
4 13 69 45 11
4 35 69 45 16
4 27 74 34 7
4 21 34 74 48
4 12 9 77 64
4 13 81 64 12
4 13 81 77 9
4 40 87 70 26
4 42 46 29 26
4 23 20 56 53
4 23 53 92 48
4 20 56 92 48
4 22 24 23 20
4 23 28 37 24
4 20 28 37 22
4 12 9 33 14
4 14 12 49 74
4 9 33 74 49
4 36 69 44 6
4 17 79 55 7
4 7 18 84 55
4 18 84 79 17
4 19 4 46 78
4 4 28 86 46
4 19 78 86 28
4 19 34 59 38
4 1 50 41 12
4 12 41 88 42
4 50 1 42 88
4 9 10 1 12
4 1 10 33 14
4 6 64 43 7
4 36 64 43 17
4 11 31 82 39
4 25 52 82 39
4 7 16 74 55
4 15 80 55 7
4 16 74 80 15
4 6 29 24 7
4 24 29 44 15
4 14 73 45 11
4 11 39 94 45
4 14 39 94 73
4 9 5 1 13
4 3 26 9 5
4 1 13 26 3
4 7 50 78 17
4 50 15 47 78
4 32 0 30 76
4 32 76 59 22
4 14 33 48 27
4 5 41 43 1
4 5 41 93 51
4 43 1 51 93
4 4 9 69 46
4 4 46 81 26
4 9 69 81 26
4 20 68 65 23
4 25 71 65 23
4 25 20 68 71
4 3 32 48 26
4 12 49 70 13
4 12 42 95 49
4 42 13 70 95
4 16 23 25 14
4 23 16 15 24
4 15 24 25 14
4 19 79 52 4
4 26 52 79 56
4 29 0 40 77
4 29 2 64 77
4 10 13 35 44
4 2 27 55 37
4 23 31 38 25
4 23 31 90 53
4 38 25 53 90
4 18 82 52 4
4 18 82 79 19
4 17 11 51 78
4 31 91 51 11
4 31 91 78 17
4 14 1 8 16
4 2 27 16 8
4 2 27 14 1
4 18 46 69 45
4 7 37 84 34
4 24 37 84 59
4 28 55 39 17
4 1 8 36 42
4 8 36 90 47
4 42 90 47 1
4 0 27 83 44
4 14 27 83 73
4 12 16 74 56
4 12 35 92 56
4 16 35 92 74
4 19 20 23 17
4 18 21 23 17
4 20 19 18 21
4 27 48 70 53
4 7 43 85 32
4 6 32 85 64
4 16 41 50 15
4 6 29 52 28
4 23 30 33 20
4 23 30 87 49
4 20 33 87 49
4 23 21 72 70
4 24 75 70 23
4 24 75 72 21
4 10 38 52 29
4 8 57 65 6
4 8 57 96 44
4 44 6 65 96
4 48 29 60 76
4 3 42 36 6
4 9 31 59 33
4 23 27 32 21
4 27 23 54 83
4 21 32 83 54
4 11 17 82 59
4 19 84 59 11
4 19 84 82 17
4 18 7 43 78
4 34 93 43 7
4 34 18 78 93
4 18 37 52 31
4 5 1 47 45
4 5 45 94 50
4 47 1 50 94
4 6 2 1 5
4 5 10 29 6
4 1 2 29 10
4 11 16 73 51
4 41 73 51 19
4 28 79 38 4
4 22 38 79 55
4 12 64 83 16
4 14 12 64 85
4 16 83 85 14
4 27 74 93 43
4 32 27 35 44
4 25 20 49 53
4 49 97 55 20
4 25 55 97 53
4 24 21 20 25
4 21 20 26 29
4 25 26 29 24
4 17 79 56 12
4 14 39 79 56
4 3 40 73 50
4 6 77 69 8
4 2 81 69 8
4 2 6 77 81
4 29 65 86 46
4 29 26 40 44
4 24 60 54 23
4 52 98 54 23
4 52 98 60 24
4 22 33 30 24
4 18 82 57 8
4 2 57 82 37
4 35 64 42 13
4 17 86 64 12
4 19 12 64 88
4 19 88 86 17
4 28 79 90 36
4 28 37 50 41
4 25 23 49 56
4 49 95 52 23
4 56 25 52 95
4 21 22 25 23
4 22 32 27 25
4 9 70 53 12
4 31 70 53 17
4 46 2 43 78
4 8 16 87 69
4 15 89 69 8
4 15 89 87 16
4 35 83 76 30
4 51 47 30 33
4 23 21 60 57
4 48 96 57 23
4 21 48 96 60
4 21 31 38 22
4 8 54 65 2
4 27 65 54 16
4 40 73 45 9
4 6 83 73 5
4 5 73 85 3
4 6 83 85 3
4 32 44 77 68
4 50 43 27 32
4 20 21 63 61
4 61 20 48 99
4 63 21 48 99
4 25 20 34 39
4 24 21 34 39
4 5 58 72 10
4 6 29 72 58
4 16 41 64 35
4 7 28 88 50
4 17 78 88 28
4 12 53 79 19
4 53 12 41 97
4 41 97 79 19
4 13 9 20 25
4 10 22 20 9
4 25 13 10 22
4 49 74 55 28
4 37 4 36 86
4 37 86 64 3
4 18 19 42 46
4 20 34 93 56
4 39 93 56 25
4 30 11 51 89
4 30 89 73 16
4 13 26 48 30
4 15 8 54 76
4 8 54 100 47
4 15 47 100 76
4 6 21 24 2
4 3 22 21 6
4 22 3 2 24
4 30 59 82 57
4 33 87 35 0
4 33 87 69 10
4 15 14 40 44
4 34 21 60 94
4 39 94 60 24
4 21 76 74 20
4 22 80 74 20
4 21 76 80 22
4 15 30 48 32
4 5 3 68 58
4 50 101 58 5
4 50 101 68 3
4 55 84 63 32
4 3 2 35 40
4 33 14 39 59
4 28 88 61 20
4 37 88 61 22
4 4 42 90 31
4 18 31 90 78
4 8 17 82 60
4 36 98 60 8
4 36 98 82 17
4 52 31 54 65
4 11 45 91 38
4 38 13 69 91
4 17 47 51 19
4 28 23 57 86
4 24 37 86 57
4 9 5 63 72
4 5 63 99 40
4 40 99 72 9
4 33 61 68 48
4 13 47 45 9
4 16 27 55 34
4 26 20 58 77
4 29 77 58 21
4 27 74 87 35
4 16 83 65 23
4 30 96 65 23
4 16 30 96 83
4 57 60 44 35
4 12 40 92 53
4 9 70 92 40
4 14 56 49 16
4 10 46 36 9
4 6 32 76 54
4 24 82 79 25
4 25 22 84 79
4 22 24 82 84
4 18 34 55 37
4 1 2 71 66
4 46 102 66 1
4 2 46 102 71
4 37 52 75 67
4 2 43 41 6
4 17 39 59 31
4 25 26 81 62
4 29 81 62 24
4 8 17 90 69
4 8 69 91 18
4 17 18 91 90
4 45 94 82 31
4 36 42 38 31
4 24 57 54 21
4 21 54 100 59
4 57 24 59 100
4 16 8 60 76
4 18 34 76 60
4 10 51 78 46
4 5 73 87 9
4 10 5 73 89
4 10 89 87 9
4 33 72 91 51
4 40 35 30 33
4 22 21 58 61
4 58 103 59 21
4 59 103 61 22
4 5 19 84 63
4 10 63 84 38
4 47 69 44 15
4 23 70 87 16
4 23 27 92 70
4 16 87 92 27
4 35 83 97 53
4 6 2 57 54
4 6 64 104 54
4 2 64 104 57
4 17 23 65 86
4 27 65 86 43
4 26 48 74 56
4 1 78 86 2
4 3 88 78 1
4 3 2 86 88
4 50 85 71 37
4 28 37 46 36
4 22 25 62 67
4 25 62 105 55
4 22 67 105 55
4 15 80 66 1
4 3 66 80 32
4 42 19 41 64
4 5 73 93 19
4 18 94 73 5
4 19 18 94 93
4 34 84 88 41
4 45 47 39 34
4 22 20 58 63
4 20 58 101 55
4 22 63 101 55
4 5 6 68 61
4 28 68 61 19
4 43 14 51 78
4 23 17 90 70
4 28 95 70 23
4 28 17 90 95
4 31 36 86 82
4 49 56 42 36
4 8 46 98 54
4 2 65 98 46
4 18 17 57 60
4 38 79 53 13
4 13 1 78 90
4 10 1 78 91
4 13 10 91 90
4 38 42 81 75
4 45 51 38 31
4 24 67 66 25
4 66 25 52 102
4 24 52 102 67
4 3 71 62 1
4 26 71 62 13
4 36 69 47 17
4 9 20 74 87
4 20 74 92 26
4 9 26 92 87
4 33 72 77 40
4 35 40 56 53
4 5 44 99 61
4 6 68 99 44
4 10 9 58 63
4 16 49 70 30
4 34 11 47 94
4 34 94 78 19
4 5 18 84 61
4 45 103 61 5
4 18 84 103 45
4 34 59 72 58
4 39 7 41 93
4 15 39 93 73
4 18 17 43 50
4 31 91 63 21
4 22 38 91 63
4 36 12 56 95
4 17 36 95 79
4 49 104 57 23
4 49 104 86 28
4 64 36 54 83
4 26 42 90 70
4 19 38 52 28
4 41 6 65 97
4 2 65 97 43
4 10 1 62 75
4 1 62 106 51
4 10 75 106 51
4 59 38 66 80
4 30 89 67 24
4 33 89 67 22
4 58 20 56 107
4 26 77 107 56
4 64 40 61 88
4 36 6 68 95
4 42 3 68 95
4 35 96 60 8
4 16 35 96 76
4 30 87 104 57
4 69 35 53 90
4 29 44 83 65
4 45 100 70 9
4 13 47 100 70
4 14 1 67 80
4 43 105 67 1
4 43 105 80 14
4 39 62 71 55
4 14 16 45 51
4 25 66 85 27
4 32 22 66 85
4 28 79 93 41
4 20 68 88 19
4 34 20 68 101
4 19 88 101 34
4 58 63 50 41
4 43 12 49 97
4 14 74 97 43
4 17 53 56 19
4 3 61 84 37
4 25 71 81 13
4 25 38 102 71
4 13 81 102 38
4 46 42 66 67
4 13 9 49 53
4 29 2 62 75
4 21 72 77 6
4 21 32 99 72
4 6 77 99 32
4 44 40 61 63
4 26 9 58 68
4 1 78 93 14
4 15 1 78 94
4 15 94 93 14
4 39 80 89 47
4 41 43 39 34
4 24 62 66 22
4 59 106 62 24
4 59 106 66 22
4 13 75 67 1
4 30 75 67 15
4 50 18 45 73
4 20 19 93 74
4 28 97 74 20
4 19 93 97 28
4 41 88 95 49
4 6 3 61 58
4 6 58 107 64
4 3 64 107 61
4 20 9 77 68
4 36 77 68 28
4 27 53 79 55
4 31 23 65 98
4 17 86 98 31
4 36 90 100 54
4 9 69 104 49
4 13 69 104 53
4 31 70 87 45
4 52 82 60 29
4 13 90 79 25
4 25 26 95 79
4 13 90 95 26
4 56 92 81 42
4 3 2 62 66
4 62 2 64 108
4 3 64 108 66
4 14 25 71 85
4 26 40 85 71
4 28 49 70 52
4 21 76 83 6
4 29 21 76 96
4 6 83 96 29
4 44 77 98 60
4 9 58 109 69
4 63 10 69 109
4 21 18 91 72
4 29 46 91 72
4 48 30 57 65
4 20 68 99 33
4 33 9 77 99
4 61 40 87 103
4 16 49 107 73
4 56 14 73 107
4 51 93 74 33
4 32 63 72 48
4 14 93 79 25
4 25 27 97 79
4 14 93 97 27
4 39 43 85 80
4 41 43 53 49
4 50 105 62 1
4 3 50 105 71
4 14 66 67 15
4 34 19 56 74
4 21 18 94 76
4 31 21 76 100
4 18 94 100 31
4 45 91 84 34
4 54 57 47 45
4 51 5 58 103
4 10 72 103 51
4 18 63 61 19
4 39 82 60 15
4 2 86 82 24
4 24 29 98 82
4 29 98 86 2
4 37 71 81 46
4 46 36 54 60
4 42 1 67 102
4 13 75 102 42
4 28 65 57 17
4 16 54 60 15
4 25 66 108 53
4 27 85 108 53
4 43 64 81 62
4 2 35 92 71
4 3 71 92 40
4 8 57 100 45
4 18 45 100 82
4 54 109 63 21
4 31 91 109 54
4 69 45 58 77
4 47 94 76 30
4 36 9 72 98
4 46 98 72 10
4 41 101 63 5
4 19 41 101 84
4 34 93 107 58
4 41 49 87 73
4 50 88 68 32
4 45 103 74 16
4 51 14 74 103
4 60 110 62 24
4 29 81 110 60
4 46 67 89 69
4 35 13 75 96
4 44 96 75 10
4 32 63 109 83
4 44 60 94 73
4 41 16 76 101
4 15 76 101 50
4 58 111 65 6
4 29 65 111 72
4 48 70 95 68
4 31 98 77 9
4 26 52 98 77
4 38 90 108 66
4 42 78 93 56
4 17 47 106 79
4 51 19 79 106
4 24 15 89 75
4 39 24 75 106
4 15 39 106 89
4 66 62 47 51
4 33 80 67 10
4 49 97 86 36
4 28 95 77 6
4 6 41 107 77
4 41 107 95 28
4 61 58 49 56
4 23 53 104 54
4 53 104 83 27
4 26 68 88 42
4 3 85 80 22
4 37 105 80 22
4 3 85 105 37
4 43 62 67 50
4 14 27 71 66
4 24 75 81 2
4 37 24 75 102
4 2 37 102 81
4 52 71 66 38
4 13 10 67 62
4 15 24 82 94
4 30 100 82 24
4 15 30 100 94
4 47 57 96 89
4 62 13 69 110
4 67 110 69 10
4 30 35 81 75
4 54 76 59 31
4 21 34 103 72
4 18 91 103 34
4 58 45 94 101
4 16 73 109 54
4 60 15 73 109
4 41 34 76 83
4 59 33 61 84
4 6 83 97 28
4 6 83 104 36
4 36 28 97 104
4 49 54 98 95
4 58 9 70 111
4 26 68 111 70
4 31 36 77 72
4 57 86 64 35
4 25 71 105 39
4 14 39 105 85
4 43 62 106 93
4 53 17 78 108
4 19 78 108 56
4 47 90 79 39
4 37 67 80 55
4 3 22 84 88
4 22 32 101 84
4 3 32 101 88
4 63 50 85 99
4 66 112 73 14
4 15 73 112 67
4 22 80 89 10
4 32 44 89 80
4 34 55 68 58
4 65 96 75 52
4 62 113 70 13
4 71 26 70 113
4 2 81 92 27
4 48 92 81 29
4 46 67 105 86
4 17 57 110 78
4 18 78 110 60
4 37 50 94 82
4 48 68 101 76
4 16 54 111 74
4 27 74 111 65
4 55 32 83 97
4 22 84 91 10
4 33 103 84 22
4 33 103 91 10
4 51 89 75 38
4 61 58 45 51
4 47 106 66 1
4 47 106 80 15
4 31 72 63 18
4 2 86 97 27
4 35 104 86 2
4 27 35 104 97
4 43 53 92 85
4 49 53 57 54
4 56 25 62 108
4 26 81 108 56
4 28 41 83 65
4 31 9 87 100
4 9 87 104 36
4 36 31 100 104
4 45 91 98 54
4 60 21 58 109
4 29 77 109 60
4 30 47 90 70
4 22 67 112 61
4 33 89 112 61
4 51 73 85 66
4 14 80 99 40
4 15 80 99 44
4 2 71 113 57
4 35 57 113 92
4 70 53 62 75
4 13 30 96 81
4 48 26 81 96
4 62 110 94 39
4 78 47 57 86
4 43 105 82 17
4 50 105 82 18
4 20 61 107 49
4 49 107 88 28
4 41 58 111 97
4 49 54 76 74
4 56 95 77 40
4 34 16 83 101
4 27 83 101 55
4 31 54 104 90
4 9 72 111 49
4 36 98 111 49
4 58 68 65 54
4 57 100 87 35
4 29 77 95 52
4 37 67 112 88
4 50 78 91 63
4 42 19 84 102
4 46 102 84 18
4 3 68 114 66
4 68 32 80 114
4 55 71 92 74
4 14 85 99 33
4 48 99 85 27
4 71 37 82 113
4 52 79 97 65
4 17 39 105 86
4 28 86 105 55
4 33 72 111 74
4 48 76 100 70
4 34 103 87 16
4 30 59 103 87
4 3 85 92 26
4 42 108 85 3
4 42 108 92 26
4 53 56 66 62
4 35 81 71 27
4 47 110 81 13
4 47 30 96 110
4 62 67 60 57
4 44 89 75 29
4 58 103 93 41
4 16 83 109 45
4 45 34 101 109
4 63 58 54 60
4 33 87 107 61
4 32 50 94 76
4 22 38 106 80
4 10 38 106 89
4 62 75 59 39
4 51 91 102 66
4 19 61 112 78
4 18 78 112 63
4 42 88 84 38
4 3 88 95 26
4 3 40 107 88
4 26 40 107 95
4 56 61 99 92
4 66 114 74 14
4 71 27 74 114
4 40 85 80 33
4 41 58 77 64
4 30 13 90 100
4 13 35 104 90
4 30 100 104 35
4 53 92 96 57
4 65 2 62 113
4 29 65 113 75
4 69 36 49 87
4 2 43 108 81
4 43 27 92 108
4 62 105 97 53
4 17 79 113 57
4 28 65 113 79
4 39 43 86 82
4 42 64 85 66
4 45 9 77 109
4 31 98 109 45
4 58 103 100 54
4 49 111 76 16
4 70 111 76 30
4 34 45 87 74
4 44 69 91 63
4 16 87 107 41
4 34 41 107 103
4 58 101 97 49
4 6 68 111 54
4 32 68 111 76
4 56 93 73 40
4 55 71 102 84
4 61 114 79 19
4 68 28 79 114
4 37 52 95 88
4 72 99 80 59
4 67 15 76 115
4 76 115 75 30
4 29 96 89 10
4 48 96 89 33
4 75 52 79 106
4 53 17 82 113
4 70 113 82 31
4 59 38 90 100
4 44 77 107 73
4 35 83 109 69
4 40 64 104 87
4 29 98 91 10
4 44 109 91 10
4 29 98 109 44
4 46 81 96 60
4 24 57 110 67
4 57 30 89 110
4 14 93 103 33
4 14 93 107 40
4 40 107 103 33
4 61 99 89 51
4 22 66 112 63
4 63 32 85 112
4 39 17 90 106
4 43 17 90 108
4 39 43 108 106
4 47 94 105 62
4 37 86 110 67
4 51 93 79 38
4 42 95 114 66
4 61 84 79 56
4 38 19 88 102
4 52 28 88 102
4 10 75 115 63
4 44 63 115 96
4 60 76 80 67
4 15 89 99 32
4 30 48 99 89
4 14 80 114 56
4 40 56 114 99
4 66 71 68 61
4 32 85 92 48
4 62 113 100 47
4 79 53 57 82
4 59 31 90 106
4 58 109 94 34
4 54 45 103 111
4 49 70 72 58
4 63 44 83 101
4 33 87 100 59
4 36 54 111 95
4 58 49 104 109
4 54 83 73 45
4 65 98 72 48
4 64 107 87 35
4 39 93 108 62
4 43 53 113 105
4 65 57 62 71
4 66 106 90 42
4 55 97 86 37
4 75 115 84 38
4 72 98 82 59
4 37 102 91 18
4 31 91 102 52
4 71 116 77 26
4 77 40 85 116
4 64 81 96 83
4 32 27 92 99
4 44 35 92 99
4 79 114 80 39
4 74 103 84 55
4 38 106 93 19
4 59 106 93 34
4 42 81 110 78
4 86 46 69 104
4 36 64 108 90
4 50 112 89 15
4 32 99 112 50
4 61 63 67 66
4 29 26 92 96
4 26 92 113 52
4 52 29 96 113
4 51 112 88 19
4 51 112 102 38
4 37 84 91 46
4 10 46 110 89
4 29 46 110 96
4 47 62 81 69
4 67 102 98 60
4 63 18 82 115
4 72 115 82 31
4 32 101 94 15
4 44 15 94 109
4 32 44 109 101
4 60 96 99 63
4 10 67 115 72
4 72 115 80 33
4 26 95 98 29
4 26 48 111 95
4 29 98 111 48
4 65 96 99 68
4 27 83 116 71
4 35 83 116 81
4 19 93 108 42
4 42 38 106 108
4 66 102 95 56
4 61 114 71 3
4 37 71 114 84
4 53 43 78 90
4 51 112 85 14
4 33 99 112 51
4 61 103 106 66
4 19 84 114 56
4 74 114 84 34
4 50 73 89 67
4 53 113 75 13
4 53 35 96 113
4 57 104 108 62
4 47 110 86 17
4 36 69 110 86
4 52 71 92 70
4 47 110 105 39
4 62 57 100 106
4 75 38 79 113
4 46 78 94 60
4 41 101 111 49
4 54 104 107 58
4 73 109 77 40
4 48 65 97 74
4 80 59 82 105
4 60 115 84 18
4 34 76 115 84
4 55 101 94 39
4 81 64 88 102
4 28 86 116 68
4 77 116 86 36
4 42 46 98 95
4 77 99 89 69
4 75 30 87 117
4 35 81 117 87
4 40 44 96 92
4 85 50 78 108
4 41 73 112 88
4 43 64 107 93
4 37 105 94 18
4 18 94 110 46
4 46 110 105 37
4 50 67 102 88
4 38 66 112 91
4 27 32 101 97
4 48 111 97 27
4 48 32 101 111
4 55 80 99 68
4 40 92 114 61
4 67 50 101 115
4 60 82 84 63
4 34 55 105 94
4 52 98 116 71
4 65 86 88 68
4 37 102 95 28
4 36 46 102 95
4 46 60 115 102
4 75 67 63 72
4 38 91 98 52
4 65 116 85 27
4 65 116 99 48
4 77 68 71 81
4 72 117 81 29
4 72 48 92 117
4 70 75 89 87
4 30 33 99 96
4 35 40 99 96
4 51 61 114 106
4 66 80 74 56
4 59 103 93 39
4 66 112 107 56
4 61 88 78 51
4 64 41 93 108
4 62 43 97 113
4 53 57 110 108
4 52 71 105 82
4 42 90 104 64
4 58 111 100 45
4 49 54 109 107
4 48 72 103 74
4 69 104 83 44
4 43 85 116 86
4 88 64 83 101
4 28 37 105 97
4 50 105 97 41
4 46 91 117 81
4 69 77 95 90
4 38 102 98 31
4 36 98 102 42
4 32 83 118 80
4 83 44 89 118
4 85 92 87 73
4 78 112 89 47
4 91 51 73 109
4 69 110 94 45
4 55 114 95 28
4 55 114 102 37
4 30 59 115 96
4 59 33 99 115
4 55 114 92 27
4 55 114 99 32
4 50 112 91 18
4 50 112 102 37
4 63 101 105 67
4 15 80 115 60
4 39 82 115 80
4 68 71 105 101
4 28 88 116 65
4 83 41 88 116
4 70 75 102 95
4 31 90 117 72
4 36 90 117 77
4 52 113 97 28
4 52 37 105 113
4 65 71 102 98
4 26 81 116 68
4 81 116 88 42
4 33 30 100 103
4 30 100 111 48
4 48 111 103 33
4 72 70 92 99
4 75 117 77 29
4 44 77 117 89
4 74 92 96 76
4 80 118 87 33
4 40 85 118 87
4 42 56 114 102
4 66 61 107 108
4 78 112 85 43
4 79 55 68 95
4 60 115 99 44
4 63 67 110 109
4 73 112 91 45
4 75 96 76 59
4 57 47 106 113
4 62 110 104 53
4 81 46 78 108
4 52 70 100 82
4 90 69 89 106
4 31 70 117 91
4 87 45 91 117
4 51 103 100 47
4 73 85 105 94
4 34 76 118 93
4 83 41 93 118
4 50 101 97 43
4 78 91 98 86
4 84 119 90 38
4 42 88 119 90
4 56 92 113 79
4 74 114 95 49
4 70 111 97 53
4 38 31 100 106
4 52 113 100 31
4 38 106 113 52
4 59 75 102 84
4 67 115 98 46
4 40 35 104 107
4 35 104 109 44
4 40 44 109 107
4 64 77 99 85
4 48 96 116 68
4 68 55 105 116
4 65 71 85 83
4 75 117 103 59
4 70 72 91 90
4 51 45 100 106
4 55 97 118 80
4 76 74 93 94
4 39 34 101 105
4 41 43 105 101
4 70 52 102 117
4 81 75 72 77
4 33 74 118 89
4 74 48 96 118
4 83 76 80 85
4 35 92 117 69
4 69 117 99 44
4 37 82 119 88
4 52 95 119 82
4 84 91 90 79
4 63 60 110 112
4 47 69 109 94
4 65 111 114 71
4 49 97 113 70
4 66 114 103 51
4 56 61 112 108
4 55 79 106 80
4 50 88 107 73
4 89 118 93 51
4 87 73 94 100
4 39 106 103 34
4 45 103 106 47
4 53 90 117 92
4 70 95 107 87
4 42 36 104 108
4 49 104 108 56
4 50 94 119 88
4 78 93 97 86
4 82 115 96 57
4 60 76 111 98
4 54 100 113 65
4 34 101 115 59
4 39 105 115 59
4 64 116 98 36
4 42 102 116 64
4 31 59 115 98
4 38 59 115 102
4 64 35 96 116
4 40 99 116 64
4 75 72 103 106
4 70 117 89 30
4 47 89 117 90
4 80 76 100 106
4 34 94 118 74
4 45 87 118 94
4 81 108 107 77
4 36 95 117 69
4 49 95 117 87
4 79 84 101 97
4 82 39 93 119
4 86 43 93 119
4 34 55 114 103
4 39 106 114 55
4 80 74 97 105
4 32 76 118 85
4 85 118 94 50
4 46 110 104 36
4 42 108 110 46
4 69 81 102 91
4 52 75 117 95
4 79 82 98 95
4 37 86 119 84
4 86 46 91 119
4 83 73 89 96
4 76 48 92 118
4 50 63 115 105
4 67 112 109 60
4 51 78 110 89
4 59 76 101 84
4 65 52 102 116
4 68 71 113 111
4 79 114 92 53
4 77 98 86 64
4 48 70 117 99
4 72 111 113 75
4 54 76 115 98
4 69 81 92 87
4 91 103 93 78
4 79 119 94 39
4 47 94 119 90
4 92 108 93 74
4 73 41 97 118
4 87 118 97 49
4 56 53 104 107
4 86 110 96 65
4 83 54 98 116
4 57 104 109 60
4 63 99 114 84
4 72 58 101 115
4 61 103 111 68
4 43 41 107 108
4 41 107 112 50
4 50 43 108 112
4 85 105 86 64
4 71 55 101 116
4 59 76 118 106
4 87 74 80 89
4 64 108 117 77
4 59 84 119 100
4 79 93 94 82
4 64 85 118 104
4 83 97 93 73
4 53 108 107 49
4 81 116 109 69
4 60 110 104 54
4 55 101 119 79
4 88 84 82 86
4 73 118 105 50
4 78 119 95 42
4 78 46 98 119
4 40 92 118 73
4 44 73 118 96
4 68 114 113 65
4 56 74 111 95
4 70 113 115 72
4 65 57 100 111
4 80 115 111 74
4 68 58 103 114
4 56 95 119 93
4 79 97 104 90
4 60 96 118 94
4 76 83 104 100
4 45 109 110 47
4 57 110 109 54
4 88 116 99 61
4 77 109 101 68
4 63 58 107 112
4 80 66 102 115
4 67 105 113 75
4 62 106 114 71
4 64 116 101 41
4 64 116 105 43
4 69 45 103 117
4 69 117 106 47
4 46 102 117 69
4 84 103 100 82
4 38 91 119 79
4 51 93 119 91
4 83 104 108 85
4 92 118 93 56
4 77 109 110 81
4 86 116 96 57
4 86 88 107 104
4 43 78 119 97
4 53 90 119 97
4 89 87 104 110
4 45 100 118 73
4 54 100 118 83
4 85 83 109 112
4 58 101 116 77
4 88 101 94 78
4 55 84 119 97
4 45 51 112 109
4 51 47 110 112
4 73 89 106 93
4 59 80 118 100
4 78 90 95 88
4 52 79 119 98
4 59 72 117 106
4 75 70 111 115
4 60 82 113 96
4 69 91 103 87
4 55 74 118 105
4 80 76 111 114
4 84 61 99 115
4 82 84 114 113
4 75 62 105 115
4 98 109 94 82
4 47 100 119 78
4 86 57 100 119
4 91 72 99 112
4 77 58 103 117
4 61 63 109 107
4 83 96 113 97
4 74 49 104 118
4 76 118 104 54
4 71 102 112 85
4 81 116 105 62
4 66 67 110 108
4 53 49 111 113
4 49 56 114 111
4 53 56 114 113
4 70 90 108 92
4 81 117 107 64
4 86 64 107 119
4 87 118 110 69
4 73 112 116 83
4 91 119 104 69
4 78 94 100 90
4 73 89 117 107
4 61 112 109 58
4 70 100 118 92
4 74 97 104 87
4 57 113 111 54
4 88 116 110 78
4 62 108 112 67
4 78 51 103 119
4 56 108 118 74
4 50 78 119 101
4 74 76 115 114
4 72 63 101 111
4 77 116 110 69
4 83 65 98 109
4 79 114 115 82
4 66 71 113 106
4 63 91 119 101
4 88 84 103 107
4 97 65 98 119
4 86 82 100 104
4 67 89 117 102
4 81 108 106 75
4 62 66 112 110
4 95 68 99 117
4 77 107 103 72
4 58 111 114 61
4 73 51 106 118
4 70 49 107 117
4 70 53 108 117
4 65 54 109 116
4 57 110 116 65
4 90 91 109 104
4 94 60 98 119
4 89 112 107 87
4 99 117 91 63
4 87 92 113 100
4 97 65 96 118
4 88 86 110 112
4 66 102 116 85
4 94 93 107 109
4 88 61 103 119
4 95 111 100 90
4 53 79 119 104
4 57 104 119 82
4 90 91 112 108
4 62 81 117 106
4 87 92 114 103
4 58 72 117 107
4 82 119 103 59
4 95 107 93 79
4 64 88 119 104
4 60 54 111 115
4 60 57 113 115
4 96 110 94 76
4 89 118 104 69
4 79 84 115 113
4 67 102 114 80
4 64 108 118 83
4 85 116 109 73
4 68 99 112 88
4 89 80 105 110
4 85 118 106 66
4 95 88 101 111
4 79 119 107 56
4 84 119 107 61
4 81 92 114 102
4 62 75 117 108
4 77 99 115 98
4 68 116 109 58
4 63 58 111 115
4 63 61 114 115
4 93 119 109 73
4 90 70 111 119
4 90 117 112 78
4 74 114 117 87
4 65 83 118 113
4 94 78 108 118
4 97 74 103 119
4 95 117 106 79
4 62 113 114 66
4 96 76 101 116
4 82 119 109 60
4 63 72 117 112
4 86 78 112 116
4 71 81 110 105
4 73 112 117 87
4 105 118 92 71
4 85 108 106 80
4 72 98 119 103
4 84 91 109 101
4 102 116 96 75
4 67 115 113 62
4 76 60 110 118
4 68 116 112 61
4 71 116 110 62
4 71 66 112 116
4 93 94 110 108
4 89 118 105 67
4 97 111 103 93
4 68 101 119 95
4 98 111 97 86
4 95 119 100 70
4 90 95 114 106
4 71 102 117 92
4 83 96 115 101
4 72 99 116 98
4 77 99 114 95
4 74 92 117 103
4 97 113 106 93
4 80 118 108 66
4 100 111 101 94
4 84 63 109 119
4 86 105 115 98
4 69 109 119 90
4 73 94 119 107
4 66 67 115 114
4 75 102 112 89
4 91 117 108 78
4 70 113 118 87
4 89 96 113 106
4 80 118 110 67
4 107 109 98 95
4 86 119 111 65
4 88 119 111 68
4 105 115 99 85
4 93 118 113 79
4 94 119 111 76
4 82 115 116 86
4 77 116 115 72
4 76 115 116 83
4 71 81 117 114
4 100 118 105 82
4 101 83 104 119
4 84 101 116 102
4 93 118 110 78
4 79 114 117 90
4 80 106 117 99
4 96 118 108 81
4 92 85 105 113
4 77 95 119 109
4 91 103 111 98
4 67 112 117 75
4 77 117 114 68
4 100 94 105 113
4 96 75 106 118
4 76 101 119 100
4 97 104 109 101
4 77 107 119 98
4 97 79 106 118
4 101 88 102 115
4 105 116 99 80
4 82 105 116 98
4 81 102 115 96
4 102 91 103 114
4 97 104 110 105
4 71 85 118 113
4 104 107 103 100
4 91 119 111 72
4 93 119 111 74
4 99 92 108 112
4 96 110 108 92
4 89 118 113 75
4 84 114 117 91
4 97 118 110 86
4 100 119 107 87
4 85 116 115 80
4 88 116 115 84
4 75 81 116 115
4 88 107 117 102
4 104 118 106 90
4 94 118 113 82
4 99 116 110 89
4 92 85 112 117
4 89 106 114 99
4 103 84 102 117
4 107 112 102 95
4 99 117 108 85
4 100 106 108 104
4 92 118 110 81
4 86 104 118 105
4 87 104 119 103
4 83 97 119 109
4 98 102 112 109
4 106 103 107 108
4 80 89 117 114
4 96 99 112 110
4 99 114 113 96
4 98 116 112 91
4 103 117 108 93
4 88 95 117 112
4 105 94 109 116
4 102 95 111 115
4 90 100 118 108
4 92 96 115 114
4 91 102 116 109
4 110 109 101 105
4 89 96 116 112
4 98 102 114 111
4 92 113 115 99
4 93 107 117 106
4 113 111 101 105
4 101 97 113 115
4 95 98 115 114
4 101 94 110 116
4 100 106 114 111
4 97 111 115 105
4 103 106 113 111
4 107 108 110 109
4 103 100 113 114
4 104 110 112 107
4 108 104 109 112

# Cells
4 0 1 2 3
4 4 5 6 7
4 8 9 10 11
4 12 13 14 15
4 16 17 18 19
4 20 21 22 23
4 24 25 26 27
4 28 29 30 31
4 32 33 34 35
4 36 37 38 39
4 40 41 42 43
4 44 45 46 47
4 48 49 50 51
4 52 53 54 55
4 56 57 58 59
4 60 61 62 63
4 64 65 66 67
4 68 69 70 71
4 72 73 74 75
4 76 77 78 79
4 80 81 82 83
4 84 85 86 87
4 88 89 90 91
4 92 93 94 95
4 96 97 98 99
4 100 101 102 103
4 104 105 106 107
4 108 109 110 111
4 112 113 114 115
4 116 117 118 119
4 120 121 122 123
4 124 125 126 127
4 128 129 130 131
4 132 133 134 135
4 136 137 138 139
4 140 141 142 143
4 144 145 146 147
4 148 149 150 151
4 152 153 154 155
4 156 157 158 159
4 160 161 162 163
4 164 165 166 167
4 168 169 170 171
4 172 173 174 175
4 176 177 178 179
4 180 181 182 183
4 184 185 186 187
4 188 189 190 191
4 192 193 194 195
4 196 197 198 199
4 200 201 202 203
4 204 205 206 207
4 208 209 210 211
4 212 213 214 215
4 216 217 218 219
4 220 221 222 223
4 224 225 226 227
4 228 229 230 231
4 232 233 234 235
4 236 237 238 239
4 240 241 242 243
4 244 245 246 247
4 248 249 250 251
4 252 253 254 255
4 256 257 258 259
4 260 261 262 263
4 264 265 266 267
4 268 269 270 271
4 272 273 274 275
4 276 277 278 279
4 280 281 282 283
4 284 285 286 287
4 288 289 290 291
4 292 293 294 295
4 296 297 298 299
4 300 301 302 303
4 304 305 306 307
4 308 309 310 311
4 312 313 314 315
4 316 317 318 319
4 320 321 322 323
4 324 325 326 327
4 328 329 330 331
4 332 333 334 335
4 336 337 338 339
4 340 341 342 343
4 344 345 346 347
4 348 349 350 351
4 352 353 354 355
4 356 357 358 359
4 360 361 362 363
4 364 365 366 367
4 368 369 370 371
4 372 373 374 375
4 376 377 378 379
4 380 381 382 383
4 384 385 386 387
4 388 389 390 391
4 392 393 394 395
4 396 397 398 399
4 400 401 402 403
4 404 405 406 407
4 408 409 410 411
4 412 413 414 415
4 416 417 418 419
4 420 421 422 423
4 424 425 426 427
4 428 429 430 431
4 432 433 434 435
4 436 437 438 439
4 440 441 442 443
4 444 445 446 447
4 448 449 450 451
4 452 453 454 455
4 456 457 458 459
4 460 461 462 463
4 464 465 466 467
4 468 469 470 471
4 472 473 474 475
4 476 477 478 479
4 480 481 482 483
4 484 485 486 487
4 488 489 490 491
4 492 493 494 495
4 496 497 498 499
4 500 501 502 503
4 504 505 506 507
4 508 509 510 511
4 512 513 514 515
4 516 517 518 519
4 520 521 522 523
4 524 525 526 527
4 528 529 530 531
4 532 533 534 535
4 536 537 538 539
4 540 541 542 543
4 544 545 546 547
4 548 549 550 551
4 552 553 554 555
4 556 557 558 559
4 560 561 562 563
4 564 565 566 567
4 568 569 570 571
4 572 573 574 575
4 576 577 578 579
4 580 581 582 583
4 584 585 586 587
4 588 589 590 591
4 592 593 594 595
4 596 597 598 599
4 600 601 602 603
4 604 605 606 607
4 608 609 610 611
4 612 613 614 615
4 616 617 618 619
4 620 621 622 623
4 624 625 626 627
4 628 629 630 631
4 632 633 634 635
4 636 637 638 639
4 640 641 642 643
4 644 645 646 647
4 648 649 650 651
4 652 653 654 655
4 656 657 658 659
4 660 661 662 663
4 664 665 666 667
4 668 669 670 671
4 672 673 674 675
4 676 677 678 679
4 680 681 682 683
4 684 685 686 687
4 688 689 690 691
4 692 693 694 695
4 696 697 698 699
4 700 701 702 703
4 704 705 706 707
4 708 709 710 711
4 712 713 714 715
4 716 717 718 719
4 720 721 722 723
4 724 725 726 727
4 728 729 730 731
4 732 733 734 735
4 736 737 738 739
4 740 741 742 743
4 744 745 746 747
4 748 749 750 751
4 752 753 754 755
4 756 757 758 759
4 760 761 762 763
4 764 765 766 767
4 768 769 770 771
4 772 773 774 775
4 776 777 778 779
4 780 781 782 783
4 784 785 786 787
4 788 789 790 791
4 792 793 794 795
4 796 797 798 799
4 800 801 802 803
4 804 805 806 807
4 808 809 810 811
4 812 813 814 815
4 816 817 818 819
4 820 821 822 823
4 824 825 826 827
4 828 829 830 831
4 832 833 834 835
4 836 837 838 839
4 840 841 842 843
4 844 845 846 847
4 848 849 850 851
4 852 853 854 855
4 856 857 858 859
4 860 861 862 863
4 864 865 866 867
4 868 869 870 871
4 872 873 874 875
4 876 877 878 879
4 880 881 882 883
4 884 885 886 887
4 888 889 890 891
4 892 893 894 895
4 896 897 898 899
4 900 901 902 903
4 904 905 906 907
4 908 909 910 911
4 912 913 914 915
4 916 917 918 919
4 920 921 922 923
4 924 925 926 927
4 928 929 930 931
4 932 933 934 935
4 936 937 938 939
4 940 941 942 943
4 944 945 946 947
4 948 949 950 951
4 952 953 954 955
4 956 957 958 959
4 960 961 962 963
4 964 965 966 967
4 968 969 970 971
4 972 973 974 975
4 976 977 978 979
4 980 981 982 983
4 984 985 986 987
4 988 989 990 991
4 992 993 994 995
4 996 997 998 999
4 1000 1001 1002 1003
4 1004 1005 1006 1007
4 1008 1009 1010 1011
4 1012 1013 1014 1015
4 1016 1017 1018 1019
4 1020 1021 1022 1023
4 1024 1025 1026 1027
4 1028 1029 1030 1031
4 1032 1033 1034 1035
4 1036 1037 1038 1039
4 1040 1041 1042 1043
4 1044 1045 1046 1047
4 1048 1049 1050 1051
4 1052 1053 1054 1055
4 1056 1057 1058 1059
4 1060 1061 1062 1063
4 1064 1065 1066 1067
4 1068 1069 1070 1071
4 1072 1073 1074 1075
4 1076 1077 1078 1079
4 1080 1081 1082 1083
4 1084 1085 1086 1087
4 1088 1089 1090 1091
4 1092 1093 1094 1095
4 1096 1097 1098 1099
4 1100 1101 1102 1103
4 1104 1105 1106 1107
4 1108 1109 1110 1111
4 1112 1113 1114 1115
4 1116 1117 1118 1119
4 1120 1121 1122 1123
4 1124 1125 1126 1127
4 1128 1129 1130 1131
4 1132 1133 1134 1135
4 1136 1137 1138 1139
4 1140 1141 1142 1143
4 1144 1145 1146 1147
4 1148 1149 1150 1151
4 1152 1153 1154 1155
4 1156 1157 1158 1159
4 1160 1161 1162 1163
4 1164 1165 1166 1167
4 1168 1169 1170 1171
4 1172 1173 1174 1175
4 1176 1177 1178 1179
4 1180 1181 1182 1183
4 1184 1185 1186 1187
4 1188 1189 1190 1191
4 1192 1193 1194 1195
4 1196 1197 1198 1199
4 1200 1201 1202 1203
4 1204 1205 1206 1207
4 1208 1209 1210 1211
4 1212 1213 1214 1215
4 1216 1217 1218 1219
4 1220 1221 1222 1223
4 1224 1225 1226 1227
4 1228 1229 1230 1231
4 1232 1233 1234 1235
4 1236 1237 1238 1239
4 1240 1241 1242 1243
4 1244 1245 1246 1247
4 1248 1249 1250 1251
4 1252 1253 1254 1255
4 1256 1257 1258 1259
4 1260 1261 1262 1263
4 1264 1265 1266 1267
4 1268 1269 1270 1271
4 1272 1273 1274 1275
4 1276 1277 1278 1279
4 1280 1281 1282 1283
4 1284 1285 1286 1287
4 1288 1289 1290 1291
4 1292 1293 1294 1295
4 1296 1297 1298 1299
4 1300 1301 1302 1303
4 1304 1305 1306 1307
4 1308 1309 1310 1311
4 1312 1313 1314 1315
4 1316 1317 1318 1319
4 1320 1321 1322 1323
4 1324 1325 1326 1327
4 1328 1329 1330 1331
4 1332 1333 1334 1335
4 1336 1337 1338 1339
4 1340 1341 1342 1343
4 1344 1345 1346 1347
4 1348 1349 1350 1351
4 1352 1353 1354 1355
4 1356 1357 1358 1359
4 1360 1361 1362 1363
4 1364 1365 1366 1367
4 1368 1369 1370 1371
4 1372 1373 1374 1375
4 1376 1377 1378 1379
4 1380 1381 1382 1383
4 1384 1385 1386 1387
4 1388 1389 1390 1391
4 1392 1393 1394 1395
4 1396 1397 1398 1399
4 1400 1401 1402 1403
4 1404 1405 1406 1407
4 1408 1409 1410 1411
4 1412 1413 1414 1415
4 1416 1417 1418 1419
4 1420 1421 1422 1423
4 1424 1425 1426 1427
4 1428 1429 1430 1431
4 1432 1433 1434 1435
4 1436 1437 1438 1439
4 1440 1441 1442 1443
4 1444 1445 1446 1447
4 1448 1449 1450 1451
4 1452 1453 1454 1455
4 1456 1457 1458 1459
4 1460 1461 1462 1463
4 1464 1465 1466 1467
4 1468 1469 1470 1471
4 1472 1473 1474 1475
4 1476 1477 1478 1479
4 1480 1481 1482 1483
4 1484 1485 1486 1487
4 1488 1489 1490 1491
4 1492 1493 1494 1495
4 1496 1497 1498 1499
4 1500 1501 1502 1503
4 1504 1505 1506 1507
4 1508 1509 1510 1511
4 1512 1513 1514 1515
4 1516 1517 1518 1519
4 1520 1521 1522 1523
4 1524 1525 1526 1527
4 1528 1529 1530 1531
4 1532 1533 1534 1535
4 1536 1537 1538 1539
4 1540 1541 1542 1543
4 1544 1545 1546 1547
4 1548 1549 1550 1551
4 1552 1553 1554 1555
4 1556 1557 1558 1559
4 1560 1561 1562 1563
4 1564 1565 1566 1567
4 1568 1569 1570 1571
4 1572 1573 1574 1575
4 1576 1577 1578 1579
4 1580 1581 1582 1583
4 1584 1585 1586 1587
4 1588 1589 1590 1591
4 1592 1593 1594 1595
4 1596 1597 1598 1599
4 1600 1601 1602 1603
4 1604 1605 1606 1607
4 1608 1609 1610 1611
4 1612 1613 1614 1615
4 1616 1617 1618 1619
4 1620 1621 1622 1623
4 1624 1625 1626 1627
4 1628 1629 1630 1631
4 1632 1633 1634 1635
4 1636 1637 1638 1639
4 1640 1641 1642 1643
4 1644 1645 1646 1647
4 1648 1649 1650 1651
4 1652 1653 1654 1655
4 1656 1657 1658 1659
4 1660 1661 1662 1663
4 1664 1665 1666 1667
4 1668 1669 1670 1671
4 1672 1673 1674 1675
4 1676 1677 1678 1679
4 1680 1681 1682 1683
4 1684 1685 1686 1687
4 1688 1689 1690 1691
4 1692 1693 1694 1695
4 1696 1697 1698 1699
4 1700 1701 1702 1703
4 1704 1705 1706 1707
4 1708 1709 1710 1711
4 1712 1713 1714 1715
4 1716 1717 1718 1719
4 1720 1721 1722 1723
4 1724 1725 1726 1727
4 1728 1729 1730 1731
4 1732 1733 1734 1735
4 1736 1737 1738 1739
4 1740 1741 1742 1743
4 1744 1745 1746 1747
4 1748 1749 1750 1751
4 1752 1753 1754 1755
4 1756 1757 1758 1759
4 1760 1761 1762 1763
4 1764 1765 1766 1767
4 1768 1769 1770 1771
4 1772 1773 1774 1775
4 1776 1777 1778 1779
4 1780 1781 1782 1783
4 1784 1785 1786 1787
4 1788 1789 1790 1791
4 1792 1793 1794 1795
4 1796 1797 1798 1799
4 1800 1801 1802 1803
4 1804 1805 1806 1807
4 1808 1809 1810 1811
4 1812 1813 1814 1815
4 1816 1817 1818 1819
4 1820 1821 1822 1823
4 1824 1825 1826 1827
4 1828 1829 1830 1831
4 1832 1833 1834 1835
4 1836 1837 1838 1839
4 1840 1841 1842 1843
4 1844 1845 1846 1847
4 1848 1849 1850 1851
4 1852 1853 1854 1855
4 1856 1857 1858 1859
4 1860 1861 1862 1863
4 1864 1865 1866 1867
4 1868 1869 1870 1871
4 1872 1873 1874 1875
4 1876 1877 1878 1879
4 1880 1881 1882 1883
4 1884 1885 1886 1887
4 1888 1889 1890 1891
4 1892 1893 1894 1895
4 1896 1897 1898 1899
4 1900 1901 1902 1903
4 1904 1905 1906 1907
4 1908 1909 1910 1911
4 1912 1913 1914 1915
4 1916 1917 1918 1919
4 1920 1921 1922 1923
4 1924 1925 1926 1927
4 1928 1929 1930 1931
4 1932 1933 1934 1935
4 1936 1937 1938 1939
4 1940 1941 1942 1943
4 1944 1945 1946 1947
4 1948 1949 1950 1951
4 1952 1953 1954 1955
4 1956 1957 1958 1959
4 1960 1961 1962 1963
4 1964 1965 1966 1967
4 1968 1969 1970 1971
4 1972 1973 1974 1975
4 1976 1977 1978 1979
4 1980 1981 1982 1983
4 1984 1985 1986 1987
4 1988 1989 1990 1991
4 1992 1993 1994 1995
4 1996 1997 1998 1999
4 2000 2001 2002 2003
4 2004 2005 2006 2007
4 2008 2009 2010 2011
4 2012 2013 2014 2015
4 2016 2017 2018 2019
4 2020 2021 2022 2023
4 2024 2025 2026 2027
4 2028 2029 2030 2031
4 2032 2033 2034 2035
4 2036 2037 2038 2039
4 2040 2041 2042 2043
4 2044 2045 2046 2047
4 2048 2049 2050 2051
4 2052 2053 2054 2055
4 2056 2057 2058 2059
4 2060 2061 2062 2063
4 2064 2065 2066 2067
4 2068 2069 2070 2071
4 2072 2073 2074 2075
4 2076 2077 2078 2079
4 2080 2081 2082 2083
4 2084 2085 2086 2087
4 2088 2089 2090 2091
4 2092 2093 2094 2095
4 2096 2097 2098 2099
4 2100 2101 2102 2103
4 2104 2105 2106 2107
4 2108 2109 2110 2111
4 2112 2113 2114 2115
4 2116 2117 2118 2119
4 2120 2121 2122 2123
4 2124 2125 2126 2127
4 2128 2129 2130 2131
4 2132 2133 2134 2135
4 2136 2137 2138 2139
4 2140 2141 2142 2143
4 2144 2145 2146 2147
4 2148 2149 2150 2151
4 2152 2153 2154 2155
4 2156 2157 2158 2159
4 2160 2161 2162 2163
4 2164 2165 2166 2167
4 2168 2169 2170 2171
4 2172 2173 2174 2175
4 2176 2177 2178 2179
4 2180 2181 2182 2183
4 2184 2185 2186 2187
4 2188 2189 2190 2191
4 2192 2193 2194 2195
4 2196 2197 2198 2199
4 2200 2201 2202 2203
4 2204 2205 2206 2207
4 2208 2209 2210 2211
4 2212 2213 2214 2215
4 2216 2217 2218 2219
4 2220 2221 2222 2223
4 2224 2225 2226 2227
4 2228 2229 2230 2231
4 2232 2233 2234 2235
4 2236 2237 2238 2239
4 2240 2241 2242 2243
4 2244 2245 2246 2247
4 2248 2249 2250 2251
4 2252 2253 2254 2255
4 2256 2257 2258 2259
4 2260 2261 2262 2263
4 2264 2265 2266 2267
4 2268 2269 2270 2271
4 2272 2273 2274 2275
4 2276 2277 2278 2279
4 2280 2281 2282 2283
4 2284 2285 2286 2287
4 2288 2289 2290 2291
4 2292 2293 2294 2295
4 2296 2297 2298 2299
4 2300 2301 2302 2303
4 2304 2305 2306 2307
4 2308 2309 2310 2311
4 2312 2313 2314 2315
4 2316 2317 2318 2319
4 2320 2321 2322 2323
4 2324 2325 2326 2327
4 2328 2329 2330 2331
4 2332 2333 2334 2335
4 2336 2337 2338 2339
4 2340 2341 2342 2343
4 2344 2345 2346 2347
4 2348 2349 2350 2351
4 2352 2353 2354 2355
4 2356 2357 2358 2359
4 2360 2361 2362 2363
4 2364 2365 2366 2367
4 2368 2369 2370 2371
4 2372 2373 2374 2375
4 2376 2377 2378 2379
4 2380 2381 2382 2383
4 2384 2385 2386 2387
4 2388 2389 2390 2391
4 2392 2393 2394 2395
4 2396 2397 2398 2399
5 0 1268 2400 2401 2402
5 5 1440 2403 2404 2405
5 8 1352 2406 2407 2408
5 12 1188 2409 2410 2411
5 17 1368 2412 2413 2414
5 21 1276 2415 2416 2417
5 24 1112 2418 2419 2420
5 28 1196 2421 2422 2423
5 33 1284 2424 2425 2426
5 36 1028 2427 2428 2429
5 41 1120 2430 2431 2432
5 45 1204 2433 2434 2435
5 48 1360 2436 2437 2438
5 53 1516 2439 2440 2441
5 57 1448 2442 2443 2444
5 60 1104 2445 2446 2447
5 65 1392 2448 2449 2450
5 16 1272 2451 2452 2453
5 68 1020 2454 2455 2456
5 73 1224 2457 2458 2459
5 29 1280 2460 2461 2462
5 76 944 2463 2464 2465
5 44 1116 2466 2467 2468
5 81 1236 2469 2470 2471
5 56 1356 2472 2473 2474
5 50 1592 2475 2476 2477
5 84 1524 2478 2479 2480
5 88 1036 2481 2482 2483
5 9 1436 2484 2485 2486
5 93 1384 2487 2488 2489
5 96 936 2490 2491 2492
5 32 1108 2493 2494 2495
5 101 1404 2496 2497 2498
5 104 860 2499 2500 2501
5 109 1060 2502 2503 2504
5 37 1200 2505 2506 2507
5 52 1444 2508 2509 2510
5 58 1520 2511 2512 2513
5 86 1672 2514 2515 2516
5 112 952 2517 2518 2519
5 117 1532 2520 2521 2522
5 4 1264 2523 2524 2525
5 120 868 2526 2527 2528
5 125 1220 2529 2530 2531
5 13 1364 2532 2533 2534
5 128 780 2535 2536 2537
5 40 1024 2538 2539 2540
5 133 1232 2541 2542 2543
5 137 1680 2544 2545 2546
5 2 1600 2547 2548 2549
5 92 1032 2550 2551 2552
5 90 1544 2553 2554 2555
5 140 852 2556 2557 2558
5 145 1052 2559 2560 2561
5 69 1320 2562 2563 2564
5 148 772 2565 2566 2567
5 80 940 2568 2569 2570
5 153 1408 2571 2572 2573
5 49 1512 2574 2575 2576
5 85 1588 2577 2578 2579
5 54 1668 2580 2581 2582
5 156 876 2583 2584 2585
5 1 1348 2586 2587 2588
5 161 1380 2589 2590 2591
5 164 796 2565 2592 2593
5 20 1184 2594 2595 2596
5 169 1396 2597 2598 2599
5 172 704 2600 2601 2602
5 177 1228 2603 2604 2605
5 25 1192 2606 2607 2608
5 136 1596 2609 2610 2611
5 10 1748 2612 2613 2614
5 116 948 2615 2616 2617
5 114 1388 2618 2619 2620
5 180 788 2490 2621 2622
5 64 1100 2623 2624 2625
5 185 1556 2626 2627 2628
5 188 688 2629 2630 2631
5 193 1056 2632 2633 2634
5 77 1148 2635 2636 2637
5 14 1708 2638 2639 2640
5 62 1548 2641 2642 2643
5 196 896 2517 2644 2645
5 100 932 2646 2647 2648
5 141 1484 2649 2650 2651
5 152 768 2652 2653 2654
5 201 900 2655 2656 2657
5 105 1312 2658 2659 2660
5 6 1676 2661 2662 2663
5 138 1744 2664 2665 2666
5 160 872 2655 2667 2668
5 158 1536 2669 2670 2671
5 204 696 2672 2673 2674
5 209 1216 2675 2676 2677
5 61 1304 2678 2679 2680
5 212 628 2535 2681 2682
5 72 1016 2683 2684 2685
5 217 1400 2686 2687 2688
5 22 1628 2689 2690 2691
5 139 1816 2692 2693 2694
5 124 864 2559 2695 2696
5 122 1688 2697 2698 2699
5 220 720 2700 2701 2702
5 225 1072 2684 2703 2704
5 89 1464 2705 2706 2707
5 228 620 2600 2708 2709
5 108 856 2675 2710 2711
5 233 1292 2712 2713 2714
5 26 1716 2715 2716 2717
5 70 1704 2718 2719 2720
5 184 784 2721 2722 2723
5 237 912 2551 2724 2725
5 121 1476 2726 2727 2728
5 240 740 2583 2729 2730
5 132 776 2731 2732 2733
5 189 1316 2734 2735 2736
5 18 1812 2737 2738 2739
5 168 792 2740 2741 2742
5 166 1540 2743 2744 2745
5 244 644 2463 2635 2746
5 249 1560 2747 2748 2749
5 252 556 2750 2751 2752
5 257 1064 2732 2753 2754
5 97 1136 2621 2755 2756
5 30 1852 2757 2758 2759
5 98 1552 2760 2761 2762
5 260 764 2445 2678 2763
5 221 1636 2764 2765 2766
5 232 616 2767 2768 2769
5 265 904 2741 2770 2771
5 129 1144 2681 2772 2773
5 19 1884 2774 2775 2776
5 182 1432 2755 2761 2777
5 268 712 2418 2606 2778
5 273 1720 2779 2780 2781
5 276 548 2782 2783 2784
5 281 960 2785 2786 2787
5 149 976 2592 2743 2788
5 38 1848 2789 2790 2791
5 78 1712 2792 2793 2794
5 284 748 2481 2705 2795
5 205 1480 2796 2797 2798
5 216 624 2785 2799 2800
5 289 756 2616 2801 2802
5 173 1308 2708 2803 2804
5 34 1780 2805 2806 2807
5 176 700 2632 2808 2809
5 174 1692 2810 2811 2812
5 292 572 2813 2814 2815
5 297 1088 2569 2816 2817
5 113 1300 2644 2818 2819
5 300 492 2499 2658 2820
5 305 1452 2821 2822 2823
5 66 1620 2824 2825 2826
5 87 1880 2827 2828 2829
5 208 692 2502 2710 2830
5 206 1696 2831 2832 2833
5 308 636 2834 2835 2836
5 313 1244 2539 2837 2838
5 94 1468 2724 2839 2840
5 316 476 2629 2734 2841
5 144 848 2529 2695 2842
5 321 1288 2843 2844 2845
5 42 1784 2837 2846 2847
5 106 1824 2848 2849 2850
5 248 640 2851 2852 2853
5 325 920 2624 2824 2854
5 157 1456 2729 2855 2856
5 328 604 2526 2726 2857
5 253 1376 2858 2859 2860
5 74 1624 2703 2861 2862
5 142 1828 2863 2864 2865
5 272 708 2866 2867 2868
5 333 1080 2595 2689 2869
5 118 1608 2801 2870 2871
5 336 596 2672 2796 2872
5 192 684 2603 2808 2873
5 277 1212 2874 2875 2876
5 55 1948 2877 2878 2879
5 224 716 2457 2683 2880
5 222 1832 2881 2882 2883
5 270 1252 2607 2716 2884
5 340 500 2750 2858 2885
5 200 816 2589 2667 2886
5 345 1128 2887 2888 2889
5 46 1916 2890 2891 2892
5 130 1700 2893 2894 2895
5 348 612 2454 2562 2896
5 293 1528 2897 2898 2899
5 304 488 2900 2901 2902
5 353 928 2647 2903 2904
5 165 1296 2566 2905 2906
5 31 1920 2907 2908 2909
5 214 1576 2772 2894 2910
5 356 564 2427 2505 2911
5 361 1604 2912 2913 2914
5 364 424 2915 2916 2917
5 369 968 2653 2918 2919
5 181 1132 2491 2760 2920
5 11 1944 2921 2922 2923
5 246 1424 2636 2793 2924
5 312 632 2430 2538 2925
5 310 1724 2926 2927 2928
5 372 432 2782 2874 2929
5 377 1124 2768 2930 2931
5 197 972 2518 2618 2932
5 47 1984 2933 2934 2935
5 150 1584 2744 2905 2936
5 380 676 2409 2532 2937
5 309 1640 2938 2939 2940
5 320 472 2887 2941 2942
5 385 812 2722 2943 2944
5 213 1140 2536 2893 2945
5 35 1988 2946 2947 2948
5 198 1504 2619 2818 2949
5 388 824 2400 2586 2950
5 274 1788 2951 2952 2953
5 344 496 2843 2941 2954
5 393 804 2852 2955 2956
5 229 980 2601 2810 2957
5 7 2004 2958 2959 2960
5 262 1332 2642 2679 2961
5 332 760 2415 2594 2962
5 275 1856 2963 2964 2965
5 396 460 2915 2966 2967
5 401 956 2901 2968 2969
5 241 820 2584 2669 2970
5 82 1776 2816 2971 2972
5 190 1836 2973 2974 2975
5 360 560 2976 2977 2978
5 405 1096 2494 2805 2979
5 162 1460 2656 2980 2981
5 408 468 2556 2649 2982
5 365 1372 2966 2983 2984
5 102 1756 2903 2985 2986
5 256 552 2541 2731 2987
5 254 1840 2988 2989 2990
5 412 484 2991 2992 2993
5 417 1260 2467 2890 2994
5 126 1472 2560 2995 2996
5 368 420 2571 2652 2997
5 425 1373 2967 2998 2999
5 51 2000 3000 3001 3002
5 296 568 2469 2568 3003
5 294 1844 3004 3005 3006
5 358 1416 2506 2790 3007
5 376 428 2712 2767 3008
5 236 828 2487 2550 3009
5 433 1209 2784 3010 3011
5 110 1632 2676 3012 3013
5 155 1952 3014 3015 3016
5 437 1000 2524 2661 3017
5 170 1612 2770 3018 3019
5 440 508 2700 2764 3020
5 373 1208 2783 3021 3022
5 187 1956 3023 3024 3025
5 390 1160 2548 2587 3026
5 444 520 2813 2897 3027
5 264 664 2597 2740 3028
5 397 1044 2916 3029 3030
5 146 1508 2530 2995 3031
5 103 1960 3032 3033 3034
5 449 984 2473 2511 3035
5 186 1760 2943 3036 3037
5 452 648 2834 2938 3038
5 280 544 2686 2799 3039
5 341 1040 2751 2988 3040
5 59 2060 3041 3042 3043
5 324 680 2448 2623 3044
5 251 1964 3045 3046 3047
5 382 1324 2533 2639 3048
5 400 456 2821 2900 3049
5 288 672 2520 2615 3050
5 461 1045 2917 3051 3052
5 39 2040 3053 3054 3055
5 230 1732 2803 2811 3056
5 464 536 2421 2460 3057
5 413 1684 3058 3059 3060
5 469 893 2558 3061 3062
5 245 1156 2464 2792 3063
5 15 2044 3064 3065 3066
5 302 1568 2659 2849 3067
5 416 480 2433 2466 3068
5 414 1752 3069 3070 3071
5 477 1049 2631 3072 3073
5 261 988 2446 2641 3074
5 71 2024 3075 3076 3077
5 318 1740 2735 2974 3078
5 485 1685 3079 3080 3081
5 493 1013 2501 3082 3083
5 269 1164 2419 2715 3084
5 3 2056 3085 3086 3087
5 350 1488 2563 2719 3088
5 404 608 2424 2493 3089
5 363 1860 3090 3091 3092
5 501 1041 2752 3093 3094
5 285 836 2482 2553 3095
5 43 2096 3096 3097 3098
5 242 1660 2670 2855 3099
5 504 668 2406 2484 3100
5 362 1792 3101 3102 3103
5 509 733 2702 3104 3105
5 301 1012 2500 2848 3106
5 83 2072 3107 3108 3109
5 202 1580 2590 2980 3110
5 512 832 2436 2574 3111
5 250 1772 2955 3112 3113
5 517 656 2867 2951 3114
5 317 1048 2630 2973 3115
5 23 2100 3116 3117 3118
5 286 1496 2554 2706 3119
5 436 744 2403 2523 3120
5 311 1924 3121 3122 3123
5 521 881 2815 3124 3125
5 329 844 2527 2697 3126
5 67 2084 3127 3128 3129
5 238 1428 2488 2839 3130
5 448 908 2442 2472 3131
5 223 1896 3104 3132 3133
5 525 800 2977 3101 3134
5 337 884 2673 2831 3135
5 134 1764 2753 3136 3137
5 235 1968 3138 3139 3140
5 529 1176 2452 2737 3141
5 178 1616 2633 3142 3143
5 384 532 2626 2721 3144
5 473 1289 2954 3145 3146
5 154 1888 2918 3147 3148
5 278 1972 3021 3149 3150
5 537 1181 2423 2907 3151
5 210 1500 2503 3012 3152
5 352 540 2496 2646 3153
5 489 1453 3049 3154 3155
5 307 1976 3156 3157 3158
5 466 1340 2461 2758 3159
5 549 1213 2929 3160 3161
5 366 1980 3029 3162 3163
5 482 1345 2435 2934 3164
5 557 1377 2885 3165 3166
5 143 1892 3061 3167 3168
5 374 1876 2875 3149 3169
5 565 1173 2429 3053 3170
5 226 1336 2458 2861 3171
5 573 1529 3027 3172 3173
5 219 2064 3174 3175 3176
5 506 1168 2485 2613 3177
5 392 576 2747 2851 3178
5 497 1129 2942 3179 3180
5 194 1664 2604 3142 3181
5 135 2068 3182 3183 3184
5 581 992 2509 2580 3185
5 218 1768 2786 3186 3187
5 516 584 2779 2866 3188
5 429 1125 2769 3138 3189
5 171 2076 3190 3191 3192
5 514 1152 2476 2575 3193
5 524 588 2912 2976 3194
5 457 957 2902 3156 3195
5 119 2080 3196 3197 3198
5 450 1068 2443 2512 3199
5 592 660 2991 3058 3079
5 445 880 2814 3004 3200
5 27 2144 3201 3202 3203
5 330 1644 2698 2727 3204
5 528 600 2412 2451 3205
5 415 1820 3206 3207 3208
5 597 885 2674 3209 3210
5 349 996 2455 2718 3211
5 79 2120 3212 3213 3214
5 338 1796 2797 2832 3215
5 486 1753 3216 3217 3218
5 605 845 2528 3219 3220
5 357 1172 2428 2789 3221
5 107 2012 3082 3222 3223
5 342 1868 2859 2989 3224
5 561 1605 3194 3225 3226
5 613 997 2456 3075 3227
5 314 1328 2431 2846 3228
5 63 2132 3229 3230 3231
5 410 1652 2650 2864 3232
5 487 1821 3233 3234 3235
5 621 981 2602 3236 3237
5 381 1004 2410 2638 3238
5 91 2128 3239 3240 3241
5 422 1657 2573 3015 3242
5 562 1793 3134 3243 3244
5 629 1141 2537 3245 3246
5 389 1076 2401 2547 3247
5 123 2020 3219 3248 3249
5 430 1809 2714 3139 3250
5 637 1641 3038 3251 3252
5 645 1157 2465 3212 3253
5 334 1248 2416 2690 3254
5 75 2168 3255 3256 3257
5 290 1572 2521 2870 3258
5 580 752 2439 2508 3259
5 295 1912 3124 3260 3261
5 649 725 2836 3121 3262
5 409 892 2557 2863 3263
5 111 2160 3264 3265 3266
5 266 1728 2598 3018 3267
5 652 840 2478 2577 3268
5 306 1904 2968 3269 3270
5 585 657 2868 2963 3271
5 421 969 2654 3014 3272
5 95 2176 3273 3274 3275
5 326 1420 2449 2825 3276
5 513 916 2437 2475 3277
5 207 2016 3209 3278 3279
5 661 737 2993 3206 3233
5 441 732 2701 2881 3280
5 593 736 2992 3069 3216
5 453 724 2835 2926 3281
5 323 2088 3179 3282 3283
5 602 1257 2414 2775 3284
5 617 1293 3008 3285 3286
5 234 1900 2930 3287 3288
5 347 2092 3145 3289 3290
5 669 1093 2408 2921 3291
5 258 1648 2542 3136 3292
5 625 1401 3039 3293 3294
5 191 2008 3072 3295 3296
5 398 1996 2983 3162 3297
5 677 1005 2411 3064 3298
5 298 1492 2470 2971 3299
5 641 1561 3178 3300 3301
5 427 2037 3052 3302 3303
5 610 1413 2426 2947 3304
5 689 1317 2841 3305 3306
5 474 1909 2889 3289 3307
5 634 1329 2432 3097 3308
5 697 1481 2872 3309 3310
5 490 1905 2969 3311 3312
5 570 1493 2471 3108 3313
5 705 1309 2709 3314 3315
5 498 1941 2845 3282 3316
5 713 1165 2420 3201 3317
5 721 1637 3020 3318 3319
5 179 2156 3320 3321 3322
5 654 1008 2515 2578 3323
5 545 961 2800 3174 3324
5 282 1800 2687 3186 3325
5 195 2164 3326 3327 3328
5 729 888 2610 2664 3329
5 322 1908 2888 3330 3331
5 553 1065 2733 3182 3332
5 163 2172 3333 3334 3335
5 582 1084 2440 2581 3336
5 577 805 2853 3045 3337
5 159 2124 3338 3339 3340
5 438 1240 2404 2662 3341
5 589 801 2978 3090 3342
5 99 2204 3343 3344 3345
5 442 1804 2765 2882 3346
5 563 1861 3342 3347 3348
5 741 821 2585 3338 3349
5 465 1180 2422 2757 3350
5 131 2116 3245 3351 3352
5 446 1928 2898 3005 3353
5 638 1725 3281 3354 3355
5 749 837 2483 3239 3356
5 418 1344 2434 2891 3357
5 151 2208 3358 3359 3360
5 454 1936 2927 2939 3361
5 574 1845 3200 3362 3363
5 673 757 2617 3196 3364
5 481 1261 2468 2933 3365
5 175 2112 3236 3366 3367
5 458 1933 2823 3157 3368
5 709 1721 3188 3369 3370
5 765 989 2447 3229 3371
5 406 1412 2425 2806 3372
5 115 2216 3373 3374 3375
5 534 1737 2628 3024 3376
5 639 1925 3262 3377 3378
5 773 977 2593 3379 3380
5 505 1092 2407 2612 3381
5 542 1565 2498 3033 3382
5 575 1913 3125 3383 3384
5 781 1145 2682 3385 3386
5 546 1801 2688 3175 3387
5 710 1789 3114 3388 3389
5 789 1133 2492 3343 3390
5 554 1649 2543 3183 3391
5 642 1773 2956 3392 3393
5 797 1297 2567 3358 3394
5 127 2236 3395 3396 3397
5 354 1564 2497 2985 3398
5 653 924 2479 2514 3399
5 255 2028 3093 3400 3401
5 533 813 2723 3023 3402
5 147 2248 3403 3404 3405
5 386 1736 2627 3036 3406
5 728 808 2544 2609 3407
5 367 2036 3051 3408 3409
5 541 929 2648 3032 3410
5 203 2252 3411 3412 3413
5 394 1864 2748 3112 3414
5 426 1981 3030 3415 3416
5 569 1089 2570 3107 3417
5 435 2137 3161 3418 3419
5 746 1241 2405 2959 3420
5 769 1409 2997 3421 3422
5 379 2180 3285 3423 3424
5 754 1085 2441 2878 3425
5 777 1233 2987 3426 3427
5 463 2053 2999 3302 3428
5 825 1077 2402 3085 3429
5 785 1557 3144 3430 3431
5 279 2032 3010 3432 3433
5 403 2108 3154 3311 3434
5 833 917 2438 3000 3435
5 370 1656 2572 3147 3436
5 793 1397 3028 3437 3438
5 346 1940 2844 3330 3439
5 283 2184 3293 3440 3441
5 841 925 2480 2827 3442
5 378 1808 2713 3287 3443
5 701 1229 2873 3326 3444
5 551 2033 3011 3418 3445
5 762 1249 2417 3117 3446
5 853 1485 2982 3447 3448
5 559 2029 3094 3449 3450
5 682 1421 2450 3128 3451
5 861 1313 2820 3452 3453
5 618 1901 2931 3423 3454
5 718 1337 2459 3256 3455
5 869 1477 2857 3456 3457
5 626 1769 2787 3440 3458
5 694 1501 2504 3265 3459
5 877 1457 2730 3460 3461
5 211 2240 3462 3463 3464
5 730 964 2545 2665 3465
5 665 905 2742 3190 3466
5 259 2244 3426 3467 3468
5 810 965 2546 2693 3469
5 685 1057 2809 3320 3470
5 402 1932 2822 3269 3471
5 267 2256 3437 3472 3473
5 809 889 2611 2692 3474
5 434 1877 2876 3432 3475
5 693 1217 2711 3264 3476
5 167 2196 3379 3477 3478
5 530 1256 2413 2738 3479
5 578 1865 2749 3046 3480
5 711 1857 3271 3481 3482
5 897 973 2519 3373 3483
5 183 2268 3484 3485 3486
5 586 1873 2781 2964 3487
5 643 1965 3337 3488 3489
5 817 901 2668 3333 3490
5 601 1177 2453 2774 3491
5 199 2280 3492 3493 3494
5 518 1872 2780 2952 3495
5 491 1977 3195 3496 3497
5 609 1097 2495 2946 3498
5 215 2200 3385 3499 3500
5 590 1993 2914 3091 3501
5 722 1833 3280 3502 3503
5 829 913 2552 3273 3504
5 538 1341 2462 2908 3505
5 231 2212 3314 3506 3507
5 594 2048 3059 3070 3508
5 698 1697 3135 3509 3510
5 681 921 2625 3127 3511
5 566 1417 2507 3054 3512
5 243 2284 3460 3513 3514
5 526 1992 2913 3102 3515
5 558 1841 3040 3516 3517
5 633 1245 2540 3096 3518
5 666 1729 2599 3191 3519
5 723 1897 3105 3520 3521
5 937 1137 2622 3484 3522
5 674 1573 2522 3197 3523
5 699 2017 3210 3524 3525
5 945 1149 2746 3526 3527
5 686 1665 2605 3321 3528
5 786 1761 2944 3529 3530
5 953 1301 2645 3492 3531
5 702 1617 2634 3327 3532
5 794 1613 2771 3472 3533
5 874 1461 2657 3412 3534
5 227 2296 3535 3536 3537
5 470 1653 2651 3167 3538
5 375 2136 3160 3539 3540
5 239 2312 3541 3542 3543
5 510 1805 2766 3132 3544
5 475 2089 3180 3545 3546
5 291 2316 3547 3548 3549
5 522 1929 2899 3260 3550
5 550 1973 3022 3539 3551
5 717 1073 2685 3255 3552
5 503 2141 3166 3449 3553
5 910 1069 2444 3042 3554
5 933 1405 3153 3555 3556
5 479 2221 3306 3557 3558
5 918 1154 2477 3002 3559
5 941 1237 3003 3560 3561
5 371 2260 3421 3562 3563
5 926 1010 2516 2829 3564
5 857 1061 2830 3462 3565
5 523 2153 3173 3383 3566
5 909 985 2474 3041 3567
5 949 1533 3050 3547 3568
5 399 2052 2998 3415 3569
5 395 2192 3300 3392 3570
5 753 993 2510 2877 3571
5 478 1741 2736 3295 3572
5 873 1381 2886 3411 3573
5 343 2140 3165 3516 3574
5 527 2148 3225 3243 3575
5 745 1001 2525 2958 3576
5 494 1569 2660 3222 3577
5 878 1537 2970 3513 3578
5 462 1997 2984 3408 3579
5 387 2264 3430 3529 3580
5 842 1009 2579 2828 3581
5 502 1869 2860 3400 3582
5 865 1221 2842 3403 3583
5 691 2009 3073 3557 3584
5 830 1429 2489 3274 3585
5 1021 1321 2896 3586 3587
5 707 2113 3237 3588 3589
5 838 1498 2555 3241 3590
5 1029 1201 2911 3591 3592
5 770 1889 2919 3562 3593
5 850 1509 2531 3396 3594
5 1037 1465 2795 3595 3596
5 778 1765 2754 3467 3597
5 866 1473 2561 3404 3598
5 950 1609 2802 3548 3599
5 299 2300 3560 3600 3601
5 890 966 2666 2694 3602
5 315 2304 3603 3604 3605
5 355 2308 3555 3606 3607
5 849 1053 2696 3395 3608
5 247 2272 3526 3609 3610
5 670 1169 2486 2922 3611
5 726 1938 2928 3123 3612
5 787 1957 3402 3613 3614
5 263 2320 3615 3616 3617
5 658 1874 2953 2965 3618
5 627 2065 3324 3619 3620
5 271 2324 3621 3622 3623
5 734 1806 2883 3133 3624
5 795 2077 3466 3625 3626
5 287 2336 3595 3627 3628
5 650 1937 2940 3122 3629
5 619 1969 3189 3630 3631
5 761 1081 2596 3116 3632
5 303 2276 3452 3633 3634
5 738 2050 3071 3208 3635
5 854 1829 3263 3636 3637
5 678 1325 2534 3065 3638
5 319 2220 3305 3639 3640
5 663 2105 3081 3234 3641
5 870 1689 3126 3642 3643
5 614 1489 2564 3076 3644
5 331 2288 3456 3642 3645
5 662 2049 3060 3207 3646
5 690 1837 3115 3639 3647
5 714 1253 2608 3202 3648
5 339 2224 3309 3509 3649
5 595 2104 3080 3217 3650
5 706 1693 2957 3506 3651
5 646 1425 2637 3213 3652
5 818 1581 2591 3334 3653
5 855 1893 3062 3654 3655
5 1105 1305 2763 3615 3656
5 822 1662 2671 3340 3657
5 871 2021 3220 3658 3659
5 1113 1193 2778 3621 3660
5 846 1646 2699 3249 3661
5 879 2125 3349 3662 3663
5 1025 1121 2925 3603 3664
5 858 1633 2677 3463 3665
5 934 1757 2904 3606 3666
5 1034 1469 2725 3542 3667
5 327 2340 3668 3669 3670
5 598 1797 2798 3278 3671
5 499 2093 3146 3545 3672
5 335 2344 3673 3674 3675
5 606 1645 2728 3248 3676
5 431 2181 3286 3630 3677
5 599 2225 3310 3524 3678
5 986 1070 2513 3043 3679
5 1101 1393 3044 3668 3680
5 623 2213 3315 3588 3681
5 1078 1162 2549 3087 3682
5 1109 1285 3089 3683 3684
5 471 2293 3448 3654 3685
5 994 1086 2582 2879 3686
5 1017 1225 2880 3535 3687
5 495 2277 3453 3688 3689
5 1094 1170 2614 2923 3690
5 631 2201 3386 3691 3692
5 1006 1326 2640 3066 3693
5 1117 1205 3068 3694 3695
5 511 2233 3319 3520 3696
5 834 1153 2576 3001 3697
5 1033 1385 3009 3541 3698
5 651 2189 3252 3377 3699
5 826 1161 2588 3086 3700
5 1038 1545 3095 3627 3701
5 459 2109 3155 3496 3702
5 519 2228 3369 3388 3703
5 622 1733 2804 3366 3704
5 954 1389 2932 3493 3705
5 447 2152 3172 3362 3706
5 455 2188 3251 3354 3707
5 630 1577 2773 3351 3708
5 798 1541 2788 3359 3709
5 863 2013 3083 3688 3710
5 974 1506 2620 3375 3711
5 1189 1365 2937 3712 3713
5 783 2117 3246 3691 3714
5 990 1334 2643 3231 3715
5 1197 1281 3057 3716 3717
5 799 2197 3380 3718 3719
5 998 1490 2720 3077 3720
5 942 1777 2817 3600 3721
5 1018 1625 2704 3536 3722
5 1102 1621 2854 3669 3723
5 407 2348 3683 3724 3725
5 419 2352 3694 3726 3727
5 359 2332 3591 3728 3729
5 351 2328 3586 3730 3731
5 802 1994 3092 3103 3732
5 771 1953 3272 3733 3734
5 882 1930 3006 3261 3735
5 935 1961 3410 3736 3737
5 886 1798 2833 3279 3738
5 951 2081 3364 3739 3740
5 383 2356 3712 3741 3742
5 806 1866 3047 3113 3743
5 779 2069 3332 3744 3745
5 391 2360 3746 3747 3748
5 814 1738 3025 3037 3749
5 703 2157 3470 3750 3751
5 894 1654 2865 3168 3752
5 875 2173 3490 3753 3754
5 411 2292 3447 3636 3755
5 739 2106 3218 3235 3756
5 862 1825 3106 3633 3757
5 766 1333 2680 3230 3758
5 423 2261 3422 3733 3759
5 803 2150 3244 3348 3760
5 1022 1705 3211 3730 3761
5 750 1497 2707 3240 3762
5 443 2232 3318 3502 3763
5 591 2149 3226 3347 3764
5 782 1701 2945 3499 3765
5 790 1433 2756 3344 3766
5 978 1586 2745 3478 3767
5 1023 2025 3227 3768 3769
5 1269 1349 2950 3746 3770
5 982 1734 2812 3367 3771
5 1039 2129 3356 3772 3773
5 1185 1277 2962 3673 3774
5 1014 1570 2850 3223 3775
5 955 2217 3483 3776 3777
5 1026 1785 2838 3604 3778
5 1110 1781 2979 3724 3779
5 1186 1629 2869 3674 3780
5 439 2368 3781 3782 3783
5 742 1661 2856 3339 3784
5 547 2185 3294 3619 3785
5 451 2372 3786 3787 3788
5 758 1574 2871 3198 3789
5 555 2245 3427 3744 3790
5 607 2289 3457 3658 3791
5 1002 1242 2663 2960 3792
5 743 2285 3461 3662 3793
5 1082 1250 2691 3118 3794
5 1265 1441 3120 3781 3795
5 775 2209 3394 3718 3796
5 1166 1254 2717 3203 3797
5 1273 1369 3205 3798 3799
5 615 2329 3587 3768 3800
5 1178 1258 2739 2776 3801
5 647 2273 3527 3802 3803
5 1182 1342 2759 2909 3804
5 567 2333 3592 3805 3806
5 791 2269 3522 3807 3808
5 1174 1418 2791 3055 3809
5 659 2230 3389 3482 3810
5 1106 1549 3074 3616 3811
5 807 2194 3393 3489 3812
5 1190 1709 3238 3741 3813
5 579 2193 3301 3488 3814
5 587 2229 3370 3481 3815
5 774 1585 2906 3477 3816
5 938 1553 2920 3485 3817
5 947 2121 3253 3802 3818
5 1134 1434 2762 3345 3819
5 1353 1437 3100 3820 3821
5 1031 2041 3170 3805 3822
5 1138 1554 2777 3486 3823
5 1361 1513 3111 3824 3825
5 939 2205 3390 3807 3826
5 1158 1426 2794 3214 3827
5 1118 1917 2994 3726 3828
5 1194 1718 2884 3623 3829
5 1266 1677 3017 3782 3830
5 531 2376 3798 3831 3832
5 539 2365 3717 3833 3834
5 467 2364 3716 3835 3836
5 483 2353 3695 3837 3838
5 958 1934 3158 3270 3839
5 943 2073 3417 3840 3841
5 1042 1870 2990 3401 3842
5 1103 2085 3511 3843 3844
5 1046 1998 3163 3409 3845
5 1111 1989 3498 3846 3847
5 1050 1742 2975 3296 3848
5 1035 2177 3504 3849 3850
5 507 2380 3820 3851 3852
5 962 1802 3176 3187 3853
5 859 2161 3476 3854 3855
5 515 2384 3824 3856 3857
5 906 1730 3019 3192 3858
5 687 2165 3444 3750 3859
5 970 1658 3016 3148 3860
5 867 2237 3608 3861 3862
5 930 1566 2986 3034 3863
5 695 2241 3565 3854 3864
5 535 2265 3431 3613 3865
5 727 2190 3355 3378 3866
5 946 1713 3063 3609 3867
5 898 1505 2819 3374 3868
5 543 2309 3556 3736 3869
5 883 2154 3363 3384 3870
5 1030 1849 3221 3728 3871
5 914 1430 2840 3275 3872
5 571 2301 3561 3840 3873
5 959 2110 3312 3497 3874
5 1198 1853 3350 3835 3875
5 922 1422 2826 3129 3876
5 1142 1578 2895 3352 3877
5 1107 2133 3371 3878 3879
5 1146 1702 2910 3500 3880
5 1191 2045 3298 3881 3882
5 1357 1449 3131 3786 3883
5 1150 1714 2924 3610 3884
5 1199 1921 3151 3833 3885
5 1358 1521 3035 3787 3886
5 1202 1850 3007 3729 3887
5 1274 1813 3141 3831 3888
5 1350 1602 3026 3748 3889
5 583 2388 3890 3891 3892
5 902 1582 2981 3335 3893
5 667 2257 3438 3625 3894
5 751 2337 3596 3772 3895
5 1098 1414 2807 2948 3896
5 759 2318 3599 3740 3897
5 899 2281 3531 3776 3898
5 1246 1330 2847 3098 3899
5 903 2254 3534 3754 3900
5 1074 1338 2862 3257 3901
5 1445 1517 3259 3890 3902
5 907 2258 3533 3626 3903
5 1362 1593 3277 3856 3904
5 767 2321 3656 3878 3905
5 1262 1346 2892 2935 3906
5 679 2357 3713 3881 3907
5 715 2325 3660 3908 3909
5 635 2305 3664 3910 3911
5 735 2234 3503 3521 3912
5 1114 1717 3084 3622 3913
5 815 2266 3530 3614 3914
5 1270 1601 3247 3747 3915
5 963 2186 3458 3620 3916
5 1354 1749 3381 3851 3917
5 1115 2145 3317 3908 3918
5 1298 1542 2936 3360 3919
5 1123 2098 3308 3911 3920
5 1302 1390 2949 3494 3921
5 1525 1589 3268 3922 3923
5 1207 1986 3164 3838 3924
5 1306 1550 2961 3617 3925
5 1446 1669 3185 3891 3926
5 1282 1854 3159 3836 3927
5 1366 1710 3048 3742 3928
5 1438 1750 3177 3852 3929
5 603 2377 3799 3930 3931
5 671 2381 3821 3932 3933
5 611 2349 3684 3846 3934
5 1126 1810 3140 3288 3935
5 1019 2169 3552 3936 3937
5 1130 1942 3283 3331 3938
5 1027 2097 3518 3910 3939
5 1047 2054 3303 3416 3940
5 1119 1985 3365 3837 3941
5 1210 1878 3150 3433 3942
5 1187 2101 3632 3943 3944
5 1214 1974 3169 3540 3945
5 1267 2005 3576 3946 3947
5 1131 2094 3307 3546 3948
5 1275 1885 3491 3930 3949
5 1066 1650 3137 3184 3950
5 851 2249 3583 3861 3951
5 655 2392 3922 3952 3953
5 1058 1666 3143 3322 3954
5 819 2253 3573 3753 3955
5 1090 1494 2972 3109 3956
5 719 2297 3687 3936 3957
5 675 2317 3568 3739 3958
5 887 2226 3510 3525 3959
5 1122 1786 3228 3605 3960
5 1054 1510 2996 3397 3961
5 683 2341 3680 3843 3962
5 1043 2142 3450 3517 3963
5 1206 1918 3357 3727 3964
5 1127 2182 3454 3631 3965
5 1370 1814 3479 3832 3966
5 1310 1694 3056 3507 3967
5 1271 2057 3429 3968 3969
5 1314 1826 3067 3634 3970
5 1355 1945 3291 3932 3971
5 1450 1522 3199 3788 3972
5 1318 1838 3078 3640 3973
5 1363 2001 3435 3974 3975
5 1322 1706 3088 3731 3976
5 1371 1886 3284 3931 3977
5 1514 1594 3193 3857 3978
5 731 2396 3979 3980 3981
5 1062 1634 3152 3464 3982
5 823 2286 3578 3663 3983
5 915 2314 3667 3850 3984
5 923 2342 3723 3844 3985
5 931 2310 3666 3737 3986
5 1055 2250 3598 3862 3987
5 1218 1502 3013 3266 3988
5 1059 2166 3532 3751 3989
5 1526 1673 3399 3952 3990
5 1063 2162 3459 3864 3991
5 1222 1474 3031 3405 3992
5 1597 1681 3407 3979 3993
5 1067 2246 3597 3745 3994
5 1518 1670 3336 3892 3995
5 827 2361 3770 3968 3996
5 835 2385 3825 3974 3997
5 763 2345 3774 3943 3998
5 895 2294 3637 3655 3999
5 1278 1630 3254 3675 4000
5 847 2290 3643 3659 4001
5 1226 1626 3171 3537 4002
5 971 2262 3593 3734 4003
5 1442 1678 3341 3783 4004
5 1279 2102 3446 3998 4005
5 1458 1538 3099 3514 4006
5 1227 2170 3455 3957 4007
5 1382 1462 3110 3413 4008
5 1287 1990 3304 3934 4009
5 1466 1546 3119 3628 4010
5 1590 1674 3323 3953 4011
5 1239 2074 3313 3873 4012
5 1386 1470 3130 3543 4013
5 1598 1745 3329 3980 4014
5 747 2369 3795 3946 4015
5 755 2389 3902 4016 4017
5 843 2393 3923 4018 4019
5 1290 1910 3290 3439 4020
5 1195 2146 3648 3909 4021
5 1215 2034 3419 3475 4022
5 1203 2042 3512 3806 4023
5 1294 1902 3424 3443 4024
5 1151 2122 3652 3803 4025
5 1211 2138 3445 3551 4026
5 1283 1922 3505 3834 4027
5 1374 1982 3297 3569 4028
5 1351 2058 3700 3996 4029
5 1378 1842 3224 3574 4030
5 1359 2061 3567 4031 4032
5 1291 2090 3316 3672 4033
5 1439 1946 3611 3933 4034
5 1295 1970 3250 3677 4035
5 1447 1949 3571 4016 4036
5 831 2313 3698 3849 4037
5 1230 1618 3181 3328 4038
5 975 2282 3705 3777 4039
5 811 2397 3993 4040 4041
5 1234 1766 3292 3468 4042
5 979 2210 3709 3719 4043
5 1051 2222 3584 3647 4044
5 1286 1782 3372 3725 4045
5 839 2338 3701 3773 4046
5 983 2214 3589 3651 4047
5 1238 1778 3299 3601 4048
5 1478 1690 3204 3645 4049
5 1443 2006 3420 4015 4050
5 1482 1698 3215 3649 4051
5 1451 2062 3554 4052 4053
5 1486 1830 3232 3755 4054
5 1519 1950 3425 4017 4055
5 1411 1954 3242 3759 4056
5 1527 1881 3442 4018 4057
5 891 2398 4014 4058 4059
5 1075 2298 3722 3937 4060
5 1083 2346 3780 3944 4061
5 1091 2302 3721 3841 4062
5 1099 2350 3779 3847 4063
5 1003 2370 3830 3947 4064
5 1219 2242 3665 3855 4065
5 1223 2238 3594 3951 4066
5 1231 2158 3528 3859 4067
5 1682 1746 3465 3981 4068
5 1235 2070 3391 3790 4069
5 1599 1817 3474 4040 4058
5 911 2373 3883 4031 4052
5 987 2374 3886 4032 4070
5 995 2390 3926 4036 4071
5 1015 2278 3710 3757 4072
5 1394 1622 3276 3670 4073
5 999 2330 3761 3769 4074
5 1395 2086 3451 3962 4075
5 1534 1610 3258 3549 4076
5 1387 2178 3585 4037 4077
5 1398 1614 3267 3473 4078
5 1407 1962 3382 3869 4079
5 1683 1818 3469 4041 4080
5 919 2386 3904 3975 4081
5 927 2394 3990 4057 4082
5 1011 2395 4011 4083 4084
5 1375 2038 3428 3579 4085
5 1367 2046 3638 3907 4086
5 1454 1906 3434 3471 4087
5 1307 2134 3758 3905 4088
5 1402 1770 3325 3441 4089
5 1139 2206 3766 3808 4090
5 1379 2030 3553 3582 4091
5 1323 2026 3644 3800 4092
5 1319 2010 3558 3572 4093
5 1315 2014 3577 3689 4094
5 1410 1890 3436 3563 4095
5 1147 2118 3692 3708 4096
5 1455 1978 3368 3702 4097
5 1515 2002 3697 3997 4098
5 1530 1846 3353 3706 4099
5 1523 2063 3679 4070 4100
5 1403 2066 3387 3785 4101
5 1591 1882 3581 4019 4083
5 991 2322 3811 3879 4102
5 1135 2270 3817 3826 4103
5 967 2399 4068 4080 4104
5 1406 1758 3398 3607 4105
5 1143 2202 3714 3765 4106
5 1007 2358 3813 3882 4107
5 1638 1834 3346 3763 4108
5 1595 2003 3559 4081 4109
5 1642 1726 3361 3707 4110
5 1603 2059 3682 4111 4112
5 1559 1958 3376 3865 4113
5 1675 1883 3564 4082 4084
5 1247 2306 3778 3939 4114
5 1255 2327 3829 4021 4115
5 1163 2363 3889 4029 4112
5 1263 2354 3828 3941 4116
5 1179 2378 3888 3949 4117
5 1183 2366 3875 3885 4118
5 1171 2383 3929 4034 4119
5 1383 2174 3653 3955 4120
5 1391 2219 3711 4039 4121
5 1399 2078 3519 3894 4122
5 1747 1819 3602 4059 4104
5 1071 2375 3972 4053 4100
5 1079 2362 3915 3969 4111
5 1155 2387 3978 4098 4109
5 1159 2274 3818 3867 4123
5 1175 2334 3822 3871 4124
5 1535 2082 3523 3958 4125
5 1547 2131 3590 4046 4126
5 1558 1762 3406 3580 4127
5 1551 2135 3715 4102 4128
5 1562 1774 3414 3570 4129
5 1087 2391 3995 4055 4130
5 1095 2382 3917 3971 4131
5 1531 1914 3550 3566 4132
5 1467 2130 3762 3895 4133
5 1303 2218 3868 3898 4134
5 1606 1794 3515 3575 4135
5 1471 2179 3872 3984 4136
5 1299 2198 3796 3816 4137
5 1483 2018 3671 3678 4138
5 1479 2022 3676 3791 4139
5 1311 2114 3681 3704 4140
5 1487 1894 3538 3685 4141
5 1563 1966 3480 3814 4142
5 1671 1951 3686 4071 4130
5 1607 1862 3501 3764 4143
5 1679 2007 3792 4064 4144
5 1686 1754 3508 3650 4145
5 1631 2103 3794 4061 4146
5 1167 2326 3913 3918 4147
5 1723 1858 3487 3815 4148
5 1751 1947 3690 4119 4131
5 1722 1790 3495 3703 4149
5 1711 2047 3693 4107 4150
5 1719 2147 3797 4115 4147
5 1419 2335 3887 4023 4151
5 1427 2275 3884 4025 4152
5 1327 2359 3928 4086 4150
5 1335 2323 3925 4088 4128
5 1435 2271 3823 4090 4153
5 1343 2367 3927 4027 4154
5 1347 2355 3924 3964 4155
5 1259 2379 3966 3977 4156
5 1539 2127 3657 3983 4157
5 1543 2199 3767 4043 4158
5 1555 2207 3819 4103 4153
5 1243 2371 4004 4050 4144
5 1251 2347 4000 4005 4146
5 1331 2307 3920 3960 4159
5 1691 2023 3661 4001 4160
5 1707 2027 3720 4074 4161
5 1639 1898 3544 3696 4162
5 1715 2123 3827 4123 4152
5 1459 2126 3784 3793 4163
5 1643 1926 3629 3699 4164
5 1611 2083 3789 3897 4165
5 1687 1822 3641 3646 4166
5 1623 2087 3876 3985 4167
5 1463 2175 3893 3900 4168
5 1475 2239 3961 3987 4169
5 1627 2171 3901 4060 4170
5 1727 1927 3612 3866 4171
5 1815 1887 3801 4117 4156
5 1755 1823 3635 3756 4172
5 1783 1991 3896 4063 4173
5 1787 2099 3899 4114 4159
5 1339 2299 4002 4007 4170
5 1791 1859 3618 3810 4174
5 1855 1923 3804 4118 4154
5 1835 1899 3624 3912 4175
5 1851 2043 3809 4124 4151
5 1491 2331 3976 4092 4161
5 1571 2279 3970 4094 4176
5 1579 2203 3880 4096 4177
5 1499 2339 4010 4126 4133
5 1507 2283 3921 4121 4134
5 1431 2315 4013 4077 4136
5 1587 2211 3919 4137 4158
5 1415 2351 4009 4045 4173
5 1495 2303 4012 4048 4178
5 1695 2115 3771 4047 4179
5 1699 2019 3738 3959 4180
5 1703 2119 3877 4106 4177
5 1423 2343 4073 4075 4167
5 1503 2243 3982 3991 4181
5 1827 2015 3775 4072 4176
5 1831 1895 3752 3999 4182
5 1615 2079 3858 3903 4183
5 1795 1863 3732 3760 4184
5 1759 1963 3863 3986 4185
5 1775 1967 3743 3812 4186
5 1763 1959 3749 3914 4187
5 1779 2075 3956 4062 4178
5 1619 2159 3954 3989 4188
5 1635 2163 3988 4065 4181
5 1511 2251 3992 4066 4169
5 1919 1987 3906 4116 4155
5 1847 1915 3735 3870 4189
5 1647 2291 4049 4139 4160
5 1655 2295 4054 4141 4182
5 1735 2215 3967 4140 4179
5 1743 2223 3973 4093 4190
5 1659 2263 4056 4095 4191
5 1663 2287 4006 4157 4163
5 1575 2319 4076 4125 4165
5 1583 2255 4008 4120 4168
5 1567 2311 4079 4105 4185
5 1651 2247 4042 4069 4192
5 1839 2011 3848 4044 4190
5 1843 2031 3842 3963 4193
5 1667 2167 4038 4067 4188
5 1891 1955 3860 4003 4191
5 1767 2071 3950 3994 4192
5 1771 2067 3853 3916 4194
5 1907 1979 3839 3874 4195
5 1983 2039 3845 3940 4196
5 1799 2227 4051 4138 4180
5 1807 2235 4108 4162 4175
5 1739 2267 4113 4127 4187
5 1871 2143 4030 4091 4193
5 1811 2183 4024 4035 4197
5 1879 2139 3945 4022 4198
5 1803 2187 4089 4101 4194
5 1731 2259 4078 4122 4183
5 1903 1971 3935 3965 4197
5 1975 2035 3942 4026 4198
5 1911 2091 3938 3948 4199
5 1931 2155 4099 4132 4189
5 1939 2191 4110 4164 4171
5 1867 2195 4129 4142 4186
5 1875 2231 4148 4149 4174
5 1935 2111 4087 4097 4195
5 1999 2055 4028 4085 4196
5 1943 2095 4020 4033 4199
5 1995 2151 4135 4143 4184
5 2051 2107 4145 4166 4172
