# Generated using Miratope v0.5.0 (https://github.com/galoomba1/miratope-rs)
4OFF

# Vertices, Faces, Edges, Cells
120 4920 1200 1320

# Vertices
0.809016994375 0 0.3090169943749 0.5 
0.809016994375 -0 0.3090169943749 -0.5 
0.809016994375 0.5 0 -0.3090169943749 
0.5 -0.8090169943749 0.3090169943749 0 
0.5 0.5 -0.5 0.5 
0.309016994375 -0.8090169943749 0 0.5 
0.309016994375 0 -0.5 0.8090169943749 
0.809016994375 0.5 0 0.3090169943749 
0.5 0.5 -0.5 -0.5 
0.309016994375 -0.8090169943749 0 -0.5 
0.309016994375 0 -0.5 -0.8090169943749 
0.809016994375 -0.3090169943749 0.5 -0 
0.5 -0.3090169943749 0 -0.8090169943749 
0.309016994375 0.5 -0.8090169943749 0 
0.5 -0.3090169943749 0 0.8090169943749 
0 -0.8090169943749 -0.5 0.3090169943749 
0 -0.809016994375 -0.5 -0.3090169943749 
0 -0.3090169943749 -0.8090169943749 0.5 
0 0 -1 0 
0 -0.3090169943749 -0.8090169943749 -0.5 
0.809016994375 -0.5 0 -0.3090169943749 
0.5 0.8090169943749 0.3090169943749 0 
0.309016994375 0.8090169943749 0 0.5 
0.5 -0.5 -0.5 0.5 
0.809016994375 -0.5 0 0.3090169943749 
0.309016994375 0.8090169943749 0 -0.5 
0.5 -0.5 -0.5 -0.5 
0.809016994375 0.3090169943749 0.5 -0 
0.5 0.3090169943749 0 -0.8090169943749 
0.309016994375 -0.5 -0.8090169943749 0 
0.5 0.3090169943749 0 0.8090169943749 
0 0.8090169943749 -0.5 0.3090169943749 
0 0.809016994375 -0.5 -0.3090169943749 
0 0.3090169943749 -0.8090169943749 0.5 
0 0.3090169943749 -0.8090169943749 -0.5 
0.809016994375 0.3090169943749 -0.5 0 
0.5 0 0.8090169943749 -0.3090169943749 
0.309016994375 -0.5 0.8090169943749 0 
0.809016994375 0 -0.3090169943749 0.5 
0.309016994375 0 0.5 -0.8090169943749 
0.5 0 -0.8090169943749 -0.3090169943749 
0.5 -0.5 0.5 0.5 
0 -0.8090169943749 0.5 -0.3090169943749 
0 -0.5 0.3090169943749 -0.8090169943749 
0 -1 0 0 
0 -0.5 -0.3090169943749 -0.8090169943749 
0.5 0 0.8090169943749 0.3090169943749 
0.809016994375 0 -0.3090169943749 -0.5 
0.309016994375 0 0.5 0.8090169943749 
0.5 -0 -0.8090169943749 0.3090169943749 
0.5 -0.5 0.5 -0.5 
0 -0.5 0.3090169943749 0.8090169943749 
0 -0.8090169943749 0.5 0.3090169943749 
0 -0.5 -0.3090169943749 0.8090169943749 
0.809016994375 -0.3090169943749 -0.5 0 
0.309016994375 0.5 0.8090169943749 0 
0.5 0.5 0.5 0.5 
0 0.8090169943749 0.5 -0.3090169943749 
0 0.5 0.3090169943749 -0.8090169943749 
0 1 0 0 
0 0.5 -0.3090169943749 -0.8090169943749 
0.5 -0.8090169943749 -0.3090169943749 0 
0.5 0.8090169943749 -0.3090169943749 0 
0 0 0 1 
0 0.5 -0.3090169943749 0.8090169943749 
0.5 0.5 0.5 -0.5 
0 0.5 0.3090169943749 0.8090169943749 
0 0.8090169943749 0.5 0.3090169943749 
0 0.3090169943749 0.8090169943749 -0.5 
0 -0.3090169943749 0.809016994375 -0.5 
0 0 0 -1 
0 -0.3090169943749 0.809016994375 0.5 
0 0 1 0 
0 0.3090169943749 0.8090169943749 0.5 
-0.5 0 0.809016994375 0.3090169943749 
-0.5 0 0.809016994375 -0.3090169943749 
-0.5 0.5 0.5 0.5 
-0.5 0.809016994375 0.309016994375 0 
-0.5 0.5 0.5 -0.5 
1 -0 -0 0 
-0.3090169943749 0.5 0.809016994375 0 
-0.3090169943749 0.809016994375 0 0.5 
-0.3090169943749 0.809016994375 0 -0.5 
-0.3090169943749 -0.5 0.809016994375 0 
-0.3090169943749 0 0.5 -0.8090169943749 
-0.3090169943749 0 0.5 0.8090169943749 
-0.5 -0.5 0.5 0.5 
-0.5 -0.809016994375 0.309016994375 0 
-0.5 -0.5 0.5 -0.5 
-0.3090169943749 -0.809016994375 0 0.5 
-0.3090169943749 -0.809016994375 0 -0.5 
-0.5 0.809016994375 -0.3090169943749 0 
-0.5 0.309016994375 0 0.809016994375 
-0.5 0.5 -0.5 0.5 
-0.3090169943749 0.5 -0.809016994375 0 
-0.3090169943749 0 -0.5 0.809016994375 
-0.5 0.309016994375 0 -0.809016994375 
-0.5 0.5 -0.5 -0.5 
-0.3090169943749 0 -0.5 -0.809016994375 
-0.5 -0.309016994375 0 0.809016994375 
-0.5 -0.809016994375 -0.3090169943749 0 
-0.5 -0.5 -0.5 0.5 
-0.3090169943749 -0.5 -0.809016994375 0 
-0.5 -0.309016994375 0 -0.809016994375 
-0.5 -0.5 -0.5 -0.5 
-0.5 0 -0.809016994375 0.309016994375 
-0.8090169943749 -0.309016994375 0.5 0 
-0.8090169943749 0 0.309016994375 0.5 
-0.8090169943749 0.309016994375 0.5 0 
-0.5 0 -0.809016994375 -0.309016994375 
-0.8090169943749 0 0.309016994375 -0.5 
-0.8090169943749 0.5 0 0.309016994375 
-0.8090169943749 0.5 0 -0.309016994375 
-0.8090169943749 -0.5 0 0.309016994375 
-0.8090169943749 -0.5 0 -0.309016994375 
-0.8090169943749 0 -0.309016994375 0.5 
-0.8090169943749 0.309016994375 -0.5 0 
-0.8090169943749 0 -0.309016994375 -0.5 
-0.8090169943749 -0.309016994375 -0.5 0 
-1 0 0 0 

# Faces
5 1 0 2 11 7
3 0 3 1
3 2 4 0
5 14 3 0 5 11
5 0 6 7 14 4
3 5 6 0
3 7 8 1
5 1 9 11 12 3
5 12 8 1 10 2
3 1 10 9
3 11 12 2
5 4 8 7 13 2
3 2 10 13
3 11 14 7
3 7 13 6
3 11 9 5
3 3 15 14
3 12 16 3
5 5 16 3 15 9
3 8 18 4
3 14 17 4
5 4 18 6 13 17
3 8 19 12
5 8 18 10 13 19
5 6 15 14 17 5
3 17 16 5
5 16 10 9 19 12
3 15 19 9
3 15 18 6
3 13 17 19
3 10 18 16
5 17 19 15 18 16
5 1 24 27 20 0
3 0 1 21
3 20 23 0
5 21 30 27 22 0
3 0 6 22
5 24 6 0 23 30
3 1 26 24
5 28 21 1 25 27
3 10 25 1
5 1 10 20 28 26
3 20 27 28
5 23 26 24 29 20
3 10 29 20
3 24 27 30
3 6 29 24
3 27 22 25
3 21 31 30
3 21 28 32
5 21 32 22 25 31
3 30 23 33
5 30 31 6 22 33
3 22 32 33
3 23 26 18
5 23 18 6 29 33
3 28 34 26
5 10 32 28 34 25
3 31 34 25
5 10 18 26 34 29
3 6 31 18
3 10 18 32
3 33 34 29
5 34 33 32 18 31
5 2 38 27 35 0
3 0 36 2
3 23 35 0
5 36 0 37 27 41
3 5 37 0
5 38 5 0 23 41
5 27 39 2 36 28
3 2 40 38
3 2 10 39
5 2 40 28 35 10
3 27 28 35
5 35 23 40 38 29
3 10 35 29
3 36 42 41
3 36 28 43
5 42 39 37 43 36
3 27 38 41
3 27 39 37
3 38 5 29
3 23 44 41
5 37 44 41 42 5
3 44 43 37
3 40 16 23
5 44 29 5 16 23
3 28 40 45
5 28 45 39 10 43
3 16 42 5
3 42 45 39
5 40 16 10 29 45
3 16 43 10
3 44 45 29
5 44 45 42 16 43
5 7 47 27 35 1
3 1 7 46
3 1 35 26
5 1 37 27 50 46
3 1 37 9
5 50 26 1 9 47
5 30 46 7 48 27
3 47 49 7
3 7 48 6
5 7 6 35 30 49
3 27 30 35
5 35 29 47 49 26
3 29 6 35
3 27 50 47
3 37 48 27
3 46 50 52
3 46 51 30
5 51 37 48 52 46
3 47 29 9
5 37 44 50 52 9
3 37 44 51
3 50 44 26
3 30 53 49
5 30 51 6 48 53
3 26 49 15
5 44 26 15 9 29
3 48 52 53
3 9 15 52
5 49 15 6 29 53
3 15 51 6
3 44 53 29
5 51 15 52 53 44
3 0 36 20
5 20 38 11 54 0
5 0 55 11 56 36
3 0 4 54
3 22 55 0
5 0 22 38 56 4
5 20 39 11 12 36
3 38 40 20
3 10 20 39
5 10 54 12 40 20
3 11 56 38
3 11 54 12
3 11 39 55
3 56 57 36
3 36 58 12
5 39 57 36 58 55
3 22 13 38
5 40 4 54 13 38
3 13 54 10
3 56 4 59
5 22 57 56 59 55
3 55 59 58
3 40 32 4
5 22 32 4 59 13
3 22 57 32
3 12 40 60
5 58 10 39 60 12
3 39 60 57
5 13 60 40 32 10
3 59 60 13
3 10 58 32
5 57 32 58 59 60
5 20 2 11 47 27
3 40 20 2
3 2 56 11
5 27 62 56 2 22
3 13 2 22
5 2 40 62 47 13
3 27 41 20
5 5 20 41 61 11
3 29 5 20
5 47 29 20 40 61
3 11 61 47
5 27 41 56 11 48
3 5 48 11
3 27 62 47
3 27 22 48
3 29 13 47
3 41 63 56
3 62 64 56
5 63 22 48 64 56
3 61 53 41
5 48 5 63 41 53
5 22 13 64 62 33
3 22 63 33
3 62 40 33
5 53 29 5 17 61
3 5 63 17
3 61 17 40
3 48 53 64
5 33 29 13 17 40
3 17 64 13
3 29 53 33
5 53 33 63 17 64
3 24 46 1
5 54 1 24 47 11
5 1 55 11 65 46
3 8 54 1
3 1 25 55
5 1 25 47 65 8
3 11 14 54
3 11 47 65
3 11 55 48
5 11 48 24 46 14
3 49 24 47
3 24 48 6
5 14 49 24 6 54
3 46 65 67
3 46 66 14
5 48 67 46 66 55
5 47 13 54 8 49
3 13 54 6
3 47 25 13
5 59 65 67 25 55
3 55 59 66
3 8 59 65
3 49 31 8
5 59 8 31 25 13
3 14 49 64
5 48 64 14 66 6
3 25 31 67
3 64 67 48
5 6 13 64 49 31
3 6 31 66
3 13 64 59
5 66 59 64 67 31
5 7 54 0 35 24
3 21 35 0
3 0 3 54
5 0 55 7 46 21
3 0 55 37
5 0 37 24 46 3
3 46 7 24
3 8 7 54
3 55 25 7
5 35 25 7 8 21
3 26 24 35
3 37 24 9
5 26 3 54 9 24
3 10 25 35
5 35 10 54 8 26
3 46 21 68
3 46 69 3
5 37 68 46 69 55
3 9 54 10
3 21 8 58
5 58 21 68 25 55
3 58 69 55
3 26 43 3
5 3 43 37 9 69
3 37 43 68
3 8 26 70
5 10 58 8 70 25
3 68 70 25
5 10 43 26 70 9
3 69 70 9
5 43 58 69 70 68
3 43 58 10
5 11 38 27 24 7
3 11 7 65
3 49 7 24
5 25 7 65 62 27
3 13 7 25
5 13 38 62 49 7
3 38 61 11
5 39 11 65 50 27
5 11 9 24 50 61
3 9 39 11
3 24 50 27
3 29 9 24
5 24 29 38 61 49
3 27 62 38
3 25 39 27
3 29 13 38
3 50 70 65
3 65 60 62
5 25 39 60 65 70
3 50 45 61
5 45 50 70 9 39
3 49 34 62
5 34 62 60 13 25
3 34 70 25
3 61 19 49
5 19 61 45 29 9
3 45 60 39
3 9 70 19
5 29 13 19 49 34
3 19 60 13
3 34 45 29
5 70 34 45 60 19
5 2 54 7 47 38
3 38 56 2
3 12 54 2
5 2 55 7 65 56
3 39 2 55
5 47 39 2 12 65
3 7 54 14
3 47 7 65
3 48 7 55
5 7 14 56 38 48
3 61 38 47
5 38 61 14 54 5
3 5 38 48
3 9 54 5
5 54 9 47 61 12
3 9 47 39
3 65 72 56
3 14 71 56
5 56 72 48 55 71
5 39 72 65 69 55
3 55 69 71
3 65 69 12
3 14 52 61
5 14 52 48 5 71
5 5 42 61 52 9
3 5 71 42
3 12 42 61
5 39 9 69 12 42
3 48 72 52
3 42 72 39
3 9 52 69
5 71 42 72 52 69
5 35 20 2 54 1
3 1 21 35
3 1 54 3
5 21 36 2 55 1
3 1 55 37
5 3 36 20 37 1
3 2 20 36
3 4 54 2
3 22 2 55
5 21 4 2 22 35
3 23 20 35
3 5 37 20
5 3 23 20 5 54
3 22 35 6
5 35 6 54 4 23
3 36 73 21
3 3 71 36
5 55 71 36 73 37
3 6 54 5
3 4 66 21
5 22 73 21 66 55
3 55 66 71
3 23 51 3
5 5 37 51 3 71
3 37 73 51
3 23 63 4
5 66 6 22 63 4
3 63 73 22
5 6 51 23 63 5
3 5 71 63
5 71 63 73 51 66
3 6 51 66
5 24 35 20 38 47
3 28 35 20
3 38 41 20
5 24 37 20 41 50
3 39 20 37
5 20 39 47 50 28
3 24 35 30
3 47 24 50
3 37 24 48
5 30 41 38 48 24
5 22 35 30 62 38
3 25 35 22
5 47 25 35 28 62
3 62 47 38
3 38 48 22
3 47 39 25
3 41 72 50
3 41 73 30
5 48 37 73 41 72
3 68 73 37
5 39 37 68 50 72
3 50 68 28
3 62 67 30
5 48 22 73 30 67
5 22 25 67 62 57
3 57 73 22
3 62 28 57
5 68 25 39 57 28
3 25 68 67
5 68 67 72 57 73
3 48 72 67
3 39 57 72
3 0 1 37
3 0 2 22
5 48 37 0 71 11
5 7 66 0 22 48
3 71 0 66
3 1 7 25
5 37 1 69 11 39
5 1 58 2 39 25
3 69 58 1
3 2 39 11
5 25 7 59 2 22
3 58 2 59
3 7 48 11
3 66 7 59
3 69 11 71
3 48 74 37
3 37 75 39
5 69 74 37 75 71
3 25 77 22
3 22 76 48
5 59 76 22 77 66
3 25 78 39
5 59 78 25 77 58
5 74 66 71 76 48
5 75 58 69 78 39
3 76 75 71
3 74 78 69
3 66 77 74
3 76 78 59
3 75 77 58
5 75 77 74 78 76
3 0 1 35
5 36 0 1 46 79
5 4 79 30 35 0
3 36 0 73
3 4 66 0
5 66 46 30 73 0
5 1 35 28 79 8
3 46 68 1
3 1 58 8
5 28 36 58 1 68
3 31 35 30
3 28 35 32
5 8 31 35 32 4
3 28 79 36
5 46 80 36 73 68
3 58 80 36
3 30 79 46
3 46 66 80
3 4 8 79
5 66 31 30 81 4
3 32 81 4
3 30 81 73
5 28 82 8 58 32
3 8 82 31
3 28 82 68
3 73 77 68
5 77 73 81 80 66
5 77 68 82 80 58
3 66 77 31
3 32 77 58
3 81 82 80
5 31 82 81 32 77
3 0 20 2
5 0 21 79 56 2
5 3 0 20 41 79
3 21 0 73
3 0 71 3
5 56 41 73 0 71
5 2 20 28 79 12
3 56 57 2
3 12 58 2
5 28 57 2 58 21
3 41 20 42
3 28 43 20
5 12 42 20 43 3
3 21 79 28
5 21 80 56 57 73
3 58 21 80
3 56 79 41
3 3 12 79
3 56 80 71
5 3 71 42 41 83
3 43 83 3
3 41 83 73
3 57 84 28
5 28 84 12 58 43
3 42 84 12
3 73 75 57
5 71 80 83 73 75
3 71 75 42
5 58 75 57 84 80
3 58 43 75
5 42 75 43 83 84
3 83 84 80
3 7 24 1
5 7 65 79 21 1
5 1 3 79 50 24
3 21 1 68
3 3 1 69
5 65 50 68 1 69
5 14 79 30 24 7
3 65 7 67
3 7 66 14
5 30 67 7 66 21
3 50 24 52
3 30 51 24
5 14 52 24 51 3
3 21 79 30
5 21 80 65 67 68
3 21 80 66
3 3 14 79
3 65 79 50
5 3 83 50 52 69
3 3 83 51
3 65 69 80
3 50 68 83
3 30 67 85
5 30 85 14 66 51
3 14 85 52
3 68 67 74
5 69 80 83 68 74
3 69 74 52
3 66 74 51
5 67 74 66 80 85
5 52 74 51 83 85
3 80 85 83
5 36 2 11 65 79
3 2 38 11
3 36 57 2
5 4 2 38 62 79
3 4 2 59
5 65 62 57 2 59
5 41 79 14 11 38
3 65 72 11
3 14 71 11
5 41 72 11 71 36
3 36 41 79
3 36 71 80
5 36 80 65 72 57
3 38 63 41
3 64 38 62
5 14 4 63 38 64
3 62 79 65
3 4 79 14
3 65 80 59
3 72 85 41
5 41 85 14 71 63
5 4 81 62 64 59
3 63 81 4
3 57 81 62
3 14 64 85
5 85 80 71 76 72
3 71 63 76
3 57 76 72
5 76 57 81 80 59
3 59 64 76
3 80 85 81
5 81 85 64 76 63
5 11 56 79 46 7
3 7 11 47
3 46 67 7
5 47 7 8 79 62
3 8 7 59
5 56 62 67 7 59
5 12 79 50 47 11
3 56 11 72
3 11 69 12
5 69 46 50 72 11
3 46 79 50
3 69 80 46
5 56 80 46 67 72
3 62 79 56
3 8 79 12
3 50 70 47
3 47 60 62
5 12 60 47 70 8
3 59 80 56
3 72 84 50
5 70 69 12 84 50
5 59 8 82 62 60
3 70 82 8
3 62 67 82
3 60 84 12
3 72 78 67
5 84 72 78 69 80
3 69 70 78
5 59 80 82 67 78
3 59 60 78
3 80 82 84
5 60 78 70 82 84
5 65 56 36 21 46
3 28 36 21
3 36 56 41
5 50 41 36 3 46
3 3 36 12
5 36 28 50 65 12
3 30 21 46
3 14 46 3
3 50 65 46
5 41 30 46 14 56
5 4 21 30 62 56
3 8 21 4
5 8 21 28 62 65
3 62 65 56
3 14 56 4
5 41 23 3 14 61
3 23 3 26
5 12 61 50 26 3
3 12 65 8
3 61 50 41
3 23 30 41
5 8 49 62 40 4
5 23 4 14 49 30
3 23 4 40
3 26 28 50
3 49 62 30
5 8 26 28 40 12
3 49 8 26
5 40 23 26 49 61
3 40 62 28
3 49 14 61
3 40 12 61
3 0 1 55
3 0 20 5
5 27 73 0 55 48
5 48 5 0 51 24
3 73 0 51
3 1 9 24
5 39 27 68 1 55
5 20 39 9 1 43
3 68 43 1
3 20 39 27
5 5 9 24 44 20
3 43 44 20
3 27 48 24
3 44 24 51
3 73 68 27
3 48 55 74
3 55 75 39
5 73 75 55 74 68
3 48 86 5
3 5 9 87
5 51 87 5 86 44
5 74 51 73 86 48
3 75 86 73
3 39 9 88
5 39 88 68 43 75
5 88 44 43 87 9
3 68 74 88
3 51 87 74
3 86 88 44
3 75 87 43
5 75 87 74 88 86
3 0 54 1
3 36 71 0
5 0 54 14 79 23
3 23 0 51
5 46 14 71 0 51
3 46 69 1
5 26 79 12 54 1
3 26 43 1
5 36 12 69 1 43
3 36 12 79
5 69 46 83 36 71
3 43 36 83
3 46 14 79
3 51 46 83
3 14 54 15
3 12 54 16
5 23 26 15 54 16
3 23 26 79
5 14 89 23 51 15
3 16 89 23
3 71 89 14
3 69 90 12
5 12 16 43 26 90
3 15 90 26
3 71 87 69
5 51 83 89 71 87
5 43 87 69 90 83
3 51 87 15
3 16 87 43
3 89 90 83
5 90 89 16 87 15
5 27 50 79 36 20
3 42 20 36
3 27 38 20
5 20 38 61 79 23
3 20 44 23
5 44 20 42 61 50
3 56 79 36
5 56 36 73 27 72
3 36 83 73
5 36 83 50 72 42
5 38 27 30 79 56
3 50 72 27
3 27 73 30
3 56 38 63
3 61 53 38
5 30 53 38 63 23
3 50 79 61
3 30 23 79
3 72 56 85
5 63 56 85 30 73
3 50 83 44
3 30 85 53
5 23 89 61 53 44
3 23 89 63
3 73 86 63
5 73 86 72 85 83
3 42 89 61
3 72 86 42
5 89 42 86 44 83
3 44 53 86
5 53 86 63 89 85
3 83 89 85
5 27 24 46 79 41
3 27 47 24
3 46 52 24
5 61 79 26 24 47
3 26 44 24
5 41 44 24 52 61
5 28 79 65 47 27
3 41 72 27
3 27 68 28
5 46 65 72 27 68
3 46 65 79
3 68 46 83
5 46 83 41 72 52
3 61 79 41
3 26 79 28
3 65 70 47
3 61 47 45
5 28 26 70 47 45
3 72 84 65
5 68 70 65 84 28
3 41 44 83
3 45 84 28
5 45 44 26 90 61
3 26 70 90
3 61 90 52
5 83 68 88 72 84
3 70 88 68
3 72 88 52
5 88 52 90 83 44
3 44 45 88
3 83 90 84
5 70 88 45 84 90
3 0 2 55
3 0 6 35
3 73 63 0
5 6 0 63 38 48
3 2 13 38
5 25 55 2 57 27
5 13 2 32 35 25
3 57 2 32
3 25 35 27
5 13 6 35 33 38
3 32 35 33
3 38 48 27
3 57 27 73
3 33 38 63
3 25 77 55
3 48 76 55
5 57 73 77 55 76
3 25 13 91
5 32 77 25 91 57
5 73 92 48 76 63
3 73 92 77
3 6 92 48
3 6 93 13
5 33 92 6 93 63
5 32 93 13 91 33
3 57 76 91
3 63 93 76
3 33 91 92
3 77 93 32
5 92 91 76 93 77
3 2 54 0
3 21 66 0
3 23 63 0
5 66 14 56 63 0
5 40 79 8 54 2
3 59 2 56
3 40 32 2
5 8 21 32 2 59
3 8 18 54
3 14 17 54
5 23 40 17 54 18
3 21 79 8
5 21 66 59 56 81
3 21 81 32
3 56 79 14
3 40 79 23
3 56 81 63
3 8 59 94
5 8 18 32 40 94
5 14 95 23 63 17
3 23 95 18
3 66 95 14
3 17 94 40
3 66 93 59
5 95 81 63 93 66
5 94 81 32 93 59
3 63 93 17
3 18 93 32
3 95 94 81
5 17 94 95 18 93
3 24 35 27
5 23 79 49 24 35
3 46 24 51
3 49 53 24
5 41 23 51 24 53
5 27 35 21 79 62
3 21 35 31
3 23 35 33
5 33 35 31 49 62
3 41 73 27
3 62 67 27
5 46 21 73 27 67
3 46 79 21
3 67 46 85
5 73 51 46 85 41
3 73 21 81
5 62 67 31 21 81
3 41 79 23
3 49 79 62
3 41 85 53
3 23 51 95
5 33 53 49 95 23
3 62 81 33
3 73 92 51
5 73 92 67 85 81
3 49 95 31
3 67 92 31
5 51 95 85 53 92
5 95 31 92 33 81
3 53 92 33
3 81 85 95
3 27 47 38
3 30 67 27
3 28 27 57
5 56 65 67 27 57
5 47 38 40 79 49
3 56 64 38
3 38 33 40
5 30 33 38 64 49
3 56 65 79
3 30 79 49
3 28 40 79
3 65 60 47
3 47 34 49
5 28 40 60 47 34
3 57 81 56
5 64 56 81 30 67
3 67 82 65
5 28 57 60 65 82
3 33 81 30
3 34 82 28
5 34 49 94 40 33
3 60 94 40
3 49 64 94
3 57 60 91
5 81 57 91 67 82
3 64 91 67
5 91 64 94 81 33
3 33 34 91
5 82 94 60 91 34
3 82 94 81
3 1 7 55
3 1 35 10
3 68 70 1
5 1 70 47 39 10
3 13 47 7
5 55 22 27 67 7
5 22 13 7 31 35
3 31 7 67
3 27 22 35
5 10 13 47 34 35
3 34 35 31
3 27 47 39
3 68 27 67
3 70 47 34
3 22 55 77
3 39 78 55
5 67 78 55 77 68
3 13 91 22
5 67 91 22 77 31
3 10 96 39
5 39 78 70 68 96
3 68 96 77
3 10 97 13
5 31 97 13 91 34
5 34 96 10 97 70
3 67 78 91
3 77 97 31
3 78 97 70
3 34 91 96
5 91 96 77 97 78
3 1 7 54
3 21 1 58
3 26 70 1
5 12 65 70 1 58
5 7 54 4 79 49
3 65 7 59
3 7 31 49
5 31 7 59 4 21
3 18 54 4
3 12 19 54
5 18 54 19 49 26
3 4 21 79
5 65 59 58 21 82
3 31 21 82
3 12 79 65
3 49 79 26
3 70 65 82
3 4 94 59
5 18 4 94 49 31
3 12 98 58
5 19 70 26 98 12
3 26 98 18
3 49 19 94
3 59 58 97
5 59 97 31 82 94
5 70 82 98 58 97
3 31 97 18
3 70 97 19
3 82 98 94
5 18 97 19 94 98
3 27 35 20
5 20 35 26 79 40
3 36 20 43
3 40 20 45
5 43 26 50 45 20
3 21 35 32
3 34 35 26
5 40 32 35 34 62
3 21 79 36
5 57 27 68 21 36
3 36 84 57
5 43 36 84 50 68
3 27 68 50
3 62 57 27
3 21 82 68
5 57 32 21 82 62
3 50 79 26
3 62 40 79
3 45 84 50
3 34 82 62
3 26 98 43
5 34 45 40 98 26
3 40 98 32
3 68 96 43
5 82 84 57 96 68
3 32 96 57
5 84 98 43 96 45
5 82 34 96 32 98
3 34 96 45
3 84 98 82
3 20 37 0
3 6 54 0
3 63 0 71
3 20 38 29
5 9 37 20 42 11
5 9 29 20 16 54
3 16 20 42
3 38 48 11
3 11 9 54
3 71 11 42
5 29 6 54 17 38
3 63 38 17
3 16 54 17
3 37 86 48
3 37 87 9
5 71 87 37 86 42
3 6 99 48
5 48 99 71 63 86
3 9 100 29
5 42 100 9 87 16
3 6 29 101
5 63 101 6 99 17
3 71 99 87
5 17 100 29 101 16
3 42 100 86
3 86 101 63
3 17 99 100
3 16 101 87
5 86 100 99 87 101
3 20 35 0
3 0 51 3
3 4 63 0
5 63 0 51 30 41
3 41 20 44
3 16 20 40
5 3 26 44 20 16
3 33 35 30
3 26 35 18
5 4 40 33 35 18
3 3 79 26
3 30 79 41
3 40 79 4
5 44 51 3 89 41
3 16 3 89
3 41 89 63
5 63 33 30 95 4
3 18 4 95
3 51 95 30
3 44 102 26
5 18 26 102 40 16
3 40 102 33
3 51 101 44
5 63 89 95 51 101
5 102 89 16 101 44
3 63 33 101
5 33 101 18 95 102
3 18 101 16
3 95 102 89
3 11 54 7
3 46 66 7
3 49 7 64
5 66 4 56 64 7
5 11 61 79 3 54
3 56 11 71
3 61 11 52
5 46 52 11 71 3
3 46 3 79
5 56 71 66 46 85
3 52 85 46
3 3 54 15
3 4 17 54
5 17 54 15 49 61
3 4 56 79
3 61 79 49
3 56 85 64
3 3 89 71
5 15 3 89 61 52
3 66 95 4
5 17 4 95 49 64
3 17 89 61
3 71 66 99
5 52 99 71 89 85
3 49 95 15
5 66 95 85 64 99
3 52 15 99
3 64 99 17
5 99 15 95 89 17
3 85 95 89
3 38 47 11
3 11 52 14
3 12 42 11
5 42 11 52 50 41
3 41 38 53
3 40 38 17
5 17 38 53 49 14
3 50 79 41
3 49 79 14
3 40 79 12
3 47 45 50
3 49 47 19
5 19 47 45 40 12
3 41 89 42
5 53 41 89 14 52
3 52 50 90
5 45 50 90 12 42
3 14 17 89
3 12 19 90
5 17 19 49 102 40
3 45 102 40
3 53 102 49
3 42 100 45
5 89 90 52 100 42
3 52 53 100
5 17 89 102 53 100
3 17 100 19
5 90 102 45 100 19
3 89 102 90
3 2 20 10
3 11 2 55
5 10 25 47 60 2
3 57 2 60
3 27 20 37
5 9 47 45 20 10
3 45 20 42
3 11 47 9
5 55 37 27 72 11
3 72 11 42
3 27 47 25
3 57 27 72
3 60 47 45
3 55 75 37
3 25 78 55
5 72 57 75 55 78
3 9 37 88
5 72 88 37 75 42
3 10 25 96
5 57 96 25 78 60
3 9 10 103
5 42 103 9 88 45
3 78 88 72
5 45 96 10 103 60
3 57 96 75
3 42 75 103
3 60 103 78
3 88 96 45
5 88 96 75 103 78
3 2 54 11
3 2 58 36
3 40 2 60
5 8 58 2 60 65
3 65 69 11
3 61 11 42
5 69 11 42 36 3
3 36 3 79
5 58 69 65 84 36
3 42 36 84
3 16 54 3
3 19 54 8
5 61 40 16 54 19
3 65 79 8
3 40 79 61
3 69 3 90
5 3 90 61 42 16
3 60 65 84
3 8 98 58
5 40 98 8 19 60
3 19 90 61
3 40 98 16
3 69 103 58
5 69 103 42 84 90
5 58 103 60 84 98
3 42 16 103
3 60 19 103
5 98 90 19 103 16
3 84 90 98
3 1 24 37
3 10 1 54
3 69 1 70
3 11 5 54
3 11 47 39
5 5 11 52 24 37
3 52 11 69
3 24 47 29
5 5 29 24 15 54
3 15 24 52
5 10 29 47 19 54
3 15 54 19
3 70 19 47
3 37 87 5
3 39 37 88
5 87 69 52 88 37
3 29 100 5
5 15 87 5 100 52
3 39 103 10
5 88 70 69 103 39
3 69 103 87
3 29 104 10
5 10 103 19 70 104
5 29 100 19 15 104
3 52 100 88
3 88 104 70
3 15 104 87
3 19 103 100
5 88 104 87 103 100
3 24 35 1
3 3 1 43
3 1 70 8
5 70 1 43 28 50
3 44 24 50
3 15 24 49
5 3 23 44 24 15
3 23 18 35
3 28 34 35
5 18 35 34 49 8
3 23 79 3
3 28 50 79
3 8 79 49
5 43 44 50 90 3
3 3 90 15
3 50 90 70
5 8 98 28 34 70
3 18 98 8
3 23 102 44
5 18 15 49 102 23
3 28 98 43
3 49 34 102
3 44 104 43
5 90 102 44 104 15
5 90 98 43 104 70
3 70 34 104
3 15 104 18
5 18 104 34 102 98
3 90 102 98
3 22 35 0
3 5 54 0
3 66 51 0
3 48 7 24
3 7 54 13
3 66 7 31
3 24 35 29
3 51 15 24
5 54 18 35 29 13
3 18 35 31
3 15 18 54
3 48 92 22
3 22 93 13
5 31 66 93 22 92
3 5 99 48
3 29 5 101
5 51 15 99 5 101
5 48 92 51 66 99
3 13 105 29
5 18 93 13 105 31
3 93 99 66
5 101 18 15 105 29
3 51 101 92
3 31 92 105
3 99 105 15
3 18 93 101
5 101 93 99 105 92
3 47 24 7
3 7 31 8
3 7 64 14
5 30 62 64 7 31
3 30 24 53
3 24 15 26
5 53 24 15 14 61
3 62 79 30
3 26 79 8
3 61 79 14
3 47 34 62
3 61 47 19
5 34 26 8 19 47
3 30 95 31
5 14 64 53 30 95
5 8 31 34 62 94
3 19 94 8
3 64 94 62
3 15 95 14
5 26 15 19 61 102
3 34 102 26
3 53 102 61
3 31 34 105
5 95 94 64 105 31
3 64 105 53
3 19 105 15
5 15 95 102 53 105
5 102 94 19 105 34
3 95 102 94
3 3 36 0
3 55 66 0
3 0 63 5
3 11 14 56
3 55 69 11
3 5 42 11
3 56 80 36
3 42 36 75
5 69 80 36 75 55
5 55 66 80 56 76
3 63 76 56
3 75 55 76
3 14 3 89
3 69 3 87
5 5 87 3 89 42
3 66 99 14
5 5 99 14 89 63
3 5 99 87
3 80 106 69
5 42 106 69 87 75
3 66 80 107
5 63 107 66 99 76
3 42 89 106
5 76 106 80 107 75
3 63 107 89
5 106 99 87 107 89
3 76 106 99
3 75 87 107
3 0 21 36
3 0 51 37
3 22 63 0
3 36 83 41
3 36 75 57
5 37 68 83 36 75
3 27 30 41
3 37 68 27
3 22 57 27
3 21 81 30
3 68 77 21
5 57 81 21 77 22
3 41 86 63
5 37 51 83 41 86
3 37 86 75
3 30 92 51
5 22 92 30 81 63
3 77 22 92
3 83 108 68
5 77 75 57 108 68
3 81 108 57
3 51 83 107
5 92 86 63 107 51
3 63 107 81
5 75 86 108 83 107
5 77 107 81 108 92
3 75 77 107
3 86 92 108
3 7 55 11
3 6 7 24
5 6 22 38 64 7
3 67 64 7
3 5 11 38
3 72 11 52
3 27 24 37
5 38 5 6 24 53
3 52 24 53
3 22 38 27
3 72 67 27
3 64 53 38
3 37 55 74
3 55 76 22
5 67 72 76 55 74
3 5 86 37
5 72 86 37 74 52
3 6 22 92
5 67 92 22 76 64
3 5 99 6
5 52 53 86 5 99
5 6 92 53 64 99
3 72 76 86
3 74 92 67
3 52 99 74
3 64 99 76
3 86 92 53
5 86 76 99 74 92
3 56 65 11
3 52 11 48
3 39 42 11
3 27 50 41
3 48 67 27
3 39 57 27
3 41 85 56
3 57 76 56
5 67 85 56 76 48
3 50 65 84
3 65 78 67
5 57 84 65 78 39
3 42 86 41
5 48 52 85 41 86
3 50 88 52
5 39 88 50 84 42
3 48 86 76
3 78 88 39
5 57 76 78 67 108
3 84 108 57
3 67 85 108
3 84 106 42
5 86 88 52 106 42
3 52 106 85
5 76 86 108 85 106
3 78 106 76
5 84 108 88 78 106
3 86 88 108
3 2 22 38
3 10 2 54
3 60 2 59
3 6 54 7
3 47 7 25
3 59 7 64
3 29 38 47
3 64 38 17
3 19 54 17
3 60 19 47
3 25 91 22
3 6 93 22
5 59 93 22 91 64
3 10 97 25
5 25 97 59 60 91
3 29 6 105
5 64 105 6 93 17
3 29 109 10
5 10 97 19 60 109
5 17 109 29 105 19
3 59 97 93
3 64 91 105
3 60 91 109
3 17 109 93
3 19 105 97
5 97 105 91 109 93
3 2 20 38
3 4 32 2
3 12 2 60
5 62 28 32 2 60
3 23 16 20
3 28 20 45
5 12 61 45 20 16
3 62 33 38
3 17 38 61
5 23 4 17 38 33
3 4 23 79
3 62 79 28
3 12 61 79
5 33 62 94 4 32
3 17 94 4
3 23 102 33
5 17 16 23 102 61
3 60 94 62
3 28 98 32
5 45 60 12 98 28
3 12 98 16
3 45 61 102
3 33 32 109
5 17 109 33 102 94
5 60 94 98 32 109
3 60 109 45
3 16 109 17
5 16 98 102 45 109
3 94 102 98
3 3 46 1
3 58 1 55
3 9 70 1
3 55 71 11
3 11 65 12
3 11 52 9
3 46 65 80
3 46 74 52
5 55 74 46 80 71
5 58 55 78 65 80
3 74 55 78
3 12 90 3
3 3 87 71
5 52 90 3 87 9
3 70 78 65
3 58 103 12
5 90 70 9 103 12
3 87 103 9
3 71 106 80
5 74 52 106 71 87
3 58 110 80
5 78 103 58 110 70
3 52 106 90
5 106 78 74 110 80
3 90 110 70
3 87 110 74
5 106 103 87 110 90
3 78 103 106
3 1 21 46
3 43 1 37
3 1 70 25
3 37 27 73
3 28 50 27
3 25 27 67
3 50 46 83
3 67 46 74
5 83 73 37 74 46
3 28 21 82
3 73 21 77
5 25 77 21 82 67
5 43 37 88 50 83
3 37 88 74
3 70 88 50
3 43 96 28
5 28 96 25 70 82
3 25 96 77
3 73 108 83
5 67 74 77 73 108
3 67 108 82
3 83 110 43
5 43 110 70 88 96
5 83 110 74 88 108
3 82 110 70
3 74 77 110
5 77 110 82 108 96
3 88 96 108
3 25 35 1
3 1 9 54
3 58 1 43
3 39 20 2
3 2 54 13
3 58 2 32
3 20 35 29
3 43 16 20
3 32 35 18
3 16 54 18
3 25 96 39
3 25 97 13
5 58 97 25 96 32
3 39 103 9
5 39 103 58 43 96
3 29 9 104
5 16 103 9 104 43
3 29 109 13
5 13 109 32 18 97
5 18 104 29 109 16
3 97 103 58
3 43 96 104
3 32 109 96
3 16 103 109
3 18 97 104
5 104 97 103 109 96
3 0 4 21
3 55 71 0
3 6 0 51
3 14 46 7
3 55 7 59
3 6 7 31
3 46 80 21
3 51 46 74
5 55 77 21 80 59
3 31 21 77
3 77 55 74
3 4 95 14
3 59 93 4
5 6 93 4 95 31
3 71 99 14
5 51 95 14 99 6
3 93 99 6
3 80 107 71
5 74 99 71 107 51
3 59 80 111
5 93 77 31 111 59
3 51 95 107
5 107 77 74 111 80
3 31 111 95
3 74 99 111
5 95 107 93 99 111
3 77 93 107
3 46 65 7
3 25 7 31
3 7 64 48
3 30 62 27
3 25 68 27
3 48 27 72
3 30 85 46
3 46 74 68
5 85 72 48 74 46
3 62 65 82
3 72 65 78
5 68 82 65 78 25
3 30 92 31
5 48 64 85 30 92
3 62 91 64
5 31 25 91 62 82
3 78 91 25
3 48 92 74
5 78 74 68 108 72
3 68 108 82
3 85 72 108
3 31 111 82
5 92 31 111 64 91
3 64 85 111
3 74 111 78
5 92 74 111 85 108
5 82 108 91 78 111
3 92 91 108
3 10 20 35
3 38 20 5
3 45 20 44
3 24 35 6
3 47 9 24
3 44 24 53
3 33 34 35
3 13 38 47
3 53 38 33
3 34 47 45
3 5 100 9
3 6 5 101
5 44 101 5 100 53
3 10 104 9
5 9 104 44 45 100
3 13 105 6
5 101 33 53 105 6
3 10 109 13
5 105 34 33 109 13
5 10 109 45 34 104
3 44 101 104
3 33 109 101
3 100 105 53
3 34 105 104
3 100 109 45
5 100 109 101 104 105
3 4 56 2
3 58 2 55
3 13 60 2
3 55 7 66
3 8 65 7
3 7 64 13
3 56 80 65
3 56 76 64
3 76 55 78
3 65 78 60
3 8 94 4
3 4 93 66
5 13 64 94 4 93
3 58 97 8
5 94 60 13 97 8
3 13 93 97
3 66 111 80
5 64 76 93 66 111
3 58 112 80
5 78 97 58 112 60
5 111 78 76 112 80
3 64 111 94
3 60 94 112
3 93 112 76
3 78 111 97
5 111 97 93 112 94
3 36 56 2
3 22 2 32
3 39 60 2
3 28 36 84
3 73 75 36
5 72 84 36 75 39
3 27 73 22
3 27 28 62
3 39 72 27
3 62 81 56
3 72 56 76
5 22 76 56 81 73
5 81 32 22 91 62
3 76 91 22
3 62 91 60
3 32 96 28
5 39 96 28 84 60
3 81 108 73
5 73 75 76 72 108
3 39 96 75
3 84 108 72
3 32 81 112
5 91 60 112 32 96
3 60 84 112
5 91 108 81 112 76
3 76 112 75
5 96 108 84 112 75
3 96 108 91
3 8 21 1
3 55 1 69
3 10 1 43
3 2 36 12
3 55 59 2
3 2 32 10
3 21 80 36
3 36 75 43
3 32 21 77
3 75 55 77
3 12 8 98
3 59 97 8
5 98 32 10 97 8
3 69 12 103
5 10 103 12 98 43
3 80 69 110
5 75 43 110 69 103
3 97 103 10
3 80 112 59
5 32 112 59 97 77
5 80 112 75 77 110
3 43 98 110
3 32 112 98
3 75 112 103
3 77 110 97
5 98 112 103 97 110
3 3 23 0
3 0 73 37
3 6 66 0
3 30 24 46
3 44 24 37
3 6 24 15
3 46 83 3
3 66 74 46
5 44 83 3 87 37
3 3 87 15
3 74 37 87
3 30 95 23
3 30 92 73
5 6 92 30 95 66
3 23 101 44
5 6 101 23 95 15
3 73 107 83
5 74 92 73 107 66
3 6 92 101
3 66 107 95
3 44 113 83
5 87 101 44 113 15
5 87 107 83 113 74
3 15 95 113
3 92 113 74
5 92 113 95 107 101
3 101 107 87
3 11 14 61
3 11 72 48
3 9 69 11
3 46 50 24
3 48 53 24
3 15 24 9
3 14 85 46
3 69 46 74
3 61 90 50
3 72 50 88
5 69 9 88 50 90
3 15 14 99
5 14 99 48 53 85
3 61 100 53
5 15 90 61 100 9
3 48 74 99
3 9 88 100
3 72 106 85
5 69 106 72 88 74
3 69 90 106
3 15 90 113
5 100 99 15 113 53
3 53 113 85
3 74 113 88
5 99 106 85 113 74
5 90 106 100 88 113
3 99 106 100
3 58 21 36
3 36 71 56
3 83 84 36
3 46 21 66
3 46 65 69
3 83 85 46
3 81 21 82
3 59 65 56
3 81 56 85
3 84 65 82
3 69 106 71
3 66 71 107
5 85 83 107 71 106
3 58 110 69
5 84 106 69 110 83
3 66 111 59
5 85 111 66 107 81
3 59 112 58
5 59 112 81 82 111
5 82 110 58 112 84
3 83 110 107
3 81 112 107
3 85 111 106
3 82 111 110
3 84 112 106
5 107 112 106 111 110
3 20 41 23
3 37 20 43
3 29 45 20
3 51 24 37
3 24 50 26
3 24 53 29
3 50 83 41
3 41 86 53
3 86 37 88
3 50 88 45
3 26 102 23
3 23 101 51
5 53 102 23 101 29
3 43 26 104
5 29 104 26 102 45
3 29 104 101
3 83 113 51
5 101 86 53 113 51
3 83 114 43
5 45 114 43 104 88
5 83 113 88 86 114
3 102 113 53
3 102 114 45
3 86 114 101
3 104 113 88
5 113 104 101 114 102
3 36 41 20
3 16 20 5
3 39 20 45
3 11 71 5
3 12 61 11
3 39 72 11
3 12 36 84
3 36 75 71
3 61 89 41
3 72 41 86
5 71 89 41 86 5
5 89 16 5 100 61
3 86 5 100
3 12 103 16
5 12 103 39 45 84
3 45 61 100
3 75 39 103
3 89 71 106
5 75 86 72 106 71
3 84 106 72
3 16 114 89
5 45 114 16 103 100
3 45 84 114
5 100 106 89 114 86
3 86 114 75
5 75 114 84 106 103
3 100 106 103
3 3 26 1
3 1 68 37
3 1 58 10
3 28 20 36
3 37 44 20
3 10 16 20
3 36 83 3
3 36 75 58
3 16 3 87
3 37 87 75
3 28 98 26
3 28 96 68
5 10 96 28 98 58
3 26 104 44
5 16 98 26 104 10
3 83 68 110
5 75 96 68 110 58
3 96 104 10
3 58 110 98
3 83 44 114
5 16 114 44 104 87
5 87 110 83 114 75
3 16 98 114
3 75 96 114
5 98 114 96 104 110
3 104 110 87
3 4 23 0
3 22 0 73
3 0 71 5
3 41 56 38
3 22 33 38
3 17 38 5
3 4 56 81
3 71 76 56
3 23 41 89
3 73 41 86
5 22 93 4 81 33
3 17 93 4
3 22 93 76
3 33 101 23
5 89 17 5 101 23
3 86 101 5
3 73 107 81
5 73 107 71 76 86
3 89 107 71
3 33 81 115
5 93 101 33 115 17
5 81 115 76 93 107
3 17 89 115
5 89 115 86 101 107
3 86 115 76
3 101 107 93
3 7 14 49
3 48 7 67
3 13 59 7
3 38 62 56
3 48 38 53
3 13 17 38
3 14 85 56
3 59 56 76
3 62 94 49
3 62 91 67
5 59 13 91 62 94
3 14 99 17
3 48 76 99
3 53 49 105
5 17 13 105 49 94
3 13 105 91
3 85 111 67
5 91 76 59 111 67
3 94 111 59
3 53 85 115
5 17 115 53 105 99
3 17 115 94
5 76 99 111 85 115
3 76 91 115
5 94 115 91 105 111
3 99 111 105
3 43 36 3
3 36 41 73
3 80 36 84
3 46 3 51
3 46 68 50
3 80 85 46
3 89 90 3
3 44 50 41
3 85 89 41
3 50 90 84
3 68 108 73
3 73 107 51
5 80 107 73 108 85
3 43 110 68
5 80 84 108 68 110
3 44 51 113
5 89 107 51 113 85
3 80 110 107
3 43 44 114
5 44 114 89 90 113
5 43 110 90 84 114
3 108 113 85
3 89 107 114
3 84 108 114
3 90 110 113
5 107 114 108 113 110
3 23 35 30
3 22 35 32
3 29 35 34
3 38 63 22
3 40 38 62
3 29 53 38
3 62 81 30
3 53 30 92
3 92 22 91
3 23 102 40
3 63 23 101
3 34 62 91
3 32 40 109
5 29 34 102 40 109
3 29 101 109
3 63 115 81
5 92 101 63 115 53
3 81 116 32
5 109 91 34 116 32
3 102 115 53
5 81 115 91 92 116
3 102 116 34
3 92 101 116
5 102 116 101 109 115
3 109 115 91
3 7 8 49
3 25 67 7
3 6 66 7
3 30 21 35
3 25 35 34
3 6 18 35
3 21 82 8
3 66 77 21
3 30 95 49
3 30 92 67
5 8 97 25 34 82
3 18 8 97
3 77 97 25
5 18 6 105 49 95
3 92 105 6
3 49 105 34
3 66 111 95
5 92 77 66 111 67
3 82 111 67
3 34 116 82
5 34 116 18 97 105
5 111 97 77 116 82
3 18 95 116
5 92 105 111 95 116
3 92 116 77
3 97 111 105
3 2 40 4
3 22 57 2
3 10 2 58
3 28 21 35
3 22 33 35
3 10 35 18
3 4 81 21
3 58 21 77
3 4 93 18
3 77 22 93
3 28 98 40
3 57 96 28
3 33 40 109
5 18 98 40 109 10
3 10 109 96
3 57 112 81
5 77 58 112 57 96
3 98 112 58
3 81 33 116
5 18 93 109 33 116
5 112 93 77 116 81
3 18 98 116
3 77 96 116
5 96 116 98 112 109
3 93 112 109
3 1 26 8
3 1 68 25
3 9 1 69
3 47 50 65
3 34 47 25
3 19 47 9
3 65 82 8
3 69 65 78
3 26 50 90
3 68 88 50
3 19 8 97
3 78 25 97
3 26 104 34
5 9 19 90 26 104
3 88 104 9
3 68 110 82
5 69 78 88 68 110
3 90 110 69
3 82 117 34
5 97 104 34 117 19
5 82 117 78 97 110
3 19 117 90
5 88 117 90 110 104
3 88 117 78
3 104 110 97
3 12 40 2
3 39 2 57
3 13 59 2
3 47 62 65
3 45 47 39
3 13 19 47
3 65 84 12
3 59 78 65
3 40 62 94
3 57 62 91
3 19 103 12
3 78 103 39
3 45 40 109
5 94 19 13 109 40
3 91 13 109
3 84 112 57
5 59 112 57 91 78
3 94 59 112
3 45 84 117
5 19 117 45 109 103
3 19 117 94
5 103 112 84 117 78
3 78 91 117
5 109 112 94 117 91
3 103 112 109
3 24 49 30
3 48 24 52
3 29 44 24
3 41 38 61
3 48 38 64
3 29 38 33
3 30 85 41
3 41 86 44
3 33 92 30
3 49 61 102
3 52 61 100
5 44 29 100 61 102
3 48 86 92
3 64 105 49
5 102 33 29 105 49
3 29 105 100
3 85 113 52
5 86 44 113 52 100
3 44 102 113
3 64 115 85
5 33 115 64 105 92
3 33 102 115
5 86 115 85 113 92
3 100 115 86
3 105 113 92
5 100 115 102 113 105
3 32 4 21
3 30 73 21
3 82 21 80
3 4 63 56
3 56 62 57
3 80 56 85
3 95 4 94
3 33 62 30
3 85 30 95
3 82 62 94
3 73 108 57
3 63 107 73
3 57 112 32
5 57 112 80 82 108
3 107 112 80
3 33 63 115
5 85 95 107 63 115
3 32 33 116
5 33 116 95 94 115
5 112 94 82 116 32
3 108 115 85
3 108 116 82
3 95 107 116
3 94 112 115
5 108 115 112 107 116
3 28 35 26
3 31 35 25
3 33 35 29
3 49 62 47
3 25 47 70
3 45 47 29
3 62 82 28
3 62 91 33
3 45 96 28
3 91 96 25
3 49 102 26
3 70 104 26
3 31 105 49
3 29 104 105
3 82 116 31
5 31 116 33 91 105
3 102 116 33
3 82 117 70
5 96 104 70 117 45
3 45 102 117
5 116 96 91 117 82
5 102 116 104 105 117
3 91 105 117
3 104 116 96
3 5 63 38
3 40 61 38
3 13 64 38
3 4 54 14
3 16 54 5
3 13 19 54
3 40 94 4
3 4 93 63
3 61 89 14
3 64 99 14
3 100 5 99
3 19 61 100
3 16 40 109
3 93 109 13
3 89 115 63
5 63 93 99 64 115
3 64 115 94
3 16 89 118
5 19 118 16 109 100
5 100 115 89 118 99
3 19 118 94
5 94 115 109 93 118
3 93 118 99
3 100 115 109
3 26 24 49
3 9 52 24
3 6 51 24
3 3 54 14
3 9 19 54
3 18 54 6
3 3 90 26
3 51 87 3
3 49 95 14
3 52 99 14
3 26 104 18
3 87 104 9
3 99 105 6
3 19 105 49
3 95 113 51
5 87 51 113 52 99
3 52 113 90
3 19 90 118
5 104 105 19 118 18
3 95 118 18
5 90 113 104 87 118
5 99 118 95 113 105
3 87 118 99
3 104 105 113
3 23 40 20
3 42 20 5
3 10 43 20
3 12 54 3
3 17 54 5
3 18 54 10
3 3 89 23
3 43 87 3
3 18 101 23
3 5 101 87
3 12 98 40
3 12 103 42
3 17 40 109
3 103 109 10
3 89 114 42
5 42 114 43 87 103
3 98 114 43
3 17 118 89
5 109 101 18 118 17
5 101 87 118 89 114
3 18 98 118
5 98 114 109 103 118
3 87 118 103
3 101 114 109
3 28 20 40
3 42 20 39
3 20 44 29
3 47 50 61
3 39 60 47
3 29 47 34
3 50 84 28
3 44 88 50
3 34 96 28
3 61 102 40
3 42 100 61
3 39 88 96
3 60 40 109
3 100 109 29
3 42 114 84
5 42 114 44 88 100
3 102 44 114
3 60 117 84
5 34 96 109 60 117
3 34 102 117
5 88 117 84 114 96
3 88 117 100
5 102 117 100 109 114
3 96 109 114
3 46 67 30
3 52 14 46
3 46 83 80
3 41 72 56
3 64 56 14
3 80 56 81
3 53 41 30
3 41 89 83
3 81 95 30
3 89 95 14
3 67 72 108
3 72 106 52
5 80 106 72 108 83
3 64 67 111
5 108 81 80 111 67
3 53 52 113
5 106 89 83 113 52
3 80 111 106
3 64 115 53
5 81 95 111 64 115
3 108 113 83
5 95 89 115 53 113
3 81 115 108
3 106 115 89
3 111 113 95
5 111 113 108 115 106
3 31 21 8
3 28 68 21
3 80 21 81
3 65 70 8
3 67 62 65
3 80 84 65
3 8 98 94
3 28 62 34
3 62 94 81
3 28 98 84
3 68 67 108
3 70 110 68
3 31 111 67
3 110 111 80
3 34 116 31
5 81 116 31 111 94
3 34 117 70
5 110 98 84 117 70
3 81 116 108
5 34 116 98 94 117
3 84 108 117
3 94 117 111
3 110 116 98
5 108 117 111 110 116
3 16 3 23
3 14 71 3
3 83 3 90
3 41 63 23
3 41 42 61
3 83 85 41
3 95 102 23
3 17 61 14
3 85 95 14
3 90 102 61
3 42 71 106
3 63 71 107
3 16 42 114
5 83 114 42 106 90
3 63 115 17
3 83 107 114
3 16 118 17
5 95 102 115 17 118
5 102 90 118 16 114
3 85 115 106
3 90 106 118
3 95 107 118
3 114 115 102
5 114 115 106 118 107
3 8 54 12
3 15 54 9
3 13 54 17
3 47 61 49
3 47 70 9
3 13 47 60
3 49 94 8
3 8 97 70
3 12 90 61
3 60 12 103
3 17 100 61
3 100 103 9
3 15 49 105
3 97 105 13
3 90 117 70
5 97 103 60 117 70
3 90 15 118
5 105 100 17 118 15
3 94 117 60
3 94 17 118
5 103 118 90 117 100
5 105 117 94 118 97
3 105 117 100
3 103 118 97
3 63 71 56
3 57 72 56
3 56 64 59
3 22 55 48
3 71 55 75
3 59 78 55
3 57 91 22
3 63 22 93
3 48 86 72
3 48 64 99
3 99 106 71
3 78 106 72
3 57 112 75
3 59 112 93
3 63 115 86
3 91 115 64
3 86 119 75
5 75 119 78 106 112
5 86 119 99 106 115
3 78 91 119
5 115 112 93 119 91
3 93 119 99
3 106 115 112
3 67 68 46
3 46 52 69
3 46 66 51
3 48 55 37
3 69 55 78
3 55 77 66
3 37 88 68
3 51 87 37
3 48 67 92
3 52 99 48
3 68 110 77
3 87 69 110
3 99 111 66
3 67 111 78
3 51 113 92
3 88 113 52
3 88 119 78
5 77 119 78 111 110
3 92 119 77
5 88 119 87 110 113
5 111 113 92 119 99
3 87 119 99
3 111 113 110
3 26 35 23
3 31 35 6
3 10 35 32
3 4 8 54
3 6 54 15
3 10 54 16
3 23 95 4
3 32 93 4
3 8 98 26
3 31 97 8
3 16 101 23
3 15 26 104
3 93 101 6
3 97 104 10
3 95 31 116
5 32 116 31 97 93
3 32 98 116
3 95 118 15
5 101 104 15 118 16
3 16 118 98
5 93 118 95 116 101
5 98 116 104 97 118
3 97 118 93
3 101 104 116
3 36 73 57
3 42 36 71
3 36 58 43
3 37 55 39
3 71 55 76
3 58 55 77
3 37 86 73
3 43 37 87
3 73 107 77
3 39 96 57
3 39 103 42
3 87 107 71
3 76 57 112
3 103 112 58
3 86 114 42
3 43 96 114
3 86 119 76
5 76 119 77 107 112
5 86 119 87 107 114
3 96 119 77
3 87 119 103
5 112 114 96 119 103
3 112 114 107
3 36 28 57
3 36 12 42
3 36 83 80
3 65 72 50
3 60 65 12
3 80 65 82
3 28 50 45
3 83 50 90
3 82 98 28
3 12 90 98
3 72 108 57
3 42 72 106
3 57 112 60
3 45 42 114
3 80 112 106
3 108 114 83
3 45 117 60
5 98 112 60 117 82
5 114 98 90 117 45
3 82 117 108
3 106 117 90
3 112 114 98
5 112 114 108 117 106
3 12 69 3
3 3 26 15
3 83 3 89
3 26 50 70
3 52 61 50
3 83 84 50
3 19 12 61
3 12 98 84
3 98 102 26
3 61 102 89
3 69 52 106
3 70 110 69
3 15 113 52
3 83 110 113
3 19 70 117
3 19 118 15
5 89 118 15 113 102
3 89 118 106
5 19 117 102 98 118
3 106 117 84
3 98 110 118
3 102 113 117
5 106 117 113 110 118
3 4 23 18
3 14 66 4
3 4 94 81
3 23 51 30
3 30 31 49
3 30 85 81
3 89 102 23
3 15 14 49
3 14 89 85
3 94 102 49
3 66 51 107
3 66 111 31
3 15 113 51
3 18 31 116
3 18 118 15
3 81 107 116
3 85 113 111
3 107 118 89
5 94 102 116 18 118
3 111 118 94
3 102 116 113
5 107 116 113 111 118
3 63 41 73
3 41 72 42
3 41 53 44
3 37 48 5
3 37 75 73
3 44 37 88
3 5 100 42
3 63 5 101
3 92 73 108
3 48 72 76
3 53 92 48
3 88 108 72
3 75 114 42
3 101 44 114
3 76 115 63
3 53 100 115
3 75 76 119
5 108 115 76 119 92
5 108 114 75 119 88
3 88 100 119
3 92 119 101
3 114 115 108
5 101 119 100 115 114
3 39 25 55
3 69 55 74
3 55 76 59
3 65 72 67
3 69 65 70
3 59 65 60
3 67 91 25
3 25 97 70
3 39 72 88
3 60 103 39
3 76 106 72
3 69 106 103
3 67 111 74
3 59 97 111
3 70 117 88
3 91 60 117
3 88 74 119
5 106 111 74 119 76
3 91 119 76
5 88 117 106 103 119
5 91 119 97 111 117
3 97 119 103
3 111 117 106
3 21 68 73
3 21 66 31
3 32 21 58
3 22 25 55
3 55 74 66
3 58 55 75
3 73 22 92
3 32 93 22
3 25 96 68
3 31 25 97
3 73 107 75
3 68 110 74
3 93 107 66
3 58 97 110
3 92 116 31
3 96 116 32
3 74 119 92
5 110 107 75 119 74
3 96 119 75
5 93 107 116 92 119
5 116 110 97 119 96
3 97 119 93
3 110 116 107
3 4 59 8
3 4 17 40
3 81 4 95
3 8 49 19
3 82 98 8
3 60 62 40
3 62 49 64
3 81 62 82
3 98 102 40
3 49 102 95
3 59 111 64
3 60 59 112
3 64 115 17
3 19 117 60
3 81 115 112
3 19 17 118
3 82 111 117
3 111 118 95
3 98 118 112
3 115 117 102
5 111 118 112 115 117
3 39 9 37
3 37 68 74
3 37 86 44
3 70 50 68
3 52 50 72
3 44 45 50
3 39 78 72
3 39 96 45
3 52 100 9
3 70 9 104
3 68 96 108
3 86 108 72
3 74 113 52
3 104 113 44
3 70 117 78
3 78 119 74
5 108 113 74 119 86
3 45 117 100
3 100 119 86
5 108 117 78 119 96
3 96 104 119
3 108 113 117
5 117 113 104 119 100
3 12 8 58
3 8 26 18
3 82 94 8
3 28 26 43
3 32 40 28
3 28 82 84
3 16 40 12
3 12 84 90
3 26 102 90
3 94 102 40
3 58 43 110
3 32 112 58
3 43 16 114
3 32 116 18
3 18 118 16
3 82 116 110
3 84 114 112
3 110 118 90
3 94 118 112
3 102 114 116
5 116 114 112 118 110
3 51 73 30
3 31 67 30
3 30 53 33
3 22 73 77
3 6 22 48
3 33 22 91
3 73 108 86
3 48 74 67
3 53 86 48
3 51 101 6
3 6 105 31
3 91 108 67
3 74 113 51
3 77 31 116
3 101 33 116
3 53 113 105
3 77 119 74
3 86 119 101
5 91 108 116 77 119
3 91 119 105
3 108 113 116
5 105 119 101 116 113
3 69 3 71
3 15 51 3
3 16 3 43
3 5 9 37
3 37 51 74
3 43 75 37
3 71 5 99
3 5 101 16
3 9 103 69
3 15 104 9
3 75 107 71
3 74 110 69
3 51 101 107
3 43 110 104
3 99 118 15
3 16 118 103
3 99 74 119
3 103 119 75
5 118 107 101 119 99
5 110 118 103 119 104
3 101 119 104
3 110 118 107
3 23 44 26
3 23 40 33
3 89 95 23
3 26 49 34
3 90 98 26
3 45 61 40
3 53 61 49
3 90 61 89
3 94 98 40
3 94 49 95
3 44 53 113
3 44 114 45
3 53 115 33
3 34 116 33
3 34 117 45
3 89 114 115
3 90 117 113
3 113 116 95
3 115 117 94
3 98 116 114
5 113 117 115 114 116
3 22 13 25
3 57 76 22
3 33 22 92
3 60 62 57
3 62 67 64
3 34 62 33
3 67 78 25
3 34 96 25
3 13 105 64
3 60 109 13
3 57 96 108
3 92 67 108
3 64 115 76
3 33 115 109
3 78 60 117
3 105 117 34
3 76 119 78
3 92 119 105
3 109 119 96
3 108 117 115
5 117 115 109 119 105
3 43 28 68
3 32 28 57
3 34 45 28
3 10 25 39
3 25 68 77
3 25 34 91
3 57 75 39
3 45 88 39
3 88 108 68
3 43 104 10
3 32 109 10
3 57 108 91
3 75 114 43
3 32 116 77
3 104 116 34
3 109 114 45
3 77 119 75
3 88 119 104
3 91 109 119
3 114 116 108
5 114 116 104 119 109
3 14 71 66
3 14 52 15
3 14 64 17
3 5 48 6
3 5 87 71
3 17 100 5
3 48 52 74
3 48 64 76
3 6 66 93
3 6 105 15
3 71 106 76
3 74 66 111
3 52 100 106
3 64 105 111
3 87 15 118
3 17 118 93
3 74 119 87
3 76 119 93
5 100 119 87 118 106
5 93 119 105 111 118
3 100 119 105
3 111 118 106
3 59 4 66
3 17 4 63
3 4 32 18
3 6 22 13
3 22 76 63
3 22 77 32
3 6 66 99
3 18 101 6
3 59 97 13
3 17 109 13
3 66 107 77
3 59 112 76
3 63 107 101
3 32 109 112
3 17 118 99
3 99 119 76
3 18 97 118
3 77 119 97
5 109 119 97 118 112
3 101 109 119
3 107 112 118
3 73 83 68
3 57 81 73
3 73 86 92
3 67 82 68
3 68 88 96
3 57 72 84
3 72 85 67
3 86 88 72
3 57 96 91
3 92 91 67
3 83 113 85
3 83 84 114
3 81 85 115
3 81 116 82
3 82 84 117
3 114 115 86
3 113 117 88
3 113 116 92
3 115 117 91
3 114 116 96
3 9 29 5
3 5 42 86
3 17 99 5
3 45 42 61
3 53 61 52
3 17 61 19
3 9 88 52
3 19 103 9
3 29 53 105
3 29 109 45
3 103 106 42
3 99 52 106
3 86 115 53
3 109 115 17
3 45 117 88
3 105 117 19
3 86 119 88
3 99 119 105
3 103 109 119
3 106 117 115
3 58 12 69
3 16 12 42
3 12 60 19
3 10 9 39
3 39 42 75
3 39 60 78
3 69 87 9
3 9 100 19
3 78 106 69
3 58 97 10
3 10 109 16
3 58 75 112
3 42 106 100
3 60 109 112
3 16 118 87
3 97 118 19
3 75 119 87
3 78 97 119
3 109 119 100
3 112 118 106
3 59 58 8
3 18 31 8
3 8 19 70
3 10 13 25
3 25 31 77
3 70 78 25
3 59 93 13
3 13 105 19
3 58 103 10
3 18 104 10
3 59 111 78
3 77 110 58
3 105 111 31
3 104 110 70
3 103 118 19
3 93 118 18
3 103 119 78
3 93 77 119
3 104 119 105
3 111 118 110
3 23 51 44
3 33 23 63
3 18 16 23
3 6 29 5
3 63 86 5
3 5 87 16
3 6 92 51
3 18 93 6
3 44 104 29
3 33 109 29
3 87 107 51
3 44 114 86
3 63 93 107
3 33 116 92
3 16 109 114
3 18 116 104
3 86 92 119
3 87 104 119
3 93 119 109
3 107 116 114
3 71 80 69
3 71 89 42
3 76 99 71
3 42 84 72
3 52 72 85
3 78 72 76
3 69 52 90
3 78 103 69
3 42 103 100
3 99 52 100
3 80 85 111
3 80 112 84
3 89 115 85
3 89 90 118
3 76 115 112
3 84 117 90
3 78 111 117
3 111 118 99
3 100 115 117
3 103 118 112
3 6 29 13
3 31 92 6
3 6 99 15
3 34 49 31
3 49 64 53
3 19 49 15
3 64 91 13
3 19 97 13
3 29 53 100
3 29 104 34
3 31 97 111
3 99 64 111
3 15 104 113
3 92 53 113
3 91 117 34
3 19 100 117
3 91 92 119
3 100 119 99
3 97 104 119
3 111 113 117
3 44 26 43
3 26 70 34
3 15 26 18
3 10 9 29
3 70 88 9
3 9 87 15
3 10 43 96
3 18 97 10
3 29 101 44
3 29 34 105
3 44 88 113
3 87 43 110
3 70 97 110
3 15 113 105
3 34 96 116
3 18 116 101
3 88 96 119
3 101 119 87
3 97 119 105
3 110 113 116
3 73 83 51
3 73 81 63
3 77 73 75
3 66 80 71
3 71 89 63
3 71 87 75
3 66 51 95
3 66 93 77
3 87 101 51
3 80 110 83
3 81 112 80
3 93 101 63
3 89 114 83
3 81 95 116
3 95 118 89
3 75 114 112
3 77 110 116
3 87 110 118
3 112 118 93
3 101 116 114
3 66 59 80
3 31 95 66
3 74 99 66
3 31 82 67
3 67 64 85
3 74 78 67
3 64 94 59
3 78 97 59
3 80 85 106
3 80 110 82
3 31 97 105
3 64 105 99
3 110 113 74
3 95 113 85
3 94 117 82
3 94 95 118
3 106 117 78
3 99 106 118
3 97 110 118
3 105 113 117
3 32 40 33
3 45 60 40
3 16 40 17
3 13 29 10
3 60 91 13
3 17 93 13
3 32 96 10
3 16 103 10
3 33 101 29
3 29 45 100
3 91 115 33
3 93 32 112
3 60 112 103
3 17 115 100
3 16 114 101
3 96 114 45
3 91 119 96
3 101 119 93
3 100 119 103
3 115 114 112
3 68 83 43
3 68 70 82
3 77 74 68
3 58 69 80
3 70 90 69
3 69 87 74
3 58 98 43
3 77 58 97
3 80 107 83
3 82 111 80
3 87 104 43
3 83 113 90
3 70 97 104
3 74 111 113
3 82 98 116
3 98 118 90
3 107 116 77
3 87 118 107
3 111 118 97
3 104 113 116
3 57 81 32
3 57 84 60
3 76 57 75
3 59 80 58
3 59 94 60
3 76 93 59
3 58 32 98
3 75 103 58
3 80 107 81
3 84 106 80
3 93 109 32
3 60 103 109
3 94 115 81
3 106 115 76
3 107 114 75
3 84 98 114
3 94 118 98
3 107 118 93
3 103 118 106
3 109 114 115
3 51 83 44
3 51 15 95
3 74 92 51
3 52 90 15
3 53 85 52
3 74 52 88
3 44 53 102
3 88 104 44
3 83 85 108
3 90 83 110
3 104 105 15
3 92 105 53
3 110 111 74
3 95 85 111
3 102 117 90
3 95 116 102
3 88 108 117
3 92 108 116
3 111 117 105
3 104 116 110
3 16 42 89
3 42 45 84
3 75 42 86
3 43 44 83
3 44 45 102
3 44 101 86
3 43 16 98
3 75 96 43
3 89 83 107
3 84 108 83
3 16 109 101
3 96 109 45
3 89 102 115
3 107 112 75
3 84 112 98
3 86 115 108
3 102 98 116
3 108 116 96
3 107 116 101
3 109 112 115
3 33 81 63
3 63 17 89
3 63 86 76
3 53 85 64
3 17 64 94
3 76 91 64
3 33 102 53
3 91 109 33
3 86 53 100
3 85 108 81
3 94 112 81
3 100 109 17
3 89 85 106
3 89 114 102
3 76 106 112
3 108 114 86
3 102 117 94
3 108 117 91
3 100 106 117
3 109 112 114
3 31 82 34
3 18 95 31
3 77 31 92
3 33 81 32
3 33 102 34
3 33 101 92
3 18 32 98
3 32 96 77
3 82 108 81
3 95 107 81
3 34 104 96
3 82 110 98
3 101 104 18
3 102 113 95
3 77 107 110
3 98 114 102
3 92 113 108
3 108 114 96
3 101 114 107
3 104 110 113
3 70 82 34
3 70 19 90
3 78 88 70
3 45 84 60
3 60 19 94
3 60 78 91
3 34 102 45
3 34 91 105
3 45 100 88
3 82 108 84
3 82 94 111
3 19 105 100
3 90 106 84
3 90 113 102
3 106 111 78
3 94 102 115
3 88 113 108
3 91 108 115
3 100 106 115
3 105 113 111
3 15 19 90
3 15 95 18
3 87 99 15
3 17 89 16
3 19 94 17
3 17 99 93
3 18 16 98
3 87 103 16
3 89 106 90
3 89 107 95
3 19 103 97
3 93 97 18
3 90 110 98
3 94 111 95
3 98 112 94
3 87 110 107
3 99 111 106
3 93 107 112
3 103 112 106
3 97 110 111
3 74 88 78
3 74 92 77
3 87 99 74
3 75 86 76
3 76 78 91
3 93 76 99
3 75 96 77
3 75 87 103
3 86 100 88
3 86 92 101
3 97 103 78
3 77 93 97
3 96 104 88
3 92 105 91
3 87 104 101
3 91 96 109
3 100 105 99
3 93 109 101
3 100 109 103
3 105 104 97
4 1 0 5 9
4 35 0 5 29
4 35 1 9 29
4 1 7 13 10
4 10 29 24 1
4 29 13 7 24
4 11 5 6 7
4 7 6 29 47
4 11 47 29 5
4 11 2 10 9
4 2 38 29 10
4 38 11 9 29
4 2 13 6 0
4 0 6 29 20
4 13 29 20 2
4 0 22 25 1
4 22 13 54 0
4 1 54 13 25
4 24 6 22 27
4 13 47 24 6
4 22 27 47 13
4 27 20 10 25
4 10 13 38 20
4 27 38 13 25
4 2 39 37 0
4 0 54 9 37
4 39 9 54 2
4 38 27 37 5
4 47 27 37 9
4 5 9 47 38
4 10 35 24 9
4 27 24 9 39
4 27 35 10 39
4 1 7 48 37
4 1 37 5 54
4 7 54 5 48
4 6 35 20 5
4 27 20 5 48
4 27 35 6 48
4 20 39 55 0
4 0 55 25 35
4 25 39 20 35
4 11 55 22 38
4 55 25 47 11
4 22 38 47 25
4 11 7 25 39
4 25 7 54 10
4 39 11 54 10
4 2 22 48 11
4 6 54 2 22
4 48 11 54 6
4 24 48 55 1
4 1 55 22 35
4 48 22 35 24
4 7 55 37 24
4 47 39 55 7
4 47 39 37 24
4 20 37 55 2
4 55 2 38 48
4 37 20 38 48
4 69 1 0 71
4 21 0 71 80
4 21 1 69 80
4 7 59 58 1
4 1 46 80 58
4 7 59 80 46
4 11 71 66 7
4 7 66 80 65
4 65 80 71 11
4 58 2 11 69
4 56 80 58 2
4 11 69 80 56
4 2 59 66 0
4 0 36 80 66
4 36 2 59 80
4 0 4 8 1
4 4 59 55 0
4 1 55 59 8
4 66 4 79 46
4 46 65 59 66
4 59 4 79 65
4 36 79 8 58
4 36 58 59 56
4 59 8 79 56
4 0 2 12 3
4 55 0 3 69
4 12 69 55 2
4 71 56 79 3
4 3 79 65 69
4 65 69 71 56
4 21 58 69 46
4 69 12 79 46
4 58 12 79 21
4 7 1 3 14
4 3 71 55 1
4 14 71 55 7
4 21 36 71 66
4 14 79 36 71
4 21 66 14 79
4 0 54 12 36
4 0 21 8 54
4 8 21 36 12
4 54 4 56 11
4 54 11 65 8
4 4 56 65 8
4 7 8 12 11
4 7 55 58 8
4 11 12 58 55
4 2 11 14 4
4 4 66 55 2
4 11 55 66 14
4 1 54 14 46
4 4 21 1 54
4 14 46 21 4
4 46 3 54 7
4 54 12 65 7
4 12 65 46 3
4 3 36 2 54
4 2 54 14 56
4 36 3 14 56
4 68 1 0 73
4 0 73 83 3
4 1 68 83 3
4 44 24 1 43
4 46 83 43 1
4 46 83 44 24
4 27 73 51 24
4 24 50 83 51
4 50 83 73 27
4 20 43 68 27
4 20 41 83 43
4 27 68 83 41
4 44 20 0 51
4 83 36 0 51
4 36 20 44 83
4 1 26 23 0
4 0 37 44 23
4 37 1 26 44
4 46 79 23 51
4 50 46 51 44
4 23 79 50 44
4 43 26 79 36
4 41 44 43 36
4 41 79 26 44
4 20 28 21 0
4 21 68 37 0
4 68 28 20 37
4 73 21 79 41
4 68 21 79 50
4 41 50 68 73
4 68 46 79 28
4 46 68 43 3
4 28 79 3 43
4 24 30 21 1
4 1 37 73 21
4 30 73 37 24
4 73 30 79 36
4 3 51 73 36
4 51 3 79 30
4 35 0 36 28
4 0 35 26 3
4 28 36 3 26
4 27 35 23 41
4 27 35 26 50
4 23 41 50 26
4 24 27 28 26
4 43 26 24 37
4 28 43 37 27
4 27 20 23 30
4 37 20 23 51
4 37 27 30 51
4 1 46 30 35
4 23 3 1 35
4 30 46 3 23
4 46 21 35 24
4 28 50 24 35
4 21 46 50 28
4 35 20 36 21
4 41 30 35 20
4 36 21 30 41
4 2 57 73 0
4 4 81 73 0
4 4 2 57 81
4 2 32 33 38
4 2 32 81 56
4 38 33 81 56
4 38 63 73 27
4 27 73 81 62
4 38 63 81 62
4 57 27 35 32
4 35 32 81 30
4 30 27 57 81
4 35 33 63 0
4 81 21 0 63
4 35 21 81 33
4 2 0 23 40
4 0 22 33 23
4 33 40 2 22
4 56 63 23 79
4 62 33 23 79
4 62 33 63 56
4 32 40 79 21
4 30 33 32 21
4 33 40 79 30
4 22 57 36 0
4 35 22 57 28
4 36 57 62 79
4 30 62 57 73
4 56 79 28 57
4 32 4 79 28
4 56 4 32 57
4 2 36 41 38
4 36 73 22 2
4 38 41 73 22
4 21 73 63 4
4 63 41 79 4
4 0 20 40 4
4 40 28 21 4
4 20 40 62 27
4 30 62 40 23
4 38 27 28 40
4 27 22 32 28
4 22 38 40 32
4 23 63 22 35
4 41 27 22 63
4 20 41 56 2
4 23 4 2 20
4 23 4 56 41
4 36 20 38 56
4 20 38 62 28
4 56 36 28 62
4 68 1 7 67
4 8 82 68 1
4 8 7 67 82
4 35 31 67 27
4 35 28 82 31
4 28 82 67 27
4 34 47 7 31
4 65 82 31 7
4 47 65 82 34
4 27 68 70 47
4 27 68 82 62
4 47 62 82 70
4 35 34 70 1
4 70 1 21 82
4 21 82 34 35
4 1 7 49 26
4 25 34 26 1
4 7 25 34 49
4 31 21 79 49
4 21 31 34 28
4 34 28 79 49
4 26 79 65 70
4 26 79 62 34
4 62 65 70 34
4 1 46 67 25
4 67 30 35 25
4 46 67 62 79
4 62 28 68 67
4 65 79 30 67
4 31 8 79 30
4 65 8 31 67
4 35 26 70 25
4 25 70 50 27
4 21 68 70 8
4 8 70 50 79
4 7 46 50 47
4 7 46 68 25
4 47 50 68 25
4 8 49 24 1
4 49 30 21 8
4 27 24 49 62
4 28 62 49 26
4 47 27 30 49
4 30 31 25 27
4 25 47 49 31
4 7 24 50 65
4 24 7 8 26
4 26 8 65 50
4 24 47 65 46
4 47 24 30 62
4 30 62 65 46
4 20 42 71 0
4 23 0 71 89
4 23 89 42 20
4 38 17 16 20
4 20 16 89 41
4 38 41 89 17
4 38 63 71 11
4 61 89 71 11
4 38 63 89 61
4 42 11 54 16
4 14 11 42 89
4 14 89 16 54
4 17 54 0 63
4 3 89 63 0
4 3 89 17 54
4 4 0 5 17
4 20 5 17 40
4 17 61 79 4
4 41 61 17 63
4 16 3 79 40
4 14 17 40 79
4 3 14 17 16
4 5 42 36 0
4 12 42 5 54
4 42 61 79 36
4 61 14 71 42
4 42 41 79 12
4 12 79 23 16
4 23 16 42 41
4 20 36 71 5
4 38 5 71 56
4 23 63 71 3
4 3 23 40 12
4 2 11 61 40
4 4 40 61 14
4 11 38 40 12
4 11 5 16 12
4 16 40 38 5
4 11 56 63 5
4 4 63 5 54
4 38 2 12 61
4 41 61 12 36
4 11 72 57 2
4 12 84 57 2
4 12 84 72 11
4 72 27 20 42
4 28 84 42 20
4 28 27 72 84
4 27 57 60 47
4 57 27 50 84
4 47 60 84 50
4 11 42 45 47
4 65 84 42 11
4 47 65 84 45
4 2 60 45 20
4 2 60 84 36
4 36 84 45 20
4 39 45 40 2
4 11 39 45 61
4 36 42 45 28
4 28 79 61 45
4 65 60 40 79
4 50 45 40 79
4 65 50 45 60
4 20 40 60 39
4 39 60 62 27
4 12 60 57 36
4 60 12 79 62
4 39 72 56 2
4 20 41 72 39
4 72 50 79 56
4 50 72 57 28
4 72 41 79 65
4 65 72 42 12
4 11 56 62 47
4 56 57 39 11
4 57 62 47 39
4 38 27 50 61
4 40 61 50 28
4 41 61 47 27
4 27 39 42 41
4 61 42 39 47
4 11 38 62 65
4 62 40 12 65
4 38 47 65 56
4 41 50 47 38
4 50 41 56 65
4 1 69 52 24
4 26 90 69 1
4 26 24 52 90
4 52 11 54 15
4 11 52 90 12
4 12 90 15 54
4 69 11 47 70
4 69 11 61 90
4 61 90 70 47
4 19 47 24 15
4 90 50 24 15
4 50 47 19 90
4 1 70 19 54
4 3 90 70 1
4 54 3 90 19
4 1 9 19 8
4 9 24 49 19
4 15 49 79 3
4 19 49 79 12
4 12 3 15 19
4 19 61 79 8
4 61 19 70 50
4 1 46 52 9
4 52 14 54 9
4 52 61 79 46
4 61 52 69 12
4 52 14 79 50
4 14 15 26 79
4 26 50 52 15
4 11 65 70 9
4 8 54 9 70
4 26 70 69 3
4 11 47 49 14
4 11 14 15 9
4 9 15 49 47
4 24 9 69 46
4 9 69 65 47
4 49 14 3 26
4 7 11 61 49
4 12 61 49 8
4 14 61 47 7
4 46 14 61 50
4 0 66 31 35
4 0 66 95 23
4 23 35 31 95
4 0 51 15 54
4 0 51 95 4
4 54 15 95 4
4 24 15 18 35
4 30 24 15 95
4 95 30 35 18
4 7 66 51 24
4 49 95 66 7
4 24 51 95 49
4 31 7 54 18
4 14 7 31 95
4 14 95 18 54
4 0 6 15 3
4 15 26 35 6
4 30 49 15 51
4 4 79 26 18
4 14 15 18 4
4 21 0 6 31
4 54 6 31 8
4 49 14 66 31
4 18 23 79 8
4 30 31 18 23
4 46 24 6 66
4 6 35 21 66
4 23 4 66 51
4 26 8 4 23
4 7 8 18 6
4 6 24 26 18
4 6 51 46 7
4 6 54 3 51
4 5 86 73 0
4 36 73 86 42
4 36 75 76 56
4 86 41 36 75
4 56 76 86 41
4 11 5 86 72
4 63 86 72 56
4 55 75 42 11
4 86 48 11 42
4 55 75 86 48
4 0 63 76 55
4 37 86 63 0
4 55 37 86 76
4 0 22 76 71
4 57 76 71 36
4 27 72 76 22
4 41 72 76 63
4 37 27 57 75
4 27 57 76 48
4 37 48 76 75
4 39 42 71 55
4 5 42 72 48
4 39 27 73 75
4 73 41 42 75
4 37 73 63 5
4 37 73 57 39
4 22 57 72 48
4 39 75 71 11
4 71 56 57 75
4 55 22 63 71
4 67 7 11 72
4 7 67 85 14
4 11 14 85 72
4 72 27 24 52
4 30 24 52 85
4 27 72 85 30
4 38 64 67 27
4 41 85 67 27
4 41 85 64 38
4 52 11 38 53
4 11 52 85 56
4 56 85 53 38
4 24 53 64 7
4 64 7 46 85
4 24 53 85 46
4 48 53 49 7
4 53 61 11 48
4 46 52 53 30
4 30 79 61 53
4 64 56 79 49
4 49 79 41 53
4 56 41 53 64
4 48 24 49 64
4 48 64 62 27
4 46 67 64 14
4 64 14 79 62
4 50 27 48 52
4 48 38 61 52
4 14 52 72 56
4 7 65 72 48
4 24 50 72 48
4 30 67 72 41
4 65 11 48 67
4 67 62 38 48
4 49 61 41 30
4 56 14 49 62
4 38 64 59 2
4 2 59 94 40
4 40 94 64 38
4 47 60 59 7
4 7 49 94 59
4 47 49 94 60
4 64 7 54 17
4 7 64 94 8
4 8 94 17 54
4 17 38 47 19
4 38 17 94 62
4 94 62 47 19
4 2 60 19 54
4 4 94 60 2
4 4 54 19 94
4 12 19 13 2
4 13 19 61 38
4 8 4 17 19
4 49 19 60 62
4 14 17 13 7
4 17 61 47 13
4 62 40 17 64
4 13 64 56 2
4 13 54 14 64
4 49 64 59 8
4 13 60 65 7
4 12 60 13 54
4 40 60 59 4
4 56 59 13 38
4 13 59 65 47
4 9 1 68 88
4 46 52 88 68
4 52 11 55 74
4 11 52 88 39
4 39 55 74 88
4 11 72 88 9
4 65 70 88 72
4 78 65 46 74
4 88 50 46 74
4 65 78 88 50
4 78 55 1 70
4 1 70 88 37
4 37 55 78 88
4 25 78 69 1
4 46 67 78 69
4 27 67 74 37
4 39 78 67 27
4 37 74 78 39
4 27 72 78 25
4 50 70 78 72
4 55 48 52 69
4 52 72 39 9
4 27 68 74 48
4 68 50 52 74
4 25 55 69 70
4 37 68 70 9
4 11 69 74 48
4 69 65 67 74
4 48 37 68 67
4 67 72 39 25
4 35 32 58 1
4 1 58 98 26
4 26 35 32 98
4 20 43 58 2
4 58 2 40 98
4 20 43 98 40
4 1 43 16 54
4 43 1 8 98
4 8 54 16 98
4 2 32 18 54
4 12 98 32 2
4 12 54 18 98
4 20 16 18 35
4 16 20 28 98
4 98 28 35 18
4 1 3 16 10
4 16 23 35 10
4 40 16 43 28
4 8 18 16 12
4 2 4 18 10
4 23 18 10 20
4 28 26 18 32
4 21 1 10 32
4 4 32 10 54
4 12 40 32 58
4 36 2 10 43
4 54 10 43 3
4 8 26 43 58
4 10 58 36 20
4 35 21 58 10
4 0 73 92 6
4 31 92 73 21
4 55 74 51 0
4 0 51 92 22
4 55 22 92 74
4 21 77 74 46
4 30 46 74 92
4 92 30 21 77
4 7 6 92 67
4 67 46 51 92
4 55 77 31 7
4 92 48 7 31
4 55 77 92 48
4 0 66 74 37
4 21 66 74 68
4 51 74 67 30
4 77 22 27 68
4 48 22 77 74
4 31 66 55 25
4 31 67 48 6
4 25 77 73 27
4 30 31 77 73
4 6 22 73 51
4 7 66 77 25
4 46 68 77 66
4 22 25 68 73
4 37 55 66 51
4 53 38 20 44
4 20 44 102 40
4 40 102 53 38
4 47 45 44 24
4 24 49 102 44
4 47 45 102 49
4 35 33 53 24
4 26 102 53 24
4 26 102 33 35
4 33 38 47 34
4 61 102 33 38
4 34 47 61 102
4 34 35 20 45
4 23 102 45 20
4 23 35 34 102
4 20 29 34 28
4 29 38 62 34
4 26 34 33 23
4 61 49 34 45
4 24 30 33 29
4 47 29 33 62
4 40 61 53 33
4 29 24 50 45
4 28 35 29 45
4 23 40 45 44
4 38 29 44 41
4 44 50 47 29
4 26 44 53 49
4 29 20 41 53
4 29 53 30 35
4 2 13 91 57
4 56 64 91 57
4 13 7 67 91
4 65 60 91 67
4 64 7 55 76
4 91 25 7 64
4 25 91 76 55
4 65 78 76 56
4 76 56 62 91
4 78 65 62 91
4 55 78 60 2
4 2 60 91 22
4 55 22 91 78
4 39 2 59 78
4 56 72 78 59
4 25 78 76 22
4 62 67 78 60
4 7 48 76 59
4 65 72 76 59
4 62 57 76 64
4 64 59 55 48
4 13 25 67 64
4 39 55 59 60
4 13 22 57 60
4 1 10 96 68
4 32 96 68 21
4 10 96 57 2
4 43 96 57 36
4 75 55 1 43
4 1 43 96 25
4 25 96 75 55
4 55 77 32 2
4 39 2 32 96
4 39 96 77 55
4 36 75 77 21
4 36 75 96 28
4 77 21 28 96
4 1 37 75 58
4 58 75 73 21
4 28 57 75 43
4 39 25 77 75
4 22 2 58 77
4 58 77 73 36
4 32 77 68 28
4 22 32 58 55
4 32 57 39 10
4 58 43 37 55
4 10 25 68 43
4 0 71 99 6
4 15 99 71 3
4 0 66 99 5
4 5 37 74 99
4 3 87 74 46
4 99 14 46 74
4 99 14 3 87
4 6 99 52 24
4 52 99 66 46
4 15 24 37 87
4 24 15 99 48
4 48 99 87 37
4 69 3 51 74
4 66 74 52 14
4 11 5 87 69
4 48 74 87 5
4 9 37 51 15
4 6 15 52 48
4 11 9 87 71
4 15 87 71 14
4 6 66 71 5
4 24 51 87 9
4 51 46 69 87
4 9 5 71 69
4 56 85 83 36
4 57 108 83 36
4 56 85 108 57
4 83 46 65 84
4 83 46 67 108
4 67 108 84 65
4 81 21 46 85
4 68 108 85 46
4 68 108 81 21
4 56 81 82 65
4 56 81 108 72
4 82 65 72 108
4 82 21 36 84
4 36 84 108 73
4 73 108 82 21
4 28 36 80 82
4 62 82 80 56
4 73 81 82 68
4 72 84 82 67
4 46 30 81 80
4 62 81 80 65
4 57 81 85 72
4 80 46 50 84
4 28 84 80 21
4 73 83 84 57
4 56 80 83 41
4 83 50 65 80
4 67 85 83 68
4 41 85 80 36
4 30 21 80 85
4 20 42 100 29
4 42 41 53 100
4 24 52 100 29
4 52 50 45 100
4 86 37 24 53
4 9 24 53 100
4 37 86 100 9
4 50 88 86 41
4 61 100 86 41
4 50 88 100 61
4 45 20 37 88
4 20 45 100 5
4 37 88 100 5
4 39 88 44 20
4 44 88 72 41
4 9 88 86 5
4 52 61 45 88
4 24 44 86 48
4 44 50 72 86
4 53 86 42 61
4 37 48 53 44
4 9 29 53 52
4 37 44 45 39
4 29 5 42 45
4 10 1 69 103
4 3 16 103 69
4 20 42 103 10
4 42 103 58 36
4 9 103 58 1
4 9 103 75 37
4 16 20 37 87
4 20 16 103 39
4 37 87 103 39
4 36 75 87 3
4 36 75 103 12
4 3 87 103 12
4 3 43 75 71
4 58 75 42 12
4 39 75 87 9
4 5 20 43 87
4 36 43 87 71
4 16 87 69 12
4 16 43 37 5
4 39 10 16 42
4 9 69 58 10
4 4 66 99 17
4 22 76 99 6
4 56 76 93 4
4 14 56 76 99
4 99 14 4 93
4 38 64 99 5
4 64 99 71 56
4 22 93 17 38
4 48 38 17 99
4 22 48 99 93
4 59 76 63 4
4 14 64 76 71
4 6 7 59 93
4 48 76 93 6
4 13 22 63 17
4 48 5 17 64
4 13 93 66 7
4 17 93 66 14
4 38 13 93 63
4 56 59 93 63
4 6 13 59 66
4 42 36 80 106
4 42 106 85 41
4 80 46 52 106
4 50 84 106 52
4 85 46 3 89
4 69 106 85 46
4 69 106 89 3
4 41 89 90 50
4 89 41 72 106
4 90 50 72 106
4 36 84 90 3
4 36 84 106 71
4 3 90 106 71
4 12 90 83 36
4 61 90 83 41
4 69 71 89 90
4 72 52 90 84
4 14 89 83 46
4 50 61 89 83
4 42 72 85 89
4 3 83 84 12
4 42 71 80 84
4 69 80 85 52
4 3 83 85 14
4 35 31 105 29
4 31 105 53 30
4 38 64 105 29
4 62 34 105 64
4 53 38 22 92
4 13 38 53 105
4 22 92 105 13
4 62 91 92 30
4 30 92 105 49
4 49 105 91 62
4 34 35 22 91
4 6 105 34 35
4 6 105 91 22
4 25 35 33 91
4 33 91 67 30
4 6 13 91 92
4 49 64 91 34
4 38 33 92 48
4 62 67 92 33
4 53 92 31 49
4 53 33 22 48
4 53 64 13 29
4 22 25 34 33
4 29 34 31 6
4 2 10 97 59
4 4 18 97 59
4 10 35 31 97
4 21 31 97 58
4 13 97 58 2
4 22 13 97 77
4 22 93 18 35
4 25 97 18 35
4 22 93 97 25
4 4 93 77 21
4 77 21 8 97
4 93 4 8 97
4 35 6 93 32
4 21 66 93 32
4 18 93 59 8
4 25 13 93 77
4 4 66 77 32
4 58 8 31 77
4 22 6 18 32
4 10 25 31 18
4 10 13 59 58
4 19 103 58 8
4 25 78 103 10
4 65 78 97 8
4 103 12 65 78
4 12 103 97 8
4 47 9 103 60
4 60 103 69 65
4 47 19 97 25
4 39 103 19 47
4 39 25 97 103
4 58 12 19 97
4 13 97 70 47
4 65 70 97 59
4 39 78 97 10
4 8 70 78 59
4 60 78 69 12
4 13 19 70 25
4 60 19 9 39
4 33 92 51 23
4 5 6 92 86
4 41 86 92 30
4 101 23 41 86
4 92 30 23 101
4 53 92 73 41
4 38 33 101 5
4 48 92 101 5
4 44 86 63 23
4 30 53 86 73
4 24 44 101 6
4 48 86 101 6
4 29 5 63 33
4 24 29 101 51
4 30 51 101 33
4 38 29 101 63
4 63 41 44 101
4 29 6 51 44
4 21 80 111 31
4 31 111 85 30
4 56 80 111 64
4 64 62 82 111
4 85 56 4 95
4 59 111 85 56
4 4 95 111 59
4 30 95 94 62
4 30 95 111 67
4 62 67 111 94
4 4 94 82 21
4 66 111 82 21
4 4 94 111 66
4 8 21 81 94
4 30 81 94 49
4 59 94 95 66
4 64 67 82 94
4 14 95 81 56
4 62 49 95 81
4 31 95 85 67
4 4 8 82 81
4 80 66 31 82
4 64 85 80 59
4 4 81 85 14
4 35 32 109 29
4 28 32 109 45
4 47 60 109 29
4 62 60 109 33
4 25 96 45 47
4 45 47 13 109
4 25 96 109 13
4 96 28 62 91
4 40 109 91 62
4 28 96 109 40
4 10 109 33 35
4 10 25 91 109
4 57 28 34 91
4 60 91 33 40
4 10 96 91 13
4 39 47 34 96
4 62 57 96 34
4 40 45 96 32
4 45 34 25 39
4 60 45 29 13
4 10 32 33 29
4 13 54 15 105
4 14 15 105 64
4 53 105 19 61
4 5 99 105 29
4 14 99 100 61
4 49 105 99 14
4 61 100 105 49
4 5 100 19 54
4 19 54 6 105
4 6 5 100 105
4 54 17 100 9
4 17 14 52 100
4 53 100 19 49
4 6 29 100 99
4 17 99 52 61
4 49 64 99 15
4 5 17 19 9
4 13 19 15 6
4 20 44 104 10
4 44 23 18 104
4 54 15 104 10
4 15 104 43 3
4 29 104 43 20
4 5 87 104 29
4 54 18 101 5
4 54 9 104 18
4 5 101 104 9
4 3 87 101 23
4 87 3 26 104
4 23 101 104 26
4 6 54 16 101
4 16 101 51 3
4 18 101 44 26
4 9 29 101 87
4 23 51 87 16
4 43 26 15 87
4 6 5 16 18
4 9 10 18 15
4 29 10 43 44
4 34 26 43 96
4 50 45 96 68
4 9 10 96 88
4 50 88 96 28
4 104 26 50 88
4 28 96 104 26
4 47 34 104 9
4 9 39 96 104
4 28 43 104 34
4 47 70 104 29
4 44 104 70 50
4 39 10 104 88
4 28 68 88 45
4 44 88 70 26
4 9 29 34 70
4 51 95 81 73
4 71 89 95 66
4 30 41 89 95
4 41 89 107 73
4 30 73 107 95
4 41 85 95 23
4 56 81 107 71
4 71 107 95 14
4 63 89 83 73
4 30 85 89 23
4 46 83 107 66
4 66 107 89 14
4 81 63 71 80
4 46 80 107 51
4 51 107 81 30
4 56 63 107 80
4 41 83 107 63
4 80 66 51 83
4 80 21 32 112
4 28 84 112 32
4 65 60 112 80
4 60 112 81 62
4 65 84 98 8
4 65 84 112 59
4 59 112 98 8
4 28 98 94 62
4 57 112 94 62
4 28 98 112 57
4 21 81 112 58
4 8 94 112 58
4 28 40 94 82
4 81 57 60 94
4 58 98 94 59
4 65 82 98 12
4 40 98 82 62
4 57 32 98 84
4 80 58 32 81
4 60 84 80 59
4 8 82 84 12
4 83 3 15 113
4 14 15 113 85
4 53 113 83 41
4 61 90 113 53
4 44 41 85 113
4 44 23 95 113
4 14 95 102 61
4 14 52 113 95
4 61 52 113 102
4 102 23 3 90
4 51 113 90 3
4 51 113 102 23
4 26 3 89 102
4 14 89 102 49
4 44 51 95 102
4 53 52 90 102
4 61 49 95 89
4 52 85 95 15
4 23 89 90 26
4 15 90 83 51
4 53 85 83 44
4 13 109 16 54
4 16 109 60 12
4 61 17 109 45
4 9 103 109 29
4 103 12 61 100
4 12 103 109 40
4 109 40 61 100
4 54 17 109 10
4 9 10 109 100
4 12 42 100 19
4 17 40 45 100
4 29 10 103 100
4 61 42 103 19
4 16 103 60 40
4 13 17 16 10
4 59 55 74 111
4 64 111 74 48
4 85 111 78 72
4 71 99 111 80
4 48 99 106 72
4 67 111 99 48
4 72 67 111 106
4 78 55 71 106
4 55 78 111 66
4 71 106 111 66
4 55 76 106 69
4 52 106 76 48
4 67 85 106 78
4 80 66 99 106
4 52 99 76 72
4 64 67 74 99
4 69 78 76 71
4 59 78 74 66
4 23 33 109 16
4 17 4 32 109
4 6 93 109 29
4 6 101 109 13
4 23 101 93 4
4 4 93 109 40
4 40 109 101 23
4 4 63 101 18
4 16 40 33 101
4 29 101 93 13
4 23 18 93 63
4 32 93 17 40
4 58 110 83 36
4 77 110 83 73
4 55 74 110 58
4 43 110 74 37
4 36 43 110 80
4 80 110 87 71
4 71 107 77 55
4 55 69 110 77
4 71 69 110 107
4 73 107 87 37
4 37 68 110 87
4 68 110 107 73
4 55 75 107 66
4 37 75 107 51
4 68 77 107 83
4 69 87 107 80
4 51 87 75 73
4 68 74 87 43
4 66 77 75 71
4 69 74 77 58
4 80 58 43 83
4 82 68 43 98
4 26 50 84 98
4 69 58 98 90
4 28 98 90 50
4 50 90 110 68
4 28 98 110 68
4 65 69 110 82
4 12 69 110 98
4 28 43 110 82
4 65 70 110 80
4 50 70 110 83
4 58 12 90 110
4 26 28 84 90
4 68 83 90 70
4 80 69 70 82
4 16 114 83 3
4 16 114 84 12
4 50 83 114 45
4 45 114 89 61
4 50 84 114 44
4 26 44 114 98
4 98 12 61 102
4 98 12 42 114
4 42 114 102 61
4 3 89 114 43
4 43 114 102 26
4 12 90 102 40
4 45 102 89 42
4 44 43 98 102
4 40 98 90 61
4 42 84 98 16
4 16 89 83 43
4 83 44 45 84
4 4 81 115 17
4 14 17 115 85
4 30 53 115 81
4 49 53 115 94
4 30 85 115 33
4 23 33 115 89
4 14 64 115 89
4 49 102 115 64
4 23 4 94 102
4 4 94 115 63
4 63 23 102 115
4 4 40 102 95
4 33 102 89 63
4 53 64 94 102
4 17 89 85 64
4 40 94 95 23
4 63 17 94 81
4 81 33 53 85
4 44 37 74 113
4 48 53 113 74
4 72 85 113 88
4 83 73 92 113
4 48 72 108 92
4 92 48 52 113
4 72 52 113 108
4 37 88 108 73
4 37 51 113 88
4 73 51 113 108
4 37 68 108 86
4 48 86 108 67
4 52 88 108 85
4 83 51 92 108
4 72 86 92 67
4 52 53 92 74
4 73 86 88 68
4 51 44 88 74
4 70 8 18 104
4 15 104 34 49
4 13 97 104 29
4 8 97 104 26
4 49 105 97 8
4 104 26 49 105
4 13 105 104 10
4 8 31 105 19
4 15 26 34 105
4 29 10 97 105
4 31 97 19 49
4 18 97 70 26
4 55 75 112 59
4 60 112 75 39
4 72 84 112 76
4 80 112 103 69
4 103 39 72 106
4 57 112 103 39
4 57 112 106 72
4 58 55 76 112
4 69 58 112 106
4 42 106 78 39
4 57 84 106 76
4 80 106 103 58
4 42 72 78 103
4 60 103 75 57
4 58 59 76 75
4 73 81 112 75
4 76 22 32 112
4 80 112 93 66
4 59 112 107 66
4 22 73 107 93
4 22 93 112 57
4 73 57 112 107
4 63 107 77 22
4 57 81 107 75
4 80 107 93 59
4 63 73 77 93
4 32 93 76 57
4 4 81 116 18
4 82 8 18 116
4 62 81 116 34
4 49 95 116 34
4 62 33 116 82
4 40 33 116 98
4 49 102 98 8
4 98 8 31 116
4 49 31 116 102
4 4 95 116 32
4 32 40 102 116
4 8 94 102 26
4 34 102 95 31
4 32 98 102 33
4 26 98 94 49
4 82 31 18 98
4 32 18 95 81
4 34 82 81 33
4 37 44 114 75
4 39 45 114 75
4 86 72 84 114
4 68 96 114 83
4 72 108 96 39
4 39 42 114 96
4 72 108 114 42
4 43 37 86 114
4 43 68 108 114
4 39 88 108 57
4 86 42 84 108
4 83 43 96 108
4 72 88 96 57
4 45 42 75 96
4 44 43 75 86
4 82 8 19 117
4 12 19 117 84
4 45 117 82 28
4 45 117 94 40
4 28 84 117 34
4 26 90 117 34
4 60 117 90 12
4 40 60 117 102
4 70 117 94 8
4 70 26 102 117
4 90 70 34 102
4 60 94 102 45
4 84 60 19 90
4 19 94 82 70
4 82 34 45 84
4 33 22 76 115
4 53 115 76 48
4 85 67 91 115
4 73 86 115 81
4 48 86 115 64
4 64 67 108 115
4 73 108 91 22
4 91 22 63 115
4 73 63 115 108
4 22 92 108 57
4 64 91 108 85
4 81 108 86 63
4 53 86 76 64
4 73 92 91 57
4 63 33 91 76
4 70 25 77 110
4 67 82 110 74
4 59 97 110 80
4 68 110 97 25
4 25 67 111 97
4 68 110 111 67
4 58 59 111 110
4 31 111 78 25
4 68 74 111 82
4 80 111 97 58
4 67 31 97 78
4 70 97 77 68
4 89 71 75 114
4 5 86 114 16
4 83 51 101 114
4 44 51 107 114
4 5 101 107 71
4 101 5 42 114
4 71 107 114 42
4 63 5 87 107
4 42 89 107 75
4 83 107 101 44
4 71 87 101 63
4 42 16 101 86
4 23 89 118 18
4 26 18 118 90
4 61 89 118 19
4 49 19 118 95
4 61 17 118 90
4 17 118 98 40
4 16 23 95 118
4 40 16 118 94
4 26 15 118 98
4 94 49 15 118
4 95 15 19 94
4 94 17 16 98
4 15 18 98 90
4 90 19 17 89
4 18 95 89 16
4 33 116 77 22
4 25 34 116 77
4 67 82 116 92
4 81 116 96 57
4 25 67 108 96
4 25 96 116 31
4 67 108 116 31
4 22 92 116 32
4 57 108 116 32
4 68 108 91 25
4 82 108 92 31
4 81 108 96 32
4 67 91 96 68
4 31 34 96 77
4 32 77 92 33
4 34 117 78 25
4 78 39 45 117
4 57 91 117 84
4 68 82 117 88
4 60 117 88 39
4 60 117 108 57
4 25 70 117 91
4 68 70 117 108
4 60 91 108 84
4 82 108 88 70
4 45 88 78 60
4 34 91 78 70
4 5 17 115 86
4 52 85 115 100
4 71 76 115 89
4 53 115 106 52
4 71 106 100 5
4 63 5 100 115
4 71 106 115 63
4 42 106 99 5
4 53 85 106 100
4 89 63 76 106
4 42 71 99 100
4 17 100 86 63
4 9 70 110 87
4 74 110 90 52
4 44 83 110 104
4 69 110 104 9
4 52 113 104 9
4 110 69 52 113
4 43 110 113 44
4 9 15 113 88
4 69 90 113 74
4 83 113 104 43
4 52 88 104 15
4 70 104 87 69
4 66 77 116 95
4 92 6 18 116
4 63 81 116 101
4 63 107 116 33
4 66 107 101 6
4 6 31 116 101
4 66 107 116 31
4 51 6 93 107
4 31 95 107 77
4 81 107 101 33
4 51 66 93 101
4 18 31 92 101
4 86 73 77 119
4 77 68 88 119
4 78 119 86 72
4 78 67 92 119
4 76 119 88 72
4 57 76 119 96
4 73 92 119 75
4 75 57 91 119
4 74 119 96 68
4 67 74 119 91
4 91 78 74 92
4 76 91 96 75
4 74 88 96 77
4 78 88 86 76
4 75 77 92 86
4 17 118 87 5
4 19 9 87 118
4 52 90 118 99
4 42 89 118 103
4 52 9 103 106
4 15 118 103 9
4 106 52 15 118
4 16 5 99 118
4 42 106 118 16
4 9 69 106 100
4 15 90 106 99
4 89 106 103 16
4 69 103 100 52
4 19 15 87 103
4 16 87 99 17
4 9 88 117 19
4 84 117 100 42
4 78 117 90 69
4 45 42 106 117
4 9 100 117 70
4 69 106 117 70
4 45 84 106 100
4 70 90 106 78
4 70 19 100 88
4 6 15 113 92
4 64 105 113 85
4 74 113 95 66
4 64 111 113 53
4 66 6 105 111
4 6 51 113 105
4 66 51 113 111
4 6 99 111 31
4 53 85 111 105
4 51 95 111 74
4 31 66 99 105
4 51 15 105 92
4 13 93 112 60
4 76 64 94 112
4 33 109 112 81
4 59 112 109 13
4 109 13 64 115
4 64 115 112 59
4 33 115 112 32
4 13 17 115 91
4 59 76 115 94
4 32 81 115 109
4 64 17 109 91
4 60 109 93 59
4 77 58 98 116
4 18 116 96 10
4 82 70 104 116
4 70 110 116 34
4 10 104 110 58
4 32 10 104 116
4 58 110 116 32
4 10 97 110 43
4 77 110 98 32
4 34 104 110 82
4 58 43 104 97
4 32 96 104 18
4 87 118 95 51
4 6 99 118 18
4 63 89 118 93
4 63 107 118 17
4 15 118 93 6
4 51 107 118 15
4 87 15 95 107
4 93 107 89 17
4 15 99 93 18
4 71 87 119 76
4 69 87 119 78
4 52 99 119 88
4 42 86 119 103
4 71 99 119 75
4 42 100 119 75
4 69 103 119 74
4 52 74 119 100
4 74 99 100 88
4 86 100 103 75
4 74 87 103 78
4 87 75 76 99
4 13 93 118 19
4 64 94 118 99
4 95 31 97 118
4 64 13 97 111
4 13 97 118 17
4 64 111 118 17
4 18 31 111 118
4 13 105 111 59
4 17 99 111 94
4 95 111 97 18
4 64 105 97 59
4 19 17 93 97
4 13 19 117 91
4 82 31 105 117
4 59 78 117 94
4 34 117 111 31
4 13 60 117 105
4 59 111 117 60
4 78 60 94 111
4 82 111 105 34
4 60 91 105 19
4 16 10 96 114
4 60 109 114 84
4 75 114 98 58
4 60 45 114 112
4 58 112 109 10
4 10 109 114 43
4 58 112 114 43
4 32 112 103 10
4 45 109 112 84
4 75 43 98 112
4 58 103 109 32
4 43 16 109 96
4 45 29 101 114
4 53 102 114 86
4 17 109 114 89
4 29 109 114 44
4 29 109 115 53
4 44 53 115 114
4 16 114 115 17
4 33 115 100 29
4 44 86 115 102
4 16 89 115 109
4 53 33 109 100
4 44 101 109 45
4 87 118 98 43
4 18 10 103 118
4 70 90 118 97
4 19 70 110 118
4 10 97 118 16
4 43 110 118 16
4 16 98 110 87
4 97 110 90 19
4 18 97 103 16
4 92 51 87 119
4 66 77 119 99
4 86 63 93 119
4 76 119 101 63
4 66 74 119 93
4 51 74 119 101
4 87 101 92 74
4 76 86 101 93
4 93 77 74 99
4 78 119 93 59
4 64 91 119 99
4 92 119 97 31
4 77 119 105 31
4 76 119 97 59
4 76 119 105 64
4 76 99 105 91
4 92 77 97 105
4 76 78 97 93
4 60 103 118 94
4 93 32 98 118
4 19 60 112 118
4 18 118 112 32
4 93 18 98 112
4 94 112 103 19
4 29 101 116 34
4 53 92 116 102
4 15 95 116 104
4 33 116 104 29
4 53 29 104 113
4 33 53 113 116
4 18 15 113 116
4 29 105 113 44
4 92 113 102 33
4 18 104 113 95
4 53 44 104 105
4 33 34 104 101
4 29 100 117 34
4 15 105 117 90
4 44 88 117 102
4 19 15 113 117
4 45 117 105 29
4 44 45 117 113
4 45 88 113 102
4 90 113 105 19
4 45 100 105 34
4 84 114 107 80
4 85 108 114 89
4 86 114 112 76
4 83 114 112 80
4 85 80 112 115
4 85 83 114 115
4 76 115 114 75
4 80 81 115 106
4 89 115 108 83
4 75 112 115 86
4 81 112 106 85
4 84 112 107 83
4 87 119 96 43
4 77 58 103 119
4 70 88 119 97
4 70 104 119 78
4 58 75 119 97
4 75 43 104 119
4 75 96 104 87
4 88 78 97 104
4 77 97 103 75
4 91 119 103 60
4 32 96 119 93
4 77 119 109 32
4 78 119 109 60
4 77 93 109 96
4 78 91 109 103
4 44 88 119 101
4 92 53 100 119
4 15 104 119 99
4 15 87 119 105
4 44 86 119 104
4 86 53 105 119
4 105 100 86 92
4 99 87 104 105
4 88 104 101 86
4 96 116 102 45
4 101 116 98 16
4 45 34 116 114
4 18 16 114 116
4 34 102 114 96
4 101 18 98 114
4 80 82 116 107
4 95 116 108 85
4 74 110 116 92
4 80 81 116 110
4 80 85 113 110
4 81 85 113 116
4 74 77 116 113
4 80 111 113 83
4 95 113 108 81
4 92 113 110 77
4 85 83 110 111
4 82 81 107 110
4 17 94 117 100
4 33 91 117 102
4 19 17 115 117
4 34 117 115 33
4 34 102 115 91
4 94 115 100 19
4 80 82 117 106
4 74 88 117 111
4 90 83 108 117
4 78 74 113 117
4 80 111 117 84
4 83 113 117 84
4 90 113 108 84
4 78 111 113 88
4 82 111 106 84
4 45 96 119 100
4 103 16 101 119
4 16 87 119 109
4 88 45 109 119
4 87 101 109 103
4 96 109 100 88
4 91 33 101 119
4 99 17 109 119
4 93 17 100 119
4 33 92 119 109
4 100 109 93 99
4 91 109 101 92
4 83 90 118 107
4 95 85 106 118
4 99 74 110 118
4 87 74 111 118
4 83 89 118 110
4 89 85 111 118
4 95 111 106 89
4 99 87 110 111
4 90 89 107 110
4 84 98 116 108
4 75 96 116 107
4 84 114 116 82
4 77 116 114 75
4 82 98 114 108
4 96 77 107 114
4 91 76 106 117
4 94 81 108 117
4 78 76 115 117
4 81 82 117 115
4 82 108 115 94
4 78 91 115 106
4 34 105 119 96
4 18 97 119 101
4 18 93 119 104
4 91 119 104 34
4 101 104 97 93
4 96 104 105 91
4 98 118 106 84
4 75 107 118 103
4 75 87 118 112
4 84 90 118 112
4 90 106 112 98
4 103 87 107 112
4 103 119 105 19
4 19 97 119 100
4 103 97 105 100
4 94 118 107 81
4 99 118 112 76
4 93 118 106 76
4 81 112 118 95
4 99 93 112 106
4 95 107 112 94
4 100 86 108 117
4 102 117 106 89
4 86 115 117 88
4 90 89 115 117
4 90 106 115 102
4 88 100 115 108
4 82 111 118 98
4 77 97 118 107
4 93 77 110 118
4 94 82 110 118
4 94 98 110 111
4 93 107 110 97
4 103 78 111 118
4 106 78 97 118
4 103 97 111 106
4 102 116 107 89
4 86 114 116 92
4 86 101 116 108
4 89 95 116 114
4 101 92 108 114
4 102 114 107 95
4 92 108 117 105
4 102 117 111 95
4 92 91 117 113
4 94 95 113 117
4 94 102 113 111
4 105 113 108 91
4 90 113 116 98
4 104 116 107 87
4 87 101 116 110
4 102 116 110 90
4 98 110 113 102
4 107 101 104 110
4 88 96 116 113
4 88 108 116 104
4 104 96 108 113
4 109 96 108 115
4 98 102 115 112
4 91 115 114 96
4 94 98 114 115
4 94 112 114 102
4 91 108 114 109
4 99 105 117 106
4 100 117 111 99
4 106 100 105 111
4 93 109 114 107
4 101 93 112 114
4 107 101 109 112
4 103 106 115 109
4 103 112 115 100
4 109 112 106 100
4 97 111 113 104
4 97 110 113 105
4 111 105 104 110

# Cells
32 0 1 2 3 4 5 6 7 8 9 10 11 12 13 14 15 16 17 18 19 20 21 22 23 24 25 26 27 28 29 30 31
32 32 33 34 35 36 37 38 39 40 41 42 43 44 45 46 47 48 49 50 51 52 53 54 55 56 57 58 59 60 61 62 63
32 64 65 66 67 68 69 70 71 72 73 74 75 76 77 78 79 80 81 82 83 84 85 86 87 88 89 90 91 92 93 94 95
32 96 97 98 99 100 101 102 103 104 105 106 107 108 109 110 111 112 113 114 115 116 117 118 119 120 121 122 123 124 125 126 127
32 128 129 130 131 132 133 134 135 136 137 138 139 140 141 142 143 144 145 146 147 148 149 150 151 152 153 154 155 156 157 158 159
32 160 161 162 163 164 165 166 167 168 169 170 171 172 173 174 175 176 177 178 179 180 181 182 183 184 185 186 187 188 189 190 191
32 192 193 194 195 196 197 198 199 200 201 202 203 204 205 206 207 208 209 210 211 212 213 214 215 216 217 218 219 220 221 222 223
32 224 225 226 227 228 229 230 231 232 233 234 235 236 237 238 239 240 241 242 243 244 245 246 247 248 249 250 251 252 253 254 255
32 256 257 258 259 260 261 262 263 264 265 266 267 268 269 270 271 272 273 274 275 276 277 278 279 280 281 282 283 284 285 286 287
32 288 289 290 291 292 293 294 295 296 297 298 299 300 301 302 303 304 305 306 307 308 309 310 311 312 313 314 315 316 317 318 319
32 320 321 322 323 324 325 326 327 328 329 330 331 332 333 334 335 336 337 338 339 340 341 342 343 344 345 346 347 348 349 350 351
32 352 353 354 355 356 357 358 359 360 361 362 363 364 365 366 367 368 369 370 371 372 373 374 375 376 377 378 379 380 381 382 383
32 0 384 385 386 387 388 389 390 391 392 393 394 395 396 397 398 399 400 401 402 403 404 405 406 407 408 409 410 411 412 413 414
32 415 416 417 418 419 420 421 422 423 424 425 426 427 428 429 430 431 432 433 434 435 436 437 438 439 440 441 442 443 444 445 446
32 447 448 449 450 451 452 453 454 455 456 457 458 459 460 461 462 463 464 465 466 467 468 469 470 471 472 473 474 475 476 477 478
32 479 480 481 482 483 484 485 486 487 488 489 490 491 492 493 494 495 496 497 498 499 500 501 502 503 504 505 506 507 508 509 510
32 511 512 513 514 515 516 517 518 519 520 521 522 523 524 525 526 527 528 529 530 531 532 533 534 535 536 537 538 539 540 541 542
32 543 544 545 546 547 548 549 550 551 552 553 554 555 556 557 558 559 560 561 562 563 564 565 566 567 568 569 570 571 572 573 574
32 575 576 577 578 579 580 581 582 583 584 585 586 587 588 589 590 591 592 593 594 595 596 597 598 599 600 601 602 603 604 605 606
32 32 607 608 609 610 611 612 613 614 615 616 617 618 619 620 621 622 623 624 625 626 627 628 629 630 631 632 633 634 635 636 637
32 416 638 639 640 641 642 643 644 645 646 647 648 649 650 651 652 653 654 655 656 657 658 659 660 661 662 663 664 665 666 667 668
32 669 670 671 672 673 674 675 676 677 678 679 680 681 682 683 684 685 686 687 688 689 690 691 692 693 694 695 696 697 698 699 700
32 701 702 703 704 705 706 707 708 709 710 711 712 713 714 715 716 717 718 719 720 721 722 723 724 725 726 727 728 729 730 731 732
32 64 609 733 734 735 736 737 738 739 740 741 742 743 744 745 746 747 748 749 750 751 752 753 754 755 756 757 758 759 760 761 762
32 448 640 763 764 765 766 767 768 769 770 771 772 773 774 775 776 777 778 779 780 781 782 783 784 785 786 787 788 789 790 791 792
32 701 793 794 795 796 797 798 799 800 801 802 803 804 805 806 807 808 809 810 811 812 813 814 815 816 817 818 819 820 821 822 823
32 679 707 824 825 826 827 828 829 830 831 832 833 834 835 836 837 838 839 840 841 842 843 844 845 846 847 848 849 850 851 852 853
32 96 613 854 855 856 857 858 859 860 861 862 863 864 865 866 867 868 869 870 871 872 873 874 875 876 877 878 879 880 881 882 883
32 480 644 884 885 886 887 888 889 890 891 892 893 894 895 896 897 898 899 900 901 902 903 904 905 906 907 908 909 910 911 912 913
32 669 798 914 915 916 917 918 919 920 921 922 923 924 925 926 927 928 929 930 931 932 933 934 935 936 937 938 939 940 941 942 943
32 129 386 736 944 945 946 947 948 949 950 951 952 953 954 955 956 957 958 959 960 961 962 963 964 965 966 967 968 969 970 971 972
32 417 449 915 973 974 975 976 977 978 979 980 981 982 983 984 985 986 987 988 989 990 991 992 993 994 995 996 997 998 999 1000 1001
32 543 888 1002 1003 1004 1005 1006 1007 1008 1009 1010 1011 1012 1013 1014 1015 1016 1017 1018 1019 1020 1021 1022 1023 1024 1025 1026 1027 1028 1029 1030 1031
32 517 549 828 1032 1033 1034 1035 1036 1037 1038 1039 1040 1041 1042 1043 1044 1045 1046 1047 1048 1049 1050 1051 1052 1053 1054 1055 1056 1057 1058 1059 1060
32 160 738 948 1061 1062 1063 1064 1065 1066 1067 1068 1069 1070 1071 1072 1073 1074 1075 1076 1077 1078 1079 1080 1081 1082 1083 1084 1085 1086 1087 1088 1089
32 511 767 1006 1090 1091 1092 1093 1094 1095 1096 1097 1098 1099 1100 1101 1102 1103 1104 1105 1106 1107 1108 1109 1110 1111 1112 1113 1114 1115 1116 1117 1118
32 193 390 857 1119 1120 1121 1122 1123 1124 1125 1126 1127 1128 1129 1130 1131 1132 1133 1134 1135 1136 1137 1138 1139 1140 1141 1142 1143 1144 1145 1146 1147
32 421 481 794 1148 1149 1150 1151 1152 1153 1154 1155 1156 1157 1158 1159 1160 1161 1162 1163 1164 1165 1166 1167 1168 1169 1170 1171 1172 1173 1174 1175 1176
32 224 387 610 860 1127 1177 1178 1179 1180 1181 1182 1183 1184 1185 1186 1187 1188 1189 1190 1191 1192 1193 1194 1195 1196 1197 1198 1199 1200 1201 1202 1203
32 485 546 704 1204 1205 1206 1207 1208 1209 1210 1211 1212 1213 1214 1215 1216 1217 1218 1219 1220 1221 1222 1223 1224 1225 1226 1227 1228 1229 1230 1231 1232
32 3 130 766 1096 1233 1234 1235 1236 1237 1238 1239 1240 1241 1242 1243 1244 1245 1246 1247 1248 1249 1250 1251 1252 1253 1254 1255 1256 1257 1258 1259 1260
32 35 67 923 976 1261 1262 1263 1264 1265 1266 1267 1268 1269 1270 1271 1272 1273 1274 1275 1276 1277 1278 1279 1280 1281 1282 1283 1284 1285 1286 1287 1288
32 256 859 1069 1124 1289 1290 1291 1292 1293 1294 1295 1296 1297 1298 1299 1300 1301 1302 1303 1304 1305 1306 1307 1308 1309 1310 1311 1312 1313 1314 1315 1316
32 171 263 827 1035 1317 1318 1319 1320 1321 1322 1323 1324 1325 1326 1327 1328 1329 1330 1331 1332 1333 1334 1335 1336 1337 1338 1339 1340 1341 1342 1343 1344
32 288 394 954 1063 1129 1291 1345 1346 1347 1348 1349 1350 1351 1352 1353 1354 1355 1356 1357 1358 1359 1360 1361 1362 1363 1364 1365 1366 1367 1368 1369 1370
32 453 514 672 1371 1372 1373 1374 1375 1376 1377 1378 1379 1380 1381 1382 1383 1384 1385 1386 1387 1388 1389 1390 1391 1392 1393 1394 1395 1396 1397 1398 1399
32 7 194 887 1009 1400 1401 1402 1403 1404 1405 1406 1407 1408 1409 1410 1411 1412 1413 1414 1415 1416 1417 1418 1419 1420 1421 1422 1423 1424 1425 1426 1427
32 39 99 804 1151 1428 1429 1430 1431 1432 1433 1434 1435 1436 1437 1438 1439 1440 1441 1442 1443 1444 1445 1446 1447 1448 1449 1450 1451 1452 1453 1454 1455
32 320 391 614 739 949 1185 1456 1457 1458 1459 1460 1461 1462 1463 1464 1465 1466 1467 1468 1469 1470 1471 1472 1473 1474 1475 1476 1477 1478 1479 1480 1481
32 4 227 642 891 1408 1482 1483 1484 1485 1486 1487 1488 1489 1490 1491 1492 1493 1494 1495 1496 1497 1498 1499 1500 1501 1502 1503 1504 1505 1506 1507 1508
32 102 259 710 1207 1509 1510 1511 1512 1513 1514 1515 1516 1517 1518 1519 1520 1521 1522 1523 1524 1525 1526 1527 1528 1529 1530 1531 1532 1533 1534 1535 1536
32 352 617 742 863 1066 1296 1537 1538 1539 1540 1541 1542 1543 1544 1545 1546 1547 1548 1549 1550 1551 1552 1553 1554 1555 1556 1557 1558 1559 1560 1561 1562
32 11 291 1005 1093 1242 1409 1563 1564 1565 1566 1567 1568 1569 1570 1571 1572 1573 1574 1575 1576 1577 1578 1579 1580 1581 1582 1583 1584 1585 1586 1587 1588
32 70 163 676 1374 1589 1590 1591 1592 1593 1594 1595 1596 1597 1598 1599 1600 1601 1602 1603 1604 1605 1606 1607 1608 1609 1610 1611 1612 1613 1614 1615 1616
32 8 323 646 770 1241 1490 1617 1618 1619 1620 1621 1622 1623 1624 1625 1626 1627 1628 1629 1630 1631 1632 1633 1634 1635 1636 1637 1638 1639 1640 1641 1642
32 37 229 420 1154 1436 1643 1644 1645 1646 1647 1648 1649 1650 1651 1652 1653 1654 1655 1656 1657 1658 1659 1660 1661 1662 1663 1664 1665 1666 1667 1668 1669
32 201 264 552 1210 1517 1670 1671 1672 1673 1674 1675 1676 1677 1678 1679 1680 1681 1682 1683 1684 1685 1686 1687 1688 1689 1690 1691 1692 1693 1694 1695 1696
32 575 648 775 896 1011 1098 1697 1698 1699 1700 1701 1702 1703 1704 1705 1706 1707 1708 1709 1710 1711 1712 1713 1714 1715 1716 1717 1718 1719 1720 1721 1722
32 43 355 797 918 1274 1440 1723 1724 1725 1726 1727 1728 1729 1730 1731 1732 1733 1734 1735 1736 1737 1738 1739 1740 1741 1742 1743 1744 1745 1746 1747 1748
32 134 167 520 1377 1594 1749 1750 1751 1752 1753 1754 1755 1756 1757 1758 1759 1760 1761 1762 1763 1764 1765 1766 1767 1768 1769 1770 1771 1772 1773 1774 1775
32 41 325 424 979 1266 1651 1776 1777 1778 1779 1780 1781 1782 1783 1784 1785 1786 1787 1788 1789 1790 1791 1792 1793 1794 1795 1796 1797 1798 1799 1800 1801
32 69 133 452 1380 1600 1759 1802 1803 1804 1805 1806 1807 1808 1809 1810 1811 1812 1813 1814 1815 1816 1817 1818 1819 1820 1821 1822 1823 1824 1825 1826 1827
32 261 297 548 1038 1325 1682 1828 1829 1830 1831 1832 1833 1834 1835 1836 1837 1838 1839 1840 1841 1842 1843 1844 1845 1846 1847 1848 1849 1850 1851 1852 1853
32 429 578 807 925 986 1161 1854 1855 1856 1857 1858 1859 1860 1861 1862 1863 1864 1865 1866 1867 1868 1869 1870 1871 1872 1873 1874 1875 1876 1877 1878 1879
32 75 362 684 921 1277 1601 1735 1880 1881 1882 1883 1884 1885 1886 1887 1888 1889 1890 1891 1892 1893 1894 1895 1896 1897 1898 1899 1900 1901 1902 1903 1904
32 105 233 488 1157 1439 1656 1905 1906 1907 1908 1909 1910 1911 1912 1913 1914 1915 1916 1917 1918 1919 1920 1921 1922 1923 1924 1925 1926 1927 1928 1929 1930
32 73 329 456 982 1272 1788 1812 1931 1932 1933 1934 1935 1936 1937 1938 1939 1940 1941 1942 1943 1944 1945 1946 1947 1948 1949 1950 1951 1952 1953 1954 1955
32 101 197 484 1216 1520 1680 1915 1956 1957 1958 1959 1960 1961 1962 1963 1964 1965 1966 1967 1968 1969 1970 1971 1972 1973 1974 1975 1976 1977 1978 1979 1980
32 165 293 516 1044 1328 1763 1838 1981 1982 1983 1984 1985 1986 1987 1988 1989 1990 1991 1992 1993 1994 1995 1996 1997 1998 1999 2000 2001 2002 2003 2004 2005
32 268 361 706 831 1330 1522 2006 2007 2008 2009 2010 2011 2012 2013 2014 2015 2016 2017 2018 2019 2020 2021 2022 2023 2024 2025 2026 2027 2028 2029 2030 2031
32 461 585 688 929 989 1384 1866 2032 2033 2034 2035 2036 2037 2038 2039 2040 2041 2042 2043 2044 2045 2046 2047 2048 2049 2050 2051 2052 2053 2054 2055 2056
32 107 364 718 801 1444 1524 1737 2020 2057 2058 2059 2060 2061 2062 2063 2064 2065 2066 2067 2068 2069 2070 2071 2072 2073 2074 2075 2076 2077 2078 2079 2080
32 145 299 526 1102 1249 1575 1760 1994 2081 2082 2083 2084 2085 2086 2087 2088 2089 2090 2091 2092 2093 2094 2095 2096 2097 2098 2099 2100 2101 2102 2103 2104
32 204 236 491 894 1413 1497 1918 1969 2105 2106 2107 2108 2109 2110 2111 2112 2113 2114 2115 2116 2117 2118 2119 2120 2121 2122 2123 2124 2125 2126 2127 2128
32 137 332 459 773 1247 1631 1816 1944 2129 2130 2131 2132 2133 2134 2135 2136 2137 2138 2139 2140 2141 2142 2143 2144 2145 2146 2147 2148 2149 2150 2151 2152
32 169 357 674 837 1332 1605 1893 2017 2153 2154 2155 2156 2157 2158 2159 2160 2161 2162 2163 2164 2165 2166 2167 2168 2169 2170 2171 2172 2173 2174 2175 2176
32 555 584 713 839 1046 1218 2177 2178 2179 2180 2181 2182 2183 2184 2185 2186 2187 2188 2189 2190 2191 2192 2193 2194 2195 2196 2197 2198 2199 2200 2201 2202
32 493 587 720 809 1164 1219 1868 2191 2203 2204 2205 2206 2207 2208 2209 2210 2211 2212 2213 2214 2215 2216 2217 2218 2219 2220 2221 2222 2223 2224 2225 2226
32 466 531 590 782 1106 1387 1709 2048 2227 2228 2229 2230 2231 2232 2233 2234 2235 2236 2237 2238 2239 2240 2241 2242 2243 2244 2245 2246 2247 2248 2249 2250
32 208 302 560 1015 1416 1577 1684 1842 2251 2252 2253 2254 2255 2256 2257 2258 2259 2260 2261 2262 2263 2264 2265 2266 2267 2268 2269 2270 2271 2272 2273 2274
32 148 178 306 961 1076 1357 1767 1997 2096 2275 2276 2277 2278 2279 2280 2281 2282 2283 2284 2285 2286 2287 2288 2289 2290 2291 2292 2293 2294 2295 2296 2297
32 113 207 241 870 1134 1194 1922 1972 2120 2298 2299 2300 2301 2302 2303 2304 2305 2306 2307 2308 2309 2310 2311 2312 2313 2314 2315 2316 2317 2318 2319 2320
32 238 334 427 654 1495 1629 1658 1790 2321 2322 2323 2324 2325 2326 2327 2328 2329 2330 2331 2332 2333 2334 2335 2336 2337 2338 2339 2340 2341 2342 2343 2344
32 79 143 337 749 959 1470 1819 1947 2144 2345 2346 2347 2348 2349 2350 2351 2352 2353 2354 2355 2356 2357 2358 2359 2360 2361 2362 2363 2364 2365 2366 2367
32 523 580 678 841 1048 1390 2045 2189 2240 2368 2369 2370 2371 2372 2373 2374 2375 2376 2377 2378 2379 2380 2381 2382 2383 2384 2385 2386 2387 2388 2389 2390
32 497 563 592 904 1020 1223 1711 2193 2220 2391 2392 2393 2394 2395 2396 2397 2398 2399 2400 2401 2402 2403 2404 2405 2406 2407 2408 2409 2410 2411 2412 2413
32 434 502 597 656 902 1167 1713 1870 2218 2407 2414 2415 2416 2417 2418 2419 2420 2421 2422 2423 2424 2425 2426 2427 2428 2429 2430 2431 2432 2433 2434 2435
32 84 180 370 752 1078 1549 1607 1896 2168 2436 2437 2438 2439 2440 2441 2442 2443 2444 2445 2446 2447 2448 2449 2450 2451 2452 2453 2454 2455 2456 2457 2458
32 211 274 307 1138 1303 1359 1688 1845 2266 2459 2460 2461 2462 2463 2464 2465 2466 2467 2468 2469 2470 2471 2472 2473 2474 2475 2476 2477 2478 2479 2480 2481
32 50 244 340 624 1190 1468 1660 1792 2336 2482 2483 2484 2485 2486 2487 2488 2489 2490 2491 2492 2493 2494 2495 2496 2497 2498 2499 2500 2501 2502 2503 2504
32 532 564 596 1022 1051 1109 1715 2196 2244 2385 2409 2505 2506 2507 2508 2509 2510 2511 2512 2513 2514 2515 2516 2517 2518 2519 2520 2521 2522 2523 2524 2525
32 115 276 372 874 1305 1527 1551 2023 2075 2526 2527 2528 2529 2530 2531 2532 2533 2534 2535 2536 2537 2538 2539 2540 2541 2542 2543 2544 2545 2546 2547 2548
32 437 470 601 660 781 993 1716 1874 2051 2245 2432 2549 2550 2551 2552 2553 2554 2555 2556 2557 2558 2559 2560 2561 2562 2563 2564 2565 2566 2567 2568 2569
32 52 119 375 628 872 1447 1553 1740 2072 2542 2570 2571 2572 2573 2574 2575 2576 2577 2578 2579 2580 2581 2582 2583 2584 2585 2586 2587 2588 2589 2590 2591
32 18 247 343 401 1193 1472 1500 1633 2339 2499 2592 2593 2594 2595 2596 2597 2598 2599 2600 2601 2602 2603 2604 2605 2606 2607 2608 2609 2610 2611 2612 2613
32 603 691 723 814 844 935 1873 2050 2198 2222 2386 2614 2615 2616 2617 2618 2619 2620 2621 2622 2623 2624 2625 2626 2627 2628 2629 2630 2631 2632 2633 2634
32 181 278 376 1080 1307 1335 1555 2026 2171 2453 2545 2635 2636 2637 2638 2639 2640 2641 2642 2643 2644 2645 2646 2647 2648 2649 2650 2651 2652 2653 2654 2655
32 57 89 379 631 751 1280 1556 1742 1898 2454 2588 2656 2657 2658 2659 2660 2661 2662 2663 2664 2665 2666 2667 2668 2669 2670 2671 2672 2673 2674 2675 2676
32 24 217 311 407 1136 1361 1419 1580 2268 2476 2677 2678 2679 2680 2681 2682 2683 2684 2685 2686 2687 2688 2689 2690 2691 2692 2693 2694 2695 2696 2697 2698
32 21 151 346 404 965 1254 1474 1636 2147 2362 2610 2699 2700 2701 2702 2703 2704 2705 2706 2707 2708 2709 2710 2711 2712 2713 2714 2715 2716 2717 2718 2719
32 381 694 726 817 848 938 1743 1900 2028 2077 2173 2634 2720 2721 2722 2723 2724 2725 2726 2727 2728 2729 2730 2731 2732 2733 2734 2735 2736 2737 2738 2739
32 184 281 312 1082 1309 1339 1364 1848 2000 2293 2478 2655 2740 2741 2742 2743 2744 2745 2746 2747 2748 2749 2750 2751 2752 2753 2754 2755 2756 2757 2758 2759
32 26 154 315 408 963 1252 1363 1582 2099 2292 2695 2717 2760 2761 2762 2763 2764 2765 2766 2767 2768 2769 2770 2771 2772 2773 2774 2775 2776 2777 2778 2779
32 23 215 250 406 1141 1196 1421 1502 2123 2315 2611 2696 2780 2781 2782 2783 2784 2785 2786 2787 2788 2789 2790 2791 2792 2793 2794 2795 2796 2797 2798 2799
32 55 87 348 627 756 1283 1475 1796 1950 2363 2501 2676 2800 2801 2802 2803 2804 2805 2806 2807 2808 2809 2810 2811 2812 2813 2814 2815 2816 2817 2818 2819
32 319 536 569 1025 1055 1113 1583 1850 2002 2100 2271 2525 2820 2821 2822 2823 2824 2825 2826 2827 2828 2829 2830 2831 2832 2833 2834 2835 2836 2837 2838 2839
32 124 220 284 877 1142 1310 1531 1691 1975 2318 2479 2548 2840 2841 2842 2843 2844 2845 2846 2847 2848 2849 2850 2851 2852 2853 2854 2855 2856 2857 2858 2859
32 59 121 252 632 878 1198 1450 1664 1925 2317 2502 2591 2860 2861 2862 2863 2864 2865 2866 2867 2868 2869 2870 2871 2872 2873 2874 2875 2876 2877 2878 2879
32 350 441 473 663 787 996 1637 1797 1951 2148 2341 2569 2880 2881 2882 2883 2884 2885 2886 2887 2888 2889 2890 2891 2892 2893 2894 2895 2896 2897 2898 2899
32 223 508 571 908 1027 1227 1423 1694 1976 2126 2272 2413 2900 2901 2902 2903 2904 2905 2906 2907 2908 2909 2910 2911 2912 2913 2914 2915 2916 2917 2918 2919
32 92 156 188 757 967 1084 1611 1770 1822 2295 2366 2458 2920 2921 2922 2923 2924 2925 2926 2927 2928 2929 2930 2931 2932 2933 2934 2935 2936 2937 2938 2939
32 254 442 505 664 909 1172 1504 1665 1926 2125 2342 2435 2940 2941 2942 2943 2944 2945 2946 2947 2948 2949 2950 2951 2952 2953 2954 2955 2956 2957 2958 2959
32 159 475 539 788 1114 1256 1395 1774 1823 2102 2150 2250 2960 2961 2962 2963 2964 2965 2966 2967 2968 2969 2970 2971 2972 2973 2974 2975 2976 2977 2978 2979
32 127 509 729 820 1171 1230 1451 1534 1928 1978 2078 2226 2980 2981 2982 2983 2984 2985 2986 2987 2988 2989 2990 2991 2992 2993 2994 2995 2996 2997 2998 2999
32 95 477 697 940 997 1285 1398 1615 1825 1903 1954 2056 3000 3001 3002 3003 3004 3005 3006 3007 3008 3009 3010 3011 3012 3013 3014 3015 3016 3017 3018 3019
32 191 542 699 850 1057 1341 1394 1613 1772 2004 2175 2390 3020 3021 3022 3023 3024 3025 3026 3027 3028 3029 3030 3031 3032 3033 3034 3035 3036 3037 3038 3039
32 63 446 821 941 999 1175 1286 1454 1668 1748 1800 1879 3040 3041 3042 3043 3044 3045 3046 3047 3048 3049 3050 3051 3052 3053 3054 3055 3056 3057 3058 3059
32 287 574 732 852 1059 1231 1343 1535 1695 1852 2031 2202 3060 3061 3062 3063 3064 3065 3066 3067 3068 3069 3070 3071 3072 3073 3074 3075 3076 3077 3078 3079
32 31 668 792 913 1030 1117 1258 1426 1507 1588 1642 1722 3080 3081 3082 3083 3084 3085 3086 3087 3088 3089 3090 3091 3092 3093 3094 3095 3096 3097 3098 3099
32 414 637 762 883 972 1089 1147 1203 1316 1370 1481 1562 3100 3101 3102 3103 3104 3105 3106 3107 3108 3109 3110 3111 3112 3113 3114 3115 3116 3117 3118 3119
5 415 2740 3120 3121 3122
5 479 2923 3123 3124 3125
5 544 2803 3126 3127 3128
5 512 2863 3129 3130 3131
5 447 2840 3132 3133 3134
5 638 2635 3135 3136 3137
5 702 2702 3138 3139 3140
5 671 2783 3141 3142 3143
5 763 2526 3144 3145 3146
5 824 2595 3147 3148 3149
5 793 2763 3150 3151 3152
5 884 2439 3153 3154 3155
5 914 2680 3156 3157 3158
5 973 2459 3159 3160 3161
5 1032 2485 3162 3163 3164
5 1002 2659 3165 3166 3167
5 1090 2574 3168 3169 3170
5 1148 2278 3171 3172 3173
5 1204 2348 3174 3175 3176
5 1371 2301 3177 3178 3179
5 33 2820 3180 3181 3182
5 97 2963 3183 3184 3185
5 257 2883 3186 3187 3188
5 162 2943 3189 3190 3191
5 65 2900 3192 3193 3194
5 607 2505 3195 3196 3197
5 711 2699 3198 3199 3200
5 675 2780 3201 3202 3203
5 733 2391 3204 3205 3206
5 832 2592 3207 3208 3209
5 805 2760 3210 3211 3212
5 854 2228 3213 3214 3215
5 922 2677 3216 3217 3218
5 1261 2251 3219 3220 3221
5 1317 2324 3222 3223 3224
5 1289 2549 3225 3226 3227
5 1062 2415 3228 3229 3230
5 1428 2084 3231 3232 3233
5 1509 2132 3234 3235 3236
5 1589 2108 3237 3238 3239
5 1 2720 3240 3241 3242
5 192 3003 3243 3244 3245
5 266 2880 3246 3247 3248
5 166 2940 3249 3250 3251
5 128 2980 3252 3253 3254
5 384 2614 3255 3256 3257
5 553 2800 3258 3259 3260
5 521 2860 3261 3262 3263
5 944 2204 3264 3265 3266
5 1039 2482 3267 3268 3269
5 1010 2656 3270 3271 3272
5 1119 2033 3273 3274 3275
5 1097 2570 3276 3277 3278
5 1233 2057 3279 3280 3281
5 1320 2321 3282 3283 3284
5 1295 2552 3285 3286 3287
5 1065 2417 3288 3289 3290
5 1400 1880 3291 3292 3293
5 1673 1934 3294 3295 3296
5 1749 1908 3297 3298 3299
5 2 2721 3300 3301 3302
5 289 3043 3303 3304 3305
5 269 2881 3306 3307 3308
5 106 2960 3309 3310 3311
5 225 3020 3312 3313 3314
5 385 2615 3315 3316 3317
5 556 2801 3318 3319 3320
5 492 2920 3321 3322 3323
5 1177 2368 3279 3324 3325
5 1211 2345 3276 3326 3327
5 1016 2657 3328 3329 3330
5 1345 1855 3331 3332 3333
5 895 2436 3267 3334 3335
5 1482 2153 3264 3336 3337
5 1512 2129 3288 3338 3339
5 1298 2553 3340 3341 3342
5 862 2230 3282 3343 3344
5 1563 1723 3345 3346 3347
5 1779 1831 3348 3349 3350
5 6 2723 3351 3352 3353
5 74 2903 3354 3355 3356
5 295 3040 3357 3358 3359
5 173 2941 3360 3361 3362
5 321 3060 3363 3364 3365
5 389 2617 3366 3367 3368
5 460 2843 3369 3370 3371
5 527 2861 3372 3373 3374
5 1456 2177 3291 3375 3376
5 1382 2298 3270 3377 3378
5 1103 2571 3379 3380 3381
5 741 2394 3283 3382 3383
5 774 2529 3268 3384 3385
5 1349 1858 3386 3387 3388
5 1617 2006 3273 3389 3390
5 1596 2105 3285 3391 3392
5 1071 2418 3393 3394 3395
5 1567 1727 3396 3397 3398
5 1646 1984 3399 3400 3401
5 34 2821 3402 3403 3404
5 354 3083 3405 3406 3407
5 262 2884 3408 3409 3410
5 198 3000 3411 3412 3413
5 226 3021 3414 3415 3416
5 608 2506 3336 3417 3418
5 714 2700 3335 3419 3420
5 495 2922 3421 3422 3423
5 1178 2369 3219 3424 3425
5 1213 2346 3217 3426 3427
5 810 2761 3428 3429 3430
5 1538 1698 3348 3431 3432
5 1158 2275 3207 3318 3433
5 1643 1981 3204 3315 3434
5 1670 1931 3228 3435 3436
5 1293 2555 3437 3438 3439
5 1122 2035 3222 3440 3441
5 1620 2009 3331 3442 3443
5 10 2725 3444 3445 3446
5 42 2823 3447 3448 3449
5 109 2961 3450 3451 3452
5 199 3001 3453 3454 3455
5 326 3063 3456 3457 3458
5 393 2619 3435 3459 3460
5 428 2743 3426 3461 3462
5 496 2921 3463 3464 3465
5 616 2510 3338 3466 3467
5 647 2638 3326 3468 3469
5 1459 2180 3345 3470 3471
5 1159 2276 3328 3472 3473
5 898 2437 3428 3474 3475
5 1123 2036 3476 3477 3478
5 1432 2082 3340 3479 3480
5 865 2231 3481 3482 3483
5 1404 1884 3437 3484 3485
5 1805 1959 3486 3487 3488
5 38 2826 3489 3490 3491
5 139 2983 3492 3493 3494
5 170 2944 3495 3496 3497
5 359 3080 3498 3499 3500
5 322 3061 3501 3502 3503
5 612 2508 3389 3504 3505
5 464 2845 3506 3507 3508
5 685 2782 3385 3509 3510
5 1457 2178 3231 3511 3512
5 1383 2299 3211 3513 3514
5 930 2678 3515 3516 3517
5 952 2206 3223 3518 3519
5 983 2463 3208 3372 3520
5 1068 2421 3521 3522 3523
5 1541 1701 3399 3524 3525
5 1776 1828 3213 3366 3526
5 1753 1905 3225 3527 3528
5 1485 2156 3386 3529 3530
5 66 2901 3531 3532 3533
5 131 2981 3534 3535 3536
5 358 3081 3537 3538 3539
5 258 2886 3540 3541 3542
5 294 3041 3543 3544 3545
5 734 2392 3280 3546 3547
5 833 2593 3278 3506 3548
5 528 2862 3516 3549 3550
5 945 2203 3220 3551 3552
5 1040 2483 3218 3369 3553
5 686 2781 3380 3554 3555
5 1540 1700 3294 3556 3557
5 1381 2300 3198 3258 3558
5 1802 1956 3195 3255 3559
5 1290 2550 3397 3560 3561
5 1348 1857 3234 3562 3563
5 418 2741 3424 3564 3565
5 577 3103 3566 3567 3568
5 550 2804 3440 3569 3570
5 200 3002 3571 3572 3573
5 228 3022 3574 3575 3576
5 639 2636 3324 3577 3578
5 708 2703 3344 3579 3580
5 110 2962 3581 3582 3583
5 1483 2154 3159 3402 3584
5 1514 2130 3157 3447 3585
5 802 2764 3482 3586 3587
5 1431 2081 3147 3306 3588
5 1644 1982 3144 3300 3589
5 1671 1932 3168 3444 3590
5 1007 2662 3477 3591 3592
5 1403 1883 3162 3408 3593
5 13 2726 3594 3595 3596
5 45 2824 3597 3598 3599
5 80 2904 3600 3601 3602
5 138 2984 3603 3604 3605
5 230 3023 3606 3607 3608
5 396 2620 3527 3609 3610
5 431 2744 3513 3611 3612
5 463 2844 3613 3614 3615
5 619 2511 3391 3616 3617
5 650 2639 3377 3618 3619
5 744 2395 3479 3620 3621
5 777 2530 3472 3515 3622
5 1180 2371 3396 3623 3624
5 984 2462 3379 3474 3625
5 951 2207 3484 3626 3627
5 1267 2254 3393 3481 3628
5 1236 2060 3476 3521 3629
5 71 2906 3630 3631 3632
5 103 2964 3633 3634 3635
5 231 3024 3636 3637 3638
5 365 3084 3639 3640 3641
5 327 3064 3642 3643 3644
5 737 2397 3442 3645 3646
5 433 2745 3419 3509 3647
5 811 2762 3469 3507 3648
5 858 2234 3529 3649 3650
5 931 2679 3422 3619 3651
5 1460 2181 3238 3652 3653
5 1160 2277 3203 3613 3654
5 1181 2372 3235 3655 3656
5 985 2464 3200 3463 3657
5 1544 1704 3486 3658 3659
5 422 2746 3511 3660 3661
5 140 2985 3662 3663 3664
5 518 2864 3518 3665 3666
5 583 3100 3667 3668 3669
5 324 3062 3670 3671 3672
5 643 2641 3375 3673 3674
5 81 2905 3675 3676 3677
5 680 2785 3383 3678 3679
5 1618 2007 3171 3489 3680
5 1597 2106 3151 3597 3681
5 926 2683 3620 3682 3683
5 1237 2061 3163 3495 3684
5 1268 2255 3148 3360 3685
5 1094 2577 3626 3686 3687
5 1777 1829 3153 3351 3688
5 1754 1906 3165 3594 3689
5 98 2966 3690 3691 3692
5 161 2946 3693 3694 3695
5 195 3006 3696 3697 3698
5 290 3046 3699 3700 3701
5 353 3086 3702 3703 3704
5 855 2227 3292 3705 3706
5 834 2594 3272 3421 3707
5 557 2802 3429 3554 3708
5 1061 2414 3346 3709 3710
5 715 2701 3329 3549 3711
5 1120 2032 3232 3712 3713
5 1041 2484 3212 3321 3714
5 1346 1854 3237 3715 3716
5 1212 2347 3201 3261 3717
5 1537 1697 3297 3718 3719
5 450 2841 3551 3720 3721
5 132 2982 3722 3723 3724
5 581 3101 3725 3726 3727
5 545 2806 3562 3728 3729
5 296 3042 3730 3731 3732
5 764 2527 3265 3733 3734
5 825 2596 3290 3675 3735
5 174 2942 3682 3736 3737
5 1234 2058 3160 3531 3738
5 1321 2322 3158 3354 3739
5 681 2784 3394 3740 3741
5 1595 2107 3138 3246 3742
5 1003 2660 3387 3743 3744
5 1803 1957 3135 3240 3745
5 1566 1726 3174 3540 3746
5 135 2986 3747 3748 3749
5 202 3004 3750 3751 3752
5 234 3026 3753 3754 3755
5 298 3044 3756 3757 3758
5 330 3066 3759 3760 3761
5 947 2210 3349 3762 3763
5 655 2640 3319 3373 3764
5 1017 2658 3371 3462 3765
5 1126 2039 3400 3766 3767
5 1104 2572 3323 3612 3768
5 1183 2374 3295 3769 3770
5 778 2531 3260 3464 3771
5 1351 1861 3487 3772 3773
5 899 2438 3263 3614 3774
5 1462 2183 3298 3775 3776
5 454 2846 3652 3777 3778
5 486 2924 3655 3779 3780
5 232 3025 3781 3782 3783
5 588 3104 3784 3785 3786
5 328 3065 3787 3788 3789
5 768 2532 3470 3790 3791
5 47 2825 3579 3678 3792
5 803 2765 3467 3676 3793
5 889 2445 3623 3794 3795
5 927 2684 3582 3617 3796
5 1621 2010 3178 3630 3797
5 1433 2083 3143 3600 3798
5 1486 2157 3175 3633 3799
5 1269 2256 3140 3450 3800
5 482 2926 3712 3801 3802
5 513 2866 3715 3803 3804
5 196 3007 3805 3806 3807
5 292 3047 3808 3809 3810
5 576 3106 3811 3812 3813
5 885 2440 3274 3814 3815
5 826 2597 3287 3581 3816
5 270 2882 3586 3740 3817
5 1091 2573 3332 3818 3819
5 709 2704 3341 3736 3820
5 1401 1881 3172 3690 3821
5 1322 2323 3152 3309 3822
5 1564 1724 3177 3693 3823
5 1513 2131 3141 3249 3824
5 451 2842 3546 3825 3826
5 68 2902 3733 3827 3828
5 582 3102 3829 3830 3831
5 703 2705 3556 3832 3833
5 360 3082 3834 3835 3836
5 974 2460 3205 3722 3837
5 1033 2486 3230 3662 3838
5 172 2945 3686 3839 3840
5 1262 2252 3145 3534 3841
5 1318 2325 3170 3492 3842
5 519 2865 3522 3843 3844
5 1752 1907 3126 3186 3845
5 795 2766 3524 3846 3847
5 1804 1958 3120 3180 3848
5 141 2988 3849 3850 3851
5 205 3009 3852 3853 3854
5 239 3029 3855 3856 3857
5 304 3048 3858 3859 3860
5 335 3069 3861 3862 3863
5 1239 2063 3350 3864 3865
5 621 2512 3307 3361 3866
5 1299 2554 3356 3449 3867
5 1406 1886 3401 3868 3869
5 1072 2419 3311 3599 3870
5 1488 2159 3296 3871 3872
5 745 2396 3248 3451 3873
5 1569 1729 3488 3874 3875
5 866 2232 3251 3601 3876
5 1623 2012 3299 3877 3878
5 457 2848 3775 3879 3880
5 489 2929 3769 3881 3882
5 235 3028 3883 3884 3885
5 594 3108 3886 3887 3888
5 331 3068 3889 3890 3891
5 977 2467 3471 3892 3893
5 15 2727 3569 3665 3894
5 1008 2663 3460 3663 3895
5 1152 2283 3624 3896 3897
5 1095 2578 3572 3610 3898
5 1780 1832 3179 3747 3899
5 1405 1885 3131 3603 3900
5 1647 1985 3176 3750 3901
5 1238 2062 3128 3453 3902
5 483 2927 3705 3903 3904
5 670 2788 3718 3905 3906
5 100 2967 3814 3907 3908
5 356 3087 3909 3910 3911
5 579 3107 3912 3913 3914
5 1149 2279 3214 3805 3915
5 1034 2487 3227 3571 3916
5 265 2885 3591 3843 3917
5 916 2681 3431 3918 3919
5 551 2805 3438 3839 3920
5 1429 2085 3154 3696 3921
5 1319 2326 3167 3411 3922
5 1672 1933 3129 3189 3923
5 419 2742 3417 3827 3924
5 36 2822 3577 3825 3925
5 589 3105 3926 3927 3928
5 829 2598 3432 3929 3930
5 366 3085 3931 3932 3933
5 975 2461 3196 3574 3934
5 1206 2349 3215 3781 3935
5 104 2965 3794 3936 3937
5 1263 2253 3136 3414 3938
5 1511 2133 3155 3636 3939
5 487 2925 3649 3940 3941
5 682 2786 3658 3942 3943
5 1645 1983 3132 3192 3944
5 77 2908 3877 3945 3946
5 111 2969 3871 3947 3948
5 240 3032 3949 3950 3951
5 368 3088 3952 3953 3954
5 336 3072 3955 3956 3957
5 1264 2259 3443 3958 3959
5 398 2621 3409 3496 3960
5 1294 2556 3446 3493 3961
5 1434 2089 3530 3962 3963
5 1070 2422 3412 3596 3964
5 1649 1987 3236 3852 3965
5 953 2208 3188 3454 3966
5 1125 2037 3191 3604 3967
5 1782 1834 3239 3849 3968
5 425 2748 3776 3969 3970
5 525 2869 3763 3971 3972
5 144 2991 3973 3974 3975
5 600 3113 3976 3977 3978
5 333 3067 3979 3980 3981
5 980 2465 3376 3982 3983
5 14 2729 3728 3779 3984
5 1004 2661 3368 3782 3985
5 1378 2306 3627 3986 3987
5 890 2446 3609 3731 3988
5 1674 1935 3173 3753 3989
5 1568 1728 3125 3606 3990
5 1806 1960 3164 3756 3991
5 1487 2158 3127 3357 3992
5 515 2867 3709 3993 3994
5 799 2769 3719 3995 3996
5 164 2947 3818 3997 3998
5 363 3091 3999 4000 4001
5 586 3111 4002 4003 4004
5 919 2685 3557 4005 4006
5 547 2807 3560 3936 4007
5 260 2887 3743 3940 4008
5 1372 2303 3229 3808 4009
5 1205 2350 3226 3730 4010
5 1590 2110 3169 3699 4011
5 1510 2134 3166 3543 4012
5 1778 1830 3123 3183 4013
5 423 2747 3504 3907 4014
5 40 2827 3673 3903 4015
5 593 3110 4016 4017 4018
5 835 2600 3525 4019 4020
5 367 3090 4021 4022 4023
5 455 2847 3645 3997 4024
5 716 2707 3659 4025 4026
5 72 2907 3790 3993 4027
5 1150 2280 3197 3670 4028
5 1373 2302 3206 3787 4029
5 1430 2086 3137 3501 4030
5 1591 2109 3146 3642 4031
5 641 2637 3316 3723 4032
5 5 2722 3564 3720 4033
5 595 3109 4034 4035 4036
5 1036 2488 3333 3973 4037
5 300 3045 3986 4038 4039
5 765 2528 3256 3575 4040
5 1208 2351 3275 3883 4041
5 203 3005 3896 4042 4043
5 1235 2059 3121 3312 4044
5 490 2928 3766 4045 4046
5 524 2868 3772 4047 4048
5 1484 2155 3133 3252 4049
5 48 2830 3878 4050 4051
5 177 2949 3865 4052 4053
5 147 2993 4054 4055 4056
5 374 3093 4057 4058 4059
5 339 3070 4060 4061 4062
5 1270 2257 3390 4063 4064
5 397 2623 3541 3634 4065
5 1292 2551 3353 3637 4066
5 1598 2113 3629 4067 4068
5 861 2235 3544 3595 4069
5 1808 1962 3224 3858 4070
5 1182 2373 3187 3358 4071
5 1350 1859 3185 3607 4072
5 1676 1937 3233 3855 4073
5 426 2749 3770 4074 4075
5 559 2809 3767 4076 4077
5 210 3011 4078 4079 4080
5 604 3115 4081 4082 4083
5 237 3027 3982 4084 4085
5 1156 2281 3325 3979 4086
5 1092 2575 3317 3788 4087
5 12 2728 3777 3803 4088
5 1214 2354 3478 4089 4090
5 769 2533 3459 3809 4091
5 1751 1909 3161 3759 4092
5 1565 1725 3134 3456 4093
5 1622 2011 3130 3303 4094
5 652 2643 3653 4095 4096
5 683 2787 3646 3974 4097
5 82 2911 3929 3971 4098
5 605 3116 4099 4100 4101
5 338 3071 4102 4103 4104
5 772 2534 3512 4105 4106
5 796 2767 3505 3884 4107
5 46 2829 3832 3881 4108
5 1379 2307 3621 3932 4109
5 1153 2284 3616 3835 4110
5 1807 1961 3149 3639 4111
5 1648 1986 3139 3498 4112
5 673 2789 3710 4113 4114
5 1013 2665 3716 4115 4116
5 168 2950 3918 4117 4118
5 301 3052 4119 4120 4121
5 591 3114 4122 4123 4124
5 1100 2579 3563 4125 4126
5 705 2706 3561 4042 4127
5 267 2888 3846 4045 4128
5 1375 2305 3289 3909 4129
5 1209 2352 3286 3834 4130
5 1750 1910 3156 3702 4131
5 1675 1936 3150 3537 4132
5 1619 2008 3124 3243 4133
5 645 2642 3367 3806 4134
5 1042 2490 3388 4078 4135
5 9 2724 3660 3801 4136
5 599 3112 4137 4138 4139
5 303 3050 4089 4140 4141
5 458 2849 3762 4117 4142
5 558 2808 3773 4143 4144
5 136 2987 3892 4113 4145
5 1376 2304 3266 3889 4146
5 886 2441 3257 3671 4147
5 1402 1882 3122 3363 4148
5 611 2507 3301 3535 4149
5 388 2616 3403 3532 4150
5 369 3089 4151 4152 4153
5 1323 2327 3347 4054 4154
5 305 3049 4067 4155 4156
5 735 2393 3241 3415 4157
5 1515 2135 3293 3949 4158
5 206 3008 3962 4159 4160
5 946 2205 3181 3313 4161
5 112 2968 3868 4162 4163
5 176 2948 3874 4164 4165
5 1179 2370 3193 3253 4166
5 49 2831 3872 4167 4168
5 273 2890 3869 4169 4170
5 213 3014 4171 4172 4173
5 378 3094 4174 4175 4176
5 243 3030 4063 4177 4178
5 1437 2087 3337 4060 4179
5 1064 2416 3302 3643 4180
5 395 2622 3631 3694 4181
5 1518 2139 3485 4182 4183
5 740 2398 3445 3700 4184
5 1461 2182 3190 3304 4185
5 1347 1856 3194 3457 4186
5 1755 1911 3221 3861 4187
5 16 2730 3968 4188 4189
5 179 2951 3959 4190 4191
5 83 2913 4154 4192 4193
5 310 3053 4194 4195 4196
5 342 3073 4197 4198 4199
5 1245 2067 3526 4200 4201
5 620 2514 3542 3751 4202
5 1297 2557 3491 3754 4203
5 1757 1913 3628 4151 4204
5 1128 2040 3538 3598 4205
5 1810 1964 3284 3952 4206
5 1184 2375 3247 3499 4207
5 1542 1702 3245 3608 4208
5 653 2644 3656 4209 4210
5 717 2708 3650 4079 4211
5 114 2971 4019 4076 4212
5 606 3118 4213 4214 4215
5 242 3031 4105 4216 4217
5 893 2442 3425 4102 4218
5 917 2682 3418 3890 4219
5 44 2828 3879 3905 4220
5 1215 2355 3483 4022 4221
5 978 2468 3466 3910 4222
5 1781 1833 3142 3405 4223
5 622 2515 3797 4224 4225
5 687 2790 3791 4055 4226
5 465 2851 3930 4052 4227
5 382 3096 4228 4229 4230
5 341 3074 4231 4232 4233
5 748 2401 3680 4234 4235
5 806 2768 3674 3950 4236
5 432 2751 3833 3947 4237
5 1599 2114 3622 3927 4238
5 1435 2090 3618 3830 4239
5 1809 1963 3209 3784 4240
5 1650 1988 3199 3667 4241
5 800 2770 3706 4084 4242
5 1014 2666 3713 4216 4243
5 108 2970 4005 4074 4244
5 209 3010 4125 4209 4245
5 598 3117 4246 4247 4248
5 892 2443 3441 4119 4249
5 830 2599 3439 4038 4250
5 271 2891 3942 4047 4251
5 1155 2282 3343 3999 4252
5 1037 2489 3342 3931 4253
5 677 2791 3819 4254 4255
5 1301 2559 3823 4256 4257
5 522 2871 3919 4258 4259
5 308 3054 4260 4261 4262
5 371 3095 4263 4264 4265
5 1074 2424 3746 4266 4267
5 712 2709 3744 4159 4268
5 554 2810 3847 4162 4269
5 1593 2112 3277 3912 4270
5 1516 2136 3271 3829 4271
5 1756 1912 3216 3811 4272
5 1677 1938 3210 3725 4273
5 1458 2179 3184 3244 4274
5 615 2509 3352 3697 4275
5 1326 2329 3398 4171 4276
5 392 2618 3490 3691 4277
5 373 3092 4278 4279 4280
5 309 3051 4182 4281 4282
5 78 2909 3864 4258 4283
5 272 2889 3875 4284 4285
5 142 2989 3958 4254 4286
5 1592 2111 3281 3955 4287
5 856 2229 3242 3502 4288
5 1121 2034 3182 3364 4289
5 17 2731 3965 4290 4291
5 275 2892 3963 4292 4293
5 117 2975 4276 4294 4295
5 314 3055 4296 4297 4298
5 246 3033 4200 4299 4300
5 1411 1889 3434 4197 4301
5 1067 2420 3404 3760 4302
5 618 2513 3695 3748 4303
5 1678 1941 3480 4278 4304
5 950 2212 3448 3703 4305
5 1463 2184 3250 3406 4306
5 1539 1699 3254 3458 4307
5 20 2732 4073 4308 4309
5 118 2972 4064 4310 4311
5 51 2832 4158 4312 4313
5 216 3012 4201 4314 4315
5 345 3075 4316 4317 4318
5 1493 2162 3436 4194 4319
5 746 2400 3410 3757 4320
5 1300 2558 3632 3749 4321
5 1352 1862 3407 3602 4322
5 1654 1989 3339 4057 4323
5 955 2211 3308 3640 4324
5 1545 1705 3305 3605 4325
5 399 2624 3899 4326 4327
5 530 2870 3893 4192 4328
5 468 2853 4037 4190 4329
5 316 3056 4330 4331 4332
5 344 3076 4333 4334 4335
5 957 2213 3688 4336 4337
5 1012 2664 3661 3856 4338
5 651 2646 3729 3853 4339
5 1758 1914 3625 4034 4340
5 1407 1887 3611 3726 4341
5 1811 1965 3269 3886 4342
5 1489 2160 3259 3668 4343
5 771 2535 3519 4120 4344
5 836 2601 3523 4140 4345
5 175 2952 4025 4143 4346
5 602 3119 4347 4348 4349
5 146 2990 4095 4115 4350
5 1101 2580 3552 4103 4351
5 920 2686 3547 3980 4352
5 76 2910 3969 3995 4353
5 1043 2491 3395 4021 4354
5 981 2466 3382 4000 4355
5 623 2516 3799 4356 4357
5 719 2710 3795 4172 4358
5 499 2932 4020 4169 4359
5 383 3098 4360 4361 4362
5 245 3034 4234 4363 4364
5 869 2237 3584 4231 4365
5 924 2687 3578 3956 4366
5 430 2750 3906 3945 4367
5 1519 2140 3475 4017 4368
5 1265 2260 3468 3913 4369
5 1783 1835 3202 3566 4370
5 808 2771 3815 4177 4371
5 1302 2560 3821 4363 4372
5 494 2931 4006 4167 4373
5 212 3013 4266 4356 4374
5 377 3097 4375 4376 4377
5 868 2238 3593 4260 4378
5 838 2602 3592 4155 4379
5 561 2812 3943 4164 4380
5 1438 2088 3334 4002 4381
5 1324 2328 3330 3926 4382
5 19 2733 4070 4383 4384
5 277 2893 4068 4385 4386
5 183 2954 4183 4387 4388
5 214 3016 4389 4390 4391
5 150 2995 4319 4392 4393
5 1573 1733 3559 4316 4394
5 864 2233 3533 3761 4395
5 743 2399 3692 3755 4396
5 1786 1836 3392 4174 4397
5 1186 2376 3355 3704 4398
5 1464 2185 3310 3539 4399
5 1543 1703 3314 3365 4400
5 400 2625 3901 4401 4402
5 562 2811 3897 4294 4403
5 500 2935 4135 4292 4404
5 317 3057 4405 4406 4407
5 248 3035 4336 4408 4409
5 1133 2042 3589 4333 4410
5 1099 2576 3565 3862 4411
5 649 2645 3804 3850 4412
5 1679 1942 3473 4137 4413
5 1240 2065 3461 3812 4414
5 1624 2013 3262 3567 4415
5 22 2734 4187 4416 4417
5 88 2914 4179 4418 4419
5 56 2835 4287 4420 4421
5 153 2994 4301 4422 4423
5 249 3036 4394 4424 4425
5 1627 2015 3528 4296 4389
5 867 2236 3497 3758 4426
5 1073 2423 3635 3752 4427
5 1354 1863 3452 3500 4428
5 1131 2041 3362 3641 4429
5 1546 1706 3359 3455 4430
5 403 2626 3989 4431 4432
5 501 2930 3983 4312 4433
5 436 2752 4041 4310 4434
5 219 3015 4337 4435 4436
5 347 3077 4437 4438 4439
5 1188 2378 3590 4330 4440
5 1018 2667 3778 3851 4441
5 779 2537 3570 3859 4442
5 1570 1730 3568 3615 4443
5 1655 1990 3327 3976 4444
5 1243 2064 3320 3785 4445
5 747 2402 3684 4261 4446
5 840 2603 3687 4281 4447
5 529 2872 4026 4284 4448
5 380 3099 4449 4450 4451
5 149 2992 4224 4256 4452
5 1075 2425 3738 4232 4453
5 928 2688 3734 4061 4454
5 462 2850 3996 4050 4455
5 1327 2330 3381 4016 4456
5 1271 2258 3384 4003 4457
5 1019 2668 3915 4299 4458
5 1304 2561 3921 4408 4459
5 498 2934 4126 4290 4460
5 116 2974 4267 4401 4461
5 313 3058 4462 4463 4464
5 1132 2043 3588 4263 4465
5 1045 2492 3587 4152 4466
5 721 2711 4048 4165 4467
5 1412 1890 3433 4122 4468
5 1329 2331 3430 4035 4469
5 54 2833 4206 4470 4471
5 280 2894 4204 4472 4473
5 186 2955 4304 4474 4475
5 86 2915 4323 4476 4477
5 120 2976 4397 4478 4479
5 1130 2038 3536 3644 4480
5 956 2209 3638 3698 4481
5 1187 2377 3494 3701 4482
5 1353 1860 3416 3503 4483
5 1465 2186 3413 3545 4484
5 402 2627 3991 4485 4486
5 566 2813 3987 4387 4487
5 534 2874 4090 4385 4488
5 218 3017 4489 4490 4491
5 152 2997 4440 4492 4493
5 1355 1864 3745 4437 4494
5 897 2444 3721 3863 4495
5 776 2536 3802 3857 4496
5 1787 1837 3378 4081 4497
5 1491 2161 3370 3813 4498
5 1625 2014 3322 3727 4499
5 405 2628 4092 4500 4501
5 469 2854 4086 4420 4502
5 439 2754 4146 4418 4503
5 155 2996 4410 4504 4505
5 251 3037 4494 4506 4507
5 1466 2187 3689 4405 4489
5 1107 2581 3780 3854 4508
5 900 2447 3666 3860 4509
5 1572 1732 3465 3669 4510
5 1414 1891 3374 3786 4511
5 625 2517 3939 4435 4512
5 503 2933 4106 4309 4513
5 658 2647 3935 4314 4514
5 122 2973 4235 4432 4515
5 349 3078 4516 4517 4518
5 1191 2379 3585 4228 4519
5 812 2772 3880 3946 4520
5 988 2469 3580 3953 4521
5 1496 2163 3427 4099 4522
5 1273 2261 3420 3887 4523
5 958 2214 3685 4264 4524
5 1047 2493 3683 4279 4525
5 689 2793 4144 4285 4526
5 318 3059 4527 4528 4529
5 85 2912 4257 4326 4530
5 1077 2426 3841 4334 4531
5 1105 2582 3837 4198 4532
5 467 2852 4116 4188 4533
5 1331 2332 3517 4138 4534
5 1246 2068 3520 4123 4535
5 1021 2669 4009 4392 4536
5 1306 2562 4011 4492 4537
5 533 2875 4249 4383 4538
5 182 2956 4378 4485 4539
5 221 3018 4540 4541 4542
5 1356 1865 3742 4375 4543
5 1217 2353 3741 4153 4544
5 842 2604 4046 4163 4545
5 1574 1734 3558 4246 4546
5 1521 2137 3555 4036 4547
5 440 2756 4342 4548 4549
5 568 2816 4340 4550 4551
5 538 2876 4413 4552 4553
5 472 2856 4444 4554 4555
5 504 2936 4497 4556 4557
5 1410 1888 3724 3789 4558
5 1244 2066 3783 3807 4559
5 1492 2164 3664 3810 4560
5 1571 1731 3576 3672 4561
5 1626 2018 3573 3732 4562
5 626 2520 4111 4563 4564
5 725 2713 4109 4474 4565
5 695 2794 4221 4472 4566
5 123 2978 4567 4568 4569
5 90 2917 4519 4570 4571
5 1547 1707 3848 4516 4572
5 1162 2285 3826 3957 4573
5 987 2470 3904 3951 4574
5 1630 2016 3514 4213 4575
5 1652 1991 3508 3914 4576
5 1784 1839 3423 3831 4577
5 630 2518 4031 4504 4578
5 471 2855 4218 4417 4579
5 659 2649 4029 4422 4580
5 91 2916 4365 4501 4581
5 253 3038 4572 4582 4583
5 1469 2188 3681 4360 4567
5 932 2689 3882 3948 4584
5 1163 2286 3679 3954 4585
5 1442 2092 3510 3888 4586
5 754 2403 3842 4331 4587
5 535 2873 4096 4189 4588
5 784 2538 3838 4195 4589
5 187 2953 4225 4327 4590
5 351 3079 4591 4592 4593
5 960 2215 3739 4229 4594
5 690 2792 3970 4051 4595
5 991 2471 3735 4058 4596
5 1248 2069 3553 4100 4597
5 1276 2263 3548 3977 4598
5 1189 2380 3800 4376 4599
5 1221 2357 3796 4175 4600
5 815 2773 4077 4170 4601
5 222 3019 4602 4603 4604
5 53 2834 4372 4431 4605
5 871 2241 3938 4438 4606
5 901 2450 3934 4317 4607
5 435 2753 4243 4308 4608
5 1523 2141 3651 4082 4609
5 1494 2165 3657 4247 4610
5 1108 2583 4010 4390 4611
5 1079 2427 4012 4490 4612
5 565 2815 4344 4384 4613
5 279 2896 4446 4486 4614
5 158 2999 4615 4616 4617
5 1358 1867 3824 4449 4618
5 1389 2308 3820 4280 4619
5 843 2605 4142 4283 4620
5 1576 1736 3717 4347 4621
5 1604 2115 3711 4139 4622
5 813 2774 4129 4476 4623
5 1308 2563 4131 4570 4624
5 692 2795 4252 4470 4625
5 185 2957 4465 4563 4626
5 125 2977 4543 4627 4628
5 1548 1708 3845 4462 4540
5 1222 2356 3844 4156 4629
5 1049 2494 3941 4160 4630
5 1681 1939 3550 3928 4631
5 662 2651 4240 4632 4633
5 728 2714 4238 4552 4634
5 696 2796 4368 4550 4635
5 474 2857 4522 4636 4637
5 506 2938 4575 4638 4639
5 1441 2091 3828 3891 4640
5 1275 2262 3885 3908 4641
5 1653 1992 3677 3911 4642
5 1785 1840 3583 3836 4643
5 755 2406 4112 4627 4644
5 846 2606 4110 4479 4645
5 818 2775 4354 4473 4646
5 189 2958 4647 4648 4649
5 60 2837 4594 4624 4650
5 1552 1712 3944 4591 4651
5 1385 2310 3924 4062 4652
5 990 2472 3994 4056 4653
5 1628 2019 3654 4348 4654
5 1813 1966 3647 4004 4655
5 750 2405 4030 4506 4656
5 438 2755 4351 4416 4657
5 780 2540 4028 4424 4658
5 58 2836 4453 4500 4659
5 157 2998 4651 4660 4661
5 1467 2190 3798 4450 4647
5 1388 2311 3793 4059 4662
5 933 2690 3972 4053 4663
5 1603 2118 3648 3978 4664
5 873 2239 3922 4406 4665
5 567 2814 4210 4291 4666
5 903 2448 3916 4297 4667
5 282 2895 4357 4402 4668
5 255 3039 4669 4670 4671
5 1137 2044 3822 4361 4672
5 722 2712 4075 4168 4673
5 1168 2287 3816 4176 4674
5 1415 1892 3714 4214 4675
5 1443 2093 3707 4083 4676
5 1192 2381 3902 4463 4677
5 1225 2359 3898 4298 4678
5 1023 2671 4211 4293 4679
5 126 2979 4680 4681 4682
5 25 2735 4459 4512 4683
5 1135 2047 4044 4517 4684
5 1166 2289 4040 4318 4685
5 657 2648 4242 4313 4686
5 1683 1943 3768 4215 4687
5 1657 1993 3771 4248 4688
5 934 2691 4130 4478 4689
5 1081 2428 4132 4568 4690
5 724 2715 4355 4471 4691
5 283 2897 4524 4564 4692
5 93 2918 4618 4693 4694
5 1550 1710 3923 4527 4615
5 1391 2309 3920 4282 4695
5 1050 2495 4024 4286 4696
5 1762 1916 3708 4018 4697
5 816 2776 4270 4554 4698
5 1024 2672 4272 4636 4699
5 693 2797 4381 4548 4700
5 537 2877 4468 4632 4701
5 507 2937 4546 4702 4703
5 1526 2138 3840 4039 4704
5 1333 2333 3937 4043 4705
5 1685 1940 3737 3933 4706
5 786 2541 4241 4702 4707
5 849 2608 4239 4557 4708
5 819 2777 4456 4551 4709
5 443 2757 4597 4699 4710
5 540 2878 4654 4711 4712
5 1602 2117 3925 3981 4713
5 1278 2264 3975 3998 4714
5 1814 1967 3792 4001 4715
5 876 2243 4223 4648 4693
5 845 2607 4222 4477 4716
5 936 2692 4253 4475 4717
5 285 2898 4599 4644 4718
5 61 2839 4672 4690 4719
5 1554 1714 4013 4602 4669
5 1165 2288 4007 4173 4720
5 1220 2358 4014 4178 4721
5 964 2217 3992 4541 4722
5 1053 2496 3988 4391 4723
5 1026 2670 4345 4386 4724
5 190 2959 4725 4726 4727
5 28 2737 4537 4587 4728
5 1360 1869 4049 4592 4729
5 1386 2312 4032 4199 4730
5 783 2539 4114 4193 4731
5 1789 1841 3774 4349 4732
5 1815 1968 3764 4124 4733
5 962 2219 4148 4582 4734
5 661 2650 4352 4421 4735
5 992 2473 4147 4425 4736
5 27 2736 4531 4578 4737
5 94 2919 4729 4738 4739
5 1471 2192 3900 4528 4726
5 1392 2313 3895 4196 4740
5 1110 2585 4097 4191 4741
5 1764 1920 3765 4101 4742
5 1499 2167 3966 4464 4743
5 1529 2143 3964 4407 4744
5 1311 2565 4358 4403 4745
5 510 2939 4746 4747 4748
5 409 2629 4458 4514 4749
5 1418 1895 4161 4518 4750
5 1446 2095 4157 4439 4751
5 629 2519 4371 4434 4752
5 1687 1946 3870 4362 4753
5 1659 1996 3873 4377 4754
5 937 2693 4271 4556 4755
5 1112 2586 4273 4638 4756
5 727 2716 4457 4549 4757
5 570 2817 4535 4633 4758
5 476 2858 4621 4759 4760
5 1608 2116 3917 4141 4761
5 1334 2334 4027 4145 4762
5 1765 1917 3817 4023 4763
5 907 2452 4370 4711 4759
5 847 2609 4369 4555 4764
5 939 2694 4382 4553 4765
5 444 2758 4675 4756 4766
5 572 2818 4610 4707 4767
5 1445 2094 4008 4080 4768
5 1525 2142 4015 4085 4769
5 995 2475 4343 4703 4770
5 1056 2498 4341 4639 4771
5 1028 2673 4534 4634 4772
5 665 2652 4598 4698 4773
5 698 2798 4732 4774 4775
5 1761 1919 4033 4104 4776
5 1250 2070 4098 4118 4777
5 1817 1970 3894 4121 4778
5 1140 2049 4094 4616 4725
5 1052 2497 4091 4393 4779
5 1111 2584 4250 4388 4780
5 286 2899 4677 4722 4781
5 30 2739 4612 4665 4782
5 1362 1872 4133 4670 4680
5 1224 2360 4134 4300 4783
5 905 2449 4127 4295 4784
5 1253 2071 4071 4542 4785
5 1337 2335 4069 4491 4786
5 1312 2564 4447 4487 4787
5 541 2879 4788 4789 4790
5 411 2631 4536 4589 4791
5 1579 1739 4166 4593 4792
5 1606 2119 4149 4335 4793
5 753 2404 4255 4329 4794
5 1791 1844 3876 4451 4795
5 1818 1971 3866 4265 4796
5 1195 2384 4093 4660 4738
5 785 2543 4219 4419 4797
5 994 2474 4087 4423 4798
5 29 2738 4606 4656 4799
5 62 2838 4684 4734 4800
5 1473 2195 3990 4603 4681
5 1169 2290 3985 4315 4801
5 906 2451 4107 4311 4802
5 1251 2074 4289 4583 4803
5 633 2521 4454 4503 4804
5 1279 2265 4288 4507 4805
5 410 2630 4532 4580 4806
5 478 2859 4792 4807 4808
5 1632 2022 3967 4529 4789
5 1609 2121 3961 4332 4809
5 1083 2430 4226 4328 4810
5 1768 1923 3867 4230 4811
5 1170 2291 4415 4760 4774
5 1054 2500 4414 4637 4812
5 1115 2587 4469 4635 4813
5 666 2653 4676 4755 4814
5 730 2718 4688 4770 4815
5 1417 1894 4128 4212 4816
5 1686 1945 4136 4217 4817
5 998 2477 4445 4701 4818
5 1228 2361 4443 4712 4775
5 1029 2674 4609 4708 4819
5 789 2544 4523 4700 4820
5 822 2778 4687 4771 4821
5 1498 2166 4108 4244 4822
5 1661 1995 3984 4245 4823
5 1282 2267 4207 4628 4824
5 1340 2338 4205 4569 4825
5 1313 2566 4525 4565 4826
5 634 2522 4596 4623 4827
5 700 2799 4795 4828 4829
5 1766 1921 4150 4233 4830
5 966 2216 4227 4259 4831
5 1820 1973 3960 4262 4832
5 1420 1897 4185 4617 4788
5 1336 2337 4184 4493 4833
5 1085 2429 4379 4488 4834
5 573 2819 4743 4785 4835
5 413 2633 4611 4667 4836
5 1581 1741 4274 4671 4746
5 1528 2145 4275 4409 4837
5 875 2242 4268 4404 4838
5 1501 2170 4186 4661 4807
5 758 2410 4366 4502 4839
5 1281 2269 4180 4505 4840
5 412 2632 4607 4658 4841
5 445 2759 4750 4803 4842
5 1635 2025 4072 4604 4747
5 1448 2097 4066 4436 4843
5 879 2246 4236 4433 4844
5 1393 2316 4499 4766 4821
5 1226 2364 4498 4710 4845
5 910 2456 4547 4709 4846
5 790 2546 4622 4765 4847
5 851 2612 4733 4818 4848
5 1578 1738 4251 4346 4849
5 1793 1843 4088 4350 4850
5 1449 2098 4306 4694 4828
5 1338 2340 4305 4571 4851
5 1086 2431 4466 4566 4852
5 636 2523 4674 4689 4853
5 731 2719 4754 4824 4854
5 1689 1948 4277 4364 4855
5 1139 2046 4269 4359 4856
5 1173 2294 4511 4758 4848
5 1396 2314 4510 4767 4815
5 1116 2589 4664 4764 4857
5 911 2455 4586 4757 4858
5 942 2697 4742 4812 4845
5 1634 2021 4220 4353 4859
5 1284 2270 4324 4626 4860
5 1532 2146 4322 4649 4829
5 1314 2567 4600 4645 4861
5 759 2408 4521 4625 4862
5 823 2779 4753 4825 4863
5 1197 2382 4237 4373 4864
5 1662 1998 4065 4374 4865
5 1663 1999 4307 4739 4808
5 968 2223 4411 4579 4866
5 1255 2076 4302 4581 4867
5 635 2524 4685 4736 4868
5 667 2654 4751 4805 4869
5 1795 1847 4208 4682 4748
5 1422 1899 4203 4515 4870
5 1143 2052 4338 4513 4871
5 1397 2319 4577 4814 4819
5 1229 2365 4576 4773 4857
5 1174 2296 4631 4772 4847
5 1000 2480 4697 4813 4846
5 1058 2503 4655 4820 4858
5 1610 2124 4399 4719 4863
5 1530 2149 4398 4650 4872
5 880 2248 4544 4646 4873
5 761 2411 4619 4717 4874
5 853 2613 4796 4860 4875
5 1794 1846 4181 4452 4876
5 1365 1871 4380 4448 4877
5 1452 2101 4429 4692 4875
5 1612 2122 4428 4718 4854
5 1087 2433 4662 4716 4878
5 881 2247 4585 4691 4879
5 943 2698 4811 4851 4872
5 1476 2194 4367 4455 4880
5 1257 2073 4320 4539 4881
5 1692 1949 4325 4727 4790
5 1315 2568 4678 4723 4882
5 969 2221 4442 4538 4883
5 1031 2675 4744 4786 4884
5 1199 2383 4339 4460 4885
5 1503 2169 4202 4461 4886
5 1821 1974 4400 4800 4842
5 1200 2387 4495 4657 4887
5 1505 2172 4395 4659 4888
5 760 2412 4730 4798 4889
5 791 2547 4793 4840 4890
5 1584 1744 4321 4590 4891
5 1366 1875 4441 4588 4892
5 1614 2127 4643 4853 4861
5 1533 2151 4642 4827 4878
5 1453 2103 4706 4826 4874
5 1287 2274 4763 4852 4873
5 1342 2343 4715 4862 4879
5 1769 1927 4484 4782 4884
5 1690 1952 4482 4728 4893
5 1145 2054 4629 4724 4894
5 971 2225 4695 4780 4895
5 1060 2504 4832 4881 4896
5 1638 2024 4303 4530 4897
5 1557 1717 4467 4526 4898
5 1424 1901 4426 4614 4896
5 1771 1924 4430 4781 4835
5 1088 2434 4740 4779 4899
5 1144 2053 4509 4613 4900
5 1118 2590 4809 4833 4893
5 1477 2197 4412 4533 4901
5 1478 2199 4496 4608 4902
5 1639 2027 4396 4605 4903
5 882 2249 4783 4801 4904
5 912 2457 4837 4843 4905
5 1585 1745 4427 4668 4906
5 1367 1877 4508 4666 4907
5 1824 1977 4483 4799 4869
5 1201 2388 4573 4735 4908
5 1666 2001 4480 4737 4890
5 970 2224 4652 4797 4909
5 1001 2481 4830 4867 4888
5 1559 1719 4520 4595 4910
5 1773 1929 4562 4836 4882
5 1693 1953 4560 4791 4899
5 1425 1902 4704 4787 4895
5 1260 2080 4761 4834 4894
5 1344 2344 4778 4883 4900
5 1798 1849 4481 4683 4905
5 1368 1876 4630 4679 4911
5 1202 2389 4720 4784 4912
5 1232 2367 4865 4886 4906
5 1558 1718 4545 4601 4913
5 1479 2200 4574 4686 4914
5 1146 2055 4721 4802 4915
5 1176 2297 4855 4870 4903
5 1561 1721 4584 4673 4916
5 1826 1979 4561 4841 4868
5 1506 2174 4640 4804 4909
5 1667 2003 4558 4806 4889
5 1259 2079 4713 4839 4908
5 1288 2273 4776 4866 4887
5 1799 1851 4559 4749 4904
5 1586 1746 4705 4745 4912
5 1508 2176 4768 4838 4911
5 1536 2152 4823 4885 4907
5 1480 2201 4653 4731 4917
5 1369 1878 4696 4741 4918
5 1399 2320 4876 4891 4897
5 1560 1720 4620 4663 4919
5 1640 2029 4641 4752 4915
5 1427 1904 4769 4844 4914
5 1455 2104 4817 4871 4902
5 1641 2030 4714 4794 4918
5 1587 1747 4762 4810 4917
5 1616 2128 4850 4892 4901
5 1669 2005 4816 4856 4913
5 1696 1955 4822 4864 4916
5 1801 1853 4777 4831 4919
5 1775 1930 4859 4880 4910
5 1827 1980 4849 4877 4898
