# Generated using Miratope v0.5.0 (https://github.com/galoomba1/miratope-rs)
4OFF

# Vertices, Faces, Edges, Cells
120 4200 1200 1320

# Vertices
0.809016994374945 0.809016994374945 0.809016994374945 0.809016994374945 
0.809016994374945 0.809016994374945 0.809016994374945 -0.809016994374945 
0.809016994374945 0.809016994374945 -0.809016994374945 0.809016994374945 
1.30901699437495 -0.5 0 0.809016994374945 
0.809016994374945 0.809016994374945 -0.809016994374945 -0.809016994374945 
1.30901699437495 -0.5 0 -0.809016994374945 
0.809016994374945 0 0.5 1.30901699437495 
0.809016994374945 -0.5 1.30901699437495 0 
1.30901699437495 0 -0.809016994374945 0.5 
0 -1.30901699437495 0.5 0.809016994374945 
0.5 -1.30901699437495 -0.809016994374945 0 
1.30901699437495 0.809016994374945 0.5 0 
0.5 0 1.30901699437495 0.809016994374945 
0 0.809016994374945 1.30901699437495 -0.5 
0.5 -1.30901699437495 0.809016994374945 0 
0 -0.5 0.809016994374945 -1.30901699437495 
0 0.809016994374945 1.30901699437495 0.5 
-0.5 0.809016994374945 0 1.30901699437495 
-0.809016994374945 -0.5 1.30901699437495 0 
-1.30901699437495 -0.5 0 0.809016994374945 
-0.809016994374945 0.809016994374945 0.809016994374945 0.809016994374945 
-0.809016994374945 0.809016994374945 0.809016994374945 -0.809016994374945 
1.30901699437495 0 0.809016994374945 0.5 
0 -0.5 0.809016994374945 1.30901699437495 
0.5 0 1.30901699437495 -0.809016994374945 
0.809016994374945 -1.30901699437495 0 0.5 
0 -1.30901699437495 0.5 -0.809016994374945 
-0.809016994374945 0.809016994374945 -0.809016994374945 0.809016994374945 
0 -0.5 -0.809016994374945 1.30901699437495 
0.5 0.809016994374945 0 1.30901699437495 
1.30901699437495 0.809016994374945 -0.5 0 
0.809016994374945 -0.5 -1.30901699437495 0 
-0.809016994374945 0 0.5 1.30901699437495 
-0.809016994374945 -1.30901699437495 0 0.5 
0 1.61803398874989 0 0 
-1.30901699437495 0.809016994374945 0.5 0 
0 0.809016994374945 -1.30901699437495 0.5 
0.5 0.809016994374945 0 -1.30901699437495 
0 1.30901699437495 0.5 0.809016994374945 
-0.5 0 -1.30901699437495 0.809016994374945 
-0.5 -0.809016994374945 0 1.30901699437495 
-1.30901699437495 0.5 0 0.809016994374945 
0 0 0 1.61803398874989 
-0.809016994374945 0.5 1.30901699437495 0 
-1.30901699437495 -0.809016994374945 0.5 0 
-0.5 0 1.30901699437495 0.809016994374945 
0 1.30901699437495 -0.5 0.809016994374945 
-0.809016994374945 1.30901699437495 0 -0.5 
0.809016994374945 -0.809016994374945 -0.809016994374945 0.809016994374945 
1.30901699437495 0.5 0 0.809016994374945 
0.809016994374945 -1.30901699437495 0 -0.5 
1.30901699437495 0 0.809016994374945 -0.5 
0.809016994374945 -0.809016994374945 0.809016994374945 0.809016994374945 
-0.809016994374945 -0.809016994374945 0.809016994374945 0.809016994374945 
0 0.5 0.809016994374945 1.30901699437495 
-0.809016994374945 -0.809016994374945 -0.809016994374945 0.809016994374945 
0 0.5 -0.809016994374945 1.30901699437495 
1.61803398874989 0 0 0 
0.809016994374945 0.5 -1.30901699437495 0 
0 -0.809016994374945 1.30901699437495 -0.5 
0.809016994374945 0 0.5 -1.30901699437495 
-1.30901699437495 0 0.809016994374945 -0.5 
0.809016994374945 0.5 1.30901699437495 0 
-0.5 1.30901699437495 0.809016994374945 0 
0 -1.61803398874989 0 0 
1.30901699437495 -0.809016994374945 0.5 0 
0.809016994374945 1.30901699437495 0 -0.5 
1.30901699437495 0 -0.809016994374945 -0.5 
0 0.5 0.809016994374945 -1.30901699437495 
-0.5 1.30901699437495 -0.809016994374945 0 
0 0 1.61803398874989 0 
-0.809016994374945 -0.809016994374945 0.809016994374945 -0.809016994374945 
0.5 1.30901699437495 0.809016994374945 0 
-1.30901699437495 0 0.809016994374945 0.5 
-1.30901699437495 0.809016994374945 -0.5 0 
-0.809016994374945 0 -0.5 1.30901699437495 
0 -1.30901699437495 -0.5 0.809016994374945 
-1.61803398874989 0 0 0 
-0.809016994374945 1.30901699437495 0 0.5 
0.809016994374945 0 -0.5 1.30901699437495 
1.30901699437495 -0.809016994374945 -0.5 0 
0.5 -0.809016994374945 0 1.30901699437495 
0.5 0 -1.30901699437495 0.809016994374945 
0 1.30901699437495 -0.5 -0.809016994374945 
0.809016994374945 1.30901699437495 0 0.5 
0.809016994374945 0 -0.5 -1.30901699437495 
0 -0.809016994374945 -1.30901699437495 0.5 
0 -0.809016994374945 1.30901699437495 0.5 
0.809016994374945 -0.809016994374945 0.809016994374945 -0.809016994374945 
-0.5 -1.30901699437495 0.809016994374945 0 
0.809016994374945 -0.809016994374945 -0.809016994374945 -0.809016994374945 
1.30901699437495 0.5 0 -0.809016994374945 
-0.5 0 1.30901699437495 -0.809016994374945 
-0.809016994374945 0.809016994374945 -0.809016994374945 -0.809016994374945 
-1.30901699437495 -0.5 0 -0.809016994374945 
-0.809016994374945 0 0.5 -1.30901699437495 
-1.30901699437495 0 -0.809016994374945 -0.5 
-0.5 -1.30901699437495 -0.809016994374945 0 
-0.809016994374945 -1.30901699437495 0 -0.5 
0 -0.5 -0.809016994374945 -1.30901699437495 
-0.5 0.809016994374945 0 -1.30901699437495 
-0.809016994374945 -0.5 -1.30901699437495 0 
0 0.809016994374945 -1.30901699437495 -0.5 
-0.809016994374945 0 -0.5 -1.30901699437495 
0 -1.30901699437495 -0.5 -0.809016994374945 
0.5 -0.809016994374945 0 -1.30901699437495 
0 1.30901699437495 0.5 -0.809016994374945 
-1.30901699437495 0.5 0 -0.809016994374945 
0.5 1.30901699437495 -0.809016994374945 0 
0 0 0 -1.61803398874989 
0.5 0 -1.30901699437495 -0.809016994374945 
-0.809016994374945 -0.809016994374945 -0.809016994374945 -0.809016994374945 
-0.809016994374945 0.5 -1.30901699437495 0 
0 0.5 -0.809016994374945 -1.30901699437495 
-1.30901699437495 0 -0.809016994374945 0.5 
-1.30901699437495 -0.809016994374945 -0.5 0 
0 0 -1.61803398874989 0 
-0.5 0 -1.30901699437495 -0.809016994374945 
-0.5 -0.809016994374945 0 -1.30901699437495 
0 -0.809016994374945 -1.30901699437495 -0.5 

# Faces
4 0 1 4 2
4 0 3 5 1
3 0 2 3
3 1 5 4
4 4 5 3 2
4 6 8 5 7
3 6 7 9
4 6 8 10 9
4 5 7 9 10
3 8 5 10
3 12 13 11
4 11 12 14 5
4 11 5 15 13
4 13 15 14 12
3 5 15 14
3 16 17 6
4 6 9 18 16
4 9 19 17 6
4 16 17 19 18
3 18 9 19
4 0 1 21 20
3 1 7 0
4 20 18 7 0
4 1 7 18 21
3 20 18 21
4 23 18 24 22
3 23 25 22
4 22 24 26 25
4 18 23 25 26
3 18 26 24
4 2 0 20 27
4 2 28 23 0
3 0 20 23
3 27 28 2
4 27 20 23 28
3 29 30 22
4 22 29 28 25
4 22 25 31 30
4 30 31 28 29
3 25 31 28
4 12 32 28 3
3 12 3 14
4 14 33 32 12
4 28 33 14 3
3 32 33 28
4 29 12 13 34
4 29 32 35 34
3 34 35 13
3 32 29 12
4 13 12 32 35
4 6 11 34 17
4 11 34 36 8
3 34 36 17
3 6 8 11
4 6 8 36 17
4 16 22 30 34
4 16 24 37 34
3 30 37 34
3 24 16 22
4 30 22 24 37
3 2 38 6
4 2 39 40 6
4 2 39 41 38
4 6 38 41 40
3 40 39 41
4 42 41 43 12
3 42 9 12
4 42 41 44 9
4 12 9 44 43
3 43 44 41
4 45 0 46 41
3 0 45 13
4 46 47 13 0
4 13 45 41 47
3 46 41 47
4 49 12 9 48
4 48 50 51 49
3 48 9 50
3 49 51 12
4 9 50 51 12
4 52 48 55 53
4 48 52 54 56
3 53 54 52
3 48 55 56
4 53 55 56 54
4 0 57 48 42
4 46 58 57 0
3 0 46 42
3 48 58 57
4 48 42 46 58
3 57 52 0
4 0 13 59 52
4 57 0 13 60
4 52 57 60 59
3 59 60 13
4 53 59 62 54
4 54 53 61 63
3 53 61 59
3 62 54 63
4 63 62 59 61
4 40 64 65 6
3 65 59 64
4 64 40 45 59
4 6 45 59 65
3 6 40 45
4 6 62 66 2
4 2 67 65 6
3 2 67 66
3 6 65 62
4 62 65 67 66
4 38 12 51 66
3 43 38 12
4 51 12 43 68
4 38 43 68 66
3 51 68 66
4 54 63 66 49
3 54 49 56
4 66 49 56 69
4 54 63 69 56
3 66 69 63
4 34 0 70 21
4 0 34 37 51
3 70 51 0
3 34 21 37
4 21 37 51 70
4 20 21 71 53
4 21 24 12 20
3 53 12 20
3 71 24 21
4 71 24 12 53
4 72 21 73 54
4 72 21 74 46
3 73 74 21
3 72 46 54
4 54 73 74 46
4 12 29 75 53
4 3 76 53 12
3 75 76 53
3 12 29 3
4 29 75 76 3
4 77 18 16 78
3 77 75 78
4 77 18 23 75
4 16 78 75 23
3 18 16 23
3 20 34 0
4 0 79 75 20
4 34 0 79 36
4 36 75 20 34
3 79 75 36
4 51 80 79 0
4 0 23 14 51
3 0 23 79
3 80 14 51
4 23 14 80 79
3 22 16 1
4 15 1 22 14
4 1 16 18 15
4 18 14 22 16
3 15 18 14
3 73 70 54
4 70 54 81 14
4 73 33 14 70
4 73 33 81 54
3 33 81 14
4 22 54 46 30
3 54 22 81
4 30 82 81 22
4 46 54 81 82
3 30 46 82
4 12 72 30 3
3 24 72 12
4 72 24 5 30
4 12 3 5 24
3 3 5 30
4 30 1 16 29
4 16 1 83 78
3 30 83 1
3 16 78 29
4 29 78 83 30
4 66 0 79 58
4 66 0 17 69
3 0 17 79
3 69 58 66
4 17 79 58 69
3 22 84 1
4 1 22 80 85
4 84 1 85 58
4 22 84 58 80
3 80 58 85
3 6 25 57
4 57 6 56 58
4 25 57 58 86
4 6 25 86 56
3 56 86 58
3 52 70 0
4 0 52 40 17
4 70 73 17 0
4 73 40 52 70
3 17 40 73
4 49 54 40 48
4 48 49 46 39
3 40 48 39
3 54 46 49
4 40 54 46 39
4 87 22 80 64
3 64 87 40
4 40 79 80 64
4 79 40 87 22
3 80 22 79
4 6 62 88 25
4 88 89 45 62
3 88 89 25
3 45 62 6
4 6 45 89 25
4 0 70 88 57
3 0 57 66
4 66 0 70 68
4 88 68 66 57
3 70 68 88
4 52 48 90 88
3 48 49 52
4 52 88 91 49
4 49 91 90 48
3 88 90 91
4 63 1 22 54
4 1 92 87 22
3 1 92 63
3 22 54 87
4 54 87 92 63
4 63 46 49 62
3 49 91 62
4 49 91 83 46
4 62 91 83 63
3 46 83 63
4 6 84 63 45
3 6 84 56
4 63 84 56 41
4 41 56 6 45
3 41 63 45
4 20 21 93 27
4 20 19 94 21
3 20 27 19
3 21 94 93
4 93 27 19 94
4 18 95 96 19
4 18 19 97 26
3 26 95 18
3 19 96 97
4 95 26 97 96
4 23 89 92 16
4 23 16 35 19
3 92 35 16
3 23 89 19
4 35 92 89 19
4 13 7 5 37
4 26 7 13 95
3 7 26 5
3 37 95 13
4 5 26 95 37
3 9 45 7
4 7 15 61 45
4 7 9 98 15
4 9 45 61 98
3 61 98 15
4 21 1 4 93
4 4 99 15 1
3 1 21 15
3 4 93 99
4 21 15 99 93
3 74 61 100
4 61 98 101 74
4 74 101 99 100
4 98 99 100 61
3 98 99 101
4 92 89 50 60
4 60 92 94 99
3 92 94 89
3 50 99 60
4 50 99 94 89
3 34 16 11
4 11 60 100 34
4 16 34 100 92
4 92 16 11 60
3 92 60 100
4 35 95 37 34
4 34 102 96 35
3 37 102 34
3 96 35 95
4 37 95 96 102
4 34 13 45 17
3 17 74 34
4 13 61 74 34
4 45 61 74 17
3 13 61 45
3 77 98 18
4 75 77 98 76
4 18 98 76 23
3 75 76 23
4 23 7 13 20
3 13 20 61
4 20 61 89 23
4 7 13 61 89
3 23 89 7
4 29 16 35 27
4 27 29 23 19
3 27 35 19
3 23 29 16
4 27 35 100 102
4 27 101 94 35
3 27 101 102
3 35 94 100
4 102 100 94 101
4 28 17 73 33
4 74 17 28 101
3 74 17 73
3 33 101 28
4 73 74 101 33
3 19 61 89
4 61 19 101 103
4 89 104 101 19
4 61 103 104 89
3 101 104 103
3 21 93 77
4 15 98 77 21
4 99 98 77 93
3 98 99 15
4 1 100 35 16
3 15 100 1
3 16 18 35
4 100 15 18 35
4 70 73 94 15
3 15 70 14
3 73 33 94
4 15 94 33 14
3 34 37 13
4 37 34 74 103
4 13 37 103 61
3 61 74 103
3 34 0 17
4 17 73 21 34
3 21 73 70
4 20 77 93 34
3 77 20 75
3 34 36 93
4 77 75 36 93
3 12 72 20
4 72 20 61 68
4 20 61 59 12
4 12 72 68 59
3 61 68 59
3 0 30 51
4 83 63 0 30
4 51 0 63 68
4 30 51 68 83
3 83 68 63
3 14 22 70
4 70 68 91 22
4 14 70 68 105
4 14 105 91 22
3 91 105 68
3 0 52 42
4 0 52 80 30
4 42 82 30 0
4 42 52 80 82
3 82 80 30
4 88 62 49 80
4 66 85 88 62
3 85 88 80
3 62 49 66
4 66 85 80 49
3 64 80 81
4 59 12 81 64
4 59 51 80 64
4 51 80 81 12
3 51 59 12
4 54 22 14 53
4 53 76 79 54
3 53 14 76
3 22 79 54
4 22 79 76 14
4 0 70 53 42
3 70 63 0
4 41 63 0 42
4 41 53 70 63
3 41 53 42
4 53 71 88 52
3 88 62 52
4 52 62 43 53
4 88 62 43 71
3 71 43 53
4 12 49 46 20
4 20 75 81 12
3 20 75 46
3 49 81 12
4 46 75 81 49
4 62 54 46 66
3 62 54 43
4 62 66 47 43
4 54 46 47 43
3 46 66 47
4 79 46 72 22
3 22 91 72
4 79 58 91 22
4 46 72 91 58
3 58 79 46
4 67 3 0 66
3 0 3 7
4 7 60 66 0
4 3 67 60 7
3 67 60 66
4 12 65 60 13
3 12 18 13
4 18 12 65 26
4 26 60 13 18
3 60 26 65
3 42 38 12
4 18 12 42 19
4 38 35 19 42
4 12 18 35 38
3 19 35 18
3 0 13 66
4 13 35 17 0
4 69 35 13 66
3 69 35 17
4 62 106 35 45
3 59 62 45
4 59 95 106 62
4 59 95 35 45
3 95 106 35
3 27 34 2
4 27 32 6 2
4 6 2 34 16
4 27 34 16 32
3 6 32 16
3 48 2 42
4 2 48 65 11
4 12 42 2 11
4 12 65 48 42
3 12 65 11
3 2 4 57
4 4 106 38 2
4 2 57 62 38
4 106 4 57 62
3 62 106 38
4 3 28 17 0
4 0 3 9 45
3 0 45 17
3 3 9 28
4 45 17 28 9
3 6 62 57
4 62 59 50 57
4 6 9 50 57
4 59 9 6 62
3 9 59 50
4 7 16 32 9
3 92 7 16
4 16 32 44 92
4 9 44 92 7
3 9 32 44
4 12 14 71 43
4 32 43 71 33
3 33 71 14
3 12 32 43
4 71 68 62 87
4 71 105 65 87
3 68 71 105
3 62 87 65
4 62 68 105 65
4 16 73 71 24
4 24 106 107 71
3 71 73 107
3 16 24 106
4 16 73 107 106
3 22 29 16
4 29 108 91 22
4 16 106 91 22
4 16 29 108 106
3 91 106 108
4 49 91 24 12
4 14 12 49 80
3 91 80 49
3 14 24 12
4 91 80 14 24
4 21 109 88 70
4 88 70 72 91
3 88 91 109
3 21 70 72
4 72 91 109 21
3 62 54 84
4 65 8 84 62
4 84 54 81 8
4 54 62 65 81
3 65 81 8
4 29 81 87 16
4 16 29 75 73
3 75 81 29
3 16 73 87
4 75 73 87 81
4 70 88 64 53
3 70 22 88
4 22 88 64 81
4 81 53 70 22
3 64 53 81
3 49 72 12
4 49 72 78 56
4 49 12 32 56
4 32 78 72 12
3 78 56 32
4 21 77 53 70
4 70 54 78 21
3 78 21 77
3 54 70 53
4 53 77 78 54
4 62 43 78 84
4 83 84 62 68
3 78 84 83
3 68 62 43
4 83 68 43 78
3 106 93 95
4 93 106 91 110
4 95 105 110 93
4 105 95 106 91
3 105 110 91
4 91 62 92 109
4 65 91 109 26
3 92 26 109
3 65 91 62
4 65 62 92 26
3 16 21 24
4 21 83 84 16
4 24 91 83 21
4 24 91 84 16
3 91 84 83
4 107 73 33 111
4 111 26 92 107
3 111 33 26
3 73 92 107
4 73 92 26 33
4 77 111 109 21
4 21 83 112 77
3 109 83 21
3 77 112 111
4 111 112 83 109
4 88 90 111 71
4 88 90 113 68
3 88 71 68
3 90 111 113
4 68 113 111 71
3 71 77 21
4 21 16 87 71
4 77 32 16 21
4 87 32 77 71
3 16 87 32
3 87 88 22
4 68 72 22 88
4 43 87 88 68
4 22 87 43 72
3 68 43 72
3 87 44 64
4 87 64 105 24
4 44 95 105 64
4 24 95 44 87
3 95 24 105
3 93 78 114
4 43 95 93 78
4 93 95 44 114
4 43 44 114 78
3 43 95 44
4 62 106 78 54
4 62 54 73 92
3 62 92 106
3 54 78 73
4 78 73 92 106
3 72 108 78
4 72 78 107 68
4 68 72 108 113
4 78 108 113 107
3 68 113 107
4 28 36 30 3
4 3 30 110 10
3 36 110 30
3 28 10 3
4 36 110 10 28
3 3 51 14
4 51 85 31 3
4 14 3 31 104
4 14 51 85 104
3 85 104 31
3 100 102 85
4 104 94 100 85
4 104 101 102 85
3 101 104 94
4 82 67 50 76
4 67 99 101 82
3 50 99 67
3 76 101 82
4 99 50 76 101
4 4 93 27 2
3 4 31 2
4 27 101 31 2
4 93 101 31 4
3 93 101 27
4 7 50 67 11
4 7 15 37 11
3 11 37 67
3 7 15 50
4 50 15 37 67
4 15 5 10 98
4 15 5 110 103
3 5 110 10
3 15 98 103
4 110 103 98 10
4 36 34 37 110
3 34 36 74
3 103 37 110
4 103 110 36 74
4 34 30 51 13
4 34 100 85 30
3 34 13 100
3 51 85 30
4 85 100 13 51
3 34 11 29
4 34 102 67 11
4 29 82 102 34
4 67 11 29 82
3 67 102 82
3 93 77 27
4 38 27 93 106
4 38 27 77 43
4 77 43 106 93
3 38 43 106
3 53 77 55
4 77 55 56 78
3 56 54 78
3 16 11 29
4 81 65 11 29
4 65 11 16 87
3 87 81 65
3 32 38 27
4 38 49 82 27
4 32 81 82 27
4 49 38 32 81
3 82 49 81
3 18 12 20
4 20 75 33 18
4 81 33 18 12
3 33 75 81
3 54 72 22
4 22 8 108 72
4 54 56 8 22
4 54 56 108 72
3 108 56 8
3 16 21 78
4 21 16 11 37
4 37 108 78 21
4 16 11 108 78
3 11 108 37
4 20 29 108 47
3 29 20 75
4 47 20 75 112
4 29 108 112 75
3 108 47 112
3 49 38 12
4 106 91 49 38
4 38 106 24 12
3 106 91 24
3 20 72 47
4 20 72 24 18
4 18 95 47 20
4 24 95 47 72
3 24 95 18
3 53 43 54
4 14 53 43 24
4 54 22 24 43
3 22 14 24
3 54 79 84
4 84 69 41 54
4 84 69 39 79
4 54 41 39 79
3 39 69 41
3 1 63 0
4 2 69 63 0
4 63 1 4 69
3 2 69 4
4 17 69 106 16
3 17 16 73
4 17 73 107 69
3 106 69 107
4 54 79 57 62
4 25 87 62 57
3 57 25 79
3 62 87 54
4 87 25 79 54
4 7 57 84 16
4 60 106 84 57
3 60 7 57
3 16 106 84
4 7 60 106 16
4 38 66 57 6
3 57 66 58
3 6 38 56
4 38 56 58 66
4 0 52 88 1
4 1 0 45 92
3 0 52 45
3 1 92 88
4 88 92 45 52
3 63 54 41
4 44 87 54 41
4 92 44 41 63
3 87 44 92
3 62 38 66
4 92 62 38 35
4 66 100 92 62
4 38 35 100 66
3 92 100 35
3 6 7 16
4 6 40 73 16
4 6 40 89 7
4 89 73 16 7
3 40 89 73
4 38 45 40 56
3 38 45 35
4 38 56 114 35
4 45 35 114 40
3 40 114 56
4 52 0 2 48
3 0 17 2
4 40 48 2 17
3 48 40 52
4 69 38 11 4
4 11 4 100 13
3 4 69 100
3 11 13 38
4 13 100 69 38
3 20 34 27
4 27 96 61 20
4 100 34 20 61
4 34 27 96 100
3 61 100 96
4 38 11 3 42
3 38 45 42
4 7 45 42 3
4 7 11 38 45
3 7 3 11
3 63 0 66
4 0 63 92 7
4 63 66 60 92
3 92 7 60
4 2 66 63 17
3 66 102 2
4 17 74 102 2
4 66 63 74 102
3 17 63 74
4 2 34 1 57
4 16 6 57 1
3 16 1 34
3 2 57 6
4 69 38 42 39
3 42 39 19
3 38 69 35
4 35 19 39 69
3 92 45 63
4 45 19 74 63
4 92 63 74 94
4 94 92 45 19
3 19 74 94
3 12 20 29
4 29 20 19 28
4 9 19 20 12
4 12 29 28 9
3 9 28 19
3 14 23 70
4 23 70 61 19
4 70 61 98 14
4 14 23 19 98
3 98 19 61
3 18 21 16
4 21 16 17 74
4 19 74 21 18
3 17 19 74
4 15 21 16 7
3 21 15 37
3 11 7 16
4 18 12 51 15
3 9 12 18
3 50 15 51
4 18 15 50 9
3 13 35 45
4 13 15 89 45
4 89 45 35 94
4 13 15 94 35
3 89 15 94
3 1 70 0
4 0 3 14 70
4 14 5 1 70
3 5 3 14
3 2 11 3
4 17 2 11 16
4 3 2 17 23
4 11 16 23 3
3 17 23 16
3 76 42 3
4 89 76 42 45
4 89 76 3 7
3 89 7 45
3 30 34 29
4 12 29 30 51
3 13 51 12
4 34 0 42 27
4 35 45 0 34
3 0 45 42
3 35 27 34
4 45 35 27 42
4 20 70 1 34
3 34 1 100
4 61 100 1 70
3 61 70 20
4 16 92 88 22
4 89 23 22 88
3 88 92 89
3 22 23 16
3 20 70 21
4 19 89 70 20
4 94 21 70 89
3 19 94 89
4 54 73 89 52
4 52 76 75 54
3 76 52 89
3 54 75 73
4 76 89 73 75
3 54 84 63
4 54 75 36 84
4 74 63 84 36
4 54 75 74 63
3 75 74 36
4 16 73 74 34
3 100 74 34
3 16 73 92
4 100 74 73 92
3 40 17 45
4 17 40 115 74
4 45 61 115 40
3 74 115 61
4 1 0 46 83
3 0 46 20
3 21 83 1
4 46 20 21 83
4 57 1 70 52
3 84 1 57
4 70 1 84 54
4 52 57 84 54
3 52 70 54
4 7 45 63 1
3 1 7 15
4 61 15 1 63
3 61 45 63
3 16 34 17
4 34 30 79 17
4 17 79 22 16
3 30 79 22
4 79 0 7 25
3 0 7 45
4 45 0 79 40
4 40 25 7 45
3 79 25 40
4 23 79 46 20
4 19 39 46 20
3 23 19 20
3 46 39 79
4 79 23 19 39
4 81 32 44 64
3 64 44 59
3 12 32 81
4 12 59 44 32
3 24 87 16
4 35 16 24 95
4 16 35 44 87
3 95 35 44
3 54 43 78
4 78 54 40 114
4 54 43 44 40
3 44 40 114
3 12 38 11
4 12 11 8 81
4 56 8 11 38
4 12 81 56 38
3 8 56 81
3 56 55 41
4 55 9 6 56
4 45 9 55 41
3 9 45 6
4 84 16 32 56
4 35 69 84 16
3 56 69 84
3 35 16 32
4 35 69 56 32
3 16 84 6
4 6 84 91 65
4 6 16 24 65
3 24 65 91
4 62 65 9 45
3 62 45 92
4 26 9 45 92
3 65 26 9
3 48 49 65
4 40 87 65 48
4 54 49 65 87
3 54 87 40
3 62 49 54
4 62 106 108 49
4 78 54 49 108
3 106 78 108
4 11 106 43 12
4 11 60 59 12
3 11 106 60
3 12 43 59
4 60 106 43 59
4 106 92 45 38
3 41 38 45
4 41 107 106 38
4 41 107 92 45
3 107 106 92
3 20 13 18
4 100 13 20 74
4 18 94 74 20
4 13 100 94 18
3 74 94 100
3 32 27 35
4 33 101 27 32
4 33 94 35 32
3 101 94 33
3 9 45 19
3 92 94 26
4 9 19 94 26
4 74 20 29 36
3 19 20 74
3 28 29 36
4 28 19 74 36
4 23 73 114 28
4 23 28 97 89
3 89 73 23
3 114 97 28
4 73 89 97 114
4 11 13 20 29
3 23 29 20
4 23 7 11 29
3 11 7 13
3 21 16 73
4 73 21 15 89
3 7 15 89
4 7 6 32 18
3 6 7 25
4 6 32 33 25
4 18 33 25 7
3 33 32 18
3 0 34 1
4 34 1 92 35
3 92 45 35
3 34 93 21
4 21 93 114 73
4 34 17 114 93
3 73 17 114
4 81 55 41 54
3 82 55 81
4 41 55 82 46
3 41 54 46
4 52 42 55 64
3 52 45 42
4 64 52 45 44
4 45 44 55 42
3 64 55 44
4 55 27 20 53
3 53 61 20
3 27 55 96
4 53 55 96 61
3 49 52 51
4 52 45 38 49
4 45 52 51 13
4 49 51 13 38
3 45 38 13
3 27 42 20
4 20 72 108 27
4 20 72 49 42
4 27 108 49 42
3 72 108 49
3 49 56 48
4 9 32 56 48
3 12 32 9
3 32 77 43
4 77 98 59 43
4 9 32 77 98
4 9 59 43 32
3 9 98 59
3 54 81 53
4 53 81 65 59
3 59 62 65
4 95 13 45 44
3 41 45 44
3 47 95 13
4 41 44 95 47
4 32 77 47 38
4 77 32 56 112
3 77 47 112
3 32 56 38
4 56 112 47 38
3 22 72 70
4 70 15 5 22
4 70 15 37 72
4 5 22 72 37
3 5 37 15
3 46 30 0
4 37 13 0 30
4 47 37 30 46
3 13 37 47
4 49 108 37 51
3 51 49 80
4 108 49 80 110
4 51 80 110 37
3 37 110 108
3 20 70 53
4 20 29 81 53
4 22 29 20 70
3 29 81 22
3 21 34 20
4 11 12 20 34
4 34 11 24 21
3 11 24 12
4 46 0 3 82
3 3 23 0
4 23 0 46 75
4 75 82 3 23
3 46 75 82
3 22 5 30
4 5 22 81 10
4 30 5 10 82
3 81 82 10
3 12 42 49
4 49 42 76 80
4 12 14 76 42
3 14 76 80
4 14 24 11 3
3 67 3 11
4 67 105 24 11
4 3 67 105 14
3 105 24 14
3 13 51 0
4 23 0 13 18
4 51 13 18 14
3 18 14 23
4 49 58 90 65
4 65 90 86 81
3 58 90 86
3 81 65 49
4 58 49 81 86
4 11 8 90 60
4 113 108 8 90
3 90 60 113
3 11 108 8
4 108 11 60 113
4 91 22 25 90
4 24 91 90 26
3 25 90 26
3 24 91 22
3 62 49 38
4 62 87 81 49
4 62 87 32 38
3 87 32 81
3 11 65 60
3 92 87 16
4 87 65 60 92
4 57 48 64 88
3 57 48 6
4 48 64 87 6
4 88 57 6 87
3 64 87 88
3 6 11 16
4 6 56 108 11
4 16 78 56 6
3 56 108 78
4 57 4 116 48
3 57 4 84
4 116 56 84 4
4 48 57 84 56
3 48 56 116
4 22 25 40 54
3 22 25 8
3 54 40 56
4 8 25 40 56
3 54 84 22
4 22 24 106 84
4 43 106 84 54
3 106 43 24
4 58 49 38 69
3 49 58 91
3 38 69 106
4 69 106 91 58
4 88 57 4 109
3 106 109 4
3 88 62 57
4 62 106 109 88
4 0 34 4 57
3 0 57 79
4 57 79 36 4
3 34 36 4
4 4 84 62 60
4 63 100 4 84
3 100 60 4
3 63 84 62
4 60 62 63 100
4 4 90 88 1
4 1 4 8 22
3 1 88 22
3 8 4 90
4 88 90 8 22
4 106 11 5 109
3 109 106 92
4 92 7 5 109
4 92 106 11 7
3 5 11 7
3 11 2 6
4 2 11 5 31
4 2 31 25 6
4 6 11 5 25
3 31 5 25
3 57 62 60
4 26 60 57 25
4 62 60 26 87
3 25 87 26
4 6 62 63 17
3 62 87 6
4 87 62 63 73
4 73 17 6 87
3 17 63 73
4 22 84 17 23
3 22 8 84
4 23 28 8 22
4 8 28 17 84
3 23 17 28
4 11 106 69 2
3 69 2 17
3 11 106 16
4 4 106 78 36
4 106 4 117 107
3 4 36 117
3 107 78 106
4 107 117 36 78
4 109 110 112 107
4 107 115 104 109
3 109 104 110
3 112 115 107
4 112 110 104 115
4 83 107 92 1
4 92 1 85 118
3 1 83 85
3 92 107 118
4 83 107 118 85
4 88 25 8 91
4 88 104 110 91
3 88 104 25
3 91 8 110
4 104 25 8 110
3 57 90 4
4 36 86 90 4
4 79 86 90 57
3 36 86 79
3 111 86 114
4 111 114 69 113
4 111 86 58 113
4 69 58 86 114
3 69 58 113
3 80 86 64
4 85 118 64 80
4 86 117 118 64
4 80 86 117 85
3 85 117 118
3 84 8 56
4 84 8 110 83
4 84 56 112 83
4 56 112 110 8
3 112 110 83
4 63 68 91 84
3 63 69 84
4 91 113 69 84
4 69 113 68 63
3 68 113 91
4 34 4 116 27
4 34 4 8 29
3 116 8 4
3 34 27 29
4 116 27 29 8
4 27 55 111 93
4 27 82 110 93
3 27 55 82
3 93 111 110
4 55 111 110 82
4 35 106 108 27
4 96 113 108 27
3 35 96 27
3 108 113 106
4 106 35 96 113
3 106 11 24
4 11 106 113 67
4 106 24 105 113
3 105 113 67
3 2 11 38
4 37 11 2 102
4 2 38 47 102
4 37 47 38 11
3 37 102 47
4 3 11 108 82
3 5 11 3
4 5 110 108 11
4 5 110 82 3
3 108 82 110
4 60 4 8 65
4 8 4 99 10
3 4 60 99
3 10 65 8
4 60 65 10 99
4 10 105 113 116
4 10 98 96 116
3 113 116 96
3 10 105 98
4 96 98 105 113
4 28 10 67 2
3 67 2 102
4 28 101 102 2
4 101 10 67 102
3 101 10 28
4 37 95 111 110
3 26 95 111
4 26 111 110 5
3 5 37 110
3 47 95 77
4 102 47 77 101
4 101 77 95 99
4 47 95 99 102
3 99 102 101
3 93 34 4
4 93 4 60 95
4 34 4 60 13
4 34 93 95 13
3 60 95 13
4 78 21 103 112
3 37 103 21
3 108 112 78
4 108 37 103 112
4 77 95 113 112
4 98 119 112 77
3 98 95 77
3 113 119 112
4 95 98 119 113
3 61 47 20
4 75 115 61 20
4 61 47 112 115
3 75 115 112
3 70 71 21
4 37 105 71 21
4 70 71 105 51
3 51 105 37
4 107 68 105 111
4 107 111 110 83
3 110 105 111
3 83 107 68
4 83 110 105 68
3 64 105 59
4 61 59 64 115
4 64 105 103 115
4 61 59 105 103
3 103 115 61
4 43 95 98 53
3 53 98 14
3 95 24 43
4 14 24 95 98
4 53 71 111 55
4 53 71 107 41
3 53 55 41
3 71 111 107
4 111 55 41 107
4 41 46 72 43
3 72 83 46
4 43 107 83 72
4 41 46 83 107
3 41 107 43
3 24 91 72
4 72 91 113 47
4 24 91 113 95
3 47 113 95
4 61 98 105 68
4 68 61 96 113
3 68 105 113
3 61 96 98
4 13 66 113 95
3 69 66 113
3 13 95 35
4 95 113 69 35
4 77 111 116 27
3 27 47 77
4 116 113 47 27
4 77 47 113 111
3 113 116 111
4 55 98 61 41
3 9 98 55
3 45 61 41
4 55 112 107 44
4 44 118 119 55
3 119 55 112
3 107 44 118
4 112 107 118 119
3 55 32 56
4 96 35 32 55
4 55 96 69 56
3 96 69 35
3 13 59 12
4 35 44 59 13
3 32 35 44
3 107 43 106
4 43 107 118 59
4 107 118 60 106
3 60 118 59
4 77 53 64 111
4 53 59 95 77
3 59 64 53
3 111 95 77
4 95 59 64 111
4 53 42 27 77
3 38 42 27
4 53 43 38 42
3 53 77 43
3 62 38 45
4 62 68 47 38
4 45 62 68 61
4 45 38 47 61
3 61 68 47
3 38 108 106
4 41 112 108 38
4 107 112 108 106
3 107 112 41
4 70 23 17 63
3 61 70 63
4 19 61 63 17
3 17 23 19
3 74 83 21
3 16 84 17
4 17 84 83 74
3 69 39 17
4 17 39 115 73
4 39 115 107 69
3 107 115 73
3 88 1 70
4 100 118 88 1
4 88 118 61 70
3 61 118 100
3 1 109 4
4 107 63 1 109
4 4 109 107 69
3 63 107 69
4 15 85 83 21
4 94 117 83 21
3 94 15 21
3 85 83 117
4 117 94 15 85
3 61 19 74
4 19 74 117 97
4 61 118 117 74
4 97 118 61 19
3 118 97 117
4 34 36 114 35
3 34 100 35
4 34 100 117 36
4 35 114 117 100
3 36 114 117
3 92 107 109
4 89 92 109 104
4 92 89 115 107
3 104 115 89
3 45 40 89
4 89 40 114 94
3 35 94 114
3 73 63 70
4 100 63 70 15
4 100 63 73 94
3 100 15 94
3 75 20 74
3 33 94 18
4 33 75 74 94
3 83 21 78
4 78 21 94 114
4 78 114 117 83
3 94 114 117
4 36 93 35 17
4 101 19 35 93
3 36 101 93
3 17 35 19
4 17 36 101 19
3 36 4 84
4 74 36 4 100
3 74 63 100
4 84 22 70 63
3 22 70 23
3 63 84 17
4 78 29 23 73
3 23 29 28
4 78 29 28 114
3 78 114 73
4 93 109 1 34
3 92 109 1
3 34 35 93
4 35 92 109 93
3 93 34 27
4 34 30 82 27
4 30 110 93 34
3 30 82 110
4 29 32 55 82
4 78 32 55 112
3 82 112 55
3 29 78 32
4 78 112 82 29
4 82 108 38 42
3 42 3 82
3 11 108 38
4 38 11 24 43
3 24 11 37
3 38 47 43
4 43 24 37 47
3 46 72 49
4 49 67 37 72
4 49 67 102 46
4 46 102 37 72
3 102 67 37
3 34 20 13
4 13 95 77 20
3 93 95 77
4 47 77 75 46
3 77 101 75
3 47 102 46
4 75 101 102 46
3 72 21 78
4 18 12 72 21
4 21 78 32 18
3 12 18 32
3 93 78 106
4 93 94 73 78
4 93 106 92 94
3 92 73 94
3 92 62 87
3 32 38 35
4 92 35 32 87
3 4 116 93
4 78 93 4 84
4 78 93 116 56
3 56 84 78
3 45 17 63
4 63 107 114 17
4 45 63 107 44
4 45 44 114 17
3 44 107 114
3 38 69 2
4 28 32 38 2
4 28 2 69 114
4 38 69 114 32
3 32 114 28
3 6 56 40
3 16 73 78
4 78 73 40 56
4 7 6 84 1
3 84 63 1
3 6 7 45
4 20 42 55 77
3 46 20 42
4 20 46 112 77
4 46 112 55 42
3 77 112 55
4 83 112 41 63
4 61 63 83 103
3 61 41 63
3 112 83 103
4 61 103 112 41
3 66 47 38
4 66 58 112 47
3 56 112 58
4 70 52 42 20
4 70 52 49 72
3 49 42 52
3 72 20 70
4 49 54 75 82
3 49 108 82
3 78 54 75
4 75 78 108 82
4 53 75 78 43
4 53 115 107 43
3 53 115 75
3 78 43 107
4 78 107 115 75
3 53 81 12
4 41 53 12 38
4 41 56 81 53
3 38 56 41
4 77 20 70 71
4 70 20 47 68
3 77 47 20
3 70 71 68
4 71 77 47 68
4 81 87 44 55
3 41 44 55
3 54 87 81
4 8 56 55 10
3 9 10 55
3 6 56 8
3 12 29 11
4 78 106 11 29
4 29 78 43 12
3 43 106 78
4 6 32 43 62
3 62 59 43
3 9 32 6
3 54 72 49
4 72 49 65 24
4 54 87 24 72
3 65 24 87
3 67 11 65
3 81 82 29
4 65 81 82 67
4 48 64 53 42
3 65 48 64
3 42 53 12
4 53 64 65 12
3 6 38 62
4 6 8 91 62
4 91 108 38 62
4 8 6 38 108
3 108 8 91
4 48 116 27 42
3 48 49 42
4 48 49 108 116
3 27 108 116
4 54 41 47 72
3 72 47 108
3 56 54 41
4 41 56 108 47
3 6 57 84
4 84 57 31 36
4 57 31 28 6
4 84 36 28 6
3 31 36 28
4 36 30 0 17
3 0 63 17
3 30 36 83
4 63 17 36 83
4 79 36 78 54
3 54 79 40
4 36 114 40 79
3 114 36 78
3 88 1 57
4 16 87 88 1
3 16 87 6
3 4 34 1
4 22 1 34 29
3 29 8 22
3 21 1 70
4 21 78 84 1
3 84 78 54
3 0 7 23
4 23 73 63 0
4 23 73 92 7
3 63 73 92
3 17 28 6
4 87 33 28 6
3 73 33 87
3 34 16 29
4 29 34 74 75
3 73 75 74
3 70 22 54
4 25 89 70 22
4 54 70 89 40
3 25 40 89
4 25 8 29 23
3 75 29 23
4 29 75 86 8
4 25 23 75 86
3 25 86 8
4 7 5 30 0
3 0 79 30
4 25 5 30 79
3 7 25 5
4 102 66 38 27
3 27 82 102
3 66 49 38
4 82 49 66 102
4 27 55 48 2
3 2 48 6
4 55 32 6 48
3 27 32 55
4 6 48 67 11
4 7 50 48 6
3 50 48 67
3 6 7 11
3 116 67 108
4 28 116 108 29
4 3 67 116 28
4 29 3 67 108
3 29 3 28
3 0 34 2
4 0 2 67 51
4 67 37 34 2
3 37 67 51
4 13 66 49 12
3 12 65 49
4 66 60 65 49
3 60 66 13
4 6 7 13 38
3 38 32 6
4 18 32 38 13
3 7 13 18
3 47 20 13
3 29 11 108
4 11 108 47 13
3 0 51 3
4 0 45 59 51
4 51 3 9 59
3 45 9 59
3 82 49 42
4 42 49 65 9
4 42 9 10 82
4 82 49 65 10
3 9 65 10
3 54 52 49
4 52 76 82 49
3 76 82 75
3 41 42 38
4 42 41 112 82
3 112 82 108
3 0 66 46
3 3 82 67
4 82 67 66 46
3 0 20 70
4 0 66 47 20
3 68 47 66
3 47 77 43
4 43 77 75 54
3 46 75 54
4 27 47 72 29
4 30 102 27 29
3 27 47 102
3 29 72 30
4 47 72 30 102
4 52 51 72 54
4 54 52 59 43
3 59 51 52
3 54 43 72
4 59 43 72 51
3 29 81 12
4 29 81 80 30
3 80 30 51
3 49 108 38
4 37 108 38 13
3 51 13 37
4 13 61 53 12
3 61 41 53
3 12 38 13
4 13 38 41 61
3 3 42 0
3 70 53 14
4 3 42 53 14
3 20 29 27
4 29 27 55 81
3 53 55 81
3 20 77 27
4 23 33 77 20
4 27 28 33 77
3 28 33 23
3 111 114 33
4 95 111 114 35
4 33 18 95 111
4 35 18 33 114
3 95 35 18
3 34 29 36
4 32 114 36 29
3 35 114 32
4 78 93 101 75
3 94 101 93
3 78 73 75
4 101 75 73 94
3 21 20 72
4 72 21 93 108
3 27 93 108
4 77 93 109 71
3 93 109 106
3 71 77 43
4 106 43 71 109
4 73 21 24 87
4 24 26 94 21
3 21 94 73
3 26 87 24
4 94 26 87 73
4 23 20 72 22
3 20 23 18
3 22 72 24
3 35 16 34
3 37 95 24
3 71 14 24
4 23 73 71 14
4 16 24 14 23
3 23 73 16
3 21 74 20
4 74 20 53 115
4 71 115 74 21
3 53 115 71
4 70 1 109 71
3 63 1 70
4 71 70 63 107
3 107 109 71
3 22 30 1
4 30 1 63 46
3 63 46 54
3 72 29 20
4 20 72 83 74
4 29 72 83 36
3 74 83 36
3 77 43 78
4 78 83 103 77
4 68 103 77 43
3 83 68 103
4 23 16 84 79
3 16 84 78
4 78 75 79 84
3 75 79 23
4 63 73 75 46
4 63 107 112 46
3 73 107 63
3 75 112 46
4 107 112 75 73
4 87 33 77 43
3 75 77 33
3 54 43 87
4 87 33 75 54
4 35 106 109 94
4 69 117 109 106
3 94 117 109
3 35 69 106
4 94 117 69 35
4 24 109 107 43
3 24 109 26
4 107 109 26 44
4 24 43 44 26
3 43 44 107
3 83 109 91
4 63 83 109 92
3 63 62 92
3 1 4 84
3 21 93 78
3 32 87 33
4 92 94 33 87
3 92 94 35
4 21 1 88 71
3 1 21 16
3 71 87 88
4 71 111 93 21
3 21 71 73
3 93 111 114
4 71 111 114 73
3 83 63 107
3 17 114 36
4 107 114 36 83
3 0 63 45
3 68 59 51
4 59 45 63 68
3 20 61 19
3 9 59 12
4 19 61 59 9
4 13 59 118 100
3 35 13 100
3 44 59 118
4 44 35 100 118
3 35 38 27
3 100 102 66
3 62 60 66
4 43 95 60 62
4 66 47 95 60
3 47 95 43
3 13 20 12
4 20 46 66 13
3 49 66 46
3 47 20 46
4 20 47 96 19
4 46 39 96 47
3 19 96 39
3 41 53 43
4 96 41 53 98
4 41 96 95 43
3 95 98 96
4 63 69 96 61
3 61 63 68
3 113 96 69
3 2 42 0
4 41 42 2 69
3 63 69 41
3 42 55 27
4 35 27 55 44
3 35 45 44
3 52 42 53
4 52 62 38 42
3 43 62 38
3 60 62 59
3 61 63 100
4 59 61 100 60
4 62 84 17 45
3 106 84 62
4 35 106 84 17
3 17 45 35
3 52 62 54
4 62 92 89 52
3 92 73 89
4 73 89 118 107
3 73 107 114
3 89 118 97
4 107 114 97 118
3 92 106 35
4 106 113 118 92
4 92 118 96 35
3 113 118 96
4 88 118 44 87
3 88 118 68
3 43 44 87
4 43 68 118 44
4 17 35 44 40
3 39 17 40
4 96 39 17 35
4 39 40 44 96
3 96 44 35
4 38 43 87 6
3 6 87 40
3 41 43 38
4 40 87 43 41
3 40 115 64
3 61 45 59
4 69 100 61 41
4 69 117 115 41
3 100 117 69
3 115 41 61
4 100 117 115 61
3 54 63 73
4 56 54 73 114
4 69 114 73 63
3 69 114 56
3 66 69 38
4 43 107 69 38
4 68 66 69 107
3 68 43 107
3 14 53 12
4 53 14 15 61
3 13 61 15
3 95 35 93
4 93 101 98 95
4 35 19 98 95
3 101 19 98
3 18 21 24
4 24 21 103 105
4 18 21 103 98
4 24 105 98 18
3 98 103 105
4 61 47 37 15
4 47 37 99 96
3 61 47 96
3 15 37 99
4 61 15 99 96
4 38 108 93 35
3 108 37 93
4 35 93 37 13
3 35 13 38
3 37 72 51
4 72 37 95 43
4 37 51 59 95
3 95 43 59
4 21 77 27 34
4 21 103 102 34
3 77 103 21
3 34 27 102
4 102 103 77 27
3 32 27 29
4 27 47 43 32
4 29 72 43 32
3 43 72 47
4 70 54 41 61
3 61 70 89
3 41 54 40
4 41 61 89 40
4 89 88 68 61
4 103 68 88 104
3 89 88 104
3 61 68 103
3 21 109 71
4 74 117 109 21
4 109 117 115 71
3 115 117 74
4 64 115 73 87
4 92 87 64 118
3 64 115 118
3 92 73 87
4 73 92 118 115
4 68 63 73 71
4 74 103 71 73
3 68 71 103
3 74 73 63
4 103 68 63 74
3 88 62 68
3 45 61 89
4 0 52 53 20
3 52 79 0
4 52 79 75 53
3 20 75 53
4 70 52 64 71
3 64 52 40
3 73 71 70
4 40 64 71 73
3 41 45 42
4 41 115 76 42
4 41 115 89 45
3 76 115 89
3 53 59 43
4 53 115 118 59
3 107 115 118
3 73 40 54
3 46 39 74
4 39 74 73 40
4 62 45 42 49
3 46 42 49
4 63 46 42 45
3 62 63 45
3 1 92 16
4 78 107 92 16
3 83 107 78
4 73 70 68 107
3 73 70 89
4 70 89 118 68
3 107 118 68
3 71 109 88
3 62 106 43
3 88 52 64
4 44 64 88 92
3 92 45 44
3 71 87 43
4 43 71 115 41
4 40 115 71 87
3 40 115 41
4 84 62 52 79
3 62 52 45
4 45 17 79 52
3 79 84 17
3 84 106 69
3 41 54 43
4 41 69 106 43
3 68 63 70
3 84 91 22
3 18 16 7
4 18 16 106 95
4 7 60 95 18
3 106 95 60
4 59 98 19 45
3 35 45 19
3 95 98 59
4 29 3 7 16
3 29 32 16
4 29 32 9 3
3 7 9 3
4 9 18 20 42
3 18 77 20
3 9 55 42
4 9 55 77 18
3 12 24 43
4 24 12 9 26
3 44 26 9
4 2 34 20 42
3 34 11 2
3 12 42 20
4 13 45 6 11
3 11 65 6
4 59 13 11 65
3 45 59 13
4 6 28 27 38
4 27 38 45 19
3 27 28 19
3 6 38 45
4 19 45 6 28
3 29 108 27
3 35 106 16
4 27 96 44 32
3 27 96 47
3 43 32 44
4 43 44 96 47
3 57 66 60
4 57 31 102 66
4 60 99 31 57
4 66 60 99 102
3 102 31 99
3 49 67 48
4 102 39 48 67
3 46 39 102
3 82 3 30
4 30 85 50 3
4 82 30 85 119
4 3 82 119 50
3 50 119 85
3 34 0 30
3 42 27 82
4 42 52 57 2
3 2 57 31
4 42 76 31 2
4 57 52 76 31
3 52 76 42
3 2 66 0
4 2 66 47 27
3 20 47 27
3 13 60 11
4 60 13 47 113
3 108 113 47
3 52 51 0
3 2 48 67
4 48 67 51 52
3 62 68 66
4 67 105 68 66
3 65 67 105
3 9 42 45
3 62 49 65
4 46 42 12 72
3 42 46 41
3 12 43 72
3 12 11 3
4 11 60 50 3
4 12 3 50 59
3 60 59 50
3 20 13 0
3 53 59 52
4 13 20 53 59
3 0 7 13
3 30 5 37
4 2 3 12 38
3 3 28 2
3 32 38 12
3 24 11 16
3 14 3 23
4 29 72 51 3
3 108 72 29
4 108 72 51 67
3 3 67 51
3 0 20 42
4 9 7 0 42
3 9 18 7
4 21 72 51 15
3 21 15 18
3 51 72 12
3 77 32 18
4 47 77 18 13
3 13 38 47
3 1 57 0
4 1 57 58 83
3 58 83 46
4 73 78 72 70
3 70 72 68
3 73 78 107
3 46 0 63
3 75 23 73
4 23 0 57 25
3 23 70 0
3 25 88 57
4 88 25 23 70
4 30 85 88 22
3 88 85 68
3 30 22 72
4 72 68 85 30
3 22 16 87
4 16 87 40 17
3 17 79 40
4 91 80 52 62
3 80 52 79
3 62 84 91
4 91 80 79 84
4 54 72 30 79
3 72 78 54
4 72 30 36 78
3 36 30 79
4 66 63 70 51
3 51 15 70
4 100 66 51 15
3 66 63 100
3 41 63 46
4 63 100 102 46
4 41 96 100 63
4 102 46 41 96
3 102 96 100
3 68 47 72
3 85 30 102
4 85 68 47 102
4 2 34 74 39
3 2 39 42
3 34 74 20
4 20 42 39 74
3 12 3 42
4 46 30 3 42
3 72 30 46
3 38 27 47
4 19 27 47 61
3 45 19 61
3 91 22 88
4 91 88 92 106
3 16 106 92
3 78 32 16
4 44 107 78 32
3 44 107 92
4 83 72 24 109
3 109 107 83
3 24 43 72
3 87 73 71
3 62 68 63
3 22 16 84
4 22 84 56 81
4 22 81 32 16
3 32 81 56
4 72 49 58 83
3 49 58 56
3 78 83 72
4 78 56 58 83
3 4 109 90
4 65 90 4 11
4 11 24 109 4
4 24 109 90 65
3 11 24 65
3 21 109 93
4 108 93 109 91
3 72 108 91
3 62 84 6
4 6 84 78 32
3 43 78 32
3 4 106 11
4 11 4 36 29
3 78 36 29
3 88 62 91
3 6 8 25
4 1 84 8 5
3 1 84 83
4 5 1 83 110
3 8 110 5
3 1 5 22
4 5 26 92 1
4 87 26 5 22
3 92 26 87
3 21 24 72
3 54 87 73
3 92 94 109
4 83 74 94 109
3 63 83 74
3 34 1 30
4 110 30 1 109
3 110 109 93
3 106 84 4
4 5 22 84 4
4 5 24 106 4
3 24 22 5
4 91 8 29 72
3 83 72 91
3 36 8 29
4 91 8 36 83
4 70 23 29 72
3 70 73 23
3 78 29 72
3 4 57 1
4 57 1 15 50
4 99 50 57 4
3 15 50 99
4 62 60 50 52
3 89 50 52
3 92 62 60
3 100 102 34
3 60 67 11
4 100 102 67 60
3 13 51 59
4 59 118 85 51
3 85 118 100
3 13 11 34
3 6 45 17
3 2 42 38
3 52 62 57
4 66 2 3 51
3 3 31 2
4 2 31 85 66
3 66 85 51
3 4 11 5
4 5 4 100 15
3 15 100 13
3 57 7 25
4 15 85 57 7
4 57 85 104 25
4 25 7 15 104
3 85 104 15
4 4 31 3 11
3 4 36 31
3 29 3 11
4 3 31 36 29
3 30 51 37
4 31 50 51 30
4 30 31 99 37
4 50 99 37 51
3 50 31 99
4 5 22 79 31
3 14 22 5
3 79 31 76
4 5 31 76 14
3 2 57 0
4 28 25 57 2
3 25 28 23
4 70 23 3 51
4 51 70 89 50
3 89 70 23
3 51 50 3
4 23 89 50 3
3 85 57 1
4 102 85 1 34
4 2 102 85 57
3 34 2 102
3 80 105 64
3 22 87 24
4 24 22 80 105
3 11 8 65
4 11 37 105 65
4 11 37 110 8
4 105 65 8 110
3 110 37 105
3 91 106 62
4 91 62 59 105
3 95 59 105
4 51 49 81 14
3 49 51 67
4 81 49 67 10
4 10 14 51 67
3 14 10 81
3 22 29 72
4 29 22 87 32
3 32 43 87
3 68 71 43
4 51 14 71 68
3 12 14 51
3 68 72 51
4 68 113 67 51
3 108 67 113
4 22 80 82 29
3 22 80 91
3 29 82 108
4 80 91 108 82
3 79 30 80
4 79 39 102 30
4 80 119 102 30
4 80 79 39 119
3 39 119 102
3 34 102 74
3 29 75 82
4 74 102 82 75
4 49 67 50 52
3 50 52 76
3 67 49 82
3 2 42 27
4 76 101 27 42
3 76 31 101
4 65 8 86 64
3 64 40 86
3 8 65 6
4 8 86 40 6
3 29 32 81
4 29 36 86 81
4 81 32 114 86
3 86 114 36
3 56 108 49
4 49 80 86 56
4 56 108 110 86
3 110 86 80
3 88 87 62
4 81 80 88 87
3 49 81 80
3 79 54 75
4 75 33 25 79
3 25 87 33
3 91 58 90
4 58 79 25 90
3 25 79 22
3 58 84 79
4 84 58 112 78
4 79 58 112 75
3 75 112 78
3 9 42 3
4 31 39 42 3
4 42 9 97 39
4 3 9 97 31
3 39 97 31
3 28 29 27
4 28 31 102 27
3 31 102 30
3 36 79 17
4 17 79 76 19
4 79 76 101 36
3 101 76 19
3 25 6 28
3 45 19 89
4 25 28 19 89
3 1 7 16
4 7 3 30 1
3 30 3 29
4 23 79 57 7
3 57 7 50
4 79 57 50 76
4 23 7 50 76
3 79 76 23
3 109 1 88
4 30 1 88 80
4 80 110 109 88
3 30 110 80
4 93 36 84 106
3 93 36 110
3 91 84 106
4 91 84 36 110
4 37 103 71 24
4 24 5 104 71
3 104 71 103
3 24 5 37
4 103 37 5 104
3 8 22 5
3 72 37 108
4 5 8 108 37
4 103 85 58 112
4 58 85 104 86
3 86 112 58
3 104 103 85
4 104 86 112 103
4 46 112 110 30
3 30 110 37
3 47 46 112
4 37 47 112 110
4 105 113 107 71
3 107 115 71
4 105 119 115 71
4 113 119 115 107
3 113 105 119
3 71 104 14
4 68 85 104 71
3 51 68 85
3 71 43 24
4 71 103 47 43
3 37 103 47
3 22 30 80
4 37 30 80 105
3 24 105 37
3 108 113 91
4 113 91 80 119
4 113 119 82 108
3 80 119 82
4 109 111 64 88
3 80 64 88
4 64 111 110 80
3 111 110 109
3 49 72 51
4 51 85 58 49
4 85 83 72 51
3 58 83 85
3 77 71 111
3 68 47 113
3 111 93 116
4 111 105 37 93
4 37 93 116 67
4 105 67 116 111
3 37 105 67
3 90 64 111
4 111 90 60 95
4 59 60 90 64
3 59 95 60
4 72 78 93 37
3 95 93 37
3 78 43 72
3 65 67 49
3 24 37 72
4 37 67 65 24
3 91 109 110
4 10 26 109 110
4 91 65 10 110
3 26 10 65
3 91 68 62
3 47 108 38
4 91 108 47 68
3 107 109 106
4 108 106 109 110
3 108 112 110
4 59 68 85 50
4 59 98 103 68
3 50 98 59
3 103 85 68
4 103 85 50 98
3 15 70 1
3 57 50 52
4 15 70 52 50
3 60 7 13
4 7 89 118 60
4 60 118 61 13
3 61 118 89
3 66 68 63
4 68 66 102 103
3 103 102 74
4 118 60 67 119
3 102 67 119
3 100 118 60
4 119 102 100 118
3 5 104 109
4 7 5 104 89
3 89 92 7
3 1 85 30
4 7 1 85 50
3 7 3 50
3 93 109 4
4 104 109 4 31
4 101 93 109 104
3 101 31 104
3 2 102 31
3 11 37 5
4 5 31 102 37
3 25 57 31
4 31 25 26 99
3 60 99 26
4 37 102 74 21
4 21 94 99 37
3 74 94 21
3 102 99 37
4 102 99 94 74
3 60 100 13
3 18 94 26
4 60 26 94 100
3 50 85 15
4 117 97 50 85
4 15 94 97 50
3 117 94 97
3 36 30 34
4 36 30 85 117
3 85 117 100
3 34 0 13
3 57 60 4
4 66 13 7 57
3 57 85 66
4 15 85 66 13
3 15 7 13
3 13 61 47
4 61 118 113 47
3 60 113 118
3 48 57 2
4 2 102 119 48
4 48 119 85 57
3 102 119 85
3 27 116 2
4 116 2 66 113
3 47 113 66
4 31 39 69 4
4 69 4 99 96
3 4 31 99
3 69 96 39
4 99 96 39 31
3 15 85 100
4 100 96 119 85
4 15 85 119 98
4 15 98 96 100
3 98 96 119
3 113 67 116
4 67 116 97 50
4 97 116 113 118
4 50 118 113 67
3 118 50 97
3 51 59 50
4 59 50 99 95
3 95 99 37
3 11 60 4
4 4 60 50 31
3 31 50 3
3 28 8 25
4 101 110 8 28
4 28 101 104 25
3 104 110 101
4 36 117 97 28
3 97 28 19
3 36 74 117
3 93 37 110
4 94 15 37 93
4 94 104 110 93
4 110 37 15 104
3 94 104 15
4 114 116 10 33
4 94 114 116 99
3 99 116 10
3 94 114 33
4 99 94 33 10
3 5 1 30
4 1 100 102 30
4 99 5 1 100
4 5 99 102 30
3 99 102 100
3 2 116 4
4 10 3 2 116
4 5 10 116 4
3 3 10 5
3 26 109 5
4 5 31 117 109
4 26 97 117 109
4 97 31 5 26
3 97 31 117
4 21 109 4 34
4 4 34 74 117
3 4 109 117
3 34 74 21
3 11 37 34
3 36 8 110
4 34 93 116 2
3 17 2 34
4 17 114 116 2
3 114 116 93
4 110 86 64 105
3 86 115 64
3 110 103 105
4 103 115 86 110
3 112 113 47
3 115 118 61
4 115 118 113 112
4 82 75 115 119
3 74 115 75
3 82 102 119
4 102 74 115 119
4 105 51 30 110
3 83 110 30
3 68 51 105
3 71 107 68
4 71 104 117 107
4 107 68 85 117
3 85 104 117
3 82 49 80
3 85 102 66
4 85 102 82 80
4 80 58 39 76
4 104 80 58 117
3 76 104 80
3 39 117 58
4 104 76 39 117
3 91 80 88
4 91 113 118 88
4 88 118 119 80
3 113 118 119
3 46 72 47
4 58 46 47 113
3 91 113 58
3 46 79 30
4 30 79 86 110
4 79 86 112 46
3 112 86 110
4 83 46 39 117
3 39 46 41
3 117 83 107
4 39 117 107 41
3 35 17 34
4 34 102 39 17
3 96 39 102
3 44 35 114
3 118 117 100
4 118 44 114 117
4 2 116 90 57
3 66 2 57
4 113 66 57 90
3 90 116 113
4 31 117 69 2
3 28 2 31
3 114 69 117
4 28 114 117 31
3 27 38 2
3 93 106 4
4 48 67 99 97
3 48 97 39
3 67 99 102
4 99 97 39 102
4 90 26 95 113
3 26 97 90
4 90 97 96 113
3 95 113 96
3 27 93 116
4 27 116 97 19
4 93 116 97 94
3 19 97 94
4 60 118 117 4
3 4 31 117
3 60 118 50
4 50 118 117 31
4 93 99 60 106
3 94 99 93
3 60 106 92
3 108 47 27
4 27 101 110 108
4 27 47 103 101
4 108 110 103 47
3 103 101 110
3 46 82 42
4 42 46 74 19
4 101 82 42 19
4 74 46 82 101
3 101 19 74
3 75 29 36
3 3 76 31
4 75 36 31 76
4 30 36 93 37
3 93 37 99
4 36 93 99 31
3 30 31 36
3 37 72 21
3 74 46 102
3 1 100 63
3 46 102 30
4 35 18 98 96
3 15 18 98
3 35 100 96
3 13 66 47
4 85 103 47 66
4 13 47 103 15
3 15 85 103
3 42 45 19
3 46 74 63
3 27 19 101
3 103 47 61
3 23 17 0
4 23 17 35 18
3 13 18 35
3 78 106 84
4 84 106 113 58
4 106 78 112 113
3 58 112 113
4 63 107 113 66
3 60 113 66
3 63 107 92
4 92 60 113 107
3 111 113 95
3 35 69 114
3 56 116 108
4 108 116 96 47
4 41 96 116 56
3 47 41 96
3 68 47 43
4 96 47 68 118
3 118 96 44
3 44 32 55
3 78 112 107
3 69 63 17
4 17 19 96 69
3 96 61 19
3 34 4 100
4 100 4 116 96
3 96 116 27
3 6 17 2
3 63 66 62
3 39 102 2
3 38 47 41
4 47 41 39 102
3 2 67 11
4 67 113 69 2
3 106 113 69
3 66 102 47
3 60 95 99
3 38 106 11
3 7 92 45
3 21 103 83
3 105 24 91
4 105 91 83 103
3 53 71 70
3 63 107 41
3 73 78 21
4 73 115 103 21
4 78 112 115 73
3 115 103 112
3 83 84 63
3 41 112 56
4 78 114 116 108
3 108 116 113
4 113 116 114 107
3 114 107 78
3 18 77 21
4 21 109 26 18
4 18 77 111 26
3 109 111 26
3 27 93 35
4 35 93 111 44
3 44 111 55
4 47 112 111 95
3 112 111 110
3 95 47 37
3 43 107 71
4 71 33 114 107
4 107 43 32 114
3 32 33 114
3 71 24 105
3 107 106 113
4 77 78 36 101
3 101 77 103
3 78 83 36
4 101 36 83 103
3 21 34 1
4 21 1 85 103
3 102 103 85
3 1 70 22
3 34 20 29
4 72 70 61 47
3 15 70 61
3 72 37 47
3 48 64 55
4 64 55 32 87
3 6 87 32
3 48 116 2
4 48 116 114 40
3 40 114 17
3 52 57 48
3 54 84 56
3 54 40 52
4 52 59 44 40
3 44 43 59
3 41 42 39
4 39 97 44 41
3 44 97 9
3 38 49 42
4 42 39 58 49
3 69 39 58
3 18 94 21
3 78 114 32
4 18 94 114 32
3 23 70 20
4 71 70 23 33
3 71 77 33
3 22 81 14
3 16 32 18
4 81 14 18 32
3 53 42 20
4 39 42 53 115
3 115 39 74
4 51 70 54 49
3 54 70 63
3 49 66 51
3 74 20 46
4 74 100 66 46
3 66 100 13
3 79 52 76
4 52 76 19 45
3 17 19 45
4 41 46 79 40
3 79 40 86
3 46 112 41
4 41 112 86 40
4 56 40 52 49
3 45 52 40
3 49 38 56
4 58 84 6 48
4 17 39 48 6
3 48 39 58
3 6 17 84
4 84 58 39 17
3 78 56 114
4 56 58 117 114
3 83 58 117
3 66 46 63
4 112 46 66 113
3 107 113 112
3 66 57 62
4 66 46 79 57
3 46 79 54
3 78 77 32
4 28 101 77 32
4 32 28 36 78
3 28 101 36
3 38 108 27
4 108 27 28 8
3 8 28 6
4 106 78 77 95
3 77 95 18
3 16 106 78
4 23 33 114 17
3 17 114 35
3 23 33 18
3 2 38 66
3 12 51 3
3 46 42 39
3 31 3 30
4 46 30 31 39
3 28 2 17
3 74 102 101
3 29 82 27
4 82 27 19 76
4 76 82 29 23
3 23 76 19
3 43 32 38
3 69 107 114
3 54 56 81
4 81 56 114 33
3 73 33 114
3 114 116 28
3 29 108 78
3 6 40 17
4 36 86 40 17
3 8 86 36
3 8 4 11
4 69 4 8 56
3 56 38 69
3 6 11 38
4 87 6 11 24
3 87 24 43
3 16 35 17
3 40 44 87
3 22 25 87
3 29 32 28
4 32 28 25 87
3 35 93 106
3 36 17 84
3 53 54 75
4 53 75 74 61
3 61 63 74
3 30 102 34
3 79 17 39
3 17 23 73
4 23 76 39 17
4 73 23 76 115
3 39 76 115
3 70 51 72
3 29 3 23
3 70 89 52
4 52 89 19 42
3 20 42 19
3 20 77 21
3 46 112 83
3 36 84 8
3 54 75 81
4 36 75 81 8
3 78 93 108
4 101 93 108 82
3 82 101 75
3 72 46 20
3 23 79 22
4 49 67 60 62
3 49 108 67
3 106 60 62
4 67 108 106 60
4 56 108 67 48
4 48 119 112 56
3 67 119 48
3 108 112 56
4 108 67 119 112
3 65 48 6
4 48 65 91 58
3 58 84 91
3 58 39 46
3 96 47 113
4 113 58 39 96
4 42 2 116 55
3 2 69 116
3 41 42 55
4 41 55 116 69
3 6 7 57
3 66 13 38
3 38 69 41
3 100 13 61
3 46 66 58
4 100 66 58 117
4 58 117 74 46
3 100 117 74
3 69 4 84
4 79 31 4 84
3 79 31 39
4 56 116 67 49
3 56 69 116
4 67 116 69 66
3 66 49 67
3 49 62 52
3 60 50 67
3 58 84 57
4 58 113 60 57
3 106 113 60
3 0 7 57
4 48 9 7 57
3 9 48 42
4 2 48 90 4
3 2 11 4
3 48 90 65
3 5 7 1
3 8 84 6
3 16 84 1
4 84 1 100 69
3 100 69 35
4 8 116 69 84
3 8 28 116
4 17 28 116 69
3 17 84 69
3 12 72 29
4 12 65 91 72
4 65 12 29 8
3 65 8 91
3 46 49 82
4 91 110 82 49
4 83 46 82 110
3 91 110 83
3 22 80 81
3 58 84 56
4 58 56 81 80
3 108 29 8
4 108 112 86 8
3 75 86 112
3 12 53 43
3 29 78 75
4 3 76 39 2
3 39 17 2
3 76 23 3
3 79 84 57
3 16 7 23
3 75 46 79
4 46 79 31 102
4 75 101 31 79
3 102 31 101
4 84 57 85 83
3 85 57 31
3 83 36 84
4 85 83 36 31
3 2 34 4
4 4 2 39 117
3 117 39 74
3 30 82 29
4 83 30 82 112
3 83 112 78
3 58 49 46
4 46 75 86 58
3 81 75 86
3 22 23 29
4 22 80 76 23
3 82 80 76
3 1 30 0
3 88 80 52
3 79 84 36
4 79 36 110 80
3 91 80 110
3 51 14 70
3 54 49 81
3 2 28 6
4 10 65 6 28
3 65 10 67
3 84 8 4
3 65 60 62
3 27 116 55
4 81 8 116 55
3 8 29 81
3 90 116 48
4 91 90 116 108
3 91 49 108
3 93 78 36
3 37 72 30
3 91 65 49
3 110 82 10
3 5 109 110
3 108 106 11
3 8 11 5
3 12 81 14
4 8 81 14 5
3 30 29 36
4 30 36 86 80
3 80 86 81
3 1 100 85
3 58 84 69
4 69 100 85 58
3 42 76 39
3 80 49 58
3 30 46 83
4 31 117 83 30
3 39 117 31
4 30 79 52 51
3 51 52 50
4 52 79 31 50
3 31 79 30
3 8 108 116
4 5 99 116 8
4 37 99 116 108
3 37 99 5
3 24 18 12
3 35 106 38
4 24 106 35 18
3 11 34 4
3 24 109 21
4 114 56 108 93
3 114 35 93
3 56 38 108
3 16 21 34
3 32 77 27
3 84 78 36
3 28 6 32
3 51 66 0
4 51 80 58 66
3 79 80 58
3 57 84 62
4 62 57 85 68
3 83 68 85
3 70 52 88
3 91 49 72
3 54 70 72
3 41 61 47
3 0 79 46
3 41 45 40
3 0 30 3
3 17 28 36
3 4 31 5
3 22 79 84
3 24 109 5
4 5 109 83 30
3 30 83 72
3 8 29 11
4 7 11 8 25
3 23 7 25
3 88 92 62
4 92 88 85 100
3 85 100 66
3 21 103 15
3 73 115 89
4 15 103 115 89
3 68 70 51
4 68 51 50 118
3 50 118 89
4 92 94 104 88
3 85 104 88
3 92 94 100
4 74 83 68 61
4 83 117 118 68
3 83 74 117
3 68 118 61
3 57 90 88
3 68 66 113
3 106 60 4
3 107 117 118
3 7 92 1
4 92 7 50 118
3 85 50 118
3 91 108 110
4 68 103 110 91
3 68 103 47
3 77 78 112
3 95 113 106
3 98 77 103
3 43 59 68
3 21 37 93
3 71 111 105
4 95 105 51 13
3 51 105 14
3 18 13 95
4 14 105 95 18
3 72 91 68
3 59 65 12
4 59 68 91 65
3 1 109 21
4 26 7 1 109
3 7 26 18
3 63 100 69
4 100 94 114 69
3 94 114 73
3 72 83 21
3 51 15 85
3 21 15 70
4 70 15 98 53
3 77 98 53
3 115 103 71
3 41 43 47
4 103 47 41 115
4 59 105 37 13
3 13 61 59
3 37 103 105
3 45 7 13
4 7 45 44 26
3 95 44 26
3 63 100 92
4 100 96 44 92
3 44 96 41
3 77 47 103
4 18 15 103 77
3 15 13 18
3 88 118 64
3 53 70 61
4 64 53 61 118
3 89 92 45
3 107 115 41
3 95 77 43
4 26 33 77 95
4 26 87 43 95
3 33 87 26
3 24 21 37
4 26 99 37 24
3 94 99 26
3 111 93 109
4 109 92 44 111
3 92 44 35
3 106 24 109
4 94 18 24 109
3 35 94 18
3 63 107 68
3 45 44 59
4 68 59 44 107
3 95 106 43
4 95 106 69 96
3 41 96 69
3 43 87 62
3 26 95 60
3 9 65 6
3 18 24 16
4 18 9 65 24
3 13 37 11
3 65 105 59
3 74 20 61
3 68 72 83
4 51 52 89 15
3 45 89 52
3 13 51 15
3 50 85 57
3 59 68 62
3 1 63 83
4 1 83 103 15
3 61 103 15
3 2 3 42
4 3 42 55 10
3 10 116 55
3 30 102 82
3 5 99 10
4 82 102 99 10
3 28 101 27
3 108 8 110
3 67 116 2
3 34 37 93
3 28 8 29
3 12 9 65
4 65 9 28 8
4 8 25 97 116
3 116 99 97
3 5 25 8
4 5 99 97 25
3 57 31 50
3 6 28 9
4 9 28 31 50
4 26 10 3 7
3 3 10 67
3 7 60 26
4 60 67 10 26
3 49 80 52
4 52 80 86 40
3 56 86 40
3 58 57 85
3 86 104 25
3 90 64 88
4 81 8 90 64
3 81 22 8
3 90 8 91
4 90 117 83 91
4 36 117 90 8
3 36 83 117
3 8 4 36
4 4 36 101 99
4 10 101 36 8
3 101 10 99
3 25 79 31
3 33 75 101
4 101 31 25 33
3 23 14 22
4 8 22 14 10
4 23 28 10 14
3 10 28 8
4 3 76 104 5
3 3 82 76
3 110 104 5
4 76 104 110 82
4 57 52 64 90
3 52 79 57
4 79 52 64 86
3 86 90 64
3 60 90 65
4 66 60 90 58
3 49 58 66
3 39 48 2
3 90 117 4
4 39 117 90 48
3 56 116 8
4 116 56 40 97
3 25 97 40
4 91 113 116 8
3 113 116 69
3 8 91 84
4 17 79 86 114
3 58 86 79
3 17 69 114
3 116 90 4
4 100 118 90 4
4 116 96 118 90
3 100 96 118
4 64 65 60 118
4 64 119 67 65
3 118 119 64
3 67 65 60
3 92 118 88
3 106 113 91
4 50 85 58 48
4 48 97 117 58
3 48 97 50
3 85 58 117
4 39 119 67 2
3 39 2 69
3 67 119 113
4 69 39 119 113
4 85 66 69 117
3 66 85 68
3 107 117 69
4 57 90 109 1
3 1 57 7
4 26 90 57 7
3 26 109 90
3 83 109 117
3 31 5 30
3 11 24 5
3 25 87 6
4 87 24 5 25
3 50 67 51
3 68 118 113
3 48 119 64
3 88 57 85
4 88 85 119 64
3 91 58 83
4 91 105 119 58
4 83 58 119 103
3 103 119 105
3 52 62 59
4 59 52 80 105
3 91 80 105
3 54 52 79
3 72 51 30
3 67 113 66
3 82 112 46
4 67 113 112 82
4 4 106 95 99
3 4 5 99
3 106 24 95
4 95 24 5 99
3 52 64 59
3 57 90 60
3 58 90 117
4 100 117 90 60
3 60 100 66
3 48 49 58
3 51 85 50
3 66 13 51
4 66 113 105 51
3 105 113 95
4 58 119 50 57
3 60 50 57
3 113 119 58
4 60 113 119 50
3 91 65 90
4 59 118 90 65
4 91 90 118 68
3 59 118 68
3 48 64 52
4 64 105 51 52
4 105 67 48 64
3 105 51 67
4 51 80 104 15
3 51 15 37
3 110 104 80
3 22 8 91
4 91 8 10 105
3 105 14 10
3 5 1 109
3 70 71 14
4 14 5 109 71
3 25 88 22
4 88 25 31 85
3 31 85 30
3 85 88 1
4 88 85 103 71
3 21 103 71
3 83 103 85
3 101 31 36
4 101 31 85 103
3 4 8 5
4 4 117 86 8
4 5 4 117 104
4 8 86 104 5
3 86 117 104
3 91 109 24
4 91 109 104 80
4 14 104 109 24
3 14 80 104
4 109 90 116 93
3 90 109 91
3 116 93 108
3 59 118 64
3 80 51 85
4 50 98 95 60
3 113 95 60
3 119 50 98
4 48 119 105 65
3 48 58 119
3 105 65 91
3 37 67 108
4 67 37 103 119
3 103 119 112
3 102 47 96
3 118 68 85
4 102 85 118 96
4 71 64 90 109
4 64 90 117 115
3 109 90 117
3 115 64 71
3 88 68 91
3 103 110 104
3 93 108 110
4 114 93 110 86
3 86 114 56
4 112 86 33 77
4 33 104 103 77
3 112 77 103
3 86 104 33
4 86 80 105 111
3 113 111 105
4 58 80 105 113
3 58 86 80
3 75 78 36
4 75 36 117 115
3 117 115 107
4 71 64 55 77
3 77 103 71
4 71 103 119 64
4 55 119 103 77
3 55 119 64
3 107 44 111
4 59 105 111 44
3 59 105 68
3 74 103 21
3 18 19 98
4 74 103 98 19
3 19 39 76
4 94 117 39 19
4 19 76 104 94
3 94 104 117
4 96 27 28 97
3 96 27 102
3 28 31 97
4 102 96 97 31
3 85 50 31
4 101 98 50 31
3 101 103 98
3 4 117 100
3 5 104 15
4 100 117 104 15
3 94 93 35
3 13 37 15
3 61 15 89
4 61 96 97 89
4 15 99 97 89
3 96 99 97
3 5 15 1
3 110 83 103
3 85 102 31
4 31 97 118 85
3 97 118 96
3 4 100 1
3 88 90 118
3 79 31 57
3 46 102 66
3 84 58 83
3 74 39 17
4 74 83 58 39
3 107 69 113
3 39 115 119
3 77 27 55
4 102 119 55 27
3 102 103 119
3 110 101 93
3 105 98 95
4 110 101 98 105
3 37 102 30
3 80 119 105
4 37 102 119 105
4 112 82 10 111
3 111 113 112
4 113 67 10 111
3 82 67 10
3 90 113 91
3 26 95 24
4 116 111 109 4
3 4 5 109
3 10 111 116
4 10 111 109 5
3 107 114 111
4 114 36 110 111
3 110 36 83
3 90 8 86
4 113 90 86 112
3 108 113 112
3 107 113 111
4 26 60 113 111
3 92 26 60
3 117 118 90
3 83 91 68
3 65 64 90
4 64 71 24 65
3 71 109 24
4 18 98 50 7
3 60 50 7
3 18 98 95
3 12 3 9
4 5 26 9 3
3 26 5 24
4 99 15 51 67
3 14 15 51
3 99 10 67
4 14 10 99 15
3 70 52 51
3 71 64 105
3 64 87 65
3 60 118 92
3 70 61 68
3 105 98 14
3 53 71 64
3 12 65 24
3 20 77 53
3 13 95 59
3 1 100 92
3 26 99 5
4 92 100 99 26
3 15 89 70
3 22 5 25
4 25 5 15 89
4 7 26 33 23
3 7 92 26
3 33 23 73
3 104 109 94
3 24 14 18
4 104 14 18 94
4 81 10 116 56
3 116 67 10
3 49 56 81
3 65 64 105
3 8 86 110
3 26 10 111
3 60 113 67
3 4 116 69
4 107 69 116 111
3 111 107 109
4 55 111 90 48
3 48 58 90
4 55 112 58 48
4 111 112 58 90
3 112 55 111
3 99 116 4
3 50 57 48
4 50 99 116 48
3 27 102 2
3 55 119 48
3 56 6 48
3 67 108 11
3 4 106 69
3 95 96 99
3 113 58 90
4 39 58 90 97
3 97 39 96
4 112 110 10 55
4 98 55 112 103
3 98 10 55
3 110 103 112
3 56 81 55
4 81 55 119 80
4 56 55 119 58
3 80 119 58
3 41 96 55
4 96 55 82 102
3 82 102 46
3 95 105 37
3 96 119 102
4 95 96 119 105
3 51 80 105
3 66 113 58
4 64 111 116 48
3 48 67 116
3 64 111 105
3 79 76 80
4 110 101 76 80
3 36 110 101
3 109 110 83
4 109 94 101 110
4 83 74 101 110
3 101 94 74
3 74 75 46
4 117 74 75 86
3 86 58 117
3 102 39 31
4 104 31 39 115
4 103 104 31 102
4 115 103 102 39
3 104 115 103
4 91 58 117 109
3 104 117 109
3 58 80 91
3 5 110 30
3 86 79 25
4 110 86 25 5
4 93 111 90 4
3 93 36 4
3 90 86 111
4 93 111 86 36
3 27 108 82
4 82 119 96 27
3 113 119 96
3 2 67 3
4 3 76 119 67
3 119 76 39
3 48 42 55
3 46 58 112
3 58 66 85
3 112 103 47
3 58 57 79
4 79 76 119 58
3 76 119 50
3 66 67 51
4 99 67 66 100
3 99 100 15
4 58 119 96 69
3 69 96 100
3 58 119 85
3 64 111 55
4 64 55 82 80
3 82 110 80
3 93 111 77
4 75 86 111 77
3 36 75 86
3 111 109 90
4 58 83 109 90
3 112 83 58
3 56 116 114
3 81 10 33
3 10 116 8
3 91 105 113
3 75 76 79
4 76 119 112 75
3 119 58 112
4 74 115 86 36
3 36 110 86
3 103 115 74
4 80 104 101 82
3 80 104 85
3 101 82 102
4 90 97 28 8
3 97 117 90
3 8 28 36
3 96 116 69
4 96 116 28 19
3 19 28 17
4 31 79 40 97
3 79 31 36
3 114 40 97
4 36 114 97 31
3 74 102 39
4 74 39 97 94
3 94 97 99
3 28 2 116
3 57 90 25
4 28 116 90 25
3 90 97 25
4 39 79 25 97
3 79 58 39
3 83 109 1
3 58 57 90
3 56 112 55
3 10 110 8
3 65 81 64
4 81 64 119 82
3 82 119 67
3 55 119 96
3 56 58 69
4 55 116 90 64
3 8 116 90
3 81 55 64
4 93 108 67 99
3 93 101 99
3 82 108 67
3 106 108 93
3 99 67 60
3 83 85 30
4 83 85 119 112
3 112 119 82
3 66 2 69
3 85 117 31
3 67 116 99
4 99 116 69 100
3 66 69 100
3 96 99 116
3 108 47 37
3 90 4 60
3 95 111 93
3 26 24 65
4 65 26 99 67
3 99 37 67
3 1 85 15
3 80 22 14
4 14 15 85 80
3 4 31 57
4 31 57 88 104
3 88 104 109
3 80 30 85
3 117 86 36
3 3 51 30
4 3 51 105 10
3 110 105 10
3 67 66 102
4 67 105 103 102
3 105 68 103
3 91 109 106
3 69 58 117
3 90 25 8
4 7 60 90 25
3 60 11 7
3 46 83 74
3 82 101 110
3 4 69 117
3 56 8 86
4 69 117 86 56
3 99 100 4
3 101 36 74
3 104 5 31
3 37 103 102
3 114 116 69
3 100 94 99
3 69 41 56
4 56 41 115 86
3 86 115 117
3 103 83 74
3 39 119 58
4 39 74 103 119
4 41 112 111 44
3 95 111 44
3 47 112 41
4 93 116 55 77
3 77 78 93
3 56 116 55
3 102 47 103
3 41 115 39
3 83 107 112
3 85 119 118
3 93 36 114
4 93 114 97 99
3 31 97 99
3 69 117 39
3 94 35 19
3 100 118 92
3 73 115 74
4 100 74 115 118
3 89 70 88
4 89 88 109 94
3 21 94 109
3 88 92 109
3 64 111 44
3 107 117 109
4 107 44 97 117
3 26 44 97
3 116 97 90
4 109 94 97 90
3 93 109 94
3 92 26 44
3 100 96 99
4 26 99 96 44
4 59 98 99 60
3 59 98 61
3 100 60 99
3 18 20 19
3 95 96 47
3 15 100 61
4 61 15 104 115
3 104 117 115
3 111 55 116
3 69 41 107
3 93 99 95
3 114 44 97
4 95 44 97 99
4 64 119 96 44
3 105 64 119
3 95 96 44
3 55 41 112
3 61 98 103
3 71 104 33
3 117 114 107
4 117 104 33 114
4 115 86 90 118
3 113 118 90
3 112 86 115
3 71 64 88
3 119 103 85
3 105 67 10
3 101 102 103
4 105 103 101 10
3 93 116 99
3 98 55 77
4 99 116 55 98
3 109 94 26
3 110 101 10
4 94 26 10 101
3 5 24 14
4 14 98 99 5
3 98 95 99
3 18 77 33
4 15 18 33 104
3 103 15 104
3 67 119 50
3 37 15 103
4 50 119 103 15
3 100 74 102
3 119 115 118
3 60 26 90
4 26 94 117 90
3 100 117 94
3 97 114 116
3 107 118 113
3 32 77 33
4 33 86 56 32
3 56 86 112
3 111 64 71
4 114 40 64 111
3 73 114 40
3 28 27 32
4 28 32 44 97
3 97 44 96
3 9 48 6
4 48 9 19 39
3 19 39 17
4 18 32 55 98
3 96 98 55
3 32 18 35
4 41 96 97 40
3 89 97 40
3 96 41 61
3 20 75 23
4 23 75 115 89
3 61 89 115
3 36 74 17
3 40 115 86
3 53 54 41
4 41 53 76 39
3 79 76 39
3 111 112 107
4 111 112 75 33
3 73 33 75
3 87 64 71
3 32 55 77
4 53 81 86 115
3 53 41 115
3 56 81 86
3 98 101 77
3 28 9 32
4 101 98 9 28
4 3 10 33 23
3 3 82 10
3 75 23 33
4 82 75 33 10
3 19 76 42
3 14 12 18
4 18 14 76 19
3 56 32 6
3 25 86 33
4 40 86 111 44
3 111 112 86
3 41 44 40
3 64 81 87
4 64 115 75 81
3 75 115 73
3 48 58 56
4 56 48 97 114
3 97 117 114
3 118 90 64
4 55 64 118 96
3 96 116 55
3 75 86 33
3 94 74 117
4 117 94 33 86
3 77 101 93
4 77 101 104 71
3 109 104 71
4 76 115 112 82
3 110 82 112
3 104 76 115
3 96 97 116
3 41 40 56
3 48 90 64
4 48 64 115 39
3 115 39 117
3 111 10 33
3 75 82 112
3 75 76 115
3 36 117 31
4 117 31 76 115
3 82 10 55
4 99 96 55 10
3 102 96 99
3 48 56 40
4 115 40 48 119
4 56 40 115 112
3 115 119 112
3 80 52 64
3 42 55 82
3 9 32 55
4 55 9 3 82
3 29 3 82
3 2 31 39
3 40 25 6
4 25 40 39 31
3 82 42 76
3 112 41 115
3 53 64 52
4 75 86 64 53
3 79 86 75
3 27 82 101
3 33 32 81
4 81 33 101 82
4 28 114 111 10
3 10 111 110
3 28 114 36
3 9 48 97
3 56 114 32
4 97 9 32 114
3 79 17 23
4 79 86 33 23
3 114 33 86
3 78 112 56
3 73 115 40
3 48 42 39
3 64 53 115
3 77 75 112
3 98 76 119
3 53 64 55
3 61 96 118
3 41 44 107
3 97 39 117
3 92 89 118
3 96 35 19
4 19 96 118 89
3 33 71 73
4 101 103 71 33
3 74 103 101
3 10 116 28
4 28 19 98 10
3 19 98 96
3 33 77 101
4 33 101 99 26
3 95 26 99
3 9 18 32
4 18 9 97 94
3 97 94 114
3 75 53 77
3 86 64 111
3 76 98 53
3 39 41 96
4 96 98 76 39
4 94 73 40 97
3 40 97 39
3 73 94 74
3 93 114 94
4 104 86 114 94
3 104 86 110
3 19 27 96
3 76 119 82
4 19 76 119 96
4 101 75 53 98
3 61 53 98
3 101 75 74
4 64 86 114 44
3 64 118 44
3 86 117 114
3 9 19 42
3 82 101 10
4 10 101 19 9
3 28 116 97
3 67 3 50
4 28 3 50 97
3 76 39 31
4 98 99 31 76
3 99 96 98
3 40 48 64
3 114 116 111
3 80 119 64
4 40 39 119 64
3 39 79 40
3 52 79 40
4 40 97 50 52
3 50 97 31
3 80 88 22
4 88 80 76 89
3 23 89 76
3 65 87 6
4 87 65 10 33
3 28 10 33
3 81 8 86
4 81 86 104 14
3 5 104 14
3 48 57 90
4 48 90 26 9
3 7 26 9
4 89 118 90 25
3 60 118 90
3 89 7 25
4 98 14 80 119
3 85 80 119
3 15 14 98
3 67 48 65
4 97 48 65 26
3 97 99 26
3 9 10 3
3 59 105 51
4 10 105 59 9
3 52 88 57
4 88 104 76 52
3 31 104 76
3 80 51 52
4 89 52 80 104
3 89 15 104
3 53 59 12
4 53 76 50 59
3 3 50 76
3 81 87 22
4 81 10 26 87
3 10 26 5
3 105 65 24
4 9 65 105 98
3 9 98 18
3 70 71 88
4 88 25 33 71
3 23 33 25
4 33 86 90 26
3 86 90 117
3 33 94 26
4 88 25 97 118
3 85 118 88
3 31 97 25
4 98 76 80 105
3 110 105 80
3 101 76 98
3 89 15 50
4 50 119 115 89
3 115 119 103
3 109 71 111
4 71 111 10 14
3 10 14 5
4 104 14 53 115
3 61 115 53
3 14 104 15
3 76 75 101
3 94 73 89
4 94 89 76 101
3 77 111 55
4 111 55 9 26
3 18 9 26
4 50 59 44 97
3 59 44 95
3 99 97 50
3 19 76 89
4 119 76 89 118
3 118 119 96
4 33 10 105 71
3 105 103 71
3 33 10 101
4 14 105 111 33
3 105 111 95
3 14 18 33
3 88 90 109
4 88 90 97 89
3 89 94 97
3 7 50 9
3 92 118 44
4 44 118 50 9
3 60 65 59
4 10 65 59 98
3 98 99 10
3 71 87 24
4 25 87 71 104
3 5 104 25
3 87 88 92
4 88 87 33 104
3 33 104 94
3 71 115 73
4 14 71 115 76
3 23 76 14
4 59 9 97 118
3 61 118 59
3 9 97 19
3 26 7 25
3 40 45 44
4 25 40 44 26
3 53 70 52
4 52 50 98 53
3 15 50 98
3 48 55 116
4 50 98 55 48
3 99 50 98
3 82 81 80
4 80 81 33 104
3 33 104 101
3 8 90 65
4 9 65 90 97
3 28 9 97
3 14 76 3
3 67 119 105
4 14 105 119 76
3 86 110 111
4 25 86 111 26
3 26 25 5
4 31 104 33 28
3 28 114 33
3 31 104 117
3 28 114 17
3 9 44 45
4 9 28 114 44
3 81 64 86
3 44 32 114
3 28 116 27
3 111 33 77
4 111 33 28 116
3 10 81 8
4 10 81 75 101
3 36 101 75
4 19 42 48 97
3 116 97 48
3 27 42 19
3 39 74 19
4 19 98 119 39
3 103 119 98
3 27 101 77
3 53 76 42
4 76 101 77 53
3 115 64 119
3 81 82 75
3 64 40 44
3 96 119 39
3 23 25 79
4 97 25 23 19
3 19 97 39
3 18 94 19
3 76 104 14
3 23 3 7
3 26 33 10
3 3 31 5
3 97 9 26
3 5 15 7
3 9 98 10
3 12 81 65
4 33 26 65 81
3 26 33 18
3 31 5 99
3 76 14 98
3 14 33 10
3 15 94 99
3 7 23 18
3 76 50 98
3 18 94 15
3 9 97 50
3 59 45 52
4 98 59 52 76
3 98 19 76
3 23 3 28
3 89 97 50
3 5 7 3
3 104 76 89
4 89 52 48 97
3 89 52 88
3 48 97 90
4 81 10 98 53
3 59 98 53
3 81 65 10
3 114 44 111
4 44 9 10 111
3 9 28 10
3 40 87 73
4 97 40 87 26
3 26 94 97
3 53 77 71
4 53 76 104 71
3 101 76 104
3 32 55 81
4 81 55 98 14
3 14 98 18
3 25 89 23
3 115 86 75
4 86 115 89 25
4 104 86 40 89
3 114 40 86
3 89 94 104
3 18 23 19
3 26 25 97
3 28 19 101
3 25 104 89
4 48 50 89 40
3 50 48 119
3 40 89 115
3 50 52 48
3 55 98 53
3 23 28 19
3 98 14 10
4 55 10 26 44
3 55 96 44
3 10 99 26
3 111 116 90
4 33 25 90 111
3 25 33 28
3 76 31 50
4 115 76 50 118
3 118 115 117
4 48 119 98 9
3 39 119 48
3 19 98 9
4 40 25 104 115
3 40 39 115
3 31 25 104
3 50 76 89
3 99 101 94
3 53 14 71
4 53 55 10 14
3 55 10 111
3 10 26 9
3 94 19 101
3 5 99 15
3 25 97 89
3 14 105 71
3 76 119 115
3 97 90 118
3 65 9 59
3 88 25 90
3 71 111 33
3 25 33 26
3 99 31 101
3 105 10 111
3 44 59 9
3 48 9 65
3 105 119 98
3 80 104 88
3 81 33 87
3 7 15 18
3 33 104 25
3 88 87 25
4 87 25 97 44
3 118 44 97
3 40 48 6
3 89 7 50
3 88 89 118
3 76 119 80
3 71 87 33
3 105 10 65
3 53 52 76
3 88 71 104
3 80 76 52
3 98 105 59
3 48 97 40
3 26 87 65
3 48 52 42
3 97 89 19
3 75 81 53
3 101 10 98
3 80 86 79
3 14 33 23
4 14 80 86 33
3 55 82 119
4 9 55 119 50
3 50 3 9
3 26 44 111
3 25 86 40
3 55 42 53
3 3 10 14
3 28 31 101
3 9 50 98
3 44 55 9
3 118 50 119
3 14 53 81
3 115 86 104
3 9 55 48
3 111 90 26
3 25 90 86
3 115 118 89
3 53 115 76
3 59 118 50
3 44 87 32
3 28 25 97
3 59 50 52
3 44 97 40
3 111 86 33
3 80 105 14
3 28 3 31
3 33 104 14
3 40 89 52
3 86 80 104
3 65 90 26
3 81 33 86
3 119 55 98
3 14 80 81
3 104 71 115
3 87 40 25
3 55 10 81
3 44 26 87

# Cells
5 0 1 2 3 4
5 5 6 7 8 9
5 10 11 12 13 14
5 15 16 17 18 19
5 20 21 22 23 24
5 25 26 27 28 29
5 30 31 32 33 34
5 35 36 37 38 39
5 40 41 42 43 44
5 45 46 47 48 49
5 50 51 52 53 54
5 55 56 57 58 59
5 60 61 62 63 64
5 65 66 67 68 69
5 70 71 72 73 74
5 75 76 77 78 79
5 80 81 82 83 84
5 85 86 87 88 89
5 90 91 92 93 94
5 95 96 97 98 99
5 100 101 102 103 104
5 105 106 107 108 109
5 110 111 112 113 114
5 115 116 117 118 119
5 120 121 122 123 124
5 125 126 127 128 129
5 130 131 132 133 134
5 135 136 137 138 139
5 140 141 142 143 144
5 145 146 147 148 149
5 150 151 152 153 154
5 155 156 157 158 159
5 160 161 162 163 164
5 165 166 167 168 169
5 170 171 172 173 174
5 175 176 177 178 179
5 180 181 182 183 184
5 185 186 187 188 189
5 190 191 192 193 194
5 195 196 197 198 199
5 200 201 202 203 204
5 205 206 207 208 209
5 210 211 212 213 214
5 215 216 217 218 219
5 220 221 222 223 224
5 225 226 227 228 229
5 230 231 232 233 234
5 235 236 237 238 239
5 240 241 242 243 244
5 245 246 247 248 249
5 250 251 252 253 254
5 255 256 257 258 259
5 260 261 262 263 264
5 265 266 267 268 269
5 270 271 272 273 274
5 275 276 277 278 279
5 280 281 282 283 284
5 285 286 287 288 289
5 290 291 292 293 294
5 142 295 296 297 298
5 299 300 301 302 303
5 251 304 305 306 307
5 308 309 310 311 312
5 313 314 315 316 317
5 318 319 320 321 322
5 269 323 324 325 326
5 157 327 328 329 330
5 162 331 332 333 334
5 292 335 336 337 338
5 120 197 339 340 341
5 148 342 343 344 345
5 346 347 348 349 350
5 351 352 353 354 355
5 356 357 358 359 360
5 361 362 363 364 365
5 366 367 368 369 370
5 371 372 373 374 375
5 376 377 378 379 380
5 381 382 383 384 385
5 386 387 388 389 390
5 391 392 393 394 395
5 396 397 398 399 400
5 401 402 403 404 405
5 406 407 408 409 410
5 411 412 413 414 415
5 416 417 418 419 420
5 181 421 422 423 424
5 425 426 427 428 429
5 430 431 432 433 434
5 435 436 437 438 439
5 440 441 442 443 444
5 445 446 447 448 449
5 450 451 452 453 454
5 455 456 457 458 459
5 42 460 461 462 463
5 464 465 466 467 468
5 469 470 471 472 473
5 474 475 476 477 478
5 479 480 481 482 483
5 484 485 486 487 488
5 489 490 491 492 493
5 494 495 496 497 498
5 499 500 501 502 503
5 504 505 506 507 508
5 509 510 511 512 513
5 514 515 516 517 518
5 519 520 521 522 523
5 524 525 526 527 528
5 529 530 531 532 533
5 534 535 536 537 538
5 539 540 541 542 543
5 544 545 546 547 548
5 549 550 551 552 553
5 554 555 556 557 558
5 559 560 561 562 563
5 564 565 566 567 568
5 569 570 571 572 573
5 574 575 576 577 578
5 579 580 581 582 583
5 584 585 586 587 588
5 312 589 590 591 592
5 593 594 595 596 597
5 598 599 600 601 602
5 603 604 605 606 607
5 608 609 610 611 612
5 336 613 614 615 616
5 617 618 619 620 621
5 622 623 624 625 626
5 627 628 629 630 631
5 84 513 632 633 634
5 494 635 636 637 638
5 639 640 641 642 643
5 392 644 645 646 647
5 648 649 650 651 652
5 653 654 655 656 657
5 658 659 660 661 662
5 479 663 664 665 666
5 667 668 669 670 671
5 376 672 673 674 675
5 676 677 678 679 680
5 0 681 682 683 684
5 473 685 686 687 688
5 689 690 691 692 693
5 694 695 696 697 698
5 191 699 700 701 702
5 703 704 705 706 707
5 229 708 709 710 711
5 712 713 714 715 716
5 717 718 719 720 721
5 722 723 724 725 726
5 196 727 728 729 730
5 731 732 733 734 735
5 736 737 738 739 740
5 741 742 743 744 745
5 408 746 747 748 749
5 750 751 752 753 754
5 432 755 756 757 758
5 418 759 760 761 762
5 763 764 765 766 767
5 768 769 770 771 772
5 773 774 775 776 777
5 18 778 779 780 781
5 604 654 782 783 784
5 79 785 786 787 788
5 789 790 791 792 793
5 1 794 795 796 797
5 798 799 800 801 802
5 743 803 804 805 806
5 45 617 807 808 809
5 810 811 812 813 814
5 738 815 816 817 818
5 250 819 820 821 822
5 241 823 824 825 826
5 827 828 829 830 831
5 832 833 834 835 836
5 282 837 838 839 840
5 293 841 842 843 844
5 20 845 846 847 848
5 849 850 851 852 853
5 261 854 855 856 857
5 55 858 859 860 861
5 862 863 864 865 866
5 867 868 869 870 871
5 372 872 873 874 875
5 562 876 877 878 879
5 567 880 881 882 883
5 884 885 886 887 888
5 238 889 890 891 892
5 893 894 895 896 897
5 532 898 899 900 901
5 528 902 903 904 905
5 200 906 907 908 909
5 569 910 911 912 913
5 914 915 916 917 918
5 919 920 921 922 923
5 924 925 926 927 928
5 309 929 930 931 932
5 766 904 933 934 935
5 769 936 937 938 939
5 940 941 942 943 944
5 299 945 946 947 948
5 720 782 949 950 951
5 952 953 954 955 956
5 704 811 957 958 959
5 340 960 961 962 963
5 168 964 965 966 967
5 968 969 970 971 972
5 737 973 974 975 976
5 977 978 979 980 981
5 982 983 984 985 986
5 75 506 987 988 989
5 990 991 992 993 994
5 95 492 995 996 997
5 73 998 999 1000 1001
5 1002 1003 1004 1005 1006
5 1007 1008 1009 1010 1011
5 72 1012 1013 1014 1015
5 1016 1017 1018 1019 1020
5 502 1021 1022 1023 1024
5 126 1025 1026 1027 1028
5 1029 1030 1031 1032 1033
5 167 1034 1035 1036 1037
5 480 1038 1039 1040 1041
5 1042 1043 1044 1045 1046
5 151 1047 1048 1049 1050
5 1051 1052 1053 1054 1055
5 1056 1057 1058 1059 1060
5 27 1061 1062 1063 1064
5 642 1065 1066 1067 1068
5 283 637 1069 1070 1071
5 1072 1073 1074 1075 1076
5 656 1077 1078 1079 1080
5 1081 1082 1083 1084 1085
5 650 1086 1087 1088 1089
5 674 1090 1091 1092 1093
5 664 1094 1095 1096 1097
5 443 1098 1099 1100 1101
5 147 1102 1103 1104 1105
5 1106 1107 1108 1109 1110
5 1111 1112 1113 1114 1115
5 1116 1117 1118 1119 1120
5 1121 1122 1123 1124 1125
5 690 1126 1127 1128 1129
5 1130 1131 1132 1133 1134
5 1135 1136 1137 1138 1139
5 685 799 1140 1141 1142
5 1143 1144 1145 1146 1147
5 1148 1149 1150 1151 1152
5 1153 1154 1155 1156 1157
5 1158 1159 1160 1161 1162
5 1104 1163 1164 1165 1166
5 1167 1168 1169 1170 1171
5 1172 1173 1174 1175 1176
5 1177 1178 1179 1180 1181
5 1182 1183 1184 1185 1186
5 1187 1188 1189 1190 1191
5 1192 1193 1194 1195 1196
5 1197 1198 1199 1200 1201
5 1044 1202 1203 1204 1205
5 1206 1207 1208 1209 1210
5 1211 1212 1213 1214 1215
5 1216 1217 1218 1219 1220
5 1221 1222 1223 1224 1225
5 1226 1227 1228 1229 1230
5 259 1231 1232 1233 1234
5 1235 1236 1237 1238 1239
5 1240 1241 1242 1243 1244
5 655 1245 1246 1247 1248
5 1249 1250 1251 1252 1253
5 660 1254 1255 1256 1257
5 124 1258 1259 1260 1261
5 1262 1263 1264 1265 1266
5 1267 1268 1269 1270 1271
5 673 1272 1273 1274 1275
5 1276 1277 1278 1279 1280
5 1281 1282 1283 1284 1285
5 670 1286 1287 1288 1289
5 1225 1290 1291 1292 1293
5 423 1294 1295 1296 1297
5 1298 1299 1300 1301 1302
5 263 891 1303 1304 1305
5 1306 1307 1308 1309 1310
5 897 1311 1312 1313 1314
5 49 875 1315 1316 1317
5 918 1318 1319 1320 1321
5 1322 1323 1324 1325 1326
5 629 1327 1328 1329 1330
5 1331 1332 1333 1334 1335
5 921 1336 1337 1338 1339
5 774 1340 1341 1342 1343
5 530 779 1344 1345 1346
5 687 1347 1348 1349 1350
5 817 1351 1352 1353 1354
5 683 1355 1356 1357 1358
5 1359 1360 1361 1362 1363
5 1364 1365 1366 1367 1368
5 1369 1370 1371 1372 1373
5 1149 1374 1375 1376 1377
5 725 791 1378 1379 1380
5 331 1381 1382 1383 1384
5 645 926 1385 1386 1387
5 1360 1388 1389 1390 1391
5 1392 1393 1394 1395 1396
5 834 1107 1397 1398 1399
5 1135 1340 1400 1401 1402
5 940 1403 1404 1405 1406
5 958 1407 1408 1409 1410
5 1193 1411 1412 1413 1414
5 1415 1416 1417 1418 1419
5 741 1211 1420 1421 1422
5 1209 1423 1424 1425 1426
5 1427 1428 1429 1430 1431
5 342 1243 1432 1433 1434
5 1236 1435 1436 1437 1438
5 507 1439 1440 1441 1442
5 573 1443 1444 1445 1446
5 713 1067 1447 1448 1449
5 1083 1450 1451 1452 1453
5 1454 1455 1456 1457 1458
5 1459 1460 1461 1462 1463
5 718 1079 1464 1465 1466
5 235 854 1467 1468 1469
5 1470 1471 1472 1473 1474
5 1475 1476 1477 1478 1479
5 702 1006 1480 1481 1482
5 984 1483 1484 1485 1486
5 912 1487 1488 1489 1490
5 1491 1492 1493 1494 1495
5 887 1496 1497 1498 1499
5 1500 1501 1502 1503 1504
5 709 964 1505 1506 1507
5 7 890 1508 1509 1510
5 914 1511 1512 1513 1514
5 453 993 1515 1516 1517
5 908 1518 1519 1520 1521
5 625 636 1522 1523 1524
5 438 1525 1526 1527 1528
5 1529 1530 1531 1532 1533
5 985 1534 1535 1536 1537
5 651 1538 1539 1540 1541
5 1542 1543 1544 1545 1546
5 352 1547 1548 1549 1550
5 881 1551 1552 1553 1554
5 756 1075 1555 1556 1557
5 1112 1188 1558 1559 1560
5 510 851 1561 1562 1563
5 747 1564 1565 1566 1567
5 313 1133 1568 1569 1570
5 495 837 1571 1572 1573
5 1086 1574 1575 1576 1577
5 1578 1579 1580 1581 1582
5 862 1583 1584 1585 1586
5 640 1587 1588 1589 1590
5 431 1591 1592 1593 1594
5 603 1595 1596 1597 1598
5 1599 1600 1601 1602 1603
5 121 1604 1605 1606 1607
5 411 1608 1609 1610 1611
5 952 1612 1613 1614 1615
5 658 945 1616 1617 1618
5 446 1619 1620 1621 1622
5 1623 1624 1625 1626 1627
5 828 1487 1628 1629 1630
5 1337 1420 1631 1632 1633
5 406 1029 1634 1635 1636
5 217 1501 1637 1638 1639
5 399 1435 1640 1641 1642
5 1643 1644 1645 1646 1647
5 1648 1649 1650 1651 1652
5 374 808 1653 1654 1655
5 980 1016 1656 1657 1658
5 1497 1659 1660 1661 1662
5 381 795 1663 1664 1665
5 973 1022 1666 1667 1668
5 34 1669 1670 1671 1672
5 1673 1674 1675 1676 1677
5 46 1369 1678 1679 1680
5 1444 1681 1682 1683 1684
5 240 983 1685 1686 1687
5 630 1688 1689 1690 1691
5 1692 1693 1694 1695 1696
5 25 668 1697 1698 1699
5 56 285 877 1700 1701
5 469 1702 1703 1704 1705
5 125 1706 1707 1708 1709
5 1356 1710 1711 1712 1713
5 165 225 1714 1715 1716
5 936 1717 1718 1719 1720
5 518 1721 1722 1723 1724
5 143 1725 1726 1727 1728
5 1729 1730 1731 1732 1733
5 1641 1734 1735 1736 1737
5 1738 1739 1740 1741 1742
5 1743 1744 1745 1746 1747
5 233 524 1748 1749 1750
5 265 1451 1562 1751 1752
5 931 1449 1753 1754 1755
5 550 1556 1756 1757 1758
5 961 1759 1760 1761 1762
5 1455 1550 1763 1764 1765
5 353 1620 1766 1767 1768
5 348 770 1769 1770 1771
5 1316 1772 1773 1774 1775
5 308 715 1587 1776 1777
5 398 1778 1779 1780 1781
5 391 1608 1782 1783 1784
5 868 1785 1786 1787 1788
5 1272 1789 1790 1791 1792
5 1185 1291 1793 1794 1795
5 383 682 1796 1797 1798
5 814 971 1799 1800 1801
5 388 1329 1802 1803 1804
5 99 1110 1805 1806 1807
5 425 1808 1809 1810 1811
5 570 827 1812 1813 1814
5 944 1815 1816 1817 1818
5 1201 1819 1820 1821 1822
5 556 1823 1824 1825 1826
5 1827 1828 1829 1830 1831
5 63 1832 1833 1834 1835
5 102 843 1268 1836 1837
5 1838 1839 1840 1841 1842
5 118 1843 1844 1845 1846
5 113 1847 1848 1849 1850
5 13 1659 1851 1852 1853
5 1393 1854 1855 1856 1857
5 1858 1859 1860 1861 1862
5 1863 1864 1865 1866 1867
5 1657 1868 1869 1870 1871
5 1652 1872 1873 1874 1875
5 1876 1877 1878 1879 1880
5 1643 1881 1882 1883 1884
5 1576 1885 1886 1887 1888
5 321 1889 1890 1891 1892
5 1708 1893 1894 1895 1896
5 1897 1898 1899 1900 1901
5 1902 1903 1904 1905 1906
5 211 1333 1889 1907 1908
5 146 1909 1910 1911 1912
5 198 1913 1914 1915 1916
5 804 1917 1918 1919 1920
5 1319 1492 1921 1922 1923
5 134 204 1924 1925 1926
5 230 1927 1928 1929 1930
5 176 1153 1931 1932 1933
5 1815 1934 1935 1936 1937
5 389 1101 1691 1938 1939
5 707 970 1940 1941 1942
5 1835 1943 1944 1945 1946
5 1808 1947 1948 1949 1950
5 677 1092 1951 1952 1953
5 357 1182 1400 1954 1955
5 698 1956 1957 1958 1959
5 428 1856 1960 1961 1962
5 455 1963 1964 1965 1966
5 1470 1967 1968 1969 1970
5 68 1746 1971 1972 1973
5 437 1026 1974 1975 1976
5 103 1977 1978 1979 1980
5 1981 1982 1983 1984 1985
5 304 477 1197 1986 1987
5 1882 1988 1989 1990 1991
5 1992 1993 1994 1995 1996
5 201 1429 1997 1998 1999
5 2000 2001 2002 2003 2004
5 363 810 1412 2005 2006
5 2007 2008 2009 2010 2011
5 30 1638 2012 2013 2014
5 1060 1618 2015 2016 2017
5 727 1605 2018 2019 2020
5 109 468 2021 2022 2023
5 902 1624 1927 2024 2025
5 65 1281 2026 2027 2028
5 915 2029 2030 2031 2032
5 91 1909 2033 2034 2035
5 255 1013 1583 2036 2037
5 40 1460 2038 2039 2040
5 801 1042 1704 2041 2042
5 1602 2043 2044 2045 2046
5 22 1967 2047 2048 2049
5 785 1440 2050 2051 2052
5 1002 1614 2053 2054 2055
5 86 845 2056 2057 2058
5 575 1934 2059 2060 2061
5 1031 1565 1729 2062 2063
5 215 2064 2065 2066 2067
5 555 2068 2069 2070 2071
5 208 860 2072 2073 2074
5 1947 2075 2076 2077 2078
5 1551 2079 2080 2081 2082
5 1382 2083 2084 2085 2086
5 2087 2088 2089 2090 2091
5 1647 2071 2092 2093 2094
5 1974 2095 2096 2097 2098
5 170 2026 2099 2100 2101
5 1334 1982 2102 2103 2104
5 476 819 2105 2106 2107
5 457 1932 2108 2109 2110
5 1283 1743 2111 2112 2113
5 464 1132 1902 2114 2115
5 893 2116 2117 2118 2119
5 505 2120 2121 2122 2123
5 2124 2125 2126 2127 2128
5 488 1686 2129 2130 2131
5 514 1515 2132 2133 2134
5 1143 1512 2135 2136 2137
5 210 1158 1530 2138 2139
5 1178 2140 2141 2142 2143
5 226 2144 2145 2146 2147
5 130 1520 1692 2148 2149
5 765 1749 2150 2151 2152
5 1407 1413 2153 2154 2155
5 1091 2156 2157 2158 2159
5 1719 2160 2161 2162 2163
5 1403 2059 2164 2165 2166
5 266 2167 2168 2169 2170
5 275 1813 2171 2172 2173
5 281 623 2174 2175 2176
5 621 1772 2177 2178 2179
5 50 290 1977 2180 2181
5 442 1803 2007 2182 2183
5 585 2184 2185 2186 2187
5 12 732 2188 2189 2190
5 2191 2192 2193 2194 2195
5 2136 2196 2197 2198 2199
5 2200 2201 2202 2203 2204
5 380 2205 2206 2207 2208
5 31 2064 2209 2210 2211
5 2212 2213 2214 2215 2216
5 755 2217 2218 2219 2220
5 205 560 2221 2222 2223
5 2224 2225 2226 2227 2228
5 427 522 2229 2230 2231
5 2232 2233 2234 2235 2236
5 557 1883 2237 2238 2239
5 112 460 2240 2241 2242
5 576 2045 2243 2244 2245
5 475 2246 2247 2248 2249
5 2250 2251 2252 2253 2254
5 624 1572 2255 2256 2257
5 593 1629 2258 2259 2260
5 600 2009 2261 2262 2263
5 100 2264 2265 2266 2267
5 1679 2268 2269 2270 2271
5 1018 2272 2273 2274 2275
5 366 1066 2276 2277 2278
5 693 1737 2279 2280 2281
5 403 1061 2282 2283 2284
5 1727 2285 2286 2287 2288
5 2289 2290 2291 2292 2293
5 38 1644 2294 2295 2296
5 1396 2297 2298 2299 2300
5 214 1985 2301 2302 2303
5 175 1963 2304 2305 2306
5 2307 2308 2309 2310 2311
5 2154 2312 2313 2314 2315
5 520 2316 2317 2318 2319
5 2320 2321 2322 2323 2324
5 649 1010 2325 2326 2327
5 2328 2329 2330 2331 2332
5 1014 2333 2334 2335 2336
5 2337 2338 2339 2340 2341
5 587 2241 2342 2343 2344
5 1426 2320 2345 2346 2347
5 59 2223 2348 2349 2350
5 2249 2351 2352 2353 2354
5 2314 2355 2356 2357 2358
5 2120 2359 2360 2361 2362
5 548 1301 1504 2363 2364
5 2365 2366 2367 2368 2369
5 1326 2370 2371 2372 2373
5 565 1873 2374 2375 2376
5 1428 1519 2377 2378 2379
5 525 2380 2381 2382 2383
5 1332 1531 2384 2385 2386
5 1148 1338 2387 2388 2389
5 2390 2391 2392 2393 2394
5 849 2168 2395 2396 2397
5 302 2398 2399 2400 2401
5 753 1906 2402 2403 2404
5 2176 2405 2406 2407 2408
5 1118 1375 2409 2410 2411
5 2001 2305 2412 2413 2414
5 601 2415 2416 2417 2418
5 1122 1207 2419 2420 2421
5 1127 1994 2422 2423 2424
5 2425 2426 2427 2428 2429
5 414 927 2430 2431 2432
5 1363 2433 2434 2435 2436
5 618 1371 2437 2438 2439
5 92 1102 1242 2440 2441
5 2192 2442 2443 2444 2445
5 2016 2400 2446 2447 2448
5 2219 2449 2450 2451 2452
5 1300 2013 2453 2454 2455
5 2456 2457 2458 2459 2460
5 2461 2462 2463 2464 2465
5 2466 2467 2468 2469 2470
5 1874 2203 2471 2472 2473
5 2030 2196 2474 2475 2476
5 1162 2477 2478 2479 2480
5 939 1365 2481 2482 2483
5 2484 2485 2486 2487 2488
5 2489 2490 2491 2492 2493
5 2494 2495 2496 2497 2498
5 4 2499 2500 2501 2502
5 2503 2504 2505 2506 2507
5 1894 2508 2509 2510 2511
5 51 613 2226 2512 2513
5 962 2514 2515 2516 2517
5 1269 2518 2519 2520 2521
5 1256 2447 2522 2523 2524
5 2257 2525 2526 2527 2528
5 354 1266 2529 2530 2531
5 2343 2532 2533 2534 2535
5 370 1590 2536 2537 2538
5 2539 2540 2541 2542 2543
5 2352 2544 2545 2546 2547
5 404 1287 2548 2549 2550
5 2333 2551 2552 2553 2554
5 1284 2555 2556 2557 2558
5 286 1829 2559 2560 2561
5 1372 1775 2562 2563 2564
5 2454 2565 2566 2567 2568
5 1461 2569 2570 2571 2572
5 441 598 628 2573 2574
5 1998 2575 2576 2577 2578
5 249 2579 2580 2581 2582
5 244 2583 2584 2585 2586
5 2475 2587 2588 2589 2590
5 276 1445 2591 2592 2593
5 2594 2595 2596 2597 2598
5 2599 2600 2601 2602 2603
5 139 2199 2604 2605 2606
5 2202 2607 2608 2609 2610
5 131 1430 2425 2611 2612
5 1715 2088 2495 2613 2614
5 330 2464 2615 2616 2617
5 2444 2618 2619 2620 2621
5 764 1929 2600 2622 2623
5 319 2103 2596 2624 2625
5 422 1048 2626 2627 2628
5 2286 2629 2630 2631 2632
5 748 2633 2634 2635 2636
5 1168 1297 1674 2637 2638
5 1541 2639 2640 2641 2642
5 1826 1991 2643 2644 2645
5 1306 1416 2109 2646 2647
5 1342 1793 2648 2649 2650
5 739 1187 2651 2652 2653
5 105 750 1130 2654 2655
5 62 1208 2656 2657 2658
5 1140 1203 2659 2660 2661
5 1238 1780 1995 2662 2663
5 744 919 1119 2664 2665
5 531 1859 2666 2667 2668
5 384 1277 1712 2669 2670
5 1245 2671 2672 2673 2674
5 237 1179 1475 2675 2676
5 577 2677 2678 2679 2680
5 539 2681 2682 2683 2684
5 1192 1800 2685 2686 2687
5 1231 2336 2688 2689 2690
5 461 2691 2692 2693 2694
5 470 1204 2337 2695 2696
5 1722 2697 2698 2699 2700
5 1877 2218 2701 2702 2703
5 815 1023 1559 2704 2705
5 1009 1863 2706 2707 2708
5 1074 1593 2709 2710 2711
5 729 2516 2712 2713 2714
5 81 852 1084 2715 2716
5 882 1649 2717 2718 2719
5 67 2291 2720 2721 2722
5 759 1094 2723 2724 2725
5 1389 1441 2726 2727 2728
5 1500 1670 2729 2730 2731
5 158 2118 2732 2733 2734
5 1707 2098 2735 2736 2737
5 115 2083 2738 2739 2740
5 925 1783 2741 2742 2743
5 1949 2298 2744 2745 2746
5 2553 2747 2748 2749 2750
5 722 978 2751 2752 2753
5 2754 2755 2756 2757 2758
5 1390 2123 2759 2760 2761
5 1730 2633 2762 2763 2764
5 396 689 2765 2766 2767
5 2697 2768 2769 2770 2771
5 1532 1981 2772 2773 2774
5 140 1957 2775 2776 2777
5 1676 2627 2778 2779 2780
5 110 2038 2184 2781 2782
5 2100 2290 2783 2784 2785
5 314 752 1228 2786 2787
5 305 2788 2789 2790 2791
5 1462 1848 2693 2792 2793
5 163 1844 2794 2795 2796
5 1405 1600 2677 2797 2798
5 54 2267 2799 2800 2801
5 731 886 2802 2803 2804
5 1423 1832 2805 2806 2807
5 878 1827 2073 2808 2809
5 36 2238 2810 2811 2812
5 1392 1810 2316 2813 2814
5 96 835 2815 2816 2817
5 859 2251 2560 2818 2819
5 1348 2820 2821 2822 2823
5 2043 2164 2212 2824 2825
5 824 1483 2826 2827 2828
5 540 848 1472 2829 2830
5 491 833 2831 2832 2833
5 1490 1681 2834 2835 2836
5 401 867 1697 2837 2838
5 911 2839 2840 2841 2842
5 2843 2844 2845 2846 2847
5 899 2754 2848 2849 2850
5 1787 2549 2851 2852 2853
5 1797 2854 2855 2856 2857
5 699 1612 2442 2858 2859
5 735 1662 1838 2860 2861
5 2742 2862 2863 2864 2865
5 678 2456 2866 2867 2868
5 117 2869 2870 2871 2872
5 2171 2258 2839 2873 2874
5 695 2630 2875 2876 2877
5 85 2048 2878 2879 2880
5 436 2125 2881 2882 2883
5 5 1467 2140 2884 2885
5 327 894 2886 2887 2888
5 1138 2889 2890 2891 2892
5 2160 2893 2894 2895 2896
5 232 2897 2898 2899 2900
5 188 2117 2901 2902 2903
5 661 1580 2904 2905 2906
5 135 1491 1513 2907 2908
5 800 2821 2909 2910 2911
5 694 1725 2307 2912 2913
5 1438 2914 2915 2916 2917
5 1543 2918 2919 2920 2921
5 2095 2509 2922 2923 2924
5 179 1419 2925 2926 2927
5 395 1055 2928 2929 2930
5 2246 2790 2931 2932 2933
5 362 703 2313 2934 2935
5 2078 2319 2936 2937 2938
5 161 2232 2738 2939 2940
5 106 1226 2941 2942 2943
5 490 1106 1216 2944 2945
5 1191 1667 2946 2947 2948
5 223 1536 2949 2950 2951
5 2081 2374 2607 2952 2953
5 1626 2382 2898 2954 2955
5 1116 1213 2388 2956 2957
5 11 885 2958 2959 2960
5 1654 2269 2961 2962 2963
5 187 2887 2964 2965 2966
5 1039 2539 2724 2967 2968
5 2555 2785 2969 2970 2971
5 2201 2972 2973 2974 2975
5 2327 2976 2977 2978 2979
5 419 665 2980 2981 2982
5 1027 2126 2508 2983 2984
5 724 1868 2985 2986 2987
5 433 551 1876 2988 2989
5 1545 2133 2770 2990 2991
5 150 180 2992 2993 2994
5 515 2918 2995 2996 2997
5 222 485 1484 2998 2999
5 1538 1885 2706 3000 3001
5 70 864 2747 3002 3003
5 445 579 1547 3004 3005
5 2157 2205 2867 3006 3007
5 172 2111 3008 3009 3010
5 947 1578 3011 3012 3013
5 367 714 3014 3015 3016
5 950 2672 3017 3018 3019
5 1936 2213 3020 3021 3022
5 590 3015 3023 3024 3025
5 1366 3026 3027 3028 3029
5 218 545 2567 3030 3031
5 1144 1320 2587 3032 3033
5 1154 2413 3034 3035 3036
5 2386 2597 3037 3038 3039
5 1249 2631 2775 3040 3041
5 991 1723 2391 3042 3043
5 1259 1759 2366 3044 3045
5 1049 3046 3047 3048 3049
5 349 2894 3050 3051 3052
5 23 2682 3053 3054 3055
5 1383 1845 3056 3057 3058
5 1359 2050 2361 3059 3060
5 324 509 3061 3062 3063
5 1944 2346 3064 3065 3066
5 337 1270 3067 3068 3069
5 256 998 3070 3071 3072
5 710 2089 3073 3074 3075
5 2054 2620 3076 3077 3078
5 499 1353 3079 3080 3081
5 922 1376 1919 3082 3083
5 1734 3084 3085 3086 3087
5 1693 2426 3088 3089 3090
5 1410 2686 3091 3092 3093
5 1738 2982 3094 3095 3096
5 1456 1768 3097 3098 3099
5 1791 1953 3100 3101 3102
5 1128 1779 3086 3103 3104
5 16 900 3105 3106 3107
5 1979 2225 3067 3108 3109
5 347 1718 3026 3110 3111
5 790 979 3112 3113 3114
5 451 2390 2996 3115 3116
5 856 1476 3117 3118 3119
5 2500 2854 3120 3121 3122
5 1036 2497 3123 3124 3125
5 2478 2595 2773 3126 3127
5 1606 2367 2514 3128 3129
5 771 2895 3130 3131 3132
5 2977 3133 3134 3135 3136
5 452 1544 3137 3138 3139
5 409 3140 3141 3142 3143
5 2273 2751 3144 3145 3146
5 192 2193 2329 3147 3148
5 501 1115 3149 3150 3151
5 2163 3152 3153 3154 3155
5 1217 3156 3157 3158 3159
5 2280 2916 3160 3161 3162
5 1137 3163 3164 3165 3166
5 1214 3167 3168 3169 3170
5 1165 3171 3172 3173 3174
5 1051 1610 3175 3176 3177
5 2881 2923 3178 3179 3180
5 1089 3133 3181 3182 3183
5 1184 2889 3184 3185 3186
5 184 1170 3187 3188 3189
5 2652 3190 3191 3192 3193
5 2405 3194 3195 3196 3197
5 1820 2106 2545 3198 3199
5 2434 3200 3201 3202 3203
5 2660 3204 3205 3206 3207
5 1849 2534 3208 3209 3210
5 3054 3211 3212 3213 3214
5 2504 2970 3009 3215 3216
5 1124 2806 3217 3218 3219
5 2244 2469 3021 3220 3221
5 1072 2451 3222 3223 3224
5 2668 3225 3226 3227 3228
5 2075 2230 3229 3230 3231
5 1648 2079 2972 3232 3233
5 1636 2763 3234 3235 3236
5 2158 3237 3238 3239 3240
5 93 2372 3171 3241 3242
5 2863 3176 3243 3244 3245
5 76 2360 3200 3246 3247
5 1294 3046 3248 3249 3250
5 2876 3251 3252 3253 3254
5 3052 3255 3256 3257 3258
5 2020 3259 3260 3261 3262
5 1019 2487 3263 3264 3265
5 359 3164 3266 3267 3268
5 796 1710 3269 3270 3271
5 37 2068 3272 3273 3274
5 1756 2702 3275 3276 3277
5 2700 2921 3278 3279 3280
5 3281 3282 3283 3284 3285
5 483 3286 3287 3288 3289
5 2130 2950 3290 3291 3292
5 373 1173 2178 3293 3294
5 1253 3254 3295 3296 3297
5 2849 3226 3298 3299 3300
5 1248 2847 3301 3302 3303
5 2094 2644 3304 3305 3306
5 1895 3307 3308 3309 3310
5 1159 1890 3038 3311 3312
5 2274 2985 3313 3314 3315
5 2332 3316 3317 3318 3319
5 1169 3320 3321 3322 3323
5 1147 1495 3324 3325 3326
5 3327 3328 3329 3330 3331
5 1262 3099 3332 3333 3334
5 780 1860 3335 3336 3337
5 2543 3338 3339 3340 3341
5 2295 3342 3343 3344 3345
5 2394 3280 3346 3347 3348
5 2189 3283 3349 3350 3351
5 792 1870 2485 3352 3353
5 1867 3354 3355 3356 3357
5 609 2142 3118 3358 3359
5 3306 3345 3360 3361 3362
5 1111 1352 3191 3363 3364
5 1993 2766 2915 3365 3366
5 1346 2758 3367 3368 3369
5 1349 2340 3207 3370 3371
5 1880 3330 3372 3373 3374
5 521 1855 3375 3376 3377
5 2252 2349 3378 3379 3380
5 3236 3381 3382 3383 3384
5 1062 1288 2579 3385 3386
5 2501 3387 3388 3389 3390
5 1263 1765 3391 3392 3393
5 1057 2905 3394 3395 3396
5 535 2636 3397 3398 3399
5 3027 3153 3257 3400 3401
5 2127 3307 3402 3403 3404
5 1958 3295 3405 3406 3407
5 173 1972 3408 3409 3410
5 2235 3411 3412 3413 3414
5 1260 1913 3260 3415 3416
5 1071 1898 3194 3417 3418
5 358 775 1290 3419 3420
5 129 1528 3403 3421 3422
5 1323 1433 2035 3423 3424
5 2145 2496 3425 3426 3427
5 1008 1575 3428 3429 3430
5 538 1566 3431 3432 3433
5 3095 3288 3434 3435 3436
5 2234 2869 3437 3438 3439
5 2227 2264 2518 3440 3441
5 3143 3383 3398 3442 3443
5 1357 3387 3444 3445 3446
5 3447 3448 3449 3450 3451
5 1081 2169 3452 3453 3454
5 1591 2450 3373 3455 3456
5 1078 1595 2843 3457 3458
5 2457 3101 3237 3459 3460
5 2581 2853 3461 3462 3463
5 612 3464 3465 3466 3467
5 2903 3468 3469 3470 3471
5 966 2090 3472 3473 3474
5 289 3380 3475 3476 3477
5 2993 3249 3322 3478 3479
5 2368 3261 3480 3481 3482
5 2299 2937 3483 3484 3485
5 2151 3486 3487 3488 3489
5 2864 2929 3490 3491 3492
5 3493 3494 3495 3496 3497
5 2540 3287 3498 3499 3500
5 1585 2552 3501 3502 3503
5 1164 3504 3505 3506 3507
5 1198 2353 3508 3509 3510
5 2909 3204 3511 3512 3513
5 89 1473 3449 3514 3515
5 1481 2328 2619 3516 3517
5 2309 3251 3518 3519 3520
5 2085 3411 3521 3522 3523
5 2462 2966 3524 3525 3526
5 1196 2357 3527 3528 3529
5 345 3507 3530 3531 3532
5 543 3450 3533 3534 3535
5 2489 2795 3437 3536 3537
5 1221 3184 3267 3538 3539
5 2287 3519 3540 3541 3542
5 616 2521 3543 3544 3545
5 591 2538 3546 3547 3548
5 2481 3154 3549 3550 3551
5 2649 2891 3552 3553 3554
5 1553 3555 3556 3557 3558
5 2429 2578 3559 3560 3561
5 2210 2565 3562 3563 3564
5 2283 3462 3565 3566 3567
5 2057 3211 3534 3568 3569
5 1180 1508 3464 3570 3571
5 1524 3195 3572 3573 3574
5 1313 3470 3524 3575 3576
5 2947 3150 3577 3578 3579
5 594 2835 3580 3581 3582
5 2591 2842 3580 3583 3584
5 2002 2926 3585 3586 3587
5 2186 2569 3208 3588 3589
5 2871 3522 3590 3591 3592
5 1864 2640 2978 3593 3594
5 1241 2371 3504 3595 3596
5 2379 3089 3597 3598 3599
5 156 186 3600 3601 3602
5 1098 2416 3603 3604 3605
5 1175 2438 2962 3606 3607
5 580 2529 3608 3609 3610
5 2022 2403 3611 3612 3613
5 1097 1739 3498 3614 3615
5 1056 3012 3616 3617 3618
5 2602 2899 3488 3619 3620
5 2803 3282 3621 3622 3623
5 272 1398 3157 3624 3625
5 2324 2421 3495 3626 3627
5 2490 3057 3591 3628 3629
5 1839 3623 3630 3631 3632
5 3227 3369 3633 3634 3635
5 1001 2688 3636 3637 3638
5 633 1452 3639 3640 3641
5 2658 3066 3496 3642 3643
5 1157 1310 3586 3644 3645
5 2609 3558 3646 3647 3648
5 762 1742 3339 3649 3650
5 840 1901 3651 3652 3653
5 484 825 3654 3655 3656
5 1941 2355 3092 3657 3658
5 1745 2505 3659 3660 3661
5 2585 3290 3662 3663 3664
5 3074 3427 3665 3666 3667
5 273 1807 3668 3669 3670
5 245 669 1786 3671 3672
5 1842 3351 3673 3674 3675
5 1280 2857 3445 3676 3677
5 566 3647 3678 3679 3680
5 561 3477 3681 3682 3683
5 1303 1479 3465 3684 3685
5 2533 2692 3686 3687 3688
5 2524 3395 3689 3690 3691
5 3224 3276 3329 3692 3693
5 1229 3612 3694 3695 3696
5 325 3639 3697 3698 3699
5 2381 3487 3700 3701 3702
5 1275 3240 3703 3704 3705
5 3077 3317 3706 3707 3708
5 607 3302 3709 3710 3711
5 2408 2528 3653 3712 3713
5 2432 3244 3714 3715 3716
5 1818 2468 2679 3717 3718
5 1003 3316 3719 3720 3721
5 1762 1916 3722 3723 3724
5 1988 3342 3725 3726 3727
5 17 2755 3728 3729 3730
5 1312 2615 3731 3732 3733
5 1888 3355 3734 3735 3736
5 301 1255 3737 3738 3739
5 842 2800 3543 3740 3741
5 377 679 3742 3743 3744
5 534 1733 3745 3746 3747
5 552 2710 3327 3748 3749
5 1498 3631 3750 3751 3752
5 992 2769 3753 3754 3755
5 1032 3756 3757 3758 3759
5 417 1040 3760 3761 3762
5 193 954 3720 3763 3764
5 2750 3636 3765 3766 3767
5 498 1897 3768 3769 3770
5 2760 3201 3771 3772 3773
5 3192 3577 3774 3775 3776
5 1387 3491 3777 3778 3779
5 1688 2417 3780 3781 3782
5 1152 3170 3783 3784 3785
5 2641 3182 3734 3786 3787
5 3180 3308 3788 3789 3790
5 3381 3746 3759 3791 3792
5 2606 3325 3793 3794 3795
5 3125 3473 3796 3797 3798
5 2844 3799 3800 3801 3802
5 364 968 3528 3803 3804
5 1415 1965 3805 3806 3807
5 61 1123 3808 3809 3810
5 1632 1918 3783 3811 3812
5 1911 3173 3813 3814 3815
5 641 930 3816 3817 3818
5 583 3392 3819 3820 3821
5 988 3772 3822 3823 3824
5 2778 3187 3825 3826 3827
5 1466 2673 3801 3828 3829
5 1525 2736 3789 3830 3831
5 296 1250 3541 3832 3833
5 976 3081 3775 3834 3835
5 2558 2721 3660 3836 3837
5 254 1821 3838 3839 3840
5 317 1903 3841 3842 3843
5 1222 3553 3844 3845 3846
5 1237 3085 3847 3848 3849
5 2728 3824 3850 3851 3852
5 1322 3531 3814 3853 3854
5 1790 3743 3855 3856 3857
5 1926 3560 3858 3859 3860
5 2486 3314 3861 3862 3863
5 2789 3509 3864 3865 3866
5 271 2816 3867 3868 3869
5 1174 2564 3870 3871 3872
5 1625 2601 3873 3874 3875
5 1601 2467 3876 3877 3878
5 2460 3857 3879 3880 3881
5 2713 3480 3723 3882 3883
5 207 2253 3884 3885 3886
5 2974 3555 3887 3888 3889
5 820 2932 3890 3891 3892
5 1569 2942 3893 3894 3895
5 2960 3284 3896 3897 3898
5 2879 3213 3899 3900 3901
5 2399 3617 3902 3903 3904
5 2463 3602 3905 3906 3907
5 2575 3598 3908 3909 3910
5 1621 3609 3911 3912 3913
5 2010 3604 3914 3915 3916
5 3112 3263 3917 3918 3919
5 136 2031 3920 3921 3922
5 1035 2146 3923 3924 3925
5 1861 3107 3926 3927 3928
5 2067 2730 3929 3930 3931
5 3715 3779 3932 3933 3934
5 3273 3361 3935 3936 3937
5 3377 3484 3938 3939 3940
5 3019 3711 3941 3942 3943
5 3271 3390 3944 3945 3946
5 1852 3674 3947 3948 3949
5 831 1684 3950 3951 3952
5 1970 2683 3953 3954 3955
5 2472 3680 3956 3957 3958
5 3840 3866 3959 3960 3961
5 3696 3842 3962 3963 3964
5 1675 3049 3965 3966 3967
5 3655 3663 3968 3969 3970
5 458 3035 3971 3972 3973
5 1220 3668 3974 3975 3976
5 2321 3219 3977 3978 3979
5 1754 3023 3980 3981 3982
5 1703 2822 3983 3984 3985
5 1367 1771 3986 3987 3988
5 865 3071 3989 3990 3991
5 2397 3062 3992 3993 3994
5 3454 3699 3995 3996 3997
5 3546 3818 3998 3999 4000
5 3132 3549 4001 4002 4003
5 1045 3512 4004 4005 4006
5 1233 3503 4007 4008 4009
5 2572 3688 4010 4011 4012
5 449 1457 4013 4014 4015
5 872 2270 3870 4016 4017
5 1298 1671 4018 4019 4020
5 2833 3158 4021 4022 4023
5 1534 2584 4024 4025 4026
5 3337 3635 4027 4028 4029
5 1327 2262 4030 4031 4032
5 2525 3573 3769 4033 4034
5 1830 3681 3885 4035 4036
5 871 3566 4037 4038 4039
5 3340 3436 3762 4040 4041
5 3140 3431 3756 4042 4043
5 2292 2506 3409 4044 4045
5 8 262 608 4046 4047
5 413 646 4048 4049 4050
5 2208 3704 3880 4051 4052
5 334 2493 3414 4053 4054
5 297 2310 3405 4055 4056
5 788 2435 3851 4057 4058
5 1960 2745 4059 4060 4061
5 941 2216 3878 4062 4063
5 805 2410 3167 4064 4065
5 220 3969 4066 4067 4068
5 996 3975 4069 4070 4071
5 3819 4015 4072 4073 4074
5 1696 3858 4075 4076 4077
5 3781 4032 4078 4079 4080
5 2734 3731 4081 4082 4083
5 1581 3738 4084 4085 4086
5 1379 3862 4087 4088 4089
5 28 246 4038 4090 4091
5 320 2303 2479 4092 4093
5 3800 3942 4094 4095 4096
5 80 3993 3996 4097 4098
5 776 3165 3845 4099 4100
5 3667 3797 4101 4102 4103
5 3564 4020 4104 4105 4106
5 2590 3795 4107 4108 4109
5 3729 4028 4110 4111 4112
5 3494 3810 4113 4114 4115
5 279 597 3952 4116 4117
5 1276 3945 4118 4119 4120
5 935 3702 3875 4121 4122
5 3136 3356 3430 4123 4124
5 2339 3984 4006 4125 4126
5 3256 3986 4002 4127 4128
5 544 3930 4105 4129 4130
5 2423 3162 3848 4131 4132
5 3333 3913 4073 4133 4134
5 3298 3927 4110 4135 4136
5 2277 3981 3999 4137 4138
5 955 2194 3707 4139 4140
5 1823 3935 4141 4142 4143
5 719 1596 4094 4144 4145
5 2546 3891 3960 4146 4147
5 465 3894 3962 4148 4149
5 386 3915 4079 4150 4151
5 3230 3938 4060 4152 4153
5 907 3909 4076 4154 4155
5 2827 4024 4066 4156 4157
5 3867 4022 4069 4158 4159
5 154 3826 4160 4161 4162
5 2003 3806 4163 4164 4165
5 3765 3991 4008 4166 4167
5 1665 3121 4119 4168 4169
5 3139 3347 3755 4170 4171
5 1307 3973 4164 4172 4173
5 3750 3897 3947 4174 4175
5 3447 3900 3954 4176 4177
5 3689 3902 4086 4178 4179
5 1922 3921 4108 4180 4181
5 2812 3726 4142 4182 4183
5 2718 3888 3956 4184 4185
5 3320 3965 4162 4186 4187
5 43 586 4010 4188 4189
5 3145 3918 4087 4190 4191
5 1052 3932 4049 4192 4193
5 3469 3905 4082 4194 4195
5 1945 3978 4113 4196 4197
5 1505 3924 4101 4198 4199
20 182 681 754 1103 1399 1548 2056 2217 2439 2613 2819 2865 2868 2919 2924 2964 2971 3365 3368 3589
20 1510 2266 2711 3181 3536 3578 3763 3823 3883 3893 4001 4017 4072 4104 4155 4166 4177 4182 4192 4199
20 127 346 667 1261 1273 1502 1851 1862 1872 2052 2242 2347 2708 3042 3047 3063 3069 3076 3420 3423
20 60 723 761 892 1314 1459 1592 1801 1831 1984 2712 2722 2855 3552 3727 3728 3786 3822 4014 4025
20 122 338 351 620 818 846 1012 1637 2084 2093 2404 2612 2614 2621 2703 2707 2741 3060 3110 3119
20 1064 1161 2222 2358 2380 3151 3266 3286 3404 3441 3896 3923 3944 3977 4007 4130 4138 4148 4186 4193
20 71 294 421 740 751 760 812 1777 1788 1796 2012 2091 2096 2104 2561 2622 2650 2656 2743 2861
20 185 1113 1160 1166 2141 2284 2312 2920 2936 3007 3148 3155 3215 3272 3285 3499 3502 3568 3605 3607
20 463 563 874 990 1274 1325 1971 3084 3422 3749 3926 3953 3966 4048 4071 4081 4120 4133 4149 4198
20 66 416 975 994 1000 1304 1315 1328 1661 1770 1792 1799 1962 1969 1989 2055 2102 3424 3672 3732
20 190 1082 1163 1542 2571 2714 2757 2799 2866 2892 3179 3183 3189 3550 3557 3563 3565 3621 3773 3809
20 356 487 1007 1258 2070 2315 2322 2342 2348 2530 2666 3010 3059 3265 3270 3277 3289 3312 3359 3601
20 10 258 412 605 786 1043 2029 2473 3048 3108 3141 3407 3408 3413 3599 3705 3911 3928 3976 4047
20 634 880 1279 1494 1507 1736 1943 2647 2691 2794 3721 3722 3745 3748 3752 3766 3768 3828 3854 4016
20 2 407 606 619 1604 1996 2036 2170 2174 2185 2190 2204 2220 2414 2419 2440 2445 2476 2498 3523
20 133 512 1257 1282 1478 1493 1503 1642 1709 1724 1732 1904 2060 2669 2674 2815 2830 3000 3064 3111
20 6 1121 1218 1598 2424 2474 2499 2882 2941 3134 3138 3142 3452 3562 3618 3876 3901 3910 4003 4045
20 676 832 1350 1552 1731 1763 1843 1924 2285 2557 2675 2748 2761 3188 3326 3367 3492 3632 3741 3829
20 78 375 1038 1527 1623 2233 2260 3262 3574 3804 3912 3920 4005 4070 4098 4136 4153 4163 4168 4194
20 472 536 553 564 876 1443 1673 1689 1695 1744 1753 1761 2108 2684 2694 2727 2777 3087 3091 3094
20 87 361 1634 1999 2004 2011 2018 2187 2254 2259 2452 2537 2783 2967 2973 2992 3247 3366 3513 3520
20 257 268 280 329 784 1120 1240 1409 1700 1956 2188 2431 2592 2983 3055 3090 3096 3238 3352 3426
20 82 203 967 1628 2749 2928 2968 3144 3471 3515 3542 3742 3751 3802 3803 3812 3813 3831 3884 4033
20 686 839 963 1145 1345 1355 1373 1391 1397 1408 1446 1740 1751 1764 1931 2150 2510 2814 2886 3058
20 21 253 291 303 328 339 767 781 793 816 826 838 855 928 951 957 1343 1384 1564 2626
20 1480 1535 1589 1631 1997 2455 2642 2657 2723 2845 2852 2856 2872 3206 3234 3456 3472 3510 3514 3575
20 15 252 456 717 934 943 953 1380 1568 1755 2301 2779 2808 3432 3852 3989 4013 4077 4091 4183
20 1054 2272 2351 2846 2951 2954 3300 3321 3382 3396 3439 3440 3451 3468 3482 3527 3539 3570 3572 3579
20 26 155 333 822 949 1694 1705 1757 2144 2409 3053 3269 3429 3433 3434 3656 3931 3979 3982 4140
20 1017 1427 2092 2243 2335 2354 2359 2531 2536 2548 2897 3039 3228 3235 3303 3379 3478 3517 3587 3613
20 343 615 659 1246 1414 1436 1646 1685 1717 1878 2256 2334 2598 2611 2698 2829 2836 2925 2953 3620
20 1223 2373 2466 2582 3197 3296 3443 3481 3683 3776 3908 3957 3974 3995 4102 4128 4134 4135 4172 4176
20 199 212 227 691 706 721 821 850 866 1134 1402 1468 1555 1567 1577 1814 1950 2066 2074 2912
20 519 1059 1202 1219 1232 2128 2224 2365 2383 2957 2976 3239 3292 3386 3389 3442 3538 3583 3596 3597
20 969 1305 1837 1917 2720 3736 3830 3835 3856 3961 3987 4036 4059 4095 4097 4111 4156 4173 4181 4184
20 132 149 177 341 836 847 861 1344 1401 1549 1561 1573 1714 1720 1728 2063 2082 2165 2704 2838
20 58 178 474 529 653 1560 1752 2129 2137 2143 2155 2159 2162 2317 2325 2513 2952 2956 2984 3008
20 974 1254 1437 1471 1785 2527 2599 2625 2735 3374 3474 3642 3685 3811 3833 3855 3865 3868 4029 4031
20 104 213 450 903 1073 1126 1942 2173 3242 3418 3899 3903 3972 3990 4068 4127 4143 4144 4154 4185
20 526 697 898 1063 1070 1099 1114 1117 1129 1557 2107 2124 2139 2147 2156 2885 2944 3214 3218 3616
20 1194 1224 1235 1251 1299 2369 2594 2690 3301 3372 3376 3384 3466 3475 3508 3582 3594 3694 3698 3796
20 195 382 829 844 870 1341 1886 1910 1920 1925 2062 2623 2737 2744 2817 2823 2826 3002 3739 3744
20 2520 3318 3328 3467 3529 3784 3792 3832 3853 3939 3963 3998 4034 4078 4118 4125 4158 4174 4187 4195
20 90 216 705 746 857 1354 1766 1806 1908 2086 2172 2179 2396 2401 2443 3016 3022 3036 3113 3115
20 53 434 896 1077 1142 1189 1450 1463 1680 1987 2135 2517 2574 2774 2797 2802 2813 2890 2986 2991
20 288 734 1199 1206 1244 1296 1776 1871 2015 2175 2453 2573 2653 2659 2663 3128 3460 3584 3590 3593
20 497 1087 1136 1406 1465 1554 1570 1582 1726 2072 2116 2271 2281 2796 2801 2810 2831 2990 3764 3827
20 1271 1892 2344 2393 3020 3080 3294 3415 3419 3693 3906 3917 3943 3948 3992 4126 4147 4150 4152 4180
20 284 424 440 684 696 716 733 749 758 959 1108 1141 1469 1811 2181 2441 2654 2665 2858 2888
20 160 209 379 500 830 1574 1915 2279 3770 3815 3890 3929 3983 4085 4137 4151 4160 4175 4191 4196
20 1293 1865 2177 2392 2406 2446 2465 2471 2618 2662 3068 3220 3248 3297 3304 3476 3521 3611 3669 3709
20 1195 1418 2268 2768 2798 2834 2904 2948 3127 3313 3530 3537 3571 3640 3719 3791 3817 3820 4019 4021
20 32 145 869 937 1030 2005 2097 2255 2263 2296 2300 2603 2605 2784 2787 2791 2818 2911 2917 3004
20 1100 1109 1156 1183 1358 1750 2635 2875 2965 2995 3014 3030 3033 3198 3210 3243 3364 3400 3569 3615
20 35 581 1034 1579 2206 2480 2604 2931 2961 3161 3163 3169 3485 3501 3758 3898 4000 4023 4161 4189
20 467 527 547 559 1318 1747 1825 1939 2229 2370 2696 3103 3199 3255 3332 3385 3397 3402 3417 3658
20 41 138 295 644 768 1666 1669 1968 2788 3753 3757 3761 3807 3816 3874 4030 4083 4100 4159 4169
20 426 712 920 999 1295 1321 1331 1774 1778 1795 1805 1822 1847 2448 2634 2645 2860 3075 3098 3102
20 144 243 307 316 344 778 932 938 960 1386 1394 1404 1571 1672 1678 1682 2726 2771 2780 2988
20 221 369 2021 2547 2873 3031 3116 3177 3196 3221 3222 3229 3241 3246 3253 3258 3259 3293 3299 3479
20 1155 1351 1362 1377 1381 1711 1891 1896 1905 1935 2152 2535 3018 3024 3028 3117 3275 3652 3654 3675
20 108 444 701 1058 1085 1096 1529 2568 2661 2804 2841 2848 2870 2877 2883 2945 2949 3175 3185 3457
20 439 639 884 989 1422 1509 1522 1537 1594 1599 1627 2040 2772 2943 2946 3122 3131 3438 3458 3805
20 298 322 332 773 823 1385 1706 2729 3017 3061 3335 3708 3737 3843 3869 3949 3950 3985 4041 4080
20 189 219 234 355 368 405 853 1716 1954 2058 2069 2076 2362 2739 2767 2935 2994 2997 2998 3232
20 247 929 1677 1854 2491 2583 2685 3678 3697 3725 3733 3754 3844 3849 3850 3955 4018 4074 4103 4121
20 77 94 107 410 435 454 742 981 1597 1611 1622 1980 2019 2024 2032 2182 2781 2859 2874 2880
20 541 1150 1388 1683 1760 1893 2671 2699 3319 3324 3393 3486 3532 3544 3686 3747 3777 3782 3841 3863
20 194 206 224 489 692 909 1053 1076 1088 2077 2138 2265 2276 2282 2716 2850 2902 3146 3149 3174
20 242 274 287 310 326 335 736 924 1239 1432 1857 1866 1879 2428 2616 2624 3078 3336 3353 3671
20 152 588 794 1584 2065 2195 2207 2214 2311 2395 2412 2934 2975 3274 3428 3600 3892 3916 3919 4065
20 568 631 1005 1200 1302 1311 1336 1990 2637 2639 2646 2678 2687 2792 2987 3041 3100 3637 3641 3676
20 1477 1794 1841 2087 2402 2523 2556 2762 2851 2862 3029 3209 3305 3371 3516 3526 3634 3643 3645 3713
20 9 29 44 635 956 1964 2041 2733 2811 2958 3011 3106 3130 3166 3217 3410 3895 3925 4043 4050
20 763 841 1347 1368 1378 1454 1817 1828 1840 2563 2648 3056 3073 3082 3649 3651 3735 3837 3838 3859
20 171 482 1020 1037 1046 1215 1523 1653 2044 2228 2236 2248 2326 2350 2378 2893 2955 2959 3268 3610
20 166 402 648 1181 1489 2080 2122 2161 2247 2275 2288 2554 2832 2900 2901 2906 2927 2930 2938 2963
20 248 260 278 789 933 1773 1961 2398 2430 2617 3070 3357 3406 3666 3670 3839 3958 3971 3988 4058
20 537 1374 1816 1900 3309 3657 3659 3687 3724 3872 3933 3968 3980 4075 4088 4129 4141 4167 4178 4197
20 626 809 982 1015 1210 1421 1431 1588 1607 1616 1635 1645 1658 1782 1976 2006 2014 2046 2099 2782
20 394 504 632 643 662 965 986 1004 1330 1417 1474 1488 1496 1539 1633 1640 1668 1884 2028 2907
20 1176 2542 3147 3172 3203 3223 3518 3567 3790 3886 3887 3914 3936 4067 4096 4109 4114 4146 4179 4190
20 48 627 657 671 1028 1424 1434 1442 1511 1617 1687 1701 1869 1881 1986 2053 2375 2776 2980 2989
20 1992 2407 2449 2459 2470 2566 2576 2589 3178 3193 3202 3205 3245 3252 3362 3453 3463 3525 3588 3592
20 128 141 164 462 496 511 549 647 675 1024 1439 1699 1702 1735 2148 2166 2237 2731 2732 2908
20 277 2167 2191 2411 2422 2436 2507 2588 3025 3034 3212 3349 3363 3425 3603 3716 3904 3937 3970 4124
20 582 602 622 1190 1212 1230 1411 1603 2198 2294 2420 2502 2512 2608 2979 3124 3126 3129 3159 3581
20 98 387 708 1812 1824 1836 1887 1899 1907 1914 1923 1937 1940 1946 2115 2670 2717 3079 3083 3097
20 1252 1267 1278 1292 1308 1324 1789 1921 2341 2364 2522 2643 3043 3065 3331 3334 3638 3682 3684 3834
20 3 39 52 757 802 858 1105 1125 1139 1546 1558 1586 2197 2211 2304 2884 2913 3005 3006 3013
20 14 24 57 123 159 174 783 797 807 946 1011 1025 1050 1698 2037 2042 2051 2306 2705 2825
20 1146 1167 1177 1453 2318 2387 2629 2680 2759 3152 3186 3291 3315 3391 3394 3446 3506 3533 3614 3622
20 1171 1309 3370 3448 3461 3576 3630 3677 3690 3718 3767 3771 3774 3787 3788 3799 3836 3871 3882 4035
20 264 300 777 787 803 1047 1619 1663 1769 1853 2033 2047 2215 2828 3114 3760 3922 3994 4056 4061
20 546 1151 1172 1265 2330 2338 2356 2519 2532 2544 3225 3310 3311 3323 3401 3500 3535 3644 3691 3692
20 19 33 47 306 420 430 448 745 772 798 813 948 1615 1966 1975 1983 2039 2049 2180 2628
20 137 153 169 365 378 393 1021 1033 1041 1486 1630 1655 1664 1912 2101 2824 2837 2933 2939 3233
20 1741 1819 2562 2580 2593 2638 3032 3093 3190 3399 3444 3459 3595 3628 3661 3662 3665 3679 3714 3717
20 267 592 614 1361 2153 2418 2427 2437 2488 2494 2511 2610 2701 3216 3279 3350 3358 3489 3625 3626
20 415 429 459 879 905 916 1069 1317 1448 1517 1613 1959 1973 1978 2664 2805 2981 3072 3104 3105
20 69 83 101 873 889 906 972 987 997 1065 1499 1506 1516 1526 1804 1834 2025 2709 2719 2753
20 2250 2331 2526 2541 2551 2914 2969 3278 3483 3490 3497 3540 3545 3547 3585 3606 3619 3633 3785 3793
20 228 471 486 516 533 554 572 1090 1563 1713 1748 1758 1933 1938 1955 2061 2105 2112 2114 2149
20 595 1227 2261 2289 2577 3120 3343 3455 3511 3798 3846 3864 3873 3877 3881 3997 4026 4112 4165 4171
20 360 371 390 466 481 503 558 672 995 1518 1651 2221 2240 2278 2940 2999 3050 3231 3416 3421
20 311 599 1370 1395 2458 2482 2515 2559 2570 2586 2651 2786 2922 3344 3554 3561 3624 3629 3648 3650
20 111 663 917 1205 1289 1425 1609 1656 1781 1875 2017 2023 2231 2245 2377 2385 2840 3051 3109 3250
20 315 942 2297 2483 2820 3160 3341 3556 3740 3778 3794 3825 3860 3951 4012 4037 4084 4089 4093 4115
20 64 88 119 183 202 239 680 700 730 1798 1930 1948 2183 2655 2715 2725 2752 2756 2765 3003
20 323 610 1234 1858 2323 2484 2681 3044 3088 3375 3435 3701 3703 3706 3780 3847 3946 3964 3967 4053
20 478 493 508 638 652 666 888 901 913 1068 1080 1093 1514 1521 1533 2119 2134 2239 2807 2896
20 270 318 589 1364 2433 2461 3338 3346 3354 3360 3493 3559 3673 3712 3879 3941 3959 4027 4107 4116
20 447 728 806 863 2008 2209 2293 2302 2308 2746 2878 2910 3137 3730 3808 3889 4039 4063 4145 4157
20 523 542 574 1247 1264 1286 1690 1721 2113 2131 2345 2363 2376 2389 2667 2689 2695 3037 3040 3045
20 236 571 688 711 726 883 895 923 1131 1447 1458 1464 1809 1833 1846 1951 2110 2132 2793 2809
20 584 596 611 2000 2200 3123 3168 3264 3348 3378 3412 3548 3608 3627 3695 3710 3907 3940 4004 4052
20 2415 2477 2492 2503 3135 3156 3281 3388 3505 3551 3646 3664 3700 3821 3861 3934 4009 4011 4106 4131
20 74 97 114 350 385 400 977 1335 1485 1639 1650 1660 1767 1784 1802 1928 2027 2034 2740 3001
20 116 231 397 517 578 910 1095 1186 1285 1339 1482 1540 1850 1952 2121 2384 2550 2632 2676 2764
20 4040 4042 4044 4046 4051 4054 4055 4057 4062 4064 4090 4092 4099 4117 4122 4123 4132 4139 4170 4188
