# Generated using Miratope v0.5.0 (https://github.com/galoomba1/miratope-rs)
4OFF

# Vertices, Faces, Edges, Cells
120 4200 1200 1800

# Vertices
0.809016994375 0 0.3090169943749 0.5 
0.809016994375 -0 0.3090169943749 -0.5 
0.809016994375 0.3090169943749 -0.5 0 
0.5 0.8090169943749 0.3090169943749 0 
0.809016994375 0.5 0 0.3090169943749 
0.809016994375 -0.5 0 0.3090169943749 
0.5 0 0.8090169943749 0.3090169943749 
0.809016994375 -0.3090169943749 0.5 -0 
0.809016994375 0 -0.3090169943749 -0.5 
0.5 0.5 0.5 -0.5 
0.809016994375 0.5 0 -0.3090169943749 
0.809016994375 0 -0.3090169943749 0.5 
0.5 0.5 0.5 0.5 
0.809016994375 -0.5 0 -0.3090169943749 
0.5 0 0.8090169943749 -0.3090169943749 
0.809016994375 -0.3090169943749 -0.5 0 
0.5 -0.8090169943749 0.3090169943749 0 
0.809016994375 0.3090169943749 0.5 -0 
0.5 -0.5 0.5 -0.5 
0.5 -0.5 0.5 0.5 
0.5 0.5 -0.5 0.5 
0.5 0.8090169943749 -0.3090169943749 0 
0.5 0.3090169943749 0 0.8090169943749 
0.5 0.5 -0.5 -0.5 
0.5 0.3090169943749 0 -0.8090169943749 
0.5 -0.5 -0.5 0.5 
0.5 -0.8090169943749 -0.3090169943749 0 
0.5 -0.3090169943749 0 0.8090169943749 
0.5 -0.3090169943749 0 -0.8090169943749 
0.5 -0.5 -0.5 -0.5 
0.5 -0 -0.8090169943749 0.3090169943749 
0.5 0 -0.8090169943749 -0.3090169943749 
0.309016994375 0.5 0.8090169943749 0 
0.309016994375 -0.5 0.8090169943749 0 
1 -0 -0 0 
0.309016994375 0.8090169943749 0 0.5 
0.309016994375 0.8090169943749 0 -0.5 
0 0.3090169943749 0.8090169943749 0.5 
0 0 1 0 
0.309016994375 0 0.5 0.8090169943749 
0.309016994375 0 0.5 -0.8090169943749 
0 0.3090169943749 0.8090169943749 -0.5 
0 0.8090169943749 0.5 0.3090169943749 
0 0.8090169943749 0.5 -0.3090169943749 
0.309016994375 -0.8090169943749 0 0.5 
0.309016994375 -0.8090169943749 0 -0.5 
0 -0.3090169943749 0.809016994375 0.5 
0 -0.3090169943749 0.809016994375 -0.5 
0 -0.8090169943749 0.5 0.3090169943749 
0 -0.8090169943749 0.5 -0.3090169943749 
0.309016994375 0 -0.5 0.8090169943749 
0.309016994375 0.5 -0.8090169943749 0 
0 0.5 0.3090169943749 0.8090169943749 
0 1 0 0 
0 0.5 -0.3090169943749 0.8090169943749 
0 0.8090169943749 -0.5 0.3090169943749 
0.309016994375 0 -0.5 -0.8090169943749 
0 0.5 0.3090169943749 -0.8090169943749 
0 0.5 -0.3090169943749 -0.8090169943749 
0 0.809016994375 -0.5 -0.3090169943749 
0.309016994375 -0.5 -0.8090169943749 0 
0 -0.5 0.3090169943749 0.8090169943749 
0 -1 0 0 
0 -0.5 -0.3090169943749 0.8090169943749 
0 -0.8090169943749 -0.5 0.3090169943749 
0 0 0 -1 
0 -0.5 0.3090169943749 -0.8090169943749 
0 -0.5 -0.3090169943749 -0.8090169943749 
0 -0.809016994375 -0.5 -0.3090169943749 
0 0 0 1 
0 0.3090169943749 -0.8090169943749 0.5 
0 -0.3090169943749 -0.8090169943749 0.5 
-0.3090169943749 0.5 0.809016994375 0 
-0.3090169943749 -0.5 0.809016994375 0 
-0.3090169943749 0 0.5 0.8090169943749 
-0.5 0 0.809016994375 0.3090169943749 
0 0.3090169943749 -0.8090169943749 -0.5 
0 0 -1 0 
-0.3090169943749 0 0.5 -0.8090169943749 
-0.5 0 0.809016994375 -0.3090169943749 
0 -0.3090169943749 -0.8090169943749 -0.5 
-0.3090169943749 0.809016994375 0 0.5 
-0.5 0.5 0.5 0.5 
-0.3090169943749 0.809016994375 0 -0.5 
-0.5 0.809016994375 0.309016994375 0 
-0.5 0.5 0.5 -0.5 
-0.3090169943749 -0.809016994375 0 0.5 
-0.5 -0.5 0.5 0.5 
-0.3090169943749 -0.809016994375 0 -0.5 
-0.5 -0.809016994375 0.309016994375 0 
-0.5 -0.5 0.5 -0.5 
-0.3090169943749 0 -0.5 0.809016994375 
-0.5 0.309016994375 0 0.809016994375 
-0.3090169943749 0.5 -0.809016994375 0 
-0.5 0.5 -0.5 0.5 
-0.5 0.809016994375 -0.3090169943749 0 
-0.3090169943749 0 -0.5 -0.809016994375 
-0.5 0.309016994375 0 -0.809016994375 
-0.5 -0.309016994375 0 0.809016994375 
-0.5 0.5 -0.5 -0.5 
-0.3090169943749 -0.5 -0.809016994375 0 
-0.5 -0.5 -0.5 0.5 
-0.5 -0.809016994375 -0.3090169943749 0 
-0.5 -0.309016994375 0 -0.809016994375 
-0.5 -0.5 -0.5 -0.5 
-0.8090169943749 0.309016994375 0.5 0 
-0.8090169943749 0 0.309016994375 0.5 
-0.5 0 -0.809016994375 0.309016994375 
-0.8090169943749 -0.309016994375 0.5 0 
-0.5 0 -0.809016994375 -0.309016994375 
-0.8090169943749 0 0.309016994375 -0.5 
-0.8090169943749 0.5 0 0.309016994375 
-0.8090169943749 0.5 0 -0.309016994375 
-0.8090169943749 -0.5 0 0.309016994375 
-0.8090169943749 -0.5 0 -0.309016994375 
-0.8090169943749 0 -0.309016994375 0.5 
-0.8090169943749 0.309016994375 -0.5 0 
-0.8090169943749 0 -0.309016994375 -0.5 
-0.8090169943749 -0.309016994375 -0.5 0 
-1 0 0 0 

# Faces
3 0 1 2
3 0 3 1
3 0 3 2
3 2 3 1
3 4 5 1
3 1 4 6
3 1 5 6
3 5 6 4
3 7 8 4
3 4 7 9
3 4 8 9
3 8 9 7
3 10 11 7
3 10 7 12
3 11 12 10
3 11 12 7
3 0 13 10
3 0 10 14
3 13 14 0
3 10 14 13
3 1 15 0
3 1 16 0
3 15 16 0
3 15 16 1
3 17 8 5
3 5 18 17
3 8 18 5
3 8 18 17
3 13 11 17
3 13 19 17
3 13 11 19
3 11 19 17
3 0 10 15
3 10 20 0
3 0 15 20
3 15 20 10
3 8 11 17
3 17 11 21
3 17 21 8
3 11 8 21
3 5 2 17
3 5 22 2
3 17 22 5
3 17 22 2
3 4 15 1
3 1 23 4
3 15 23 1
3 4 15 23
3 17 2 13
3 2 24 13
3 13 24 17
3 2 24 17
3 0 13 2
3 0 25 13
3 0 25 2
3 2 25 13
3 7 8 11
3 7 26 11
3 7 26 8
3 8 26 11
3 4 7 15
3 4 7 27
3 4 27 15
3 7 15 27
3 10 15 7
3 10 28 7
3 15 28 10
3 7 15 28
3 2 5 1
3 1 29 5
3 1 29 2
3 5 29 2
3 5 8 4
3 4 5 30
3 4 30 8
3 5 8 30
3 10 11 13
3 13 31 10
3 10 31 11
3 13 31 11
3 1 32 0
3 0 1 33
3 0 33 32
3 32 33 1
3 6 34 9
3 34 18 6
3 9 18 6
3 34 18 9
3 14 12 34
3 14 34 19
3 14 12 19
3 34 12 19
3 0 10 32
3 0 10 35
3 0 32 35
3 10 35 32
3 9 12 34
3 12 21 34
3 34 9 21
3 12 21 9
3 34 3 6
3 6 3 22
3 6 22 34
3 34 22 3
3 1 32 4
3 1 36 4
3 32 36 1
3 4 36 32
3 34 14 3
3 14 24 3
3 34 24 14
3 3 24 34
3 0 14 3
3 0 37 14
3 0 3 37
3 14 37 3
3 7 12 9
3 12 38 7
3 7 38 9
3 9 38 12
3 7 32 4
3 7 39 4
3 4 32 39
3 7 32 39
3 7 32 10
3 10 7 40
3 32 40 10
3 7 40 32
3 1 3 6
3 1 6 41
3 1 41 3
3 6 41 3
3 4 9 6
3 4 42 6
3 4 42 9
3 9 42 6
3 10 14 12
3 10 43 14
3 10 12 43
3 12 43 14
3 0 13 33
3 0 13 44
3 0 44 33
3 13 44 33
3 18 19 34
3 34 19 26
3 18 26 34
3 19 26 18
3 6 16 34
3 6 34 27
3 16 27 6
3 34 16 27
3 5 33 1
3 5 45 1
3 1 33 45
3 5 45 33
3 34 14 16
3 14 28 34
3 16 28 14
3 34 16 28
3 0 14 16
3 14 46 0
3 0 46 16
3 16 46 14
3 18 19 17
3 19 38 17
3 17 38 18
3 19 38 18
3 17 33 5
3 5 17 39
3 5 33 39
3 17 33 39
3 13 33 17
3 13 40 17
3 13 40 33
3 33 40 17
3 1 16 6
3 1 6 47
3 1 47 16
3 16 47 6
3 5 18 6
3 5 48 6
3 5 48 18
3 6 48 18
3 14 19 13
3 13 14 49
3 13 19 49
3 19 49 14
3 0 2 35
3 2 50 0
3 0 35 50
3 35 50 2
3 34 21 22
3 22 30 34
3 21 30 34
3 22 30 21
3 34 20 12
3 34 12 27
3 34 20 27
3 20 27 12
3 10 35 11
3 11 51 10
3 10 35 51
3 11 35 51
3 34 3 20
3 34 23 3
3 3 20 23
3 20 23 34
3 0 20 3
3 0 52 3
3 0 20 52
3 20 52 3
3 17 21 22
3 17 42 22
3 21 42 17
3 22 42 21
3 11 17 35
3 17 11 39
3 39 35 17
3 11 35 39
3 17 35 2
3 17 36 2
3 2 35 36
3 17 36 35
3 10 12 20
3 10 53 12
3 20 53 10
3 12 53 20
3 12 21 11
3 11 54 12
3 21 54 11
3 21 54 12
3 2 22 3
3 2 55 3
3 2 55 22
3 22 55 3
3 1 36 2
3 1 2 56
3 1 36 56
3 36 56 2
3 21 24 34
3 34 21 31
3 34 24 31
3 24 31 21
3 34 9 23
3 9 28 34
3 34 23 28
3 23 28 9
3 4 36 8
3 8 51 4
3 36 51 4
3 36 51 8
3 1 23 3
3 1 3 57
3 23 57 1
3 23 57 3
3 17 24 21
3 17 43 21
3 24 43 17
3 24 43 21
3 17 8 36
3 17 40 8
3 17 40 36
3 8 36 40
3 9 23 4
3 9 53 4
3 4 53 23
3 23 53 9
3 9 21 8
3 9 58 8
3 8 21 58
3 9 58 21
3 2 24 3
3 2 59 3
3 24 59 2
3 24 59 3
3 0 15 44
3 15 50 0
3 0 44 50
3 44 50 15
3 34 26 27
3 27 30 34
3 26 30 34
3 26 30 27
3 19 22 34
3 34 19 25
3 34 25 22
3 22 25 19
3 13 44 11
3 11 60 13
3 13 44 60
3 11 60 44
3 34 25 16
3 34 16 29
3 34 29 25
3 16 29 25
3 16 25 0
3 0 16 61
3 0 25 61
3 16 61 25
3 7 26 27
3 27 48 7
3 7 26 48
3 27 26 48
3 7 44 11
3 7 11 39
3 39 44 7
3 39 44 11
3 7 44 15
3 7 15 45
3 7 45 44
3 15 45 44
3 13 19 25
3 19 62 13
3 25 62 13
3 25 62 19
3 11 26 19
3 11 19 63
3 26 63 11
3 26 63 19
3 16 27 15
3 15 16 64
3 27 64 15
3 27 64 16
3 10 13 40
3 13 56 10
3 10 56 40
3 13 56 40
3 34 24 18
3 18 29 34
3 34 24 29
3 18 29 24
3 7 40 8
3 8 45 7
3 7 40 45
3 40 45 8
3 10 28 14
3 10 57 14
3 10 28 57
3 28 57 14
3 17 24 18
3 18 41 17
3 24 41 17
3 24 41 18
3 9 28 7
3 7 9 47
3 7 47 28
3 9 28 47
3 8 9 18
3 8 9 65
3 8 18 65
3 18 65 9
3 13 24 14
3 14 66 13
3 13 66 24
3 24 66 14
3 15 45 1
3 1 15 56
3 45 56 1
3 45 56 15
3 34 26 28
3 34 31 28
3 34 31 26
3 28 26 31
3 5 8 45
3 5 60 8
3 5 45 60
3 45 60 8
3 16 29 1
3 1 66 16
3 1 66 29
3 29 66 16
3 7 26 28
3 28 49 7
3 26 49 7
3 28 26 49
3 5 18 29
3 18 62 5
3 5 29 62
3 18 62 29
3 8 26 18
3 18 67 8
3 26 67 8
3 26 67 18
3 15 16 28
3 15 16 68
3 28 68 15
3 16 28 68
3 2 5 50
3 5 2 60
3 5 60 50
3 2 50 60
3 34 20 25
3 34 31 20
3 31 25 34
3 20 25 31
3 0 25 20
3 20 69 0
3 0 25 69
3 20 25 69
3 4 27 30
3 27 54 4
3 4 30 54
3 30 54 27
3 4 39 5
3 4 50 5
3 4 39 50
3 5 39 50
3 4 50 15
3 15 51 4
3 4 51 50
3 15 51 50
3 2 22 25
3 22 70 2
3 2 70 25
3 22 25 70
3 22 30 5
3 22 63 5
3 5 30 63
3 22 63 30
3 20 27 15
3 15 71 20
3 15 27 71
3 27 71 20
3 0 46 32
3 0 52 32
3 0 46 52
3 46 52 32
3 17 39 38
3 17 42 39
3 17 42 38
3 39 42 38
3 17 22 19
3 19 37 17
3 17 22 37
3 22 37 19
3 12 46 14
3 12 72 14
3 14 72 46
3 12 46 72
3 17 33 37
3 33 41 17
3 17 41 37
3 33 41 37
3 0 33 37
3 0 61 33
3 0 61 37
3 37 61 33
3 7 39 38
3 7 39 48
3 7 48 38
3 39 48 38
3 12 27 7
3 12 46 7
3 27 46 7
3 27 46 12
3 32 7 46
3 7 47 32
3 7 46 47
3 46 47 32
3 14 37 19
3 14 73 19
3 14 73 37
3 37 73 19
3 19 38 12
3 19 74 12
3 12 74 38
3 19 38 74
3 32 39 33
3 32 75 33
3 32 39 75
3 39 75 33
3 4 6 27
3 4 52 6
3 27 52 4
3 6 52 27
3 12 19 11
3 11 12 69
3 19 69 11
3 12 69 19
3 6 22 5
3 5 61 6
3 22 61 5
3 6 61 22
3 10 51 15
3 10 56 15
3 51 56 10
3 15 56 51
3 34 23 29
3 30 23 34
3 34 30 29
3 29 30 23
3 11 51 8
3 8 60 11
3 11 60 51
3 8 60 51
3 10 20 31
3 10 20 59
3 31 59 10
3 31 59 20
3 4 23 30
3 4 23 55
3 30 55 4
3 23 30 55
3 21 31 11
3 11 70 21
3 11 70 31
3 21 70 31
3 8 21 30
3 8 76 21
3 30 76 8
3 30 76 21
3 20 23 15
3 15 20 77
3 15 77 23
3 23 77 20
3 1 47 32
3 32 57 1
3 1 57 47
3 47 57 32
3 17 40 38
3 17 40 43
3 17 38 43
3 38 43 40
3 6 47 9
3 9 72 6
3 6 47 72
3 47 72 9
3 1 33 41
3 1 66 33
3 1 41 66
3 41 66 33
3 7 40 38
3 7 40 49
3 7 49 38
3 38 49 40
3 18 41 6
3 6 73 18
3 6 41 73
3 18 41 73
3 9 38 18
3 18 78 9
3 9 38 78
3 38 78 18
3 32 33 40
3 32 79 33
3 32 79 40
3 33 40 79
3 13 56 2
3 13 2 60
3 60 56 13
3 2 60 56
3 1 23 29
3 1 23 65
3 1 29 65
3 23 65 29
3 28 31 10
3 10 28 58
3 31 58 10
3 28 58 31
3 2 29 24
3 2 24 76
3 2 76 29
3 24 29 76
3 24 31 13
3 24 67 13
3 13 31 67
3 24 31 67
3 15 28 23
3 23 80 15
3 28 80 15
3 23 80 28
3 3 52 6
3 6 72 3
3 52 72 6
3 3 72 52
3 17 37 35
3 17 43 35
3 43 37 17
3 37 43 35
3 0 35 37
3 0 35 69
3 37 69 0
3 35 69 37
3 4 42 39
3 39 54 4
3 42 54 4
3 39 54 42
3 32 52 4
3 32 53 4
3 4 52 53
3 32 52 53
3 3 37 22
3 3 22 81
3 3 37 81
3 37 81 22
3 6 22 42
3 22 74 6
3 6 74 42
3 22 74 42
3 32 39 35
3 35 82 32
3 32 82 39
3 35 39 82
3 25 31 13
3 25 68 13
3 31 68 13
3 31 68 25
3 5 29 30
3 5 64 29
3 5 30 64
3 29 64 30
3 26 31 11
3 11 26 71
3 11 71 31
3 26 71 31
3 26 30 8
3 8 26 80
3 30 80 8
3 26 30 80
3 25 29 2
3 25 77 2
3 29 77 2
3 25 77 29
3 10 53 32
3 10 32 57
3 53 57 10
3 57 53 32
3 36 41 17
3 42 36 17
3 17 42 41
3 36 42 41
3 12 9 53
3 12 9 72
3 12 72 53
3 53 72 9
3 10 35 43
3 10 59 35
3 10 43 59
3 35 59 43
3 4 42 36
3 36 55 4
3 42 55 4
3 42 55 36
3 12 43 21
3 21 81 12
3 12 43 81
3 21 43 81
3 9 42 21
3 21 83 9
3 9 42 83
3 21 42 83
3 32 36 35
3 32 84 35
3 32 84 36
3 35 36 84
3 14 57 3
3 14 3 72
3 14 57 72
3 57 72 3
3 1 41 36
3 1 65 36
3 1 41 65
3 36 65 41
3 10 40 43
3 40 58 10
3 10 58 43
3 43 58 40
3 3 24 41
3 3 24 83
3 3 41 83
3 24 83 41
3 24 43 14
3 14 24 78
3 14 43 78
3 24 78 43
3 32 40 36
3 36 85 32
3 32 40 85
3 36 85 40
3 16 61 6
3 6 73 16
3 61 73 6
3 16 73 61
3 7 46 44
3 7 49 44
3 7 46 49
3 44 46 49
3 0 46 44
3 44 69 0
3 0 46 69
3 46 69 44
3 5 48 39
3 5 63 39
3 48 63 5
3 39 63 48
3 33 61 5
3 5 62 33
3 5 61 62
3 33 61 62
3 16 46 27
3 16 86 27
3 16 46 86
3 46 86 27
3 6 27 48
3 27 74 6
3 6 48 74
3 27 74 48
3 44 39 33
3 44 87 33
3 39 87 33
3 44 39 87
3 14 37 43
3 37 79 14
3 14 79 43
3 37 79 43
3 6 42 41
3 6 75 41
3 6 75 42
3 42 75 41
3 38 43 12
3 12 38 82
3 43 82 12
3 38 43 82
3 9 38 42
3 38 85 9
3 9 42 85
3 38 85 42
3 3 37 41
3 3 84 37
3 3 84 41
3 41 84 37
3 13 33 62
3 33 66 13
3 62 66 13
3 66 62 33
3 45 47 7
3 7 45 48
3 7 48 47
3 47 48 45
3 19 62 18
3 19 73 18
3 19 62 73
3 62 73 18
3 44 49 13
3 44 68 13
3 13 49 68
3 44 68 49
3 45 48 5
3 5 45 64
3 5 48 64
3 48 64 45
3 19 49 26
3 26 86 19
3 19 86 49
3 26 49 86
3 18 48 26
3 18 88 26
3 48 88 18
3 48 88 26
3 44 45 33
3 33 44 89
3 33 89 45
3 44 45 89
3 14 66 16
3 16 73 14
3 14 66 73
3 16 66 73
3 45 47 1
3 45 65 1
3 1 65 47
3 45 47 65
3 13 40 49
3 40 67 13
3 49 67 13
3 40 67 49
3 16 47 28
3 28 88 16
3 16 88 47
3 28 47 88
3 28 49 14
3 14 78 28
3 14 78 49
3 49 78 28
3 33 40 45
3 33 40 90
3 45 90 33
3 40 45 90
3 20 69 12
3 12 81 20
3 12 81 69
3 20 69 81
3 50 52 4
3 50 55 4
3 4 52 55
3 50 55 52
3 50 52 0
3 50 61 0
3 0 52 61
3 52 61 50
3 11 54 39
3 11 39 63
3 11 54 63
3 39 54 63
3 11 35 69
3 11 70 35
3 69 70 11
3 35 70 69
3 20 52 27
3 20 91 27
3 52 91 20
3 52 91 27
3 12 54 27
3 12 74 27
3 12 74 54
3 54 74 27
3 35 39 50
3 39 92 35
3 50 92 35
3 39 50 92
3 14 49 46
3 14 79 46
3 14 79 49
3 46 79 49
3 47 48 6
3 6 47 75
3 48 75 6
3 47 75 48
3 38 49 19
3 19 38 87
3 19 49 87
3 49 87 38
3 18 38 48
3 38 90 18
3 18 48 90
3 38 48 90
3 16 47 46
3 46 89 16
3 16 89 47
3 46 47 89
3 2 70 35
3 2 35 59
3 2 70 59
3 35 59 70
3 4 53 51
3 51 54 4
3 4 54 53
3 53 54 51
3 21 70 22
3 22 81 21
3 22 70 81
3 70 81 21
3 50 55 2
3 50 77 2
3 2 55 77
3 50 77 55
3 11 54 51
3 51 71 11
3 11 71 54
3 51 54 71
3 30 55 22
3 22 30 91
3 22 55 91
3 55 91 30
3 30 54 21
3 21 30 93
3 21 93 54
3 30 93 54
3 35 50 51
3 35 94 50
3 35 94 51
3 51 94 50
3 3 59 20
3 3 20 81
3 3 59 81
3 59 81 20
3 2 55 36
3 2 36 76
3 2 55 76
3 55 76 36
3 10 51 53
3 51 58 10
3 53 58 10
3 53 58 51
3 20 53 23
3 20 93 23
3 53 93 20
3 23 93 53
3 3 23 55
3 3 23 83
3 3 55 83
3 23 55 83
3 51 36 35
3 35 36 95
3 51 95 35
3 36 51 95
3 9 65 23
3 9 83 23
3 65 83 9
3 65 83 23
3 10 57 56
3 10 56 59
3 57 59 10
3 57 59 56
3 8 40 58
3 8 40 67
3 8 67 58
3 40 58 67
3 1 57 56
3 1 66 56
3 57 66 1
3 56 66 57
3 8 36 65
3 8 36 76
3 8 76 65
3 65 76 36
3 28 57 23
3 23 28 96
3 23 57 96
3 28 96 57
3 28 58 9
3 9 28 78
3 9 78 58
3 58 78 28
3 36 56 40
3 40 97 36
3 36 56 97
3 56 97 40
3 19 69 25
3 19 86 25
3 19 69 86
3 69 86 25
3 5 50 61
3 5 50 64
3 61 64 5
3 50 64 61
3 11 69 44
3 11 71 44
3 11 69 71
3 44 71 69
3 25 61 22
3 22 91 25
3 61 91 22
3 25 61 91
3 19 22 63
3 19 22 74
3 19 63 74
3 63 74 22
3 44 39 50
3 44 39 98
3 50 98 44
3 50 98 39
3 52 55 3
3 52 84 3
3 3 55 84
3 52 84 55
3 12 53 54
3 53 82 12
3 54 82 12
3 54 82 53
3 22 42 55
3 22 42 92
3 22 55 92
3 42 55 92
3 42 54 21
3 42 95 21
3 21 95 54
3 54 95 42
3 52 53 20
3 20 52 94
3 53 94 20
3 53 94 52
3 21 24 76
3 21 24 83
3 76 83 21
3 76 83 24
3 2 59 56
3 56 77 2
3 2 59 77
3 59 77 56
3 8 58 51
3 8 51 80
3 58 80 8
3 58 80 51
3 24 59 31
3 24 96 31
3 24 59 96
3 31 59 96
3 21 31 58
3 31 93 21
3 21 58 93
3 58 93 31
3 56 51 36
3 51 99 36
3 36 99 56
3 51 99 56
3 15 44 71
3 15 44 68
3 15 71 68
3 44 68 71
3 60 62 5
3 60 63 5
3 5 63 62
3 62 63 60
3 26 71 27
3 27 26 86
3 27 86 71
3 26 71 86
3 50 64 15
3 15 77 50
3 15 64 77
3 77 64 50
3 60 70 11
3 11 60 63
3 63 70 11
3 60 70 63
3 30 64 27
3 30 91 27
3 27 91 64
3 64 91 30
3 26 63 30
3 30 100 26
3 26 63 100
3 30 63 100
3 44 60 50
3 44 50 101
3 60 101 44
3 50 60 101
3 25 68 16
3 16 86 25
3 16 86 68
3 25 86 68
3 15 45 64
3 15 80 45
3 15 80 64
3 45 80 64
3 13 60 62
3 13 60 67
3 62 67 13
3 62 67 60
3 25 62 29
3 25 29 100
3 25 100 62
3 29 100 62
3 16 29 64
3 16 88 29
3 16 64 88
3 29 88 64
3 44 60 45
3 44 102 45
3 44 102 60
3 60 102 45
3 18 65 29
3 18 88 29
3 18 65 88
3 65 88 29
3 56 66 13
3 13 68 56
3 13 66 68
3 66 68 56
3 8 45 65
3 45 80 8
3 8 65 80
3 45 65 80
3 24 66 29
3 24 96 29
3 24 66 96
3 29 66 96
3 18 67 24
3 18 78 24
3 18 78 67
3 24 67 78
3 40 45 56
3 45 103 40
3 56 103 40
3 56 103 45
3 19 37 69
3 37 87 19
3 19 69 87
3 69 87 37
3 6 52 61
3 6 75 52
3 61 75 6
3 52 75 61
3 46 69 12
3 12 46 82
3 12 69 82
3 46 69 82
3 37 22 61
3 37 92 22
3 61 92 22
3 61 92 37
3 46 27 52
3 27 46 98
3 27 98 52
3 46 98 52
3 57 59 3
3 3 57 84
3 59 84 3
3 59 84 57
3 53 58 9
3 9 85 53
3 9 58 85
3 53 58 85
3 43 59 24
3 43 97 24
3 59 97 24
3 59 97 43
3 21 58 43
3 43 95 21
3 21 95 58
3 43 58 95
3 23 53 57
3 23 99 53
3 57 99 23
3 53 99 57
3 61 64 16
3 16 89 61
3 16 89 64
3 64 89 61
3 19 63 62
3 19 62 87
3 63 87 19
3 63 87 62
3 27 64 48
3 27 48 98
3 27 98 64
3 48 98 64
3 48 63 26
3 26 102 48
3 26 102 63
3 63 102 48
3 25 62 61
3 25 101 61
3 62 101 25
3 61 101 62
3 26 80 28
3 26 28 88
3 28 88 80
3 26 80 88
3 15 68 56
3 56 77 15
3 15 77 68
3 56 77 68
3 8 76 60
3 8 60 67
3 8 76 67
3 60 67 76
3 28 31 68
3 31 96 28
3 68 96 28
3 31 96 68
3 26 31 67
3 31 100 26
3 26 67 100
3 67 100 31
3 56 60 45
3 56 104 45
3 45 60 104
3 56 104 60
3 46 82 32
3 46 79 32
3 32 82 79
3 46 79 82
3 72 73 6
3 72 74 6
3 6 74 73
3 72 73 74
3 39 38 82
3 39 38 87
3 82 87 39
3 38 87 82
3 52 75 32
3 32 52 84
3 32 84 75
3 52 75 84
3 72 81 12
3 72 74 12
3 74 81 12
3 74 81 72
3 39 75 42
3 42 92 39
3 39 92 75
3 42 92 75
3 42 74 38
3 38 105 42
3 74 105 38
3 74 105 42
3 46 52 72
3 46 52 106
3 46 72 106
3 72 106 52
3 20 25 77
3 20 91 25
3 20 77 91
3 25 91 77
3 51 71 15
3 51 80 15
3 71 80 15
3 51 80 71
3 2 60 70
3 2 60 76
3 2 70 76
3 70 76 60
3 31 70 25
3 25 31 100
3 70 100 25
3 70 100 31
3 31 71 20
3 20 93 31
3 71 93 20
3 31 71 93
3 60 51 50
3 50 107 51
3 60 107 50
3 51 60 107
3 37 79 33
3 33 87 37
3 33 87 79
3 37 79 87
3 47 75 32
3 32 85 47
3 32 75 85
3 47 85 75
3 72 73 14
3 14 78 72
3 14 78 73
3 72 73 78
3 37 41 73
3 37 105 41
3 73 105 37
3 41 73 105
3 41 75 33
3 41 90 33
3 75 90 33
3 41 90 75
3 46 72 47
3 46 47 108
3 46 108 72
3 72 108 47
3 18 41 65
3 18 90 41
3 65 90 18
3 41 65 90
3 14 66 57
3 14 79 57
3 14 79 66
3 57 79 66
3 9 47 65
3 9 47 85
3 9 65 85
3 47 65 85
3 24 41 66
3 41 97 24
3 24 66 97
3 41 66 97
3 28 47 57
3 47 103 28
3 28 103 57
3 47 103 57
3 16 68 66
3 66 89 16
3 16 89 68
3 68 89 66
3 18 67 62
3 18 90 62
3 18 67 90
3 67 90 62
3 28 49 68
3 49 103 28
3 68 103 28
3 49 103 68
3 26 67 49
3 49 102 26
3 26 102 67
3 67 102 49
3 66 62 29
3 29 62 104
3 66 104 29
3 62 66 104
3 20 69 71
3 69 94 20
3 71 94 20
3 69 94 71
3 22 63 70
3 70 92 22
3 63 92 22
3 63 92 70
3 54 71 27
3 27 98 54
3 27 98 71
3 54 71 98
3 54 63 30
3 54 107 30
3 30 107 63
3 54 63 107
3 25 70 69
3 25 101 69
3 70 101 25
3 69 101 70
3 33 61 75
3 33 61 89
3 33 75 89
3 61 75 89
3 19 74 73
3 19 73 86
3 19 74 86
3 74 86 73
3 48 75 39
3 39 98 48
3 39 75 98
3 48 98 75
3 38 74 48
3 48 108 38
3 38 108 74
3 74 108 48
3 37 61 73
3 37 61 106
3 73 106 37
3 61 106 73
3 23 30 80
3 23 93 30
3 80 93 23
3 30 93 80
3 23 29 77
3 23 29 96
3 23 96 77
3 29 96 77
3 30 76 29
3 29 100 30
3 76 100 29
3 76 100 30
3 56 60 51
3 51 56 109
3 51 60 109
3 60 109 56
3 40 85 38
3 40 38 90
3 85 90 40
3 38 90 85
3 57 79 32
3 57 84 32
3 32 79 84
3 57 79 84
3 72 83 9
3 9 78 72
3 78 83 9
3 72 83 78
3 40 79 43
3 40 43 97
3 40 97 79
3 43 97 79
3 38 43 78
3 38 105 43
3 78 105 38
3 43 78 105
3 47 72 57
3 47 57 110
3 72 110 47
3 72 110 57
3 37 84 35
3 35 92 37
3 35 92 84
3 84 92 37
3 53 82 32
3 32 53 85
3 32 82 85
3 53 85 82
3 72 81 3
3 72 83 3
3 81 83 3
3 81 83 72
3 37 81 43
3 43 105 37
3 37 81 105
3 43 81 105
3 43 82 35
3 35 43 95
3 82 95 35
3 82 95 43
3 52 53 72
3 52 111 53
3 52 72 111
3 53 72 111
3 59 77 20
3 59 94 20
3 77 94 20
3 77 94 59
3 21 76 70
3 21 95 70
3 76 95 21
3 76 95 70
3 23 55 77
3 23 55 99
3 77 99 23
3 77 99 55
3 55 76 30
3 30 107 55
3 30 107 76
3 76 107 55
3 31 70 59
3 70 109 31
3 31 109 59
3 70 109 59
3 33 66 79
3 66 89 33
3 79 89 33
3 79 89 66
3 18 78 73
3 18 88 73
3 78 88 18
3 78 88 73
3 40 49 79
3 40 103 49
3 40 103 79
3 49 79 103
3 38 49 78
3 49 108 38
3 38 108 78
3 78 108 49
3 41 73 66
3 41 110 66
3 41 110 73
3 73 110 66
3 23 65 80
3 23 65 99
3 80 99 23
3 65 80 99
3 76 67 24
3 24 97 76
3 24 67 97
3 76 97 67
3 28 58 80
3 28 103 58
3 28 103 80
3 58 80 103
3 31 58 67
3 31 109 58
3 67 109 31
3 58 109 67
3 29 76 65
3 29 104 65
3 76 104 29
3 65 76 104
3 35 82 69
3 69 94 35
3 35 94 82
3 69 94 82
3 22 81 74
3 22 91 81
3 22 91 74
3 81 91 74
3 39 82 54
3 39 98 54
3 39 98 82
3 54 98 82
3 42 74 54
3 54 111 42
3 74 111 42
3 74 111 54
3 37 69 81
3 37 106 69
3 37 81 106
3 81 106 69
3 36 42 85
3 36 42 95
3 85 95 36
3 42 95 85
3 36 41 84
3 36 41 97
3 36 84 97
3 41 84 97
3 42 83 41
3 42 41 105
3 41 105 83
3 42 83 105
3 57 72 53
3 57 112 53
3 53 72 112
3 57 112 72
3 46 89 44
3 44 98 46
3 44 89 98
3 46 89 98
3 33 62 87
3 62 90 33
3 33 90 87
3 62 90 87
3 16 73 86
3 73 88 16
3 86 88 16
3 73 88 86
3 49 86 46
3 49 108 46
3 46 108 86
3 49 108 86
3 49 87 44
3 49 102 44
3 44 102 87
3 49 102 87
3 61 73 62
3 61 113 62
3 61 73 113
3 62 113 73
3 25 77 68
3 25 101 68
3 77 101 25
3 68 77 101
3 26 80 71
3 26 71 102
3 26 80 102
3 71 80 102
3 29 77 64
3 29 104 64
3 77 104 29
3 64 77 104
3 64 80 30
3 64 107 30
3 80 107 30
3 64 80 107
3 68 71 31
3 71 109 31
3 68 109 31
3 71 109 68
3 59 84 35
3 35 59 94
3 84 94 35
3 59 94 84
3 21 81 83
3 21 93 81
3 83 93 21
3 81 93 83
3 36 55 84
3 36 99 55
3 36 84 99
3 55 99 84
3 55 83 42
3 42 111 55
3 42 83 111
3 55 111 83
3 43 81 59
3 59 112 43
3 43 112 81
3 59 112 81
3 36 85 65
3 65 99 36
3 85 99 36
3 85 99 65
3 24 78 83
3 24 83 96
3 24 96 78
3 83 78 96
3 40 85 58
3 40 58 103
3 40 85 103
3 85 103 58
3 43 78 58
3 43 58 112
3 43 78 112
3 58 112 78
3 41 83 65
3 41 110 65
3 41 110 83
3 65 110 83
3 44 87 69
3 69 101 44
3 87 101 44
3 87 101 69
3 27 74 86
3 27 91 74
3 86 91 27
3 86 91 74
3 39 63 87
3 63 92 39
3 87 92 39
3 87 92 63
3 48 74 63
3 63 113 48
3 74 113 48
3 74 113 63
3 46 69 86
3 46 69 106
3 86 106 46
3 69 106 86
3 45 90 48
3 45 48 102
3 45 102 90
3 48 90 102
3 45 89 47
3 45 47 103
3 45 103 89
3 89 103 47
3 48 47 88
3 47 108 48
3 88 108 47
3 48 88 108
3 66 73 62
3 62 114 66
3 62 114 73
3 66 73 114
3 50 52 98
3 50 52 94
3 50 94 98
3 52 94 98
3 35 92 70
3 70 95 35
3 35 95 92
3 70 95 92
3 20 81 91
3 20 93 81
3 20 91 93
3 81 91 93
3 55 91 52
3 55 111 52
3 52 91 111
3 91 111 55
3 55 92 50
3 50 107 55
3 50 92 107
3 92 107 55
3 81 70 69
3 70 115 69
3 81 115 69
3 81 115 70
3 37 84 79
3 37 106 79
3 84 106 37
3 79 106 84
3 82 85 38
3 82 108 38
3 38 108 85
3 85 108 82
3 41 84 75
3 75 110 41
3 84 110 41
3 75 110 84
3 42 85 75
3 42 111 75
3 42 85 111
3 75 111 85
3 43 82 79
3 43 112 82
3 43 112 79
3 82 112 79
3 68 89 44
3 44 101 68
3 89 101 44
3 89 101 68
3 26 88 86
3 86 100 26
3 26 88 100
3 86 88 100
3 64 89 45
3 45 64 104
3 89 104 45
3 89 104 64
3 48 88 64
3 64 113 48
3 48 88 113
3 88 113 64
3 49 86 68
3 49 68 114
3 49 114 86
3 68 86 114
3 45 65 90
3 45 65 104
3 90 104 45
3 65 90 104
3 88 78 28
3 78 96 28
3 88 96 28
3 78 88 96
3 67 90 40
3 40 97 67
3 90 97 40
3 90 97 67
3 67 78 49
3 49 114 67
3 49 114 78
3 78 114 67
3 65 88 47
3 65 110 47
3 88 110 47
3 88 110 65
3 61 92 50
3 61 101 50
3 92 101 50
3 92 101 61
3 52 61 91
3 52 61 106
3 52 106 91
3 61 91 106
3 54 74 63
3 54 63 115
3 74 115 54
3 74 115 63
3 54 95 51
3 51 54 107
3 51 95 107
3 54 95 107
3 53 94 51
3 51 53 99
3 51 99 94
3 94 99 53
3 54 93 53
3 54 111 53
3 93 111 53
3 54 111 93
3 70 59 81
3 70 116 59
3 70 116 81
3 81 116 59
3 57 103 56
3 57 99 56
3 99 103 56
3 57 99 103
3 76 95 36
3 36 97 76
3 36 95 97
3 95 97 76
3 23 93 83
3 23 96 83
3 23 93 96
3 93 96 83
3 59 96 57
3 57 112 59
3 57 96 112
3 96 112 59
3 56 59 97
3 56 59 109
3 56 109 97
3 97 109 59
3 83 76 65
3 65 117 76
3 83 117 65
3 76 117 83
3 71 98 44
3 44 102 71
3 98 102 44
3 98 102 71
3 25 91 86
3 25 100 86
3 25 100 91
3 86 91 100
3 61 91 64
3 61 64 113
3 91 113 61
3 91 113 64
3 50 64 98
3 50 64 107
3 98 107 50
3 98 107 64
3 69 86 71
3 71 115 69
3 86 115 69
3 71 86 115
3 79 89 46
3 79 106 46
3 89 106 46
3 89 106 79
3 38 87 90
3 38 87 105
3 38 105 90
3 87 90 105
3 75 89 47
3 75 110 47
3 47 110 89
3 75 110 89
3 75 90 48
3 48 113 75
3 90 113 48
3 90 113 75
3 49 87 79
3 79 114 49
3 87 114 49
3 79 114 87
3 50 77 94
3 50 77 101
3 50 101 94
3 77 94 101
3 30 93 91
3 91 100 30
3 30 100 93
3 93 100 91
3 51 94 71
3 51 109 71
3 51 109 94
3 71 109 94
3 54 71 93
3 54 115 71
3 54 93 115
3 71 115 93
3 55 91 77
3 77 116 55
3 55 116 91
3 77 116 91
3 51 95 58
3 51 109 58
3 95 109 51
3 58 109 95
3 53 93 58
3 53 58 112
3 53 93 112
3 93 112 58
3 76 83 55
3 76 116 55
3 83 116 55
3 76 116 83
3 56 66 97
3 56 66 104
3 56 104 97
3 97 104 66
3 57 96 66
3 57 66 110
3 57 96 110
3 96 110 66
3 58 67 78
3 58 117 67
3 78 117 58
3 78 117 67
3 60 102 63
3 60 107 63
3 102 107 60
3 63 102 107
3 60 101 62
3 60 104 62
3 60 101 104
3 62 101 104
3 63 100 62
3 63 113 62
3 62 100 113
3 63 100 113
3 68 86 71
3 71 68 118
3 71 118 86
3 86 118 68
3 45 80 102
3 45 103 80
3 45 102 103
3 80 102 103
3 29 96 88
3 29 100 88
3 100 96 29
3 100 96 88
3 66 68 96
3 68 114 66
3 96 114 66
3 96 114 68
3 68 103 56
3 56 109 68
3 56 103 109
3 103 109 68
3 88 80 65
3 65 80 117
3 88 117 65
3 88 117 80
3 46 98 82
3 46 82 108
3 46 98 108
3 98 108 82
3 37 87 92
3 37 87 105
3 37 105 92
3 87 92 105
3 75 92 61
3 75 113 61
3 92 113 61
3 75 113 92
3 75 98 52
3 75 111 52
3 52 111 98
3 75 111 98
3 69 82 87
3 82 115 69
3 87 115 69
3 87 115 82
3 84 94 52
3 52 84 106
3 52 106 94
3 84 106 94
3 42 95 92
3 92 105 42
3 95 105 42
3 92 105 95
3 53 82 94
3 82 112 53
3 94 112 53
3 94 112 82
3 54 95 82
3 54 82 115
3 54 115 95
3 95 115 82
3 84 92 55
3 55 116 84
3 55 116 92
3 92 116 84
3 77 99 56
3 56 77 104
3 56 104 99
3 99 104 77
3 31 93 96
3 31 100 93
3 31 100 96
3 93 100 96
3 51 99 80
3 80 107 51
3 51 107 99
3 80 99 107
3 59 77 96
3 59 77 116
3 96 116 59
3 77 116 96
3 58 93 80
3 80 117 58
3 58 117 93
3 80 117 93
3 60 101 70
3 60 70 109
3 60 101 109
3 70 109 101
3 63 70 100
3 70 115 63
3 100 115 70
3 63 100 115
3 64 77 91
3 64 77 118
3 64 118 91
3 77 91 118
3 60 67 102
3 67 109 60
3 60 102 109
3 67 109 102
3 62 67 100
3 62 114 67
3 62 100 114
3 100 114 67
3 64 88 80
3 80 118 64
3 88 118 64
3 80 118 88
3 74 108 72
3 72 74 111
3 108 111 72
3 74 111 108
3 72 106 73
3 72 73 110
3 106 110 72
3 106 110 73
3 74 105 73
3 74 113 73
3 105 113 73
3 74 113 105
3 79 87 82
3 79 119 82
3 82 119 87
3 79 119 87
3 47 103 85
3 47 108 85
3 108 103 47
3 85 108 103
3 41 97 90
3 41 90 105
3 41 97 105
3 90 97 105
3 66 79 97
3 66 79 114
3 97 114 66
3 97 114 79
3 57 79 103
3 57 79 112
3 103 112 57
3 103 112 79
3 90 85 65
3 65 85 117
3 65 117 90
3 85 117 90
3 57 84 99
3 57 84 110
3 57 110 99
3 84 110 99
3 97 95 43
3 43 95 105
3 43 105 97
3 97 105 95
3 85 99 53
3 53 85 111
3 99 111 53
3 85 111 99
3 84 97 59
3 59 116 84
3 59 97 116
3 84 116 97
3 58 95 85
3 58 117 85
3 95 117 58
3 95 117 85
3 89 101 61
3 61 106 89
3 101 106 61
3 89 101 106
3 48 102 98
3 98 108 48
3 48 108 102
3 98 102 108
3 87 101 62
3 62 87 114
3 62 101 114
3 87 114 101
3 63 102 87
3 63 87 115
3 102 115 63
3 102 115 87
3 89 98 64
3 64 89 118
3 64 118 98
3 89 98 118
3 76 107 60
3 60 104 76
3 60 107 104
3 76 104 107
3 76 100 67
3 67 117 76
3 76 117 100
3 67 100 117
3 68 96 77
3 68 77 118
3 68 118 96
3 77 118 96
3 81 106 72
3 81 112 72
3 72 106 112
3 106 112 81
3 81 105 74
3 81 115 74
3 81 105 115
3 105 115 74
3 75 84 92
3 75 84 119
3 75 92 119
3 84 119 92
3 70 76 100
3 70 76 116
3 70 116 100
3 76 116 100
3 71 80 93
3 71 118 80
3 93 118 71
3 80 93 118
3 72 78 108
3 72 78 112
3 72 112 108
3 78 112 108
3 73 105 78
3 73 78 114
3 105 114 73
3 78 105 114
3 75 85 90
3 85 119 75
3 75 90 119
3 90 119 85
3 66 89 104
3 66 110 89
3 104 110 66
3 89 104 110
3 49 102 103
3 49 102 108
3 49 103 108
3 103 102 108
3 62 104 90
3 90 113 62
3 62 104 113
3 104 113 90
3 68 89 103
3 68 89 118
3 68 103 118
3 103 118 89
3 67 90 102
3 90 117 67
3 102 117 67
3 90 117 102
3 69 101 94
3 94 106 69
3 69 101 106
3 94 101 106
3 98 107 54
3 98 111 54
3 107 111 54
3 98 111 107
3 92 101 70
3 92 116 70
3 70 101 116
3 101 116 92
3 92 107 63
3 63 92 113
3 63 107 113
3 92 107 113
3 94 98 71
3 98 118 71
3 71 94 118
3 94 118 98
3 73 106 86
3 73 114 86
3 73 114 106
3 86 114 106
3 74 86 108
3 74 86 115
3 108 115 74
3 86 115 108
3 75 98 89
3 89 119 75
3 75 119 98
3 89 98 119
3 72 111 83
3 72 110 83
3 72 110 111
3 83 110 111
3 78 83 105
3 83 117 78
3 105 117 83
3 105 117 78
3 79 97 84
3 79 119 84
3 97 119 79
3 97 119 84
3 83 105 81
3 81 83 116
3 105 116 81
3 105 116 83
3 82 95 85
3 82 85 119
3 95 119 82
3 85 119 95
3 59 109 94
3 94 112 59
3 59 109 112
3 109 112 94
3 55 99 107
3 55 99 111
3 107 111 55
3 107 111 99
3 95 109 70
3 95 115 70
3 70 109 115
3 95 115 109
3 77 99 94
3 77 94 118
3 77 118 99
3 99 118 94
3 76 107 95
3 95 117 76
3 76 117 107
3 107 117 95
3 88 110 73
3 73 88 113
3 73 110 113
3 113 110 88
3 78 108 88
3 78 88 117
3 78 108 117
3 108 117 88
3 89 103 79
3 89 119 79
3 103 119 79
3 103 119 89
3 65 104 99
3 99 110 65
3 104 110 65
3 99 104 110
3 103 109 58
3 103 112 58
3 109 112 58
3 103 112 109
3 97 104 76
3 97 116 76
3 76 116 104
3 97 116 104
3 67 97 109
3 67 97 114
3 109 114 67
3 97 109 114
3 99 103 80
3 103 118 80
3 99 118 80
3 103 99 118
3 81 91 106
3 81 116 91
3 81 106 116
3 106 116 91
3 91 111 74
3 74 113 91
3 111 113 74
3 91 111 113
3 82 98 94
3 82 119 98
3 94 119 82
3 98 94 119
3 88 108 86
3 86 88 118
3 108 118 86
3 108 118 88
3 90 102 87
3 90 119 87
3 102 119 87
3 102 119 90
3 68 101 109
3 68 114 101
3 68 109 114
3 101 114 109
3 64 107 104
3 107 113 64
3 64 104 113
3 104 107 113
3 102 109 71
3 71 102 115
3 109 115 71
3 102 115 109
3 77 101 104
3 77 116 101
3 104 116 77
3 104 116 101
3 102 107 80
3 102 117 80
3 107 117 80
3 107 117 102
3 93 112 81
3 81 93 115
3 81 115 112
3 93 112 115
3 93 111 83
3 93 117 83
3 111 117 83
3 111 117 93
3 84 94 99
3 84 119 94
3 84 99 119
3 94 119 99
3 83 110 96
3 83 96 116
3 110 116 83
3 110 116 96
3 78 112 96
3 96 114 78
3 78 114 112
3 96 112 114
3 85 99 103
3 85 119 103
3 85 99 119
3 103 99 119
3 86 91 106
3 86 91 118
3 106 118 86
3 106 118 91
3 101 92 87
3 87 119 92
3 87 119 101
3 101 119 92
3 91 93 111
3 93 118 91
3 111 118 91
3 93 111 118
3 92 107 95
3 92 95 119
3 92 119 107
3 95 107 119
3 79 106 112
3 79 114 106
3 79 112 114
3 112 114 106
3 75 110 111
3 75 111 113
3 110 113 75
3 110 111 113
3 82 108 112
3 82 108 115
3 82 115 112
3 112 115 108
3 84 110 106
3 84 116 106
3 110 116 84
3 110 116 106
3 108 111 85
3 108 117 85
3 85 111 117
3 111 117 108
3 100 114 86
3 86 115 100
3 114 115 86
3 115 114 100
3 88 113 100
3 88 100 117
3 113 117 88
3 100 113 117
3 89 101 104
3 89 119 101
3 89 104 119
3 104 119 101
3 88 110 96
3 88 96 118
3 88 118 110
3 96 110 118
3 104 97 90
3 97 119 90
3 104 119 90
3 104 119 97
3 93 112 96
3 93 118 96
3 93 112 118
3 96 112 118
3 97 109 95
3 97 95 119
3 95 119 109
3 97 119 109
3 91 113 100
3 100 116 91
3 91 116 113
3 100 116 113
3 98 102 107
3 98 119 102
3 98 107 119
3 102 107 119
3 105 114 87
3 87 115 105
3 114 115 87
3 115 114 105
3 105 113 90
3 105 117 90
3 90 117 113
3 113 117 105
3 106 110 89
3 106 118 89
3 89 110 118
3 106 110 118
3 93 100 115
3 100 117 93
3 93 115 117
3 100 115 117
3 101 109 94
3 94 101 119
3 94 119 109
3 101 109 119
3 96 100 114
3 100 116 96
3 96 116 114
3 114 116 100
3 103 102 109
3 102 119 103
3 102 119 109
3 103 109 119
3 92 105 113
3 105 116 92
3 113 116 92
3 113 116 105
3 98 111 108
3 98 118 108
3 111 118 98
3 108 111 118
3 95 105 115
3 95 117 105
3 95 117 115
3 105 117 115
3 94 112 106
3 106 118 94
3 94 112 118
3 106 112 118
3 104 107 99
3 99 107 119
3 99 104 119
3 104 119 107
3 97 114 105
3 97 105 116
3 97 114 116
3 114 116 105
3 103 112 108
3 103 118 108
3 112 118 103
3 112 118 108
3 110 111 99
3 99 118 111
3 99 118 110
3 110 118 111
3 102 115 108
3 108 117 102
3 102 115 117
3 108 117 115
3 101 106 114
3 101 106 116
3 114 116 101
3 106 116 114
3 104 113 110
3 110 116 104
3 104 113 116
3 113 116 110
3 111 113 107
3 107 111 117
3 113 117 107
3 111 117 113
3 109 112 114
3 109 115 112
3 109 114 115
3 112 114 115
4 1 0 44 45
4 44 0 2 60
4 1 45 60 2
4 1 56 51 4
4 1 56 60 5
4 4 51 60 5
4 44 7 4 50
4 8 4 50 60
4 8 60 44 7
4 7 45 56 10
4 11 10 56 60
4 11 60 45 7
4 10 0 50 51
4 0 13 60 50
4 10 13 60 51
4 1 36 35 0
4 35 0 15 51
4 36 1 15 51
4 35 17 5 50
4 8 51 50 5
4 35 17 8 51
4 17 13 56 36
4 11 13 56 51
4 17 36 51 11
4 10 40 33 0
4 0 15 45 33
4 15 10 40 45
4 11 44 33 17
4 8 45 33 17
4 11 8 45 44
4 2 5 45 56
4 17 40 45 5
4 17 40 56 2
4 4 39 33 1
4 15 44 33 1
4 15 4 39 44
4 2 13 44 50
4 17 39 44 13
4 17 39 50 2
4 13 40 32 0
4 2 36 32 0
4 2 36 40 13
4 11 35 32 7
4 7 32 36 8
4 35 11 8 36
4 4 7 40 36
4 36 4 15 56
4 7 40 56 15
4 10 7 39 35
4 15 50 35 10
4 7 15 50 39
4 5 39 32 1
4 2 35 32 1
4 5 2 35 39
4 32 4 5 33
4 4 32 40 8
4 5 33 40 8
4 10 32 33 13
4 10 32 39 11
4 13 11 39 33
4 0 46 47 1
4 46 0 3 72
4 47 1 3 72
4 4 1 57 53
4 6 72 57 1
4 6 4 53 72
4 46 7 4 52
4 9 4 52 72
4 9 72 46 7
4 10 7 47 57
4 10 57 72 12
4 7 47 72 12
4 10 0 52 53
4 14 0 52 72
4 14 72 53 10
4 0 20 23 1
4 20 53 32 0
4 1 23 53 32
4 34 6 52 20
4 9 53 52 6
4 34 20 53 9
4 34 14 57 23
4 14 12 53 57
4 12 34 23 53
4 10 28 16 0
4 0 32 47 16
4 10 28 47 32
4 16 34 12 46
4 34 9 47 16
4 12 9 47 46
4 6 47 57 3
4 34 6 47 28
4 3 34 28 57
4 1 4 27 16
4 16 46 32 1
4 27 46 32 4
4 3 52 46 14
4 34 27 46 14
4 3 52 27 34
4 0 15 28 14
4 0 3 23 15
4 14 3 23 28
4 20 12 7 15
4 15 7 9 23
4 12 9 23 20
4 4 23 28 7
4 4 23 57 32
4 7 28 57 32
4 10 7 27 20
4 20 10 32 52
4 32 7 27 52
4 6 27 15 1
4 3 20 15 1
4 27 6 3 20
4 15 4 6 16
4 9 28 15 4
4 9 28 16 6
4 10 15 16 14
4 10 12 27 15
4 14 16 27 12
4 1 41 37 0
4 37 0 16 73
4 16 73 41 1
4 5 1 66 62
4 1 6 73 66
4 6 5 62 73
4 17 5 61 37
4 18 73 61 5
4 18 73 37 17
4 17 41 66 13
4 19 73 66 13
4 19 17 41 73
4 0 61 62 13
4 0 61 73 14
4 13 14 73 62
4 1 29 25 0
4 0 33 62 25
4 29 62 33 1
4 6 61 25 34
4 6 18 62 61
4 34 25 62 18
4 14 66 29 34
4 14 66 62 19
4 19 62 29 34
4 0 3 24 13
4 0 33 41 3
4 24 41 33 13
4 3 34 19 37
4 34 3 41 18
4 18 41 37 19
4 34 24 41 6
4 16 6 41 66
4 34 16 66 24
4 5 1 3 22
4 1 3 37 33
4 5 33 37 22
4 14 37 22 34
4 14 16 61 37
4 34 22 61 16
4 0 14 24 2
4 0 16 29 2
4 14 24 29 16
4 19 25 2 17
4 2 17 18 29
4 25 19 18 29
4 5 17 24 29
4 5 33 66 29
4 17 24 66 33
4 13 17 22 25
4 13 33 61 25
4 17 33 61 22
4 2 1 6 22
4 1 16 25 2
4 22 6 16 25
4 2 5 6 3
4 18 24 2 5
4 18 24 3 6
4 14 3 2 13
4 22 19 13 2
4 14 3 22 19
4 10 0 37 43
4 20 81 37 0
4 10 20 81 43
4 11 70 59 10
4 10 12 81 59
4 11 12 81 70
4 17 37 69 11
4 17 21 81 37
4 21 81 69 11
4 2 17 43 59
4 2 22 81 59
4 17 22 81 43
4 2 0 69 70
4 0 69 81 3
4 2 3 81 70
4 0 25 31 10
4 0 25 70 35
4 31 10 35 70
4 12 69 25 34
4 21 70 25 34
4 12 21 70 69
4 3 59 31 34
4 22 70 59 3
4 34 31 70 22
4 14 0 35 43
4 24 43 35 2
4 14 43 21 34
4 22 21 43 37
4 12 34 24 43
4 24 59 20 34
4 12 43 59 20
4 10 14 19 11
4 10 14 37 35
4 11 35 37 19
4 3 37 69 20
4 34 20 69 19
4 13 0 20 31
4 24 31 20 3
4 13 31 21 17
4 21 22 25 31
4 17 11 31 24
4 24 59 35 17
4 31 59 35 11
4 2 25 69 35
4 19 69 35 17
4 10 13 19 12
4 13 25 20 10
4 19 25 20 12
4 12 14 13 11
4 13 11 21 24
4 12 14 24 21
4 1 41 42 4
4 41 1 23 83
4 42 4 23 83
4 17 42 55 2
4 24 83 55 2
4 17 42 83 24
4 4 55 76 8
4 9 83 55 4
4 9 83 76 8
4 17 8 65 41
4 17 41 83 21
4 21 83 65 8
4 2 1 65 76
4 3 1 65 83
4 3 83 76 2
4 1 4 30 29
4 29 1 36 76
4 30 76 36 4
4 34 30 55 3
4 24 3 55 76
4 34 24 76 30
4 9 65 29 34
4 21 34 29 76
4 9 65 76 21
4 1 36 42 6
4 22 2 36 42
4 34 21 42 6
4 21 42 41 24
4 9 34 22 42
4 22 34 23 55
4 9 23 55 42
4 29 2 36 65
4 17 36 65 18
4 41 65 23 3
4 34 23 65 18
4 6 18 8 4
4 6 41 36 4
4 18 41 36 8
4 5 1 23 30
4 22 3 23 30
4 5 30 21 17
4 21 24 29 30
4 17 8 30 22
4 17 22 55 36
4 30 8 36 55
4 4 9 18 5
4 4 5 29 23
4 18 29 23 9
4 5 8 9 6
4 8 21 22 5
4 9 21 22 6
4 0 13 49 46
4 25 86 46 0
4 49 13 25 86
4 11 71 68 13
4 19 86 68 13
4 11 19 86 71
4 7 46 69 11
4 7 46 86 26
4 26 86 69 11
4 7 15 68 49
4 7 49 86 27
4 27 15 68 86
4 15 0 69 71
4 16 86 69 0
4 16 86 71 15
4 20 0 44 71
4 31 71 44 13
4 34 20 71 26
4 26 71 69 19
4 34 31 68 16
4 34 27 71 31
4 27 16 68 71
4 0 44 49 14
4 28 49 44 15
4 34 14 49 26
4 26 27 46 49
4 19 34 28 49
4 34 25 68 28
4 19 25 68 49
4 13 44 46 14
4 12 46 44 11
4 16 46 69 25
4 28 31 25 16
4 10 31 26 7
4 26 27 20 31
4 11 31 28 7
4 7 44 68 28
4 11 31 68 44
4 12 69 44 7
4 20 15 44 69
4 10 11 26 28
4 14 28 26 19
4 10 43 38 7
4 28 78 43 10
4 7 38 78 28
4 17 38 49 13
4 24 13 49 78
4 24 78 38 17
4 8 17 43 58
4 17 43 78 18
4 18 78 58 8
4 8 67 49 7
4 9 78 49 7
4 9 8 67 78
4 13 10 58 67
4 14 78 58 10
4 13 14 78 67
4 31 10 40 67
4 26 7 40 67
4 24 67 49 14
4 24 67 26 34
4 34 31 58 9
4 34 31 67 18
4 18 9 58 67
4 31 13 40 58
4 17 21 58 40
4 14 28 58 43
4 34 21 58 28
4 12 38 40 10
4 13 40 38 19
4 34 18 38 12
4 43 38 18 24
4 9 34 19 38
4 9 38 49 28
4 7 8 21 12
4 12 7 40 43
4 8 40 43 21
4 17 11 26 18
4 31 26 18 24
4 8 26 19 17
4 19 17 40 49
4 8 26 49 40
4 11 7 9 21
4 9 28 31 21
4 12 9 8 11
4 18 19 11 8
4 9 12 19 18
4 5 1 47 48
4 1 29 88 47
4 29 88 48 5
4 7 15 64 48
4 28 88 48 7
4 15 64 88 28
4 7 47 65 8
4 26 88 47 7
4 26 8 65 88
4 5 64 80 8
4 5 18 88 64
4 18 88 80 8
4 1 65 80 15
4 16 1 65 88
4 16 88 80 15
4 1 23 80 45
4 30 80 45 5
4 34 30 64 16
4 34 28 80 30
4 28 80 64 16
4 34 26 80 23
4 18 26 80 65
4 6 48 45 1
4 15 27 48 45
4 34 26 48 6
4 28 26 48 47
4 18 48 27 34
4 34 27 64 29
4 29 18 48 64
4 9 65 45 7
4 15 23 65 45
4 29 16 47 65
4 7 8 30 27
4 27 64 45 7
4 8 45 64 30
4 6 47 45 5
4 9 47 45 8
4 27 16 29 30
4 7 26 30 4
4 30 23 28 26
4 8 4 27 26
4 18 6 27 26
4 2 0 52 55
4 25 91 52 0
4 2 25 91 55
4 0 61 64 15
4 20 91 61 0
4 15 20 91 64
4 2 5 64 77
4 5 64 91 22
4 2 77 91 22
4 4 52 61 5
4 4 30 91 52
4 30 5 61 91
4 15 4 55 77
4 27 91 55 4
4 15 77 91 27
4 0 50 64 16
4 29 2 50 64
4 22 61 64 30
4 20 77 29 34
4 27 64 77 20
4 3 0 50 55
4 23 15 50 55
4 30 55 52 27
4 23 34 25 77
4 55 77 25 22
4 5 50 52 6
4 3 2 50 52
4 20 25 61 52
4 20 25 29 23
4 4 23 77 50
4 5 50 77 29
4 4 50 61 6
4 16 61 50 15
4 37 87 44 0
4 49 14 37 87
4 14 79 82 12
4 19 14 79 87
4 12 19 87 82
4 7 44 87 38
4 38 87 69 12
4 32 79 49 7
4 39 7 49 87
4 32 39 87 79
4 0 69 82 32
4 0 33 87 69
4 32 82 87 33
4 35 82 46 0
4 43 14 46 82
4 38 82 35 17
4 38 82 69 19
4 17 43 79 33
4 17 39 82 43
4 39 33 79 82
4 40 32 46 49
4 39 38 49 44
4 40 79 37 17
4 37 19 49 79
4 37 33 44 69
4 40 43 37 33
4 39 38 43 35
4 40 79 46 7
4 43 79 46 12
4 35 32 46 69
4 4 7 38 42
4 27 74 42 4
4 7 27 74 38
4 17 38 48 5
4 22 5 48 74
4 17 38 74 22
4 17 42 54 11
4 19 17 42 74
4 19 74 54 11
4 11 63 48 7
4 7 48 74 12
4 12 74 63 11
4 4 5 63 54
4 6 4 54 74
4 5 63 74 6
4 4 30 63 39
4 7 26 63 39
4 6 22 63 48
4 34 22 63 26
4 12 54 30 34
4 34 30 63 19
4 12 54 63 19
4 30 54 39 5
4 17 39 54 21
4 6 42 54 27
4 21 54 27 34
4 18 48 39 17
4 11 39 48 26
4 12 27 48 38
4 9 4 39 38
4 5 39 38 18
4 42 38 19 22
4 9 42 39 7
4 21 42 39 11
4 26 30 22 19
4 12 27 30 21
4 11 54 53 10
4 53 10 31 93
4 54 11 31 93
4 4 53 58 8
4 30 93 53 4
4 8 30 93 58
4 4 15 71 54
4 4 54 93 23
4 15 71 93 23
4 8 80 71 11
4 21 93 71 11
4 21 93 80 8
4 15 80 58 10
4 20 93 58 10
4 20 15 80 93
4 28 80 51 10
4 26 11 51 80
4 20 23 80 71
4 21 30 80 58
4 4 51 71 27
4 26 8 51 71
4 54 71 31 21
4 10 12 54 51
4 15 51 54 27
4 30 23 53 54
4 4 51 58 9
4 28 58 51 15
4 20 31 58 53
4 12 11 51 53
4 9 53 51 8
4 1 41 90 45
4 48 6 41 90
4 32 7 48 75
4 40 90 48 7
4 40 90 75 32
4 7 45 90 38
4 9 38 90 65
4 9 85 75 6
4 6 75 90 18
4 9 85 90 18
4 32 1 65 85
4 33 1 65 90
4 32 85 90 33
4 36 1 47 85
4 42 85 47 6
4 33 75 42 17
4 40 17 42 85
4 33 75 85 40
4 17 38 85 36
4 38 85 65 18
4 39 48 47 32
4 45 48 38 40
4 17 39 75 41
4 48 75 41 18
4 36 65 47 32
4 33 41 65 45
4 39 75 47 7
4 9 42 75 47
4 33 41 42 39
4 40 38 42 36
4 2 59 57 1
4 29 96 57 1
4 2 29 96 59
4 13 66 57 10
4 57 10 31 96
4 31 96 66 13
4 1 66 68 15
4 1 23 96 66
4 23 96 68 15
4 15 10 59 77
4 10 28 96 59
4 28 15 77 96
4 2 77 68 13
4 13 24 96 68
4 24 96 77 2
4 1 16 68 56
4 25 2 56 68
4 31 24 66 68
4 28 23 77 68
4 10 20 77 56
4 25 13 56 77
4 24 59 77 29
4 1 56 59 3
4 15 56 59 20
4 57 59 31 28
4 10 14 66 56
4 15 16 66 56
4 57 66 29 23
4 13 14 57 56
4 3 57 56 2
4 0 37 92 50
4 55 3 37 92
4 0 61 75 32
4 35 0 61 92
4 35 32 75 92
4 6 75 84 3
4 22 92 75 6
4 3 22 92 84
4 4 50 92 42
4 6 61 92 42
4 4 55 84 32
4 39 92 55 4
4 39 32 84 92
4 33 75 52 0
4 3 52 75 41
4 42 75 61 22
4 35 84 41 17
4 39 35 84 75
4 36 55 52 32
4 42 39 50 55
4 17 37 84 36
4 22 37 84 55
4 61 50 35 37
4 36 4 52 84
4 6 41 84 52
4 41 36 35 37
4 32 33 61 52
4 13 62 63 11
4 62 13 31 100
4 11 31 100 63
4 8 67 62 5
4 5 30 100 62
4 8 67 100 30
4 5 63 70 2
4 5 63 100 29
4 29 100 70 2
4 8 11 70 76
4 11 26 100 70
4 8 76 100 26
4 2 76 67 13
4 25 13 67 100
4 25 100 76 2
4 24 76 60 13
4 21 11 60 76
4 29 25 70 76
4 30 76 67 26
4 22 5 60 70
4 21 8 60 70
4 63 70 31 26
4 5 60 67 18
4 24 67 60 2
4 62 67 31 25
4 11 60 62 19
4 18 8 60 62
4 62 63 30 29
4 13 19 63 60
4 22 63 60 2
4 43 95 51 10
4 43 95 54 12
4 42 95 51 4
4 9 58 95 42
4 4 54 82 32
4 4 36 95 54
4 32 36 95 82
4 9 12 82 85
4 12 21 95 82
4 9 85 95 21
4 32 85 58 10
4 35 95 58 10
4 35 32 85 95
4 40 10 53 85
4 38 85 53 12
4 36 85 82 35
4 21 42 85 58
4 39 4 53 82
4 38 82 53 9
4 21 54 82 43
4 32 53 54 39
4 42 36 51 54
4 40 58 53 32
4 51 58 43 35
4 56 1 41 97
4 41 97 59 3
4 56 10 43 97
4 43 97 66 14
4 1 32 79 66
4 36 1 66 97
4 36 97 79 32
4 10 59 84 32
4 10 59 97 40
4 40 97 84 32
4 3 14 79 84
4 24 14 79 97
4 3 84 97 24
4 33 79 57 1
4 37 3 57 79
4 24 43 79 66
4 40 36 84 79
4 35 84 57 10
4 37 84 57 14
4 59 84 41 24
4 35 59 57 32
4 40 56 59 43
4 33 32 57 66
4 36 41 66 56
4 0 50 98 46
4 46 16 64 98
4 0 52 98 44
4 33 75 98 44
4 16 6 75 89
4 27 6 75 98
4 16 27 98 89
4 50 5 48 98
4 6 52 98 48
4 33 5 64 89
4 39 98 64 5
4 39 98 89 33
4 16 61 75 47
4 48 75 52 27
4 7 47 89 44
4 39 75 89 44
4 33 45 64 61
4 50 64 48 39
4 45 89 46 7
4 46 27 64 89
4 52 50 44 46
4 5 45 89 61
4 6 61 89 47
4 44 46 47 45
4 12 74 73 14
4 43 105 73 14
4 74 12 43 105
4 6 9 78 73
4 6 42 105 73
4 42 105 78 9
4 6 74 81 3
4 6 74 105 41
4 3 41 105 81
4 9 12 81 83
4 12 81 105 38
4 38 105 83 9
4 3 83 78 14
4 14 78 105 37
4 37 105 83 3
4 24 14 72 83
4 12 21 83 72
4 41 37 81 83
4 38 42 83 78
4 22 6 72 81
4 9 72 81 21
4 43 38 74 81
4 18 78 72 6
4 24 78 72 3
4 37 43 78 73
4 12 72 73 19
4 9 72 73 18
4 41 42 74 73
4 19 14 72 74
4 22 74 72 3
4 60 13 49 102
4 63 19 49 102
4 5 48 102 60
4 48 18 67 102
4 33 5 63 87
4 45 5 63 102
4 45 102 87 33
4 18 19 87 90
4 19 87 102 26
4 18 26 102 90
4 33 13 67 90
4 13 67 102 44
4 44 102 90 33
4 13 62 90 40
4 19 62 90 38
4 44 87 90 45
4 48 90 67 26
4 39 5 62 87
4 38 18 62 87
4 63 87 49 26
4 33 39 63 62
4 45 48 63 60
4 40 67 62 33
4 60 67 49 44
4 56 1 47 103
4 16 47 103 68
4 56 13 49 103
4 49 103 57 14
4 45 103 57 1
4 33 79 103 45
4 33 13 68 89
4 13 68 103 40
4 40 33 89 103
4 14 79 89 16
4 14 28 103 79
4 28 103 89 16
4 46 79 66 16
4 57 79 49 28
4 45 89 79 40
4 44 13 66 89
4 46 14 66 89
4 47 28 68 89
4 44 33 66 68
4 56 68 49 40
4 56 57 47 45
4 52 98 71 20
4 50 98 82 35
4 20 94 82 12
4 12 27 98 82
4 20 27 98 94
4 54 98 44 11
4 12 54 98 46
4 35 11 71 94
4 11 71 98 39
4 39 35 94 98
4 20 53 82 69
4 54 82 46 27
4 4 50 94 53
4 39 82 94 50
4 51 71 69 35
4 44 71 54 39
4 51 94 52 4
4 27 71 94 52
4 11 69 94 51
4 53 94 69 12
4 50 52 53 51
4 72 14 49 108
4 74 19 49 108
4 72 6 48 108
4 48 108 78 18
4 6 74 86 16
4 6 74 108 47
4 47 16 86 108
4 18 88 86 19
4 38 19 86 108
4 38 18 88 108
4 14 16 88 78
4 14 46 108 78
4 16 46 108 88
4 14 73 88 28
4 19 73 88 26
4 47 88 86 46
4 48 88 78 38
4 6 27 86 73
4 26 86 73 18
4 74 86 49 38
4 16 73 78 28
4 72 78 49 46
4 74 72 47 48
4 16 73 74 27
4 60 2 55 107
4 22 63 107 55
4 60 11 54 107
4 21 54 107 76
4 11 35 92 63
4 11 63 107 51
4 35 92 107 51
4 22 21 95 92
4 22 92 107 30
4 30 107 95 21
4 2 76 95 35
4 50 107 76 2
4 50 107 95 35
4 2 36 95 70
4 42 22 70 95
4 50 51 95 92
4 30 54 95 76
4 11 39 92 70
4 42 92 70 21
4 63 92 55 30
4 39 63 70 35
4 51 54 63 60
4 36 35 70 76
4 55 50 60 76
4 10 56 99 53
4 20 53 99 77
4 56 2 55 99
4 55 99 57 3
4 10 57 99 51
4 35 84 99 51
4 2 35 94 77
4 2 77 99 36
4 36 35 94 99
4 3 84 94 20
4 3 84 99 23
4 23 20 94 99
4 2 50 94 59
4 3 52 94 59
4 53 94 77 23
4 51 94 84 36
4 52 20 59 84
4 57 84 55 23
4 50 77 59 35
4 56 77 55 36
4 53 51 56 57
4 23 80 103 57
4 36 85 103 56
4 9 23 99 85
4 9 85 103 28
4 23 99 103 28
4 58 103 45 8
4 9 58 103 47
4 8 80 99 36
4 8 80 103 40
4 40 36 99 103
4 28 80 99 57
4 51 99 65 8
4 9 53 99 65
4 40 56 99 85
4 23 65 85 53
4 28 47 85 58
4 36 51 80 65
4 58 40 45 80
4 25 61 92 70
4 44 87 92 50
4 19 87 92 22
4 19 87 101 25
4 22 25 101 92
4 19 63 92 37
4 11 70 101 44
4 39 92 101 44
4 69 25 62 87
4 37 22 63 87
4 5 50 101 62
4 50 101 87 39
4 44 69 70 60
4 60 5 61 101
4 61 22 70 101
4 11 69 101 60
4 62 19 69 101
4 50 61 62 60
4 3 72 111 55
4 74 22 55 111
4 54 111 72 12
4 54 111 83 21
4 12 74 91 20
4 53 111 74 12
4 53 20 91 111
4 21 22 91 93
4 22 91 111 42
4 21 93 111 42
4 3 83 93 20
4 52 111 83 3
4 20 93 111 52
4 3 23 93 81
4 30 93 81 22
4 52 53 93 91
4 42 54 93 83
4 27 12 81 91
4 21 30 91 81
4 55 42 74 91
4 23 83 81 20
4 55 52 72 83
4 74 72 53 54
4 27 20 81 74
4 60 2 59 109
4 24 67 109 59
4 8 58 109 60
4 58 109 70 21
4 36 8 67 97
4 51 8 67 109
4 36 97 109 51
4 24 97 95 21
4 21 31 109 95
4 24 31 109 97
4 2 70 109 56
4 36 56 109 95
4 24 43 95 76
4 70 95 58 31
4 51 56 97 95
4 8 76 97 40
4 43 97 76 21
4 59 31 67 97
4 36 76 67 40
4 58 51 60 67
4 70 60 56 59
4 15 51 107 64
4 27 64 107 54
4 63 107 80 26
4 60 107 98 44
4 27 98 102 26
4 27 30 107 98
4 30 26 102 107
4 15 80 102 44
4 50 107 80 15
4 50 44 102 107
4 15 45 102 71
4 48 27 71 102
4 30 63 102 80
4 50 98 102 60
4 48 98 71 26
4 64 30 54 98
4 44 45 80 71
4 51 50 64 80
4 13 56 104 62
4 62 104 77 25
4 15 64 104 56
4 16 64 104 66
4 13 66 104 60
4 60 104 89 44
4 44 15 77 101
4 45 104 77 15
4 44 45 104 101
4 25 16 89 101
4 29 16 89 104
4 25 29 104 101
4 50 101 68 15
4 61 101 68 16
4 29 77 101 62
4 45 89 101 60
4 25 61 89 68
4 29 64 89 66
4 50 77 68 44
4 56 45 64 77
4 62 60 56 66
4 66 29 76 97
4 41 97 67 18
4 45 90 97 56
4 24 18 90 97
4 29 104 90 18
4 24 97 104 29
4 45 8 76 104
4 40 97 104 45
4 24 76 104 66
4 8 60 104 65
4 18 65 104 62
4 40 90 104 56
4 24 41 90 67
4 29 62 90 65
4 65 45 60 76
4 37 81 91 61
4 46 52 91 86
4 22 19 86 91
4 37 106 86 19
4 22 37 106 91
4 19 25 91 74
4 12 46 106 81
4 46 106 91 27
4 37 69 86 73
4 25 86 74 22
4 52 106 73 6
4 52 106 86 27
4 46 69 81 72
4 6 61 106 72
4 61 22 81 106
4 72 12 69 106
4 73 19 69 106
4 72 73 61 52
4 72 3 59 112
4 59 24 78 112
4 58 112 72 9
4 21 81 112 58
4 9 23 96 78
4 9 78 112 53
4 53 23 96 112
4 24 96 93 21
4 43 112 93 21
4 43 112 96 24
4 57 3 81 112
4 57 112 93 23
4 31 93 83 24
4 43 81 93 58
4 53 57 96 93
4 9 83 96 28
4 31 21 83 96
4 59 43 78 96
4 59 57 72 81
4 53 58 78 72
4 23 28 78 83
4 73 16 64 113
4 27 64 113 74
4 63 113 73 19
4 26 88 113 63
4 62 19 74 113
4 62 25 91 113
4 26 27 91 100
4 27 91 113 48
4 48 26 100 113
4 16 25 100 88
4 16 61 113 88
4 25 61 113 100
4 29 16 86 100
4 27 86 100 30
4 61 62 100 91
4 48 63 100 88
4 30 91 86 26
4 74 91 64 48
4 25 29 88 86
4 61 73 88 64
4 74 73 62 63
4 15 51 109 68
4 68 109 58 28
4 67 26 71 109
4 60 45 103 109
4 28 103 102 26
4 28 103 109 31
4 26 31 109 102
4 15 71 109 56
4 45 102 109 56
4 28 49 102 80
4 31 67 102 71
4 60 102 103 56
4 49 103 80 26
4 68 31 58 103
4 71 51 56 68
4 32 53 111 75
4 39 75 111 54
4 74 38 85 111
4 46 72 111 98
4 38 39 98 108
4 39 98 111 42
4 42 38 108 111
4 32 46 108 85
4 32 85 111 52
4 52 111 108 46
4 32 82 108 47
4 48 39 82 108
4 74 108 85 42
4 72 52 98 108
4 48 98 82 38
4 54 98 75 42
4 47 46 82 85
4 52 53 85 75
4 25 70 109 68
4 71 109 59 20
4 60 109 94 50
4 50 101 109 51
4 20 25 101 94
4 31 109 94 20
4 25 31 109 101
4 20 77 101 69
4 70 101 68 31
4 60 101 94 51
4 25 69 94 77
4 31 59 94 71
4 57 110 73 14
4 37 84 110 73
4 75 110 57 32
4 33 66 110 75
4 14 72 110 66
4 72 110 89 46
4 32 84 106 46
4 32 47 110 84
4 46 106 110 47
4 33 37 106 89
4 33 89 110 41
4 41 110 106 37
4 52 106 79 32
4 33 79 106 61
4 41 73 106 84
4 72 106 89 47
4 37 79 89 61
4 41 75 89 66
4 52 46 79 84
4 57 47 75 84
4 66 57 72 73
4 41 83 96 66
4 18 29 96 78
4 57 47 88 96
4 18 88 96 24
4 18 88 110 41
4 24 96 110 41
4 47 110 83 9
4 28 47 110 96
4 66 24 83 110
4 9 72 110 65
4 65 110 73 18
4 57 110 88 28
4 29 88 78 24
4 65 41 73 88
4 47 65 83 72
4 73 16 68 114
4 28 78 114 68
4 18 67 114 73
4 26 67 114 86
4 18 78 114 62
4 62 114 96 29
4 28 96 100 26
4 28 49 114 96
4 49 114 100 26
4 66 114 86 16
4 29 66 114 100
4 28 31 100 88
4 49 67 100 86
4 62 100 96 66
4 26 88 96 31
4 49 68 96 78
4 66 68 86 73
4 62 67 78 73
4 20 81 115 71
4 27 71 115 74
4 22 81 115 63
4 63 115 93 30
4 22 74 115 70
4 25 86 115 70
4 27 54 115 86
4 54 115 100 30
4 20 25 100 93
4 69 20 93 115
4 25 69 115 100
4 31 100 91 20
4 70 69 86 100
4 63 54 93 100
4 71 54 74 86
4 25 31 93 91
4 69 81 93 71
4 63 70 81 74
4 33 75 113 62
4 63 39 75 113
4 74 38 90 113
4 37 73 113 92
4 39 38 105 92
4 39 48 113 92
4 48 38 105 113
4 37 105 90 33
4 33 61 113 90
4 61 37 105 113
4 33 87 105 41
4 39 42 105 87
4 74 48 90 105
4 73 105 92 61
4 38 87 92 42
4 48 63 92 75
4 37 41 90 87
4 62 90 75 61
4 23 77 104 65
4 76 104 64 30
4 51 99 104 60
4 23 99 104 29
4 30 23 99 107
4 30 29 104 107
4 56 51 107 104
4 55 107 80 23
4 29 64 107 76
4 60 56 99 107
4 55 30 80 99
4 77 29 65 99
4 79 112 53 32
4 58 40 79 112
4 78 38 82 112
4 47 72 112 103
4 40 103 108 38
4 43 112 103 40
4 38 43 112 108
4 32 82 112 57
4 47 57 112 108
4 40 85 108 49
4 78 108 82 43
4 57 72 108 103
4 38 49 103 85
4 58 103 79 43
4 53 82 79 57
4 37 81 112 79
4 35 82 112 59
4 52 72 112 94
4 52 106 112 53
4 35 94 106 37
4 43 35 94 112
4 37 106 112 43
4 69 106 84 35
4 43 81 106 79
4 72 53 94 106
4 37 69 94 84
4 59 94 82 43
4 77 116 81 20
4 77 116 83 23
4 76 116 81 21
4 91 30 76 116
4 21 70 116 83
4 31 96 116 70
4 30 23 96 100
4 23 55 116 96
4 30 100 116 55
4 20 59 116 91
4 59 31 100 116
4 23 93 100 29
4 55 76 100 91
4 70 100 96 59
4 29 96 93 30
4 77 96 83 55
4 59 77 91 81
4 70 76 83 81
4 33 79 114 62
4 40 79 114 67
4 38 87 114 78
4 73 114 97 41
4 38 40 97 105
4 49 114 97 40
4 49 38 105 114
4 33 87 114 66
4 41 66 114 105
4 43 105 90 40
4 49 87 105 78
4 73 105 97 66
4 43 38 90 97
4 67 97 79 49
4 62 87 79 66
4 80 117 83 23
4 78 28 80 117
4 67 117 83 24
4 67 117 93 31
4 76 24 78 117
4 29 88 117 76
4 58 117 88 28
4 31 100 117 58
4 23 93 117 65
4 29 65 117 100
4 65 88 100 76
4 67 58 93 100
4 58 78 88 80
4 83 93 80 65
4 83 78 67 76
4 82 115 70 35
4 39 82 115 63
4 42 95 115 74
4 81 37 87 115
4 39 87 115 54
4 54 42 105 115
4 37 35 95 105
4 35 69 115 95
4 69 115 105 37
4 35 43 105 92
4 74 105 95 54
4 69 87 105 81
4 54 63 87 82
4 43 37 92 95
4 70 95 82 69
4 84 110 65 36
4 42 75 110 83
4 53 72 110 99
4 41 36 99 110
4 36 99 111 42
4 42 111 110 41
4 53 111 110 57
4 36 85 111 55
4 83 41 75 111
4 57 99 111 72
4 42 85 99 55
4 65 99 84 41
4 86 46 79 114
4 68 44 87 114
4 61 101 114 73
4 62 114 106 61
4 46 106 101 44
4 44 101 114 49
4 49 46 106 114
4 69 106 89 44
4 49 86 106 79
4 62 73 106 101
4 69 46 89 101
4 68 101 87 49
4 86 25 77 118
4 77 118 88 29
4 86 26 80 118
4 80 118 91 30
4 26 71 118 88
4 31 71 118 96
4 68 25 91 118
4 31 93 118 68
4 64 29 96 118
4 30 93 118 64
4 64 80 93 91
4 68 71 93 96
4 77 96 88 64
4 80 71 86 88
4 86 91 77 68
4 84 116 70 35
4 76 36 84 116
4 83 42 92 116
4 81 43 97 116
4 36 97 105 42
4 36 97 116 55
4 42 55 116 105
4 35 59 116 92
4 59 43 105 116
4 41 36 95 105
4 83 55 92 105
4 59 81 105 97
4 41 42 95 97
4 76 55 84 97
4 59 84 92 70
4 36 85 117 76
4 40 85 117 67
4 43 95 117 78
4 83 117 90 41
4 58 40 90 117
4 58 117 105 43
4 36 95 117 65
4 65 117 105 41
4 58 78 105 95
4 83 65 90 105
4 67 58 85 90
4 65 85 95 76
4 71 44 87 115
4 74 48 102 115
4 86 46 82 115
4 48 108 115 63
4 44 46 108 102
4 44 102 115 69
4 46 69 115 108
4 44 49 108 98
4 63 74 108 102
4 86 108 82 69
4 46 49 102 98
4 71 102 87 69
4 89 110 65 45
4 88 110 75 48
4 73 62 104 110
4 45 104 110 47
4 48 113 104 45
4 48 113 110 47
4 66 62 113 110
4 64 113 90 45
4 47 88 113 75
4 73 113 104 66
4 48 90 104 64
4 65 47 89 104
4 91 116 84 52
4 50 77 116 92
4 81 69 101 116
4 70 69 106 116
4 50 101 106 52
4 55 50 101 116
4 55 116 106 52
4 50 61 106 94
4 91 106 84 55
4 70 81 106 101
4 61 101 94 52
4 77 55 92 101
4 84 119 87 37
4 41 90 119 84
4 38 87 119 85
4 42 92 119 85
4 38 90 119 82
4 82 119 97 43
4 37 92 119 79
4 79 119 95 43
4 41 97 119 75
4 42 95 119 75
4 85 75 92 95
4 82 95 97 79
4 84 75 90 97
4 85 82 87 90
4 79 84 92 87
4 89 118 71 44
4 89 118 80 45
4 48 98 118 88
4 49 86 118 103
4 48 108 103 45
4 45 103 118 64
4 64 48 108 118
4 68 118 98 44
4 68 49 108 118
4 45 47 108 102
4 64 88 108 98
4 68 86 108 103
4 47 103 102 48
4 80 103 89 64
4 68 89 98 71
4 80 45 90 117
4 49 78 117 102
4 88 117 85 47
4 49 108 117 67
4 45 102 117 65
4 47 108 117 65
4 67 102 108 78
4 65 88 108 85
4 80 65 90 102
4 50 92 113 64
4 74 113 107 54
4 91 52 75 113
4 63 113 111 54
4 50 52 111 107
4 61 113 107 50
4 61 113 111 52
4 50 55 111 98
4 63 107 111 74
4 61 91 111 75
4 52 55 107 98
4 64 107 92 61
4 51 94 112 58
4 82 54 93 112
4 70 109 112 81
4 53 51 109 112
4 51 109 115 54
4 53 54 115 112
4 70 115 112 59
4 51 71 115 95
4 93 53 82 115
4 59 81 115 109
4 54 71 109 95
4 53 58 109 94
4 57 84 116 96
4 97 116 77 56
4 83 65 104 116
4 65 76 116 110
4 56 104 110 57
4 59 56 104 116
4 59 116 110 57
4 66 56 99 110
4 59 84 110 96
4 83 110 104 76
4 66 57 99 104
4 59 77 104 97
4 91 61 89 118
4 50 98 118 77
4 86 118 94 69
4 69 71 118 106
4 50 64 118 94
4 64 118 106 61
4 64 89 106 91
4 86 71 94 106
4 64 98 94 77
4 46 82 119 89
4 89 119 85 47
4 90 119 98 48
4 49 103 119 87
4 46 98 119 79
4 49 102 119 79
4 47 103 119 75
4 48 102 119 75
4 75 98 102 90
4 79 87 102 103
4 85 103 89 75
4 82 79 89 98
4 94 118 80 51
4 93 118 98 54
4 91 118 99 55
4 51 54 111 99
4 51 99 118 71
4 54 111 118 71
4 55 111 118 77
4 53 111 107 51
4 71 93 111 98
4 77 91 111 99
4 53 99 107 54
4 80 71 94 99
4 51 95 117 80
4 55 107 117 83
4 53 85 117 93
4 55 111 117 76
4 51 58 117 107
4 53 111 117 58
4 93 111 85 58
4 83 76 107 111
4 80 107 95 58
4 97 114 68 56
4 58 78 114 109
4 96 114 79 57
4 67 114 112 58
4 57 112 109 56
4 66 56 109 114
4 66 57 112 114
4 56 59 112 103
4 78 112 109 67
4 96 112 79 66
4 59 109 103 57
4 66 68 109 97
4 60 101 114 67
4 100 114 87 63
4 71 86 114 109
4 60 62 114 109
4 60 109 115 63
4 63 115 114 62
4 68 71 115 114
4 60 70 115 102
4 87 62 100 115
4 68 109 115 86
4 63 70 109 102
4 62 67 109 101
4 66 96 118 89
4 77 118 103 56
4 88 118 99 65
4 65 110 118 80
4 56 99 118 68
4 68 66 110 118
4 68 96 110 89
4 80 99 110 88
4 77 68 103 99
4 61 92 119 89
4 52 98 119 84
4 69 94 119 87
4 69 101 119 82
4 75 52 94 119
4 61 75 119 101
4 89 75 92 101
4 82 94 101 87
4 75 98 94 84
4 94 119 85 53
4 98 54 95 119
4 92 55 99 119
4 55 84 119 107
4 53 82 119 99
4 54 82 119 107
4 82 95 107 98
4 84 92 107 99
4 85 99 94 82
4 93 58 103 118
4 96 118 94 59
4 58 112 118 80
4 59 112 118 77
4 77 94 112 96
4 93 80 103 112
4 101 116 76 60
4 63 92 116 100
4 64 104 116 91
4 60 104 116 70
4 60 63 113 104
4 70 116 113 63
4 77 116 113 64
4 60 62 113 107
4 70 92 113 100
4 91 113 104 77
4 62 63 107 104
4 76 104 101 70
4 60 76 117 102
4 88 117 107 64
4 100 117 90 62
4 80 64 113 117
4 67 117 107 60
4 67 62 113 117
4 67 100 113 90
4 80 107 113 88
4 76 107 102 67
4 72 106 114 78
4 105 114 86 74
4 82 87 114 112
4 73 72 112 114
4 72 112 115 74
4 74 115 114 73
4 79 82 115 114
4 72 108 115 81
4 73 86 115 105
4 87 115 112 79
4 81 74 108 112
4 73 106 112 78
4 97 119 89 66
4 57 103 119 84
4 65 90 119 99
4 65 104 119 85
4 79 57 99 119
4 79 66 104 119
4 97 104 89 79
4 85 99 104 90
4 79 103 99 84
4 58 103 119 95
4 97 59 94 119
4 59 84 119 109
4 85 119 109 58
4 84 97 109 94
4 85 95 109 103
4 62 101 119 90
4 92 63 102 119
4 64 98 119 104
4 89 119 107 64
4 62 104 119 87
4 87 119 107 63
4 92 87 102 107
4 98 107 104 89
4 90 104 101 87
4 67 97 116 100
4 68 101 116 96
4 67 114 116 76
4 77 68 114 116
4 100 76 97 114
4 96 114 101 77
4 83 72 106 116
4 74 105 116 91
4 92 116 110 75
4 72 81 116 110
4 72 74 113 110
4 74 113 116 81
4 84 116 113 75
4 73 113 111 72
4 81 91 113 105
4 92 113 110 84
4 73 74 111 110
4 83 81 106 110
4 71 102 117 93
4 70 100 117 95
4 71 80 117 115
4 76 117 115 70
4 95 76 100 115
4 80 102 115 93
4 72 108 117 83
4 90 75 111 117
4 105 117 88 73
4 75 85 117 113
4 72 78 117 111
4 78 73 113 117
4 105 113 88 78
4 90 85 111 113
4 78 108 111 83
4 67 97 119 102
4 103 68 101 119
4 68 109 119 89
4 90 119 109 67
4 103 89 101 109
4 102 109 97 90
4 95 70 101 119
4 98 119 109 71
4 71 94 119 102
4 70 92 119 109
4 98 94 109 102
4 92 101 109 95
4 88 73 106 118
4 74 108 118 91
4 98 75 110 118
4 89 118 111 75
4 73 86 118 110
4 86 74 111 118
4 86 108 111 91
4 98 111 110 89
4 86 106 110 88
4 105 116 96 78
4 79 106 116 97
4 83 116 114 78
4 79 84 116 114
4 83 105 114 96
4 97 114 106 84
4 82 95 117 108
4 105 117 93 81
4 85 82 115 117
4 83 117 115 81
4 83 93 115 105
4 95 115 108 85
4 76 107 119 97
4 77 101 119 99
4 77 104 119 94
4 76 104 119 95
4 94 101 104 99
4 97 95 107 104
4 108 118 96 78
4 103 79 106 118
4 79 112 118 89
4 88 118 112 78
4 88 96 112 108
4 89 106 112 103
4 80 107 119 103
4 80 102 119 99
4 99 107 102 103
4 81 93 118 106
4 82 98 118 112
4 94 82 108 118
4 91 81 112 118
4 94 112 108 98
4 91 93 112 106
4 102 117 105 87
4 100 86 108 117
4 87 115 117 90
4 86 115 117 88
4 88 108 115 100
4 102 115 105 90
4 83 111 118 96
4 84 99 118 106
4 94 118 110 84
4 83 110 118 93
4 111 110 96 93
4 94 99 110 106
4 85 103 118 111
4 99 85 108 118
4 103 108 111 99
4 106 116 100 86
4 87 92 116 114
4 87 101 116 105
4 91 116 114 86
4 92 101 114 105
4 91 106 114 100
4 105 92 107 117
4 91 100 117 111
4 95 117 113 92
4 91 113 117 93
4 111 113 100 93
4 107 113 105 95
4 88 96 116 113
4 89 106 116 104
4 89 110 116 101
4 100 116 110 88
4 100 96 110 113
4 110 104 101 106
4 97 116 113 90
4 104 116 105 90
4 97 105 113 104
4 105 97 109 115
4 100 96 112 115
4 97 95 115 114
4 96 93 115 114
4 93 100 114 112
4 95 105 114 109
4 107 98 108 117
4 98 111 117 102
4 107 111 108 102
4 94 106 114 109
4 101 94 112 114
4 109 112 106 101
4 103 108 115 109
4 103 112 115 102
4 109 112 108 102
4 99 104 113 111
4 99 107 113 110
4 107 104 110 111

# Cells
4 0 1 2 3
4 4 5 6 7
4 8 9 10 11
4 12 13 14 15
4 16 17 18 19
4 20 21 22 23
4 24 25 26 27
4 28 29 30 31
4 32 33 34 35
4 36 37 38 39
4 40 41 42 43
4 44 45 46 47
4 48 49 50 51
4 52 53 54 55
4 56 57 58 59
4 60 61 62 63
4 64 65 66 67
4 68 69 70 71
4 72 73 74 75
4 76 77 78 79
4 80 81 82 83
4 84 85 86 87
4 88 89 90 91
4 92 93 94 95
4 96 97 98 99
4 100 101 102 103
4 104 105 106 107
4 108 109 110 111
4 112 113 114 115
4 116 117 118 119
4 120 121 122 123
4 124 125 126 127
4 128 129 130 131
4 132 133 134 135
4 136 137 138 139
4 140 141 142 143
4 144 145 146 147
4 148 149 150 151
4 152 153 154 155
4 156 157 158 159
4 160 161 162 163
4 164 165 166 167
4 168 169 170 171
4 172 173 174 175
4 176 177 178 179
4 180 181 182 183
4 184 185 186 187
4 188 189 190 191
4 192 193 194 195
4 196 197 198 199
4 200 201 202 203
4 204 205 206 207
4 208 209 210 211
4 212 213 214 215
4 216 217 218 219
4 220 221 222 223
4 224 225 226 227
4 228 229 230 231
4 232 233 234 235
4 236 237 238 239
4 240 241 242 243
4 244 245 246 247
4 248 249 250 251
4 252 253 254 255
4 256 257 258 259
4 260 261 262 263
4 264 265 266 267
4 268 269 270 271
4 272 273 274 275
4 276 277 278 279
4 280 281 282 283
4 284 285 286 287
4 288 289 290 291
4 292 293 294 295
4 296 297 298 299
4 300 301 302 303
4 304 305 306 307
4 308 309 310 311
4 312 313 314 315
4 316 317 318 319
4 320 321 322 323
4 324 325 326 327
4 328 329 330 331
4 332 333 334 335
4 336 337 338 339
4 340 341 342 343
4 344 345 346 347
4 348 349 350 351
4 352 353 354 355
4 356 357 358 359
4 360 361 362 363
4 364 365 366 367
4 368 369 370 371
4 372 373 374 375
4 376 377 378 379
4 380 381 382 383
4 384 385 386 387
4 388 389 390 391
4 392 393 394 395
4 396 397 398 399
4 400 401 402 403
4 404 405 406 407
4 408 409 410 411
4 412 413 414 415
4 416 417 418 419
4 420 421 422 423
4 424 425 426 427
4 428 429 430 431
4 432 433 434 435
4 436 437 438 439
4 440 441 442 443
4 444 445 446 447
4 448 449 450 451
4 452 453 454 455
4 456 457 458 459
4 460 461 462 463
4 464 465 466 467
4 468 469 470 471
4 472 473 474 475
4 476 477 478 479
4 480 481 482 483
4 484 485 486 487
4 488 489 490 491
4 492 493 494 495
4 496 497 498 499
4 500 501 502 503
4 504 505 506 507
4 508 509 510 511
4 512 513 514 515
4 516 517 518 519
4 520 521 522 523
4 524 525 526 527
4 528 529 530 531
4 532 533 534 535
4 536 537 538 539
4 540 541 542 543
4 544 545 546 547
4 548 549 550 551
4 552 553 554 555
4 556 557 558 559
4 560 561 562 563
4 564 565 566 567
4 568 569 570 571
4 572 573 574 575
4 576 577 578 579
4 580 581 582 583
4 584 585 586 587
4 588 589 590 591
4 592 593 594 595
4 596 597 598 599
4 600 601 602 603
4 604 605 606 607
4 608 609 610 611
4 612 613 614 615
4 616 617 618 619
4 620 621 622 623
4 624 625 626 627
4 628 629 630 631
4 632 633 634 635
4 636 637 638 639
4 640 641 642 643
4 644 645 646 647
4 648 649 650 651
4 652 653 654 655
4 656 657 658 659
4 660 661 662 663
4 664 665 666 667
4 668 669 670 671
4 672 673 674 675
4 676 677 678 679
4 680 681 682 683
4 684 685 686 687
4 688 689 690 691
4 692 693 694 695
4 696 697 698 699
4 700 701 702 703
4 704 705 706 707
4 708 709 710 711
4 712 713 714 715
4 716 717 718 719
4 720 721 722 723
4 724 725 726 727
4 728 729 730 731
4 732 733 734 735
4 736 737 738 739
4 740 741 742 743
4 744 745 746 747
4 748 749 750 751
4 752 753 754 755
4 756 757 758 759
4 760 761 762 763
4 764 765 766 767
4 768 769 770 771
4 772 773 774 775
4 776 777 778 779
4 780 781 782 783
4 784 785 786 787
4 788 789 790 791
4 792 793 794 795
4 796 797 798 799
4 800 801 802 803
4 804 805 806 807
4 808 809 810 811
4 812 813 814 815
4 816 817 818 819
4 820 821 822 823
4 824 825 826 827
4 828 829 830 831
4 832 833 834 835
4 836 837 838 839
4 840 841 842 843
4 844 845 846 847
4 848 849 850 851
4 852 853 854 855
4 856 857 858 859
4 860 861 862 863
4 864 865 866 867
4 868 869 870 871
4 872 873 874 875
4 876 877 878 879
4 880 881 882 883
4 884 885 886 887
4 888 889 890 891
4 892 893 894 895
4 896 897 898 899
4 900 901 902 903
4 904 905 906 907
4 908 909 910 911
4 912 913 914 915
4 916 917 918 919
4 920 921 922 923
4 924 925 926 927
4 928 929 930 931
4 932 933 934 935
4 936 937 938 939
4 940 941 942 943
4 944 945 946 947
4 948 949 950 951
4 952 953 954 955
4 956 957 958 959
4 960 961 962 963
4 964 965 966 967
4 968 969 970 971
4 972 973 974 975
4 976 977 978 979
4 980 981 982 983
4 984 985 986 987
4 988 989 990 991
4 992 993 994 995
4 996 997 998 999
4 1000 1001 1002 1003
4 1004 1005 1006 1007
4 1008 1009 1010 1011
4 1012 1013 1014 1015
4 1016 1017 1018 1019
4 1020 1021 1022 1023
4 1024 1025 1026 1027
4 1028 1029 1030 1031
4 1032 1033 1034 1035
4 1036 1037 1038 1039
4 1040 1041 1042 1043
4 1044 1045 1046 1047
4 1048 1049 1050 1051
4 1052 1053 1054 1055
4 1056 1057 1058 1059
4 1060 1061 1062 1063
4 1064 1065 1066 1067
4 1068 1069 1070 1071
4 1072 1073 1074 1075
4 1076 1077 1078 1079
4 1080 1081 1082 1083
4 1084 1085 1086 1087
4 1088 1089 1090 1091
4 1092 1093 1094 1095
4 1096 1097 1098 1099
4 1100 1101 1102 1103
4 1104 1105 1106 1107
4 1108 1109 1110 1111
4 1112 1113 1114 1115
4 1116 1117 1118 1119
4 1120 1121 1122 1123
4 1124 1125 1126 1127
4 1128 1129 1130 1131
4 1132 1133 1134 1135
4 1136 1137 1138 1139
4 1140 1141 1142 1143
4 1144 1145 1146 1147
4 1148 1149 1150 1151
4 1152 1153 1154 1155
4 1156 1157 1158 1159
4 1160 1161 1162 1163
4 1164 1165 1166 1167
4 1168 1169 1170 1171
4 1172 1173 1174 1175
4 1176 1177 1178 1179
4 1180 1181 1182 1183
4 1184 1185 1186 1187
4 1188 1189 1190 1191
4 1192 1193 1194 1195
4 1196 1197 1198 1199
4 1200 1201 1202 1203
4 1204 1205 1206 1207
4 1208 1209 1210 1211
4 1212 1213 1214 1215
4 1216 1217 1218 1219
4 1220 1221 1222 1223
4 1224 1225 1226 1227
4 1228 1229 1230 1231
4 1232 1233 1234 1235
4 1236 1237 1238 1239
4 1240 1241 1242 1243
4 1244 1245 1246 1247
4 1248 1249 1250 1251
4 1252 1253 1254 1255
4 1256 1257 1258 1259
4 1260 1261 1262 1263
4 1264 1265 1266 1267
4 1268 1269 1270 1271
4 1272 1273 1274 1275
4 1276 1277 1278 1279
4 1280 1281 1282 1283
4 1284 1285 1286 1287
4 1288 1289 1290 1291
4 1292 1293 1294 1295
4 1296 1297 1298 1299
4 1300 1301 1302 1303
4 1304 1305 1306 1307
4 1308 1309 1310 1311
4 1312 1313 1314 1315
4 1316 1317 1318 1319
4 1320 1321 1322 1323
4 1324 1325 1326 1327
4 1328 1329 1330 1331
4 1332 1333 1334 1335
4 1336 1337 1338 1339
4 1340 1341 1342 1343
4 1344 1345 1346 1347
4 1348 1349 1350 1351
4 1352 1353 1354 1355
4 1356 1357 1358 1359
4 1360 1361 1362 1363
4 1364 1365 1366 1367
4 1368 1369 1370 1371
4 1372 1373 1374 1375
4 1376 1377 1378 1379
4 1380 1381 1382 1383
4 1384 1385 1386 1387
4 1388 1389 1390 1391
4 1392 1393 1394 1395
4 1396 1397 1398 1399
4 1400 1401 1402 1403
4 1404 1405 1406 1407
4 1408 1409 1410 1411
4 1412 1413 1414 1415
4 1416 1417 1418 1419
4 1420 1421 1422 1423
4 1424 1425 1426 1427
4 1428 1429 1430 1431
4 1432 1433 1434 1435
4 1436 1437 1438 1439
4 1440 1441 1442 1443
4 1444 1445 1446 1447
4 1448 1449 1450 1451
4 1452 1453 1454 1455
4 1456 1457 1458 1459
4 1460 1461 1462 1463
4 1464 1465 1466 1467
4 1468 1469 1470 1471
4 1472 1473 1474 1475
4 1476 1477 1478 1479
4 1480 1481 1482 1483
4 1484 1485 1486 1487
4 1488 1489 1490 1491
4 1492 1493 1494 1495
4 1496 1497 1498 1499
4 1500 1501 1502 1503
4 1504 1505 1506 1507
4 1508 1509 1510 1511
4 1512 1513 1514 1515
4 1516 1517 1518 1519
4 1520 1521 1522 1523
4 1524 1525 1526 1527
4 1528 1529 1530 1531
4 1532 1533 1534 1535
4 1536 1537 1538 1539
4 1540 1541 1542 1543
4 1544 1545 1546 1547
4 1548 1549 1550 1551
4 1552 1553 1554 1555
4 1556 1557 1558 1559
4 1560 1561 1562 1563
4 1564 1565 1566 1567
4 1568 1569 1570 1571
4 1572 1573 1574 1575
4 1576 1577 1578 1579
4 1580 1581 1582 1583
4 1584 1585 1586 1587
4 1588 1589 1590 1591
4 1592 1593 1594 1595
4 1596 1597 1598 1599
4 1600 1601 1602 1603
4 1604 1605 1606 1607
4 1608 1609 1610 1611
4 1612 1613 1614 1615
4 1616 1617 1618 1619
4 1620 1621 1622 1623
4 1624 1625 1626 1627
4 1628 1629 1630 1631
4 1632 1633 1634 1635
4 1636 1637 1638 1639
4 1640 1641 1642 1643
4 1644 1645 1646 1647
4 1648 1649 1650 1651
4 1652 1653 1654 1655
4 1656 1657 1658 1659
4 1660 1661 1662 1663
4 1664 1665 1666 1667
4 1668 1669 1670 1671
4 1672 1673 1674 1675
4 1676 1677 1678 1679
4 1680 1681 1682 1683
4 1684 1685 1686 1687
4 1688 1689 1690 1691
4 1692 1693 1694 1695
4 1696 1697 1698 1699
4 1700 1701 1702 1703
4 1704 1705 1706 1707
4 1708 1709 1710 1711
4 1712 1713 1714 1715
4 1716 1717 1718 1719
4 1720 1721 1722 1723
4 1724 1725 1726 1727
4 1728 1729 1730 1731
4 1732 1733 1734 1735
4 1736 1737 1738 1739
4 1740 1741 1742 1743
4 1744 1745 1746 1747
4 1748 1749 1750 1751
4 1752 1753 1754 1755
4 1756 1757 1758 1759
4 1760 1761 1762 1763
4 1764 1765 1766 1767
4 1768 1769 1770 1771
4 1772 1773 1774 1775
4 1776 1777 1778 1779
4 1780 1781 1782 1783
4 1784 1785 1786 1787
4 1788 1789 1790 1791
4 1792 1793 1794 1795
4 1796 1797 1798 1799
4 1800 1801 1802 1803
4 1804 1805 1806 1807
4 1808 1809 1810 1811
4 1812 1813 1814 1815
4 1816 1817 1818 1819
4 1820 1821 1822 1823
4 1824 1825 1826 1827
4 1828 1829 1830 1831
4 1832 1833 1834 1835
4 1836 1837 1838 1839
4 1840 1841 1842 1843
4 1844 1845 1846 1847
4 1848 1849 1850 1851
4 1852 1853 1854 1855
4 1856 1857 1858 1859
4 1860 1861 1862 1863
4 1864 1865 1866 1867
4 1868 1869 1870 1871
4 1872 1873 1874 1875
4 1876 1877 1878 1879
4 1880 1881 1882 1883
4 1884 1885 1886 1887
4 1888 1889 1890 1891
4 1892 1893 1894 1895
4 1896 1897 1898 1899
4 1900 1901 1902 1903
4 1904 1905 1906 1907
4 1908 1909 1910 1911
4 1912 1913 1914 1915
4 1916 1917 1918 1919
4 1920 1921 1922 1923
4 1924 1925 1926 1927
4 1928 1929 1930 1931
4 1932 1933 1934 1935
4 1936 1937 1938 1939
4 1940 1941 1942 1943
4 1944 1945 1946 1947
4 1948 1949 1950 1951
4 1952 1953 1954 1955
4 1956 1957 1958 1959
4 1960 1961 1962 1963
4 1964 1965 1966 1967
4 1968 1969 1970 1971
4 1972 1973 1974 1975
4 1976 1977 1978 1979
4 1980 1981 1982 1983
4 1984 1985 1986 1987
4 1988 1989 1990 1991
4 1992 1993 1994 1995
4 1996 1997 1998 1999
4 2000 2001 2002 2003
4 2004 2005 2006 2007
4 2008 2009 2010 2011
4 2012 2013 2014 2015
4 2016 2017 2018 2019
4 2020 2021 2022 2023
4 2024 2025 2026 2027
4 2028 2029 2030 2031
4 2032 2033 2034 2035
4 2036 2037 2038 2039
4 2040 2041 2042 2043
4 2044 2045 2046 2047
4 2048 2049 2050 2051
4 2052 2053 2054 2055
4 2056 2057 2058 2059
4 2060 2061 2062 2063
4 2064 2065 2066 2067
4 2068 2069 2070 2071
4 2072 2073 2074 2075
4 2076 2077 2078 2079
4 2080 2081 2082 2083
4 2084 2085 2086 2087
4 2088 2089 2090 2091
4 2092 2093 2094 2095
4 2096 2097 2098 2099
4 2100 2101 2102 2103
4 2104 2105 2106 2107
4 2108 2109 2110 2111
4 2112 2113 2114 2115
4 2116 2117 2118 2119
4 2120 2121 2122 2123
4 2124 2125 2126 2127
4 2128 2129 2130 2131
4 2132 2133 2134 2135
4 2136 2137 2138 2139
4 2140 2141 2142 2143
4 2144 2145 2146 2147
4 2148 2149 2150 2151
4 2152 2153 2154 2155
4 2156 2157 2158 2159
4 2160 2161 2162 2163
4 2164 2165 2166 2167
4 2168 2169 2170 2171
4 2172 2173 2174 2175
4 2176 2177 2178 2179
4 2180 2181 2182 2183
4 2184 2185 2186 2187
4 2188 2189 2190 2191
4 2192 2193 2194 2195
4 2196 2197 2198 2199
4 2200 2201 2202 2203
4 2204 2205 2206 2207
4 2208 2209 2210 2211
4 2212 2213 2214 2215
4 2216 2217 2218 2219
4 2220 2221 2222 2223
4 2224 2225 2226 2227
4 2228 2229 2230 2231
4 2232 2233 2234 2235
4 2236 2237 2238 2239
4 2240 2241 2242 2243
4 2244 2245 2246 2247
4 2248 2249 2250 2251
4 2252 2253 2254 2255
4 2256 2257 2258 2259
4 2260 2261 2262 2263
4 2264 2265 2266 2267
4 2268 2269 2270 2271
4 2272 2273 2274 2275
4 2276 2277 2278 2279
4 2280 2281 2282 2283
4 2284 2285 2286 2287
4 2288 2289 2290 2291
4 2292 2293 2294 2295
4 2296 2297 2298 2299
4 2300 2301 2302 2303
4 2304 2305 2306 2307
4 2308 2309 2310 2311
4 2312 2313 2314 2315
4 2316 2317 2318 2319
4 2320 2321 2322 2323
4 2324 2325 2326 2327
4 2328 2329 2330 2331
4 2332 2333 2334 2335
4 2336 2337 2338 2339
4 2340 2341 2342 2343
4 2344 2345 2346 2347
4 2348 2349 2350 2351
4 2352 2353 2354 2355
4 2356 2357 2358 2359
4 2360 2361 2362 2363
4 2364 2365 2366 2367
4 2368 2369 2370 2371
4 2372 2373 2374 2375
4 2376 2377 2378 2379
4 2380 2381 2382 2383
4 2384 2385 2386 2387
4 2388 2389 2390 2391
4 2392 2393 2394 2395
4 2396 2397 2398 2399
5 0 1048 2400 2401 2402
5 4 1332 2403 2404 2405
5 8 1024 2406 2407 2408
5 12 1156 2409 2410 2411
5 16 1212 2412 2413 2414
5 20 892 2415 2416 2417
5 24 868 2418 2419 2420
5 28 992 2421 2422 2423
5 32 784 2424 2425 2426
5 36 760 2427 2428 2429
5 40 1072 2430 2431 2432
5 44 708 2433 2434 2435
5 48 948 2436 2437 2438
5 52 676 2439 2440 2441
5 56 652 2442 2443 2444
5 60 924 2445 2446 2447
5 64 816 2448 2449 2450
5 68 600 2451 2452 2453
5 72 544 2454 2455 2456
5 76 468 2457 2458 2459
5 1 1236 2460 2461 2462
5 5 1476 2463 2464 2465
5 9 1188 2466 2467 2468
5 13 1356 2469 2470 2471
5 17 1380 2472 2473 2474
5 80 884 2475 2476 2477
5 84 968 2478 2479 2480
5 88 1112 2481 2482 2483
5 92 776 2484 2485 2486
5 96 836 2487 2488 2489
5 100 1256 2490 2491 2492
5 104 700 2493 2494 2495
5 108 1092 2496 2497 2498
5 112 568 2499 2500 2501
5 116 512 2502 2503 2504
5 120 916 2505 2506 2507
5 124 808 2508 2509 2510
5 128 420 2511 2512 2513
5 132 384 2514 2515 2516
5 136 320 2517 2518 2519
5 21 1228 2520 2521 2522
5 6 1596 2523 2524 2525
5 25 1316 2526 2527 2528
5 29 1420 2529 2530 2531
5 18 1500 2532 2533 2534
5 81 1040 2535 2536 2537
5 85 1132 2538 2539 2540
5 89 1276 2541 2542 2543
5 140 668 2544 2545 2546
5 144 728 2547 2548 2549
5 148 1252 2550 2551 2552
5 152 592 2553 2554 2555
5 156 1088 2556 2557 2558
5 160 560 2559 2560 2561
5 164 620 2562 2563 2564
5 168 1064 2565 2566 2567
5 172 940 2568 2569 2570
5 176 412 2571 2572 2573
5 180 272 2574 2575 2576
5 184 232 2577 2578 2579
5 33 1372 2580 2581 2582
5 14 1708 2583 2584 2585
5 37 1460 2586 2587 2588
5 43 1540 2589 2590 2591
5 2 1620 2592 2593 2594
5 93 1204 2595 2596 2597
5 97 1296 2598 2599 2600
5 103 1400 2601 2602 2603
5 188 672 2559 2604 2605
5 192 712 2556 2606 2607
5 196 1104 2608 2609 2610
5 200 460 2611 2612 2613
5 204 1076 2547 2614 2615
5 208 564 2544 2616 2617
5 212 604 2568 2618 2619
5 216 984 2620 2621 2622
5 220 928 2562 2623 2624
5 224 312 2625 2626 2627
5 228 352 2628 2629 2630
5 45 1472 2631 2632 2633
5 51 1536 2634 2635 2636
5 10 1804 2637 2638 2639
5 38 1560 2640 2641 2642
5 3 1732 2643 2644 2645
5 105 1328 2646 2647 2648
5 111 1396 2649 2650 2651
5 98 1440 2652 2653 2654
5 236 596 2571 2655 2656
5 240 716 2550 2657 2658
5 244 960 2659 2660 2661
5 221 1052 2563 2662 2663
5 205 1240 2548 2664 2665
5 248 536 2666 2667 2668
5 252 416 2553 2669 2670
5 256 608 2565 2671 2672
5 260 860 2673 2674 2675
5 264 376 2676 2677 2678
5 268 480 2679 2680 2681
5 53 1492 2682 2683 2684
5 30 1832 2685 2686 2687
5 57 1580 2688 2689 2690
5 63 1660 2691 2692 2693
5 22 1752 2694 2695 2696
5 141 1208 2616 2697 2698
5 145 1280 2615 2699 2700
5 151 1520 2701 2702 2703
5 276 780 2499 2704 2705
5 280 820 2497 2706 2707
5 285 1268 2708 2709 2710
5 288 436 2628 2711 2712
5 292 1084 2487 2598 2713
5 296 556 2484 2595 2714
5 300 496 2508 2715 2716
5 304 1148 2717 2718 2719
5 308 788 2502 2720 2721
5 316 336 2611 2722 2723
5 65 1352 2724 2725 2726
5 50 1416 2727 2728 2729
5 27 1556 2730 2731 2732
5 11 1676 2733 2734 2735
5 19 1816 2736 2737 2738
5 125 1152 2715 2739 2740
5 110 1272 2706 2741 2742
5 87 1436 2743 2744 2745
5 173 988 2618 2746 2747
5 157 1108 2606 2748 2749
5 324 464 2625 2750 2751
5 328 720 2608 2752 2753
5 245 828 2708 2754 2755
5 332 644 2756 2757 2758
5 340 612 2620 2759 2760
5 261 752 2761 2762 2763
5 344 504 2717 2764 2765
5 348 476 2766 2767 2768
5 69 1592 2769 2770 2771
5 67 1656 2772 2773 2774
5 58 1680 2775 2776 2777
5 26 1936 2778 2779 2780
5 23 1852 2781 2782 2783
5 153 1320 2669 2784 2785
5 159 1516 2786 2787 2788
5 146 1424 2665 2789 2790
5 356 704 2511 2791 2792
5 360 824 2491 2793 2794
5 329 1124 2795 2796 2797
5 309 896 2503 2798 2799
5 293 1248 2488 2652 2800
5 333 1016 2801 2802 2803
5 364 524 2679 2804 2805
5 368 400 2493 2646 2806
5 372 500 2505 2807 2808
5 380 472 2666 2809 2810
5 54 1612 2811 2812 2813
5 34 1744 2814 2815 2816
5 41 1924 2817 2818 2819
5 73 1688 2820 2821 2822
5 62 1792 2823 2824 2825
5 189 1044 2560 2826 2827
5 193 1116 2558 2786 2828
5 198 1512 2796 2829 2830
5 277 888 2500 2831 2832
5 281 952 2498 2649 2833
5 286 1392 2660 2834 2835
5 388 572 2574 2836 2837
5 392 1080 2478 2538 2838
5 396 552 2475 2535 2839
5 405 1324 2677 2840 2841
5 408 680 2514 2842 2843
5 113 1496 2704 2844 2845
5 90 1952 2846 2847 2848
5 117 1564 2720 2849 2850
5 123 1772 2851 2852 2853
5 82 1872 2854 2855 2856
5 161 1376 2604 2857 2858
5 165 1444 2624 2859 2860
5 171 1640 2861 2862 2863
5 424 772 2439 2682 2864
5 428 744 2437 2727 2865
5 433 1412 2762 2866 2867
5 440 936 2427 2586 2868
5 444 664 2424 2580 2869
5 448 636 2448 2724 2870
5 453 1348 2757 2871 2872
5 456 804 2442 2688 2873
5 61 1184 2874 2875 2876
5 42 1312 2877 2878 2879
5 31 1456 2880 2881 2882
5 15 1576 2883 2884 2885
5 7 1692 2886 2887 2888
5 121 1020 2807 2889 2890
5 102 1128 2793 2891 2892
5 91 1292 2893 2894 2895
5 169 864 2671 2896 2897
5 149 964 2657 2898 2899
5 217 756 2759 2900 2901
5 197 832 2752 2795 2902
5 404 540 2676 2903 2904
5 284 724 2659 2754 2905
5 305 648 2764 2906 2907
5 432 616 2673 2761 2908
5 452 508 2756 2801 2909
5 78 1704 2910 2911 2912
5 74 1800 2913 2914 2915
5 47 1788 2916 2917 2918
5 39 2044 2919 2920 2921
5 35 1912 2922 2923 2924
5 201 1136 2722 2925 2926
5 207 1508 2699 2789 2927
5 194 1432 2749 2787 2928
5 249 1004 2809 2929 2930
5 241 1288 2702 2899 2931
5 484 812 2518 2932 2933
5 489 956 2483 2893 2934
5 409 920 2515 2935 2936
5 393 1100 2480 2743 2937
5 492 632 2766 2938 2939
5 129 1584 2791 2940 2941
5 127 1768 2942 2943 2944
5 118 1664 2798 2945 2946
5 86 2056 2947 2948 2949
5 83 1972 2950 2951 2952
5 177 1464 2655 2953 2954
5 175 1636 2955 2956 2957
5 166 1544 2663 2958 2959
5 516 692 2451 2769 2960
5 520 748 2431 2877 2961
5 341 1308 2900 2962 2963
5 457 912 2443 2775 2964
5 441 1060 2428 2640 2965
5 345 1180 2906 2966 2967
5 528 584 2433 2631 2968
5 532 640 2445 2874 2969
5 70 1724 2970 2971 2972
5 77 1812 2973 2974 2975
5 46 1844 2976 2977 2978
5 66 1908 2979 2980 2981
5 49 2024 2982 2983 2984
5 237 1028 2572 2985 2986
5 242 1260 2552 2701 2987
5 246 1504 2709 2834 2988
5 325 1192 2626 2989 2990
5 330 1384 2609 2829 2991
5 357 872 2512 2992 2993
5 361 1096 2492 2601 2994
5 485 764 2517 2995 2996
5 488 1244 2481 2541 2997
5 548 656 2577 2998 2999
5 114 1616 2831 3000 3001
5 94 1864 3002 3003 3004
5 101 2036 3005 3006 3007
5 133 1684 2842 3008 3009
5 122 1892 3010 3011 3012
5 209 1232 2545 3013 3014
5 213 1300 2570 2955 3015
5 218 1632 2962 3016 3017
5 425 876 2440 2811 3018
5 429 852 2438 2634 3019
5 434 1532 2674 3020 3021
5 576 932 2418 2526 3022
5 473 1468 2667 3023 3024
5 580 660 2415 2520 3025
5 588 696 2454 2820 3026
5 79 1828 3027 3028 3029
5 75 1932 3030 3031 3032
5 71 1920 3033 3034 3035
5 59 2040 3036 3037 3038
5 55 2020 3039 3040 3041
5 289 972 2629 3042 3043
5 294 1388 2599 2653 3044
5 282 1428 2651 2742 3045
5 365 848 2680 3046 3047
5 362 1284 2603 2892 3048
5 389 1068 2575 3049 3050
5 394 1264 2540 2744 3051
5 493 740 2767 3052 3053
5 490 1120 2543 2894 3054
5 549 944 2578 3055 3056
5 138 1696 2932 3057 3058
5 134 1796 2935 3059 3060
5 107 1888 3061 3062 3063
5 99 2128 3064 3065 3066
5 95 1992 3067 3068 3069
5 225 1336 2750 3070 3071
5 223 1628 2859 2958 3072
5 214 1552 2747 2956 3073
5 265 1168 2903 3074 3075
5 257 1452 2862 2897 3076
5 624 800 2458 2910 3077
5 629 856 2423 2880 3078
5 589 904 2455 2913 3079
5 577 980 2420 2730 3080
5 130 1728 2992 3081 3082
5 137 1808 2995 3083 3084
5 106 1964 3085 3086 3087
5 126 1988 3088 3089 3090
5 109 2120 3091 3092 3093
5 253 1216 2554 3094 3095
5 258 1404 2567 2861 3096
5 262 1624 2866 3020 3097
5 337 1360 2612 3098 3099
5 342 1524 2621 3016 3100
5 517 841 2452 2970 3101
5 521 976 2432 2589 3102
5 625 733 2457 2973 3103
5 628 1056 2421 2529 3104
5 162 1748 2826 3105 3106
5 142 1868 3013 3107 3108
5 150 2108 3109 3110 3111
5 181 1600 2836 3112 3113
5 170 2012 3114 3115 3116
5 297 1220 2485 3002 3117
5 301 1172 2510 2942 3118
5 306 1764 2966 3119 3120
5 445 1032 2425 2814 3121
5 449 1008 2450 2772 3122
5 454 1652 2802 3123 3124
5 684 792 2406 2466 3125
5 481 1588 2804 3126 3127
5 688 768 2400 2460 3128
5 139 1948 3129 3130 3131
5 135 2052 3132 3133 3134
5 131 2032 3135 3136 3137
5 119 2124 3138 3139 3140
5 115 2116 3141 3142 3143
5 437 973 2630 3144 3145
5 442 1528 2587 2641 3146
5 430 1548 2636 2729 3147
5 525 849 2681 3148 3149
5 522 1448 2591 2879 3150
5 573 1069 2576 3151 3152
5 578 1408 2528 2731 3153
5 633 741 2768 3154 3155
5 630 1304 2531 2881 3156
5 657 945 2579 3157 3158
5 186 1820 3055 3159 3160
5 182 1928 3049 3161 3162
5 155 2008 3163 3164 3165
5 147 2200 3166 3167 3168
5 143 2076 3169 3170 3171
5 313 1337 2751 3172 3173
5 310 1760 2849 2945 3174
5 302 1672 2740 2943 3175
5 377 1169 2904 3176 3177
5 374 1572 2852 2890 3178
5 732 801 2459 3027 3179
5 737 1013 2411 2883 3180
5 697 905 2456 3030 3181
5 685 1145 2408 2733 3182
5 178 1848 2985 3183 3184
5 185 1712 2998 3185 3186
5 154 1968 3094 3187 3188
5 174 2072 3189 3190 3191
5 158 2160 3192 3193 3194
5 369 1161 2494 3085 3195
5 373 1340 2507 2851 3196
5 334 1756 2871 3123 3197
5 353 1480 2711 3198 3199
5 346 1644 2718 3119 3200
5 529 997 2434 2976 3201
5 533 1140 2447 2691 3202
5 736 900 2409 2469 3203
5 210 1736 2697 3107 3204
5 190 1856 2857 3105 3205
5 199 2192 3206 3207 3208
5 229 1481 2712 3209 3210
5 219 2096 3211 3212 3213
5 397 1364 2476 2854 3214
5 401 1160 2495 3061 3215
5 406 1884 3074 3216 3217
5 581 1196 2416 2694 3218
5 585 996 2435 2916 3219
5 474 1784 2929 3220 3221
5 477 1700 2938 3222 3223
5 796 880 2412 2472 3224
5 187 1940 3157 3225 3226
5 183 2048 3151 3227 3228
5 179 2104 3229 3230 3231
5 167 2196 3232 3233 3234
5 163 2156 3235 3236 3237
5 461 1137 2723 3238 3239
5 458 1648 2689 2776 3240
5 450 1668 2726 2773 3241
5 537 1005 2810 3242 3243
5 534 1568 2692 2876 3244
5 681 921 2516 3132 3245
5 686 1345 2468 2734 3246
5 738 1177 2471 2884 3247
5 765 813 2519 3129 3248
5 234 1821 3056 3249 3250
5 230 2016 3043 3251 3252
5 203 2092 3253 3254 3255
5 195 2260 3256 3257 3258
5 191 2148 3259 3260 3261
5 413 1465 2656 3262 3263
5 410 1880 3008 3059 3264
5 402 1716 2648 3062 3265
5 505 1181 2907 3266 3267
5 502 1573 2889 3011 3268
5 693 840 2453 3033 3269
5 845 1001 2405 2886 3270
5 805 913 2444 3036 3271
5 793 1144 2407 2637 3272
5 226 1896 2989 3273 3274
5 233 1713 2999 3275 3276
5 202 1976 3098 3277 3278
5 222 2144 3279 3280 3281
5 206 2232 3282 3283 3284
5 273 1601 2837 3285 3286
5 266 1776 2840 3216 3287
5 250 1876 3023 3220 3288
5 497 1173 2509 3088 3289
5 501 1341 2506 3010 3290
5 637 1009 2449 2979 3291
5 641 1141 2446 2823 3292
5 844 908 2403 2463 3293
5 254 1837 2784 3187 3294
5 238 1956 2953 3183 3295
5 247 2244 3296 3297 3298
5 269 1589 2805 3299 3300
5 263 2180 3301 3302 3303
5 338 1904 2925 3277 3304
5 349 1701 2939 3305 3306
5 326 1984 3070 3273 3307
5 553 1365 2477 2950 3308
5 557 1221 2486 3067 3309
5 661 1197 2417 2781 3310
5 665 1033 2426 2922 3311
5 298 1604 2596 3003 3312
5 278 1860 2844 3000 3313
5 287 2252 3314 3315 3316
5 317 1361 2613 3253 3317
5 307 2088 3266 3318 3319
5 398 1484 2536 2855 3320
5 417 1217 2555 3163 3321
5 407 2004 3176 3322 3323
5 689 1200 2401 2592 3324
5 482 1916 3046 3325 3326
5 478 1824 3052 3327 3328
5 797 1036 2413 2532 3329
5 235 1941 3158 3330 3331
5 231 2112 3145 3332 3333
5 227 2188 3334 3335 3336
5 215 2256 3337 3338 3339
5 211 2228 3340 3341 3342
5 593 1321 2670 3343 3344
5 590 1780 2821 2914 3345
5 586 1720 2633 2917 3346
5 645 1017 2909 3347 3348
5 642 1569 2824 2875 3349
5 789 897 2504 3138 3350
5 794 1344 2467 2638 3351
5 846 1165 2465 2887 3352
5 705 873 2513 3135 3353
5 274 1929 3050 3354 3355
5 270 1917 3047 3356 3357
5 251 2176 3358 3359 3360
5 243 2308 3361 3362 3363
5 239 2140 3262 3364 3365
5 561 1377 2605 3259 3366
5 558 1605 2597 3068 3367
5 486 1980 3057 3083 3368
5 509 1349 2758 3369 3370
5 498 1673 2739 3089 3371
5 773 877 2441 3039 3372
5 881 1037 2414 2736 3373
5 901 1012 2410 2583 3374
5 322 1697 2933 3375 3376
5 318 1905 2926 3254 3377
5 291 2084 3209 3251 3378
5 283 2316 3379 3380 3381
5 279 2220 3382 3383 3384
5 422 1585 2792 3385 3386
5 418 1836 2785 3164 3387
5 390 2000 3112 3161 3388
5 613 1309 2901 3212 3389
5 610 1453 2896 3115 3390
5 937 1061 2429 2919 3391
5 933 981 2419 2778 3392
5 314 1897 2990 3393 3394
5 321 1809 2996 3395 3396
5 290 2060 3198 3397 3398
5 311 2216 3399 3400 3401
5 295 2292 3402 3403 3404
5 385 1685 2843 3405 3406
5 378 1777 2841 3322 3407
5 366 1996 3126 3325 3408
5 605 1301 2569 3189 3409
5 609 1405 2566 3114 3410
5 745 853 2436 2982 3411
5 749 977 2430 2817 3412
5 909 1000 2404 2523 3413
5 370 1717 2647 3086 3414
5 381 1469 2668 3358 3415
5 358 1960 2940 3081 3416
5 331 2300 3417 3418 3419
5 335 2172 3369 3420 3421
5 354 2017 3042 3397 3422
5 350 1825 3053 3423 3424
5 327 2068 3172 3393 3425
5 565 1233 2546 3169 3426
5 554 1485 2537 2951 3427
5 769 1201 2402 2643 3428
5 446 1608 2581 2815 3429
5 426 1740 2683 2812 3430
5 435 2248 3431 3432 3433
5 465 1193 2627 3334 3434
5 455 2184 3347 3435 3436
5 582 1488 2521 2695 3437
5 597 1029 2573 3229 3438
5 475 2100 3242 3439 3440
5 690 1368 2461 2593 3441
5 483 2028 3148 3442 3443
5 479 1944 3154 3444 3445
5 798 1224 2473 2533 3446
5 275 2049 3152 3447 3448
5 271 2029 3149 3449 3450
5 267 2240 3451 3452 3453
5 259 2304 3454 3455 3456
5 255 2224 3343 3457 3458
5 669 1209 2617 3340 3459
5 666 1609 2582 2923 3460
5 626 1900 2911 2974 3461
5 649 1149 2765 3462 3463
5 638 1669 2725 2980 3464
5 902 1176 2470 2584 3465
5 882 1225 2474 2737 3466
5 781 889 2501 3141 3467
5 323 1949 3248 3468 3469
5 319 2153 3239 3470 3471
5 315 2189 3434 3472 3473
5 303 2312 3474 3475 3476
5 299 2288 3477 3478 3479
5 701 1329 2806 3480 3481
5 698 1781 2822 3031 3482
5 694 1841 2771 3034 3483
5 753 861 2908 3431 3484
5 750 1450 2818 2878 3485
5 929 1053 2564 3232 3486
5 934 1409 2527 2779 3487
5 1002 1166 2525 2888 3488
5 386 1797 2936 3489 3490
5 382 1785 2930 3359 3491
5 367 2168 3299 3356 3492
5 363 2344 3493 3494 3495
5 359 2212 3385 3496 3497
5 570 1497 2705 3382 3498
5 566 1737 2698 3170 3499
5 550 2064 3159 3185 3500
5 617 1413 2763 3302 3501
5 606 1553 2746 3190 3502
5 857 1057 2422 2685 3503
5 470 1705 3077 3504 3505
5 466 1985 3071 3335 3506
5 439 2085 3210 3332 3507
5 431 2352 3508 3509 3510
5 427 2280 3511 3512 3513
5 602 1593 2960 3514 3515
5 598 1957 2954 3230 3516
5 574 2001 3113 3227 3517
5 721 1125 2902 3207 3518
5 718 1289 2898 3110 3519
5 1085 1249 2489 3064 3520
5 1081 1101 2479 2947 3521
5 414 1849 2986 3364 3522
5 421 1729 2993 3496 3523
5 391 2132 3285 3354 3524
5 411 2204 3405 3489 3525
5 395 2336 3526 3527 3528
5 513 1565 2721 3399 3529
5 506 1645 2719 3318 3530
5 494 2080 3222 3327 3531
5 621 1445 2623 3279 3532
5 614 1525 2622 3211 3533
5 462 1977 3099 3534 3535
5 469 1813 3103 3536 3537
5 438 2061 3199 3538 3539
5 459 2276 3540 3541 3542
5 443 2328 3543 3544 3545
5 545 1689 3026 3546 3547
5 538 1877 3024 3439 3548
5 526 1997 3127 3442 3549
5 713 1117 2557 3192 3550
5 717 1261 2551 3109 3551
5 821 953 2496 3091 3552
5 825 1097 2490 3005 3553
5 910 1164 2464 2524 3554
5 530 1721 2632 2977 3555
5 541 1325 2678 3451 3556
5 518 1840 2770 2971 3557
5 343 2296 3558 3559 3560
5 347 2236 3462 3561 3562
5 355 2113 3144 3538 3563
5 351 1945 3155 3564 3565
5 339 2152 3238 3534 3566
5 673 1045 2561 3235 3567
5 662 1489 2522 2782 3568
5 770 1369 2462 2644 3569
5 387 2053 3245 3570 3571
5 383 2101 3243 3572 3573
5 379 2241 3556 3574 3575
5 375 2340 3576 3577 3578
5 371 2284 3480 3579 3580
5 777 1205 2714 3477 3581
5 774 1741 2684 3040 3582
5 734 1902 2975 3028 3583
5 757 985 2760 3558 3584
5 746 1550 2728 2983 3585
5 1058 1305 2530 2686 3586
5 1038 1226 2534 2738 3587
5 423 2033 3353 3588 3589
5 419 2225 3344 3590 3591
5 415 2105 3438 3592 3593
5 403 2285 3481 3594 3595
5 399 2332 3596 3597 3598
5 809 1153 2716 3474 3599
5 806 1649 2690 3037 3600
5 802 1901 2912 3029 3601
5 858 1306 2687 2882 3602
5 941 989 2619 3337 3603
5 938 1529 2588 2920 3604
5 1014 1178 2585 2885 3605
5 471 1829 3179 3606 3607
5 467 2069 3173 3472 3608
5 463 2093 3317 3470 3609
5 451 2348 3610 3611 3612
5 447 2324 3613 3614 3615
5 710 1473 2968 3616 3617
5 706 1961 2941 3136 3618
5 682 1881 3009 3133 3619
5 829 961 2905 3314 3620
5 826 1286 2891 3006 3621
5 1077 1241 2549 3166 3622
5 1082 1265 2539 2948 3623
5 514 1665 2799 3400 3624
5 510 1653 2803 3420 3625
5 495 2164 3305 3423 3626
5 491 2364 3627 3628 3629
5 487 2208 3375 3395 3630
5 569 1617 2832 3383 3631
5 562 1749 2827 3260 3632
5 551 2136 3249 3275 3633
5 618 1533 2675 3301 3634
5 622 1545 2662 3280 3635
5 546 1801 3079 3636 3637
5 542 1885 3075 3452 3638
5 527 2169 3300 3449 3639
5 523 2372 3640 3641 3642
5 519 2272 3514 3643 3644
5 678 1493 2864 3511 3645
5 674 1857 2858 3236 3646
5 658 2066 3186 3225 3647
5 725 1269 2755 3297 3648
5 714 1433 2748 3193 3649
5 957 1245 2482 2846 3650
5 594 1969 3095 3457 3651
5 601 1725 3101 3643 3652
5 575 2133 3286 3447 3653
5 591 2264 3546 3636 3654
5 579 2360 3655 3656 3657
5 653 1581 2873 3540 3658
5 646 1757 2872 3435 3659
5 634 2081 3223 3444 3660
5 729 1281 2614 3282 3661
5 722 1385 2610 3206 3662
5 515 2125 3350 3663 3664
5 511 2185 3348 3665 3666
5 507 2237 3463 3667 3668
5 503 2341 3669 3670 3671
5 499 2313 3599 3672 3673
5 885 1041 2839 3596 3674
5 878 1742 2813 3041 3675
5 842 1842 2972 3035 3676
5 865 1065 2672 3454 3677
5 854 1549 2635 2984 3678
5 978 1449 2590 2819 3679
5 1202 1370 2594 2645 3680
5 547 1933 3181 3681 3682
5 543 2005 3177 3574 3683
5 539 2177 3415 3572 3684
5 535 2368 3685 3686 3687
5 531 2320 3616 3688 3689
5 785 1373 2869 3613 3690
5 782 1861 2845 3142 3691
5 766 1982 3084 3130 3692
5 833 1105 2753 3417 3693
5 822 1430 2741 3092 3694
5 1121 1246 2542 2847 3695
5 571 2117 3467 3696 3697
5 567 2229 3459 3698 3699
5 563 2157 3567 3700 3701
5 559 2289 3581 3702 3703
5 555 2333 3674 3704 3705
5 917 1021 2808 3576 3669
5 914 1650 2777 3038 3706
5 906 1782 2915 3032 3707
5 982 1410 2732 2780 3708
5 1062 1530 2642 2921 3709
5 1146 1346 2639 2735 3710
5 603 1921 3269 3711 3712
5 599 2141 3263 3592 3713
5 595 2009 3321 3590 3714
5 587 2321 3617 3715 3716
5 583 2356 3717 3718 3719
5 817 1353 2870 3610 3720
5 814 1981 3058 3131 3721
5 790 1761 2850 3139 3722
5 958 1122 2848 2895 3723
5 1089 1109 2607 3256 3724
5 1086 1389 2600 3065 3725
5 654 1681 2964 3541 3726
5 650 1765 2967 3561 3727
5 635 2165 3306 3564 3728
5 631 2376 3729 3730 3731
5 627 2268 3504 3536 3732
5 677 1613 3018 3512 3733
5 670 1869 3014 3341 3734
5 659 2137 3276 3330 3735
5 726 1393 2661 3296 3736
5 730 1425 2664 3283 3737
5 702 1965 3195 3579 3738
5 709 1845 3201 3688 3739
5 683 2205 3406 3570 3740
5 699 2265 3547 3681 3741
5 687 2384 3742 3743 3744
5 761 1461 2868 3543 3745
5 754 1625 2867 3432 3746
5 742 2082 3328 3445 3747
5 837 1297 2713 3402 3748
5 830 1505 2710 3315 3749
5 623 2197 3486 3750 3751
5 619 2249 3484 3752 3753
5 615 2297 3584 3754 3755
5 607 2257 3603 3756 3757
5 611 2305 3677 3758 3759
5 1034 1610 2816 2924 3760
5 998 1722 2918 2978 3761
5 1010 1670 2774 2981 3762
5 1198 1490 2696 2783 3763
5 1142 1570 2693 2825 3764
5 655 2041 3271 3765 3766
5 651 2089 3267 3667 3767
5 647 2173 3370 3665 3768
5 643 2369 3769 3770 3771
5 639 2349 3720 3772 3773
5 893 1229 3025 3717 3774
5 890 1862 3001 3143 3775
5 874 1962 3082 3137 3776
5 965 1253 2658 3361 3777
5 954 1429 2650 3093 3778
5 1098 1285 2602 3007 3779
5 679 2021 3372 3780 3781
5 675 2149 3366 3700 3782
5 671 2077 3426 3698 3783
5 667 2325 3690 3784 3785
5 663 2357 3774 3786 3787
5 925 1185 2969 3685 3769
5 922 1882 3060 3134 3788
5 898 1762 2946 3140 3789
5 1102 1266 2745 2949 3790
5 1250 1390 2654 3066 3791
5 711 1789 3219 3715 3792
5 707 2213 3386 3589 3793
5 703 1889 3215 3594 3794
5 695 2273 3515 3712 3795
5 691 2380 3796 3797 3798
5 949 1417 2865 3508 3799
5 946 2065 3160 3226 3800
5 930 1629 2860 3233 3801
5 1093 1273 2707 3379 3802
5 1078 1509 2700 3167 3803
5 762 1561 2965 3544 3804
5 758 1633 2963 3559 3805
5 743 2166 3424 3565 3806
5 739 2388 3807 3808 3809
5 735 2270 3537 3606 3810
5 786 1745 3121 3614 3811
5 778 1865 3117 3478 3812
5 767 2210 3396 3468 3813
5 834 1513 2797 3418 3814
5 838 1441 2800 3403 3815
5 810 1989 3289 3672 3816
5 818 1909 3291 3772 3817
5 791 2217 3529 3663 3818
5 807 2277 3658 3765 3819
5 795 2385 3820 3821 3822
5 869 1317 3022 3655 3823
5 862 1626 3021 3433 3824
5 850 1998 3326 3443 3825
5 969 1133 2838 3526 3826
5 962 1506 2835 3316 3827
5 731 2201 3622 3828 3829
5 727 2253 3620 3830 3831
5 723 2301 3693 3832 3833
5 715 2261 3724 3834 3835
5 719 2309 3777 3836 3837
5 1222 1606 3004 3069 3838
5 1162 1718 3063 3087 3839
5 1174 1674 2944 3090 3840
5 1366 1486 2856 2952 3841
5 1342 1574 2853 3012 3842
5 763 2045 3391 3843 3844
5 759 2097 3389 3754 3845
5 755 2181 3501 3752 3846
5 751 2373 3847 3848 3849
5 747 2353 3799 3850 3851
5 1049 1237 3128 3796 3852
5 1046 1858 3106 3237 3853
5 1030 1958 3184 3231 3854
5 1129 1257 2794 3493 3855
5 1118 1434 2788 3194 3856
5 1262 1290 2703 3111 3857
5 787 1913 3311 3784 3858
5 783 2221 3498 3697 3859
5 779 1993 3309 3702 3860
5 775 2281 3645 3781 3861
5 771 2381 3852 3862 3863
5 1073 1313 2961 3640 3847
5 1070 2002 3162 3228 3864
5 1054 1630 2959 3234 3865
5 1242 1510 2790 3168 3866
5 819 1657 3122 3611 3867
5 815 2209 3376 3469 3868
5 811 1769 3118 3475 3869
5 803 2269 3505 3607 3870
5 799 2392 3871 3872 3873
5 951 1537 3019 3509 3874
5 947 2138 3250 3331 3875
5 942 1637 3015 3338 3876
5 1094 1397 2833 3380 3877
5 1090 1517 2828 3257 3878
5 870 1557 3080 3656 3879
5 866 1641 3076 3455 3880
5 851 2170 3357 3450 3881
5 847 2397 3882 3883 3884
5 843 2274 3652 3711 3885
5 894 1753 3218 3718 3886
5 886 1873 3214 3597 3887
5 875 2214 3523 3588 3888
5 966 1521 2931 3362 3889
5 970 1437 2937 3527 3890
5 918 1893 3290 3670 3891
5 926 1793 3292 3770 3892
5 899 2218 3624 3664 3893
5 915 2278 3726 3766 3894
5 903 2389 3895 3896 3897
5 994 1421 3104 3729 3898
5 986 1634 3100 3560 3899
5 975 2062 3422 3563 3900
5 1114 1278 2997 3627 3901
5 1106 1514 2991 3419 3902
5 943 2073 3409 3756 3903
5 950 2025 3411 3850 3904
5 931 2145 3532 3750 3905
5 939 2329 3745 3843 3906
5 935 2361 3823 3907 3908
5 1025 1189 3125 3742 3820
5 1018 1758 3124 3436 3909
5 1006 1878 3221 3440 3910
5 1126 1386 2830 3208 3911
5 839 2129 3520 3912 3913
5 835 2193 3518 3832 3914
5 831 2245 3648 3830 3915
5 823 2317 3802 3916 3917
5 827 2345 3855 3918 3919
5 1234 1738 3108 3171 3920
5 1218 1838 3165 3188 3921
5 1302 1554 2957 3191 3922
5 1406 1454 2863 3116 3923
5 871 1937 3392 3907 3924
5 867 2014 3390 3759 3925
5 863 2182 3634 3753 3926
5 859 2377 3927 3928 3929
5 855 2354 3874 3904 3930
5 1213 1381 3224 3871 3931
5 1210 1870 3204 3342 3932
5 1194 1986 3274 3336 3933
5 1113 1293 2934 3628 3934
5 1282 1426 2927 3284 3935
5 895 1853 3310 3786 3936
5 891 2222 3631 3696 3937
5 887 1973 3308 3704 3938
5 879 2282 3733 3780 3939
5 883 2393 3931 3940 3941
5 993 1457 3078 3730 3927
5 990 1638 3073 3339 3942
5 974 2086 3252 3333 3943
5 1110 1518 2928 3258 3944
5 927 1661 3202 3686 3945
5 923 2206 3490 3571 3946
5 919 1773 3196 3577 3947
5 907 2266 3637 3682 3948
5 911 2396 3949 3950 3951
5 1074 1541 3102 3641 3952
5 1071 2134 3355 3448 3953
5 1066 1642 3096 3456 3954
5 1258 1402 2994 3494 3955
5 1254 1522 2987 3363 3956
5 1026 1677 3182 3743 3957
5 1022 1774 3178 3578 3958
5 1007 2178 3491 3573 3959
5 1003 2398 3960 3961 3962
5 999 2322 3739 3792 3963
5 1050 1621 3324 3797 3964
5 1042 1874 3320 3598 3965
5 1031 2142 3522 3593 3966
5 1130 1401 3048 3495 3967
5 1134 1438 3051 3528 3968
5 1067 2013 3410 3758 3969
5 1075 1925 3412 3848 3970
5 1055 2146 3635 3751 3971
5 1063 2330 3804 3844 3972
5 1059 2378 3898 3973 3974
5 1157 1357 3203 3807 3895
5 1150 1766 3200 3562 3975
5 1138 1978 3304 3566 3976
5 1270 1394 2988 3298 3977
5 1091 2161 3550 3834 3978
5 1095 2121 3552 3916 3979
5 1079 2233 3661 3828 3980
5 1087 2293 3748 3912 3981
5 1083 2337 3826 3982 3983
5 1182 1646 3120 3319 3984
5 1170 1778 3217 3323 3985
5 1310 1526 3017 3213 3986
5 971 2057 3521 3982 3987
5 967 2110 3519 3837 3988
5 963 2246 3736 3831 3989
5 955 2318 3877 3979 3990
5 959 2365 3934 3991 3992
5 1378 1750 3205 3261 3993
5 1362 1906 3255 3278 3994
5 1446 1546 3072 3281 3995
5 995 1833 3503 3928 3973
5 991 2074 3502 3757 3996
5 987 2098 3533 3755 3997
5 983 2362 3879 3924 3998
5 979 2374 3952 3970 3999
5 1333 1477 3293 3882 3949
5 1326 1886 3287 3453 4000
5 1322 1970 3294 3458 4001
5 1027 1805 3272 3821 4002
5 1023 1894 3268 3671 4003
5 1019 2174 3625 3666 4004
5 1015 2390 4005 4006 4007
5 1011 2350 3817 3867 4008
5 1214 1501 3329 3872 4009
5 1206 1866 3312 3479 4010
5 1195 2070 3394 3473 4011
5 1277 1294 3054 3629 4012
5 1298 1442 3044 3404 4013
5 1051 1733 3428 3862 4014
5 1047 2150 3632 3701 4015
5 1043 1974 3427 3705 4016
5 1035 2326 3811 3858 4017
5 1039 2394 4009 4018 4019
5 1158 1577 3180 3808 4006
5 1154 1770 3175 3476 4020
5 1139 2094 3377 3471 4021
5 1274 1398 3045 3381 4022
5 1190 1678 3246 3744 4023
5 1186 1662 3244 3687 4024
5 1171 2242 3638 3683 4025
5 1167 2399 4026 4027 4028
5 1163 2286 3738 3794 4029
5 1238 1622 3441 3798 4030
5 1230 1754 3437 3719 4031
5 1219 2226 3651 3714 4032
5 1314 1542 3150 3642 4033
5 1318 1558 3153 3657 4034
5 1255 2109 3551 3836 4035
5 1259 2037 3553 3918 4036
5 1243 2234 3737 3829 4037
5 1251 2294 3815 3913 4038
5 1247 2366 3901 4039 4040
5 1350 1654 3197 3421 4041
5 1338 1898 3307 3425 4042
5 1414 1534 3097 3303 4043
5 1115 1953 3650 3991 4039
5 1111 2162 3649 3835 4044
5 1107 2194 3662 3833 4045
5 1099 2347 3955 4036 4046
5 1103 2338 3890 3987 4047
5 1470 1786 3288 3360 4048
5 1466 1850 3295 3365 4049
5 1135 2058 3623 3983 4050
5 1131 2038 3621 3919 4051
5 1127 2302 3814 3914 4052
5 1119 2262 3878 3978 4053
5 1123 2367 4012 4054 4055
5 1498 1618 3313 3384 4056
5 1482 2018 3378 3398 4057
5 1566 1666 3174 3401 4058
5 1159 1709 3374 3896 4005
5 1155 1990 3371 3673 4059
5 1151 2090 3530 3668 4060
5 1147 2386 3957 4002 4061
5 1143 2370 3892 3945 4062
5 1335 1597 3413 3950 3960
5 1330 1966 3414 3580 4063
5 1327 2006 3407 3575 4064
5 1191 1806 3351 3822 4065
5 1187 1794 3349 3771 4066
5 1183 2238 3727 3767 4067
5 1179 2391 4068 4069 4070
5 1175 2314 3816 3869 4071
5 1382 1502 3446 3873 4072
5 1374 1746 3429 3615 4073
5 1363 2154 3535 3609 4074
5 1422 1458 3156 3731 4075
5 1462 1562 3146 3545 4076
5 1215 1817 3373 3940 4018
5 1211 2078 3499 3699 4077
5 1207 1994 3367 3703 4078
5 1199 2358 3886 3936 4079
5 1203 2382 3964 4014 4080
5 1334 1693 3270 3883 3961
5 1331 1890 3265 3595 4081
5 1323 2010 3387 3591 4082
5 1239 1734 3569 3863 4083
5 1235 2230 3734 3783 4084
5 1231 1854 3568 3787 4085
5 1223 2290 3812 3860 4086
5 1227 2395 4072 4087 4088
5 1358 1578 3247 3809 4069
5 1354 1658 3241 3612 4089
5 1339 2190 3506 3608 4090
5 1418 1538 3147 3510 4091
5 1279 1955 3695 4040 4054
5 1275 2122 3694 3917 4092
5 1271 2254 3749 3915 4093
5 1263 2311 3956 4035 4094
5 1267 2339 3968 4050 4095
5 1590 1918 3408 3492 4096
5 1586 1730 3416 3497 4097
5 1299 2130 3725 3981 4098
5 1295 1954 3723 3992 4055
5 1291 2310 3889 3988 4099
5 1283 2202 3803 3980 4100
5 1287 2346 3967 4051 4101
5 1602 1930 3388 3524 4102
5 1686 1798 3264 3525 4103
5 1319 1938 3487 3908 4104
5 1315 1926 3485 3849 4105
5 1311 2298 3805 3845 4106
5 1303 2258 3876 3903 4107
5 1307 2379 4075 4108 4109
5 1494 1614 3430 3513 4110
5 1483 2114 3507 3539 4111
5 1582 1682 3240 3542 4112
5 1359 1711 3465 3897 4068
5 1355 1910 3464 3773 4113
5 1351 2186 3659 3768 4114
5 1347 2387 4023 4065 4115
5 1343 2342 3891 3947 4116
5 1479 1599 3554 3951 4026
5 1474 1846 3555 3689 4117
5 1471 2102 3548 3684 4118
5 1383 1818 3466 3941 4087
5 1379 2158 3646 3782 4119
5 1375 1914 3460 3785 4120
5 1367 2334 3887 3938 4121
5 1371 2383 4030 4083 4122
5 1478 1694 3352 3884 4027
5 1475 1790 3346 3716 4123
5 1467 2106 3516 3713 4124
5 1403 2039 3779 4046 4101
5 1399 2123 3778 3990 4125
5 1395 2255 3827 3989 4126
5 1387 2303 3902 4045 4127
5 1391 2295 4013 4098 4128
5 1702 1826 3531 3626 4129
5 1698 1810 3368 3630 4130
5 1423 1835 3586 3974 4108
5 1419 2026 3585 3851 4131
5 1415 2250 3746 3846 4132
5 1407 2307 3954 3969 4133
5 1411 2363 4034 4104 4134
5 1594 1726 3557 3644 4135
5 1591 2030 3549 3639 4136
5 1443 2131 3791 4038 4128
5 1439 2059 3790 4047 4095
5 1435 2263 3944 4044 4137
5 1427 2203 3866 4037 4138
5 1431 2319 4022 4092 4125
5 1714 1822 3500 3633 4139
5 1463 2046 3604 3906 4140
5 1459 1834 3602 3929 4109
5 1455 2306 3880 3925 4141
5 1447 2198 3801 3905 4142
5 1451 2375 4033 4105 4143
5 1603 2050 3517 3653 4144
5 1690 1802 3345 3654 4145
5 1503 1819 3587 4019 4088
5 1499 2119 3691 3859 4146
5 1495 2023 3582 3861 4147
5 1487 2335 3965 4016 4148
5 1491 2359 4031 4085 4149
5 1598 1695 3488 3962 4028
5 1595 1923 3483 3795 4150
5 1587 2035 3618 3793 4151
5 1523 2111 3857 4094 4099
5 1519 2163 3856 4053 4137
5 1515 2195 3911 4052 4127
5 1507 2247 3977 4093 4126
5 1511 2235 3935 4100 4138
5 1543 1927 3679 3999 4143
5 1539 2027 3678 3930 4152
5 1535 2251 3824 3926 4153
5 1527 2299 3899 3997 4154
5 1531 2331 4076 4140 4155
5 1706 1814 3461 3732 4156
5 1703 1946 3660 3728 4157
5 1563 2047 3709 3972 4155
5 1559 1939 3708 3998 4134
5 1555 2259 3942 3996 4158
5 1547 2199 3865 3971 4159
5 1551 2355 4091 4131 4152
5 1715 1942 3647 3735 4160
5 1583 2042 3600 3819 4161
5 1579 1710 3605 4007 4070
5 1575 2343 3958 4003 4162
5 1567 2126 3722 3818 4163
5 1571 2371 4024 4066 4164
5 1687 2054 3619 3740 4165
5 1691 1934 3482 3741 4166
5 1623 1735 3680 4080 4122
5 1619 2118 3775 3937 4167
5 1615 2022 3675 3939 4168
5 1607 2291 4010 4078 4169
5 1611 2327 4073 4120 4170
5 1707 1831 3601 3870 4171
5 1699 1951 3721 3868 4172
5 1643 2015 3923 4133 4141
5 1639 2075 3922 4107 4158
5 1635 2099 3986 4106 4154
5 1627 2183 4043 4132 4153
5 1631 2147 3995 4142 4159
5 1663 1795 3764 4062 4164
5 1659 1911 3762 4008 4173
5 1655 2187 3909 4004 4174
5 1647 2239 3975 4060 4175
5 1651 2279 4112 4161 4176
5 1815 1830 3583 3810 4177
5 1827 1947 3747 3806 4178
5 1683 2043 3706 3894 4176
5 1679 1807 3710 4061 4115
5 1675 2315 4020 4059 4179
5 1667 2127 3789 3893 4180
5 1671 2351 4089 4113 4173
5 1811 1950 3692 3813 4181
5 1731 2034 3776 3888 4182
5 1727 1922 3676 3885 4183
5 1719 2287 4063 4081 4184
5 1723 2323 4117 4123 4185
5 1803 1935 3707 3948 4186
5 1799 2055 3788 3946 4187
5 1755 1855 3763 4079 4149
5 1751 2159 3853 4015 4188
5 1747 1915 3760 4017 4170
5 1739 2231 3932 4077 4189
5 1743 2283 4110 4147 4168
5 1823 1943 3800 3875 4190
5 1775 1895 3842 4116 4162
5 1771 1991 3840 4071 4179
5 1767 2091 3984 4067 4175
5 1759 2175 4041 4114 4174
5 1763 2219 4058 4163 4180
5 1791 1847 3761 3963 4185
5 1787 2103 3910 3959 4191
5 1779 2243 4000 4064 4192
5 1783 2267 4145 4166 4186
5 1919 2031 3825 3881 4193
5 1851 2107 3854 3966 4194
5 1839 2227 4001 4082 4195
5 1843 2275 4135 4150 4183
5 1931 2051 3864 3953 4196
5 1875 1975 3841 4121 4148
5 1871 2079 3920 4084 4189
5 1867 1995 3838 4086 4169
5 1859 2151 3993 4119 4188
5 1863 2223 4056 4146 4167
5 1891 1967 3839 4029 4184
5 1887 2007 3985 4025 4192
5 1879 2179 4048 4118 4191
5 1883 2207 4103 4165 4187
5 1899 2191 3933 4011 4197
5 1907 2155 3976 4021 4198
5 1903 2271 4156 4171 4177
5 2019 2115 3900 3943 4199
5 1971 2011 3921 4032 4195
5 1959 2143 4049 4124 4194
5 1963 2215 4097 4151 4182
5 1979 2095 3994 4074 4198
5 1987 2071 4042 4090 4197
5 1983 2211 4130 4172 4181
5 1999 2171 4096 4136 4193
5 2003 2135 4102 4144 4196
5 2063 2087 4057 4111 4199
5 2067 2139 4139 4160 4190
5 2083 2167 4129 4157 4178
