# Generated using Miratope v0.5.0 (https://github.com/galoomba1/miratope-rs)
4OFF

# Vertices, Faces, Edges, Cells
120 4200 1200 1320

# Vertices
0.0834626338555 0 0.3535533905933 0.5 
-0.4885987689621 0 0.2185080122244 0.3090169943749 
0.4370160244488 -0.3090169943749 -0 0.3090169943749 
0.4370160244488 0.3090169943749 -0 0.3090169943749 
-0.1350453783689 0.5 0.1350453783689 0.3090169943749 
-0.1350453783689 -0.5 0.1350453783689 0.3090169943749 
0.0834626338555 0.5 -0.3535533905933 0 
-0.4885987689621 0.3090169943749 -0.2185080122244 0 
0.4370160244488 -0 -0.4370160244488 0 
-0.1350453783689 -0 -0.5720614028177 -0.1909830056251 
0.0834626338555 -0.5 -0.3535533905933 0 
-0.4885987689621 -0.3090169943749 -0.2185080122244 0 
0.4370160244488 -0 0.4370160244488 -0 
-0.1350453783689 0.1909830056251 0.5720614028177 -0 
-0.1350453783689 -0.3090169943749 -0.1350453783689 0.5 
0.0834626338555 -0 0.3535533905933 -0.5 
-0.4885987689621 0 0.2185080122244 -0.3090169943749 
0.4370160244488 -0.3090169943749 -0 -0.3090169943749 
-0.1350453783689 -0.3090169943749 -0.1350453783689 -0.5 
0.4370160244488 0.3090169943749 -0 -0.3090169943749 
-0.1350453783689 0.5 0.1350453783689 -0.3090169943749 
-0.1350453783689 -0.5 0.1350453783689 -0.3090169943749 
-0.1350453783689 -0 -0.5720614028177 0.1909830056251 
-0.1350453783689 -0.1909830056251 0.5720614028177 -0 
-0.1350453783689 0.3090169943749 -0.1350453783689 0.5 
-0.1350453783689 0.3090169943749 -0.1350453783689 -0.5 
0.2185080122244 -0.3090169943749 0.4885987689621 -0 
0.2185080122244 0.1909830056251 -0.2185080122244 0.5 
0.2185080122244 0.1909830056251 -0.2185080122244 -0.5 
0.2185080122244 0.3090169943749 0.4885987689621 -0 
0.2185080122244 -0.1909830056251 -0.2185080122244 0.5 
0.2185080122244 -0.1909830056251 -0.2185080122244 -0.5 
0.2185080122244 0.5 0.2185080122244 0.1909830056251 
0.2185080122244 -0.5 0.2185080122244 0.1909830056251 
0.2185080122244 -0 -0.4885987689621 -0.3090169943749 
-0.3535533905933 -0 -0.0834626338555 0.5 
-0.3535533905933 -0 -0.0834626338555 -0.5 
0.2185080122244 0.5 0.2185080122244 -0.1909830056251 
0.2185080122244 -0.5 0.2185080122244 -0.1909830056251 
0.2185080122244 -0 -0.4885987689621 0.3090169943749 
-0.3535533905933 -0.3090169943749 0.3535533905933 0.1909830056251 
-0.3535533905933 0.1909830056251 -0.3535533905933 -0.3090169943749 
-0.3535533905933 -0.3090169943749 0.3535533905933 -0.1909830056251 
-0.3535533905933 0.1909830056251 -0.3535533905933 0.3090169943749 
-0.3535533905933 0.3090169943749 0.3535533905933 0.1909830056251 
-0.3535533905933 -0.1909830056251 -0.3535533905933 -0.3090169943749 
-0.3535533905933 0.3090169943749 0.3535533905933 -0.1909830056251 
-0.3535533905933 -0.1909830056251 -0.3535533905933 0.3090169943749 
0.5720614028177 -0 0.1350453783689 0.1909830056251 
-0 -0.3090169943749 -0.4370160244488 -0.3090169943749 
-0.3535533905933 0.5 0.0834626338555 -0 
-0.3535533905933 -0.5 0.0834626338555 -0 
0.5720614028177 -0 0.1350453783689 -0.1909830056251 
-0 -0.3090169943749 -0.4370160244488 0.3090169943749 
-0 0.3090169943749 -0.4370160244488 -0.3090169943749 
0.5720614028177 0.1909830056251 -0.1350453783689 -0 
-0 -0.6180339887499 -0 -0 
-0 0.3090169943749 -0.4370160244488 0.3090169943749 
-0 -0 0 -0.6180339887499 
0.5720614028177 -0.1909830056251 -0.1350453783689 -0 
-0 0.6180339887499 -0 -0 
-0 -0.3090169943749 0.4370160244488 -0.3090169943749 
-0 -0 0 0.6180339887499 
-0 0.3090169943749 0.4370160244488 -0.3090169943749 
-0.5720614028177 0.1909830056251 0.1350453783689 -0 
0.3535533905933 0.5 -0.0834626338555 -0 
-0 -0.3090169943749 0.4370160244488 0.3090169943749 
-0 0.3090169943749 0.4370160244488 0.3090169943749 
0.3535533905933 0.1909830056251 0.3535533905933 -0.3090169943749 
-0.5720614028177 -0.1909830056251 0.1350453783689 -0 
0.3535533905933 -0.5 -0.0834626338555 -0 
0.3535533905933 0.1909830056251 0.3535533905933 0.3090169943749 
0.3535533905933 -0.1909830056251 0.3535533905933 -0.3090169943749 
-0.5720614028177 0 -0.1350453783689 0.1909830056251 
0.3535533905933 -0.3090169943749 -0.3535533905933 0.1909830056251 
0.3535533905933 -0.1909830056251 0.3535533905933 0.3090169943749 
0.3535533905933 0.3090169943749 -0.3535533905933 0.1909830056251 
-0.2185080122244 0 0.4885987689621 -0.3090169943749 
-0.5720614028177 0 -0.1350453783689 -0.1909830056251 
0.3535533905933 -0.3090169943749 -0.3535533905933 -0.1909830056251 
0.3535533905933 -0 0.0834626338555 0.5 
-0.2185080122244 0 0.4885987689621 0.3090169943749 
0.3535533905933 0.3090169943749 -0.3535533905933 -0.1909830056251 
-0.2185080122244 0.5 -0.2185080122244 0.1909830056251 
0.3535533905933 -0 0.0834626338555 -0.5 
-0.2185080122244 0.1909830056251 0.2185080122244 0.5 
-0.2185080122244 0.5 -0.2185080122244 -0.1909830056251 
-0.2185080122244 -0.5 -0.2185080122244 0.1909830056251 
-0.2185080122244 0.1909830056251 0.2185080122244 -0.5 
-0.2185080122244 -0.1909830056251 0.2185080122244 0.5 
-0.2185080122244 -0.5 -0.2185080122244 -0.1909830056251 
-0.2185080122244 -0.1909830056251 0.2185080122244 -0.5 
0.1350453783689 -0.3090169943749 0.1350453783689 0.5 
-0.2185080122244 -0.3090169943749 -0.4885987689621 0 
-0.2185080122244 0.3090169943749 -0.4885987689621 0 
0.1350453783689 -0.3090169943749 0.1350453783689 -0.5 
0.1350453783689 0.3090169943749 0.1350453783689 0.5 
0.1350453783689 0.1909830056251 -0.5720614028177 0 
0.1350453783689 0.3090169943749 0.1350453783689 -0.5 
0.1350453783689 0 0.5720614028177 0.1909830056251 
0.1350453783689 -0.1909830056251 -0.5720614028177 0 
0.1350453783689 0.5 -0.1350453783689 -0.3090169943749 
0.1350453783689 0 0.5720614028177 -0.1909830056251 
0.1350453783689 -0.5 -0.1350453783689 -0.3090169943749 
-0.4370160244488 -0 -0.4370160244488 0 
0.1350453783689 0.5 -0.1350453783689 0.3090169943749 
0.1350453783689 -0.5 -0.1350453783689 0.3090169943749 
-0.4370160244488 -0.3090169943749 -0 -0.3090169943749 
-0.4370160244488 -0.3090169943749 -0 0.3090169943749 
-0.4370160244488 0.3090169943749 -0 -0.3090169943749 
-0.4370160244488 0.3090169943749 -0 0.3090169943749 
0.4885987689621 -0 -0.2185080122244 -0.3090169943749 
-0.4370160244488 0 0.4370160244488 -0 
0.4885987689621 -0 -0.2185080122244 0.3090169943749 
0.4885987689621 -0.3090169943749 0.2185080122244 -0 
0.4885987689621 0.3090169943749 0.2185080122244 -0 
-0.0834626338555 0.5 0.3535533905933 -0 
-0.0834626338555 -0.5 0.3535533905933 -0 
-0.0834626338555 -0 -0.3535533905933 0.5 
-0.0834626338555 -0 -0.3535533905933 -0.5 

# Faces
3 1 4 0
3 0 5 1
3 0 3 2
3 0 2 5
3 3 4 0
3 6 7 4
3 7 9 6
3 6 8 3
3 6 9 8
3 6 3 4
3 10 11 5
3 10 9 11
3 10 8 2
3 10 8 9
3 10 5 2
3 11 1 7
3 11 9 7
3 11 1 5
3 1 4 7
3 8 2 3
3 0 1 13
3 0 14 1
3 2 12 0
3 0 14 2
3 0 13 12
3 15 13 16
3 16 18 15
3 17 12 15
3 17 18 15
3 15 12 13
3 10 11 14
3 10 18 11
3 10 17 2
3 10 17 18
3 2 14 10
3 11 16 1
3 16 18 11
3 11 14 1
3 1 13 16
3 2 12 17
3 16 20 15
3 16 21 15
3 15 17 19
3 17 21 15
3 15 19 20
3 7 20 6
3 7 22 6
3 8 19 6
3 6 22 8
3 19 20 6
3 11 21 10
3 10 22 11
3 8 17 10
3 8 22 10
3 17 21 10
3 7 16 11
3 11 7 22
3 11 16 21
3 16 20 7
3 17 19 8
3 1 23 0
3 1 24 0
3 3 12 0
3 0 24 3
3 0 12 23
3 15 23 16
3 16 25 15
3 12 19 15
3 15 19 25
3 12 23 15
3 7 24 6
3 6 25 7
3 3 19 6
3 19 25 6
3 6 24 3
3 7 16 1
3 16 25 7
3 7 1 24
3 16 23 1
3 19 12 3
3 0 2 26
3 0 2 27
3 0 4 13
3 0 27 4
3 13 26 0
3 15 26 17
3 15 28 17
3 15 20 13
3 15 20 28
3 15 13 26
3 8 27 6
3 6 8 28
3 6 20 4
3 6 28 20
3 6 4 27
3 2 17 8
3 8 17 28
3 2 27 8
3 17 2 26
3 20 4 13
3 3 29 0
3 0 30 3
3 0 23 5
3 0 5 30
3 23 29 0
3 19 29 15
3 15 31 19
3 21 23 15
3 21 31 15
3 15 23 29
3 8 30 10
3 10 31 8
3 5 21 10
3 21 31 10
3 5 30 10
3 3 19 8
3 8 19 31
3 3 30 8
3 19 3 29
3 21 23 5
3 0 12 32
3 0 12 33
3 0 24 14
3 14 33 0
3 0 24 32
3 19 32 6
3 6 19 34
3 22 24 6
3 22 34 6
3 24 32 6
3 10 17 33
3 10 17 34
3 10 22 14
3 10 22 34
3 10 33 14
3 17 19 12
3 17 34 19
3 17 33 12
3 19 12 32
3 14 24 22
3 4 29 0
3 4 35 0
3 0 26 5
3 0 35 5
3 0 29 26
3 15 29 20
3 20 36 15
3 15 26 21
3 15 36 21
3 15 26 29
3 11 35 7
3 7 36 11
3 11 21 5
3 21 36 11
3 11 35 5
3 7 20 4
3 7 20 36
3 4 35 7
3 4 29 20
3 21 5 26
3 12 37 15
3 15 12 38
3 15 25 18
3 18 38 15
3 15 37 25
3 6 37 3
3 3 39 6
3 9 25 6
3 6 9 39
3 25 37 6
3 10 38 2
3 10 2 39
3 9 18 10
3 10 9 39
3 18 38 10
3 2 3 12
3 3 39 2
3 2 12 38
3 3 12 37
3 9 25 18
3 13 32 0
3 13 40 0
3 14 27 0
3 0 40 14
3 0 27 32
3 20 32 6
3 6 41 20
3 6 27 22
3 6 22 41
3 6 27 32
3 11 16 40
3 16 41 11
3 11 22 14
3 11 41 22
3 14 40 11
3 16 20 13
3 20 41 16
3 13 40 16
3 13 32 20
3 22 27 14
3 15 13 37
3 13 42 15
3 15 28 18
3 18 42 15
3 15 28 37
3 6 37 4
3 6 43 4
3 6 28 9
3 9 43 6
3 28 37 6
3 11 42 1
3 1 43 11
3 9 18 11
3 9 43 11
3 11 18 42
3 1 4 13
3 1 43 4
3 13 42 1
3 4 37 13
3 9 18 28
3 0 23 33
3 0 44 23
3 0 30 24
3 0 44 24
3 0 30 33
3 10 33 21
3 10 21 45
3 10 30 22
3 10 45 22
3 30 33 10
3 16 44 7
3 16 45 7
3 22 24 7
3 22 45 7
3 24 44 7
3 16 21 23
3 16 21 45
3 16 23 44
3 21 33 23
3 22 30 24
3 15 38 23
3 23 46 15
3 25 31 15
3 25 46 15
3 15 38 31
3 10 38 5
3 5 47 10
3 10 9 31
3 9 47 10
3 10 38 31
3 7 1 46
3 7 47 1
3 7 9 25
3 7 47 9
3 7 25 46
3 1 5 23
3 5 47 1
3 23 46 1
3 23 38 5
3 25 31 9
3 0 26 40
3 26 48 0
3 0 27 35
3 27 48 0
3 0 40 35
3 11 21 40
3 11 49 21
3 11 22 35
3 11 22 49
3 35 40 11
3 17 48 8
3 8 49 17
3 8 27 22
3 8 49 22
3 8 48 27
3 21 26 17
3 17 21 49
3 17 26 48
3 26 40 21
3 27 35 22
3 6 39 24
3 6 50 24
3 6 25 34
3 25 50 6
3 34 39 6
3 10 39 14
3 14 51 10
3 10 34 18
3 18 51 10
3 10 34 39
3 16 50 1
3 1 51 16
3 18 25 16
3 18 51 16
3 16 25 50
3 1 14 24
3 14 51 1
3 24 50 1
3 24 39 14
3 25 34 18
3 26 42 15
3 15 26 52
3 28 36 15
3 28 52 15
3 15 42 36
3 11 5 42
3 11 5 53
3 11 36 9
3 11 53 9
3 11 36 42
3 8 2 52
3 8 53 2
3 8 28 9
3 8 9 53
3 28 52 8
3 5 26 2
3 2 53 5
3 26 52 2
3 5 26 42
3 28 36 9
3 0 29 44
3 0 48 29
3 0 30 35
3 0 48 30
3 0 44 35
3 20 44 7
3 20 54 7
3 7 35 22
3 7 54 22
3 35 44 7
3 8 19 48
3 8 54 19
3 8 22 30
3 8 22 54
3 8 30 48
3 20 29 19
3 20 54 19
3 29 48 19
3 20 29 44
3 22 30 35
3 6 27 43
3 6 27 55
3 6 28 41
3 6 28 55
3 41 43 6
3 14 43 11
3 14 56 11
3 11 41 18
3 11 18 56
3 11 41 43
3 2 55 17
3 17 2 56
3 18 28 17
3 18 56 17
3 17 55 28
3 14 27 2
3 14 56 2
3 2 55 27
3 27 43 14
3 18 41 28
3 15 29 46
3 15 29 52
3 31 36 15
3 15 52 31
3 36 46 15
3 4 46 7
3 4 57 7
3 7 36 9
3 7 9 57
3 7 46 36
3 8 3 52
3 3 57 8
3 8 31 9
3 9 57 8
3 8 31 52
3 3 4 29
3 4 57 3
3 3 29 52
3 29 46 4
3 9 36 31
3 0 44 32
3 0 32 48
3 0 33 40
3 33 48 0
3 0 40 44
3 20 44 16
3 16 58 20
3 16 40 21
3 16 21 58
3 40 44 16
3 17 48 19
3 19 58 17
3 17 21 33
3 21 58 17
3 17 48 33
3 20 32 19
3 19 20 58
3 32 48 19
3 20 44 32
3 21 33 40
3 10 47 30
3 10 59 30
3 31 45 10
3 10 31 59
3 10 47 45
3 24 47 7
3 24 60 7
3 7 45 25
3 25 60 7
3 7 47 45
3 3 59 19
3 19 3 60
3 25 31 19
3 19 60 25
3 19 59 31
3 3 24 30
3 24 60 3
3 3 30 59
3 30 47 24
3 25 45 31
3 6 50 32
3 32 55 6
3 6 34 41
3 6 55 34
3 6 50 41
3 13 50 16
3 13 61 16
3 18 41 16
3 18 61 16
3 41 50 16
3 17 12 55
3 12 61 17
3 17 34 18
3 17 61 18
3 34 55 17
3 12 13 32
3 13 61 12
3 32 55 12
3 13 50 32
3 18 41 34
3 15 46 37
3 37 52 15
3 15 38 42
3 15 38 52
3 42 46 15
3 4 46 1
3 4 62 1
3 1 42 5
3 5 62 1
3 1 46 42
3 2 52 3
3 2 3 62
3 2 5 38
3 2 5 62
3 2 52 38
3 4 37 3
3 3 62 4
3 3 37 52
3 4 46 37
3 38 42 5
3 33 51 10
3 33 59 10
3 10 34 45
3 10 59 34
3 45 51 10
3 16 23 51
3 16 63 23
3 16 25 45
3 16 25 63
3 16 51 45
3 19 12 59
3 19 12 63
3 25 34 19
3 19 25 63
3 19 34 59
3 12 33 23
3 12 63 23
3 12 33 59
3 23 51 33
3 34 45 25
3 35 53 11
3 11 64 35
3 11 49 36
3 11 64 36
3 49 53 11
3 8 27 53
3 8 27 65
3 8 28 49
3 28 65 8
3 49 53 8
3 20 4 64
3 20 4 65
3 28 36 20
3 28 65 20
3 20 36 64
3 27 35 4
3 4 65 27
3 35 64 4
3 27 35 53
3 36 49 28
3 37 50 6
3 37 55 6
3 39 43 6
3 6 55 39
3 6 43 50
3 13 50 1
3 13 66 1
3 14 43 1
3 1 14 66
3 1 50 43
3 2 55 12
3 12 66 2
3 2 14 39
3 2 14 66
3 2 39 55
3 13 37 12
3 12 66 13
3 12 55 37
3 13 50 37
3 39 43 14
3 38 51 10
3 38 59 10
3 39 47 10
3 39 59 10
3 10 51 47
3 23 51 1
3 23 67 1
3 24 47 1
3 1 67 24
3 47 51 1
3 3 59 12
3 12 67 3
3 24 39 3
3 3 67 24
3 39 59 3
3 12 23 38
3 23 67 12
3 38 59 12
3 38 51 23
3 24 47 39
3 11 56 40
3 11 40 64
3 41 49 11
3 11 64 41
3 11 56 49
3 17 26 56
3 26 68 17
3 17 49 28
3 17 28 68
3 17 49 56
3 13 64 20
3 20 68 13
3 28 41 20
3 28 68 20
3 20 64 41
3 13 26 40
3 26 68 13
3 13 64 40
3 26 40 56
3 28 49 41
3 35 57 7
3 35 69 7
3 7 54 36
3 7 69 36
3 7 54 57
3 30 57 8
3 8 30 70
3 8 54 31
3 8 70 31
3 54 57 8
3 5 69 21
3 21 70 5
3 31 36 21
3 31 70 21
3 21 69 36
3 5 35 30
3 5 70 30
3 5 69 35
3 30 35 57
3 31 36 54
3 11 56 42
3 11 42 64
3 43 53 11
3 11 64 43
3 53 56 11
3 2 26 56
3 26 71 2
3 27 53 2
3 2 27 71
3 2 53 56
3 13 64 4
3 4 71 13
3 27 43 4
3 4 71 27
3 43 64 4
3 13 26 42
3 26 71 13
3 13 42 64
3 26 42 56
3 27 53 43
3 7 44 60
3 44 69 7
3 7 45 54
3 7 69 45
3 54 60 7
3 29 60 19
3 19 72 29
3 19 54 31
3 19 72 31
3 19 54 60
3 21 23 69
3 21 23 72
3 21 45 31
3 21 72 31
3 21 69 45
3 29 44 23
3 23 72 29
3 44 69 23
3 29 60 44
3 31 54 45
3 40 61 16
3 16 40 73
3 41 58 16
3 16 41 73
3 58 61 16
3 17 61 33
3 17 33 74
3 34 58 17
3 34 74 17
3 58 61 17
3 22 14 73
3 14 74 22
3 22 34 41
3 34 74 22
3 41 73 22
3 14 33 40
3 14 33 74
3 14 40 73
3 33 40 61
3 41 58 34
3 46 60 7
3 7 69 46
3 7 57 47
3 7 69 47
3 57 60 7
3 3 29 60
3 3 29 75
3 3 30 57
3 30 75 3
3 57 60 3
3 23 69 5
3 5 75 23
3 5 47 30
3 30 75 5
3 5 47 69
3 23 46 29
3 23 75 29
3 23 69 46
3 46 60 29
3 47 57 30
3 16 44 63
3 16 73 44
3 16 58 45
3 16 45 73
3 58 63 16
3 32 63 19
3 19 32 76
3 19 58 34
3 19 34 76
3 58 63 19
3 22 24 73
3 24 76 22
3 34 45 22
3 22 76 34
3 22 45 73
3 32 44 24
3 24 32 76
3 24 73 44
3 32 44 63
3 34 58 45
3 48 65 8
3 8 70 48
3 8 49 54
3 8 49 70
3 8 54 65
3 20 65 29
3 20 29 77
3 20 54 36
3 20 36 77
3 54 65 20
3 21 26 70
3 26 77 21
3 21 49 36
3 21 77 36
3 21 49 70
3 26 48 29
3 26 77 29
3 48 70 26
3 48 65 29
3 36 54 49
3 1 42 66
3 42 78 1
3 43 62 1
3 43 78 1
3 1 66 62
3 2 66 38
3 38 79 2
3 2 62 39
3 2 79 39
3 62 66 2
3 9 78 18
3 9 79 18
3 9 39 43
3 39 79 9
3 9 43 78
3 18 42 38
3 18 79 38
3 18 78 42
3 38 42 66
3 39 62 43
3 16 50 63
3 16 73 50
3 51 61 16
3 16 73 51
3 16 63 61
3 12 32 63
3 12 80 32
3 12 61 33
3 12 80 33
3 61 63 12
3 14 24 73
3 14 80 24
3 14 51 33
3 14 80 33
3 14 73 51
3 24 50 32
3 32 80 24
3 24 50 73
3 32 50 63
3 33 51 61
3 8 65 52
3 52 70 8
3 8 53 57
3 8 53 70
3 57 65 8
3 29 65 4
3 4 29 81
3 4 35 57
3 4 81 35
3 57 65 4
3 5 70 26
3 5 26 81
3 5 35 53
3 35 81 5
3 53 70 5
3 29 52 26
3 29 81 26
3 26 70 52
3 29 52 65
3 53 57 35
3 46 67 1
3 1 78 46
3 47 62 1
3 47 78 1
3 62 67 1
3 3 67 37
3 3 37 82
3 39 62 3
3 39 82 3
3 62 67 3
3 25 78 9
3 9 25 82
3 39 47 9
3 39 82 9
3 9 78 47
3 25 37 46
3 25 82 37
3 25 78 46
3 46 67 37
3 47 62 39
3 17 68 48
3 17 74 48
3 17 49 58
3 49 74 17
3 17 58 68
3 20 68 32
3 20 32 83
3 20 58 41
3 20 41 83
3 58 68 20
3 22 27 74
3 27 83 22
3 41 49 22
3 22 41 83
3 22 74 49
3 27 48 32
3 27 32 83
3 48 74 27
3 32 48 68
3 41 49 58
3 50 67 1
3 50 78 1
3 51 66 1
3 1 51 78
3 66 67 1
3 37 67 12
3 12 84 37
3 12 38 66
3 38 84 12
3 66 67 12
3 18 78 25
3 25 84 18
3 18 38 51
3 18 38 84
3 51 78 18
3 25 50 37
3 25 37 84
3 50 78 25
3 37 50 67
3 51 66 38
3 17 55 68
3 55 74 17
3 56 61 17
3 56 74 17
3 17 68 61
3 13 68 32
3 13 32 85
3 13 40 61
3 40 85 13
3 13 61 68
3 14 27 74
3 14 85 27
3 14 56 40
3 14 40 85
3 56 74 14
3 27 55 32
3 27 32 85
3 55 74 27
3 32 68 55
3 40 61 56
3 52 71 2
3 2 52 79
3 53 62 2
3 53 79 2
3 62 71 2
3 4 37 71
3 37 86 4
3 4 43 62
3 43 86 4
3 4 62 71
3 28 79 9
3 9 28 86
3 43 53 9
3 9 43 86
3 9 53 79
3 28 52 37
3 28 86 37
3 52 79 28
3 52 71 37
3 43 53 62
3 19 48 72
3 48 76 19
3 19 58 54
3 19 76 54
3 58 72 19
3 21 72 33
3 33 87 21
3 45 58 21
3 45 87 21
3 21 58 72
3 22 30 76
3 22 87 30
3 45 54 22
3 22 87 45
3 22 76 54
3 33 48 30
3 33 87 30
3 30 76 48
3 33 48 72
3 45 58 54
3 2 71 55
3 2 79 55
3 2 56 66
3 2 79 56
3 2 71 66
3 13 71 37
3 37 88 13
3 42 66 13
3 42 88 13
3 13 66 71
3 28 79 18
3 18 88 28
3 42 56 18
3 42 88 18
3 18 79 56
3 28 55 37
3 28 88 37
3 55 79 28
3 55 71 37
3 42 56 66
3 19 72 59
3 19 59 76
3 19 63 60
3 60 76 19
3 19 72 63
3 23 33 72
3 23 89 33
3 23 44 63
3 23 44 89
3 23 63 72
3 30 76 24
3 30 89 24
3 24 60 44
3 24 89 44
3 60 76 24
3 30 33 59
3 30 89 33
3 30 76 59
3 33 59 72
3 44 60 63
3 52 75 3
3 3 52 82
3 3 62 57
3 3 82 57
3 3 62 75
3 5 75 38
3 38 90 5
3 47 62 5
3 47 90 5
3 5 75 62
3 9 31 82
3 9 90 31
3 9 57 47
3 47 90 9
3 9 57 82
3 31 38 52
3 38 90 31
3 52 82 31
3 38 75 52
3 47 62 57
3 20 77 44
3 44 83 20
3 20 54 58
3 20 54 83
3 20 77 58
3 21 40 77
3 40 87 21
3 21 49 58
3 49 87 21
3 58 77 21
3 35 83 22
3 22 87 35
3 49 54 22
3 22 49 87
3 54 83 22
3 35 40 44
3 35 87 40
3 44 83 35
3 44 77 40
3 49 54 58
3 3 59 75
3 59 82 3
3 3 67 60
3 60 82 3
3 67 75 3
3 23 38 75
3 23 38 91
3 23 67 46
3 23 91 46
3 23 67 75
3 31 82 25
3 25 31 91
3 25 60 46
3 25 46 91
3 60 82 25
3 31 59 38
3 31 91 38
3 31 59 82
3 38 59 75
3 60 67 46
3 20 64 77
3 20 83 64
3 65 68 20
3 20 83 65
3 20 68 77
3 40 77 26
3 26 40 92
3 26 48 68
3 48 92 26
3 68 77 26
3 27 83 35
3 35 92 27
3 27 48 65
3 48 92 27
3 65 83 27
3 40 64 35
3 35 92 40
3 35 64 83
3 40 77 64
3 48 65 68
3 12 80 55
3 55 84 12
3 61 66 12
3 12 61 84
3 12 66 80
3 14 80 39
3 14 93 39
3 14 51 66
3 14 51 93
3 14 66 80
3 34 84 18
3 18 93 34
3 18 61 51
3 18 93 51
3 61 84 18
3 34 39 55
3 39 93 34
3 34 55 84
3 39 55 80
3 61 66 51
3 46 81 4
3 46 86 4
3 4 62 57
3 4 57 86
3 4 62 81
3 42 81 5
3 42 90 5
3 5 62 53
3 5 53 90
3 5 62 81
3 9 86 36
3 36 90 9
3 9 53 57
3 9 53 90
3 57 86 9
3 42 46 36
3 42 90 36
3 36 86 46
3 42 46 81
3 53 62 57
3 12 80 59
3 12 59 84
3 63 67 12
3 12 84 63
3 67 80 12
3 24 80 39
3 24 39 94
3 50 67 24
3 24 50 94
3 67 80 24
3 25 34 84
3 25 94 34
3 50 63 25
3 25 94 50
3 25 84 63
3 34 59 39
3 34 94 39
3 59 84 34
3 39 59 80
3 63 67 50
3 64 81 4
3 4 86 64
3 4 71 65
3 4 65 86
3 4 81 71
3 42 81 26
3 26 42 95
3 26 71 52
3 26 95 52
3 26 71 81
3 28 86 36
3 28 36 95
3 28 52 65
3 28 52 95
3 28 65 86
3 36 42 64
3 42 95 36
3 64 86 36
3 42 64 81
3 52 71 65
3 69 77 21
3 21 69 87
3 21 70 72
3 21 70 87
3 21 72 77
3 44 77 29
3 29 96 44
3 29 48 72
3 29 96 48
3 72 77 29
3 35 87 30
3 30 96 35
3 48 70 30
3 30 48 96
3 70 87 30
3 44 69 35
3 35 44 96
3 35 87 69
3 44 77 69
3 48 70 72
3 13 85 50
3 13 88 50
3 13 61 66
3 61 88 13
3 66 85 13
3 43 85 14
3 43 93 14
3 14 66 56
3 56 93 14
3 66 85 14
3 41 88 18
3 18 93 41
3 18 56 61
3 56 93 18
3 18 88 61
3 41 43 50
3 41 93 43
3 50 88 41
3 50 85 43
3 61 66 56
3 13 85 64
3 13 64 88
3 13 68 71
3 68 88 13
3 13 85 71
3 27 85 43
3 43 97 27
3 27 71 55
3 27 97 55
3 27 71 85
3 41 88 28
3 28 97 41
3 28 68 55
3 55 97 28
3 68 88 28
3 43 64 41
3 41 97 43
3 41 88 64
3 43 85 64
3 55 68 71
3 5 69 81
3 5 90 69
3 5 75 70
3 5 70 90
3 75 81 5
3 29 81 46
3 46 98 29
3 29 52 75
3 52 98 29
3 75 81 29
3 31 90 36
3 31 36 98
3 31 52 70
3 31 98 52
3 31 70 90
3 36 46 69
3 36 46 98
3 69 90 36
3 46 69 81
3 70 75 52
3 22 83 73
3 73 87 22
3 74 76 22
3 22 74 87
3 22 83 76
3 32 44 83
3 44 99 32
3 32 76 48
3 32 99 48
3 32 83 76
3 33 87 40
3 40 99 33
3 33 48 74
3 48 99 33
3 74 87 33
3 44 73 40
3 44 99 40
3 40 87 73
3 44 73 83
3 74 76 48
3 23 51 89
3 23 51 91
3 63 67 23
3 63 91 23
3 67 89 23
3 24 47 89
3 24 94 47
3 24 67 60
3 24 94 60
3 24 67 89
3 25 45 91
3 45 94 25
3 25 63 60
3 60 94 25
3 25 63 91
3 45 51 47
3 45 94 47
3 45 51 91
3 51 89 47
3 60 63 67
3 23 89 69
3 23 69 91
3 23 75 72
3 72 91 23
3 75 89 23
3 30 89 47
3 47 100 30
3 30 75 59
3 30 100 59
3 75 89 30
3 45 91 31
3 31 45 100
3 59 72 31
3 31 100 59
3 72 91 31
3 45 47 69
3 47 100 45
3 69 91 45
3 69 89 47
3 59 75 72
3 14 85 73
3 14 73 93
3 14 80 74
3 14 93 74
3 80 85 14
3 50 85 32
3 32 50 101
3 32 80 55
3 55 101 32
3 80 85 32
3 34 41 93
3 34 101 41
3 34 55 74
3 55 101 34
3 34 74 93
3 41 73 50
3 41 101 50
3 41 93 73
3 50 85 73
3 55 74 80
3 9 78 86
3 9 78 90
3 79 82 9
3 9 79 90
3 82 86 9
3 37 86 46
3 46 102 37
3 37 82 52
3 37 52 102
3 37 82 86
3 42 90 38
3 42 102 38
3 38 79 52
3 52 102 38
3 38 79 90
3 42 46 78
3 42 46 102
3 42 78 90
3 46 78 86
3 79 82 52
3 56 92 26
3 26 56 95
3 26 68 71
3 26 68 95
3 26 71 92
3 53 92 27
3 27 53 97
3 27 65 71
3 65 97 27
3 27 92 71
3 49 95 28
3 49 97 28
3 28 68 65
3 28 97 65
3 68 95 28
3 49 56 53
3 49 97 53
3 49 56 95
3 53 56 92
3 65 71 68
3 73 89 24
3 73 94 24
3 24 80 76
3 24 76 94
3 80 89 24
3 33 51 89
3 51 103 33
3 59 80 33
3 33 103 59
3 33 89 80
3 34 45 94
3 34 103 45
3 34 76 59
3 34 59 103
3 34 76 94
3 45 73 51
3 45 103 51
3 45 73 94
3 51 73 89
3 76 80 59
3 26 70 92
3 26 70 95
3 77 81 26
3 26 95 77
3 26 92 81
3 35 92 53
3 35 104 53
3 35 64 81
3 35 64 104
3 81 92 35
3 36 95 49
3 36 104 49
3 36 64 77
3 64 104 36
3 77 95 36
3 49 53 70
3 49 53 104
3 49 70 95
3 70 92 53
3 64 81 77
3 78 88 18
3 18 78 93
3 18 84 79
3 18 79 93
3 18 88 84
3 37 88 50
3 37 50 105
3 37 55 84
3 37 105 55
3 37 88 84
3 39 43 93
3 39 43 105
3 55 79 39
3 55 105 39
3 79 93 39
3 50 78 43
3 50 105 43
3 43 93 78
3 78 88 50
3 55 84 79
3 60 96 29
3 60 98 29
3 72 75 29
3 72 98 29
3 75 96 29
3 57 96 30
3 30 100 57
3 30 75 70
3 70 100 30
3 75 96 30
3 31 54 98
3 54 100 31
3 31 72 70
3 31 100 70
3 31 98 72
3 54 57 60
3 57 100 54
3 60 98 54
3 57 96 60
3 70 72 75
3 78 91 25
3 25 78 94
3 82 84 25
3 25 94 82
3 84 91 25
3 51 91 38
3 38 51 106
3 38 84 59
3 38 59 106
3 38 91 84
3 47 94 39
3 47 106 39
3 59 82 39
3 39 59 106
3 39 82 94
3 47 51 78
3 47 51 106
3 47 94 78
3 78 91 51
3 82 84 59
3 27 92 74
3 27 74 97
3 83 85 27
3 83 97 27
3 27 85 92
3 40 56 92
3 56 107 40
3 40 85 64
3 40 64 107
3 40 92 85
3 41 97 49
3 41 107 49
3 41 83 64
3 41 107 64
3 83 97 41
3 56 74 49
3 56 107 49
3 49 74 97
3 56 74 92
3 64 85 83
3 29 65 96
3 65 98 29
3 29 77 81
3 77 98 29
3 29 81 96
3 35 57 96
3 57 104 35
3 35 69 81
3 35 104 69
3 81 96 35
3 36 98 54
3 36 54 104
3 36 77 69
3 36 69 104
3 36 98 77
3 54 57 65
3 54 57 104
3 65 98 54
3 57 96 65
3 69 77 81
3 63 99 32
3 32 63 101
3 76 80 32
3 32 101 76
3 32 80 99
3 33 99 61
3 33 61 103
3 33 74 80
3 74 103 33
3 33 80 99
3 58 101 34
3 34 103 58
3 74 76 34
3 74 103 34
3 34 101 76
3 58 63 61
3 58 103 61
3 58 101 63
3 61 63 99
3 74 76 80
3 79 95 28
3 79 97 28
3 28 86 88
3 28 97 86
3 28 95 88
3 56 95 42
3 42 108 56
3 42 88 64
3 42 64 108
3 42 88 95
3 43 53 97
3 53 108 43
3 64 86 43
3 43 64 108
3 43 97 86
3 56 79 53
3 53 108 56
3 53 97 79
3 56 95 79
3 86 88 64
3 30 76 96
3 30 76 100
3 87 89 30
3 30 100 87
3 30 89 96
3 60 96 44
3 60 109 44
3 44 69 89
3 44 69 109
3 44 89 96
3 54 100 45
3 54 109 45
3 69 87 45
3 69 109 45
3 45 100 87
3 60 76 54
3 54 60 109
3 76 100 54
3 76 96 60
3 69 87 89
3 32 68 99
3 32 101 68
3 32 85 83
3 32 101 83
3 85 99 32
3 40 61 99
3 40 107 61
3 73 85 40
3 73 107 40
3 85 99 40
3 58 101 41
3 41 58 107
3 73 83 41
3 41 73 107
3 41 101 83
3 58 61 68
3 58 107 61
3 58 101 68
3 61 68 99
3 83 85 73
3 67 102 37
3 37 105 67
3 37 84 82
3 37 82 105
3 37 102 84
3 38 102 66
3 66 106 38
3 79 84 38
3 79 106 38
3 38 102 84
3 39 105 62
3 62 106 39
3 39 79 82
3 79 106 39
3 39 105 82
3 62 66 67
3 66 106 62
3 62 105 67
3 66 102 67
3 79 84 82
3 31 98 82
3 82 100 31
3 31 91 90
3 31 100 90
3 91 98 31
3 46 60 98
3 46 110 60
3 46 69 91
3 46 69 110
3 91 98 46
3 47 57 100
3 47 110 57
3 47 90 69
3 47 69 110
3 47 100 90
3 57 82 60
3 57 60 110
3 57 82 100
3 82 98 60
3 90 91 69
3 72 99 33
3 33 72 103
3 87 89 33
3 87 103 33
3 33 89 99
3 44 63 99
3 63 109 44
3 73 89 44
3 73 109 44
3 89 99 44
3 58 103 45
3 45 58 109
3 73 87 45
3 73 109 45
3 87 103 45
3 58 72 63
3 58 109 63
3 58 103 72
3 72 99 63
3 73 87 89
3 35 96 83
3 35 104 83
3 35 92 87
3 35 104 87
3 92 96 35
3 48 96 65
3 48 111 65
3 48 92 70
3 70 111 48
3 92 96 48
3 54 104 49
3 49 111 54
3 49 87 70
3 70 111 49
3 87 104 49
3 54 83 65
3 65 111 54
3 54 104 83
3 65 96 83
3 87 92 70
3 37 102 71
3 37 71 105
3 37 86 88
3 37 105 86
3 88 102 37
3 66 102 42
3 66 108 42
3 42 78 88
3 78 108 42
3 42 102 88
3 43 105 62
3 43 108 62
3 78 86 43
3 43 108 78
3 43 86 105
3 62 71 66
3 62 108 66
3 62 71 105
3 66 102 71
3 78 86 88
3 34 84 101
3 84 103 34
3 34 94 93
3 34 103 93
3 94 101 34
3 63 101 50
3 50 63 112
3 50 73 94
3 50 112 73
3 94 101 50
3 51 103 61
3 51 61 112
3 51 93 73
3 51 112 73
3 51 93 103
3 63 84 61
3 61 112 63
3 61 84 103
3 63 101 84
3 73 93 94
3 36 86 98
3 86 104 36
3 36 95 90
3 90 104 36
3 36 98 95
3 52 65 98
3 52 113 65
3 52 95 70
3 70 113 52
3 52 95 98
3 57 104 53
3 57 113 53
3 70 90 53
3 70 113 53
3 90 104 53
3 57 65 86
3 65 113 57
3 57 104 86
3 65 86 98
3 70 90 95
3 75 102 38
3 38 106 75
3 90 91 38
3 90 106 38
3 91 102 38
3 67 102 46
3 67 110 46
3 46 91 78
3 46 110 78
3 46 91 102
3 47 106 62
3 62 110 47
3 47 90 78
3 47 110 78
3 47 90 106
3 62 75 67
3 67 110 62
3 75 106 62
3 67 102 75
3 90 91 78
3 77 99 40
3 40 107 77
3 40 87 92
3 87 107 40
3 40 92 99
3 68 99 48
3 68 111 48
3 48 74 92
3 48 111 74
3 48 99 92
3 49 107 58
3 49 111 58
3 74 87 49
3 74 111 49
3 49 107 87
3 58 68 77
3 68 111 58
3 77 107 58
3 68 99 77
3 74 87 92
3 80 105 39
3 80 106 39
3 39 94 93
3 93 106 39
3 39 94 105
3 67 105 50
3 50 112 67
3 50 94 78
3 78 112 50
3 50 105 94
3 51 106 66
3 66 112 51
3 51 78 93
3 78 112 51
3 51 106 93
3 66 80 67
3 67 112 66
3 80 106 66
3 80 105 67
3 78 93 94
3 41 101 88
3 41 107 88
3 93 97 41
3 41 93 107
3 41 97 101
3 55 68 101
3 55 114 68
3 55 74 97
3 55 114 74
3 55 97 101
3 61 107 56
3 56 61 114
3 56 74 93
3 56 74 114
3 56 107 93
3 61 88 68
3 61 114 68
3 61 107 88
3 68 101 88
3 74 93 97
3 81 102 42
3 42 108 81
3 42 90 95
3 42 90 108
3 95 102 42
3 52 102 71
3 52 113 71
3 52 79 95
3 52 79 113
3 52 102 95
3 53 108 62
3 62 113 53
3 79 90 53
3 79 113 53
3 53 108 90
3 62 81 71
3 62 71 113
3 81 108 62
3 71 102 81
3 90 95 79
3 77 99 44
3 44 109 77
3 44 83 96
3 44 83 109
3 44 99 96
3 48 99 72
3 72 111 48
3 48 96 76
3 48 111 76
3 48 99 96
3 58 109 54
3 54 111 58
3 76 83 54
3 54 111 76
3 54 109 83
3 72 77 58
3 72 111 58
3 58 77 109
3 72 77 99
3 76 83 96
3 85 105 43
3 85 108 43
3 43 93 97
3 43 108 93
3 97 105 43
3 55 105 71
3 55 114 71
3 55 79 97
3 79 114 55
3 55 97 105
3 66 108 56
3 56 114 66
3 56 93 79
3 56 114 79
3 56 93 108
3 66 71 85
3 66 114 71
3 85 108 66
3 71 105 85
3 93 97 79
3 91 103 45
3 91 109 45
3 94 100 45
3 94 109 45
3 100 103 45
3 59 72 103
3 72 115 59
3 59 100 76
3 59 76 115
3 59 100 103
3 60 109 63
3 60 63 115
3 76 94 60
3 76 115 60
3 94 109 60
3 72 91 63
3 63 72 115
3 91 109 63
3 72 91 103
3 94 100 76
3 81 102 46
3 81 110 46
3 86 98 46
3 46 86 110
3 46 98 102
3 52 75 102
3 75 113 52
3 52 98 82
3 82 113 52
3 52 98 102
3 57 62 110
3 57 62 113
3 57 82 86
3 57 82 113
3 57 110 86
3 62 81 75
3 75 113 62
3 81 110 62
3 75 81 102
3 82 86 98
3 47 106 89
3 47 110 89
3 47 100 94
3 94 110 47
3 47 106 100
3 75 106 59
3 59 115 75
3 59 100 82
3 82 115 59
3 59 106 100
3 67 110 60
3 67 115 60
3 60 94 82
3 60 115 82
3 60 110 94
3 75 89 67
3 67 75 115
3 67 89 110
3 75 89 106
3 82 94 100
3 95 107 49
3 49 95 111
3 49 97 104
3 49 111 97
3 49 104 107
3 64 77 107
3 77 116 64
3 83 104 64
3 64 116 83
3 104 107 64
3 68 111 65
3 65 116 68
3 65 97 83
3 65 116 83
3 65 111 97
3 68 95 77
3 77 116 68
3 68 95 111
3 77 95 107
3 83 97 104
3 85 105 50
3 85 112 50
3 50 101 88
3 88 112 50
3 101 105 50
3 55 105 80
3 55 114 80
3 84 101 55
3 55 84 114
3 101 105 55
3 66 112 61
3 66 114 61
3 61 84 88
3 84 114 61
3 88 112 61
3 80 85 66
3 66 80 114
3 66 85 112
3 85 105 80
3 84 88 101
3 89 106 51
3 89 112 51
3 51 103 91
3 51 91 112
3 51 106 103
3 80 106 59
3 59 115 80
3 84 103 59
3 59 84 115
3 103 106 59
3 63 112 67
3 67 115 63
3 63 91 84
3 63 115 84
3 91 112 63
3 80 89 67
3 67 115 80
3 67 112 89
3 89 106 80
3 91 103 84
3 92 108 53
3 92 113 53
3 53 97 104
3 97 113 53
3 53 104 108
3 81 108 64
3 64 81 116
3 64 104 86
3 64 116 86
3 104 108 64
3 65 113 71
3 65 116 71
3 65 97 86
3 65 86 116
3 97 113 65
3 81 92 71
3 71 81 116
3 71 92 113
3 92 108 81
3 86 104 97
3 54 98 109
3 54 111 98
3 54 100 104
3 100 111 54
3 54 104 109
3 77 109 69
3 69 117 77
3 69 104 87
3 69 87 117
3 104 109 69
3 70 111 72
3 70 72 117
3 87 100 70
3 70 87 117
3 100 111 70
3 72 98 77
3 72 77 117
3 72 111 98
3 77 109 98
3 87 100 104
3 92 108 56
3 92 114 56
3 95 107 56
3 56 95 114
3 107 108 56
3 64 85 108
3 64 85 116
3 64 88 107
3 64 88 116
3 64 107 108
3 68 71 114
3 71 116 68
3 88 95 68
3 88 116 68
3 68 114 95
3 85 92 71
3 71 116 85
3 92 114 71
3 92 108 85
3 95 107 88
3 57 110 96
3 96 113 57
3 100 104 57
3 57 113 100
3 57 110 104
3 69 81 110
3 81 117 69
3 90 104 69
3 69 90 117
3 69 104 110
3 70 75 113
3 70 117 75
3 70 100 90
3 70 90 117
3 70 100 113
3 81 96 75
3 75 117 81
3 75 96 113
3 81 96 110
3 90 104 100
3 101 109 58
3 58 111 101
3 58 107 103
3 58 103 111
3 107 109 58
3 73 109 83
3 73 83 118
3 73 87 107
3 87 118 73
3 107 109 73
3 76 111 74
3 76 118 74
3 74 87 103
3 74 87 118
3 103 111 74
3 76 83 101
3 76 118 83
3 101 111 76
3 83 109 101
3 87 107 103
3 60 110 96
3 96 115 60
3 60 98 109
3 98 115 60
3 60 109 110
3 69 110 89
3 89 117 69
3 69 109 91
3 69 117 91
3 69 110 109
3 72 115 75
3 72 117 75
3 91 98 72
3 72 117 91
3 98 115 72
3 89 96 75
3 75 89 117
3 75 96 115
3 89 96 110
3 91 109 98
3 99 112 61
3 99 114 61
3 61 107 103
3 61 103 114
3 61 107 112
3 85 112 73
3 85 118 73
3 73 93 107
3 73 93 118
3 107 112 73
3 74 80 114
3 74 118 80
3 74 93 103
3 93 118 74
3 74 114 103
3 80 99 85
3 85 118 80
3 99 114 80
3 85 99 112
3 93 103 107
3 62 105 110
3 62 105 113
3 106 108 62
3 106 113 62
3 108 110 62
3 78 86 110
3 86 119 78
3 90 108 78
3 78 90 119
3 78 110 108
3 82 113 79
3 82 119 79
3 90 106 79
3 79 119 90
3 106 113 79
3 82 86 105
3 86 119 82
3 105 113 82
3 86 110 105
3 106 108 90
3 63 99 112
3 63 99 115
3 63 101 109
3 101 115 63
3 109 112 63
3 73 112 89
3 89 118 73
3 73 109 94
3 73 118 94
3 73 112 109
3 76 80 115
3 76 80 118
3 94 101 76
3 94 118 76
3 76 101 115
3 80 99 89
3 89 118 80
3 80 99 115
3 89 112 99
3 94 101 109
3 65 113 96
3 65 96 116
3 65 111 98
3 98 116 65
3 65 113 111
3 70 92 113
3 92 117 70
3 95 111 70
3 70 117 95
3 70 111 113
3 77 116 81
3 81 117 77
3 77 98 95
3 77 117 95
3 98 116 77
3 81 96 92
3 81 92 117
3 81 116 96
3 92 113 96
3 95 111 98
3 102 112 66
3 66 102 114
3 66 106 108
3 66 106 114
3 66 112 108
3 88 112 78
3 78 119 88
3 93 108 78
3 78 93 119
3 78 108 112
3 79 114 84
3 84 119 79
3 79 106 93
3 93 119 79
3 106 114 79
3 84 88 102
3 84 119 88
3 84 114 102
3 102 112 88
3 106 108 93
3 102 112 67
3 67 115 102
3 67 110 105
3 67 105 115
3 67 110 112
3 78 91 112
3 91 119 78
3 78 110 94
3 78 119 94
3 78 112 110
3 82 84 115
3 82 84 119
3 82 105 94
3 82 119 94
3 82 105 115
3 91 102 84
3 84 91 119
3 84 115 102
3 91 102 112
3 105 110 94
3 99 114 68
3 68 116 99
3 101 111 68
3 68 101 116
3 68 111 114
3 92 114 74
3 92 118 74
3 97 111 74
3 74 118 97
3 111 114 74
3 83 85 116
3 83 85 118
3 97 101 83
3 97 118 83
3 101 116 83
3 85 99 92
3 85 92 118
3 99 116 85
3 92 99 114
3 97 101 111
3 102 114 71
3 102 116 71
3 71 105 113
3 105 116 71
3 71 113 114
3 79 114 95
3 79 95 119
3 79 97 113
3 97 119 79
3 113 114 79
3 86 88 116
3 86 119 88
3 97 105 86
3 97 119 86
3 86 116 105
3 88 102 95
3 88 119 95
3 88 116 102
3 95 114 102
3 105 113 97
3 72 99 115
3 99 117 72
3 72 103 111
3 103 117 72
3 72 115 111
3 96 115 76
3 96 118 76
3 76 111 100
3 76 100 118
3 111 115 76
3 89 117 87
3 87 89 118
3 100 103 87
3 87 100 118
3 87 117 103
3 96 99 89
3 96 118 89
3 99 117 89
3 96 99 115
3 100 111 103
3 102 115 75
3 102 117 75
3 75 113 106
3 75 117 106
3 75 113 115
3 82 115 98
3 82 119 98
3 100 113 82
3 82 119 100
3 82 115 113
3 90 117 91
3 90 91 119
3 90 100 106
3 90 119 100
3 106 117 90
3 98 102 91
3 98 119 91
3 91 102 117
3 98 115 102
3 106 113 100
3 99 116 77
3 77 99 117
3 107 109 77
3 77 117 107
3 109 116 77
3 83 116 96
3 96 118 83
3 83 104 109
3 83 104 118
3 109 116 83
3 92 117 87
3 87 92 118
3 87 104 107
3 104 118 87
3 107 117 87
3 92 96 99
3 92 118 96
3 99 117 92
3 96 116 99
3 107 109 104
3 80 115 105
3 105 118 80
3 80 106 114
3 106 118 80
3 80 114 115
3 101 115 84
3 101 119 84
3 84 103 114
3 103 119 84
3 84 114 115
3 93 118 94
3 94 119 93
3 103 106 93
3 93 119 103
3 106 118 93
3 101 105 94
3 94 101 119
3 94 105 118
3 105 115 101
3 106 114 103
3 81 116 102
3 81 117 102
3 81 110 108
3 81 108 117
3 110 116 81
3 98 116 86
3 86 98 119
3 104 110 86
3 86 119 104
3 110 116 86
3 95 117 90
3 95 119 90
3 90 104 108
3 104 119 90
3 90 117 108
3 95 102 98
3 98 119 95
3 95 102 117
3 102 116 98
3 108 110 104
3 85 116 105
3 85 105 118
3 85 112 108
3 85 118 108
3 85 112 116
3 88 101 116
3 88 119 101
3 107 112 88
3 88 107 119
3 88 116 112
3 93 97 118
3 93 97 119
3 107 108 93
3 93 119 107
3 108 118 93
3 97 105 101
3 101 119 97
3 97 118 105
3 101 116 105
3 107 108 112
3 89 117 106
3 89 106 118
3 110 112 89
3 110 118 89
3 89 117 112
3 103 117 91
3 91 119 103
3 109 112 91
3 109 119 91
3 91 112 117
3 94 118 100
3 100 119 94
3 94 110 109
3 94 119 109
3 94 118 110
3 100 106 103
3 100 103 119
3 100 106 118
3 103 106 117
3 110 112 109
3 108 117 92
3 92 118 108
3 92 113 114
3 92 113 118
3 114 117 92
3 95 117 107
3 95 119 107
3 111 114 95
3 95 119 111
3 95 117 114
3 104 118 97
3 104 119 97
3 97 113 111
3 97 111 119
3 97 118 113
3 104 108 107
3 107 119 104
3 104 108 118
3 107 108 117
3 113 114 111
3 110 116 96
3 110 118 96
3 113 115 96
3 113 118 96
3 96 115 116
3 98 116 109
3 109 119 98
3 111 115 98
3 98 119 111
3 115 116 98
3 100 104 118
3 100 119 104
3 111 113 100
3 100 111 119
3 100 113 118
3 104 109 110
3 109 119 104
3 104 110 118
3 110 116 109
3 113 115 111
3 99 116 112
3 112 117 99
3 99 115 114
3 114 117 99
3 115 116 99
3 101 116 109
3 109 119 101
3 111 115 101
3 101 119 111
3 101 116 115
3 103 117 107
3 107 119 103
3 111 114 103
3 111 119 103
3 114 117 103
3 107 109 112
3 109 119 107
3 107 117 112
3 109 116 112
3 111 114 115
3 102 116 112
3 112 117 102
3 102 115 114
3 114 117 102
3 102 115 116
3 105 110 116
3 105 118 110
3 105 115 113
3 113 118 105
3 105 116 115
3 108 117 106
3 106 118 108
3 106 114 113
3 106 118 113
3 106 114 117
3 108 110 112
3 108 118 110
3 108 112 117
3 112 116 110
3 114 115 113
4 1 47 30 0
4 0 4 57 30
4 1 4 57 47
4 16 15 38 51
4 13 66 38 15
4 16 51 66 13
4 6 34 45 7
4 6 20 58 34
4 20 7 45 58
4 15 16 41 28
4 21 15 28 49
4 16 41 49 21
4 11 10 39 43
4 10 39 62 5
4 11 43 62 5
4 1 0 32 50
4 23 63 32 0
4 1 23 63 50
4 0 26 42 1
4 0 14 56 26
4 14 56 42 1
4 10 11 36 31
4 10 22 54 31
4 22 54 36 11
4 7 46 37 6
4 24 6 37 67
4 7 24 67 46
4 6 27 35 7
4 9 53 27 6
4 9 7 35 53
4 16 44 29 15
4 15 25 60 29
4 25 60 44 16
4 11 10 33 40
4 18 10 33 61
4 11 18 61 40
4 15 36 49 17
4 15 19 54 36
4 19 17 49 54
4 6 8 53 43
4 6 3 62 43
4 8 3 62 53
4 2 56 40 0
4 0 40 61 12
4 2 12 61 56
4 0 2 39 24
4 5 47 24 0
4 2 39 47 5
4 17 55 37 15
4 15 26 71 37
4 26 71 55 17
4 10 34 41 11
4 21 10 34 58
4 11 21 58 41
4 8 31 25 6
4 22 45 25 6
4 22 8 31 45
4 0 29 52 2
4 0 27 65 29
4 27 65 52 2
4 10 11 42 38
4 10 38 66 14
4 14 66 42 11
4 15 23 33 17
4 18 15 23 51
4 18 51 33 17
4 11 35 30 10
4 9 10 30 57
4 11 9 57 35
4 8 48 32 6
4 28 68 32 6
4 28 68 48 8
4 2 0 35 53
4 3 57 35 0
4 2 53 57 3
4 15 19 60 46
4 15 46 67 12
4 12 19 60 67
4 10 8 54 45
4 17 58 45 10
4 17 8 54 58
4 19 15 18 34
4 15 18 41 20
4 20 41 34 19
4 7 6 39 47
4 4 6 39 62
4 7 4 62 47
4 3 59 33 0
4 0 29 72 33
4 3 29 72 59
4 0 3 37 13
4 0 24 50 13
4 24 3 37 50
4 6 7 36 28
4 6 28 49 22
4 7 22 49 36
4 10 38 52 8
4 30 10 38 75
4 30 75 52 8
4 10 14 27 8
4 9 10 14 43
4 9 43 27 8
4 26 15 19 48
4 26 70 31 15
4 31 70 48 19
4 7 6 32 44
4 25 6 32 63
4 7 44 63 25
4 8 6 41 49
4 6 41 58 19
4 8 49 58 19
4 0 3 60 44
4 0 44 63 12
4 3 12 63 60
4 17 61 51 10
4 10 51 66 2
4 2 66 61 17
4 5 38 12 0
4 0 5 42 13
4 12 38 42 13
4 19 59 39 6
4 32 80 39 6
4 19 59 80 32
4 16 45 31 15
4 15 31 54 20
4 16 20 54 45
4 9 28 17 10
4 9 36 21 10
4 21 17 28 36
4 27 0 12 55
4 33 0 27 74
4 33 12 55 74
4 16 15 37 50
4 23 67 37 15
4 16 23 67 50
4 6 19 29 4
4 6 25 46 4
4 19 25 46 29
4 16 15 26 40
4 15 18 56 26
4 18 56 40 16
4 10 30 48 17
4 30 76 34 10
4 34 17 48 76
4 7 11 53 57
4 11 53 62 1
4 7 1 62 57
4 0 4 65 48
4 13 68 48 0
4 4 65 68 13
4 3 0 14 39
4 0 4 43 14
4 3 39 43 4
4 15 20 64 42
4 29 81 42 15
4 29 81 64 20
4 11 18 25 7
4 11 22 34 18
4 7 22 34 25
4 0 23 46 4
4 0 35 69 23
4 4 46 69 35
4 8 6 37 52
4 27 71 37 6
4 27 8 52 71
4 12 15 20 32
4 15 28 55 12
4 28 55 32 20
4 8 30 24 6
4 6 24 47 9
4 9 47 30 8
4 11 40 44 7
4 36 77 40 11
4 36 77 44 7
4 15 17 56 42
4 15 12 66 42
4 17 12 66 56
4 10 47 57 8
4 2 62 47 10
4 8 2 62 57
4 19 6 50 63
4 3 67 50 6
4 3 67 63 19
4 3 6 22 30
4 6 4 35 22
4 3 4 35 30
4 0 1 51 33
4 0 33 61 13
4 13 61 51 1
4 15 31 59 12
4 15 31 82 37
4 37 82 59 12
4 15 20 44 23
4 23 12 32 44
4 1 43 27 0
4 5 53 27 0
4 5 1 43 53
4 10 34 55 2
4 38 10 34 84
4 2 55 84 38
4 2 26 21 10
4 14 40 21 10
4 2 26 40 14
4 6 3 52 28
4 6 28 79 39
4 3 52 79 39
4 0 1 46 29
4 24 60 29 0
4 1 46 60 24
4 7 11 49 54
4 16 58 49 11
4 16 58 54 7
4 20 68 55 6
4 4 6 55 71
4 20 4 71 68
4 9 31 19 6
4 6 20 36 9
4 20 19 31 36
4 0 13 64 35
4 32 0 35 83
4 13 32 83 64
4 3 52 26 0
4 26 13 37 52
4 15 17 34 25
4 21 45 25 15
4 21 45 34 17
4 16 11 43 50
4 40 85 43 11
4 16 50 85 40
4 11 5 23 16
4 18 11 5 38
4 16 23 38 18
4 6 24 44 20
4 24 73 41 6
4 41 73 44 20
4 15 29 48 17
4 15 28 65 29
4 28 17 48 65
4 15 21 70 52
4 15 52 75 23
4 23 21 70 75
4 5 69 44 0
4 0 26 77 44
4 5 69 77 26
4 30 0 12 59
4 5 38 59 30
4 10 8 28 18
4 18 41 22 10
4 8 22 41 28
4 11 7 46 42
4 11 35 81 42
4 35 81 46 7
4 7 24 14 11
4 9 11 14 39
4 9 39 24 7
4 15 21 40 13
4 13 64 36 15
4 36 21 40 64
4 8 48 33 10
4 31 72 33 10
4 8 31 72 48
4 15 52 65 20
4 15 52 71 13
4 20 13 71 65
4 16 11 56 61
4 1 66 56 11
4 16 61 66 1
4 12 15 21 33
4 12 33 40 13
4 4 6 41 64
4 6 37 88 41
4 37 88 64 4
4 1 24 22 11
4 11 22 30 5
4 5 1 24 30
4 15 13 50 25
4 42 15 25 78
4 13 50 78 42
4 0 32 55 2
4 26 68 32 0
4 2 55 68 26
4 27 6 19 48
4 4 29 48 27
4 0 23 38 2
4 0 23 51 14
4 14 51 38 2
4 11 1 46 36
4 36 86 43 11
4 43 86 46 1
4 5 0 48 70
4 23 0 48 72
4 5 23 72 70
4 7 60 63 16
4 7 1 67 60
4 16 1 67 63
4 12 0 4 37
4 23 12 37 46
4 21 10 47 69
4 10 33 89 47
4 33 89 69 21
4 18 9 7 16
4 9 28 20 7
4 16 20 28 18
4 14 73 44 0
4 23 44 73 51
4 15 19 59 38
4 29 75 38 15
4 19 59 75 29
4 10 2 52 31
4 31 52 26 21
4 13 32 19 15
4 25 50 32 19
4 7 35 40 16
4 35 87 45 7
4 40 87 45 16
4 0 48 74 14
4 24 76 48 0
4 24 76 74 14
4 22 73 50 6
4 27 85 50 6
4 22 27 85 73
4 16 11 9 25
4 11 9 31 21
4 16 21 31 25
4 4 0 40 64
4 14 40 64 43
4 10 17 55 39
4 33 10 39 80
4 33 17 55 80
4 6 34 59 3
4 22 34 59 30
4 17 10 5 26
4 10 5 42 18
4 17 26 42 18
4 11 16 44 35
4 35 83 41 11
4 41 83 44 16
4 10 59 72 21
4 10 59 75 5
4 21 72 75 5
4 2 10 22 27
4 10 5 35 22
4 5 2 27 35
4 23 69 36 15
4 38 15 36 90
4 38 23 69 90
4 29 48 33 23
4 1 7 45 51
4 46 7 45 91
4 46 1 51 91
4 1 13 20 7
4 7 20 32 24
4 24 1 13 32
4 18 78 47 10
4 42 5 47 78
4 30 0 26 70
4 30 3 52 70
4 10 22 76 59
4 10 59 80 14
4 22 76 80 14
4 0 24 73 40
4 0 40 87 30
4 24 73 87 30
4 24 39 55 32
4 16 51 47 7
4 44 89 47 7
4 16 44 89 51
4 7 16 13 4
4 4 37 25 7
4 16 25 37 13
4 5 69 45 10
4 22 45 69 35
4 27 74 34 6
4 34 74 48 19
4 21 11 64 77
4 11 5 81 64
4 21 77 81 5
4 40 87 70 26
4 29 46 42 26
4 8 53 56 17
4 8 53 92 48
4 17 56 92 48
4 3 12 17 8
4 3 37 28 8
4 17 28 37 12
4 14 33 21 11
4 11 49 74 14
4 33 21 49 74
4 20 36 69 44
4 9 79 55 6
4 6 25 84 55
4 9 79 84 25
4 15 18 78 46
4 28 86 46 15
4 28 86 78 18
4 18 38 59 34
4 11 41 50 1
4 42 11 41 88
4 1 50 88 42
4 1 23 21 11
4 14 33 23 1
4 6 43 64 20
4 43 64 36 9
4 31 82 39 10
4 2 52 82 39
4 6 22 74 55
4 24 80 55 6
4 22 24 80 74
4 6 3 29 20
4 24 44 29 3
4 14 73 45 10
4 10 45 94 39
4 39 94 73 14
4 16 1 5 21
4 16 13 26 21
4 5 26 13 1
4 9 78 50 6
4 24 47 78 50
4 30 76 32 0
4 32 76 59 12
4 33 48 27 14
4 1 16 41 43
4 41 93 51 16
4 1 51 93 43
4 15 46 69 21
4 26 81 46 15
4 26 81 69 21
4 8 65 68 17
4 8 65 71 2
4 17 68 71 2
4 13 26 48 32
4 11 49 70 5
4 42 95 49 11
4 5 42 95 70
4 2 8 22 14
4 3 24 22 8
4 2 3 24 14
4 18 15 52 79
4 52 79 56 26
4 29 77 40 0
4 29 77 64 4
4 23 5 35 44
4 27 55 37 4
4 8 2 38 31
4 8 31 90 53
4 2 38 90 53
4 25 82 52 15
4 18 25 82 79
4 10 9 78 51
4 10 51 91 31
4 9 31 91 78
4 7 1 14 22
4 7 22 27 4
4 4 1 14 27
4 45 25 46 69
4 37 6 34 84
4 3 37 84 59
4 39 55 28 9
4 1 42 36 7
4 36 90 47 7
4 1 42 90 47
4 27 0 44 83
4 14 27 83 73
4 11 22 74 56
4 35 11 56 92
4 22 74 92 35
4 9 18 17 8
4 19 8 9 25
4 18 25 19 17
4 27 48 70 53
4 32 85 43 6
4 32 85 64 20
4 22 24 50 41
4 28 52 29 20
4 17 8 30 33
4 8 49 87 30
4 17 49 87 33
4 19 72 70 8
4 3 8 70 75
4 3 19 72 75
4 29 23 38 52
4 7 20 65 57
4 7 57 96 44
4 44 96 65 20
4 48 76 60 29
4 13 42 36 20
4 21 33 59 31
4 19 8 27 32
4 27 83 54 8
4 32 83 54 19
4 9 82 59 10
4 18 10 59 84
4 18 84 82 9
4 25 78 43 6
4 6 34 93 43
4 25 78 93 34
4 31 25 37 52
4 16 1 47 45
4 16 50 94 45
4 47 94 50 1
4 4 20 16 1
4 16 23 29 20
4 1 23 29 4
4 22 73 51 10
4 51 73 41 18
4 38 15 28 79
4 12 38 79 55
4 22 83 64 11
4 14 11 64 85
4 14 22 83 85
4 27 43 93 74
4 32 44 35 27
4 17 49 53 2
4 49 97 55 17
4 53 97 55 2
4 2 17 19 3
4 17 19 29 26
4 2 3 29 26
4 11 56 79 9
4 14 56 79 39
4 40 73 50 13
4 20 77 69 7
4 7 4 81 69
4 4 81 77 20
4 29 65 86 46
4 26 29 44 40
4 3 60 54 8
4 8 54 98 52
4 3 52 98 60
4 12 3 30 33
4 7 25 82 57
4 37 82 57 4
4 5 35 64 42
4 11 64 86 9
4 18 88 64 11
4 9 18 88 86
4 36 28 79 90
4 41 28 37 50
4 8 2 56 49
4 8 49 95 52
4 2 56 95 52
4 8 19 12 2
4 12 2 27 32
4 21 70 53 11
4 9 53 70 31
4 43 4 46 78
4 22 87 69 7
4 7 69 89 24
4 22 87 89 24
4 30 76 83 35
4 30 33 51 47
4 19 8 57 60
4 48 8 57 96
4 48 96 60 19
4 19 31 38 12
4 4 65 54 7
4 27 22 54 65
4 21 40 73 45
4 20 16 73 83
4 13 85 73 16
4 20 13 85 83
4 44 77 68 32
4 27 32 50 43
4 19 17 61 63
4 17 48 99 61
4 19 63 99 48
4 2 39 34 17
4 3 19 34 39
4 16 23 72 58
4 29 72 58 20
4 22 35 64 41
4 28 6 50 88
4 28 88 78 9
4 18 79 53 11
4 41 97 53 11
4 18 41 97 79
4 2 5 21 17
4 17 12 23 21
4 2 12 23 5
4 28 49 74 55
4 37 15 36 86
4 13 37 86 64
4 25 46 42 18
4 17 34 93 56
4 39 93 56 2
4 30 89 51 10
4 30 22 73 89
4 30 48 26 5
4 24 76 54 7
4 47 7 54 100
4 24 47 100 76
4 20 4 3 19
4 12 19 20 13
4 12 3 4 13
4 30 57 82 59
4 0 33 87 35
4 33 23 69 87
4 14 24 44 40
4 34 94 60 19
4 3 60 94 39
4 19 17 74 76
4 17 74 80 12
4 12 19 76 80
4 32 48 30 24
4 16 58 68 13
4 16 58 101 50
4 13 50 101 68
4 32 63 84 55
4 13 40 35 4
4 33 59 39 14
4 17 61 88 28
4 37 88 61 12
4 15 31 90 42
4 31 25 78 90
4 7 9 82 60
4 7 60 98 36
4 9 36 98 82
4 52 65 54 31
4 10 38 91 45
4 5 38 91 69
4 9 47 51 18
4 28 86 57 8
4 3 57 86 37
4 21 16 63 72
4 40 99 63 16
4 40 99 72 21
4 33 61 68 48
4 5 21 45 47
4 22 27 55 34
4 17 58 77 26
4 29 19 58 77
4 35 27 74 87
4 22 83 65 8
4 8 30 96 65
4 30 96 83 22
4 44 60 57 35
4 40 11 53 92
4 40 92 70 21
4 14 22 49 56
4 21 23 46 36
4 32 76 54 20
4 2 79 82 3
4 2 79 84 12
4 12 3 82 84
4 25 34 55 37
4 1 66 71 4
4 1 46 102 66
4 4 71 102 46
4 52 37 67 75
4 20 41 43 4
4 39 59 31 9
4 2 26 81 62
4 3 29 81 62
4 7 9 90 69
4 7 69 91 25
4 9 25 91 90
4 31 82 94 45
4 31 36 42 38
4 19 54 57 3
4 19 59 100 54
4 3 59 100 57
4 7 22 76 60
4 25 60 76 34
4 46 78 51 23
4 16 73 87 21
4 23 89 73 16
4 23 21 87 89
4 51 33 72 91
4 30 35 40 33
4 19 58 61 12
4 19 59 103 58
4 59 12 61 103
4 16 18 84 63
4 38 84 63 23
4 44 24 47 69
4 8 22 87 70
4 27 92 70 8
4 22 27 92 87
4 53 35 83 97
4 20 54 57 4
4 54 104 64 20
4 57 104 64 4
4 8 65 86 9
4 27 43 86 65
4 48 74 56 26
4 4 1 78 86
4 1 78 88 13
4 13 88 86 4
4 50 85 71 37
4 28 36 46 37
4 2 62 67 12
4 2 62 105 55
4 55 105 67 12
4 1 24 80 66
4 13 32 80 66
4 18 42 64 41
4 16 73 93 18
4 16 25 94 73
4 25 18 93 94
4 34 41 88 84
4 39 47 45 34
4 17 12 63 58
4 17 58 101 55
4 55 12 63 101
4 20 68 61 16
4 28 18 61 68
4 14 51 78 43
4 9 8 70 90
4 8 70 95 28
4 28 95 90 9
4 31 36 86 82
4 49 36 42 56
4 7 54 98 46
4 4 65 98 46
4 25 9 57 60
4 5 53 79 38
4 5 90 78 1
4 1 23 91 78
4 5 23 91 90
4 42 38 75 81
4 31 38 51 45
4 2 3 67 66
4 52 2 66 102
4 3 52 102 67
4 1 62 71 13
4 5 62 71 26
4 47 69 36 9
4 21 17 74 87
4 26 92 74 17
4 21 26 92 87
4 40 77 72 33
4 35 40 56 53
4 44 16 61 99
4 20 68 99 44
4 23 63 58 21
4 22 49 70 30
4 34 10 47 94
4 18 34 94 78
4 16 25 84 61
4 45 103 61 16
4 25 84 103 45
4 34 58 72 59
4 6 41 93 39
4 39 93 73 24
4 9 25 50 43
4 19 63 91 31
4 12 38 91 63
4 11 56 95 36
4 9 36 95 79
4 8 57 104 49
4 28 49 104 86
4 36 54 83 64
4 26 70 90 42
4 28 18 38 52
4 20 41 97 65
4 43 97 65 4
4 23 75 62 1
4 1 51 106 62
4 51 23 75 106
4 59 80 66 38
4 3 67 89 30
4 12 33 89 67
4 17 58 107 56
4 56 107 77 26
4 40 61 88 64
4 20 36 95 68
4 42 13 68 95
4 7 60 96 35
4 35 96 76 22
4 57 104 87 30
4 35 53 90 69
4 44 83 65 29
4 21 70 100 45
4 5 47 100 70
4 1 14 80 67
4 43 1 67 105
4 43 105 80 14
4 55 71 62 39
4 14 51 45 22
4 2 66 85 27
4 12 32 85 66
4 28 79 93 41
4 18 17 68 88
4 17 34 101 68
4 18 88 101 34
4 41 50 63 58
4 43 97 49 11
4 43 97 74 14
4 9 18 56 53
4 13 61 84 37
4 5 81 71 2
4 2 71 102 38
4 38 102 81 5
4 46 42 66 67
4 21 5 53 49
4 4 29 75 62
4 20 77 72 19
4 19 32 99 72
4 20 77 99 32
4 40 61 63 44
4 26 21 58 68
4 14 1 78 93
4 1 78 94 24
4 14 24 94 93
4 47 39 80 89
4 43 39 34 41
4 12 66 62 3
4 59 106 62 3
4 12 66 106 59
4 1 67 75 5
4 30 24 67 75
4 25 50 73 45
4 17 18 93 74
4 17 28 97 74
4 28 97 93 18
4 41 88 95 49
4 13 20 58 61
4 20 64 107 58
4 13 61 107 64
4 17 21 77 68
4 28 36 77 68
4 53 27 55 79
4 8 65 98 31
4 9 86 98 31
4 54 100 90 36
4 49 21 69 104
4 53 104 69 5
4 31 70 87 45
4 52 29 60 82
4 5 90 79 2
4 26 95 79 2
4 26 5 90 95
4 42 81 92 56
4 13 4 62 66
4 4 64 108 62
4 64 13 66 108
4 14 2 71 85
4 40 26 71 85
4 28 52 70 49
4 19 20 83 76
4 19 76 96 29
4 20 83 96 29
4 60 98 77 44
4 21 69 109 58
4 23 63 109 69
4 19 25 91 72
4 29 72 91 46
4 30 48 65 57
4 33 17 68 99
4 33 99 77 21
4 40 61 103 87
4 22 73 107 49
4 14 73 107 56
4 33 74 93 51
4 32 63 72 48
4 14 2 79 93
4 27 97 79 2
4 27 14 93 97
4 39 80 85 43
4 41 49 53 43
4 50 105 62 1
4 50 105 71 13
4 14 66 67 24
4 34 74 56 18
4 19 76 94 25
4 19 76 100 31
4 31 25 94 100
4 45 91 84 34
4 47 57 54 45
4 51 16 58 103
4 51 103 72 23
4 25 63 61 18
4 39 82 60 24
4 3 82 86 4
4 29 98 82 3
4 29 98 86 4
4 37 71 81 46
4 36 46 60 54
4 1 42 102 67
4 42 102 75 5
4 28 65 57 9
4 22 24 60 54
4 53 2 66 108
4 27 53 108 85
4 43 62 81 64
4 35 92 71 4
4 13 71 92 40
4 45 100 57 7
4 45 100 82 25
4 19 54 109 63
4 31 91 109 54
4 45 58 77 69
4 30 76 94 47
4 36 21 72 98
4 46 98 72 23
4 41 101 63 16
4 18 41 101 84
4 34 93 107 58
4 41 73 87 49
4 32 68 88 50
4 22 74 103 45
4 14 74 103 51
4 60 110 62 3
4 29 60 110 81
4 69 89 67 46
4 35 96 75 5
4 23 44 96 75
4 63 109 83 32
4 60 94 73 44
4 41 22 76 101
4 50 101 76 24
4 20 65 111 58
4 65 29 72 111
4 48 68 95 70
4 21 31 98 77
4 52 98 77 26
4 38 66 108 90
4 56 93 78 42
4 47 106 79 9
4 51 18 79 106
4 24 89 75 3
4 39 3 75 106
4 39 106 89 24
4 66 51 47 62
4 23 67 80 33
4 36 49 97 86
4 28 95 77 20
4 41 107 77 20
4 41 107 95 28
4 56 61 58 49
4 53 8 54 104
4 53 104 83 27
4 26 42 88 68
4 13 85 80 12
4 37 105 80 12
4 37 105 85 13
4 62 43 50 67
4 14 27 71 66
4 3 4 81 75
4 37 102 75 3
4 37 102 81 4
4 38 52 71 66
4 5 62 67 23
4 24 94 82 3
4 30 100 82 3
4 24 30 100 94
4 47 57 96 89
4 5 62 110 69
4 23 67 110 69
4 35 81 75 30
4 54 31 59 76
4 19 72 103 34
4 25 34 103 91
4 58 101 94 45
4 22 73 109 54
4 60 109 73 24
4 34 41 83 76
4 61 33 59 84
4 28 97 83 20
4 36 104 83 20
4 28 36 104 97
4 54 98 95 49
4 21 70 111 58
4 70 26 68 111
4 31 36 77 72
4 35 57 86 64
4 2 39 105 71
4 39 105 85 14
4 43 93 106 62
4 53 108 78 9
4 56 18 78 108
4 47 39 79 90
4 37 55 80 67
4 12 84 88 13
4 32 101 84 12
4 32 101 88 13
4 63 99 85 50
4 14 73 112 66
4 24 73 112 67
4 23 89 80 12
4 44 32 80 89
4 34 55 68 58
4 52 65 96 75
4 5 62 113 70
4 26 70 113 71
4 27 92 81 4
4 48 92 81 29
4 67 105 86 46
4 9 78 110 57
4 60 110 78 25
4 37 50 94 82
4 68 101 76 48
4 22 74 111 54
4 65 27 74 111
4 55 97 83 32
4 12 23 91 84
4 33 103 84 12
4 33 23 91 103
4 38 75 89 51
4 45 58 61 51
4 47 106 66 1
4 24 47 106 80
4 31 72 63 25
4 4 86 97 27
4 35 104 86 4
4 27 35 104 97
4 53 92 85 43
4 54 49 53 57
4 56 2 62 108
4 26 56 108 81
4 41 83 65 28
4 21 87 100 31
4 36 104 87 21
4 31 100 104 36
4 54 98 91 45
4 19 58 109 60
4 29 77 109 60
4 30 47 90 70
4 61 12 67 112
4 61 112 89 33
4 73 85 66 51
4 14 80 99 40
4 24 44 99 80
4 4 71 113 57
4 57 113 92 35
4 70 75 62 53
4 5 30 96 81
4 26 48 96 81
4 39 94 110 62
4 47 78 86 57
4 43 9 82 105
4 25 82 105 50
4 49 107 61 17
4 49 107 88 28
4 41 97 111 58
4 54 49 74 76
4 40 77 95 56
4 34 22 83 101
4 55 27 83 101
4 31 54 104 90
4 21 72 111 49
4 36 98 111 49
4 68 65 54 58
4 35 57 100 87
4 29 52 95 77
4 37 88 112 67
4 63 91 78 50
4 18 42 102 84
4 46 102 84 25
4 13 66 114 68
4 68 32 80 114
4 55 71 92 74
4 14 33 99 85
4 27 48 99 85
4 71 37 82 113
4 52 79 97 65
4 9 86 105 39
4 55 105 86 28
4 33 74 111 72
4 48 70 100 76
4 22 34 103 87
4 30 59 103 87
4 13 85 92 26
4 13 42 108 85
4 42 108 92 26
4 56 66 62 53
4 27 71 81 35
4 47 110 81 5
4 47 110 96 30
4 57 62 67 60
4 29 44 89 75
4 41 93 103 58
4 45 22 83 109
4 34 45 109 101
4 60 63 58 54
4 33 87 107 61
4 32 76 94 50
4 12 38 106 80
4 23 38 106 89
4 59 75 62 39
4 51 91 102 66
4 18 78 112 61
4 63 112 78 25
4 42 88 84 38
4 13 26 95 88
4 40 13 88 107
4 26 95 107 40
4 56 61 99 92
4 14 74 114 66
4 74 27 71 114
4 33 80 85 40
4 58 41 64 77
4 30 5 90 100
4 35 5 90 104
4 30 35 104 100
4 57 96 92 53
4 4 65 113 62
4 29 65 113 75
4 49 87 69 36
4 4 81 108 43
4 43 108 92 27
4 53 62 105 97
4 9 79 113 57
4 65 28 79 113
4 43 39 82 86
4 42 66 85 64
4 45 109 77 21
4 31 98 109 45
4 58 54 100 103
4 22 49 111 76
4 30 70 111 76
4 45 87 74 34
4 63 44 69 91
4 22 41 107 87
4 34 41 107 103
4 49 97 101 58
4 20 68 111 54
4 32 68 111 76
4 40 73 93 56
4 55 84 102 71
4 18 61 114 79
4 28 68 114 79
4 37 52 95 88
4 80 59 72 99
4 67 115 76 24
4 75 115 76 30
4 23 29 96 89
4 33 48 96 89
4 79 52 75 106
4 53 113 82 9
4 70 31 82 113
4 59 38 90 100
4 44 77 107 73
4 69 35 83 109
4 40 64 104 87
4 29 23 91 98
4 23 91 109 44
4 44 109 98 29
4 60 96 81 46
4 3 67 110 57
4 30 57 110 89
4 14 33 103 93
4 14 40 107 93
4 33 40 107 103
4 61 99 89 51
4 12 63 112 66
4 32 85 112 63
4 9 90 106 39
4 43 9 90 108
4 39 106 108 43
4 62 105 94 47
4 37 86 110 67
4 38 79 93 51
4 42 95 114 66
4 56 61 84 79
4 38 102 88 18
4 52 28 88 102
4 63 115 75 23
4 63 44 96 115
4 76 80 67 60
4 24 89 99 32
4 48 30 89 99
4 14 80 114 56
4 40 99 114 56
4 66 61 68 71
4 48 32 85 92
4 47 100 113 62
4 53 79 82 57
4 31 59 106 90
4 58 109 94 34
4 45 103 111 54
4 70 72 58 49
4 63 101 83 44
4 33 87 100 59
4 36 95 111 54
4 58 49 104 109
4 54 83 73 45
4 72 48 65 98
4 64 35 87 107
4 39 93 108 62
4 53 113 105 43
4 71 65 57 62
4 42 90 106 66
4 55 97 86 37
4 38 84 115 75
4 59 82 98 72
4 25 91 102 37
4 31 91 102 52
4 77 26 71 116
4 77 40 85 116
4 64 81 96 83
4 27 92 99 32
4 44 35 92 99
4 39 79 114 80
4 55 74 103 84
4 18 38 106 93
4 59 106 93 34
4 42 78 110 81
4 46 86 104 69
4 36 90 108 64
4 50 112 89 24
4 32 99 112 50
4 63 67 66 61
4 26 29 96 92
4 26 52 113 92
4 52 113 96 29
4 51 112 88 18
4 51 112 102 38
4 37 46 91 84
4 46 23 89 110
4 46 110 96 29
4 47 62 81 69
4 60 67 102 98
4 63 115 82 25
4 72 115 82 31
4 24 94 101 32
4 24 44 109 94
4 44 109 101 32
4 63 99 96 60
4 23 67 115 72
4 80 115 72 33
4 29 26 95 98
4 48 111 95 26
4 29 48 111 98
4 65 96 99 68
4 27 71 116 83
4 35 83 116 81
4 18 93 108 42
4 42 108 106 38
4 66 56 95 102
4 61 114 71 13
4 84 114 71 37
4 53 90 78 43
4 51 14 85 112
4 51 112 99 33
4 61 66 106 103
4 56 114 84 18
4 34 74 114 84
4 50 73 89 67
4 53 5 75 113
4 53 113 96 35
4 57 104 108 62
4 9 47 110 86
4 69 110 86 36
4 70 92 71 52
4 39 47 110 105
4 57 100 106 62
4 79 113 75 38
4 60 94 78 46
4 49 41 101 111
4 58 107 104 54
4 73 40 77 109
4 48 74 97 65
4 82 105 80 59
4 60 115 84 25
4 34 84 115 76
4 55 101 94 39
4 81 102 88 64
4 28 86 116 68
4 36 77 116 86
4 46 98 95 42
4 69 77 99 89
4 87 30 75 117
4 87 35 81 117
4 44 96 92 40
4 50 85 108 78
4 41 88 112 73
4 43 64 107 93
4 37 105 94 25
4 25 46 110 94
4 46 110 105 37
4 50 67 102 88
4 38 91 112 66
4 27 97 101 32
4 48 27 97 111
4 48 111 101 32
4 55 80 99 68
4 61 40 92 114
4 50 101 115 67
4 63 60 82 84
4 34 94 105 55
4 52 71 116 98
4 68 65 86 88
4 37 102 95 28
4 36 95 102 46
4 60 115 102 46
4 72 75 67 63
4 38 91 98 52
4 65 116 85 27
4 65 116 99 48
4 68 71 81 77
4 72 29 81 117
4 72 48 92 117
4 70 75 89 87
4 33 99 96 30
4 40 99 96 35
4 61 114 106 51
4 56 66 80 74
4 59 39 93 103
4 66 56 107 112
4 51 78 88 61
4 64 108 93 41
4 62 43 97 113
4 53 108 110 57
4 52 82 105 71
4 64 42 90 104
4 45 100 111 58
4 49 54 109 107
4 74 103 72 48
4 44 69 104 83
4 43 85 116 86
4 83 64 88 101
4 37 105 97 28
4 50 105 97 41
4 46 91 117 81
4 69 90 95 77
4 38 102 98 31
4 36 98 102 42
4 83 32 80 118
4 83 44 89 118
4 73 87 92 85
4 78 47 89 112
4 51 91 109 73
4 69 45 94 110
4 28 95 114 55
4 55 114 102 37
4 30 59 115 96
4 33 59 115 99
4 55 27 92 114
4 32 99 114 55
4 50 112 91 25
4 37 50 112 102
4 63 67 105 101
4 60 24 80 115
4 39 82 115 80
4 71 105 101 68
4 28 88 116 65
4 83 41 88 116
4 70 75 102 95
4 72 117 90 31
4 77 36 90 117
4 52 28 97 113
4 52 113 105 37
4 71 65 98 102
4 68 116 81 26
4 88 116 81 42
4 30 100 103 33
4 30 100 111 48
4 48 111 103 33
4 72 99 92 70
4 75 117 77 29
4 44 77 117 89
4 76 96 92 74
4 80 118 87 33
4 40 85 118 87
4 42 102 114 56
4 61 66 108 107
4 78 43 85 112
4 68 55 79 95
4 44 60 115 99
4 63 109 110 67
4 45 91 112 73
4 59 76 96 75
4 47 57 113 106
4 62 110 104 53
4 78 108 81 46
4 52 70 100 82
4 90 69 89 106
4 31 91 117 70
4 87 117 91 45
4 47 100 103 51
4 73 85 105 94
4 34 76 118 93
4 41 93 118 83
4 43 97 101 50
4 78 86 98 91
4 38 90 119 84
4 88 119 90 42
4 79 56 92 113
4 49 74 114 95
4 53 70 111 97
4 31 100 106 38
4 52 31 100 113
4 38 106 113 52
4 75 102 84 59
4 46 98 115 67
4 35 40 107 104
4 35 104 109 44
4 40 107 109 44
4 77 99 85 64
4 48 96 116 68
4 55 68 116 105
4 83 85 71 65
4 75 59 103 117
4 72 70 90 91
4 51 106 100 45
4 80 118 97 55
4 76 94 93 74
4 39 34 101 105
4 41 101 105 43
4 52 102 117 70
4 81 77 72 75
4 74 33 89 118
4 74 48 96 118
4 76 80 85 83
4 69 117 92 35
4 44 99 117 69
4 37 82 119 88
4 82 52 95 119
4 84 79 90 91
4 63 112 110 60
4 47 69 109 94
4 65 111 114 71
4 49 97 113 70
4 51 66 114 103
4 56 61 112 108
4 55 79 106 80
4 73 50 88 107
4 93 51 89 118
4 87 73 94 100
4 39 106 103 34
4 45 103 106 47
4 90 117 92 53
4 70 95 107 87
4 36 104 108 42
4 56 108 104 49
4 50 88 119 94
4 86 78 93 97
4 82 115 96 57
4 76 111 98 60
4 65 113 100 54
4 34 101 115 59
4 39 59 115 105
4 36 98 116 64
4 64 116 102 42
4 31 98 115 59
4 38 59 115 102
4 35 96 116 64
4 40 99 116 64
4 72 103 106 75
4 70 117 89 30
4 90 117 89 47
4 76 80 106 100
4 74 34 94 118
4 87 45 94 118
4 77 81 108 107
4 69 36 95 117
4 49 95 117 87
4 79 84 101 97
4 82 39 93 119
4 43 93 119 86
4 34 103 114 55
4 39 55 114 106
4 74 80 105 97
4 76 32 85 118
4 94 118 85 50
4 36 46 110 104
4 46 110 108 42
4 91 69 81 102
4 75 52 95 117
4 79 95 98 82
4 37 86 119 84
4 46 86 119 91
4 73 89 96 83
4 48 92 118 76
4 63 50 105 115
4 60 67 112 109
4 78 110 89 51
4 76 101 84 59
4 52 102 116 65
4 68 111 113 71
4 79 53 92 114
4 64 77 98 86
4 70 48 99 117
4 72 75 113 111
4 54 76 115 98
4 81 69 87 92
4 78 91 103 93
4 39 79 119 94
4 47 90 119 94
4 93 108 92 74
4 41 73 118 97
4 49 87 118 97
4 53 104 107 56
4 86 110 96 65
4 54 98 116 83
4 57 104 109 60
4 84 114 99 63
4 58 72 115 101
4 61 103 111 68
4 41 107 108 43
4 41 107 112 50
4 43 108 112 50
4 64 85 105 86
4 55 101 116 71
4 59 76 118 106
4 80 74 87 89
4 64 77 117 108
4 84 119 100 59
4 79 82 94 93
4 64 104 118 85
4 83 73 93 97
4 53 108 107 49
4 69 81 116 109
4 54 104 110 60
4 55 79 119 101
4 86 88 84 82
4 73 50 105 118
4 78 42 95 119
4 78 119 98 46
4 73 118 92 40
4 44 96 118 73
4 65 68 114 113
4 74 111 95 56
4 72 115 113 70
4 57 100 111 65
4 74 111 115 80
4 68 58 103 114
4 93 119 95 56
4 79 90 104 97
4 94 118 96 60
4 76 83 104 100
4 45 47 110 109
4 57 110 109 54
4 61 88 116 99
4 77 68 101 109
4 63 58 107 112
4 80 66 102 115
4 67 75 113 105
4 71 114 106 62
4 64 116 101 41
4 64 116 105 43
4 45 103 117 69
4 47 106 117 69
4 69 117 102 46
4 82 84 103 100
4 38 91 119 79
4 93 51 91 119
4 85 108 104 83
4 56 93 118 92
4 77 81 110 109
4 57 96 116 86
4 86 104 107 88
4 78 43 97 119
4 90 119 97 53
4 89 87 104 110
4 73 118 100 45
4 83 118 100 54
4 83 85 112 109
4 77 116 101 58
4 78 88 101 94
4 84 119 97 55
4 51 112 109 45
4 47 51 112 110
4 73 93 106 89
4 59 100 118 80
4 78 90 95 88
4 79 52 98 119
4 59 106 117 72
4 75 70 111 115
4 82 113 96 60
4 87 69 91 103
4 74 118 105 55
4 76 80 114 111
4 84 61 99 115
4 82 84 114 113
4 62 75 115 105
4 94 109 98 82
4 47 100 119 78
4 57 86 119 100
4 91 72 99 112
4 58 77 117 103
4 61 107 109 63
4 97 113 96 83
4 49 104 118 74
4 76 118 104 54
4 71 102 112 85
4 62 105 116 81
4 67 110 108 66
4 53 113 111 49
4 49 111 114 56
4 56 53 113 114
4 70 90 108 92
4 64 107 117 81
4 64 107 119 86
4 87 118 110 69
4 83 73 112 116
4 69 104 119 91
4 90 100 94 78
4 73 89 117 107
4 58 109 112 61
4 70 100 118 92
4 74 97 104 87
4 57 54 111 113
4 88 116 110 78
4 62 108 112 67
4 78 119 103 51
4 56 108 118 74
4 78 50 101 119
4 76 74 114 115
4 63 101 111 72
4 77 116 110 69
4 83 65 98 109
4 82 115 114 79
4 66 71 113 106
4 91 119 101 63
4 84 88 107 103
4 97 65 98 119
4 82 86 104 100
4 67 102 117 89
4 81 108 106 75
4 62 66 112 110
4 95 68 99 117
4 72 103 107 77
4 61 58 111 114
4 73 118 106 51
4 49 107 117 70
4 70 117 108 53
4 54 109 116 65
4 57 110 116 65
4 90 104 109 91
4 94 60 98 119
4 89 87 107 112
4 63 99 117 91
4 92 87 100 113
4 65 96 118 97
4 88 86 110 112
4 85 116 102 66
4 94 109 107 93
4 88 61 103 119
4 100 111 95 90
4 53 79 119 104
4 57 82 119 104
4 91 90 108 112
4 81 62 106 117
4 87 103 114 92
4 58 107 117 72
4 82 59 103 119
4 79 95 107 93
4 64 104 119 88
4 54 60 115 111
4 60 57 113 115
4 76 96 110 94
4 89 118 104 69
4 84 79 113 115
4 80 67 102 114
4 83 118 108 64
4 73 109 116 85
4 68 99 112 88
4 89 110 105 80
4 85 118 106 66
4 88 95 111 101
4 56 107 119 79
4 84 119 107 61
4 81 102 114 92
4 62 108 117 75
4 98 115 99 77
4 68 58 109 116
4 63 115 111 58
4 63 61 114 115
4 73 109 119 93
4 70 111 119 90
4 90 78 112 117
4 87 74 114 117
4 83 65 113 118
4 94 118 108 78
4 97 119 103 74
4 95 117 106 79
4 62 66 114 113
4 101 116 96 76
4 60 109 119 82
4 72 117 112 63
4 86 78 112 116
4 81 110 105 71
4 73 87 117 112
4 92 118 105 71
4 85 108 106 80
4 98 72 103 119
4 84 91 109 101
4 75 102 116 96
4 62 113 115 67
4 76 118 110 60
4 61 68 116 112
4 62 71 116 110
4 66 71 116 112
4 94 110 108 93
4 89 118 105 67
4 93 97 111 103
4 68 101 119 95
4 97 111 98 86
4 95 119 100 70
4 90 106 114 95
4 71 92 117 102
4 96 83 101 115
4 72 99 116 98
4 95 77 99 114
4 74 103 117 92
4 106 113 97 93
4 66 80 118 108
4 101 111 100 94
4 84 119 109 63
4 105 115 98 86
4 90 119 109 69
4 73 107 119 94
4 67 66 114 115
4 75 102 112 89
4 91 117 108 78
4 87 70 113 118
4 89 106 113 96
4 67 80 118 110
4 98 109 107 95
4 86 119 111 65
4 88 68 111 119
4 99 85 105 115
4 93 118 113 79
4 94 119 111 76
4 86 82 115 116
4 72 115 116 77
4 76 83 116 115
4 81 117 114 71
4 82 105 118 100
4 101 83 104 119
4 101 84 102 116
4 93 118 110 78
4 90 79 114 117
4 80 106 117 99
4 96 118 108 81
4 92 113 105 85
4 77 95 119 109
4 98 91 103 111
4 67 112 117 75
4 68 114 117 77
4 100 94 105 113
4 75 106 118 96
4 76 101 119 100
4 97 101 109 104
4 98 119 107 77
4 79 106 118 97
4 102 115 101 88
4 99 80 105 116
4 82 105 116 98
4 81 96 115 102
4 102 114 103 91
4 105 110 104 97
4 85 71 113 118
4 107 103 100 104
4 91 72 111 119
4 93 74 111 119
4 99 112 108 92
4 96 92 108 110
4 75 113 118 89
4 91 117 114 84
4 86 97 118 110
4 100 87 107 119
4 85 116 115 80
4 88 116 115 84
4 75 81 116 115
4 88 107 117 102
4 104 90 106 118
4 82 94 118 113
4 89 99 116 110
4 85 92 117 112
4 99 114 106 89
4 102 117 103 84
4 102 112 107 95
4 85 108 117 99
4 106 108 104 100
4 81 92 118 110
4 105 118 104 86
4 103 119 104 87
4 97 119 109 83
4 98 109 112 102
4 106 108 107 103
4 80 89 117 114
4 99 112 110 96
4 99 114 113 96
4 98 91 112 116
4 93 108 117 103
4 95 117 112 88
4 105 94 109 116
4 95 111 115 102
4 100 118 108 90
4 96 115 114 92
4 91 102 116 109
4 101 105 110 109
4 89 112 116 96
4 98 111 114 102
4 99 115 113 92
4 93 106 117 107
4 105 113 111 101
4 101 97 113 115
4 98 115 114 95
4 101 116 110 94
4 106 114 111 100
4 105 97 111 115
4 106 113 111 103
4 108 110 109 107
4 100 103 114 113
4 104 107 112 110
4 108 112 109 104

# Cells
20 0 1 2 3 4 5 6 7 8 9 10 11 12 13 14 15 16 17 18 19
20 20 21 22 23 24 25 26 27 28 29 30 31 32 33 34 35 36 37 38 39
20 40 41 42 43 44 45 46 47 48 49 50 51 52 53 54 55 56 57 58 59
20 60 61 62 63 64 65 66 67 68 69 70 71 72 73 74 75 76 77 78 79
20 80 81 82 83 84 85 86 87 88 89 90 91 92 93 94 95 96 97 98 99
20 100 101 102 103 104 105 106 107 108 109 110 111 112 113 114 115 116 117 118 119
20 120 121 122 123 124 125 126 127 128 129 130 131 132 133 134 135 136 137 138 139
20 140 141 142 143 144 145 146 147 148 149 150 151 152 153 154 155 156 157 158 159
20 160 161 162 163 164 165 166 167 168 169 170 171 172 173 174 175 176 177 178 179
20 180 181 182 183 184 185 186 187 188 189 190 191 192 193 194 195 196 197 198 199
20 200 201 202 203 204 205 206 207 208 209 210 211 212 213 214 215 216 217 218 219
20 220 221 222 223 224 225 226 227 228 229 230 231 232 233 234 235 236 237 238 239
20 240 241 242 243 244 245 246 247 248 249 250 251 252 253 254 255 256 257 258 259
20 260 261 262 263 264 265 266 267 268 269 270 271 272 273 274 275 276 277 278 279
20 280 281 282 283 284 285 286 287 288 289 290 291 292 293 294 295 296 297 298 299
20 300 301 302 303 304 305 306 307 308 309 310 311 312 313 314 315 316 317 318 319
20 320 321 322 323 324 325 326 327 328 329 330 331 332 333 334 335 336 337 338 339
20 340 341 342 343 344 345 346 347 348 349 350 351 352 353 354 355 356 357 358 359
20 360 361 362 363 364 365 366 367 368 369 370 371 372 373 374 375 376 377 378 379
20 380 381 382 383 384 385 386 387 388 389 390 391 392 393 394 395 396 397 398 399
20 400 401 402 403 404 405 406 407 408 409 410 411 412 413 414 415 416 417 418 419
20 420 421 422 423 424 425 426 427 428 429 430 431 432 433 434 435 436 437 438 439
20 440 441 442 443 444 445 446 447 448 449 450 451 452 453 454 455 456 457 458 459
20 460 461 462 463 464 465 466 467 468 469 470 471 472 473 474 475 476 477 478 479
20 480 481 482 483 484 485 486 487 488 489 490 491 492 493 494 495 496 497 498 499
20 500 501 502 503 504 505 506 507 508 509 510 511 512 513 514 515 516 517 518 519
20 520 521 522 523 524 525 526 527 528 529 530 531 532 533 534 535 536 537 538 539
20 540 541 542 543 544 545 546 547 548 549 550 551 552 553 554 555 556 557 558 559
20 560 561 562 563 564 565 566 567 568 569 570 571 572 573 574 575 576 577 578 579
20 580 581 582 583 584 585 586 587 588 589 590 591 592 593 594 595 596 597 598 599
20 600 601 602 603 604 605 606 607 608 609 610 611 612 613 614 615 616 617 618 619
20 620 621 622 623 624 625 626 627 628 629 630 631 632 633 634 635 636 637 638 639
20 640 641 642 643 644 645 646 647 648 649 650 651 652 653 654 655 656 657 658 659
20 660 661 662 663 664 665 666 667 668 669 670 671 672 673 674 675 676 677 678 679
20 680 681 682 683 684 685 686 687 688 689 690 691 692 693 694 695 696 697 698 699
20 700 701 702 703 704 705 706 707 708 709 710 711 712 713 714 715 716 717 718 719
20 720 721 722 723 724 725 726 727 728 729 730 731 732 733 734 735 736 737 738 739
20 740 741 742 743 744 745 746 747 748 749 750 751 752 753 754 755 756 757 758 759
20 760 761 762 763 764 765 766 767 768 769 770 771 772 773 774 775 776 777 778 779
20 780 781 782 783 784 785 786 787 788 789 790 791 792 793 794 795 796 797 798 799
20 800 801 802 803 804 805 806 807 808 809 810 811 812 813 814 815 816 817 818 819
20 820 821 822 823 824 825 826 827 828 829 830 831 832 833 834 835 836 837 838 839
20 840 841 842 843 844 845 846 847 848 849 850 851 852 853 854 855 856 857 858 859
20 860 861 862 863 864 865 866 867 868 869 870 871 872 873 874 875 876 877 878 879
20 880 881 882 883 884 885 886 887 888 889 890 891 892 893 894 895 896 897 898 899
20 900 901 902 903 904 905 906 907 908 909 910 911 912 913 914 915 916 917 918 919
20 920 921 922 923 924 925 926 927 928 929 930 931 932 933 934 935 936 937 938 939
20 940 941 942 943 944 945 946 947 948 949 950 951 952 953 954 955 956 957 958 959
20 960 961 962 963 964 965 966 967 968 969 970 971 972 973 974 975 976 977 978 979
20 980 981 982 983 984 985 986 987 988 989 990 991 992 993 994 995 996 997 998 999
20 1000 1001 1002 1003 1004 1005 1006 1007 1008 1009 1010 1011 1012 1013 1014 1015 1016 1017 1018 1019
20 1020 1021 1022 1023 1024 1025 1026 1027 1028 1029 1030 1031 1032 1033 1034 1035 1036 1037 1038 1039
20 1040 1041 1042 1043 1044 1045 1046 1047 1048 1049 1050 1051 1052 1053 1054 1055 1056 1057 1058 1059
20 1060 1061 1062 1063 1064 1065 1066 1067 1068 1069 1070 1071 1072 1073 1074 1075 1076 1077 1078 1079
20 1080 1081 1082 1083 1084 1085 1086 1087 1088 1089 1090 1091 1092 1093 1094 1095 1096 1097 1098 1099
20 1100 1101 1102 1103 1104 1105 1106 1107 1108 1109 1110 1111 1112 1113 1114 1115 1116 1117 1118 1119
20 1120 1121 1122 1123 1124 1125 1126 1127 1128 1129 1130 1131 1132 1133 1134 1135 1136 1137 1138 1139
20 1140 1141 1142 1143 1144 1145 1146 1147 1148 1149 1150 1151 1152 1153 1154 1155 1156 1157 1158 1159
20 1160 1161 1162 1163 1164 1165 1166 1167 1168 1169 1170 1171 1172 1173 1174 1175 1176 1177 1178 1179
20 1180 1181 1182 1183 1184 1185 1186 1187 1188 1189 1190 1191 1192 1193 1194 1195 1196 1197 1198 1199
20 1200 1201 1202 1203 1204 1205 1206 1207 1208 1209 1210 1211 1212 1213 1214 1215 1216 1217 1218 1219
20 1220 1221 1222 1223 1224 1225 1226 1227 1228 1229 1230 1231 1232 1233 1234 1235 1236 1237 1238 1239
20 1240 1241 1242 1243 1244 1245 1246 1247 1248 1249 1250 1251 1252 1253 1254 1255 1256 1257 1258 1259
20 1260 1261 1262 1263 1264 1265 1266 1267 1268 1269 1270 1271 1272 1273 1274 1275 1276 1277 1278 1279
20 1280 1281 1282 1283 1284 1285 1286 1287 1288 1289 1290 1291 1292 1293 1294 1295 1296 1297 1298 1299
20 1300 1301 1302 1303 1304 1305 1306 1307 1308 1309 1310 1311 1312 1313 1314 1315 1316 1317 1318 1319
20 1320 1321 1322 1323 1324 1325 1326 1327 1328 1329 1330 1331 1332 1333 1334 1335 1336 1337 1338 1339
20 1340 1341 1342 1343 1344 1345 1346 1347 1348 1349 1350 1351 1352 1353 1354 1355 1356 1357 1358 1359
20 1360 1361 1362 1363 1364 1365 1366 1367 1368 1369 1370 1371 1372 1373 1374 1375 1376 1377 1378 1379
20 1380 1381 1382 1383 1384 1385 1386 1387 1388 1389 1390 1391 1392 1393 1394 1395 1396 1397 1398 1399
20 1400 1401 1402 1403 1404 1405 1406 1407 1408 1409 1410 1411 1412 1413 1414 1415 1416 1417 1418 1419
20 1420 1421 1422 1423 1424 1425 1426 1427 1428 1429 1430 1431 1432 1433 1434 1435 1436 1437 1438 1439
20 1440 1441 1442 1443 1444 1445 1446 1447 1448 1449 1450 1451 1452 1453 1454 1455 1456 1457 1458 1459
20 1460 1461 1462 1463 1464 1465 1466 1467 1468 1469 1470 1471 1472 1473 1474 1475 1476 1477 1478 1479
20 1480 1481 1482 1483 1484 1485 1486 1487 1488 1489 1490 1491 1492 1493 1494 1495 1496 1497 1498 1499
20 1500 1501 1502 1503 1504 1505 1506 1507 1508 1509 1510 1511 1512 1513 1514 1515 1516 1517 1518 1519
20 1520 1521 1522 1523 1524 1525 1526 1527 1528 1529 1530 1531 1532 1533 1534 1535 1536 1537 1538 1539
20 1540 1541 1542 1543 1544 1545 1546 1547 1548 1549 1550 1551 1552 1553 1554 1555 1556 1557 1558 1559
20 1560 1561 1562 1563 1564 1565 1566 1567 1568 1569 1570 1571 1572 1573 1574 1575 1576 1577 1578 1579
20 1580 1581 1582 1583 1584 1585 1586 1587 1588 1589 1590 1591 1592 1593 1594 1595 1596 1597 1598 1599
20 1600 1601 1602 1603 1604 1605 1606 1607 1608 1609 1610 1611 1612 1613 1614 1615 1616 1617 1618 1619
20 1620 1621 1622 1623 1624 1625 1626 1627 1628 1629 1630 1631 1632 1633 1634 1635 1636 1637 1638 1639
20 1640 1641 1642 1643 1644 1645 1646 1647 1648 1649 1650 1651 1652 1653 1654 1655 1656 1657 1658 1659
20 1660 1661 1662 1663 1664 1665 1666 1667 1668 1669 1670 1671 1672 1673 1674 1675 1676 1677 1678 1679
20 1680 1681 1682 1683 1684 1685 1686 1687 1688 1689 1690 1691 1692 1693 1694 1695 1696 1697 1698 1699
20 1700 1701 1702 1703 1704 1705 1706 1707 1708 1709 1710 1711 1712 1713 1714 1715 1716 1717 1718 1719
20 1720 1721 1722 1723 1724 1725 1726 1727 1728 1729 1730 1731 1732 1733 1734 1735 1736 1737 1738 1739
20 1740 1741 1742 1743 1744 1745 1746 1747 1748 1749 1750 1751 1752 1753 1754 1755 1756 1757 1758 1759
20 1760 1761 1762 1763 1764 1765 1766 1767 1768 1769 1770 1771 1772 1773 1774 1775 1776 1777 1778 1779
20 1780 1781 1782 1783 1784 1785 1786 1787 1788 1789 1790 1791 1792 1793 1794 1795 1796 1797 1798 1799
20 1800 1801 1802 1803 1804 1805 1806 1807 1808 1809 1810 1811 1812 1813 1814 1815 1816 1817 1818 1819
20 1820 1821 1822 1823 1824 1825 1826 1827 1828 1829 1830 1831 1832 1833 1834 1835 1836 1837 1838 1839
20 1840 1841 1842 1843 1844 1845 1846 1847 1848 1849 1850 1851 1852 1853 1854 1855 1856 1857 1858 1859
20 1860 1861 1862 1863 1864 1865 1866 1867 1868 1869 1870 1871 1872 1873 1874 1875 1876 1877 1878 1879
20 1880 1881 1882 1883 1884 1885 1886 1887 1888 1889 1890 1891 1892 1893 1894 1895 1896 1897 1898 1899
20 1900 1901 1902 1903 1904 1905 1906 1907 1908 1909 1910 1911 1912 1913 1914 1915 1916 1917 1918 1919
20 1920 1921 1922 1923 1924 1925 1926 1927 1928 1929 1930 1931 1932 1933 1934 1935 1936 1937 1938 1939
20 1940 1941 1942 1943 1944 1945 1946 1947 1948 1949 1950 1951 1952 1953 1954 1955 1956 1957 1958 1959
20 1960 1961 1962 1963 1964 1965 1966 1967 1968 1969 1970 1971 1972 1973 1974 1975 1976 1977 1978 1979
20 1980 1981 1982 1983 1984 1985 1986 1987 1988 1989 1990 1991 1992 1993 1994 1995 1996 1997 1998 1999
20 2000 2001 2002 2003 2004 2005 2006 2007 2008 2009 2010 2011 2012 2013 2014 2015 2016 2017 2018 2019
20 2020 2021 2022 2023 2024 2025 2026 2027 2028 2029 2030 2031 2032 2033 2034 2035 2036 2037 2038 2039
20 2040 2041 2042 2043 2044 2045 2046 2047 2048 2049 2050 2051 2052 2053 2054 2055 2056 2057 2058 2059
20 2060 2061 2062 2063 2064 2065 2066 2067 2068 2069 2070 2071 2072 2073 2074 2075 2076 2077 2078 2079
20 2080 2081 2082 2083 2084 2085 2086 2087 2088 2089 2090 2091 2092 2093 2094 2095 2096 2097 2098 2099
20 2100 2101 2102 2103 2104 2105 2106 2107 2108 2109 2110 2111 2112 2113 2114 2115 2116 2117 2118 2119
20 2120 2121 2122 2123 2124 2125 2126 2127 2128 2129 2130 2131 2132 2133 2134 2135 2136 2137 2138 2139
20 2140 2141 2142 2143 2144 2145 2146 2147 2148 2149 2150 2151 2152 2153 2154 2155 2156 2157 2158 2159
20 2160 2161 2162 2163 2164 2165 2166 2167 2168 2169 2170 2171 2172 2173 2174 2175 2176 2177 2178 2179
20 2180 2181 2182 2183 2184 2185 2186 2187 2188 2189 2190 2191 2192 2193 2194 2195 2196 2197 2198 2199
20 2200 2201 2202 2203 2204 2205 2206 2207 2208 2209 2210 2211 2212 2213 2214 2215 2216 2217 2218 2219
20 2220 2221 2222 2223 2224 2225 2226 2227 2228 2229 2230 2231 2232 2233 2234 2235 2236 2237 2238 2239
20 2240 2241 2242 2243 2244 2245 2246 2247 2248 2249 2250 2251 2252 2253 2254 2255 2256 2257 2258 2259
20 2260 2261 2262 2263 2264 2265 2266 2267 2268 2269 2270 2271 2272 2273 2274 2275 2276 2277 2278 2279
20 2280 2281 2282 2283 2284 2285 2286 2287 2288 2289 2290 2291 2292 2293 2294 2295 2296 2297 2298 2299
20 2300 2301 2302 2303 2304 2305 2306 2307 2308 2309 2310 2311 2312 2313 2314 2315 2316 2317 2318 2319
20 2320 2321 2322 2323 2324 2325 2326 2327 2328 2329 2330 2331 2332 2333 2334 2335 2336 2337 2338 2339
20 2340 2341 2342 2343 2344 2345 2346 2347 2348 2349 2350 2351 2352 2353 2354 2355 2356 2357 2358 2359
20 2360 2361 2362 2363 2364 2365 2366 2367 2368 2369 2370 2371 2372 2373 2374 2375 2376 2377 2378 2379
20 2380 2381 2382 2383 2384 2385 2386 2387 2388 2389 2390 2391 2392 2393 2394 2395 2396 2397 2398 2399
5 0 659 2400 2401 2402
5 25 819 2403 2404 2405
5 45 679 2406 2407 2408
5 41 559 2409 2410 2411
5 10 719 2412 2413 2414
5 60 738 2415 2416 2417
5 21 598 2418 2419 2420
5 51 579 2421 2422 2423
5 70 778 2424 2425 2426
5 6 498 2427 2428 2429
5 66 618 2430 2431 2432
5 31 638 2433 2434 2435
5 42 699 2436 2437 2438
5 7 859 2439 2440 2441
5 22 839 2442 2443 2444
5 3 539 2445 2446 2447
5 85 898 2448 2449 2450
5 50 639 2451 2452 2453
5 48 419 2454 2455 2456
5 81 758 2457 2458 2459
5 30 718 2460 2461 2462
5 28 478 2463 2464 2465
5 11 578 2466 2467 2468
5 91 798 2469 2470 2471
5 2 759 2472 2473 2474
5 67 979 2475 2476 2477
5 52 879 2478 2479 2480
5 44 439 2481 2482 2483
5 5 779 2484 2485 2486
5 100 918 2487 2488 2489
5 63 518 2490 2491 2492
5 46 499 2493 2494 2495
5 110 938 2496 2497 2498
5 13 358 2499 2500 2501
5 106 697 2502 2503 2504
5 71 678 2505 2506 2507
5 47 799 2508 2509 2510
5 62 919 2511 2512 2513
5 32 1019 2514 2515 2516
5 24 459 2517 2518 2519
5 125 1058 2520 2521 2522
5 40 619 2523 2524 2525
5 54 319 2526 2527 2528
5 121 837 2529 2530 2531
5 65 818 2532 2533 2534
5 73 378 2535 2536 2537
5 26 558 2538 2539 2540
5 131 877 2541 2542 2543
5 15 1039 2544 2545 2546
5 82 999 2547 2548 2549
5 4 519 2550 2551 2552
5 145 1078 2553 2554 2555
5 56 299 2556 2557 2558
5 141 657 2559 2560 2561
5 90 858 2562 2563 2564
5 88 437 2565 2566 2567
5 8 418 2568 2569 2570
5 151 958 2571 2572 2573
5 27 899 2574 2575 2576
5 12 939 2577 2578 2579
5 72 1059 2580 2581 2582
5 9 339 2583 2584 2585
5 20 739 2586 2587 2588
5 160 977 2589 2590 2591
5 69 398 2565 2592 2593
5 1 599 2594 2595 2596
5 170 1017 2597 2598 2599
5 34 278 2600 2601 2602
5 166 857 2603 2604 2605
5 61 658 2606 2607 2608
5 55 959 2609 2610 2611
5 92 1139 2612 2613 2614
5 49 379 2615 2616 2617
5 180 997 2618 2619 2620
5 84 457 2490 2621 2622
5 43 479 2623 2624 2625
5 190 1118 2626 2627 2628
5 36 258 2629 2630 2631
5 186 677 2632 2633 2634
5 86 698 2635 2636 2637
5 107 1159 2638 2639 2640
5 142 1098 2641 2642 2643
5 103 537 2517 2644 2645
5 53 359 2646 2647 2648
5 150 1038 2649 2650 2651
5 16 298 2652 2653 2654
5 148 557 2655 2656 2657
5 111 878 2658 2659 2660
5 87 1079 2661 2662 2663
5 35 1119 2664 2665 2666
5 29 399 2655 2667 2668
5 205 1137 2669 2670 2671
5 17 239 2672 2673 2674
5 201 817 2675 2676 2677
5 80 838 2678 2679 2680
5 94 337 2535 2681 2682
5 23 538 2683 2684 2685
5 211 1037 2686 2687 2688
5 102 1099 2689 2690 2691
5 75 1199 2692 2693 2694
5 64 458 2559 2695 2696
5 225 1218 2697 2698 2699
5 58 219 2700 2701 2702
5 221 734 2684 2703 2704
5 105 978 2705 2706 2707
5 113 317 2600 2708 2709
5 68 438 2675 2710 2711
5 231 956 2712 2713 2714
5 122 1179 2715 2716 2717
5 187 1238 2718 2719 2720
5 57 259 2721 2722 2723
5 183 594 2551 2724 2725
5 130 1018 2726 2727 2728
5 128 417 2583 2729 2730
5 33 318 2731 2732 2733
5 191 957 2734 2735 2736
5 112 1219 2737 2738 2739
5 14 279 2740 2741 2742
5 240 1157 2743 2744 2745
5 109 394 2463 2635 2746
5 250 1197 2747 2748 2749
5 77 198 2750 2751 2752
5 246 717 2732 2753 2754
5 101 757 2621 2755 2756
5 132 1299 2757 2758 2759
5 222 1177 2760 2761 2762
5 124 514 2445 2678 2763
5 230 1198 2764 2765 2766
5 76 218 2767 2768 2769
5 228 577 2741 2770 2771
5 126 797 2681 2772 2773
5 152 1319 2774 2775 2776
5 260 1094 2755 2761 2777
5 144 449 2418 2606 2778
5 270 1278 2779 2780 2781
5 96 178 2782 2783 2784
5 266 636 2785 2786 2787
5 146 617 2592 2743 2788
5 167 1339 2789 2790 2791
5 202 1258 2792 2793 2794
5 163 474 2481 2705 2795
5 210 1117 2796 2797 2798
5 37 238 2785 2799 2800
5 208 494 2616 2801 2802
5 171 937 2708 2803 2804
5 127 1239 2805 2806 2807
5 74 338 2632 2808 2809
5 285 1297 2810 2811 2812
5 38 159 2813 2814 2815
5 281 774 2569 2816 2817
5 120 917 2644 2818 2819
5 134 274 2499 2658 2820
5 291 1116 2821 2822 2823
5 147 1158 2824 2825 2826
5 95 1279 2827 2828 2829
5 89 397 2502 2710 2830
5 305 1317 2831 2832 2833
5 19 139 2834 2835 2836
5 301 894 2539 2837 2838
5 140 998 2724 2839 2840
5 154 237 2629 2734 2841
5 83 517 2529 2695 2842
5 311 936 2843 2844 2845
5 162 1259 2837 2846 2847
5 247 1378 2848 2849 2850
5 18 199 2851 2852 2853
5 243 614 2624 2824 2854
5 165 1057 2729 2855 2856
5 173 354 2526 2726 2857
5 251 1036 2858 2859 2860
5 182 1178 2703 2861 2862
5 267 1398 2863 2864 2865
5 59 179 2866 2867 2868
5 263 754 2595 2689 2869
5 185 1138 2801 2870 2871
5 193 297 2672 2796 2872
5 93 377 2603 2808 2873
5 271 876 2874 2875 2876
5 115 1359 2877 2878 2879
5 104 454 2457 2683 2880
5 325 1418 2881 2882 2883
5 321 914 2607 2716 2884
5 156 217 2750 2858 2885
5 108 477 2589 2667 2886
5 331 796 2887 2888 2889
5 172 1379 2890 2891 2892
5 282 1337 2893 2894 2895
5 169 374 2454 2562 2896
5 290 1196 2897 2898 2899
5 78 158 2900 2901 2902
5 288 634 2647 2903 2904
5 161 897 2566 2905 2906
5 192 1399 2907 2908 2909
5 340 1234 2772 2894 2910
5 189 329 2427 2505 2911
5 350 1276 2912 2913 2914
5 98 118 2915 2916 2917
5 346 713 2653 2918 2919
5 181 737 2491 2760 2920
5 155 1419 2921 2922 2923
5 360 1074 2636 2793 2924
5 149 389 2430 2538 2925
5 370 1357 2926 2927 2928
5 117 137 2782 2874 2929
5 366 776 2768 2930 2931
5 143 597 2518 2618 2932
5 212 1459 2933 2934 2935
5 302 1254 2744 2905 2936
5 204 429 2409 2532 2937
5 310 1277 2938 2939 2940
5 97 138 2887 2941 2942
5 308 573 2722 2943 2944
5 206 777 2536 2893 2945
5 232 1479 2946 2947 2948
5 322 1169 2619 2818 2949
5 224 529 2400 2586 2950
5 330 1358 2951 2952 2953
5 116 177 2843 2941 2954
5 328 496 2852 2955 2956
5 226 637 2601 2810 2957
5 195 1499 2958 2959 2960
5 380 989 2642 2679 2961
5 184 509 2415 2594 2962
5 390 1438 2963 2964 2965
5 136 176 2915 2966 2967
5 386 616 2901 2968 2969
5 188 497 2584 2669 2970
5 207 1338 2816 2971 2972
5 347 1457 2973 2974 2975
5 39 119 2976 2977 2978
5 343 794 2494 2805 2979
5 200 1077 2656 2980 2981
5 214 254 2556 2649 2982
5 351 1016 2966 2983 2984
5 227 1298 2903 2985 2986
5 114 277 2541 2731 2987
5 405 1477 2988 2989 2990
5 79 99 2991 2992 2993
5 401 934 2467 2890 2994
5 220 1097 2560 2995 2996
5 194 234 2571 2652 2997
5 411 1056 2967 2998 2999
5 135 1439 3000 3001 3002
5 129 334 2469 2568 3003
5 425 1497 3004 3005 3006
5 421 1054 2506 2790 3007
5 157 197 2712 2767 3008
5 123 534 2487 2550 3009
5 431 896 2784 3010 3011
5 242 1257 2676 3012 3013
5 367 1538 3014 3015 3016
5 363 689 2524 2661 3017
5 245 1217 2770 3018 3019
5 253 293 2700 2764 3020
5 371 856 2783 3021 3022
5 387 1558 3023 3024 3025
5 383 829 2548 2587 3026
5 236 256 2813 2897 3027
5 133 357 2597 2740 3028
5 391 696 2916 3029 3030
5 262 1174 2530 2995 3031
5 332 1578 3032 3033 3034
5 324 649 2473 2511 3035
5 265 1318 2943 3036 3037
5 273 356 2834 2938 3038
5 153 257 2686 2799 3039
5 326 676 2751 2988 3040
5 175 1519 3041 3042 3043
5 164 434 2448 2623 3044
5 445 1598 3045 3046 3047
5 441 969 2533 2639 3048
5 196 216 2821 2900 3049
5 168 414 2520 2615 3050
5 451 756 2917 3051 3052
5 252 1539 3053 3054 3055
5 402 1374 2803 2811 3056
5 249 309 2421 2460 3057
5 410 1356 3058 3059 3060
5 408 673 2558 3061 3062
5 241 814 2464 2792 3063
5 235 1559 3064 3065 3066
5 460 1214 2659 2849 3067
5 229 269 2433 2466 3068
5 470 1436 3069 3070 3071
5 466 813 2631 3072 3073
5 223 654 2446 2641 3074
5 272 1579 3075 3076 3077
5 480 1394 2735 2974 3078
5 490 1416 3079 3080 3081
5 486 853 2501 3082 3083
5 261 834 2419 2715 3084
5 215 1599 3085 3086 3087
5 500 1129 2563 2719 3088
5 209 369 2424 2493 3089
5 510 1517 3090 3091 3092
5 506 736 2752 3093 3094
5 203 554 2482 2553 3095
5 292 1619 3096 3097 3098
5 422 1329 2670 2855 3099
5 284 409 2406 2484 3100
5 430 1437 3101 3102 3103
5 428 553 2702 3104 3105
5 286 714 2500 2848 3106
5 312 1639 3107 3108 3109
5 362 1249 2590 2980 3110
5 304 549 2436 2574 3111
5 365 1417 2955 3112 3113
5 373 413 2867 2951 3114
5 306 716 2630 2973 3115
5 255 1659 3116 3117 3118
5 442 1149 2554 2706 3119
5 244 469 2403 2523 3120
5 450 1518 3121 3122 3123
5 448 596 2815 3124 3125
5 248 574 2527 2697 3126
5 275 1679 3127 3128 3129
5 382 1089 2488 2839 3130
5 264 589 2442 2472 3131
5 385 1498 3104 3132 3133
5 393 476 2977 3101 3134
5 268 576 2673 2831 3135
5 287 1377 2753 3136 3137
5 467 1617 3138 3139 3140
5 463 869 2452 2737 3141
5 280 1237 2633 3142 3143
5 213 294 2626 2721 3144
5 471 976 2954 3145 3146
5 307 1458 2918 3147 3148
5 487 1637 3021 3149 3150
5 483 954 2423 2907 3151
5 300 1154 2503 3012 3152
5 174 314 2496 2646 3153
5 491 1136 3049 3154 3155
5 525 1657 3156 3157 3158
5 521 1009 2461 2758 3159
5 531 916 2929 3160 3161
5 545 1677 3029 3162 3163
5 541 1114 2435 2934 3164
5 551 1076 2885 3165 3166
5 327 1478 3061 3167 3168
5 565 1574 2875 3149 3169
5 561 1033 2429 3053 3170
5 320 994 2458 2861 3171
5 571 1216 3027 3172 3173
5 507 1698 3174 3175 3176
5 503 849 2485 2613 3177
5 233 296 2747 2851 3178
5 511 836 2942 3179 3180
5 342 1334 2604 3142 3181
5 432 1718 3182 3183 3184
5 424 669 2509 2580 3185
5 345 1397 2786 3186 3187
5 313 353 2779 2866 3188
5 426 816 2769 3138 3189
5 452 1738 3190 3191 3192
5 444 809 2476 2575 3193
5 276 316 2912 2976 3194
5 446 656 2902 3156 3195
5 395 1758 3196 3197 3198
5 384 729 2443 2512 3199
5 336 376 2991 3058 3079
5 388 556 2814 3004 3200
5 295 1699 3201 3202 3203
5 522 1289 2698 2727 3204
5 289 349 2412 2451 3205
5 530 1516 3206 3207 3208
5 528 653 2674 3209 3210
5 283 674 2455 2718 3211
5 352 1719 3212 3213 3214
5 542 1449 2797 2832 3215
5 550 1496 3216 3217 3218
5 548 693 2528 3219 3220
5 341 854 2428 2789 3221
5 372 1638 3082 3222 3223
5 562 1534 2859 2989 3224
5 570 1316 3194 3225 3226
5 568 873 2456 3075 3227
5 361 974 2431 2846 3228
5 315 1739 3229 3230 3231
5 580 1309 2650 2864 3232
5 590 1596 3233 3234 3235
5 586 833 2602 3236 3237
5 303 694 2410 2638 3238
5 335 1759 3239 3240 3241
5 600 1414 2573 3015 3242
5 610 1556 3134 3243 3244
5 606 973 2537 3245 3246
5 323 749 2401 2547 3247
5 392 1678 3219 3248 3249
5 620 1554 2714 3139 3250
5 630 1396 3038 3251 3252
5 626 1013 2465 3212 3253
5 381 909 2416 2690 3254
5 355 1779 3255 3256 3257
5 502 1229 2521 2870 3258
5 344 489 2439 2508 3259
5 505 1597 3124 3260 3261
5 513 533 2836 3121 3262
5 348 633 2557 2863 3263
5 412 1799 3264 3265 3266
5 462 1369 2598 3018 3267
5 404 569 2478 2577 3268
5 465 1557 2968 3269 3270
5 433 473 2868 2963 3271
5 406 773 2654 3014 3272
5 375 1819 3273 3274 3275
5 440 1069 2449 2825 3276
5 364 609 2437 2475 3277
5 447 1658 3209 3278 3279
5 456 516 2993 3206 3233
5 368 493 2701 2881 3280
5 396 436 2992 3069 3216
5 333 416 2835 2926 3281
5 587 1777 3179 3282 3283
5 583 1029 2414 2775 3284
5 591 996 3008 3285 3286
5 407 1537 2930 3287 3288
5 607 1797 3145 3289 3290
5 603 944 2408 2921 3291
5 400 1294 2542 3136 3292
5 611 1156 3039 3293 3294
5 427 1618 3072 3295 3296
5 627 1714 2983 3162 3297
5 623 948 2411 3064 3298
5 420 1134 2470 2971 3299
5 631 1296 3178 3300 3301
5 645 1817 3052 3302 3303
5 641 1189 2426 2947 3304
5 651 1096 2841 3305 3306
5 665 1754 2889 3289 3307
5 661 1193 2432 3097 3308
5 671 1236 2872 3309 3310
5 685 1756 2969 3311 3312
5 681 1274 2471 3108 3313
5 691 1153 2709 3314 3315
5 705 1734 2845 3282 3316
5 701 1108 2420 3201 3317
5 711 1376 3020 3318 3319
5 532 1838 3320 3321 3322
5 524 709 2515 2578 3323
5 526 733 2800 3174 3324
5 482 1454 2687 3186 3325
5 552 1858 3326 3327 3328
5 544 624 2610 2664 3329
5 485 1577 2888 3330 3331
5 546 893 2733 3182 3332
5 515 1878 3333 3334 3335
5 504 769 2440 2581 3336
5 508 593 2853 3045 3337
5 455 1818 3338 3339 3340
5 443 889 2404 2662 3341
5 453 536 2978 3090 3342
5 415 1839 3343 3344 3345
5 642 1469 2765 2882 3346
5 650 1656 3342 3347 3348
5 648 748 2585 3338 3349
5 403 874 2422 2757 3350
5 472 1798 3245 3351 3352
5 662 1609 2898 3005 3353
5 670 1476 3281 3354 3355
5 668 788 2483 3239 3356
5 461 1014 2434 2891 3357
5 492 1859 3358 3359 3360
5 682 1629 2927 2939 3361
5 690 1676 3200 3362 3363
5 608 688 2617 3196 3364
5 481 1034 2468 2933 3365
5 512 1778 3236 3366 3367
5 702 1694 2823 3157 3368
5 710 1456 3188 3369 3370
5 708 928 2447 3229 3371
5 501 1049 2425 2806 3372
5 435 1879 3373 3374 3375
5 720 1489 2628 3024 3376
5 730 1696 3262 3377 3378
5 726 908 2593 3379 3380
5 423 789 2407 2612 3381
5 740 1349 2498 3033 3382
5 750 1736 3125 3383 3384
5 746 993 2682 3385 3386
5 760 1594 2688 3175 3387
5 770 1536 3114 3388 3389
5 766 1048 2492 3343 3390
5 780 1434 2543 3183 3391
5 790 1576 2956 3392 3393
5 786 1133 2567 3358 3394
5 475 1899 3395 3396 3397
5 520 1209 2497 2985 3398
5 464 629 2479 2514 3399
5 527 1697 3093 3400 3401
5 468 613 2723 3023 3402
5 495 1919 3403 3404 3405
5 582 1389 2627 3036 3406
5 484 564 2544 2609 3407
5 585 1737 3051 3408 3409
5 488 793 2648 3032 3410
5 572 1939 3411 3412 3413
5 602 1529 2748 3112 3414
5 605 1757 3030 3415 3416
5 566 933 2570 3107 3417
5 727 1897 3161 3418 3419
5 723 1104 2405 2959 3420
5 731 1176 2997 3421 3422
5 747 1917 3285 3423 3424
5 743 924 2441 2878 3425
5 751 1093 2987 3426 3427
5 767 1834 2999 3302 3428
5 763 1023 2402 3085 3429
5 771 1336 3144 3430 3431
5 547 1717 3010 3432 3433
5 787 1854 3154 3311 3434
5 783 863 2438 3000 3435
5 540 1314 2572 3147 3436
5 791 1233 3028 3437 3438
5 567 1634 2844 3330 3439
5 692 1937 3293 3440 3441
5 684 784 2480 2827 3442
5 560 1474 2713 3287 3443
5 686 1073 2873 3326 3444
5 805 1874 3011 3418 3445
5 801 1183 2417 3117 3446
5 811 1256 2982 3447 3448
5 825 1876 3094 3449 3450
5 821 1264 2450 3128 3451
5 831 1173 2820 3452 3453
5 845 1813 2931 3423 3454
5 841 1268 2459 3256 3455
5 851 1333 2857 3456 3457
5 865 1673 2787 3440 3458
5 861 1353 2504 3265 3459
5 871 1293 2730 3460 3461
5 595 1958 3462 3463 3464
5 584 704 2545 2665 3465
5 588 753 2742 3190 3466
5 652 1978 3426 3467 3468
5 644 764 2546 2693 3469
5 646 913 2809 3320 3470
5 622 1614 2822 3269 3471
5 672 1998 3437 3472 3473
5 604 664 2611 2692 3474
5 625 1674 2876 3432 3475
5 666 1053 2711 3264 3476
5 535 1898 3379 3477 3478
5 523 929 2413 2738 3479
5 802 1649 2749 3046 3480
5 810 1616 3271 3481 3482
5 808 888 2519 3373 3483
5 555 1959 3484 3485 3486
5 822 1669 2781 2964 3487
5 830 1776 3337 3488 3489
5 728 828 2668 3333 3490
5 543 949 2453 2774 3491
5 575 1979 3492 3493 3494
5 742 1569 2780 2952 3495
5 745 1816 3195 3496 3497
5 563 953 2495 2946 3498
5 592 1918 3385 3499 3500
5 842 1769 2914 3091 3501
5 850 1636 3280 3502 3503
5 768 848 2552 3273 3504
5 581 1109 2462 2908 3505
5 612 1938 3314 3506 3507
5 862 1789 3059 3070 3508
5 870 1573 3135 3509 3510
5 628 868 2625 3127 3511
5 601 1194 2507 3054 3512
5 632 1999 3460 3513 3514
5 782 1709 2913 3102 3515
5 785 1753 3040 3516 3517
5 621 1113 2540 3096 3518
5 880 1509 2599 3191 3519
5 890 1716 3105 3520 3521
5 886 1068 2622 3484 3522
5 900 1424 2522 3197 3523
5 910 1836 3210 3524 3525
5 906 1088 2746 3526 3527
5 920 1513 2605 3321 3528
5 930 1633 2944 3529 3530
5 926 1208 2645 3492 3531
5 940 1493 2634 3327 3532
5 950 1473 2771 3472 3533
5 946 1313 2657 3412 3534
5 615 2019 3535 3536 3537
5 640 1409 2651 3167 3538
5 647 1837 3160 3539 3540
5 635 2039 3541 3542 3543
5 722 1549 2766 3132 3544
5 725 1877 3180 3545 3546
5 712 2059 3547 3548 3549
5 762 1689 2899 3260 3550
5 765 1814 3022 3539 3551
5 706 1008 2685 3255 3552
5 887 1954 3166 3449 3553
5 883 1003 2444 3042 3554
5 891 1253 3153 3555 3556
5 907 2017 3306 3557 3558
5 903 1044 2477 3002 3559
5 911 1168 3003 3560 3561
5 832 2037 3421 3562 3563
5 824 884 2516 2829 3564
5 826 988 2830 3462 3565
5 927 1974 3173 3383 3566
5 843 923 2474 3041 3567
5 931 1373 3050 3547 3568
5 667 1794 2998 3415 3569
5 872 1994 3300 3392 3570
5 683 864 2510 2877 3571
5 660 1494 2736 3295 3572
5 866 1213 2886 3411 3573
5 687 1857 3165 3516 3574
5 947 1929 3225 3243 3575
5 663 943 2525 2958 3576
5 680 1354 2660 3222 3577
5 951 1393 2970 3513 3578
5 707 1774 2984 3408 3579
5 852 2057 3430 3529 3580
5 744 844 2579 2828 3581
5 700 1654 2860 3400 3582
5 846 1128 2842 3403 3583
5 965 1893 3073 3557 3584
5 961 1343 2489 3274 3585
5 971 1248 2896 3586 3587
5 985 1956 3237 3588 3589
5 981 1404 2555 3241 3590
5 991 1166 2911 3591 3592
5 1005 1773 2919 3562 3593
5 1001 1428 2531 3396 3594
5 1011 1368 2795 3595 3596
5 1025 1653 2754 3467 3597
5 1021 1408 2561 3404 3598
5 1031 1453 2802 3548 3599
5 735 2078 3560 3600 3601
5 724 804 2666 2694 3602
5 755 2098 3603 3604 3605
5 812 2118 3555 3606 3607
5 806 968 2696 3395 3608
5 655 2018 3526 3609 3610
5 643 1024 2486 2922 3611
5 962 1809 2928 3123 3612
5 970 1796 3402 3613 3614
5 675 2079 3615 3616 3617
5 902 1749 2953 2965 3618
5 905 1896 3324 3619 3620
5 695 2099 3621 3622 3623
5 982 1744 2883 3133 3624
5 990 1916 3466 3625 3626
5 715 2119 3595 3627 3628
5 882 1729 2940 3122 3629
5 885 1873 3189 3630 3631
5 703 1028 2596 3116 3632
5 732 2038 3452 3633 3634
5 1002 1889 3071 3208 3635
5 1010 1713 3263 3636 3637
5 721 1184 2534 3065 3638
5 752 1977 3305 3639 3640
5 1022 1909 3081 3234 3641
5 1030 1533 3126 3642 3643
5 741 1269 2564 3076 3644
5 772 2058 3456 3642 3645
5 922 1829 3060 3207 3646
5 925 1733 3115 3639 3647
5 761 1188 2608 3202 3648
5 792 1997 3309 3509 3649
5 942 1849 3080 3217 3650
5 945 1553 2957 3506 3651
5 781 1273 2637 3213 3652
5 1040 1503 2591 3334 3653
5 1050 1793 3062 3654 3655
5 1046 1228 2763 3615 3656
5 1060 1584 2671 3340 3657
5 1070 1856 3220 3658 3659
5 1066 1146 2778 3621 3660
5 1080 1544 2699 3249 3661
5 1090 1976 3349 3662 3663
5 986 1086 2925 3603 3664
5 1100 1588 2677 3463 3665
5 1110 1613 2904 3606 3666
5 1106 1388 2725 3542 3667
5 775 2139 3668 3669 3670
5 800 1589 2798 3278 3671
5 807 1894 3146 3545 3672
5 795 2159 3673 3674 3675
5 820 1429 2728 3248 3676
5 827 1957 3286 3630 3677
5 1047 2074 3310 3524 3678
5 963 1043 2513 3043 3679
5 1051 1328 3044 3668 3680
5 1067 2094 3315 3588 3681
5 1063 1123 2549 3087 3682
5 1071 1246 3089 3683 3684
5 972 2137 3448 3654 3685
5 904 964 2582 2879 3686
5 966 1148 2880 3535 3687
5 992 2157 3453 3688 3689
5 984 1064 2614 2923 3690
5 1087 2096 3386 3691 3692
5 1083 1204 2640 3066 3693
5 1091 1171 3068 3694 3695
5 1012 2114 3319 3520 3696
5 823 1004 2576 3001 3697
5 1006 1288 3009 3541 3698
5 1107 2029 3252 3377 3699
5 803 1103 2588 3086 3700
5 1111 1448 3095 3627 3701
5 847 1914 3155 3496 3702
5 1032 2049 3369 3388 3703
5 840 1514 2804 3366 3704
5 1026 1308 2932 3493 3705
5 867 1934 3172 3362 3706
5 952 1989 3251 3354 3707
5 860 1433 2773 3351 3708
5 941 1413 2788 3359 3709
5 1125 1913 3083 3688 3710
5 1121 1483 2620 3375 3711
5 1131 1326 2937 3712 3713
5 1145 2013 3246 3691 3714
5 1141 1303 2643 3231 3715
5 1151 1251 3057 3716 3717
5 1165 2076 3380 3718 3719
5 1161 1384 2720 3077 3720
5 1185 1688 2817 3600 3721
5 1181 1548 2704 3536 3722
5 1191 1528 2854 3669 3723
5 895 2178 3683 3724 3725
5 915 2198 3694 3726 3727
5 835 2158 3591 3728 3729
5 815 2138 3586 3730 3731
5 1042 1869 3092 3103 3732
5 1045 1833 3272 3733 3734
5 1122 1864 3006 3261 3735
5 1130 1853 3410 3736 3737
5 1142 1724 2833 3279 3738
5 1150 1936 3364 3739 3740
5 855 2179 3712 3741 3742
5 1062 1804 3047 3113 3743
5 1065 1953 3332 3744 3745
5 875 2199 3746 3747 3748
5 1082 1664 3025 3037 3749
5 1085 2016 3470 3750 3751
5 1162 1564 2865 3168 3752
5 1170 2036 3490 3753 3754
5 892 2117 3447 3636 3755
5 1102 1949 3218 3235 3756
5 1105 1693 3106 3633 3757
5 881 1263 2680 3230 3758
5 912 2077 3422 3733 3759
5 1182 2009 3244 3348 3760
5 1190 1608 3211 3730 3761
5 901 1344 2707 3240 3762
5 932 2054 3318 3502 3763
5 1027 1969 3226 3347 3764
5 1020 1593 2945 3499 3765
5 921 1348 2756 3344 3766
5 1200 1643 2745 3478 3767
5 1210 1933 3227 3768 3769
5 1206 1286 2950 3746 3770
5 1220 1684 2812 3367 3771
5 1230 1996 3356 3772 3773
5 1126 1226 2962 3673 3774
5 1240 1524 2850 3223 3775
5 1250 2116 3483 3776 3777
5 1260 1728 2838 3604 3778
5 1270 1708 2979 3724 3779
5 1266 1568 2869 3674 3780
5 935 2219 3781 3782 3783
5 960 1504 2856 3339 3784
5 967 2014 3294 3619 3785
5 955 2239 3786 3787 3788
5 980 1484 2871 3198 3789
5 987 2097 3427 3744 3790
5 1132 2174 3457 3658 3791
5 983 1124 2663 2960 3792
5 1207 2194 3461 3662 3793
5 1143 1203 2691 3118 3794
5 1211 1366 3120 3781 3795
5 1227 2153 3394 3718 3796
5 1223 1283 2717 3203 3797
5 1231 1331 3205 3798 3799
5 1152 2217 3587 3768 3800
5 1084 1144 2739 2776 3801
5 1172 2196 3527 3802 3803
5 1164 1224 2759 2909 3804
5 1095 2237 3592 3805 3806
5 1247 2176 3522 3807 3808
5 1243 1364 2791 3055 3809
5 1192 2129 3389 3482 3810
5 1186 1468 3074 3616 3811
5 1267 2149 3393 3489 3812
5 1271 1628 3238 3741 3813
5 1007 2034 3301 3488 3814
5 1112 2109 3370 3481 3815
5 1000 1508 2906 3477 3816
5 1101 1488 2920 3485 3817
5 1285 2033 3253 3802 3818
5 1281 1463 2762 3345 3819
5 1291 1371 3100 3820 3821
5 1305 1968 3170 3805 3822
5 1301 1663 2777 3486 3823
5 1311 1446 3111 3824 3825
5 1325 2133 3390 3807 3826
5 1321 1443 2794 3214 3827
5 1345 1828 2994 3726 3828
5 1341 1748 2884 3623 3829
5 1351 1626 3017 3782 3830
5 1055 2258 3798 3831 3832
5 1075 2278 3717 3833 3834
5 975 2218 3716 3835 3836
5 995 2238 3695 3837 3838
5 1202 1884 3158 3270 3839
5 1205 1973 3417 3840 3841
5 1282 1824 2990 3401 3842
5 1290 1993 3511 3843 3844
5 1302 1944 3163 3409 3845
5 1310 1928 3498 3846 3847
5 1322 1704 2975 3296 3848
5 1330 2056 3504 3849 3850
5 1015 2259 3820 3851 3852
5 1222 1764 3176 3187 3853
5 1225 2073 3476 3854 3855
5 1035 2279 3824 3856 3857
5 1140 1644 3019 3192 3858
5 1147 2093 3444 3750 3859
5 1242 1624 3016 3148 3860
5 1245 2136 3608 3861 3862
5 1160 1464 2986 3034 3863
5 1167 2156 3565 3854 3864
5 1052 2134 3431 3613 3865
5 1187 2069 3355 3378 3866
5 1180 1648 3063 3609 3867
5 1041 1423 2819 3374 3868
5 1072 2177 3556 3736 3869
5 1262 2089 3363 3384 3870
5 1265 1768 3221 3728 3871
5 1061 1403 2840 3275 3872
5 1092 2197 3561 3840 3873
5 1342 2084 3312 3497 3874
5 1350 1788 3350 3835 3875
5 1081 1304 2826 3129 3876
5 1360 1603 2895 3352 3877
5 1370 2053 3371 3878 3879
5 1380 1763 2910 3500 3880
5 1390 1988 3298 3881 3882
5 1306 1386 3131 3786 3883
5 1400 1803 2924 3610 3884
5 1410 1848 3151 3833 3885
5 1406 1466 3035 3787 3886
5 1420 1868 3007 3729 3887
5 1430 1786 3141 3831 3888
5 1426 1666 3026 3748 3889
5 1115 2299 3890 3891 3892
5 1120 1583 2981 3335 3893
5 1127 2154 3438 3625 3894
5 1292 2254 3596 3772 3895
5 1163 1284 2807 2948 3896
5 1312 2274 3599 3740 3897
5 1367 2213 3531 3776 3898
5 1323 1363 2847 3098 3899
5 1387 2233 3534 3754 3900
5 1221 1383 2862 3257 3901
5 1391 1451 3259 3890 3902
5 1407 2229 3533 3626 3903
5 1411 1526 3277 3856 3904
5 1332 2256 3656 3878 3905
5 1244 1324 2892 2935 3906
5 1235 2297 3713 3881 3907
5 1255 2276 3660 3908 3909
5 1175 2236 3664 3910 3911
5 1272 2169 3503 3521 3912
5 1261 1668 3084 3622 3913
5 1352 2209 3530 3614 3914
5 1346 1566 3247 3747 3915
5 1427 2184 3458 3620 3916
5 1431 1706 3381 3851 3917
5 1445 2108 3317 3908 3918
5 1441 1623 2936 3360 3919
5 1465 2068 3308 3911 3920
5 1461 1561 2949 3494 3921
5 1471 1531 3268 3922 3923
5 1485 1948 3164 3838 3924
5 1481 1741 2961 3617 3925
5 1491 1606 3185 3891 3926
5 1505 1886 3159 3836 3927
5 1501 1806 3048 3742 3928
5 1511 1766 3177 3852 3929
5 1135 2298 3799 3930 3931
5 1215 2318 3821 3932 3933
5 1155 2277 3684 3846 3934
5 1362 1784 3140 3288 3935
5 1365 2113 3552 3936 3937
5 1382 1904 3283 3331 3938
5 1385 2028 3518 3910 3939
5 1402 2004 3303 3416 3940
5 1405 1908 3365 3837 3941
5 1442 1844 3150 3433 3942
5 1450 2048 3632 3943 3944
5 1462 1964 3169 3540 3945
5 1470 1986 3576 3946 3947
5 1482 2064 3307 3546 3948
5 1490 1846 3491 3930 3949
5 1320 1604 3137 3184 3950
5 1327 2173 3583 3861 3951
5 1195 2319 3922 3952 3953
5 1280 1683 3143 3322 3954
5 1287 2193 3573 3753 3955
5 1241 1444 2972 3109 3956
5 1252 2216 3687 3936 3957
5 1212 2214 3568 3739 3958
5 1347 2189 3510 3525 3959
5 1340 1808 3228 3605 3960
5 1201 1543 2996 3397 3961
5 1232 2257 3680 3843 3962
5 1422 2144 3450 3517 3963
5 1425 1888 3357 3727 3964
5 1502 2164 3454 3631 3965
5 1510 1826 3479 3832 3966
5 1520 1783 3056 3507 3967
5 1530 2046 3429 3968 3969
5 1540 1883 3067 3634 3970
5 1550 1926 3291 3932 3971
5 1486 1546 3199 3788 3972
5 1560 1903 3078 3640 3973
5 1570 1991 3435 3974 3975
5 1580 1861 3088 3731 3976
5 1590 1906 3284 3931 3977
5 1586 1646 3193 3857 3978
5 1275 2339 3979 3980 3981
5 1300 1723 3152 3464 3982
5 1307 2234 3578 3663 3983
5 1452 2293 3667 3850 3984
5 1472 2314 3723 3844 3985
5 1492 2289 3666 3737 3986
5 1527 2268 3598 3862 3987
5 1361 1523 3013 3266 3988
5 1547 2223 3532 3751 3989
5 1551 1611 3399 3952 3990
5 1567 2188 3459 3864 3991
5 1381 1563 3031 3405 3992
5 1571 1631 3407 3979 3993
5 1587 2264 3597 3745 3994
5 1591 1686 3336 3892 3995
5 1375 2316 3770 3968 3996
5 1395 2337 3825 3974 3997
5 1335 2296 3774 3943 3998
5 1432 2249 3637 3655 3999
5 1421 1746 3254 3675 4000
5 1412 2269 3643 3659 4001
5 1401 1743 3171 3537 4002
5 1512 2244 3593 3734 4003
5 1506 1726 3341 3783 4004
5 1605 2126 3446 3998 4005
5 1601 1701 3099 3514 4006
5 1625 2168 3455 3957 4007
5 1521 1621 3110 3413 4008
5 1645 2006 3304 3934 4009
5 1641 1721 3119 3628 4010
5 1651 1691 3323 3953 4011
5 1665 2088 3313 3873 4012
5 1541 1661 3130 3543 4013
5 1671 1711 3329 3980 4014
5 1295 2317 3795 3946 4015
5 1315 2338 3902 4016 4017
5 1415 2358 3923 4018 4019
5 1522 1924 3290 3439 4020
5 1525 2128 3648 3909 4021
5 1542 2024 3419 3475 4022
5 1545 2008 3512 3806 4023
5 1562 1963 3424 3443 4024
5 1565 2148 3652 3803 4025
5 1582 2124 3445 3551 4026
5 1585 1946 3505 3834 4027
5 1602 1984 3297 3569 4028
5 1610 2106 3700 3996 4029
5 1622 1923 3224 3574 4030
5 1630 2051 3567 4031 4032
5 1642 2104 3316 3672 4033
5 1650 1966 3611 3933 4034
5 1662 2023 3250 3677 4035
5 1670 1931 3571 4016 4036
5 1372 2253 3698 3849 4037
5 1440 1703 3181 3328 4038
5 1447 2273 3705 3777 4039
5 1355 2359 3993 4040 4041
5 1460 1823 3292 3468 4042
5 1467 2228 3709 3719 4043
5 1507 2204 3584 3647 4044
5 1500 1866 3372 3725 4045
5 1392 2294 3701 3773 4046
5 1487 2224 3589 3651 4047
5 1480 1863 3299 3601 4048
5 1680 1821 3204 3645 4049
5 1690 2026 3420 4015 4050
5 1700 1841 3215 3649 4051
5 1710 2111 3554 4052 4053
5 1720 1941 3232 3755 4054
5 1730 1971 3425 4017 4055
5 1740 2003 3242 3759 4056
5 1750 1851 3442 4018 4057
5 1435 2379 4014 4058 4059
5 1612 2308 3722 3937 4060
5 1632 2333 3780 3944 4061
5 1652 2304 3721 3841 4062
5 1672 2329 3779 3847 4063
5 1575 2354 3830 3947 4064
5 1687 2283 3665 3855 4065
5 1707 2248 3594 3951 4066
5 1727 2203 3528 3859 4067
5 1731 1771 3465 3981 4068
5 1747 2143 3391 3790 4069
5 1751 1791 3474 4040 4058
5 1455 2336 3883 4031 4052
5 1535 2356 3886 4032 4070
5 1555 2377 3926 4036 4071
5 1592 2284 3710 3757 4072
5 1581 1801 3276 3670 4073
5 1552 2309 3761 3769 4074
5 1765 2146 3451 3962 4075
5 1681 1761 3258 3549 4076
5 1785 2206 3585 4037 4077
5 1600 1781 3267 3473 4078
5 1805 2081 3382 3869 4079
5 1811 1831 3469 4041 4080
5 1475 2357 3904 3975 4081
5 1495 2378 3990 4057 4082
5 1595 2398 4011 4083 4084
5 1682 2044 3428 3579 4085
5 1685 2066 3638 3907 4086
5 1702 1983 3434 3471 4087
5 1705 2166 3758 3905 4088
5 1620 1843 3325 3441 4089
5 1627 2208 3766 3808 4090
5 1722 2103 3553 3582 4091
5 1725 2086 3644 3800 4092
5 1742 2063 3558 3572 4093
5 1745 2083 3577 3689 4094
5 1660 1943 3436 3563 4095
5 1667 2183 3692 3708 4096
5 1762 2043 3368 3702 4097
5 1770 2031 3697 3997 4098
5 1782 1981 3353 3706 4099
5 1790 2131 3679 4070 4100
5 1802 2123 3387 3785 4101
5 1810 1911 3581 4019 4083
5 1532 2313 3811 3879 4102
5 1607 2288 3817 3826 4103
5 1515 2399 4068 4080 4104
5 1640 1881 3398 3607 4105
5 1647 2263 3714 3765 4106
5 1572 2334 3813 3882 4107
5 1820 1961 3346 3763 4108
5 1830 2071 3559 4081 4109
5 1840 1920 3361 3707 4110
5 1850 2171 3682 4111 4112
5 1860 2061 3376 3865 4113
5 1870 1951 3564 4082 4084
5 1772 2323 3778 3939 4114
5 1792 2348 3829 4021 4115
5 1715 2373 3889 4029 4112
5 1812 2344 3828 3941 4116
5 1755 2369 3888 3949 4117
5 1752 2349 3875 3885 4118
5 1735 2394 3929 4034 4119
5 1827 2241 3653 3955 4120
5 1847 2286 3711 4039 4121
5 1867 2161 3519 3894 4122
5 1871 1891 3602 4059 4104
5 1615 2376 3972 4053 4100
5 1635 2353 3915 3969 4111
5 1695 2396 3978 4098 4109
5 1692 2303 3818 3867 4123
5 1732 2324 3822 3871 4124
5 1885 2181 3523 3958 4125
5 1905 2226 3590 4046 4126
5 1760 1901 3406 3580 4127
5 1925 2271 3715 4102 4128
5 1780 1921 3414 3570 4129
5 1655 2397 3995 4055 4130
5 1675 2374 3917 3971 4131
5 1822 2041 3550 3566 4132
5 1825 2186 3762 3895 4133
5 1787 2246 3868 3898 4134
5 1842 1980 3515 3575 4135
5 1845 2266 3872 3984 4136
5 1767 2243 3796 3816 4137
5 1862 2121 3671 3678 4138
5 1865 2141 3676 3791 4139
5 1807 2163 3681 3704 4140
5 1800 2001 3538 3685 4141
5 1882 2101 3480 3814 4142
5 1890 2011 3686 4071 4130
5 1902 2040 3501 3764 4143
5 1910 2151 3792 4064 4144
5 1922 1982 3508 3650 4145
5 1930 2211 3794 4061 4146
5 1712 2328 3913 3918 4147
5 1940 2020 3487 3815 4148
5 1950 2091 3690 4119 4131
5 1900 1960 3495 3703 4149
5 1970 2191 3693 4107 4150
5 1990 2251 3797 4115 4147
5 1892 2363 3887 4023 4151
5 1912 2341 3884 4025 4152
5 1835 2388 3928 4086 4150
5 1855 2366 3925 4088 4128
5 1932 2326 3823 4090 4153
5 1875 2384 3927 4027 4154
5 1872 2364 3924 3964 4155
5 1815 2389 3966 3977 4156
5 1947 2261 3657 3983 4157
5 1967 2301 3767 4043 4158
5 1987 2311 3819 4103 4153
5 1775 2393 4004 4050 4144
5 1795 2368 4000 4005 4146
5 1832 2343 3920 3960 4159
5 2005 2220 3661 4001 4160
5 2025 2230 3720 4074 4161
5 1880 2021 3544 3696 4162
5 2045 2290 3827 4123 4152
5 1887 2201 3784 3793 4163
5 1942 2100 3629 3699 4164
5 1945 2221 3789 3897 4165
5 1962 2042 3641 3646 4166
5 1965 2231 3876 3985 4167
5 1907 2281 3893 3900 4168
5 1927 2306 3961 3987 4169
5 1985 2291 3901 4060 4170
5 2002 2120 3612 3866 4171
5 2010 2090 3801 4117 4156
5 2022 2102 3635 3756 4172
5 2030 2190 3896 4063 4173
5 2050 2250 3899 4114 4159
5 1852 2346 4002 4007 4170
5 2000 2060 3618 3810 4174
5 2070 2150 3804 4118 4154
5 2080 2140 3624 3912 4175
5 2110 2210 3809 4124 4151
5 1955 2381 3976 4092 4161
5 2012 2360 3970 4094 4176
5 2032 2320 3880 4096 4177
5 1975 2391 4010 4126 4133
5 1995 2351 3921 4121 4134
5 1935 2371 4013 4077 4136
5 2052 2330 3919 4137 4158
5 1895 2383 4009 4045 4173
5 1952 2361 4012 4048 4178
5 2067 2280 3771 4047 4179
5 2087 2200 3738 3959 4180
5 2107 2305 3877 4106 4177
5 1915 2386 4073 4075 4167
5 1972 2321 3982 3991 4181
5 2125 2265 3775 4072 4176
5 2145 2185 3752 3999 4182
5 2007 2260 3858 3903 4183
5 2062 2122 3732 3760 4184
5 2065 2225 3863 3986 4185
5 2082 2160 3743 3812 4186
5 2085 2180 3749 3914 4187
5 2105 2270 3956 4062 4178
5 2027 2300 3954 3989 4188
5 2047 2310 3988 4065 4181
5 1992 2331 3992 4066 4169
5 2130 2170 3906 4116 4155
5 2142 2162 3735 3870 4189
5 2075 2385 4049 4139 4160
5 2095 2382 4054 4141 4182
5 2132 2345 3967 4140 4179
5 2152 2342 3973 4093 4190
5 2092 2362 4056 4095 4191
5 2115 2370 4006 4157 4163
5 2035 2390 4076 4125 4165
5 2055 2350 4008 4120 4168
5 2015 2380 4079 4105 4185
5 2072 2340 4042 4069 4192
5 2167 2245 3848 4044 4190
5 2187 2242 3842 3963 4193
5 2112 2325 4038 4067 4188
5 2165 2205 3860 4003 4191
5 2127 2285 3950 3994 4192
5 2147 2240 3853 3916 4194
5 2182 2202 3839 3874 4195
5 2222 2262 3845 3940 4196
5 2175 2367 4051 4138 4180
5 2195 2392 4108 4162 4175
5 2155 2387 4113 4127 4187
5 2212 2327 4030 4091 4193
5 2192 2322 4024 4035 4197
5 2232 2302 3945 4022 4198
5 2172 2347 4089 4101 4194
5 2135 2365 4078 4122 4183
5 2207 2247 3935 3965 4197
5 2267 2287 3942 4026 4198
5 2227 2282 3938 3948 4199
5 2255 2352 4099 4132 4189
5 2275 2375 4110 4164 4171
5 2215 2372 4129 4142 4186
5 2235 2395 4148 4149 4174
5 2252 2332 4087 4097 4195
5 2292 2312 4028 4085 4196
5 2272 2307 4020 4033 4199
5 2295 2355 4135 4143 4184
5 2315 2335 4145 4166 4172
