# Generated using Miratope v0.5.0 (https://github.com/galoomba1/miratope-rs)
4OFF

# Vertices, Faces, Edges, Cells
120 4920 1200 1320

# Vertices
0.809016994374945 0.809016994374945 0.809016994374945 0.809016994374945 
0.809016994374945 0.809016994374945 0.809016994374945 -0.809016994374945 
0.809016994374945 0.809016994374945 -0.809016994374945 0.809016994374945 
0.809016994374945 -0.809016994374945 0.809016994374945 0.809016994374945 
0.809016994374945 1.30901699437495 0 -0.5 
0.809016994374945 -0.5 1.30901699437495 0 
0.809016994374945 0 -0.5 1.30901699437495 
0.809016994374945 0.809016994374945 -0.809016994374945 -0.809016994374945 
0.809016994374945 -0.809016994374945 0.809016994374945 -0.809016994374945 
0.809016994374945 1.30901699437495 0 0.5 
0.809016994374945 0 -0.5 -1.30901699437495 
0.809016994374945 -0.809016994374945 -0.809016994374945 0.809016994374945 
0.809016994374945 0 0.5 1.30901699437495 
0.809016994374945 -0.5 -1.30901699437495 0 
0.809016994374945 0.5 1.30901699437495 0 
0.809016994374945 -1.30901699437495 0 -0.5 
0.809016994374945 -0.809016994374945 -0.809016994374945 -0.809016994374945 
0.809016994374945 0 0.5 -1.30901699437495 
0.809016994374945 0.5 -1.30901699437495 0 
0.809016994374945 -1.30901699437495 0 0.5 
0 -1.61803398874989 0 0 
1.30901699437495 0.5 0 0.809016994374945 
1.30901699437495 0 -0.809016994374945 -0.5 
0 -1.30901699437495 0.5 0.809016994374945 
1.30901699437495 0.5 0 -0.809016994374945 
1.30901699437495 0 -0.809016994374945 0.5 
0 -1.30901699437495 0.5 -0.809016994374945 
0.5 -0.809016994374945 0 1.30901699437495 
0 -0.809016994374945 1.30901699437495 0.5 
0 -0.809016994374945 1.30901699437495 -0.5 
0.5 -0.809016994374945 0 -1.30901699437495 
1.30901699437495 0.809016994374945 0.5 0 
0.5 0 1.30901699437495 0.809016994374945 
0.5 0 1.30901699437495 -0.809016994374945 
0.5 -1.30901699437495 -0.809016994374945 0 
0 0 1.61803398874989 0 
1.30901699437495 0.809016994374945 -0.5 0 
1.30901699437495 -0.5 0 0.809016994374945 
0 0.809016994374945 1.30901699437495 -0.5 
1.30901699437495 -0.809016994374945 -0.5 0 
0.5 1.30901699437495 0.809016994374945 0 
0.5 -1.30901699437495 0.809016994374945 0 
0 0.5 0.809016994374945 -1.30901699437495 
0 -0.5 0.809016994374945 -1.30901699437495 
0.5 0.809016994374945 0 -1.30901699437495 
0 0 0 1.61803398874989 
-0.5 1.30901699437495 0.809016994374945 0 
-0.5 0.809016994374945 0 1.30901699437495 
-0.5 -0.809016994374945 0 1.30901699437495 
-0.5 -1.30901699437495 0.809016994374945 0 
0 1.30901699437495 0.5 0.809016994374945 
-1.30901699437495 0.5 0 0.809016994374945 
-1.30901699437495 -0.5 0 0.809016994374945 
-0.5 0 1.30901699437495 -0.809016994374945 
-1.30901699437495 0.809016994374945 0.5 0 
-1.30901699437495 0 0.809016994374945 -0.5 
-1.30901699437495 -0.809016994374945 0.5 0 
-0.809016994374945 0.809016994374945 0.809016994374945 0.809016994374945 
1.30901699437495 0 0.809016994374945 -0.5 
0 -0.5 0.809016994374945 1.30901699437495 
-0.809016994374945 0.809016994374945 0.809016994374945 -0.809016994374945 
1.30901699437495 0 0.809016994374945 0.5 
-0.809016994374945 -0.809016994374945 0.809016994374945 0.809016994374945 
0 0.5 0.809016994374945 1.30901699437495 
-0.809016994374945 -0.809016994374945 0.809016994374945 -0.809016994374945 
-1.30901699437495 0 0.809016994374945 0.5 
-0.809016994374945 0.5 1.30901699437495 0 
-0.809016994374945 -1.30901699437495 0 0.5 
1.30901699437495 -0.809016994374945 0.5 0 
0 0.809016994374945 1.30901699437495 0.5 
-0.809016994374945 0 0.5 1.30901699437495 
-0.5 0 1.30901699437495 0.809016994374945 
0 1.30901699437495 -0.5 0.809016994374945 
-0.809016994374945 0.809016994374945 -0.809016994374945 0.809016994374945 
-0.5 0 -1.30901699437495 0.809016994374945 
0 -1.30901699437495 -0.5 0.809016994374945 
-0.809016994374945 -0.809016994374945 -0.809016994374945 0.809016994374945 
0.5 0 -1.30901699437495 0.809016994374945 
1.61803398874989 0 0 0 
0 0.809016994374945 -1.30901699437495 0.5 
-0.809016994374945 0 -0.5 1.30901699437495 
0 -0.809016994374945 -1.30901699437495 0.5 
0 0.5 -0.809016994374945 1.30901699437495 
0.5 0.809016994374945 0 1.30901699437495 
-0.5 1.30901699437495 -0.809016994374945 0 
0.5 1.30901699437495 -0.809016994374945 0 
-0.809016994374945 1.30901699437495 0 -0.5 
0 1.30901699437495 0.5 -0.809016994374945 
0 1.30901699437495 -0.5 -0.809016994374945 
-0.809016994374945 1.30901699437495 0 0.5 
0 1.61803398874989 0 0 
0 -0.5 -0.809016994374945 1.30901699437495 
-1.30901699437495 0.809016994374945 -0.5 0 
-1.30901699437495 0 -0.809016994374945 0.5 
-1.61803398874989 0 0 0 
-0.809016994374945 -0.5 1.30901699437495 0 
1.30901699437495 -0.5 0 -0.809016994374945 
-0.5 0.809016994374945 0 -1.30901699437495 
-0.809016994374945 0 0.5 -1.30901699437495 
-1.30901699437495 0.5 0 -0.809016994374945 
0 0 -1.61803398874989 0 
0 0.809016994374945 -1.30901699437495 -0.5 
0.5 0 -1.30901699437495 -0.809016994374945 
-0.809016994374945 0.809016994374945 -0.809016994374945 -0.809016994374945 
-0.809016994374945 0 -0.5 -1.30901699437495 
-0.809016994374945 -0.5 -1.30901699437495 0 
-0.809016994374945 -1.30901699437495 0 -0.5 
-0.809016994374945 -0.809016994374945 -0.809016994374945 -0.809016994374945 
-0.809016994374945 0.5 -1.30901699437495 0 
-1.30901699437495 0 -0.809016994374945 -0.5 
-0.5 -0.809016994374945 0 -1.30901699437495 
-0.5 -1.30901699437495 -0.809016994374945 0 
-1.30901699437495 -0.5 0 -0.809016994374945 
-1.30901699437495 -0.809016994374945 -0.5 0 
0 0 0 -1.61803398874989 
-0.5 0 -1.30901699437495 -0.809016994374945 
0 -1.30901699437495 -0.5 -0.809016994374945 
0 -0.809016994374945 -1.30901699437495 -0.5 
0 0.5 -0.809016994374945 -1.30901699437495 
0 -0.5 -0.809016994374945 -1.30901699437495 

# Faces
3 0 1 5
5 0 6 13 10 1
3 0 4 2
5 0 2 13 15 5
5 0 3 15 10 4
3 0 3 6
3 7 9 1
5 7 13 19 5 1
5 9 1 8 19 6
3 1 8 10
5 7 2 12 5 17
3 2 13 7
3 2 11 12
5 2 11 15 17 4
5 11 18 4 14 3
3 3 15 11
3 3 14 8
5 8 3 6 18 10
5 16 7 9 12 19
3 7 16 17
5 12 11 16 17 14
3 11 16 18
5 8 14 9 18 16
3 16 19 8
3 14 12 9
3 6 18 9
3 14 17 4
3 12 19 5
3 4 18 10
3 5 17 15
3 6 19 13
3 15 10 13
3 16 20 11
5 21 11 20 29 14
3 21 22 11
3 11 12 23
5 11 22 17 29 23
5 16 24 14 28 20
3 24 25 16
5 16 25 12 28 26
3 16 26 17
3 27 28 20
5 24 30 20 27 21
3 20 30 29
3 31 12 25
5 31 12 23 26 17
3 31 33 32
5 32 23 34 22 31
5 25 31 33 26 34
3 31 17 22
3 21 14 24
3 21 27 32
5 32 21 22 30 29
3 14 28 12
3 17 29 14
5 27 34 30 33 32
3 32 29 23
5 25 27 28 33 24
3 24 33 30
3 25 27 34
3 33 26 28
3 22 34 30
3 23 34 26
3 0 35 3
5 36 0 35 43 10
3 0 37 36
5 0 37 15 43 38
3 4 38 0
5 3 35 42 10 39
3 3 21 39
5 21 3 29 42 4
3 15 29 3
5 40 35 41 39 36
3 40 42 35
3 35 41 43
3 21 40 32
5 40 42 30 39 21
3 21 4 22
5 40 32 41 30 44
3 40 36 44
5 32 38 44 22 37
3 37 41 32
3 29 38 32
5 41 37 36 44 43
3 36 39 10
3 22 15 37
5 4 38 29 15 22
3 10 42 4
3 44 43 38
3 39 41 30
3 30 44 22
3 29 30 42
3 10 43 15
3 0 45 3
5 3 49 55 46 0
5 38 55 52 45 0
5 5 0 47 52 49
3 5 38 0
3 46 47 0
5 29 3 45 51 55
5 3 14 46 51 48
3 14 3 29
3 3 48 49
3 45 51 50
5 50 38 29 23 45
3 45 23 52
3 14 12 50
5 14 12 48 56 53
5 14 50 51 56 29
3 14 53 46
5 12 50 54 56 23
5 5 12 47 54 53
3 5 23 12
3 47 48 12
3 50 54 38
5 38 5 23 52 54
3 5 49 53
5 48 47 46 53 49
3 51 55 46
3 47 52 54
3 29 55 38
3 48 51 56
3 54 56 53
3 23 56 29
3 52 49 55
3 0 46 1
5 0 1 43 49 59
3 0 58 3
5 58 0 57 55 43
3 57 59 0
3 1 61 8
5 8 49 65 46 1
5 61 1 60 65 59
3 60 43 1
5 3 8 42 46 63
3 8 49 3
3 3 62 63
5 62 55 42 58 3
3 60 40 57
5 57 59 41 43 60
5 57 62 41 58 40
3 57 62 55
5 8 64 65 63 61
3 64 42 8
5 60 64 41 61 40
3 64 65 60
5 62 63 40 42 64
3 62 41 64
3 61 63 40
3 61 41 59
3 42 58 40
3 46 65 63
3 41 43 58
3 46 42 55
3 65 49 59
3 49 43 55
3 8 20 64
5 14 8 20 48 63
3 19 61 8
3 14 53 8
5 48 19 8 53 65
5 27 63 66 64 20
3 64 66 33
5 61 33 64 67 27
3 65 67 64
3 20 68 27
5 68 14 66 56 20
3 56 20 48
3 61 33 69
5 65 69 61 19 67
3 63 27 61
3 14 12 68
3 63 66 14
3 69 70 12
5 19 26 53 69 12
5 12 70 56 26 68
3 19 48 12
5 26 67 70 69 33
3 69 53 65
3 63 48 65
5 70 27 68 33 66
3 33 26 68
3 66 56 70
3 70 27 67
3 53 26 56
3 19 67 26
3 0 37 2
5 2 0 71 52 74
3 0 71 3
5 0 72 74 75 3
5 0 57 52 75 37
3 0 57 72
5 11 2 50 71 23
3 11 74 2
3 2 50 73
5 23 37 2 73 52
3 11 3 21
5 11 3 71 51 74
5 21 3 62 51 72
3 3 62 75
5 73 77 37 32 57
3 73 52 57
3 62 32 57
5 57 72 77 75 62
5 51 76 11 21 50
3 23 76 11
5 23 76 73 50 32
3 73 76 77
5 76 62 32 21 77
3 76 51 62
3 21 32 50
3 72 77 21
3 23 37 32
3 50 51 71
3 77 75 37
3 52 71 23
3 72 51 74
3 52 75 74
3 3 78 0
5 0 78 13 74 47
3 36 72 0
5 36 13 75 59 0
3 0 59 47
5 78 3 48 74 18
5 63 3 39 18 72
3 48 63 3
3 3 75 39
5 48 47 9 78 19
3 9 18 78
3 13 78 19
3 63 9 61
5 61 19 81 79 9
5 61 63 80 81 39
5 59 80 79 36 61
3 36 61 39
3 61 59 19
5 9 63 48 81 18
3 9 47 79
3 63 72 80
5 39 75 80 72 36
3 36 79 13
5 47 59 19 13 79
3 47 48 74
3 72 18 74
3 80 75 59
3 39 18 81
3 80 81 79
3 48 81 19
3 74 13 75
3 76 20 62
5 62 20 39 21 63
3 32 62 41
3 62 80 63
5 39 77 80 62 41
5 20 68 21 82 76
3 70 82 76
5 76 34 68 32 70
3 76 34 77
3 28 68 20
5 28 63 82 81 20
3 39 20 81
3 32 68 21
3 63 82 21
3 21 77 39
3 61 25 83
5 80 83 61 41 67
3 63 28 61
5 25 61 28 67 81
3 39 61 41
3 32 70 83
5 41 32 83 77 34
5 25 83 70 67 34
3 83 80 77
5 68 25 82 70 28
3 25 34 68
3 25 82 81
3 70 28 67
3 81 67 80
3 67 34 41
3 2 45 73
5 2 31 38 54 73
5 45 2 4 38 71
3 2 31 12
5 2 12 71 54 84
3 2 4 84
5 73 45 32 38 86
5 32 31 85 73 70
3 70 54 73
3 73 85 86
3 21 45 32
5 4 21 45 51 86
3 51 45 71
5 12 31 87 54 70
3 31 38 32
3 31 87 85
3 4 21 14
5 14 21 82 51 66
5 21 32 66 86 85
3 21 85 82
3 12 71 14
5 14 12 82 84 87
5 14 71 51 84 4
3 14 87 66
3 12 82 70
3 70 32 66
3 4 86 38
3 54 71 38
5 66 70 82 85 87
3 86 51 66
3 87 54 84
3 82 84 51
3 1 78 7
5 79 7 1 69 47
5 46 47 6 78 1
3 1 69 61
5 1 88 79 6 61
3 1 46 88
5 7 78 12 47 84
5 25 12 69 87 7
3 7 25 79
3 84 7 87
3 14 78 12
5 18 84 46 14 78
3 18 78 6
5 69 89 79 25 61
3 61 6 63
5 61 63 89 88 24
3 25 61 24
3 14 63 46
5 14 63 82 18 24
3 14 24 87
3 47 69 12
3 25 82 12
3 89 87 69
5 18 88 46 63 6
3 82 89 63
3 79 6 47
3 46 47 84
5 24 87 89 82 25
3 24 18 88
3 89 88 79
3 82 84 18
3 57 35 60
5 60 44 36 83 57
5 72 36 58 35 57
3 32 83 57
5 57 86 44 58 32
3 72 86 57
5 61 35 60 88 36
5 61 83 89 60 33
3 88 60 89
3 33 44 60
3 63 35 61
5 42 88 72 63 35
3 35 58 42
3 21 58 32
3 72 63 21
5 21 63 66 42 24
5 58 21 72 86 42
3 24 85 21
3 61 83 36
3 33 24 61
5 32 33 44 85 83
3 89 85 83
3 33 66 32
3 63 66 89
3 36 58 44
3 36 72 88
5 33 66 89 85 24
3 24 88 42
3 66 86 42
3 86 44 85
3 0 2 90
5 90 0 59 52 92
5 46 0 6 74 92
3 0 6 59
3 0 71 46
5 54 90 2 91 52
3 2 91 12
3 2 74 84
3 90 69 54
5 69 59 91 79 90
3 79 92 90
3 12 69 9
5 12 48 93 84 9
5 65 93 79 9 69
5 65 46 9 6 48
3 9 79 6
3 46 84 9
5 91 12 69 54 93
3 48 71 12
3 65 59 69
5 65 92 79 6 59
3 48 74 6
5 46 84 74 48 71
3 46 65 92
3 52 71 54
3 91 52 59
3 84 93 54
3 48 93 65
3 79 93 91
3 52 92 74
3 73 94 76
5 83 73 94 95 32
3 73 91 83
3 50 54 73
5 73 91 23 95 54
5 27 76 94 66 32
3 82 27 76
5 66 56 76 82 50
3 56 76 23
3 66 94 89
5 83 27 67 94 89
3 95 67 94
3 50 82 12
3 28 69 12
5 28 12 82 93 56
3 12 23 91
3 32 83 27
3 89 83 69
5 83 91 67 95 69
3 32 66 50
3 32 95 23
5 69 28 67 93 89
3 69 54 95
5 82 27 28 66 89
3 89 93 82
3 66 28 56
3 27 28 67
3 93 67 91
3 54 93 56
3 38 90 0
5 35 55 92 72 0
3 0 35 59
3 0 72 45
5 60 95 59 83 90
3 90 60 92
3 40 35 60
5 60 92 80 59 35
5 80 94 60 40 83
3 95 60 94
3 73 90 83
5 90 73 52 95 38
3 45 73 52
3 73 94 86
5 40 72 80 62 35
3 62 55 35
3 32 45 62
5 62 55 86 72 45
5 62 32 40 86 94
3 62 94 80
3 40 83 32
3 72 40 86
3 80 83 59
3 38 95 32
3 80 92 72
3 38 86 55
3 52 95 59
3 52 55 92
3 0 2 45
5 0 45 75 15 58
3 0 36 58
3 0 59 5
5 45 23 15 22 2
3 31 22 2
5 31 5 23 91 2
3 13 91 2
5 45 32 58 22 77
3 32 45 23
3 77 75 45
3 32 31 83
5 83 91 34 96 31
3 5 96 31
5 59 83 36 96 41
3 77 36 83
3 91 83 59
3 32 58 41
5 75 41 58 36 77
3 36 96 13
3 22 15 58
5 91 13 96 5 59
3 15 23 5
3 59 75 41
3 41 34 96
3 34 77 22
3 23 91 34
3 15 75 13
3 1 78 0
5 78 0 71 49 15
3 37 59 0
3 0 71 38
5 78 1 53 49 19
5 69 59 19 96 1
3 53 1 69
3 43 96 1
3 12 78 19
5 71 12 78 17 53
3 17 78 15
3 12 69 31
5 31 69 95 26 96
5 31 37 23 95 38
3 31 37 96
3 31 38 17
3 23 71 12
3 59 95 69
5 59 37 96 43 95
3 37 23 15
5 17 38 71 23 15
3 49 71 53
3 43 95 38
3 59 49 19
3 26 96 19
3 23 26 95
3 17 53 26
3 43 49 15
3 7 90 2
5 2 37 5 38 90
3 12 2 50
5 50 38 17 22 2
3 37 22 2
5 90 7 96 5 69
3 7 96 25
3 7 17 87
3 69 83 90
5 90 44 96 37 83
3 38 90 44
5 12 68 17 87 50
3 5 69 12
3 12 68 25
3 32 83 37
5 33 96 25 83 69
3 83 25 85
3 38 32 50
5 32 50 85 22 68
3 32 68 33
3 85 87 50
3 69 87 33
3 96 37 5
3 5 38 17
5 68 33 87 85 25
3 22 68 17
3 44 22 85
3 33 44 96
3 0 57 90
5 5 0 90 97 43
3 4 58 0
5 71 0 4 97 55
3 0 5 71
5 90 44 43 95 57
3 32 57 95
3 57 86 55
5 31 90 54 95 5
3 90 44 31
3 90 97 54
3 32 50 31
5 31 44 98 95 32
5 54 50 31 17 98
3 5 31 17
5 32 29 98 86 50
3 29 58 32
5 17 4 50 71 29
3 4 50 86
3 50 71 54
5 4 58 29 55 86
3 44 58 43
3 17 97 4
5 54 97 17 5 71
3 95 5 43
3 29 71 55
3 44 98 86
3 95 98 54
3 29 17 98
3 43 97 55
3 62 94 64
3 32 62 29
3 62 51 63
5 29 62 51 86 42
5 33 40 89 94 64
3 33 64 28
5 63 28 64 99 89
3 64 42 99
3 94 89 70
5 32 70 94 98 33
3 86 94 98
3 50 87 14
3 28 63 14
5 63 14 42 99 51
5 14 87 99 56 28
3 29 14 42
3 32 33 40
3 40 89 63
3 42 86 40
3 32 50 70
5 56 98 87 50 70
3 50 86 51
5 33 87 89 70 28
3 89 99 87
3 56 28 70
3 87 98 33
3 56 98 29
3 51 56 99
3 0 35 1
5 47 0 1 97 92
3 0 72 4
3 0 47 71
5 88 92 65 35 1
5 53 1 9 47 65
3 9 88 1
3 1 53 97
3 63 65 35
3 42 55 35
3 14 63 9
5 14 53 99 84 9
5 63 9 88 99 65
3 47 84 9
3 4 42 14
3 14 71 53
3 72 51 63
5 42 55 51 72 4
3 84 97 4
5 84 47 71 53 97
3 92 47 65
3 51 71 55
3 72 88 92
3 51 84 99
3 65 99 53
3 88 99 42
3 92 97 55
3 0 78 6
3 0 58 35
5 6 75 49 35 0
3 45 71 0
5 14 71 48 11 78
3 15 78 11
3 21 45 11
5 45 11 15 29 71
3 20 11 48
3 14 78 8
5 49 8 78 6 48
5 63 35 8 39 6
3 49 35 8
3 20 39 8
3 63 62 35
5 75 62 35 58 39
5 21 58 29 62 45
3 75 45 62
3 29 62 20
3 21 63 14
3 39 58 21
3 29 71 14
3 63 48 6
3 15 58 29
3 75 6 39
3 48 49 71
3 15 49 75
3 3 11 45
5 3 45 72 4 58
3 14 63 3
3 39 58 3
5 50 4 22 11 45
5 14 50 82 11 68
3 11 68 22
3 11 82 18
3 50 45 32
3 77 45 72
3 14 4 50
3 14 24 68
3 40 32 58
5 32 40 85 77 27
3 40 72 63
5 24 40 63 27 39
5 58 39 77 72 40
3 24 40 85
3 32 68 27
3 82 85 50
3 63 27 82
3 4 58 22
3 18 72 4
5 68 24 85 82 27
3 18 24 39
3 22 85 77
3 39 27 77
3 4 78 0
5 37 0 90 101 13
3 47 90 0
3 0 37 45
5 45 0 4 101 74
3 7 78 13
3 90 7 31
5 13 91 47 90 7
5 7 31 12 91 100
3 7 84 100
3 12 11 78
5 84 74 11 78 4
3 11 45 74
5 12 50 84 100 11
3 22 100 11
5 31 90 73 91 37
3 73 101 90
3 50 73 45
5 73 101 22 37 45
5 50 31 22 100 73
3 73 100 91
3 12 50 31
3 31 37 22
3 47 91 12
3 84 50 4
3 91 13 37
3 22 101 4
3 74 84 47
3 13 101 74
3 1 90 0
3 0 58 37
5 72 0 58 10 101
3 6 72 0
5 79 90 1 96 13
3 1 96 61
3 1 88 10
3 79 83 90
3 90 101 44
3 61 40 83
5 40 61 39 102 88
5 83 79 102 96 61
3 39 6 61
5 40 83 77 102 44
3 40 58 44
3 88 40 72
3 37 83 77
5 44 101 77 37 58
3 96 13 37
3 39 10 58
5 39 6 72 88 10
3 6 79 13
3 77 101 72
3 39 77 102
3 96 102 44
3 79 102 88
3 10 101 13
3 7 16 100
3 31 7 96
3 9 7 79
5 79 7 96 19 91
5 68 16 100 82 12
3 24 68 16
5 24 9 82 81 16
3 16 81 19
3 85 82 100
5 34 100 85 31 68
3 91 34 100
3 12 68 31
3 31 83 85
3 61 24 9
3 61 27 83
5 61 24 102 81 27
3 61 96 19
3 12 9 82
3 19 91 12
5 34 102 85 83 27
3 91 83 79
3 27 34 68
3 24 85 102
3 81 27 82
3 96 102 34
3 81 102 79
3 0 57 35
3 0 5 37
3 0 47 6
5 35 41 75 80 57
5 57 95 41 37 83
3 83 57 80
3 57 95 52
5 6 61 35 65 80
3 41 61 35
3 65 49 35
3 61 69 83
3 19 61 6
3 91 37 83
5 19 91 47 69 5
3 69 5 95
3 65 47 69
5 52 91 37 5 95
3 41 75 37
3 5 49 19
5 65 47 6 19 49
3 80 6 75
3 52 91 47
3 67 95 41
3 67 80 65
3 19 91 67
3 52 49 75
3 60 90 1
5 5 59 47 90 1
3 1 61 9
3 5 53 1
3 60 65 89
3 60 95 33
3 90 31 83
3 54 90 47
3 12 5 31
5 33 95 70 83 31
3 33 87 31
5 61 28 65 89 9
3 61 59 83
3 33 61 28
3 12 47 9
5 9 12 28 53 87
3 87 9 89
3 12 70 28
3 83 89 70
3 59 95 5
3 65 47 59
3 54 70 95
3 54 87 53
3 53 28 65
3 60 57 95
5 60 57 80 105 104
3 73 86 57
5 57 95 106 105 73
5 57 62 106 104 86
3 57 80 62
3 89 103 60
5 95 60 103 105 67
5 60 89 80 67 64
3 60 64 104
5 70 95 98 103 73
3 73 103 105
3 76 70 73
5 76 106 98 86 73
3 64 66 62
5 64 104 108 80 62
5 76 108 86 66 62
3 62 106 76
5 70 89 103 107 67
3 103 98 107
5 66 64 107 108 89
3 64 67 107
5 70 76 107 98 66
3 76 108 107
3 66 89 70
3 89 108 80
3 86 66 98
3 67 70 95
3 108 104 86
3 95 106 98
3 80 67 105
3 106 105 104
3 76 107 20
5 51 66 29 20 76
3 76 23 70
3 76 109 51
5 29 98 109 76 23
5 28 20 107 99 66
3 99 93 107
5 28 70 93 107 26
3 107 98 26
3 20 48 28
5 20 48 51 99 110
3 29 110 20
5 71 53 110 111 48
3 48 71 51
3 54 53 71
5 51 109 110 29 71
3 23 71 29
5 71 54 109 111 23
3 70 28 66
3 98 29 66
3 51 66 99
5 54 70 23 26 98
3 54 70 93
5 99 93 48 28 53
3 26 28 53
3 48 93 111
5 54 93 111 26 53
3 53 110 99
3 98 109 54
3 23 111 26
3 109 110 111
3 60 35 64
3 89 69 60
5 59 67 112 60 69
3 60 112 92
5 63 35 64 113 80
3 64 28 67
3 64 113 99
3 46 35 63
5 35 46 92 113 49
3 59 35 49
3 47 69 59
5 53 112 93 47 69
3 53 28 69
5 63 48 113 99 46
3 63 89 80
3 48 28 63
3 46 92 47
3 46 99 53
5 92 47 59 49 112
3 48 93 47
3 80 59 67
3 89 93 99
3 80 92 113
3 48 49 113
3 49 112 53
3 93 112 67
3 60 114 64
5 69 61 96 114 60
3 40 44 60
3 69 60 95
5 44 96 41 95 60
5 64 28 61 24 114
3 66 28 64
5 64 30 24 40 66
3 41 64 30
3 24 114 87
5 87 114 26 28 69
3 96 26 114
3 32 31 68
3 87 69 31
5 26 98 87 31 68
3 96 31 44
3 40 24 61
3 61 28 69
3 41 61 96
3 32 66 40
5 32 68 30 98 66
3 32 95 41
5 28 66 87 24 68
3 24 68 30
3 26 68 28
3 87 98 66
3 95 26 98
3 44 30 98
3 62 3 20
5 20 3 14 42 110
3 3 14 71
3 3 58 15
5 71 3 15 110 55
5 20 30 42 66 62
3 62 66 32
5 62 106 30 58 32
3 62 55 106
3 20 30 68
3 20 110 56
5 17 14 71 56 110
3 17 68 14
3 66 42 14
3 38 58 32
5 23 106 98 38 32
3 32 23 68
5 15 106 55 38 58
3 30 58 42
3 38 55 71
3 23 71 56
3 17 98 38
5 23 68 17 98 56
3 56 66 98
3 17 15 110
3 23 106 15
3 42 55 110
3 98 30 106
3 1 96 7
5 53 1 7 115 112
3 8 1 53
5 88 1 8 116 115
5 1 96 116 112 60
3 1 60 88
5 26 16 7 87 53
3 16 115 7
3 87 103 7
5 96 26 112 103 7
3 8 24 16
5 16 8 53 99 115
5 8 24 88 99 64
3 8 64 116
5 60 103 102 96 33
3 103 112 60
3 64 33 60
5 60 88 102 116 64
5 87 24 16 107 99
3 26 16 107
5 33 87 103 107 26
3 103 102 107
5 24 33 64 107 102
3 64 99 107
3 33 87 24
3 88 24 102
3 26 96 33
3 87 53 99
3 102 116 96
3 53 112 26
3 99 115 88
3 115 116 112
3 60 64 94
5 44 60 94 105 102
3 60 88 92
3 43 44 60
5 92 60 43 116 105
5 94 64 30 102 108
3 42 30 64
5 64 113 108 88 42
3 64 113 116
3 94 108 86
5 44 86 94 106 30
3 105 94 106
3 44 101 86
3 55 86 42
5 30 117 108 86 42
5 55 106 117 101 86
3 42 88 10
5 92 113 116 10 88
3 88 108 102
5 106 43 44 101 105
3 44 102 30
5 42 55 113 117 10
5 10 101 92 55 43
3 55 113 92
3 92 101 105
3 55 43 106
3 101 117 10
3 43 116 10
3 113 117 108
3 30 106 117
3 116 105 102
3 16 8 20
5 8 20 113 99 42
3 49 8 53
3 8 42 10
5 8 10 115 113 49
5 20 16 118 99 56
3 16 17 118
5 16 111 56 53 17
3 115 111 16
3 20 56 29
5 20 29 42 118 117
3 113 117 20
3 17 97 53
5 97 53 49 111 115
3 56 53 99
3 17 15 29
5 17 29 56 109 118
3 29 55 42
5 15 117 109 55 29
5 15 111 109 97 17
3 42 99 118
5 10 97 55 49 15
3 49 55 113
3 55 97 109
3 10 15 117
3 15 111 49
3 10 97 115
3 111 56 109
3 99 115 113
3 118 109 117
3 103 114 7
5 69 31 7 103 54
5 7 114 53 69 9
3 17 7 31
3 7 84 9
5 7 84 54 53 17
5 69 89 103 114 33
3 89 85 103
5 33 31 85 103 98
3 98 103 54
3 24 114 33
5 9 89 99 114 24
3 99 114 53
3 31 50 85
3 33 31 69
3 9 24 14
3 69 9 89
3 14 50 66
5 14 17 118 84 50
5 99 66 14 24 118
3 17 53 14
5 50 85 118 98 66
3 54 84 50
3 54 69 53
3 24 85 118
3 89 66 99
3 33 98 66
3 99 84 118
3 17 118 98
3 73 94 57
5 38 57 73 101 44
5 40 44 104 94 57
3 57 40 72
5 57 55 104 101 72
3 38 57 55
5 73 94 98 44 85
3 73 85 50
5 50 38 98 109 73
3 101 109 73
5 85 108 94 66 40
3 94 66 98
3 104 94 108
5 40 42 104 108 72
3 42 40 66
3 44 40 85
3 4 50 38
5 50 51 109 118 4
3 51 66 50
3 72 101 4
5 38 55 109 101 4
3 4 118 42
3 72 51 108
3 38 98 44
5 66 51 108 118 42
3 85 118 108
3 51 55 109
3 44 101 104
3 55 104 42
3 109 118 98
3 3 63 35
5 35 3 75 113 55
3 3 75 45
5 63 51 113 20 3
3 20 3 29
3 57 55 35
3 32 45 57
5 75 106 55 57 45
5 106 41 32 57 94
3 80 94 57
3 41 35 64
3 66 64 94
5 94 64 41 27 80
3 64 113 20
3 51 76 45
5 29 106 76 45 32
3 76 94 106
3 20 27 76
3 29 66 32
3 32 41 27
3 63 51 66
3 27 80 63
3 75 113 80
3 29 106 55
3 51 113 55
3 41 106 75
3 73 100 76
5 73 100 119 98 54
3 86 101 73
3 54 73 52
5 101 73 52 106 119
5 98 56 76 100 118
3 56 76 51
5 51 76 117 118 86
3 106 117 76
3 100 118 84
5 56 111 100 84 54
3 111 119 100
3 51 55 86
3 98 118 86
3 84 97 54
3 51 84 74
5 51 56 110 118 84
5 111 74 84 97 110
5 52 111 119 97 54
3 56 98 54
5 51 55 110 117 74
5 52 74 101 97 55
3 55 106 52
3 52 111 74
3 55 97 110
3 97 101 119
3 101 117 74
3 111 56 110
3 106 119 98
3 118 110 117
3 107 100 103
5 100 103 54 70 91
3 89 79 103
3 103 112 54
5 91 67 112 103 79
5 56 107 100 82 70
3 99 56 107
5 82 89 99 107 81
3 81 107 67
3 84 100 82
3 100 111 91
5 47 48 111 115 84
3 54 47 84
3 47 65 48
5 47 54 112 111 91
3 47 91 79
5 79 115 112 65 47
3 70 89 82
5 81 67 65 89 79
3 99 65 89
3 70 91 67
3 56 70 54
5 56 48 82 84 99
3 48 82 81
3 84 115 99
5 65 48 81 115 99
3 48 111 56
3 67 65 112
3 79 115 81
3 115 112 111
3 62 20 64
5 62 20 117 108 51
3 75 80 62
3 55 62 51
5 75 62 55 104 117
5 20 64 99 108 81
3 64 65 99
5 80 65 64 116 81
3 104 116 64
3 48 81 20
3 110 117 20
3 92 80 65
5 92 80 75 116 104
3 80 81 108
3 48 74 51
3 48 65 49
5 49 110 115 74 48
3 99 108 51
5 65 92 115 116 49
5 49 75 74 92 55
3 55 92 104
3 92 74 115
3 55 49 110
3 49 75 116
3 74 75 117
3 110 115 99
3 104 117 108
3 116 81 115
3 103 94 107
5 33 95 94 103 44
3 87 54 103
5 95 54 103 119 26
3 103 119 44
5 33 30 107 94 66
3 26 107 56
5 66 87 118 107 56
3 107 30 118
3 86 94 66
3 94 106 95
5 38 86 109 106 29
3 38 86 44
3 54 95 38
5 38 95 106 119 44
3 17 38 29
5 54 38 17 119 109
3 33 87 66
5 29 66 86 118 30
3 29 66 56
3 26 95 33
3 30 44 33
5 26 56 54 87 17
3 17 118 87
3 118 109 86
3 30 29 106
3 54 109 56
3 17 119 26
3 106 109 119
3 8 114 1
5 65 69 1 114 112
3 1 5 69
5 5 49 112 97 1
3 46 97 1
5 65 28 8 114 99
3 8 28 14
5 14 46 99 110 8
3 8 110 49
3 87 114 99
3 26 114 112
3 46 71 14
3 17 87 14
5 26 5 69 54 112
3 87 69 54
3 65 28 69
3 49 5 71
3 17 5 26
5 110 49 71 46 97
3 46 99 65
3 56 71 54
3 28 56 26
3 54 97 112
3 49 65 112
3 97 110 17
3 56 110 99
3 42 35 8
5 116 8 35 65 113
3 28 8 20
3 116 114 8
3 60 35 65
5 104 60 35 41 116
5 41 33 60 94 67
3 60 104 94
3 60 114 33
5 65 60 114 116 67
3 35 62 41
5 42 104 113 62 35
3 66 62 94
5 30 104 94 62 41
3 20 62 113
3 94 107 67
3 20 30 107
3 107 114 99
5 33 114 107 67 28
3 33 28 66
3 66 99 42
3 33 41 30
3 67 28 65
3 99 65 113
3 41 116 67
3 42 104 30
3 116 104 113
3 60 94 103
5 83 69 60 103 79
3 40 88 60
3 60 69 65
5 65 80 79 88 60
5 70 83 85 103 94
3 87 103 85
5 70 93 103 87 69
3 93 103 79
3 66 70 94
3 80 108 94
3 69 9 87
3 63 82 9
5 82 9 87 99 93
3 79 9 88
3 85 40 83
3 40 66 63
5 40 88 108 80 63
3 70 83 69
3 80 79 83
5 66 63 82 108 99
3 63 80 65
3 87 99 66
3 70 93 82
3 85 82 108
3 88 99 108
3 65 99 93
3 5 78 0
5 46 97 10 78 0
3 0 90 36
3 0 46 35
3 7 78 9
5 7 97 53 5 78
3 7 97 90
3 7 114 96
5 78 8 53 46 9
3 10 78 8
3 61 35 8
5 46 35 8 10 88
5 61 9 88 114 8
3 53 8 114
3 90 60 69
5 36 90 60 43 96
3 35 60 43
3 60 114 88
3 61 9 69
3 36 96 61
3 46 88 9
3 5 69 53
3 36 10 88
3 5 43 96
3 53 97 46
3 43 97 10
3 73 57 90
5 57 90 36 37 59
3 40 57 32
5 36 77 80 57 40
3 57 80 59
3 73 91 70
3 73 77 85
3 69 31 90
3 36 90 79
3 31 37 32
5 70 69 31 25 91
3 25 85 31
3 40 36 61
5 40 89 80 27 61
3 61 59 69
3 27 25 61
3 89 40 85
3 27 70 32
3 70 89 69
3 37 36 77
3 59 91 37
5 89 70 27 25 85
3 79 91 25
3 80 89 79
3 77 27 80
3 60 94 57
3 32 57 38
5 57 38 43 106 52
3 59 52 57
3 69 60 33
3 60 112 43
3 70 94 67
3 94 106 98
3 32 23 70
3 32 33 41
3 59 5 69
3 70 69 54
3 43 5 38
5 52 112 43 5 59
3 23 26 5
3 54 98 38
3 41 59 67
3 33 98 26
3 52 112 54
3 41 106 43
3 23 106 52
3 67 112 26
3 2 78 11
5 5 71 47 2 78
3 50 31 2
3 91 47 2
3 11 68 23
3 48 82 11
3 9 78 14
3 19 78 5
5 31 68 23 70 50
3 31 69 5
3 31 68 25
5 14 28 48 82 9
3 47 69 9
5 69 28 19 25 9
3 25 9 82
3 14 71 50
3 14 68 28
3 82 50 70
3 69 28 70
3 23 71 5
3 48 47 71
3 19 25 91
3 23 70 91
3 48 19 28
3 90 103 60
3 60 40 33
5 60 40 36 102 104
3 43 104 60
5 31 90 103 119 96
3 102 103 85
3 103 119 98
3 38 31 90
3 101 36 90
5 38 90 101 119 43
5 22 119 98 38 31
3 22 85 31
3 33 96 31
3 40 36 58
5 86 40 58 30 104
5 30 102 85 40 33
3 86 40 85
5 101 36 58 43 104
3 36 102 96
5 22 101 86 38 58
3 38 58 43
3 22 30 58
3 86 98 38
5 30 98 86 85 22
3 33 30 98
3 43 119 96
3 101 119 22
3 86 104 101
3 30 104 102
3 7 78 16
3 87 31 7
5 31 5 26 119 7
3 97 7 119
5 53 14 78 16 110
3 26 68 16
5 68 16 118 87 14
3 118 110 16
3 4 78 14
5 78 4 97 110 15
3 5 78 15
3 38 31 5
3 31 68 22
5 4 118 110 29 14
3 14 29 68
3 14 87 53
3 4 97 38
3 22 118 4
5 5 38 97 119 15
3 53 26 5
3 29 98 38
5 98 29 68 22 118
3 87 118 98
3 22 15 119
3 97 110 53
3 29 110 15
3 98 26 119
3 60 114 103
3 60 43 95
3 60 92 65
5 26 114 103 93 67
3 54 93 103
3 105 119 103
3 26 114 53
5 65 93 115 114 53
3 116 114 115
3 54 52 95
5 52 105 119 43 95
3 67 26 95
3 53 97 54
3 49 53 65
3 65 93 67
5 49 43 97 92 52
3 92 52 105
3 97 115 92
3 52 111 49
3 49 116 43
3 97 43 119
3 93 115 111
3 105 116 67
3 26 119 111
3 90 103 73
3 73 70 50
3 52 109 73
5 69 95 112 103 90
3 87 103 98
3 93 103 112
3 69 90 47
5 97 112 52 47 90
3 38 97 90
3 38 71 50
5 50 71 56 109 84
3 84 50 87
3 69 95 70
3 69 87 53
3 52 71 47
3 84 47 93
5 97 38 71 52 109
3 56 71 53
3 95 38 98
3 70 93 56
5 53 87 84 93 56
3 52 95 112
3 84 109 97
3 53 97 112
3 56 109 98
3 8 3 20
5 21 18 117 20 3
3 21 58 3
5 3 58 10 117 75
3 3 6 75
5 81 20 8 24 18
3 61 8 24
5 61 8 116 81 6
3 8 10 116
3 27 81 20
3 20 117 30
5 30 58 21 77 117
3 21 18 24
3 21 77 27
3 36 6 61
5 61 41 116 102 36
3 61 27 41
3 36 58 10
5 36 6 75 116 10
3 77 102 36
3 41 58 30
3 18 81 6
3 30 102 24
5 77 27 41 30 102
3 10 18 117
3 75 41 116
3 77 117 75
3 102 116 81
3 16 114 7
5 7 16 111 93 84
5 93 79 7 114 112
3 84 97 7
3 13 79 7
5 7 97 112 111 13
5 93 81 16 114 99
3 18 81 16
5 16 110 99 84 18
3 111 16 110
3 88 114 99
5 116 81 79 88 114
3 116 114 112
3 18 84 74
3 84 93 99
3 18 88 10
5 18 81 113 99 88
3 79 88 92
5 18 74 113 110 10
5 79 13 116 112 92
3 81 93 79
5 13 74 92 97 10
3 92 112 97
3 92 74 113
3 10 116 13
3 13 111 74
3 97 110 10
3 99 113 110
3 111 112 93
3 116 113 81
3 11 76 20
5 109 76 11 22 118
5 11 18 118 110 20
3 11 15 22
3 11 18 74
5 11 74 109 110 15
5 76 20 30 118 108
3 77 108 76
5 77 22 30 106 76
3 106 109 76
3 30 39 20
5 39 20 113 108 18
3 110 113 20
3 10 39 18
3 75 39 77
5 108 77 39 30 104
5 113 75 39 10 104
3 22 101 77
5 15 106 109 101 22
3 22 118 30
3 118 18 108
5 106 75 77 101 104
5 10 101 74 75 15
3 15 110 10
3 15 75 106
3 101 10 104
3 75 74 113
3 101 74 109
3 108 113 104
3 104 30 106
3 109 118 110
3 2 7 84
5 119 7 2 91 111
3 11 22 2
5 111 11 2 84 109
5 109 73 2 22 119
3 73 91 2
3 7 25 16
5 7 103 93 91 25
3 103 119 7
5 82 11 16 118 84
3 11 111 16
3 76 82 11
3 73 85 103
5 73 91 34 119 103
5 34 76 73 85 22
3 76 109 73
5 16 107 93 82 25
3 16 118 107
5 25 85 103 107 34
3 103 93 107
5 85 82 76 107 118
3 76 107 34
3 82 25 85
3 25 91 34
3 85 118 22
3 82 93 84
3 22 119 34
3 109 84 118
3 91 111 93
3 109 119 111
3 20 107 64
5 42 24 39 20 64
3 41 33 64
5 39 102 104 64 41
3 64 104 42
5 24 68 20 107 118
5 33 98 107 34 68
3 98 118 107
3 102 34 107
3 20 29 68
3 20 39 117
3 41 58 39
5 104 42 58 39 117
5 58 29 106 117 22
3 44 58 22
3 42 29 58
5 58 41 106 104 44
3 33 24 68
3 22 68 34
3 24 102 39
3 42 118 24
5 34 102 44 33 41
3 33 98 44
5 34 106 98 44 22
3 118 22 117
3 29 106 98
3 41 34 106
3 44 104 102
3 104 117 106
3 60 1 114
5 1 36 79 92 60
5 1 9 79 115 114
3 9 46 1
3 1 36 10
5 46 1 10 115 92
5 79 102 114 60 89
3 40 89 60
3 60 92 104
3 102 114 24
3 115 114 99
5 9 18 115 99 46
3 18 24 9
3 9 89 79
3 36 40 72
5 89 108 102 24 40
3 42 24 40
5 10 104 92 72 36
3 79 102 36
5 18 10 42 46 72
3 92 46 72
3 46 99 42
3 72 108 18
5 99 42 24 18 108
3 89 99 108
3 10 18 115
3 79 92 115
3 42 104 10
3 108 104 102
3 0 2 78
5 97 38 0 2 101
3 0 58 38
3 46 72 0
5 17 78 2 84 97
3 2 50 84
3 2 101 22
3 17 78 14
3 10 78 18
3 14 50 21
5 42 14 21 18 118
5 50 21 22 118 86
3 21 22 58
3 72 21 18
3 46 42 14
3 38 50 86
3 42 58 10
3 46 97 84
3 86 101 72
3 38 97 17
3 17 22 118
3 42 86 118
3 84 18 118
3 10 97 101
3 100 103 73
5 73 83 31 44 103
3 73 83 77
3 50 86 73
5 44 86 73 77 22
5 25 100 103 87 31
3 89 103 87
5 83 89 103 102 25
3 44 103 102
3 25 100 82
5 100 82 50 87 118
3 100 118 22
3 25 31 83
3 87 50 31
3 31 44 22
3 21 24 40
5 40 21 77 108 86
3 21 50 82
5 21 82 108 118 24
3 22 77 21
3 89 40 83
3 40 86 44
3 25 102 24
3 24 118 87
3 89 82 108
3 108 118 86
3 102 108 77
3 76 45 62
3 62 66 63
5 63 72 108 113 62
3 55 113 62
5 76 45 50 86 109
3 76 108 82
3 76 109 56
3 45 71 50
5 71 45 74 109 55
3 74 45 72
3 66 86 50
3 82 50 84
3 46 72 63
3 63 48 82
3 46 71 55
5 46 72 74 113 55
3 84 99 46
3 48 56 71
3 86 72 108
3 66 99 56
3 55 86 109
3 84 74 109
3 48 113 74
3 99 108 113
3 0 36 1
3 2 47 0
5 0 57 92 101 36
3 38 57 0
3 1 97 7
3 1 69 60
3 2 31 7
5 54 97 7 2 47
3 2 101 73
3 57 92 60
3 73 83 57
3 7 103 79
3 60 44 103
3 54 103 73
3 83 31 69
3 38 31 44
3 79 83 36
3 54 69 47
3 36 101 44
3 79 92 47
3 54 38 97
3 97 101 92
3 45 57 0
3 0 36 6
3 4 46 0
5 77 45 57 86 101
3 40 86 57
3 80 92 57
3 21 45 77
3 51 45 74
3 40 63 21
5 21 18 108 51 63
3 4 21 18
3 36 40 88
3 63 6 80
3 51 63 46
5 92 88 36 6 80
3 36 101 77
5 4 46 51 74 18
3 4 86 101
3 18 74 6
3 46 92 88
3 86 108 51
3 77 108 80
3 88 108 18
3 92 101 74
3 3 8 78
5 78 3 71 46 4
3 3 63 21
3 3 71 29
5 24 9 63 28 8
3 8 24 42
3 53 8 28
3 12 78 9
3 4 78 17
3 21 4 50
5 21 50 66 29 68
3 24 68 21
3 63 46 9
3 87 9 24
3 50 71 12
3 12 68 28
3 66 50 87
3 63 28 66
3 4 46 42
3 53 71 46
3 29 68 17
3 29 66 42
3 17 87 53
3 1 35 8
5 6 36 1 35 59
3 9 69 1
3 96 1 36
3 39 24 8
3 8 19 28
3 40 63 35
3 41 59 35
3 6 63 9
3 24 25 9
3 36 83 40
5 83 40 33 41 27
3 24 40 33
3 69 59 83
3 27 83 25
3 33 28 69
3 28 63 27
3 36 6 39
3 19 6 59
3 96 19 25
3 39 41 27
3 41 33 96
3 1 90 69
5 92 112 43 1 90
3 43 35 1
3 1 88 114
3 92 57 90
3 40 57 35
5 43 104 92 57 35
3 95 57 94
3 44 103 90
3 89 103 94
3 112 114 103
3 65 35 64
5 40 88 104 64 35
3 94 104 64
3 64 33 114
5 65 89 88 114 64
3 88 40 89
3 44 33 40
3 69 89 65
3 69 95 33
3 43 95 112
3 92 88 104
3 92 112 65
3 44 104 43
3 62 57 45
5 37 58 38 57 45
3 40 83 57
3 95 38 57
5 21 40 66 62 27
3 62 66 29
3 41 62 27
3 45 21 50
3 23 45 37
3 31 37 83
3 38 50 31
3 33 31 68
3 40 21 58
3 27 21 68
3 66 40 33
3 70 83 27
3 66 70 50
3 41 58 37
3 38 58 29
3 23 68 29
3 95 70 23
3 95 33 41
3 57 62 35
3 86 38 57
3 57 92 52
3 62 106 29
3 51 62 113
3 42 35 46
3 43 35 49
3 46 71 51
5 51 46 42 110 113
3 46 97 92
3 29 71 38
3 49 71 52
3 38 97 43
3 51 86 109
3 86 104 42
3 42 110 29
3 92 104 113
3 106 52 109
3 113 110 49
3 109 97 110
3 106 43 104
3 62 94 57
5 83 77 105 94 57
3 57 83 59
3 72 57 92
5 105 75 59 57 92
5 94 108 77 27 62
3 63 27 62
3 75 62 113
3 89 94 108
3 94 105 67
5 105 79 83 59 67
3 89 83 79
3 77 27 83
3 63 72 6
5 65 113 81 6 63
5 27 81 108 89 63
3 65 89 63
5 75 113 92 72 6
3 75 6 59
3 79 81 6
3 77 108 72
3 59 67 65
3 27 81 67
3 92 65 113
3 77 105 75
3 79 105 92
3 113 81 108
3 11 20 3
3 3 63 6
5 49 3 6 74 113
3 3 49 71
5 51 82 11 20 56
3 12 11 82
5 11 111 56 71 12
3 74 11 111
3 20 28 56
3 81 113 20
3 12 71 47
5 93 47 12 19 111
3 19 28 12
3 63 65 28
3 82 51 63
3 47 6 74
3 6 81 19
5 49 111 74 47 71
3 93 47 65
3 51 56 71
5 65 93 81 19 28
3 82 81 93
3 74 113 51
3 49 113 65
3 49 111 19
3 93 111 56
3 73 57 45
3 57 95 59
3 55 92 57
5 45 23 106 109 73
3 91 105 73
3 73 109 54
3 23 45 71
3 74 45 75
3 47 71 54
3 47 91 59
3 47 92 74
3 49 55 71
5 59 91 105 112 95
3 59 75 49
3 54 95 112
3 23 106 95
3 91 111 23
3 112 105 92
3 106 109 55
3 49 111 112
3 109 74 111
3 106 105 75
3 1 78 5
3 90 1 36
3 1 35 46
3 2 78 4
3 90 2 47
3 37 45 2
3 3 6 78
3 3 58 35
5 35 3 6 72 46
3 3 71 45
3 38 57 90
3 57 35 59
3 72 57 45
3 36 58 37
3 72 6 36
3 59 37 5
3 4 58 38
3 4 46 72
3 5 71 38
3 47 6 59
3 46 47 71
3 16 114 8
3 8 39 61
3 8 14 42
5 42 88 18 39 8
5 25 9 87 114 16
3 25 68 16
3 18 118 16
3 33 114 87
5 114 33 61 25 102
3 88 114 102
3 21 68 14
3 21 85 40
5 85 21 68 30 118
3 39 21 18
3 9 25 61
3 40 33 61
3 14 87 9
3 18 88 9
3 42 40 88
3 33 30 68
3 85 25 102
3 87 118 85
3 39 30 102
3 42 118 30
3 3 35 62
3 14 21 3
3 3 48 6
3 62 66 51
3 80 62 27
3 40 35 61
3 65 46 35
3 40 72 21
3 21 27 82
3 9 61 6
3 27 28 61
3 14 9 46
3 82 9 89
3 28 66 14
3 66 40 89
3 72 6 80
3 51 46 72
3 65 80 89
3 65 28 48
3 51 48 82
3 11 100 2
5 17 119 100 2 31
3 2 31 37
5 119 15 37 2 101
3 4 2 101
5 17 68 11 100 118
3 21 68 11
5 11 117 118 4 21
3 15 117 11
3 85 118 100
3 100 119 34
5 44 31 37 34 119
3 31 68 17
3 31 44 85
3 4 58 21
3 21 77 85
3 15 58 37
3 37 34 77
5 58 4 101 117 15
3 44 58 30
3 17 118 4
3 30 68 34
5 34 30 44 85 77
3 17 15 119
3 44 119 101
3 101 117 77
3 117 118 30
3 1 114 7
5 1 61 19 116 114
3 61 1 36
5 1 36 13 116 43
3 1 5 43
5 26 19 25 7 114
3 25 31 7
3 7 119 13
3 26 33 114
3 116 102 114
3 31 5 37
3 33 44 31
3 61 25 19
3 61 33 41
3 36 13 37
3 36 102 44
5 43 5 37 13 119
3 41 34 37
3 19 5 26
3 34 102 25
3 13 116 19
3 43 116 41
3 43 119 44
3 26 34 119
3 7 90 79
5 90 7 119 112 54
5 87 7 100 93 54
3 7 119 100
3 7 114 87
3 60 44 90
5 60 90 79 105 112
3 89 60 94
3 60 114 112
3 73 90 54
5 44 90 73 105 119
3 73 94 105
3 73 85 100
3 98 94 107
5 89 94 107 102 85
3 93 100 107
5 85 87 98 107 100
5 93 89 87 114 107
3 107 114 102
3 87 85 89
3 79 89 93
3 44 102 85
3 54 98 87
3 93 112 54
3 98 119 44
3 102 79 105
3 119 112 105
3 7 90 1
3 53 1 46
3 10 43 1
3 7 84 115
3 17 7 119
3 54 38 90
3 90 92 101
3 84 46 4
5 10 110 55 46 4
3 4 17 38
5 4 17 110 109 84
3 4 101 10
5 84 46 53 110 115
3 46 55 92
3 38 55 43
3 84 109 54
3 53 54 112
3 53 17 110
3 92 115 112
3 110 55 109
3 115 10 110
3 101 109 119
3 43 119 112
3 7 78 2
5 74 111 15 78 2
3 37 91 2
3 74 101 2
5 78 19 111 115 7
3 96 7 119
3 79 115 7
3 6 78 19
5 10 78 6 74 115
3 10 78 15
3 37 96 36
5 101 36 37 75 105
3 79 6 36
5 79 105 116 96 36
3 36 101 10
5 37 91 105 119 96
3 37 75 15
5 19 116 115 79 6
3 74 6 75
3 96 116 19
3 19 111 91
3 79 91 105
3 111 15 119
3 115 10 116
3 111 74 115
3 116 75 105
3 101 119 105
3 90 103 7
3 7 9 25
5 9 7 115 93 47
3 13 115 7
5 91 105 103 90 83
3 89 103 93
3 103 102 105
3 83 90 36
5 36 90 92 105 13
3 92 47 90
3 9 6 47
5 9 88 115 81 6
5 89 9 25 81 93
3 88 89 9
5 80 83 36 102 105
3 83 25 91
3 83 80 89
3 6 36 13
3 88 102 36
5 6 47 92 115 13
3 81 6 80
3 91 93 47
3 25 102 81
5 81 102 88 89 80
3 80 105 92
3 92 115 88
3 13 105 91
3 81 93 115
3 76 94 107
5 77 85 86 94 76
3 76 51 82
3 76 117 77
3 99 118 107
3 102 81 107
3 94 80 89
3 94 104 86
5 80 77 102 104 94
3 51 86 72
5 72 77 117 104 86
5 72 88 104 113 80
3 77 80 72
3 72 88 18
5 72 51 113 117 18
3 85 89 82
3 89 88 99
3 85 86 118
3 77 85 102
5 99 51 82 18 118
3 81 82 18
3 80 113 81
3 88 104 102
3 99 113 51
3 118 18 117
3 117 113 104
3 7 100 2
5 2 50 54 109 100
3 2 50 4
5 4 2 74 109 97
3 74 47 2
3 7 9 87
3 7 97 115
3 82 100 93
3 118 100 109
3 46 9 47
3 18 82 9
3 54 87 50
3 50 82 51
3 4 46 97
3 18 118 4
5 115 74 47 46 97
3 46 99 51
3 47 93 54
3 87 118 99
3 54 109 97
3 51 74 109
3 74 115 18
3 99 115 93
3 17 78 7
3 25 100 7
5 7 100 111 26 17
3 115 114 7
3 18 78 11
5 111 11 78 17 110
3 20 68 11
3 11 111 100
3 8 78 19
5 78 18 115 110 8
3 20 110 8
3 24 8 114
5 19 8 114 115 81
3 20 81 107
5 26 107 100 25 68
3 118 107 100
3 107 114 26
5 81 25 24 114 107
3 25 68 24
3 26 17 68
3 18 118 24
3 19 25 81
3 26 19 111
3 81 18 115
3 110 118 17
3 111 110 115
3 60 57 90
5 57 90 101 105 52
3 72 57 80
3 55 52 57
3 88 104 60
3 65 112 60
3 79 47 90
3 97 101 90
3 46 65 47
3 88 72 46
5 46 88 115 113 65
3 55 97 46
3 52 74 47
3 72 101 74
3 65 113 80
3 80 105 79
3 88 115 79
3 52 105 112
3 113 104 55
3 112 97 115
3 115 74 113
3 104 101 105
3 60 1 35
5 1 35 49 116 10
3 5 96 1
3 1 97 10
3 95 112 60
3 44 104 60
3 41 58 35
5 35 58 10 104 55
3 55 35 49
3 38 58 44
3 15 10 58
3 38 5 95
5 96 119 112 95 5
3 5 49 15
3 55 97 38
3 96 116 41
3 44 119 96
3 95 106 41
3 106 55 104
3 15 119 106
3 116 104 10
3 49 116 112
3 119 112 97
3 8 35 64
3 14 24 8
3 8 110 10
3 66 99 64
3 64 30 104
3 40 58 35
3 55 35 46
3 4 46 14
3 14 29 66
3 24 88 40
3 66 40 86
3 10 58 4
3 30 58 29
3 4 118 86
3 88 46 99
3 30 118 24
3 86 104 55
3 88 104 10
3 29 110 55
3 99 110 118
3 107 114 64
3 42 66 64
3 65 113 64
3 93 56 107
3 107 118 108
3 87 53 114
3 115 114 88
3 51 46 84
3 46 65 53
3 46 88 42
3 66 89 87
3 88 108 89
3 65 89 93
3 56 51 66
3 84 87 118
3 93 115 84
3 53 110 56
3 108 113 51
3 42 110 118
3 115 110 113
3 2 101 90
3 50 2 45
5 101 2 45 52 109
3 91 2 100
3 57 90 83
3 52 45 57
3 86 57 94
3 90 103 54
3 103 94 105
3 100 103 85
3 76 45 77
3 76 94 70
5 85 100 76 70 50
3 76 109 100
3 83 91 70
3 83 85 77
3 54 50 70
3 85 50 86
3 101 109 86
3 52 105 91
3 52 109 54
3 77 105 101
3 11 76 100
3 11 18 21
3 12 48 11
5 51 84 18 11 48
3 70 76 27
5 27 21 85 108 76
3 76 51 108
3 85 25 100
5 12 70 93 100 25
3 84 100 93
3 21 50 85
3 27 21 63
3 9 25 12
3 63 89 9
3 18 84 9
3 50 70 12
3 51 84 50
3 51 63 48
3 25 81 27
3 89 93 70
3 89 85 108
3 48 81 93
3 18 108 81
3 2 100 73
5 23 12 2 100 111
3 2 47 12
3 13 37 2
5 47 2 13 111 52
5 70 23 34 100 73
3 83 73 70
5 37 83 73 105 34
3 73 105 52
3 25 100 34
3 93 100 111
3 12 25 19
3 12 23 70
3 59 37 83
3 25 83 79
5 59 52 105 13 37
3 23 34 37
3 47 52 59
3 47 93 79
3 19 67 59
5 79 25 19 67 93
3 70 93 67
3 13 111 19
3 23 111 52
3 79 13 105
3 67 105 34
3 1 78 9
5 78 1 97 115 13
3 97 90 1
3 96 1 114
3 2 78 13
3 2 31 90
5 90 2 13 119 97
3 84 100 2
3 17 16 78
5 115 84 9 78 16
3 16 100 25
5 84 100 16 17 87
3 16 114 115
3 90 103 79
3 119 103 100
3 114 103 87
5 96 25 79 103 114
3 31 96 25
3 31 17 87
3 79 9 25
3 87 9 84
3 96 119 13
3 97 115 84
3 97 17 119
3 79 115 13
3 11 78 16
3 21 82 11
3 11 117 74
3 16 24 118
3 16 81 115
3 9 78 6
3 4 10 78
3 21 72 4
5 39 117 108 72 21
3 21 39 24
3 88 24 9
3 82 9 84
5 10 4 72 74 117
3 4 118 84
3 74 6 72
3 39 81 6
3 72 108 88
5 88 108 81 39 24
3 81 108 82
3 10 117 39
3 84 74 115
3 88 115 10
3 117 118 108
3 10 78 1
3 61 1 35
3 1 114 53
3 3 78 14
5 3 49 110 10 78
3 35 49 3
3 39 20 3
3 19 78 16
3 16 110 20
3 24 16 114
5 53 114 16 19 28
3 42 64 35
5 35 61 39 116 64
3 20 28 64
3 64 114 116
3 61 39 24
3 19 28 61
3 24 14 42
3 28 53 14
3 10 116 39
3 53 49 110
3 49 116 19
3 42 110 10
3 2 78 12
3 74 45 2
3 2 100 22
3 3 15 78
3 3 21 45
5 3 15 117 74 45
3 48 20 3
3 18 78 16
5 48 111 16 78 12
3 20 68 16
5 20 16 18 82 48
3 16 111 100
3 23 45 76
5 21 22 117 76 45
3 76 117 20
3 82 100 76
5 22 100 76 23 68
3 21 68 22
3 82 21 18
3 12 23 68
3 12 48 82
3 15 117 22
3 74 111 48
3 18 117 74
3 23 15 111
3 73 76 45
3 85 73 83
3 73 101 105
3 27 76 34
3 108 76 117
3 72 45 21
3 37 45 75
5 72 101 117 75 45
3 22 85 21
3 21 27 39
3 36 83 37
3 83 27 80
3 72 36 101
3 39 102 36
3 22 34 37
3 80 108 72
3 85 108 102
5 80 27 39 102 108
3 39 117 75
3 101 22 117
3 80 75 105
3 102 105 34
3 1 78 8
3 88 1 36
3 43 1 97
3 8 39 116
3 8 110 42
3 18 78 4
3 13 78 15
3 39 58 36
5 104 88 36 39 116
3 13 36 101
3 42 58 4
3 43 15 58
5 4 18 117 110 42
3 97 101 4
3 39 117 18
3 18 115 88
3 42 104 88
5 13 15 43 97 101
3 15 117 110
3 116 115 13
3 115 110 97
3 117 104 101
3 116 43 104
3 16 107 100
3 18 24 16
3 17 16 110
3 107 108 99
5 107 30 24 85 108
3 98 107 30
3 85 100 22
5 17 22 100 109 98
3 84 109 100
5 4 22 117 109 86
3 17 22 4
3 4 86 42
3 18 84 4
3 87 85 24
3 24 42 30
3 86 85 108
3 84 99 87
3 17 87 98
3 30 117 22
3 98 109 86
3 108 18 117
3 99 110 42
3 110 117 109
3 2 73 90
3 4 2 22
3 2 74 13
3 73 109 86
3 73 105 77
3 36 90 44
3 92 97 90
3 72 36 77
5 36 44 104 105 77
3 13 36 10
3 86 4 72
3 10 97 4
3 74 72 92
3 44 22 119
3 22 117 77
3 86 104 44
3 105 104 92
3 105 13 119
3 10 104 117
3 109 119 97
3 117 109 74
3 100 103 7
3 7 96 13
3 7 97 17
5 26 98 103 100 34
3 98 103 44
5 103 44 96 34 105
3 105 112 103
3 34 100 22
3 109 100 111
3 43 44 96
5 96 43 112 105 13
3 26 96 34
3 15 22 17
3 22 44 101
3 17 26 98
3 13 111 15
3 15 106 43
3 101 105 13
3 97 101 109
3 97 112 43
3 98 106 109
3 106 105 34
3 26 111 112
3 107 114 103
3 85 44 103
3 103 79 105
3 108 81 107
3 30 34 107
3 88 114 24
3 114 116 96
3 39 77 36
3 36 96 44
3 36 88 79
3 24 85 25
3 30 39 24
3 34 96 25
3 81 25 79
3 85 108 77
3 81 116 39
3 108 88 104
3 44 30 104
3 34 105 77
3 104 116 105
3 16 107 20
3 16 25 19
5 16 115 93 48 19
3 18 115 16
5 20 107 108 82 27
3 67 93 107
5 107 67 27 25 102
3 107 108 102
3 27 39 20
3 48 113 20
5 6 80 113 116 39
3 18 6 39
3 79 6 80
3 19 48 6
5 6 48 113 115 18
3 27 82 25
3 79 102 25
3 67 80 27
3 48 82 93
3 82 108 18
3 102 116 39
5 79 80 67 116 102
3 80 113 108
3 67 19 116
3 79 115 93
3 115 113 116
3 11 45 2
3 84 47 2
3 13 2 101
5 45 11 117 109 51
3 48 111 11
3 18 117 11
3 51 72 45
3 52 75 45
3 47 48 6
3 18 6 72
3 13 75 6
3 52 47 92
3 72 92 101
3 51 84 109
3 84 115 18
3 51 113 48
5 75 52 92 101 13
3 92 115 113
3 111 52 109
3 111 13 115
3 117 75 113
3 101 109 117
3 16 81 20
5 16 26 56 93 100
3 16 118 100
3 26 16 114
3 98 94 103
5 34 67 94 103 102
3 100 93 103
3 103 114 102
3 64 94 67
3 30 64 20
3 99 114 64
5 64 114 102 81 67
3 76 94 108
5 34 30 98 94 76
3 56 76 20
3 34 100 76
3 93 99 56
3 26 98 56
3 118 99 108
3 81 93 67
3 26 34 67
3 102 81 108
3 30 118 98
3 34 30 102
3 94 103 73
5 94 73 77 34 106
3 52 73 91
3 73 101 77
3 102 103 79
3 103 112 119
3 67 94 80
3 104 94 106
3 75 80 77
3 79 92 80
3 13 91 79
5 91 52 112 119 13
3 67 34 91
3 34 102 77
3 92 112 52
3 101 92 104
3 75 106 52
3 13 116 75
3 101 119 13
3 112 116 67
3 119 106 34
3 102 104 116
3 23 45 11
3 20 117 11
3 11 100 82
5 56 23 11 100 109
3 73 45 77
3 73 94 70
3 100 109 73
3 51 45 62
5 45 77 117 106 62
3 62 94 106
3 27 62 20
3 107 94 108
5 27 34 107 94 70
3 56 107 20
3 100 107 34
3 70 82 27
3 23 70 56
3 34 27 77
3 51 82 108
3 51 109 56
3 117 77 108
3 23 106 34
3 117 106 109
3 11 45 76
5 76 56 29 68 11
3 12 68 11
3 15 111 11
3 70 76 56
3 34 106 76
3 37 45 32
5 15 106 52 45 37
3 45 71 52
3 12 71 5
5 111 91 12 5 26
3 70 91 12
5 32 95 106 34 37
3 32 29 68
3 70 95 32
3 15 37 5
3 34 37 91
5 15 5 71 52 111
3 95 5 26
3 29 71 56
3 34 68 26
5 34 26 95 70 91
3 95 106 52
3 29 106 15
3 52 111 91
3 26 111 56
3 94 107 64
5 27 81 107 64 28
3 64 65 28
3 64 116 41
3 93 81 107
3 26 107 34
3 94 70 95
5 94 105 34 41 95
3 80 94 105
3 59 95 41
3 65 80 59
5 41 116 105 80 59
3 59 19 91
5 59 65 112 116 19
3 27 28 70
3 93 70 91
3 80 27 81
3 34 27 41
3 26 19 28
3 26 112 95
5 93 91 19 26 112
3 91 34 105
3 65 112 93
3 81 19 116
3 112 105 116
3 3 45 62
5 117 39 3 62 113
3 6 39 3
3 3 49 15
3 80 62 113
3 62 41 106
3 77 45 37
3 52 74 45
3 41 37 59
5 37 77 105 106 41
3 15 37 13
3 59 6 80
5 49 116 13 6 59
3 13 74 6
3 49 59 52
3 41 116 39
3 77 117 39
3 80 105 77
5 15 49 52 74 13
3 106 52 105
3 106 117 15
3 116 13 105
3 113 49 116
3 117 74 113
3 8 16 78
5 16 81 48 28 8
3 61 28 8
3 8 116 49
3 25 81 16
3 26 111 16
3 12 78 5
5 49 5 78 13 111
3 6 78 13
3 61 59 6
5 61 59 67 116 96
3 25 96 61
3 12 25 91
3 12 48 28
3 5 59 49
3 96 26 5
3 48 81 6
3 59 67 91
5 26 96 25 91 67
3 28 67 26
3 96 116 13
3 49 111 48
3 13 111 91
3 81 116 67
3 3 78 11
5 110 29 3 11 117
3 3 58 29
3 49 75 3
3 22 117 11
3 23 111 11
3 17 78 5
3 13 78 10
3 22 58 37
5 75 106 43 58 37
3 23 37 5
5 106 23 37 22 119
3 75 37 13
3 43 58 10
5 5 17 119 111 23
3 5 43 49
3 17 22 119
3 17 110 29
3 29 106 23
5 10 43 49 75 13
3 111 13 119
3 117 110 10
3 111 49 110
3 106 117 75
3 106 43 119
3 64 35 62
5 62 27 39 30 64
3 32 27 62
3 75 106 62
3 30 64 33
3 64 116 67
3 59 35 61
3 43 58 35
5 35 59 75 116 43
3 61 39 27
3 61 96 33
3 32 37 58
3 32 95 33
3 75 37 59
3 34 37 96
3 39 58 30
3 95 59 67
3 27 34 67
5 67 34 96 33 95
3 39 116 75
3 96 116 43
3 95 106 43
3 30 34 106
3 64 8 114
5 8 39 81 113 64
3 10 39 8
3 8 19 49
3 41 67 64
3 104 113 64
3 96 102 114
5 96 19 67 112 114
3 112 115 114
3 39 75 41
3 81 102 39
3 13 96 19
3 43 96 41
5 96 41 67 105 102
5 19 49 112 115 13
3 67 81 19
5 41 43 104 105 75
3 10 13 115
3 13 105 75
3 43 10 104
3 49 113 75
3 49 43 112
3 67 112 105
3 105 104 102
3 113 81 115
3 62 94 76
5 29 62 76 117 30
3 29 62 55
3 41 75 62
3 34 76 23
3 109 76 117
3 95 98 94
3 105 94 104
3 43 95 41
3 23 52 95
5 95 23 34 119 98
3 29 23 15
3 29 30 98
3 34 41 30
5 109 52 23 15 119
5 52 75 15 43 55
3 55 52 109
3 52 105 75
3 55 43 104
3 15 117 75
3 43 15 119
3 98 109 119
3 119 34 105
3 30 104 117
3 16 114 107
5 28 56 107 16 68
3 17 68 16
3 16 19 111
3 98 56 107
3 67 34 107
3 96 33 114
3 53 112 114
3 5 96 19
3 23 5 95
5 5 53 112 111 19
3 17 53 5
3 33 28 68
3 23 68 34
3 95 33 98
3 53 28 56
3 67 28 19
3 96 34 119
3 67 112 95
3 98 17 119
3 56 111 23
3 119 112 111
3 8 35 3
5 3 48 113 110 8
3 48 71 3
3 3 75 15
3 53 110 8
3 19 116 8
3 59 65 35
3 35 55 43
3 53 5 71
3 19 59 5
3 15 5 43
3 52 55 71
3 52 59 75
3 65 113 48
3 48 111 19
3 65 112 53
3 111 112 52
3 55 113 110
3 110 111 15
3 116 75 113
3 112 43 116
3 76 100 107
5 27 68 30 107 76
3 76 27 77
3 76 106 23
3 67 107 26
3 102 30 107
3 100 25 91
3 100 119 22
5 91 23 26 119 100
3 41 96 37
3 37 22 77
3 23 91 37
3 27 25 68
3 22 68 30
3 23 68 26
3 96 25 102
3 67 27 41
3 26 119 96
3 67 91 105
3 41 106 30
3 77 105 102
3 106 119 105
3 11 16 100
5 48 11 16 110 56
3 74 11 48
3 15 23 11
3 16 26 19
3 16 110 115
3 93 100 91
3 119 100 109
3 48 49 19
3 48 56 93
3 13 19 91
3 52 23 91
3 23 26 56
3 52 112 49
3 74 109 52
3 15 119 13
3 49 110 15
3 13 115 74
3 110 56 109
3 112 115 93
3 26 112 119
3 3 48 11
3 8 39 3
3 29 62 3
3 11 68 16
3 11 117 76
3 8 110 16
3 64 28 8
3 62 113 64
3 62 27 76
3 81 107 16
3 64 30 107
3 56 107 76
3 27 68 28
3 29 68 30
3 81 27 39
3 56 28 48
3 30 117 39
3 48 81 113
3 56 110 29
3 113 110 117
4 0 2 7 1
4 1 0 37 96
4 2 37 96 7
4 2 31 96 13
4 12 19 13 2
4 12 19 96 31
4 5 96 25 12
4 12 25 34 23
4 23 34 96 5
4 32 33 96 37
4 32 33 26 23
4 26 96 37 23
4 0 36 96 5
4 36 0 38 44
4 44 96 5 38
4 32 41 96 31
4 31 38 43 96
4 32 41 43 38
4 0 47 54 38
4 0 38 95 59
4 54 47 59 95
4 23 95 69 12
4 12 23 52 47
4 47 69 95 52
4 1 0 57 60
4 5 95 57 0
4 5 95 60 1
4 41 61 1 43
4 1 69 95 43
4 61 41 95 69
4 61 59 95 33
4 33 26 19 61
4 19 26 95 59
4 12 70 95 5
4 70 12 19 67
4 67 19 5 95
4 2 0 57 73
4 0 59 91 2
4 59 57 73 91
4 57 83 91 52
4 32 23 52 57
4 23 91 83 32
4 36 79 47 0
4 0 47 91 37
4 37 91 79 36
4 61 19 91 83
4 13 36 61 19
4 36 83 91 13
4 59 91 25 61
4 34 41 61 25
4 59 41 34 91
4 37 32 70 91
4 41 67 70 32
4 37 91 67 41
4 12 2 73 70
4 2 12 69 90
4 70 73 90 69
4 32 38 90 83
4 70 83 90 54
4 38 32 70 54
4 1 7 25 61
4 1 90 83 61
4 83 25 7 90
4 31 12 47 90
4 79 25 31 90
4 12 47 79 25
4 69 90 36 61
4 69 33 44 90
4 33 44 36 61
4 33 60 57 32
4 32 57 90 31
4 33 60 90 31
4 2 84 46 0
4 0 46 51 45
4 45 51 84 2
4 2 12 48 74
4 50 51 74 2
4 50 12 48 51
4 23 76 82 12
4 76 51 71 23
4 71 12 82 51
4 32 45 51 66
4 51 56 23 45
4 23 56 66 32
4 0 71 51 72
4 38 86 72 0
4 71 38 86 51
4 62 51 50 32
4 38 55 62 32
4 38 50 51 55
4 0 2 11 3
4 0 58 22 2
4 11 3 58 22
4 11 23 32 21
4 11 15 58 21
4 58 32 23 15
4 20 11 45 62
4 32 68 11 45
4 32 68 20 62
4 11 76 62 3
4 3 63 82 11
4 62 76 82 63
4 0 45 11 78
4 72 18 78 0
4 18 11 45 72
4 21 63 48 11
4 21 72 74 11
4 48 74 72 63
4 3 29 38 0
4 38 17 78 0
4 17 78 3 29
4 14 78 15 29
4 12 78 15 23
4 12 14 29 23
4 46 42 58 0
4 58 0 71 29
4 46 42 29 71
4 14 63 62 29
4 46 63 62 55
4 14 29 55 46
4 48 20 68 12
4 20 48 71 29
4 71 12 68 29
4 3 63 66 29
4 3 29 56 48
4 56 66 63 48
4 2 12 14 4
4 12 68 22 2
4 14 4 22 68
4 32 21 4 38
4 17 68 21 4
4 32 68 17 38
4 32 50 4 58
4 58 32 66 42
4 4 50 66 42
4 14 63 72 4
4 14 4 86 66
4 66 86 72 63
4 50 12 78 4
4 12 78 18 82
4 4 50 82 18
4 21 63 46 4
4 4 84 82 21
4 63 46 84 82
4 35 0 90 60
4 0 58 44 90
4 60 44 58 35
4 40 60 95 32
4 60 43 58 40
4 32 58 43 95
4 60 64 62 57
4 64 33 32 62
4 35 60 94 62
4 63 35 60 89
4 63 89 94 62
4 0 72 88 1
4 57 60 88 72
4 60 40 63 65
4 60 92 72 40
4 63 72 92 65
4 37 77 72 0
4 72 0 59 80
4 77 80 59 37
4 62 80 83 32
4 32 37 75 62
4 80 75 37 83
4 32 57 80 27
4 67 80 57 95
4 27 32 95 67
4 94 89 69 95
4 80 94 95 59
4 89 80 59 69
4 0 57 80 6
4 0 90 79 6
4 80 57 90 79
4 83 90 92 80
4 65 92 90 69
4 69 83 80 65
4 0 6 39 58
4 58 0 59 41
4 41 39 6 59
4 62 63 61 41
4 63 62 75 6
4 41 61 6 75
4 35 0 37 41
4 96 41 35 1
4 33 64 65 69
4 65 64 41 59
4 41 33 69 59
4 41 27 63 35
4 41 67 65 35
4 27 63 65 67
4 83 36 58 32
4 36 83 27 39
4 32 27 39 58
4 63 61 36 72
4 27 77 36 61
4 27 77 72 63
4 40 36 37 32
4 96 36 40 33
4 36 1 69 83
4 1 88 89 69
4 88 36 83 89
4 40 63 6 36
4 36 40 89 79
4 63 6 79 89
4 0 6 18 4
4 4 0 47 84
4 18 84 47 6
4 12 9 18 11
4 12 47 74 11
4 18 74 47 9
4 78 18 88 1
4 10 1 61 39
4 9 1 10 18
4 9 61 39 18
4 19 61 24 16
4 19 16 18 6
4 18 24 61 6
4 19 78 18 81
4 81 19 12 82
4 0 47 48 3
4 0 47 65 35
4 35 65 48 3
4 19 61 35 49
4 48 63 35 49
4 63 48 19 61
4 0 71 48 6
4 48 51 72 6
4 21 3 48 82
4 39 3 48 81
4 21 39 81 82
4 28 61 39 20
4 20 48 6 39
4 6 61 28 48
4 0 1 8 3
4 1 53 71 0
4 3 8 53 71
4 14 8 19 12
4 14 8 49 71
4 12 71 49 19
4 0 78 8 35
4 35 0 4 42
4 42 4 78 8
4 14 8 39 21
4 14 4 10 8
4 10 39 21 4
4 3 8 16 11
4 8 24 21 3
4 16 24 21 11
4 20 8 78 11
4 12 28 20 11
4 28 8 78 12
4 61 1 46 63
4 1 53 28 61
4 53 28 63 46
4 14 12 47 46
4 14 46 65 28
4 47 12 28 65
4 14 21 72 46
4 24 88 72 21
4 24 88 46 14
4 9 61 35 46
4 42 24 61 35
4 42 24 9 46
4 9 46 71 12
4 46 9 82 51
4 57 73 103 60
4 60 57 52 112
4 52 112 103 73
4 105 52 54 103
4 103 98 106 105
4 54 98 106 52
4 95 98 109 52
4 52 111 26 95
4 26 111 109 98
4 23 71 53 26
4 71 53 112 52
4 26 23 52 112
4 47 92 60 69
4 95 52 92 60
4 49 53 69 59
4 59 52 54 69
4 54 53 49 52
4 31 44 60 69
4 43 5 69 60
4 43 5 31 44
4 98 38 5 26
4 26 98 44 96
4 5 17 98 95
4 95 5 15 106
4 15 106 98 17
4 43 5 71 55
4 23 5 43 106
4 71 23 106 55
4 59 5 38 57
4 55 57 59 49
4 38 5 49 55
4 1 7 103 60
4 7 119 43 1
4 60 43 119 103
4 96 26 53 1
4 96 119 97 1
4 26 119 97 53
4 44 60 92 101
4 44 60 112 119
4 112 119 101 92
4 105 92 55 106
4 97 119 105 92
4 97 119 106 55
4 49 111 109 55
4 109 55 43 119
4 43 119 111 49
4 17 53 49 15
4 53 17 119 112
4 15 119 112 49
4 17 98 103 7
4 17 38 90 7
4 90 103 98 38
4 17 97 90 31
4 90 69 53 97
4 17 53 69 31
4 54 98 44 90
4 54 90 101 109
4 98 109 101 44
4 57 73 109 55
4 57 90 97 55
4 73 109 97 90
4 38 71 47 90
4 38 90 92 55
4 71 55 92 47
4 71 54 90 0
4 54 53 1 90
4 75 106 94 80
4 75 106 95 59
4 52 55 35 59
4 41 106 55 35
4 59 52 106 41
4 57 94 67 59
4 73 94 67 91
4 54 69 83 73
4 52 59 83 73
4 73 101 97 54
4 73 105 112 54
4 97 101 105 112
4 47 79 103 54
4 47 79 105 52
4 65 67 91 47
4 92 47 91 105
4 67 105 92 65
4 105 52 55 104
4 116 49 52 105
4 49 116 104 55
4 49 75 80 65
4 65 80 105 112
4 75 105 112 49
4 60 94 106 43
4 106 119 103 94
4 38 54 103 44
4 43 112 103 44
4 43 112 54 38
4 69 54 97 1
4 54 97 43 95
4 60 43 49 65
4 49 65 69 5
4 95 43 104 94
4 94 104 116 67
4 43 95 67 116
4 43 112 65 35
4 67 41 43 112
4 73 90 60 94
4 90 101 104 60
4 94 73 101 104
4 92 104 44 90
4 44 104 55 38
4 35 1 90 57
4 35 1 97 55
4 60 90 47 65
4 94 57 90 103
4 80 94 103 79
4 4 86 57 0
4 42 86 57 35
4 40 57 55 42
4 55 29 32 57
4 29 42 40 32
4 0 36 88 46
4 58 36 88 42
4 42 8 61 40
4 8 10 36 61
4 36 10 42 40
4 35 42 30 41
4 30 41 61 24
4 41 32 66 64
4 41 58 42 64
4 0 3 39 36
4 45 0 36 77
4 39 3 45 77
4 21 39 75 45
4 32 41 75 45
4 21 32 41 39
4 18 4 58 39
4 14 3 39 24
4 30 39 3 29
4 14 29 30 24
4 27 32 29 20
4 20 39 58 29
4 3 62 57 0
4 6 80 62 3
4 35 62 45 0
4 62 51 46 35
4 8 35 62 20
4 8 20 27 61
4 61 35 62 27
4 8 64 62 3
4 14 66 62 3
4 14 66 64 8
4 32 57 72 21
4 21 27 80 72
4 32 45 72 40
4 72 51 66 40
4 61 6 72 40
4 18 24 40 72
4 37 0 4 22
4 0 5 17 4
4 17 22 37 5
4 31 32 29 17
4 17 31 37 15
4 32 37 15 29
4 68 32 95 26
4 38 17 26 95
4 69 5 17 87
4 69 87 98 95
4 78 0 90 7
4 45 73 90 0
4 73 45 71 54
4 45 32 95 52
4 50 54 52 45
4 50 54 95 32
4 38 4 84 54
4 50 54 53 14
4 4 14 53 97
4 54 97 4 50
4 71 14 87 54
4 29 98 87 14
4 71 54 98 29
4 32 70 56 29
4 29 38 54 56
4 50 32 37 2
4 50 2 91 70
4 2 31 68 11
4 45 32 31 2
4 2 7 87 50
4 50 2 78 14
4 78 14 87 7
4 69 31 2 47
4 2 84 87 31
4 69 87 84 47
4 0 37 23 71
4 23 91 47 71
4 0 5 23 45
4 23 11 78 5
4 14 71 23 68
4 68 14 53 26
4 23 70 69 5
4 70 56 53 69
4 53 5 23 56
4 64 66 70 67
4 64 28 69 60
4 70 94 60 69
4 94 70 28 64
4 42 14 28 64
4 28 64 30 68
4 42 14 68 30
4 20 64 33 68
4 8 114 87 14
4 66 87 114 64
4 64 99 87 33
4 69 87 99 65
4 83 25 24 40
4 40 32 68 24
4 32 68 25 83
4 61 83 85 24
4 61 24 87 69
4 85 87 69 83
4 21 32 33 24
4 41 33 24 39
4 60 35 8 114
4 35 8 24 40
4 60 114 24 40
4 60 69 9 88
4 24 88 60 33
4 33 69 9 24
4 14 68 25 9
4 27 63 9 25
4 14 68 27 63
4 61 9 82 27
4 69 61 27 70
4 69 9 82 70
4 27 83 69 28
4 27 80 65 28
4 8 28 27 39
4 21 27 28 14
4 14 21 85 87
4 21 85 89 63
4 63 89 87 14
4 40 89 82 21
4 21 82 70 32
4 40 32 70 89
4 66 62 80 89
4 83 32 66 89
4 40 35 65 89
4 42 35 65 99
4 42 99 89 40
4 14 66 89 9
4 9 88 42 14
4 66 89 88 42
4 40 85 103 60
4 24 85 103 114
4 87 103 102 24
4 98 103 102 30
4 87 24 30 98
4 24 33 26 16
4 16 26 98 118
4 33 98 118 24
4 14 24 114 53
4 24 68 26 114
4 61 69 53 8
4 53 87 24 8
4 60 103 107 64
4 60 65 93 103
4 65 64 107 93
4 67 107 99 65
4 99 53 26 107
4 53 26 67 65
4 94 107 114 60
4 94 60 88 108
4 108 88 114 107
4 99 42 30 107
4 99 107 102 88
4 42 88 102 30
4 8 64 107 16
4 16 118 42 8
4 64 107 118 42
4 8 20 107 114
4 8 53 56 20
4 56 107 114 53
4 94 67 28 66
4 67 94 98 26
4 28 66 98 26
4 28 65 60 33
4 33 40 63 28
4 66 42 8 28
4 61 40 66 28
4 20 28 33 30
4 30 98 56 20
4 28 56 98 33
4 89 103 98 66
4 93 103 98 56
4 89 66 56 93
4 53 99 89 69
4 89 70 56 99
4 65 53 14 63
4 65 89 87 53
4 89 94 98 87
4 94 98 118 108
4 89 87 118 108
4 40 42 118 85
4 89 85 118 99
4 83 79 7 31
4 31 7 13 37
4 13 37 83 79
4 34 37 36 102
4 79 91 34 102
4 37 96 102 77
4 75 116 96 37
4 77 75 116 102
4 10 58 37 13
4 37 41 116 13
4 58 41 116 10
4 37 5 1 36
4 1 5 15 10
4 10 36 37 15
4 7 97 92 79
4 79 105 119 7
4 116 10 97 112
4 101 105 116 10
4 106 15 13 105
4 106 15 10 104
4 105 13 10 104
4 15 75 77 22
4 77 105 119 22
4 15 119 105 75
4 2 73 103 7
4 73 2 13 105
4 13 105 103 7
4 34 91 2 22
4 91 105 101 2
4 101 22 34 105
4 103 112 116 102
4 44 43 116 102
4 31 7 97 38
4 43 97 7 96
4 22 15 5 31
4 44 43 15 22
4 34 106 43 96
4 43 104 102 96
4 34 106 104 102
4 34 41 58 22
4 22 58 43 119
4 41 43 119 34
4 90 79 102 44
4 79 102 104 92
4 1 60 104 10
4 10 101 90 1
4 90 36 58 38
4 97 10 36 90
4 58 38 97 10
4 22 2 90 44
4 77 73 103 102
4 77 73 90 36
4 103 90 36 102
4 31 22 101 90
4 90 83 77 101
4 22 77 83 31
4 66 63 80 94
4 80 67 28 63
4 50 87 103 73
4 73 94 66 50
4 66 94 103 87
4 94 86 50 70
4 82 108 94 70
4 82 108 86 50
4 82 76 94 89
4 32 31 25 27
4 25 31 50 82
4 32 50 82 27
4 68 31 83 27
4 28 69 31 68
4 57 62 76 73
4 57 83 27 62
4 73 83 27 76
4 73 77 21 50
4 27 77 73 70
4 21 27 70 50
4 41 27 70 95
4 61 25 85 40
4 61 63 82 25
4 63 82 85 40
4 57 40 85 73
4 60 89 85 44
4 31 69 89 85
4 83 85 86 57
4 57 80 108 86
4 83 85 108 80
4 77 80 63 21
4 80 89 85 77
4 24 21 50 87
4 32 33 87 50
4 68 21 40 33
4 63 21 68 28
4 57 95 33 40
4 57 86 98 95
4 40 33 98 86
4 33 66 50 31
4 31 44 86 50
4 66 33 44 86
4 66 62 41 33
4 63 66 33 61
4 9 84 51 63
4 9 6 74 84
4 51 63 6 74
4 1 46 84 7
4 1 9 84 97
4 84 9 69 54
4 47 84 99 65
4 63 65 93 82
4 46 65 93 84
4 8 28 69 1
4 1 69 12 78
4 63 6 78 14
4 28 19 78 14
4 19 28 63 6
4 9 78 5 69
4 9 87 17 78
4 3 78 9 63
4 11 78 9 82
4 14 3 49 53
4 63 3 49 65
4 71 53 87 50
4 50 51 99 87
4 51 99 53 71
4 56 28 63 51
4 53 46 51 56
4 5 0 46 53
4 53 17 4 46
4 5 0 6 19
4 19 5 71 48
4 12 48 65 69
4 12 5 49 48
4 50 71 48 82
4 54 93 82 50
4 71 48 93 54
4 48 28 69 47
4 54 69 28 56
4 48 56 54 47
4 11 48 47 2
4 7 31 50 84
4 97 38 50 84
4 73 50 4 101
4 38 97 92 57
4 95 112 92 57
4 97 38 95 112
4 45 57 95 23
4 37 45 50 31
4 37 45 71 5
4 71 5 31 50
4 5 71 46 1
4 46 1 43 55
4 4 38 5 78
4 12 50 38 5
4 47 2 37 59
4 69 31 37 59
4 90 2 45 57
4 74 92 90 2
4 45 74 92 57
4 2 47 46 4
4 92 47 2 101
4 92 101 4 46
4 78 2 90 1
4 50 73 91 12
4 73 50 71 52
4 71 12 91 52
4 47 46 55 52
4 55 109 84 46
4 52 109 84 47
4 50 84 74 45
4 54 52 74 84
4 71 46 92 52
4 46 53 112 92
4 75 41 95 52
4 52 49 35 57
4 35 49 112 60
4 15 23 95 43
4 38 71 49 43
4 71 49 112 54
4 69 5 37 83
4 59 35 58 37
4 58 35 49 15
4 37 59 49 15
4 71 49 75 45
4 49 75 37 5
4 61 59 49 8
4 55 113 80 57
4 49 113 80 59
4 3 75 80 63
4 47 9 88 92
4 9 79 80 63
4 9 46 92 79
4 63 46 92 80
4 53 97 92 65
4 48 113 92 47
4 71 48 113 55
4 48 74 92 65
4 72 46 1 36
4 3 35 1 78
4 9 63 35 1
4 6 36 90 47
4 61 6 47 69
4 78 5 59 6
4 9 6 59 69
4 57 59 6 72
4 72 74 52 57
4 59 52 74 6
4 3 6 47 71
4 71 3 75 52
4 52 75 6 47
4 27 70 56 20
4 51 63 27 76
4 27 76 56 28
4 26 56 66 33
4 33 98 54 69
4 63 89 93 48
4 31 85 82 12
4 12 69 89 82
4 70 23 11 82
4 82 84 54 70
4 68 12 9 24
4 69 33 68 12
4 28 53 17 68
4 68 11 48 28
4 32 31 87 66
4 17 87 66 29
4 63 66 87 9
4 66 87 84 51
4 73 70 67 105
4 70 54 112 67
4 95 112 93 70
4 23 70 93 111
4 95 112 111 23
4 57 92 79 83
4 91 52 92 79
4 91 59 65 93
4 49 59 91 111
4 65 93 111 49
4 49 52 91 19
4 31 83 57 38
4 83 59 5 31
4 70 23 37 83
4 5 59 65 53
4 26 5 59 67
4 31 38 71 12
4 93 47 90 103
4 54 93 79 90
4 83 79 93 70
4 94 57 45 76
4 108 72 57 94
4 45 76 108 72
4 51 72 77 76
4 76 45 3 20
4 56 71 3 20
4 56 71 45 76
4 62 76 109 55
4 55 106 76 51
4 4 72 57 38
4 21 50 71 3
4 3 58 38 71
4 50 21 58 38
4 21 40 57 45
4 73 85 21 45
4 21 14 71 45
4 45 21 68 23
4 3 63 40 58
4 58 40 66 29
4 57 38 29 62
4 94 57 38 98
4 29 62 94 98
4 66 94 106 29
4 70 94 106 23
4 70 23 29 66
4 68 29 62 27
4 14 42 86 50
4 55 71 14 42
4 86 50 71 55
4 70 73 86 66
4 56 70 73 109
4 66 86 109 56
4 38 98 56 71
4 56 98 86 51
4 86 40 63 51
4 85 86 51 82
4 35 61 96 43
4 40 35 43 44
4 40 44 96 61
4 36 72 86 44
4 22 44 40 21
4 22 21 72 101
4 44 101 72 40
4 21 85 44 58
4 39 102 85 21
4 58 39 102 44
4 33 30 39 61
4 36 39 30 44
4 35 61 83 57
4 38 31 85 86
4 40 57 59 61
4 61 83 77 39
4 59 75 39 61
4 75 59 83 77
4 77 85 31 37
4 31 96 102 85
4 34 27 61 96
4 77 36 96 34
4 37 45 62 41
4 37 31 33 41
4 33 31 22 30
4 22 37 41 30
4 58 21 27 41
4 21 27 34 22
4 38 58 41 95
4 68 16 18 21
4 68 16 81 27
4 18 21 27 81
4 8 16 25 61
4 20 16 25 27
4 16 25 31 17
4 25 85 118 16
4 31 17 118 85
4 21 11 100 85
4 24 16 100 85
4 7 31 68 16
4 7 31 33 114
4 68 16 114 33
4 31 33 28 12
4 28 66 50 12
4 14 28 70 50
4 26 17 78 19
4 14 28 26 17
4 78 11 100 7
4 100 7 9 82
4 82 84 7 25
4 19 25 82 48
4 61 9 87 33
4 18 118 17 78
4 9 18 118 87
4 21 18 84 50
4 87 24 18 84
4 7 114 8 78
4 78 7 79 6
4 9 61 96 7
4 9 7 13 6
4 13 6 61 96
4 9 14 17 7
4 9 46 97 7
4 14 46 97 17
4 7 16 8 1
4 46 65 59 0
4 87 114 96 31
4 5 53 114 96
4 53 87 31 5
4 28 26 96 61
4 78 0 59 19
4 2 78 19 91
4 19 5 17 16
4 19 25 31 5
4 61 59 47 9
4 9 25 91 47
4 14 71 47 9
4 47 54 87 9
4 87 89 79 7
4 87 7 115 99
4 89 79 115 99
4 79 102 107 93
4 79 88 99 93
4 108 99 114 102
4 99 113 116 114
4 102 116 113 108
4 64 42 10 116
4 99 115 116 64
4 42 10 115 99
4 46 99 114 1
4 84 7 114 99
4 88 99 53 1
4 53 1 10 110
4 99 88 10 110
4 8 24 25 19
4 24 102 116 8
4 102 25 19 116
4 39 8 114 102
4 20 107 102 39
4 118 24 8 110
4 53 110 118 87
4 7 79 81 16
4 6 81 16 78
4 19 116 10 78
4 18 81 116 10
4 25 81 115 7
4 82 84 115 81
4 84 118 107 93
4 18 118 107 81
4 81 93 84 18
4 16 118 108 81
4 81 16 110 113
4 113 110 118 108
4 39 20 110 10
4 20 110 115 81
4 10 115 81 39
4 6 9 24 39
4 9 79 102 24
4 6 79 102 39
4 88 9 25 102
4 88 108 82 9
4 102 25 82 108
4 18 108 89 9
4 84 118 24 9
4 46 42 118 84
4 9 88 10 78
4 14 42 10 78
4 7 90 73 100
4 25 100 73 83
4 85 25 91 73
4 73 105 102 85
4 25 102 105 91
4 73 103 107 76
4 76 77 102 107
4 73 100 107 94
4 86 118 100 73
4 86 118 107 94
4 85 87 54 73
4 85 118 109 73
4 109 54 87 118
4 44 30 68 31
4 31 25 102 44
4 68 30 102 25
4 31 22 118 87
4 30 118 87 33
4 86 118 17 38
4 31 2 101 44
4 2 101 86 50
4 7 25 68 17
4 25 7 119 34
4 17 68 34 119
4 22 118 107 34
4 26 107 118 17
4 17 22 34 26
4 34 30 118 100
4 109 100 34 106
4 106 109 118 30
4 76 77 101 109
4 109 76 34 119
4 77 34 119 101
4 2 100 34 37
4 7 96 34 100
4 7 96 33 87
4 87 98 119 7
4 96 119 98 33
4 44 102 107 98
4 96 102 107 26
4 106 105 102 30
4 94 86 101 105
4 98 94 105 119
4 101 86 98 119
4 89 108 104 60
4 44 104 108 85
4 98 107 108 86
4 44 86 108 102
4 94 108 117 106
4 106 117 118 98
4 76 106 104 108
4 55 104 108 51
4 86 108 113 55
4 64 30 44 60
4 64 35 58 30
4 42 55 106 30
4 33 60 104 30
4 24 88 104 30
4 99 118 30 64
4 30 64 113 117
4 113 99 118 117
4 29 55 113 20
4 30 20 113 104
4 29 55 104 30
4 62 106 98 66
4 98 33 41 106
4 66 99 113 62
4 89 80 113 99
4 64 62 76 107
4 62 64 99 51
4 76 51 99 107
4 20 107 94 62
4 29 20 107 98
4 44 98 66 40
4 44 98 29 58
4 88 40 66 99
4 72 88 99 51
4 35 55 86 40
4 51 63 35 55
4 40 24 118 86
4 55 109 118 42
4 38 17 110 55
4 86 118 110 55
4 4 118 98 38
4 84 118 98 54
4 73 54 56 76
4 56 76 108 99
4 56 110 117 76
4 108 99 110 117
4 55 110 20 62
4 76 109 110 20
4 76 100 84 51
4 99 107 100 84
4 76 70 54 109
4 82 84 109 76
4 29 110 99 66
4 87 99 110 17
4 56 29 30 107
4 42 99 56 29
4 45 73 94 62
4 45 62 66 50
4 66 99 84 50
4 4 42 99 84
4 50 85 108 51
4 87 99 108 85
4 47 46 35 59
4 47 46 88 79
4 99 46 47 93
4 47 74 113 65
4 99 84 74 113
4 8 110 97 1
4 35 8 110 55
4 43 60 88 10
4 60 88 115 112
4 10 115 112 43
4 97 115 113 55
4 43 116 113 55
4 97 115 116 43
4 111 52 92 115
4 92 115 110 55
4 110 55 52 111
4 112 54 84 115
4 74 115 112 52
4 60 90 7 114
4 92 115 7 90
4 92 60 114 115
4 97 90 79 115
4 93 115 97 54
4 49 112 114 8
4 49 116 114 53
4 53 99 113 49
4 99 65 49 110
4 99 110 111 93
4 49 112 93 48
4 43 35 46 97
4 46 97 112 65
4 67 112 92 80
4 89 103 112 65
4 89 80 105 103
4 60 112 93 89
4 88 115 93 89
4 53 114 88 46
4 92 112 114 88
4 9 89 80 6
4 47 93 67 59
4 54 93 67 95
4 83 59 65 89
4 91 83 89 93
4 90 103 114 1
4 114 53 54 103
4 1 9 89 60
4 9 7 103 89
4 85 103 105 77
4 76 77 83 70
4 70 76 108 89
4 77 108 89 83
4 45 50 85 77
4 40 89 103 44
4 108 72 36 102
4 38 50 85 44
4 38 95 94 86
4 38 50 70 95
4 86 72 80 94
4 80 105 101 72
4 60 89 70 95
4 36 72 45 37
4 53 112 103 87
4 28 53 54 70
4 82 100 103 89
4 56 71 46 99
4 93 47 71 56
4 100 2 90 103
4 93 100 2 47
4 84 2 91 93
4 70 93 84 50
4 93 112 97 84
4 82 48 65 89
4 9 89 70 12
4 12 9 79 91
4 79 91 70 89
4 1 5 12 9
4 51 45 77 108
4 46 88 108 51
4 55 104 88 46
4 46 4 118 99
4 72 108 118 4
4 108 99 46 72
4 86 4 18 108
4 3 35 57 45
4 3 35 40 21
4 35 63 21 58
4 58 4 46 35
4 88 40 21 18
4 82 18 88 89
4 3 45 50 14
4 35 64 99 46
4 51 82 27 62
4 57 94 64 35
4 42 86 94 64
4 88 104 94 89
4 66 94 104 42
4 14 50 85 24
4 85 24 42 86
4 11 76 70 12
4 20 28 70 76
4 76 34 25 82
4 76 27 25 100
4 31 83 89 87
4 12 14 66 70
4 73 83 40 86
4 70 83 40 66
4 34 77 45 23
4 21 77 34 68
4 68 22 77 27
4 14 12 25 24
4 25 85 50 12
4 45 11 100 73
4 11 22 31 12
4 11 82 85 22
4 9 78 13 79
4 13 91 12 78
4 48 12 25 81
4 48 47 79 81
4 6 79 93 48
4 1 96 25 9
4 12 91 67 28
4 19 8 35 59
4 59 83 25 19
4 80 83 25 81
4 59 80 81 19
4 67 19 6 80
4 6 36 96 19
4 4 86 73 2
4 21 77 101 4
4 11 76 73 2
4 12 11 15 5
4 12 91 34 68
4 85 100 91 83
4 22 37 91 100
4 83 37 22 85
4 38 31 68 29
4 29 58 37 23
4 76 23 37 77
4 21 3 75 77
4 22 77 72 4
4 73 83 36 101
4 36 101 86 40
4 83 40 58 37
4 58 22 85 40
4 54 98 107 93
4 95 98 107 67
4 61 28 70 83
4 114 64 94 103
4 95 112 114 33
4 54 87 114 112
4 87 33 95 54
4 33 26 112 60
4 28 26 112 65
4 67 59 35 64
4 62 113 92 57
4 64 60 92 113
4 65 64 42 46
4 65 92 104 64
4 46 92 104 42
4 35 64 114 1
4 8 64 60 1
4 92 57 40 88
4 88 40 83 79
4 33 114 88 40
4 66 99 114 33
4 80 65 46 72
4 99 108 80 65
4 84 115 114 87
4 56 107 103 54
4 56 26 114 99
4 9 79 103 87
4 28 53 112 67
4 64 99 93 67
4 70 66 99 93
4 23 52 55 29
4 71 52 106 29
4 38 97 110 29
4 54 56 110 97
4 29 55 97 17
4 17 14 66 98
4 4 17 98 86
4 57 86 109 52
4 72 74 109 86
4 101 72 46 97
4 51 46 97 109
4 51 109 101 72
4 62 106 109 51
4 66 98 109 51
4 66 42 110 56
4 42 110 109 86
4 45 71 46 72
4 55 42 8 49
4 93 115 110 56
4 53 110 109 54
4 28 65 113 20
4 20 110 53 28
4 65 53 110 113
4 56 28 8 110
4 48 49 55 51
4 48 111 109 51
4 54 47 74 109
4 56 48 74 109
4 48 28 66 51
4 51 55 97 84
4 113 51 84 115
4 43 55 62 41
4 76 106 95 70
4 95 106 109 54
4 95 106 104 60
4 33 95 106 30
4 44 86 55 43
4 44 86 109 119
4 85 50 54 103
4 38 29 30 44
4 73 52 55 86
4 86 73 105 104
4 62 80 92 55
4 64 8 10 104
4 8 116 104 42
4 113 115 114 64
4 60 104 113 65
4 108 89 65 113
4 66 64 113 51
4 28 64 113 48
4 55 92 88 42
4 42 88 115 110
4 42 110 49 35
4 3 20 64 35
4 64 65 48 20
4 62 45 74 113
4 51 113 75 45
4 71 49 113 51
4 66 64 104 86
4 86 104 113 51
4 62 113 110 29
4 14 9 6 3
4 26 5 71 56
4 76 23 95 94
4 95 33 68 23
4 4 78 13 101
4 17 78 13 119
4 17 119 101 4
4 22 101 97 17
4 2 101 117 11
4 101 2 78 10
4 117 11 78 10
4 22 101 74 11
4 13 36 58 15
4 44 119 13 36
4 44 58 15 119
4 10 36 77 117
4 15 37 77 117
4 3 21 22 15
4 43 5 78 10
4 38 4 10 43
4 45 3 78 2
4 13 75 45 2
4 3 75 13 78
4 74 45 37 13
4 72 74 13 36
4 3 14 17 15
4 14 21 22 17
4 22 4 42 30
4 58 42 118 22
4 39 8 1 36
4 2 37 58 4
4 58 4 97 43
4 74 51 86 101
4 42 104 101 4
4 10 42 86 101
4 52 45 72 92
4 85 87 114 102
4 1 88 102 96
4 25 79 88 24
4 96 33 28 19
4 1 36 102 114
4 36 96 114 88
4 35 59 83 40
4 1 43 15 78
4 78 7 119 15
4 17 7 13 15
4 53 5 15 110
4 4 97 119 22
4 29 58 10 110
4 3 49 43 58
4 2 4 10 13
4 19 116 43 5
4 43 96 19 49
4 96 13 101 44
4 96 13 75 41
4 78 15 75 6
4 15 75 59 5
4 25 34 30 24
4 39 24 85 77
4 101 74 6 36
4 101 36 39 117
4 74 117 39 6
4 77 39 10 101
4 6 72 101 13
4 6 13 105 80
4 77 80 92 101
4 37 75 74 2
4 2 22 117 74
4 22 117 75 37
4 45 73 105 75
4 73 52 75 77
4 6 36 58 3
4 3 15 13 6
4 68 25 81 20
4 70 82 81 67
4 83 79 81 27
4 70 93 81 27
4 82 85 102 81
4 25 85 108 81
4 18 108 80 6
4 23 111 74 45
4 23 37 13 111
4 23 15 13 91
4 91 13 101 73
4 79 6 75 105
4 74 6 19 111
4 59 19 111 52
4 47 74 101 90
4 79 36 44 103
4 42 24 102 104
4 64 114 96 41
4 64 33 44 104
4 33 64 116 96
4 96 116 104 44
4 103 44 30 107
4 44 96 25 85
4 108 18 10 104
4 81 108 104 116
4 88 108 77 36
4 88 108 117 10
4 8 20 117 10
4 20 64 104 117
4 114 24 39 116
4 33 114 116 41
4 39 117 118 24
4 117 77 85 118
4 39 81 107 30
4 39 30 118 18
4 72 86 118 18
4 21 18 10 58
4 58 10 88 40
4 44 103 100 22
4 100 22 30 107
4 17 98 107 16
4 16 20 29 17
4 33 44 22 68
4 29 68 24 42
4 26 114 102 34
4 68 24 102 34
4 20 16 114 64
4 85 22 17 87
4 114 16 100 103
4 22 117 104 44
4 117 15 43 104
4 15 29 42 10
4 42 104 106 29
4 3 35 43 15
4 42 58 15 110
4 29 106 119 17
4 5 49 110 17
4 97 1 36 101
4 17 22 117 110
4 117 110 97 101
4 101 109 110 10
4 96 5 49 116
4 26 5 1 114
4 60 95 26 114
4 114 7 13 116
4 103 105 116 114
4 79 13 119 103
4 114 96 13 115
4 111 26 114 115
4 96 13 111 26
4 26 19 13 119
4 17 26 112 97
4 15 10 115 111
4 15 43 112 111
4 36 79 115 10
4 2 22 118 84
4 118 84 74 117
4 2 100 118 4
4 7 13 74 84
4 84 109 119 7
4 74 109 119 13
4 10 110 111 13
4 111 13 101 109
4 97 10 117 109
4 43 106 117 10
4 43 106 109 97
4 97 7 100 109
4 100 11 15 119
4 22 15 111 100
4 111 100 118 110
4 15 22 118 110
4 15 117 118 17
4 98 29 15 119
4 93 115 13 91
4 67 116 13 91
4 67 116 115 93
4 116 19 91 105
4 79 115 111 91
4 34 67 93 100
4 112 119 100 93
4 34 119 112 67
4 102 114 112 105
4 26 34 105 112
4 73 100 111 52
4 103 100 111 112
4 96 116 115 7
4 119 96 36 101
4 25 100 111 19
4 100 25 96 119
4 111 19 96 119
4 30 102 81 20
4 104 102 81 113
4 104 101 74 113
4 75 113 108 77
4 80 113 117 77
4 101 92 113 117
4 36 102 30 58
4 4 118 30 58
4 75 39 18 74
4 115 18 39 116
4 115 74 75 116
4 39 117 110 8
4 77 21 24 102
4 72 77 102 88
4 72 80 81 18
4 72 92 115 18
4 81 115 92 80
4 102 36 6 81
4 72 108 81 6
4 74 115 88 72
4 74 115 99 51
4 2 7 16 11
4 7 115 74 2
4 16 11 74 115
4 78 16 100 2
4 118 4 78 16
4 2 84 115 13
4 22 119 111 11
4 101 74 111 119
4 111 93 103 119
4 98 119 111 56
4 111 16 118 109
4 109 73 91 111
4 17 7 115 110
4 110 15 13 115
4 103 87 17 119
4 17 16 115 97
4 26 16 115 112
4 22 119 103 85
4 86 104 102 85
4 45 77 105 52
4 77 105 92 72
4 80 75 13 79
4 86 4 10 104
4 38 43 104 86
4 92 104 106 52
4 53 99 118 17
4 89 93 100 85
4 99 118 100 93
4 85 86 109 100
4 82 100 109 51
4 56 107 108 51
4 84 109 98 87
4 53 97 109 56
4 82 85 103 93
4 95 26 107 94
4 89 79 105 94
4 79 105 104 88
4 43 104 88 1
4 82 93 111 11
4 48 11 100 93
4 56 51 74 111
4 45 74 18 21
4 45 76 100 2
4 94 70 91 105
4 25 79 80 27
4 47 6 81 93
4 81 6 59 67
4 91 70 28 19
4 62 51 74 75
4 72 6 78 4
4 4 72 92 97
4 45 52 49 3
4 113 108 82 48
4 51 108 81 48
4 82 93 115 18
4 74 47 59 75
4 67 93 82 27
4 9 25 100 84
4 100 84 47 91
4 65 113 75 59
4 92 105 102 88
4 82 108 117 11
4 108 85 22 117
4 11 18 108 76
4 18 24 68 11
4 18 118 109 74
4 4 18 115 97
4 18 84 97 10
4 21 22 100 82
4 4 84 100 22
4 18 16 17 4
4 18 82 27 39
4 13 115 88 36
4 13 10 88 79
4 39 81 79 36
4 25 91 23 68
4 34 100 82 27
4 25 100 118 24
4 27 41 96 25
4 11 18 10 15
4 10 4 84 115
4 18 74 92 88
4 44 119 100 85
4 53 8 10 97
4 113 49 43 104
4 53 112 116 8
4 97 92 113 110
4 7 97 110 16
4 30 58 38 98
4 41 95 98 30
4 62 35 43 106
4 33 44 119 26
4 58 30 34 37
4 45 76 34 37
4 79 25 34 105
4 37 91 111 15
4 5 26 34 37
4 3 20 16 78
4 20 3 6 81
4 1 114 16 78
4 18 16 114 88
4 24 88 115 16
4 16 115 79 25
4 19 13 105 67
4 59 67 34 37
4 80 77 34 67
4 16 18 74 111
4 82 48 111 100
4 16 110 109 100
4 68 17 110 20
4 68 22 117 20
4 16 110 29 68
4 24 42 110 16
4 115 18 11 111
4 18 117 109 84
4 16 78 5 26
4 78 8 116 13
4 81 102 96 19
4 22 101 104 30
4 78 18 117 15
4 6 75 117 18
4 30 117 18 24
4 88 104 117 18
4 58 30 20 3
4 11 20 30 22
4 108 77 22 118
4 68 26 119 22
4 7 114 107 100
4 96 34 107 114
4 11 117 30 68
4 43 116 39 58
4 8 19 13 10
4 41 43 10 39
4 96 25 81 116
4 103 7 16 107
4 44 101 117 30
4 98 109 117 30
4 20 16 115 113
4 18 115 114 24
4 103 102 81 93
4 103 79 81 107
4 80 94 107 81
4 67 81 108 94
4 80 113 115 79
4 76 34 102 108
4 64 94 76 20
4 94 104 117 76
4 76 94 103 100
4 56 109 117 20
4 117 77 73 109
4 116 75 52 112
4 101 13 116 104
4 75 13 119 106
4 74 109 106 75
4 101 73 76 117
4 34 105 104 30
4 77 108 107 34
4 41 96 119 106
4 112 95 41 116
4 11 16 107 76
4 108 18 16 107
4 20 11 100 107
4 76 117 18 82
4 76 77 39 20
4 76 117 39 27
4 75 105 102 39
4 81 113 92 79
4 116 13 74 113
4 75 113 115 13
4 74 117 104 92
4 39 116 105 77
4 107 67 80 108
4 16 20 76 100
4 108 80 75 117
4 19 91 100 16
4 111 16 25 91
4 91 52 109 100
4 84 97 119 100
4 6 13 111 48
4 13 111 93 79
4 74 111 112 92
4 13 74 48 19
4 20 117 77 27
4 82 51 113 81
4 99 56 111 115
4 111 112 114 16
4 56 26 119 109
4 112 93 81 116
4 64 67 105 104
4 76 100 119 106
4 67 26 119 105
4 48 56 107 81
4 48 93 107 20
4 70 91 111 56
4 11 74 52 23
4 48 65 112 111
4 110 49 52 109
4 81 113 62 27
4 20 113 80 27
4 23 52 105 34
4 105 91 23 106
4 56 93 81 20
4 112 67 81 115
4 94 64 116 105
4 20 11 74 113
4 11 117 113 48
4 91 67 107 100
4 34 105 80 27
4 48 20 117 74
4 81 20 62 80
4 27 77 105 67
4 93 91 34 107
4 45 11 111 52
4 93 56 23 91
4 52 106 34 91
4 75 105 94 62
4 106 52 74 117
4 52 109 117 75
4 80 105 106 62
4 3 15 111 48
4 11 48 49 15
4 3 8 116 75
4 8 39 75 49
4 28 27 34 26
4 68 28 67 34
4 27 81 116 41
4 41 67 81 39
4 16 11 23 26
4 16 111 23 68
4 8 110 111 19
4 19 49 110 16
4 39 117 106 41
4 41 75 117 30
4 26 68 11 111
4 106 34 68 29
4 23 34 30 29
4 49 3 39 116
4 3 62 106 15
4 29 62 75 15
4 68 26 67 27
4 30 106 23 68
4 64 8 19 67
4 64 116 19 28
4 26 16 81 67
4 26 107 81 19
4 8 49 111 16
4 39 75 106 30
4 49 15 117 113
4 15 75 113 110
4 64 107 34 41
4 34 67 64 30
4 62 64 116 75
4 116 41 62 113
4 23 26 107 76
4 34 76 56 26
4 29 56 111 15
4 29 23 111 110
4 49 110 117 75
4 67 41 30 107
4 56 110 15 23
4 28 8 116 67
4 41 64 113 75
4 48 28 26 111
4 19 48 56 26
4 3 29 106 75
4 15 106 76 11
4 76 117 15 23
4 27 67 116 39
4 19 67 107 16
4 3 11 111 49
4 34 106 62 27
4 41 34 76 62
4 34 107 56 23
4 56 111 19 28
4 76 106 41 27
4 49 116 81 48
4 81 113 49 19
4 23 106 117 11
4 113 48 19 116

# Cells
32 0 1 2 3 4 5 6 7 8 9 10 11 12 13 14 15 16 17 18 19 20 21 22 23 24 25 26 27 28 29 30 31
32 20 32 33 34 35 36 37 38 39 40 41 42 43 44 45 46 47 48 49 50 51 52 53 54 55 56 57 58 59 60 61 62
32 4 52 63 64 65 66 67 68 69 70 71 72 73 74 75 76 77 78 79 80 81 82 83 84 85 86 87 88 89 90 91 92
32 93 94 95 96 97 98 99 100 101 102 103 104 105 106 107 108 109 110 111 112 113 114 115 116 117 118 119 120 121 122 123 124
32 94 125 126 127 128 129 130 131 132 133 134 135 136 137 138 139 140 141 142 143 144 145 146 147 148 149 150 151 152 153 154 155
32 107 142 156 157 158 159 160 161 162 163 164 165 166 167 168 169 170 171 172 173 174 175 176 177 178 179 180 181 182 183 184 185
32 186 187 188 189 190 191 192 193 194 195 196 197 198 199 200 201 202 203 204 205 206 207 208 209 210 211 212 213 214 215 216 217
32 189 218 219 220 221 222 223 224 225 226 227 228 229 230 231 232 233 234 235 236 237 238 239 240 241 242 243 244 245 246 247 248
32 208 232 249 250 251 252 253 254 255 256 257 258 259 260 261 262 263 264 265 266 267 268 269 270 271 272 273 274 275 276 277 278
32 279 280 281 282 283 284 285 286 287 288 289 290 291 292 293 294 295 296 297 298 299 300 301 302 303 304 305 306 307 308 309 310
32 300 311 312 313 314 315 316 317 318 319 320 321 322 323 324 325 326 327 328 329 330 331 332 333 334 335 336 337 338 339 340 341
32 297 326 342 343 344 345 346 347 348 349 350 351 352 353 354 355 356 357 358 359 360 361 362 363 364 365 366 367 368 369 370 371
32 187 283 372 373 374 375 376 377 378 379 380 381 382 383 384 385 386 387 388 389 390 391 392 393 394 395 396 397 398 399 400 401
32 110 206 389 402 403 404 405 406 407 408 409 410 411 412 413 414 415 416 417 418 419 420 421 422 423 424 425 426 427 428 429 430
32 95 285 373 403 431 432 433 434 435 436 437 438 439 440 441 442 443 444 445 446 447 448 449 450 451 452 453 454 455 456 457 458
32 3 47 221 270 459 460 461 462 463 464 465 466 467 468 469 470 471 472 473 474 475 476 477 478 479 480 481 482 483 484 485 486
32 45 66 126 174 487 488 489 490 491 492 493 494 495 496 497 498 499 500 501 502 503 504 505 506 507 508 509 510 511 512 513 514
32 10 80 318 362 515 516 517 518 519 520 521 522 523 524 525 526 527 528 529 530 531 532 533 534 535 536 537 538 539 540 541 542
32 128 346 543 544 545 546 547 548 549 550 551 552 553 554 555 556 557 558 559 560 561 562 563 564 565 566 567 568 569 570 571 572
32 108 146 449 558 573 574 575 576 577 578 579 580 581 582 583 584 585 586 587 588 589 590 591 592 593 594 595 596 597 598 599 600
32 301 353 432 546 586 601 602 603 604 605 606 607 608 609 610 611 612 613 614 615 616 617 618 619 620 621 622 623 624 625 626 627
32 33 157 250 460 488 628 629 630 631 632 633 634 635 636 637 638 639 640 641 642 643 644 645 646 647 648 649 650 651 652 653 654
32 14 224 329 467 533 655 656 657 658 659 660 661 662 663 664 665 666 667 668 669 670 671 672 673 674 675 676 677 678 679 680 681
32 219 317 659 682 683 684 685 686 687 688 689 690 691 692 693 694 695 696 697 698 699 700 701 702 703 704 705 706 707 708 709 710
32 1 315 524 671 683 711 712 713 714 715 716 717 718 719 720 721 722 723 724 725 726 727 728 729 730 731 732 733 734 735 736 737
32 18 231 471 678 690 722 738 739 740 741 742 743 744 745 746 747 748 749 750 751 752 753 754 755 756 757 758 759 760 761 762 763
32 96 169 190 265 420 630 764 765 766 767 768 769 770 771 772 773 774 775 776 777 778 779 780 781 782 783 784 785 786 787 788 789
32 111 132 292 349 435 551 595 606 790 791 792 793 794 795 796 797 798 799 800 801 802 803 804 805 806 807 808 809 810 811 812 813
32 814 815 816 817 818 819 820 821 822 823 824 825 826 827 828 829 830 831 832 833 834 835 836 837 838 839 840 841 842 843 844 845
32 836 846 847 848 849 850 851 852 853 854 855 856 857 858 859 860 861 862 863 864 865 866 867 868 869 870 871 872 873 874 875 876
32 117 423 438 579 822 869 877 878 879 880 881 882 883 884 885 886 887 888 889 890 891 892 893 894 895 896 897 898 899 900 901 902
32 78 144 499 555 903 904 905 906 907 908 909 910 911 912 913 914 915 916 917 918 919 920 921 922 923 924 925 926 927 928 929 930
32 137 166 507 923 931 932 933 934 935 936 937 938 939 940 941 942 943 944 945 946 947 948 949 950 951 952 953 954 955 956 957 958
32 959 960 961 962 963 964 965 966 967 968 969 970 971 972 973 974 975 976 977 978 979 980 981 982 983 984 985 986 987 988 989 990
32 976 991 992 993 994 995 996 997 998 999 1000 1001 1002 1003 1004 1005 1006 1007 1008 1009 1010 1011 1012 1013 1014 1015 1016 1017 1018 1019 1020 1021
32 970 1012 1022 1023 1024 1025 1026 1027 1028 1029 1030 1031 1032 1033 1034 1035 1036 1037 1038 1039 1040 1041 1042 1043 1044 1045 1046 1047 1048 1049 1050 1051
32 368 556 612 1052 1053 1054 1055 1056 1057 1058 1059 1060 1061 1062 1063 1064 1065 1066 1067 1068 1069 1070 1071 1072 1073 1074 1075 1076 1077 1078 1079 1080
32 618 1073 1081 1082 1083 1084 1085 1086 1087 1088 1089 1090 1091 1092 1093 1094 1095 1096 1097 1098 1099 1100 1101 1102 1103 1104 1105 1106 1107 1108 1109 1110
32 99 161 407 767 847 881 1111 1112 1113 1114 1115 1116 1117 1118 1119 1120 1121 1122 1123 1124 1125 1126 1127 1128 1129 1130 1131 1132 1133 1134 1135 1136
32 827 1006 1137 1138 1139 1140 1141 1142 1143 1144 1145 1146 1147 1148 1149 1150 1151 1152 1153 1154 1155 1156 1157 1158 1159 1160 1161 1162 1163 1164 1165 1166
32 832 1147 1167 1168 1169 1170 1171 1172 1173 1174 1175 1176 1177 1178 1179 1180 1181 1182 1183 1184 1185 1186 1187 1188 1189 1190 1191 1192 1193 1194 1195 1196
32 829 856 1157 1192 1197 1198 1199 1200 1201 1202 1203 1204 1205 1206 1207 1208 1209 1210 1211 1212 1213 1214 1215 1216 1217 1218 1219 1220 1221 1222 1223 1224
32 979 1001 1038 1225 1226 1227 1228 1229 1230 1231 1232 1233 1234 1235 1236 1237 1238 1239 1240 1241 1242 1243 1244 1245 1246 1247 1248 1249 1250 1251 1252 1253
32 131 566 587 913 942 1247 1254 1255 1256 1257 1258 1259 1260 1261 1262 1263 1264 1265 1266 1267 1268 1269 1270 1271 1272 1273 1274 1275 1276 1277 1278 1279
32 851 936 1023 1230 1259 1280 1281 1282 1283 1284 1285 1286 1287 1288 1289 1290 1291 1292 1293 1294 1295 1296 1297 1298 1299 1300 1301 1302 1303 1304 1305 1306
32 307 385 439 613 1091 1307 1308 1309 1310 1311 1312 1313 1314 1315 1316 1317 1318 1319 1320 1321 1322 1323 1324 1325 1326 1327 1328 1329 1330 1331 1332 1333
32 64 348 520 544 904 1054 1334 1335 1336 1337 1338 1339 1340 1341 1342 1343 1344 1345 1346 1347 1348 1349 1350 1351 1352 1353 1354 1355 1356 1357 1358 1359
32 200 233 286 324 381 668 697 1360 1361 1362 1363 1364 1365 1366 1367 1368 1369 1370 1371 1372 1373 1374 1375 1376 1377 1378 1379 1380 1381 1382 1383 1384
32 115 139 177 582 867 879 946 1119 1267 1286 1385 1386 1387 1388 1389 1390 1391 1392 1393 1394 1395 1396 1397 1398 1399 1400 1401 1402 1403 1404 1405 1406
32 192 227 273 465 632 660 777 1370 1407 1408 1409 1410 1411 1412 1413 1414 1415 1416 1417 1418 1419 1420 1421 1422 1423 1424 1425 1426 1427 1428 1429 1430
32 973 1060 1349 1431 1432 1433 1434 1435 1436 1437 1438 1439 1440 1441 1442 1443 1444 1445 1446 1447 1448 1449 1450 1451 1452 1453 1454 1455 1456 1457 1458 1459
32 86 917 965 1339 1441 1460 1461 1462 1463 1464 1465 1466 1467 1468 1469 1470 1471 1472 1473 1474 1475 1476 1477 1478 1479 1480 1481 1482 1483 1484 1485 1486
32 821 872 995 1035 1155 1215 1228 1289 1487 1488 1489 1490 1491 1492 1493 1494 1495 1496 1497 1498 1499 1500 1501 1502 1503 1504 1505 1506 1507 1508 1509 1510
32 442 593 620 824 888 1089 1314 1511 1512 1513 1514 1515 1516 1517 1518 1519 1520 1521 1522 1523 1524 1525 1526 1527 1528 1529 1530 1531 1532 1533 1534 1535
32 17 42 477 753 1536 1537 1538 1539 1540 1541 1542 1543 1544 1545 1546 1547 1548 1549 1550 1551 1552 1553 1554 1555 1556 1557 1558 1559 1560 1561 1562 1563
32 1008 1154 1564 1565 1566 1567 1568 1569 1570 1571 1572 1573 1574 1575 1576 1577 1578 1579 1580 1581 1582 1583 1584 1585 1586 1587 1588 1589 1590 1591 1592 1593
32 1582 1594 1595 1596 1597 1598 1599 1600 1601 1602 1603 1604 1605 1606 1607 1608 1609 1610 1611 1612 1613 1614 1615 1616 1617 1618 1619 1620 1621 1622 1623 1624
32 1565 1595 1625 1626 1627 1628 1629 1630 1631 1632 1633 1634 1635 1636 1637 1638 1639 1640 1641 1642 1643 1644 1645 1646 1647 1648 1649 1650 1651 1652 1653 1654
32 981 1032 1481 1655 1656 1657 1658 1659 1660 1661 1662 1663 1664 1665 1666 1667 1668 1669 1670 1671 1672 1673 1674 1675 1676 1677 1678 1679 1680 1681 1682 1683
32 1063 1094 1433 1684 1685 1686 1687 1688 1689 1690 1691 1692 1693 1694 1695 1696 1697 1698 1699 1700 1701 1702 1703 1704 1705 1706 1707 1708 1709 1710 1711 1712
32 322 358 518 713 1070 1335 1450 1703 1713 1714 1715 1716 1717 1718 1719 1720 1721 1722 1723 1724 1725 1726 1727 1728 1729 1730 1731 1732 1733 1734 1735 1736
32 338 701 724 1699 1724 1737 1738 1739 1740 1741 1742 1743 1744 1745 1746 1747 1748 1749 1750 1751 1752 1753 1754 1755 1756 1757 1758 1759 1760 1761 1762 1763
32 394 409 448 830 890 1189 1327 1521 1764 1765 1766 1767 1768 1769 1770 1771 1772 1773 1774 1775 1776 1777 1778 1779 1780 1781 1782 1783 1784 1785 1786 1787
32 280 312 343 602 1053 1082 1308 1685 1714 1738 1788 1789 1790 1791 1792 1793 1794 1795 1796 1797 1798 1799 1800 1801 1802 1803 1804 1805 1806 1807 1808 1809
32 290 334 374 686 1324 1363 1753 1790 1810 1811 1812 1813 1814 1815 1816 1817 1818 1819 1820 1821 1822 1823 1824 1825 1826 1827 1828 1829 1830 1831 1832 1833
32 70 134 357 496 526 560 805 925 1342 1834 1835 1836 1837 1838 1839 1840 1841 1842 1843 1844 1845 1846 1847 1848 1849 1850 1851 1852 1853 1854 1855 1856
32 8 57 72 473 492 530 639 670 1420 1838 1857 1858 1859 1860 1861 1862 1863 1864 1865 1866 1867 1868 1869 1870 1871 1872 1873 1874 1875 1876 1877 1878
32 548 577 605 1058 1083 1226 1255 1514 1879 1880 1881 1882 1883 1884 1885 1886 1887 1888 1889 1890 1891 1892 1893 1894 1895 1896 1897 1898 1899 1900 1901 1902
32 104 140 180 500 644 768 799 1415 1844 1868 1903 1904 1905 1906 1907 1908 1909 1910 1911 1912 1913 1914 1915 1916 1917 1918 1919 1920 1921 1922 1923 1924
32 576 818 861 885 1236 1272 1291 1387 1502 1527 1885 1925 1926 1927 1928 1929 1930 1931 1932 1933 1934 1935 1936 1937 1938 1939 1940 1941 1942 1943 1944 1945
32 203 392 412 1185 1766 1946 1947 1948 1949 1950 1951 1952 1953 1954 1955 1956 1957 1958 1959 1960 1961 1962 1963 1964 1965 1966 1967 1968 1969 1970 1971 1972
32 197 259 416 783 1114 1960 1973 1974 1975 1976 1977 1978 1979 1980 1981 1982 1983 1984 1985 1986 1987 1988 1989 1990 1991 1992 1993 1994 1995 1996 1997 1998
32 406 817 863 895 1118 1181 1216 1772 1950 1990 1999 2000 2001 2002 2003 2004 2005 2006 2007 2008 2009 2010 2011 2012 2013 2014 2015 2016 2017 2018 2019 2020
32 281 313 344 516 656 791 1361 1408 1835 1858 1904 2021 2022 2023 2024 2025 2026 2027 2028 2029 2030 2031 2032 2033 2034 2035 2036 2037 2038 2039 2040 2041
32 22 76 539 721 1346 1446 1466 1723 2042 2043 2044 2045 2046 2047 2048 2049 2050 2051 2052 2053 2054 2055 2056 2057 2058 2059 2060 2061 2062 2063 2064 2065
32 100 198 296 386 425 445 771 801 1373 1418 1907 2029 2066 2067 2068 2069 2070 2071 2072 2073 2074 2075 2076 2077 2078 2079 2080 2081 2082 2083 2084 2085
32 13 728 747 1547 2054 2086 2087 2088 2089 2090 2091 2092 2093 2094 2095 2096 2097 2098 2099 2100 2101 2102 2103 2104 2105 2106 2107 2108 2109 2110 2111 2112
32 7 48 83 1462 1551 1676 2050 2097 2113 2114 2115 2116 2117 2118 2119 2120 2121 2122 2123 2124 2125 2126 2127 2128 2129 2130 2131 2132 2133 2134 2135 2136
32 992 1087 1138 1566 1690 2137 2138 2139 2140 2141 2142 2143 2144 2145 2146 2147 2148 2149 2150 2151 2152 2153 2154 2155 2156 2157 2158 2159 2160 2161 2162 2163
32 960 1013 1057 1101 1241 1440 1689 1880 2138 2164 2165 2166 2167 2168 2169 2170 2171 2172 2173 2174 2175 2176 2177 2178 2179 2180 2181 2182 2183 2184 2185 2186
32 741 1554 1616 1626 2089 2187 2188 2189 2190 2191 2192 2193 2194 2195 2196 2197 2198 2199 2200 2201 2202 2203 2204 2205 2206 2207 2208 2209 2210 2211 2212 2213
32 689 1632 1744 1824 2214 2215 2216 2217 2218 2219 2220 2221 2222 2223 2224 2225 2226 2227 2228 2229 2230 2231 2232 2233 2234 2235 2236 2237 2238 2239 2240 2241
32 1144 1174 1580 1645 2151 2237 2242 2243 2244 2245 2246 2247 2248 2249 2250 2251 2252 2253 2254 2255 2256 2257 2258 2259 2260 2261 2262 2263 2264 2265 2266 2267
32 1098 1320 1695 1747 1795 1826 2139 2216 2261 2268 2269 2270 2271 2272 2273 2274 2275 2276 2277 2278 2279 2280 2281 2282 2283 2284 2285 2286 2287 2288 2289 2290
32 1541 1596 1660 2091 2118 2191 2291 2292 2293 2294 2295 2296 2297 2298 2299 2300 2301 2302 2303 2304 2305 2306 2307 2308 2309 2310 2311 2312 2313 2314 2315 2316
32 815 1085 1158 1183 1311 1518 1779 2143 2253 2283 2317 2318 2319 2320 2321 2322 2323 2324 2325 2326 2327 2328 2329 2330 2331 2332 2333 2334 2335 2336 2337 2338
32 907 948 963 1043 1239 1257 1285 1478 1671 2339 2340 2341 2342 2343 2344 2345 2346 2347 2348 2349 2350 2351 2352 2353 2354 2355 2356 2357 2358 2359 2360 2361
32 563 910 971 1071 1243 1261 1345 1445 1473 1891 2172 2346 2362 2363 2364 2365 2366 2367 2368 2369 2370 2371 2372 2373 2374 2375 2376 2377 2378 2379 2380 2381
32 834 998 1105 1153 1232 1494 1531 1894 1933 2154 2176 2327 2382 2383 2384 2385 2386 2387 2388 2389 2390 2391 2392 2393 2394 2395 2396 2397 2398 2399 2400 2401
32 377 1168 1312 1768 1813 1947 2218 2243 2269 2318 2402 2403 2404 2405 2406 2407 2408 2409 2410 2411 2412 2413 2414 2415 2416 2417 2418 2419 2420 2421 2422 2423
32 204 236 384 695 1381 1819 1961 2226 2414 2424 2425 2426 2427 2428 2429 2430 2431 2432 2433 2434 2435 2436 2437 2438 2439 2440 2441 2442 2443 2444 2445 2446
32 195 241 271 1956 1984 2432 2447 2448 2449 2450 2451 2452 2453 2454 2455 2456 2457 2458 2459 2460 2461 2462 2463 2464 2465 2466 2467 2468 2469 2470 2471 2472
32 715 1435 1686 1717 1742 2046 2087 2473 2474 2475 2476 2477 2478 2479 2480 2481 2482 2483 2484 2485 2486 2487 2488 2489 2490 2491 2492 2493 2494 2495 2496 2497
32 693 731 744 1634 1755 2093 2195 2225 2482 2498 2499 2500 2501 2502 2503 2504 2505 2506 2507 2508 2509 2510 2511 2512 2513 2514 2515 2516 2517 2518 2519 2520
32 37 68 491 908 932 1464 1656 2114 2340 2521 2522 2523 2524 2525 2526 2527 2528 2529 2530 2531 2532 2533 2534 2535 2536 2537 2538 2539 2540 2541 2542 2543
32 223 254 463 742 1537 2188 2448 2544 2545 2546 2547 2548 2549 2550 2551 2552 2553 2554 2555 2556 2557 2558 2559 2560 2561 2562 2563 2564 2565 2566 2567 2568
32 239 700 757 1639 2198 2228 2429 2454 2506 2557 2569 2570 2571 2572 2573 2574 2575 2576 2577 2578 2579 2580 2581 2582 2583 2584 2585 2586 2587 2588 2589 2590
32 962 1448 1469 1667 2045 2104 2116 2300 2474 2591 2592 2593 2594 2595 2596 2597 2598 2599 2600 2601 2602 2603 2604 2605 2606 2607 2608 2609 2610 2611 2612 2613
32 977 1005 1454 1572 1707 2153 2174 2484 2603 2614 2615 2616 2617 2618 2619 2620 2621 2622 2623 2624 2625 2626 2627 2628 2629 2630 2631 2632 2633 2634 2635 2636
32 1585 1629 1701 1741 2147 2222 2252 2271 2479 2510 2623 2637 2638 2639 2640 2641 2642 2643 2644 2645 2646 2647 2648 2649 2650 2651 2652 2653 2654 2655 2656 2657
32 968 1010 1041 1569 1612 1678 2293 2608 2621 2658 2659 2660 2661 2662 2663 2664 2665 2666 2667 2668 2669 2670 2671 2672 2673 2674 2675 2676 2677 2678 2679 2680
32 1575 1609 1643 2108 2200 2308 2489 2515 2599 2618 2645 2663 2681 2682 2683 2684 2685 2686 2687 2688 2689 2690 2691 2692 2693 2694 2695 2696 2697 2698 2699 2700
32 1605 1641 2204 2467 2554 2586 2701 2702 2703 2704 2705 2706 2707 2708 2709 2710 2711 2712 2713 2714 2715 2716 2717 2718 2719 2720 2721 2722 2723 2724 2725 2726
32 1178 1628 1963 2233 2256 2404 2427 2451 2576 2715 2727 2728 2729 2730 2731 2732 2733 2734 2735 2736 2737 2738 2739 2740 2741 2742 2743 2744 2745 2746 2747 2748
32 996 1027 1142 1202 1490 1570 1600 2661 2749 2750 2751 2752 2753 2754 2755 2756 2757 2758 2759 2760 2761 2762 2763 2764 2765 2766 2767 2768 2769 2770 2771 2772
32 1141 1171 1209 1583 1615 1638 2250 2722 2743 2754 2773 2774 2775 2776 2777 2778 2779 2780 2781 2782 2783 2784 2785 2786 2787 2788 2789 2790 2791 2792 2793 2794
32 1172 1198 1951 1977 2002 2452 2705 2730 2774 2795 2796 2797 2798 2799 2800 2801 2802 2803 2804 2805 2806 2807 2808 2809 2810 2811 2812 2813 2814 2815 2816 2817
32 175 256 635 780 1126 1979 2818 2819 2820 2821 2822 2823 2824 2825 2826 2827 2828 2829 2830 2831 2832 2833 2834 2835 2836 2837 2838 2839 2840 2841 2842 2843
32 853 1123 1204 1993 2011 2807 2839 2844 2845 2846 2847 2848 2849 2850 2851 2852 2853 2854 2855 2856 2857 2858 2859 2860 2861 2862 2863 2864 2865 2866 2867 2868
32 253 1975 2462 2549 2711 2803 2825 2855 2869 2870 2871 2872 2873 2874 2875 2876 2877 2878 2879 2880 2881 2882 2883 2884 2885 2886 2887 2888 2889 2890 2891 2892
32 39 267 480 638 1543 2552 2828 2881 2893 2894 2895 2896 2897 2898 2899 2900 2901 2902 2903 2904 2905 2906 2907 2908 2909 2910 2911 2912 2913 2914 2915 2916
32 36 1539 1668 2129 2296 2525 2900 2917 2918 2919 2920 2921 2922 2923 2924 2925 2926 2927 2928 2929 2930 2931 2932 2933 2934 2935 2936 2937 2938 2939 2940 2941
32 55 163 505 643 938 2533 2830 2903 2926 2942 2943 2944 2945 2946 2947 2948 2949 2950 2951 2952 2953 2954 2955 2956 2957 2958 2959 2960 2961 2962 2963 2964
32 1026 1610 1658 2303 2668 2760 2936 2965 2966 2967 2968 2969 2970 2971 2972 2973 2974 2975 2976 2977 2978 2979 2980 2981 2982 2983 2984 2985 2986 2987 2988 2989
32 850 1040 1201 1293 1497 2762 2851 2981 2990 2991 2992 2993 2994 2995 2996 2997 2998 2999 3000 3001 3002 3003 3004 3005 3006 3007 3008 3009 3010 3011 3012 3013
32 953 1029 1298 1661 2351 2531 2931 2960 2972 3000 3014 3015 3016 3017 3018 3019 3020 3021 3022 3023 3024 3025 3026 3027 3028 3029 3030 3031 3032 3033 3034 3035
32 160 858 935 1112 1281 1398 2835 2857 2950 3005 3024 3036 3037 3038 3039 3040 3041 3042 3043 3044 3045 3046 3047 3048 3049 3050 3051 3052 3053 3054 3055 3056
32 1559 1602 2202 2305 2560 2707 2878 2911 2928 2978 3057 3058 3059 3060 3061 3062 3063 3064 3065 3066 3067 3068 3069 3070 3071 3072 3073 3074 3075 3076 3077 3078
32 1213 1599 2703 2750 2784 2798 2864 2887 2979 3004 3065 3079 3080 3081 3082 3083 3084 3085 3086 3087 3088 3089 3090 3091 3092 3093 3094 3095 3096 3097 3098 3099
32 2819 2845 2870 2894 2918 2943 2966 2991 3015 3037 3058 3080 3100 3101 3102 3103 3104 3105 3106 3107 3108 3109 3110 3111 3112 3113 3114 3115 3116 3117 3118 3119
5 186 959 3120 3121 3122
5 282 2976 3123 3124 3125
5 112 2693 3126 3127 3128
5 212 985 3129 3130 3131
5 97 2689 3132 3133 3134
5 293 2977 3135 3136 3137
5 222 1238 3138 3139 3140
5 331 2999 3141 3142 3143
5 0 814 3144 3145 3146
5 314 2998 3147 3148 3149
5 235 1245 3150 3151 3152
5 27 841 3153 3154 3155
5 129 1630 3156 3157 3158
5 345 3090 3159 3160 3161
5 65 1182 3162 3163 3164
5 360 3089 3165 3166 3167
5 149 1648 3168 3169 3170
5 81 1187 3171 3172 3173
5 173 2637 3174 3175 3176
5 269 2169 3177 3178 3179
5 264 2164 3180 3181 3182
5 44 2323 3183 3184 3185
5 168 2642 3186 3187 3188
5 46 2317 3189 3190 3191
5 459 2389 3192 3193 3194
5 517 1211 3195 3196 3197
5 503 2244 3198 3199 3200
5 468 2395 3201 3202 3203
5 490 2251 3204 3205 3206
5 532 1200 3207 3208 3209
5 127 1627 3210 3211 3212
5 355 3082 3213 3214 3215
5 447 2297 3216 3217 3218
5 136 1636 3219 3220 3221
5 434 2295 3222 3223 3224
5 356 3081 3225 3226 3227
5 218 1240 3228 3229 3230
5 321 3001 3231 3232 3233
5 376 1670 3234 3235 3236
5 328 2992 3237 3238 3239
5 390 1664 3240 3241 3242
5 225 1244 3243 3244 3245
5 171 2638 3246 3247 3248
5 261 2173 3249 3250 3251
5 421 2601 3252 3253 3254
5 172 2647 3255 3256 3257
5 414 2596 3258 3259 3260
5 262 2171 3261 3262 3263
5 629 2142 3264 3265 3266
5 667 1488 3267 3268 3269
5 202 975 3189 3270 3271
5 642 2144 3272 3273 3274
5 191 964 3144 3275 3276
5 669 1489 3277 3278 3279
5 489 2254 3280 3281 3282
5 529 1199 3283 3284 3285
5 549 2718 3286 3287 3288
5 504 2248 3289 3290 3291
5 543 2713 3292 3293 3294
5 523 1208 3295 3296 3297
5 375 1666 3298 3299 3300
5 325 2993 3301 3302 3303
5 601 3066 3121 3304 3305
5 391 1657 3306 3307 3308
5 609 3073 3309 3310 3311
5 418 2598 3312 3313 3314
5 170 2644 3315 3316 3317
5 589 2197 3129 3318 3319
5 419 2592 3320 3321 3322
5 590 2199 3323 3324 3325
5 766 2626 3326 3327 3328
5 804 1598 3329 3330 3331
5 487 2255 3223 3275 3332
5 792 1607 3333 3334 3335
5 775 2615 3336 3337 3338
5 495 2262 3259 3339 3340
5 63 1180 3341 3342 3343
5 352 3087 3344 3345 3346
5 714 859 3204 3347 3348
5 69 1190 3349 3350 3351
5 723 855 3352 3353 3354
5 188 961 3355 3356 3357
5 299 2968 3358 3359 3360
5 682 1280 3361 3362 3363
5 295 2967 3364 3365 3366
5 196 969 3367 3368 3369
5 692 1282 3370 3371 3372
5 266 2165 3373 3374 3375
5 53 2325 3376 3377 3378
5 50 2326 3379 3380 3381
5 751 1930 3382 3383 3384
5 755 1932 3200 3385 3386
5 201 974 3387 3388 3389
5 1061 2888 3390 3391 3392
5 929 2745 3393 3394 3395
5 215 988 3396 3397 3398
5 906 2738 3143 3399 3400
5 1075 2883 3401 3402 3403
5 994 1416 3404 3405 3406
5 1104 2908 3134 3407 3408
5 29 843 3409 3410 3411
5 1016 1426 3412 3413 3414
5 1086 2907 3415 3416 3417
5 133 1633 3418 3419 3420
5 608 3074 3421 3422 3423
5 880 2110 3424 3425 3426
5 627 3078 3427 3428 3429
5 155 1654 3430 3431 3432
5 901 2109 3433 3434 3435
5 952 2214 3436 3437 3438
5 1034 1367 3439 3440 3441
5 719 874 3442 3443 3444
5 1045 1360 3445 3446 3447
5 950 2223 3448 3449 3450
5 711 860 3356 3451 3452
5 244 1235 3290 3453 3454
5 1159 1864 3455 3456 3457
5 1081 2910 3158 3458 3459
5 1140 1870 3402 3460 3461
5 1276 2571 3462 3463 3464
5 119 2683 3390 3465 3466
5 621 3075 3467 3468 3469
5 124 2700 3470 3471 3472
5 1277 2589 3473 3474 3475
5 1307 2941 3420 3476 3477
5 88 1170 3478 3479 3480
5 424 2593 3148 3481 3482
5 1310 2932 3405 3483 3484
5 413 2613 3485 3486 3487
5 74 1194 3310 3488 3489
5 698 1287 3490 3491 3492
5 525 1217 3449 3493 3494
5 1116 2475 3446 3495 3496
5 684 1284 3264 3342 3497
5 1120 2486 3294 3498 3499
5 764 2625 3362 3500 3501
5 1039 1362 3502 3503 3504
5 461 2391 3234 3505 3506
5 1025 1372 3507 3508 3509
5 772 2628 3383 3510 3511
5 476 2383 3253 3512 3513
5 93 2688 3514 3515 3516
5 289 2974 3517 3518 3519
5 545 2712 3298 3326 3520
5 101 2692 3521 3522 3523
5 559 2709 3314 3524 3525
5 5 819 3292 3526 3527
5 1337 2802 3193 3528 3529
5 1344 2805 3530 3531 3532
5 16 828 3533 3534 3535
5 51 2319 3286 3536 3537
5 922 2733 3201 3538 3539
5 919 2736 3338 3540 3541
5 765 2624 3542 3543 3544
5 1037 1369 3545 3546 3547
5 454 2310 3251 3548 3549
5 778 2631 3409 3550 3551
5 431 2291 3229 3437 3552
5 631 2146 3451 3553 3554
5 663 1496 3555 3556 3557
5 67 1179 3138 3327 3558
5 665 1499 3559 3560 3561
5 649 2159 3562 3563 3564
5 82 1188 3179 3565 3566
5 592 2189 3171 3567 3568
5 915 2727 3217 3569 3570
5 584 2187 3571 3572 3573
5 916 2728 3574 3575 3576
5 604 3068 3163 3577 3578
5 1334 2795 3222 3579 3580
5 616 3071 3396 3581 3582
5 1355 2811 3583 3584 3585
5 304 2969 3172 3512 3586
5 991 1425 3587 3588 3589
5 997 1423 3590 3591 3592
5 534 1197 3218 3271 3593
5 302 2965 3535 3594 3595
5 536 1203 3306 3596 3597
5 451 2309 3598 3599 3600
5 774 2627 3601 3602 3603
5 1394 2507 3519 3604 3605
5 437 2302 3606 3607 3608
5 1389 2508 3609 3610 3611
5 611 3069 3612 3613 3614
5 1352 2810 3615 3616 3617
5 1269 2580 3297 3618 3619
5 1260 2578 3364 3620 3621
5 647 2156 3622 3623 3624
5 75 1184 3625 3626 3627
5 937 2230 3283 3628 3629
5 73 1186 3630 3631 3632
5 944 2227 3633 3634 3635
5 672 1487 3608 3636 3637
5 1515 1558 3638 3639 3640
5 1402 2501 3641 3642 3643
5 666 1493 3582 3644 3645
5 1524 1542 3602 3646 3647
5 145 1644 3648 3649 3650
5 625 3061 3651 3652 3653
5 1351 2806 3654 3655 3656
5 626 3062 3657 3658 3659
5 143 1642 3660 3661 3662
5 1347 2808 3663 3664 3665
5 1092 2912 3666 3667 3668
5 1432 1986 3277 3669 3670
5 1095 2895 3507 3671 3672
5 1455 1981 3673 3674 3675
5 954 2219 3676 3677 3678
5 1036 1378 3584 3679 3680
5 1475 1962 3624 3681 3682
5 1482 1954 3683 3684 3685
5 1042 1376 3632 3686 3687
5 1568 1912 3688 3689 3690
5 1702 2834 3164 3691 3692
5 214 987 3693 3694 3695
5 1588 1920 3696 3697 3698
5 1688 2833 3699 3700 3701
5 1463 1971 3428 3702 3703
5 1736 2868 3464 3704 3705
5 31 845 3706 3707 3708
5 1483 1970 3709 3710 3711
5 11 825 3712 3713 3714
5 1719 2865 3715 3716 3717
5 1745 3056 3479 3718 3719
5 739 1937 3136 3720 3721
5 1751 3046 3406 3722 3723
5 762 1945 3724 3725 3726
5 152 1651 3727 3728 3729
5 382 1682 3493 3730 3731
5 790 1619 3491 3732 3733
5 1519 1553 3734 3735 3736
5 372 1669 3211 3265 3737
5 1511 1555 3738 3739 3740
5 796 1611 3741 3742 3743
5 1851 2779 3666 3744 3745
5 1850 2773 3746 3747 3748
5 333 2996 3289 3551 3683
5 1000 1424 3749 3750 3751
5 335 2990 3221 3274 3752
5 554 2716 3753 3754 3755
5 1802 3112 3618 3756 3757
5 1798 3108 3758 3759 3760
5 1512 1549 3761 3762 3763
5 1523 1552 3149 3616 3764
5 148 1647 3765 3766 3767
5 138 1637 3387 3636 3768
5 878 2099 3404 3769 3770
5 769 2629 3771 3772 3773
5 891 2101 3623 3774 3775
5 210 983 3604 3776 3777
5 1818 3026 3670 3778 3779
5 1814 3028 3780 3781 3782
5 1774 2124 3783 3784 3785
5 1765 2126 3301 3786 3787
5 1152 1865 3788 3789 3790
5 125 1625 3120 3192 3791
5 1151 1859 3481 3792 3793
5 779 2630 3576 3597 3794
5 151 1650 3263 3795 3796
5 415 2591 3372 3797 3798
5 585 2194 3799 3800 3801
5 1318 2923 3550 3802 3803
5 1319 2917 3220 3804 3805
5 657 1500 3681 3806 3807
5 213 986 3808 3809 3810
5 1823 3029 3375 3811 3812
5 1812 3025 3543 3813 3814
5 547 2714 3347 3815 3816
5 527 1212 3484 3817 3818
5 562 2719 3819 3820 3821
5 1805 3115 3822 3823 3824
5 1789 3100 3210 3341 3825
5 1567 1913 3720 3826 3827
5 405 2604 3462 3561 3828
5 1586 1906 3829 3830 3831
5 1810 3023 3145 3579 3832
5 1771 2123 3833 3834 3835
5 1778 2117 3412 3836 3837
5 1097 2899 3258 3838 3839
5 887 2088 3574 3840 3841
5 1883 2545 3842 3843 3844
5 893 2090 3845 3846 3847
5 1879 2544 3175 3798 3848
5 1848 2775 3849 3850 3851
5 337 3006 3852 3853 3854
5 1074 2876 3556 3855 3856
5 1853 2787 3397 3857 3858
5 924 2734 3518 3555 3859
5 342 3092 3388 3860 3861
5 422 2602 3215 3269 3862
5 306 2986 3480 3863 3864
5 1256 2579 3320 3699 3865
5 886 2102 3866 3867 3868
5 1270 2575 3834 3869 3870
5 945 2221 3177 3312 3734
5 1117 2478 3190 3570 3842
5 1024 1374 3401 3646 3871
5 1044 1364 3416 3872 3873
5 1328 2920 3473 3807 3874
5 993 1419 3399 3609 3875
5 1846 2782 3876 3877 3878
5 178 2643 3296 3440 3879
5 1014 1427 3450 3880 3881
5 179 2649 3227 3279 3882
5 1776 2115 3315 3373 3883
5 1111 2473 3804 3884 3885
5 1517 1550 3186 3886 3887
5 1395 2503 3802 3888 3889
5 1388 2512 3890 3891 3892
5 1525 1540 3893 3894 3895
5 1031 1377 3524 3565 3896
5 1143 1873 3811 3897 3898
5 364 3091 3130 3203 3899
5 1156 1872 3675 3823 3900
5 365 3088 3245 3678 3901
5 498 2257 3770 3902 3903
5 1393 2499 3213 3626 3904
5 1396 2509 3617 3793 3905
5 383 1672 3611 3906 3907
5 889 2098 3441 3757 3908
5 892 2092 3225 3779 3909
5 1129 2491 3545 3910 3911
5 1131 2493 3788 3912 3913
5 287 2987 3463 3914 3915
5 1592 1923 3916 3917 3918
5 758 1927 3159 3919 3920
5 154 1653 3921 3922 3923
5 756 1936 3360 3851 3924
5 1471 1948 3415 3925 3926
5 1325 2927 3583 3865 3927
5 1479 1967 3653 3928 3929
5 1438 1983 3183 3448 3930
5 1431 1991 3497 3649 3931
5 718 868 3178 3932 3933
5 2033 2761 3934 3935 3936
5 617 3059 3317 3897 3937
5 2030 2763 3938 3939 3940
5 141 1640 3445 3758 3941
5 622 3060 3199 3414 3942
5 1386 2505 3249 3536 3943
5 1520 1538 3944 3945 3946
5 1999 2053 3768 3947 3948
5 2005 2052 3581 3949 3950
5 1323 2919 3243 3951 3952
5 1480 1946 3953 3954 3955
5 1316 2935 3956 3957 3958
5 1474 1952 3237 3614 3959
5 1004 1422 3960 3961 3962
5 182 2640 3963 3964 3965
5 1453 1992 3206 3966 3967
5 1447 1987 3767 3968 3969
5 2071 2667 3970 3971 3972
5 220 1237 3133 3205 3973
5 2073 2671 3974 3975 3976
5 648 2158 3977 3978 3979
5 234 1246 3188 3980 3981
5 752 1925 3532 3759 3982
5 750 1926 3771 3925 3983
5 2000 2057 3150 3780 3984
5 802 1608 3985 3986 3987
5 501 2260 3693 3988 3989
5 1353 2812 3316 3990 3991
5 1336 2799 3515 3553 3739
5 685 1290 3304 3528 3992
5 704 1301 3993 3994 3995
5 1725 2861 3727 3996 3997
5 1715 2853 3139 3299 3998
5 1571 1916 3999 4000 4001
5 1022 1375 3531 4002 4003
5 1028 1371 4004 4005 4006
5 359 3079 3369 4007 4008
5 1564 1914 4009 4010 4011
5 361 3083 3151 3336 3641
5 703 1299 3783 4012 4013
5 1722 2858 3621 3763 4014
5 1720 2862 3800 4015 4016
5 1338 2797 3805 4017 4018
5 1775 2119 3754 3826 4019
5 1777 2125 3346 3766 4020
5 230 1242 3787 3912 4021
5 228 1248 3803 4022 4023
5 1522 1548 3776 4024 4025
5 637 2141 3573 3594 4026
5 628 2137 3293 3552 4027
5 2075 2659 4028 4029 4030
5 2077 2660 4031 4032 4033
5 130 1631 3180 4002 4034
5 462 2390 3813 3928 4035
5 472 2387 4036 4037 4038
5 716 870 3374 3421 4039
5 1713 2856 3157 4040 4041
5 557 2702 4004 4042 4043
5 920 2735 3354 3822 3887
5 2008 2056 3168 4044 4045
5 2007 2058 3562 4046 4047
5 596 2193 4048 4049 4050
5 736 852 3658 4051 4052
5 1787 2122 4053 4054 4055
5 580 2210 4056 4057 4058
5 1780 2113 3791 4059 4060
5 717 873 4061 4062 4063
5 1759 3041 4064 4065 4066
5 641 2155 3663 4067 4068
5 1760 3040 3647 4069 4070
5 1460 1965 4027 4071 4072
5 1721 2867 3339 4073 4074
5 275 2167 4019 4075 4076
5 1735 2848 4077 4078 4079
5 1467 1972 4080 4081 4082
5 260 2184 4083 4084 4085
5 387 1674 4086 4087 4088
5 1009 1421 4089 4090 4091
5 806 1614 3685 4023 4092
5 388 1675 3384 4093 4094
5 1007 1413 3634 4095 4096
5 441 2292 3182 4097 4098
5 2003 2062 4099 4100 4101
5 207 980 3738 4102 4103
5 444 2306 4104 4105 4106
5 194 967 3571 3712 3746
5 2004 2063 4107 4108 4109
5 1011 1417 4110 4111 4112
5 800 1613 3994 4113 4114
5 502 2259 3983 4006 4115
5 1003 1409 3784 4116 4117
5 274 2168 4118 4119 4120
5 1733 2849 4121 4122 4123
5 2276 2964 4124 4125 4126
5 257 2185 4127 4128 4129
5 2268 2956 3122 4130 4131
5 598 2192 4132 4133 4134
5 735 854 3408 4135 4136
5 958 2220 3391 3639 4137
5 583 2213 4138 4139 4140
5 2344 2444 3769 4141 4142
5 569 2708 4135 4143 4144
5 1392 2520 3684 4145 4146
5 2357 2430 3942 4147 4148
5 1385 2514 3276 3655 3935
5 550 2723 3772 3872 4149
5 877 2105 3266 4150 4151
5 610 3076 3456 3510 4152
5 58 2321 3610 4153 4154
5 883 2112 4155 4156 4157
5 43 2335 4158 4159 4160
5 1078 2874 3786 4161 4162
5 1077 2873 3628 4163 4164
5 209 982 4165 4166 4167
5 646 2150 3955 4168 4169
5 725 865 3952 4170 4171
5 726 866 3539 4172 4173
5 1149 1863 3968 4174 4175
5 1150 1869 3643 3782 4176
5 2017 2065 4126 4152 4177
5 456 2315 4115 4178 4179
5 1400 2511 3558 4180 4181
5 1274 2569 3554 3940 4182
5 1279 2573 4183 4184 4185
5 249 2183 3941 4186 4187
5 624 3057 4167 4188 4189
5 255 2179 3905 4190 4191
5 1329 2934 3911 4192 4193
5 91 1173 3657 4194 4195
5 699 1292 3747 4196 4197
5 706 1300 3254 4198 4199
5 535 1214 3809 4200 4201
5 2368 2464 3455 3852 4202
5 2376 2465 4052 4203 4204
5 709 1303 3794 4205 4206
5 1161 1857 3496 4207 4208
5 1390 2519 4209 4210 4211
5 572 2726 4212 4213 4214
5 458 2316 4215 4216 4217
5 1403 2518 3856 4218 4219
5 436 2294 4220 4221 4222
5 553 2725 3932 4223 4224
5 640 2145 3606 3861 4225
5 1064 2891 4054 4226 4227
5 1333 2939 3923 4228 4229
5 653 2160 3821 3864 4230
5 2072 2677 3488 4231 4232
5 1815 3032 3287 3830 4233
5 2083 2664 3474 4234 4235
5 350 3098 4210 4236 4237
5 1829 3021 3858 4238 4239
5 98 2690 3162 3505 4203
5 740 1934 3702 3877 4032
5 1068 2880 3291 3889 4240
5 2277 2948 3382 4044 4202
5 2285 2958 3140 4241 4242
5 475 2394 3921 4243 4244
5 2406 2522 3181 3495 3982
5 2409 2523 3452 4245 4246
5 6 820 3418 4247 4248
5 1059 2886 3775 4235 4249
5 808 1601 4250 4251 4252
5 1065 2875 3833 3988 4253
5 2080 2662 3676 4170 4254
5 1782 2128 3973 4144 4255
5 2348 2434 3946 3977 4256
5 2031 2753 3438 3498 3954
5 1728 2850 3749 4257 4258
5 1731 2852 4138 4259 4260
5 1691 2832 3267 3627 4261
5 1698 2824 3318 3538 4262
5 1743 3051 3682 4234 4263
5 2418 2539 3559 4014 4264
5 1750 3044 3808 3835 4038
5 2078 2658 4018 4248 4265
5 2041 2765 4204 4266 4267
5 2025 2755 3931 4268 4269
5 1718 2859 3568 4270 4271
5 1730 2866 3796 4232 4272
5 1897 2564 3817 3903 4273
5 1697 2829 4274 4275 4276
5 1687 2827 3385 3836 4277
5 103 2695 4200 4253 4278
5 118 2697 4148 4279 4280
5 2038 2767 4281 4282 4283
5 561 2720 3260 3751 4284
5 1884 2548 3947 4285 4286
5 884 2100 3261 4287 4288
5 1895 2562 3625 4289 4290
5 1069 2869 3534 4197 4291
5 2284 2942 3529 4166 4292
5 2280 2944 3207 3755 4293
5 2408 2532 3501 4294 4295
5 411 2607 3635 4296 4297
5 2419 2538 3960 4298 4299
5 807 1594 3371 4300 4301
5 332 2994 3127 3198 4302
5 1137 1871 3760 4098 4303
5 470 2392 3629 3910 4304
5 2370 2459 3233 3958 4305
5 2372 2453 3963 4306 4307
5 1816 3027 3950 4308 4309
5 1472 1958 3743 3756 4310
5 106 2691 4298 4311 4312
5 634 2149 3948 4007 4313
5 1442 1978 3902 4314 4315
5 1841 2783 4275 4316 4317
5 113 2694 3185 4318 4319
5 650 2157 3325 3901 4320
5 2341 2436 3126 4277 4321
5 2339 2437 3273 3885 4247
5 705 1302 3378 3467 4322
5 433 2299 3361 4040 4323
5 453 2312 4324 4325 4326
5 1822 3030 3745 3801 4327
5 1811 3022 3132 3815 4328
5 2 816 3156 3500 4329
5 1843 2776 3761 3828 4330
5 12 826 3174 4300 4331
5 798 1597 3722 4314 4332
5 378 1673 3247 3715 4333
5 776 2620 4334 4335 4336
5 749 1935 3242 3930 4337
5 2350 2439 3153 3839 4258
5 712 862 3235 3577 4338
5 727 848 3927 4250 4339
5 1836 2781 3774 3874 4340
5 603 3067 3280 3542 4341
5 238 1234 3257 3744 4259
5 1139 1867 4306 4342 4343
5 2345 2435 3309 3996 4287
5 1322 2925 4336 4344 4345
5 1791 3102 3228 3526 3953
5 570 2706 4242 4346 4347
5 1268 2570 3460 3603 4107
5 720 864 3672 4307 4348
5 1122 2488 3595 3748 4349
5 2013 2049 4350 4351 4352
5 60 2322 3669 4353 4354
5 380 1677 3187 3442 3900
5 2032 2757 3458 4294 4355
5 1797 3107 3270 4356 4357
5 395 1659 4358 4359 4360
5 2023 2759 4059 4292 4361
5 1793 3106 3587 3797 4362
5 1084 2902 3540 3890 3984
5 1581 1905 3919 4363 4364
5 1574 1917 4172 4365 4366
5 1273 2584 4283 4367 4368
5 309 2973 4218 4351 4369
5 122 2681 3665 4246 4370
5 1783 2121 3899 4366 4371
5 109 2686 3381 3644 4238
5 237 1227 3465 4047 4372
5 24 838 3633 4274 4305
5 276 2180 3915 4264 4373
5 2365 2468 3586 4374 4375
5 56 2320 3160 3503 4376
5 396 1680 3392 3564 4377
5 1808 3118 3566 4378 4379
5 54 2328 3239 4033 4380
5 26 840 3256 4381 4382
5 347 3093 3891 4383 4384
5 2082 2676 4385 4386 4387
5 2069 2678 4161 4388 4389
5 370 3097 3965 4390 4391
5 153 1652 3853 4094 4177
5 1265 2574 3379 3949 4392
5 2010 2044 3359 3961 4393
5 430 2611 4224 4379 4394
5 812 1624 4070 4109 4395
5 813 1606 4396 4397 4398
5 427 2595 3671 4390 4399
5 1107 2914 3430 4400 4401
5 242 1251 3824 4402 4403
5 1099 2906 3197 4013 4404
5 568 2710 3241 3881 4158
5 1135 2495 4212 4405 4406
5 251 2178 3137 3208 4407
5 811 1603 4190 4408 4409
5 795 1623 4153 4410 4411
5 1784 2135 3431 4412 4413
5 114 2682 3478 4256 4414
5 120 2698 3494 4160 4415
5 2378 2455 3470 4416 4417
5 252 2177 3238 3878 4418
5 2347 2441 3345 4175 4400
5 9 823 3732 4362 4419
5 1109 2896 3472 4393 4420
5 446 2301 3530 4186 4208
5 903 2744 4222 4357 4421
5 794 1622 4141 4422 4423
5 909 2742 4404 4424 4425
5 957 2239 4216 4426 4427
5 2001 2060 3502 4363 4426
5 773 2635 3631 4228 4428
5 1890 2550 3343 4429 4430
5 1587 1903 3844 4356 4431
5 291 2985 3869 4432 4433
5 308 2970 4424 4434 4435
5 1591 1908 4163 4192 4436
5 493 2258 3321 3679 4061
5 508 2265 3810 4227 4433
5 1528 1536 3357 3664 3939
5 933 2224 3893 4046 4437
5 2039 2766 3407 3966 4438
5 770 2633 3393 3781 4383
5 1886 2556 3832 3934 4439
5 1898 2563 3141 3907 4440
5 1842 2791 4441 4442 4443
5 49 2324 3439 3741 4444
5 1017 1407 4445 4446 4447
5 34 2330 3226 3975 4448
5 366 3094 4449 4450 4451
5 1046 1379 3701 4452 4453
5 1756 3039 3709 4340 4454
5 1397 2504 3838 4455 4456
5 1113 2477 4457 4458 4459
5 1773 2127 4262 4460 4461
5 2067 2670 4454 4462 4463
5 615 3070 3248 3592 4464
5 150 1649 3686 4345 4465
5 1803 3113 4110 4337 4415
5 1348 2800 3176 3490 3588
5 1066 2877 3308 3841 3993
5 1727 2846 3377 3590 4358
5 1716 2854 3281 4035 4367
5 1788 3101 3355 3514 4466
5 1067 2871 3521 4086 4437
5 2270 2953 3252 3567 4467
5 2281 2949 4231 4288 4468
5 594 2190 3196 4117 4469
5 1852 2788 3847 4360 4470
5 591 2201 3509 4343 4471
5 1704 2826 3857 4392 4472
5 1740 3047 3850 3962 4416
5 1758 3043 3971 4174 4412
5 1578 1919 4198 4271 4375
5 1354 2813 3386 4090 4279
5 294 2971 3989 4036 4473
5 1461 1957 3688 4048 4304
5 2363 2458 3358 4064 4311
5 607 3072 4089 4321 4474
5 2371 2461 3598 4364 4475
5 1443 1985 3125 4012 4476
5 2022 2756 3740 4245 4477
5 1821 3020 3319 4365 4478
5 2273 2952 4021 4028 4132
5 1847 2777 3638 4087 4372
5 1757 3042 3630 4243 4479
5 311 3010 3419 4480 4481
5 1055 2879 3546 3689 4482
5 793 1617 3700 4062 4483
5 1072 2872 3433 3806 4462
5 676 1507 3728 4468 4484
5 1590 1921 3736 4378 4485
5 1451 1976 3863 3945 4486
5 2369 2449 3246 3376 3845
5 2403 2524 3572 4291 4457
5 2402 2521 3733 3848 4446
5 2373 2450 3696 4467 4487
5 1018 1414 4073 4455 4488
5 754 1931 3344 3970 4489
5 918 2729 3123 4116 4490
5 921 2737 3303 4030 4491
5 1470 1964 3888 4492 4493
5 803 1604 3352 3673 3980
5 327 3003 3169 3511 4494
5 330 3002 3523 3563 3640
5 2417 2536 3601 3985 4495
5 1163 1874 4496 4497 4498
5 263 2175 3366 4330 4499
5 2081 2675 4260 4500 4501
5 272 2170 3295 3742 4502
5 519 1221 4503 4504 4505
5 279 2983 3713 4458 4506
5 1739 3048 3461 3987 4507
5 2367 2460 3866 4344 4479
5 934 2231 4449 4508 4509
5 528 1206 3240 4318 4510
5 303 2980 3154 3340 4511
5 1584 1918 3933 4512 4513
5 298 2975 3351 3978 4514
5 531 1210 3773 4325 4515
5 25 839 4092 4240 4516
5 1589 1911 4460 4517 4518
5 417 2597 3232 4317 4519
5 404 2600 3167 4342 4520
5 336 3007 3466 3895 4521
5 1160 1875 3892 4522 4523
5 1439 1988 3886 4496 4524
5 79 1169 3324 4254 4525
5 1254 2582 4067 4466 4477
5 1839 2794 4065 4420 4526
5 1263 2585 4053 4201 4473
5 1121 2476 3305 4361 4527
5 542 1205 4528 4529 4530
5 1800 3110 3648 4150 4531
5 1096 2904 3765 3972 4532
5 2359 2446 4074 4533 4534
5 1356 2815 4452 4535 4536
5 156 2655 4419 4537 4538
5 1729 2847 3513 3698 4056
5 1734 2844 3662 4106 4295
5 162 2652 3785 4434 4528
5 1062 2884 3605 4539 4540
5 1076 2885 4495 4541 4542
5 245 1233 4078 4543 4544
5 452 2311 3541 4176 4545
5 1579 1915 4289 4546 4547
5 90 1167 4531 4548 4549
5 571 2701 4169 4550 4551
5 2079 2672 3668 4016 4381
5 1896 2561 3778 3974 4552
5 1700 2831 3504 3599 4553
5 1693 2838 3645 4554 4555
5 1893 2553 3593 4011 4556
5 1266 2577 3622 4463 4557
5 2411 2530 3637 4008 4558
5 1902 2565 3723 4559 4560
5 1711 2841 3707 4561 4562
5 1881 2547 3884 4480 4563
5 354 3095 3867 4428 4564
5 1134 2496 3429 4380 4565
5 538 1219 3417 4178 4566
5 1258 2581 3883 4385 4567
5 1278 2588 4444 4568 4569
5 2420 2543 4391 4471 4570
5 116 2687 4037 4226 4571
5 1684 2836 3146 4572 4573
5 1052 2890 3714 4574 4575
5 240 1229 4450 4525 4576
5 914 2746 4577 4578 4579
5 229 1252 4015 4442 4580
5 1732 2863 3549 3831 4581
5 92 1196 4211 4582 4583
5 1048 1368 3735 4223 4584
5 379 1679 4504 4585 4586
5 2375 2447 4105 4329 4587
5 1785 2120 4588 4589 4590
5 737 876 4570 4591 4592
5 1359 2817 4593 4594 4595
5 1340 2801 3447 4097 4596
5 633 2140 4017 4481 4597
5 1748 3054 4598 4599 4600
5 1080 2889 3411 4146 4601
5 651 2161 4171 4451 4602
5 429 2610 4603 4604 4605
5 1021 1428 4066 4101 4606
5 1710 2842 3920 4215 4607
5 1015 1410 3468 3716 3846
5 902 2096 4608 4609 4610
5 1264 2590 4554 4611 4612
5 1737 3052 3389 4613 4614
5 2274 2962 3721 4214 4615
5 1162 1860 3422 4567 4616
5 1148 1876 4617 4618 4619
5 552 2717 3184 3730 4111
5 1459 1982 4159 4620 4621
5 1762 3053 4082 4149 4179
5 1458 1995 4435 4469 4622
5 1763 3055 3695 4055 4623
5 899 2111 4502 4624 4625
5 949 2232 3506 3659 4626
5 2282 2957 3520 4544 4627
5 2289 2961 4628 4629 4630
5 1166 1861 4069 4541 4631
5 211 984 3380 4632 4633
5 455 2314 4634 4635 4636
5 2035 2770 4255 4637 4638
5 216 989 4173 4639 4640
5 797 1621 3443 4402 4524
5 193 966 4641 4642 4643
5 2024 2751 4587 4644 4645
5 466 2397 4270 4603 4646
5 464 2396 3575 4113 4585
5 1457 1980 4448 4647 4648
5 1437 1998 3677 4649 4650
5 1110 2898 3395 3642 4651
5 1090 2915 4520 4592 4652
5 955 2217 4482 4653 4654
5 1856 2778 3434 4263 4655
5 40 2336 4581 4656 4657
5 680 1492 3710 4249 4658
5 288 2988 4100 4417 4659
5 664 1503 4472 4660 4661
5 1326 2929 3285 3690 4662
5 905 2739 3278 3424 3976
5 2287 2963 3482 4409 4595
5 305 2984 4456 4663 4664
5 1692 2840 3400 4410 4665
5 894 2106 3814 4281 4666
5 398 1662 4077 4181 4346
5 898 2095 3687 4667 4668
5 746 1938 3969 4669 4670
5 1705 2837 3236 4195 4266
5 1830 3018 3967 4143 4671
5 1708 2822 3680 4183 4251
5 320 3011 4133 4589 4672
5 1358 2814 3812 4386 4673
5 1827 3033 4140 4382 4443
5 760 1939 4299 4526 4659
5 2286 2946 3596 4114 4155
5 674 1491 3820 4414 4674
5 440 2307 3654 4573 4675
5 1801 3111 4102 4182 4370
5 2279 2954 3557 3777 4352
5 340 2997 4296 4676 4677
5 316 3008 3837 4280 4678
5 474 2393 3322 4252 4535
5 1330 2922 3904 3917 4679
5 896 2086 3825 4269 4680
5 1817 3034 3202 4517 4681
5 1577 1910 3855 4024 4682
5 1125 2480 3194 4188 4683
5 581 2208 4276 4676 4684
5 1132 2492 3613 3876 4685
5 2343 2443 3916 4236 4261
5 2040 2768 4241 4686 4687
5 2416 2537 3165 4348 4688
5 575 2205 3302 3790 4689
5 1468 1959 3255 3799 4690
5 1476 1949 3829 3943 4691
5 2407 2526 3860 4285 4692
5 2353 2440 3209 3827 4405
5 1761 3049 4273 4423 4693
5 1103 2909 3348 4638 4694
5 1754 3038 3349 3819 3944
5 426 2606 4237 4290 4695
5 1526 1557 3328 4079 4686
5 363 3085 4244 4334 4667
5 1088 2905 3849 4099 4312
5 2272 2955 3840 4503 4696
5 675 1501 3311 3795 4697
5 614 3063 4045 4698 4699
5 1444 1974 3323 3951 4508
5 810 1620 4205 4696 4700
5 623 3077 4633 4661 4701
5 1331 2921 4315 4702 4703
5 1706 2818 3224 3936 4704
5 1696 2820 3329 3906 4705
5 243 1249 4384 4545 4706
5 1100 2901 4441 4500 4690
5 677 1504 4635 4691 4707
5 2342 2438 3334 3792 4708
5 515 1218 3843 4221 4642
5 1056 2882 3789 4029 4588
5 77 1176 3262 4709 4710
5 1820 3016 3250 3999 4711
5 1794 3103 3569 4009 4641
5 1749 3045 3926 4043 4324
5 1726 2860 3537 4001 4634
5 2278 2951 3335 3615 4712
5 367 3096 4461 4639 4713
5 1321 2924 4095 4316 4714
5 1804 3114 3313 4512 4715
5 1752 3036 3368 3607 4286
5 947 2229 3161 3600 4716
5 943 2215 3612 4031 4118
5 2074 2665 3997 4709 4717
5 1146 1866 4093 4698 4718
5 1845 2786 4309 4555 4632
5 1130 2490 3135 3753 4719
5 2349 2425 3214 4546 4720
5 284 2982 4487 4646 4721
5 2006 2055 3517 4628 4682
5 2009 2059 3331 3875 4722
5 2355 2431 4532 4618 4723
5 688 1288 3191 4010 4220
5 159 2648 3365 3560 4724
5 1434 1996 3483 4422 4725
5 1534 1544 3704 4724 4726
5 1484 1969 3879 4398 4727
5 1102 2893 3363 3661 4645
5 588 2196 3231 4096 4561
5 1792 3105 4034 4207 4728
5 522 1222 4049 4193 4653
5 87 1191 4058 4199 4721
5 1855 2780 3956 4297 4562
5 1529 1556 3998 4729 4730
5 1309 2930 3268 4209 4547
5 1350 2804 3272 3476 4731
5 928 2740 3913 4389 4672
5 509 2249 3485 4257 4664
5 351 3099 3425 4353 4732
5 2037 2771 4180 4627 4729
5 2034 2772 3691 4626 4733
5 2026 2764 4130 4683 4734
5 1825 3031 3991 4129 4616
5 1887 2546 3737 4268 4548
5 319 3012 3703 4119 4735
5 85 1177 4335 4598 4736
5 1271 2583 3544 4123 4737
5 2027 2749 4072 4738 4739
5 84 1195 4085 4584 4715
5 1882 2551 3332 4740 4741
5 38 2333 4475 4742 4743
5 30 844 4327 4501 4744
5 897 2103 3282 4745 4746
5 1828 3017 3337 4522 4747
5 1746 3050 4020 4617 4748
5 738 1944 4596 4728 4749
5 540 1207 4568 4750 4751
5 743 1940 4553 4752 4753
5 1709 2821 4582 4720 4754
5 1343 2796 3370 4447 4537
5 1533 1560 4593 4708 4755
5 2021 2752 4572 4740 4756
5 687 1283 4026 4574 4757
5 478 2388 4478 4577 4713
5 1449 1989 4328 4637 4758
5 479 2400 4465 4564 4600
5 708 1305 4464 4470 4759
5 323 3009 4492 4760 4761
5 339 3013 4154 4762 4763
5 1452 1973 3212 4764 4765
5 1477 1966 4282 4341 4766
5 181 2650 4552 4732 4767
5 1341 2809 4131 4768 4769
5 369 3084 4427 4742 4753
5 730 857 3525 4083 4485
5 1115 2481 3230 4551 4738
5 565 2704 4656 4707 4711
5 497 2266 4022 4601 4760
5 926 2732 4705 4762 4770
5 494 2264 3725 4474 4678
5 564 2721 3719 3979 4771
5 158 2646 3166 3508 4772
5 268 2166 3147 3333 4773
5 2379 2471 3708 4677 4714
5 521 1224 4075 4615 4774
5 19 833 3436 4550 4775
5 930 2748 3444 4776 4777
5 541 1223 4142 4559 4703
5 28 842 4284 4533 4663
5 1124 2485 4421 4556 4778
5 2290 2947 4057 4374 4605
5 679 1495 4539 4629 4779
5 1436 1994 4514 4674 4780
5 1106 2897 4005 4080 4515
5 246 1225 3499 4781 4782
5 1093 2916 3486 4534 4783
5 1050 1383 4050 4164 4784
5 1712 2823 3726 4147 4785
5 1892 2558 4538 4786 4787
5 1888 2559 3752 4265 4788
5 1535 1546 3674 4777 4789
5 1051 1366 4108 4542 4790
5 217 990 4219 4630 4791
5 1108 2913 4490 4530 4792
5 248 1253 4590 4793 4794
5 2016 2051 4239 4611 4701
5 1809 3119 4569 4625 4727
5 2019 2048 4651 4706 4747
5 1079 2892 4157 4206 4586
5 402 2612 3492 4787 4795
5 61 2338 3717 4759 4796
5 1806 3116 3981 4497 4776
5 484 2386 4121 4766 4797
5 1799 3109 4071 4775 4781
5 2377 2456 4124 4494 4718
5 258 2181 3908 4397 4750
5 513 2246 3652 4122 4666
5 1165 1878 4134 4162 4798
5 2028 2758 4151 4429 4764
5 1576 1924 4350 4540 4799
5 1769 2132 4091 4302 4785
5 940 2236 4112 4510 4620
5 691 1297 4060 4189 4768
5 21 837 4704 4800 4801
5 696 1296 4549 4765 4802
5 1796 3104 4331 4445 4795
5 341 2995 4191 4755 4803
5 734 846 4068 4103 4804
5 408 2605 4712 4803 4805
5 733 849 3937 4127 4387
5 652 2162 4088 4521 4806
5 763 1941 3731 4621 4807
5 710 1306 4622 4792 4808
5 1832 3014 3656 4741 4801
5 1133 2497 4662 4784 4809
5 1900 2567 4722 4763 4810
5 2423 2540 3705 4499 4811
5 1831 3019 4746 4797 4812
5 1128 2483 4003 4303 4813
5 2275 2959 4608 4697 4717
5 784 2634 4516 4761 4814
5 2405 2528 4041 4644 4815
5 1030 1382 4607 4743 4816
5 662 1508 4679 4695 4754
5 912 2741 4025 4369 4779
5 785 2622 3854 4699 4817
5 2361 2433 4272 4609 4818
5 732 871 4320 4819 4820
5 1833 3035 3426 4648 4821
5 176 2639 3124 3195 4822
5 165 2651 4310 4751 4823
5 371 3086 4413 4669 4723
5 1313 2933 4557 4655 4658
5 619 3064 4484 4710 4818
5 1315 2937 4576 4649 4820
5 310 2989 4076 4406 4824
5 1332 2938 4063 4185 4536
5 1694 2843 4371 4578 4825
5 1889 2555 4558 4614 4826
5 184 2656 3423 4673 4827
5 2381 2457 4229 4599 4668
5 1516 1563 3718 4780 4828
5 164 2653 3469 4359 4829
5 1127 2487 3477 4788 4830
5 1486 1955 3667 4139 4831
5 1391 2516 3750 4511 4783
5 121 2684 4671 4694 4832
5 399 1655 3650 4430 4833
5 2413 2534 3589 4301 4786
5 1049 1365 3964 4652 4834
5 35 2329 3142 3330 4835
5 1901 2566 3882 4821 4836
5 2422 2541 3403 4395 4837
5 1807 3117 3880 4319 4807
5 787 2617 3651 4368 4812
5 761 1929 4293 4824 4838
5 41 2331 3619 4396 4839
5 105 2699 4308 4660 4840
5 1002 1429 3957 4684 4841
5 1530 1545 3896 4513 4842
5 2085 2666 4401 4670 4748
5 941 2241 4084 4394 4842
5 2415 2529 4187 4749 4813
5 277 2182 4233 4636 4843
5 2410 2535 4349 4575 4844
5 600 2211 4640 4681 4825
5 32 2337 4643 4778 4845
5 1019 1412 4693 4702 4846
5 702 1295 3459 4104 4847
5 59 2332 4685 4735 4848
5 469 2399 4278 4432 4623
5 393 1665 3353 4498 4849
5 2412 2527 3516 3938 4804
5 931 2234 3527 4739 4850
5 183 2641 3762 3914 4851
5 400 1663 3692 4051 4852
5 443 2298 4313 4613 4853
5 951 2235 3578 4267 4854
5 694 1294 3216 4431 4845
5 1317 2940 3453 4145 4814
5 2288 2945 4388 4689 4794
5 748 1942 4125 4817 4855
5 450 2304 4168 4782 4850
5 645 2148 4196 4506 4856
5 401 1683 4665 4810 4857
5 1513 1562 4507 4790 4858
5 939 2238 3427 4418 4859
5 167 2657 4403 4789 4849
5 636 2152 4680 4802 4833
5 1033 1384 4624 4823 4839
5 2068 2673 4509 4819 4860
5 2352 2426 3818 4332 4861
5 1834 2790 4459 4757 4862
5 2012 2043 3871 3986 4863
5 2076 2669 3990 4039 4864
5 1849 2785 4322 4333 4865
5 2354 2442 4719 4774 4866
5 1401 2513 3300 4687 4867
5 1399 2498 3580 4756 4868
5 2015 2047 4716 4816 4869
5 2364 2469 4591 4772 4870
5 782 2616 4042 4566 4871
5 1404 2517 4594 4773 4872
5 781 2632 3995 4505 4873
5 661 1510 4647 4767 4874
5 1854 2793 4120 4565 4875
5 2374 2463 4338 4733 4876
5 658 1506 4486 4771 4877
5 2066 2674 4563 4731 4878
5 574 2203 3284 3547 4879
5 673 1498 3288 3548 4880
5 2014 2061 4411 4440 4881
5 2362 2466 4323 4355 4882
5 578 2206 4476 4529 4883
5 1406 2502 4657 4843 4884
5 511 2247 4136 4758 4885
5 2018 2042 4225 4826 4886
5 2020 2064 4137 4806 4887
5 514 2267 4560 4725 4888
5 486 2401 4654 4809 4889
5 483 2382 4527 4769 4890
5 2366 2472 4796 4829 4891
5 573 2212 4844 4856 4892
5 1767 2134 4213 4407 4893
5 512 2242 4439 4675 4894
5 1770 2136 4128 4827 4895
5 599 2209 4602 4650 4896
5 2380 2470 4217 4376 4897
5 789 2636 4837 4858 4898
5 786 2619 4347 4730 4899
5 481 2398 3585 4483 4900
5 1840 2792 4373 4726 4901
5 482 2384 3307 4700 4902
5 2084 2680 4354 4836 4903
5 1781 2131 3816 4438 4904
5 1837 2789 3894 4377 4905
5 2358 2424 4597 4830 4906
5 506 2245 4339 4453 4907
5 681 1509 4811 4851 4908
5 788 2614 4815 4847 4909
5 1532 1561 3859 4791 4799
5 654 2163 3435 3475 3711
5 2036 2769 3929 4737 4745
5 729 875 3131 4518 4579
5 1357 2816 3128 3413 3724
5 1136 2494 4491 4793 4798
5 278 2186 3489 3729 4610
5 809 1618 3410 3454 4493
5 1899 2568 3862 3918 4583
5 1047 1380 3868 3922 4736
5 537 1220 3694 3870 4571
5 927 2731 3909 4874 4903
5 135 1635 3367 4886 4910
5 759 1928 3959 4875 4911
5 1764 2130 3992 4734 4912
5 226 1250 3522 4887 4905
5 485 2385 4852 4854 4913
5 597 2207 4688 4834 4914
5 2070 2679 4848 4859 4911
5 2356 2428 3764 4408 4915
5 2360 2445 4230 4828 4916
5 510 2263 3873 4326 4917
5 457 2313 3152 3394 4523
5 2421 2542 3471 3924 4606
5 900 2094 4846 4861 4888
5 655 1505 4692 4853 4910
5 410 2609 4184 4900 4907
5 15 831 3219 4878 4906
5 62 2334 3398 4612 4840
5 397 1681 3170 3457 4855
5 1405 2500 4835 4857 4918
5 1786 2133 4808 4822 4919
5 1593 1909 4838 4866 4893
5 147 1646 4165 4890 4912
5 956 2240 3706 4519 4841
5 1456 1997 3432 4489 4619
5 911 2747 4156 4873 4902
5 1262 2587 4631 4863 4898
5 123 2685 4194 4876 4913
5 1573 1922 4752 4869 4897
5 89 1175 4543 4867 4899
5 23 835 3660 4882 4909
5 185 2654 4580 4744 4831
5 205 978 4800 4868 4894
5 1020 1411 4770 4881 4918
5 882 2107 3591 4865 4891
5 428 2594 3620 4901 4908
5 567 2724 3155 3487 4488
5 1164 1862 4399 4870 4914
5 199 972 3533 4862 4892
5 247 1231 4832 4885 4904
5 1275 2572 3898 4864 4895
5 71 1193 3244 4860 4896
5 745 1943 4081 4871 4917
5 1485 1953 4436 4879 4889
5 707 1304 3173 3697 4604
5 1145 1877 4805 4872 4915
5 102 2696 3350 4877 4916
5 1465 1968 4000 4880 4884
5 999 1430 4425 4883 4919
