# Generated using Miratope v0.5.0 (https://github.com/galoomba1/miratope-rs)
4OFF

# Vertices, Faces, Edges, Cells
120 4920 1200 1320

# Vertices
0.809016994374945 0.809016994374945 0.809016994374945 0.809016994374945 
0.809016994374945 0.809016994374945 0.809016994374945 -0.809016994374945 
0.809016994374945 0.809016994374945 -0.809016994374945 0.809016994374945 
0.809016994374945 -0.809016994374945 0.809016994374945 0.809016994374945 
0.809016994374945 1.30901699437495 0 -0.5 
0.809016994374945 -0.5 1.30901699437495 0 
0.809016994374945 0 -0.5 1.30901699437495 
0.809016994374945 0.809016994374945 -0.809016994374945 -0.809016994374945 
0.809016994374945 -0.809016994374945 0.809016994374945 -0.809016994374945 
0.809016994374945 1.30901699437495 0 0.5 
0.809016994374945 0 -0.5 -1.30901699437495 
0.809016994374945 -0.809016994374945 -0.809016994374945 0.809016994374945 
0.809016994374945 0 0.5 1.30901699437495 
0.809016994374945 -0.5 -1.30901699437495 0 
0.809016994374945 0.5 1.30901699437495 0 
0.809016994374945 -1.30901699437495 0 -0.5 
0.809016994374945 -0.809016994374945 -0.809016994374945 -0.809016994374945 
0.809016994374945 0 0.5 -1.30901699437495 
0.809016994374945 0.5 -1.30901699437495 0 
0.809016994374945 -1.30901699437495 0 0.5 
0 -1.61803398874989 0 0 
1.30901699437495 0.5 0 0.809016994374945 
1.30901699437495 0 -0.809016994374945 -0.5 
0 -1.30901699437495 0.5 0.809016994374945 
1.30901699437495 0.5 0 -0.809016994374945 
1.30901699437495 0 -0.809016994374945 0.5 
0 -1.30901699437495 0.5 -0.809016994374945 
0.5 -0.809016994374945 0 1.30901699437495 
0 -0.809016994374945 1.30901699437495 0.5 
0 -0.809016994374945 1.30901699437495 -0.5 
0.5 -0.809016994374945 0 -1.30901699437495 
1.30901699437495 0.809016994374945 0.5 0 
0.5 0 1.30901699437495 0.809016994374945 
0.5 0 1.30901699437495 -0.809016994374945 
0.5 -1.30901699437495 -0.809016994374945 0 
0 0 1.61803398874989 0 
1.30901699437495 0.809016994374945 -0.5 0 
1.30901699437495 -0.5 0 0.809016994374945 
0 0.809016994374945 1.30901699437495 -0.5 
1.30901699437495 -0.809016994374945 -0.5 0 
0.5 1.30901699437495 0.809016994374945 0 
0.5 -1.30901699437495 0.809016994374945 0 
0 0.5 0.809016994374945 -1.30901699437495 
0 -0.5 0.809016994374945 -1.30901699437495 
0.5 0.809016994374945 0 -1.30901699437495 
0 0 0 1.61803398874989 
-0.5 1.30901699437495 0.809016994374945 0 
-0.5 0.809016994374945 0 1.30901699437495 
-0.5 -0.809016994374945 0 1.30901699437495 
-0.5 -1.30901699437495 0.809016994374945 0 
0 1.30901699437495 0.5 0.809016994374945 
-1.30901699437495 0.5 0 0.809016994374945 
-1.30901699437495 -0.5 0 0.809016994374945 
-0.5 0 1.30901699437495 -0.809016994374945 
-1.30901699437495 0.809016994374945 0.5 0 
-1.30901699437495 0 0.809016994374945 -0.5 
-1.30901699437495 -0.809016994374945 0.5 0 
-0.809016994374945 0.809016994374945 0.809016994374945 0.809016994374945 
1.30901699437495 0 0.809016994374945 -0.5 
0 -0.5 0.809016994374945 1.30901699437495 
-0.809016994374945 0.809016994374945 0.809016994374945 -0.809016994374945 
1.30901699437495 0 0.809016994374945 0.5 
-0.809016994374945 -0.809016994374945 0.809016994374945 0.809016994374945 
0 0.5 0.809016994374945 1.30901699437495 
-0.809016994374945 -0.809016994374945 0.809016994374945 -0.809016994374945 
-1.30901699437495 0 0.809016994374945 0.5 
-0.809016994374945 0.5 1.30901699437495 0 
-0.809016994374945 -1.30901699437495 0 0.5 
1.30901699437495 -0.809016994374945 0.5 0 
0 0.809016994374945 1.30901699437495 0.5 
-0.809016994374945 0 0.5 1.30901699437495 
-0.5 0 1.30901699437495 0.809016994374945 
0 1.30901699437495 -0.5 0.809016994374945 
-0.809016994374945 0.809016994374945 -0.809016994374945 0.809016994374945 
-0.5 0 -1.30901699437495 0.809016994374945 
0 -1.30901699437495 -0.5 0.809016994374945 
-0.809016994374945 -0.809016994374945 -0.809016994374945 0.809016994374945 
0.5 0 -1.30901699437495 0.809016994374945 
1.61803398874989 0 0 0 
0 0.809016994374945 -1.30901699437495 0.5 
-0.809016994374945 0 -0.5 1.30901699437495 
0 -0.809016994374945 -1.30901699437495 0.5 
0 0.5 -0.809016994374945 1.30901699437495 
0.5 0.809016994374945 0 1.30901699437495 
-0.5 1.30901699437495 -0.809016994374945 0 
0.5 1.30901699437495 -0.809016994374945 0 
-0.809016994374945 1.30901699437495 0 -0.5 
0 1.30901699437495 0.5 -0.809016994374945 
0 1.30901699437495 -0.5 -0.809016994374945 
-0.809016994374945 1.30901699437495 0 0.5 
0 1.61803398874989 0 0 
0 -0.5 -0.809016994374945 1.30901699437495 
-1.30901699437495 0.809016994374945 -0.5 0 
-1.30901699437495 0 -0.809016994374945 0.5 
-1.61803398874989 0 0 0 
-0.809016994374945 -0.5 1.30901699437495 0 
1.30901699437495 -0.5 0 -0.809016994374945 
-0.5 0.809016994374945 0 -1.30901699437495 
-0.809016994374945 0 0.5 -1.30901699437495 
-1.30901699437495 0.5 0 -0.809016994374945 
0 0 -1.61803398874989 0 
0 0.809016994374945 -1.30901699437495 -0.5 
0.5 0 -1.30901699437495 -0.809016994374945 
-0.809016994374945 0.809016994374945 -0.809016994374945 -0.809016994374945 
-0.809016994374945 0 -0.5 -1.30901699437495 
-0.809016994374945 -0.5 -1.30901699437495 0 
-0.809016994374945 -1.30901699437495 0 -0.5 
-0.809016994374945 -0.809016994374945 -0.809016994374945 -0.809016994374945 
-0.809016994374945 0.5 -1.30901699437495 0 
-1.30901699437495 0 -0.809016994374945 -0.5 
-0.5 -0.809016994374945 0 -1.30901699437495 
-0.5 -1.30901699437495 -0.809016994374945 0 
-1.30901699437495 -0.5 0 -0.809016994374945 
-1.30901699437495 -0.809016994374945 -0.5 0 
0 0 0 -1.61803398874989 
-0.5 0 -1.30901699437495 -0.809016994374945 
0 -1.30901699437495 -0.5 -0.809016994374945 
0 -0.809016994374945 -1.30901699437495 -0.5 
0 0.5 -0.809016994374945 -1.30901699437495 
0 -0.5 -0.809016994374945 -1.30901699437495 

# Faces
5 0 4 14 9 1
3 0 1 5
3 0 2 4
5 12 2 0 6 9
5 14 3 0 5 12
3 0 6 3
3 1 9 7
5 1 10 4 17 7
5 8 14 17 5 1
3 8 10 1
5 2 7 9 18 4
3 2 7 13
3 2 11 12
5 11 2 13 6 18
5 3 6 19 12 11
3 11 15 3
3 8 14 3
5 3 8 19 5 15
3 16 17 7
5 7 13 10 18 16
3 11 16 18
5 16 19 13 15 11
3 8 16 19
5 17 16 8 10 15
3 9 14 12
3 9 18 6
3 14 17 4
3 5 19 12
3 4 18 10
3 17 15 5
3 6 13 19
3 13 10 15
3 11 16 20
5 11 16 25 34 22
5 20 11 23 34 27
5 11 12 25 27 21
3 21 22 11
3 11 23 12
5 20 30 34 26 16
3 24 25 16
5 17 22 30 24 16
3 17 26 16
3 20 27 28
5 28 26 23 29 20
3 29 30 20
5 31 12 14 21 32
3 12 25 31
3 32 33 31
5 21 22 31 25 24
5 31 17 14 24 33
3 31 17 22
3 21 24 14
3 32 27 21
3 12 28 14
5 32 29 14 28 33
3 14 29 17
5 32 23 12 28 27
3 29 23 32
3 33 30 24
3 25 27 34
3 33 26 28
5 33 30 29 17 26
3 22 30 34
3 23 34 26
3 3 35 0
5 3 21 32 37 0
5 40 35 0 38 32
3 0 37 36
5 21 4 0 36 40
3 0 38 4
5 3 29 32 41 35
3 21 39 3
5 3 39 41 37 15
3 3 29 15
3 35 40 42
3 41 43 35
5 35 42 29 38 43
3 32 40 21
3 22 4 21
5 22 37 36 39 21
3 36 44 40
5 38 44 40 42 4
3 37 41 32
3 32 38 29
3 36 39 10
5 10 36 44 22 4
3 37 15 22
3 4 42 10
3 38 43 44
3 41 30 39
5 30 39 10 15 22
3 30 44 22
3 29 30 42
5 41 30 29 15 43
5 42 30 44 43 10
3 10 43 15
3 3 45 0
5 45 50 12 47 0
3 0 38 5
3 0 47 46
5 14 46 0 38 50
5 45 23 12 48 3
3 14 29 3
3 3 48 49
5 29 3 49 5 23
3 45 51 50
5 51 48 47 52 45
3 23 52 45
3 12 50 14
3 46 53 14
5 38 29 14 53 5
3 5 23 12
3 12 47 48
3 38 54 50
5 50 51 46 47 54
3 5 49 53
5 38 55 46 53 54
3 46 55 51
3 47 52 54
3 38 55 29
3 51 56 48
5 49 52 23 56 48
3 53 54 56
5 29 56 53 49 55
3 29 56 23
5 51 56 54 52 55
3 55 49 52
5 1 0 58 40 61
3 0 46 1
3 0 3 58
5 3 63 61 59 0
5 0 46 63 40 57
3 57 59 0
3 8 61 1
5 8 1 43 58 42
5 60 40 42 46 1
3 60 43 1
5 8 61 41 58 3
3 3 8 49
3 3 63 62
5 3 49 59 41 62
3 57 60 40
5 46 65 60 57 55
5 57 62 63 65 59
3 57 62 55
3 64 42 8
5 8 64 41 43 49
3 60 65 64
5 60 43 55 42 64
3 62 64 41
5 62 55 49 65 64
3 61 40 63
3 59 41 61
3 40 58 42
3 46 65 63
3 41 43 58
3 46 55 42
3 65 49 59
3 55 43 49
3 64 20 8
5 26 53 8 64 33
5 68 20 8 19 26
5 14 68 33 61 8
3 19 61 8
3 8 53 14
5 56 20 64 67 26
3 64 66 33
5 65 53 56 66 64
3 65 67 64
3 27 68 20
5 27 67 19 48 20
3 48 20 56
5 61 63 14 12 69
3 69 33 61
3 61 27 63
5 27 68 12 19 61
3 12 68 14
3 63 66 14
5 14 53 69 33 66
3 69 70 12
5 27 70 12 48 63
3 19 48 12
5 65 69 70 66 63
3 53 65 69
3 63 65 48
3 33 26 68
3 70 56 66
3 70 27 67
5 70 56 48 65 67
3 53 56 26
3 19 26 67
3 2 37 0
5 0 72 21 50 2
3 3 71 0
5 57 32 50 71 0
3 57 72 0
5 2 37 77 21 11
3 2 74 11
3 2 73 50
5 77 73 2 74 72
3 11 3 21
5 11 3 75 37 23
5 32 62 3 71 23
3 3 75 62
5 51 72 57 73 50
3 73 52 57
3 57 62 32
5 57 62 51 71 52
3 11 76 23
5 77 76 11 74 75
3 73 77 76
5 73 52 74 51 76
3 76 51 62
5 23 76 62 75 52
3 32 50 21
3 72 77 21
3 23 37 32
3 50 71 51
3 77 75 37
3 52 71 23
3 51 74 72
3 52 74 75
3 3 78 0
5 78 0 36 61 9
3 0 36 72
5 63 72 0 47 9
3 47 59 0
5 39 61 19 78 3
3 3 63 48
3 39 75 3
5 19 48 3 75 59
3 9 18 78
3 19 13 78
5 18 39 36 13 78
3 61 63 9
3 36 61 39
3 59 19 61
3 9 79 47
5 72 18 9 79 36
3 72 80 63
5 48 47 59 80 63
3 36 79 13
3 48 74 47
5 72 80 79 47 74
3 74 18 72
3 59 75 80
3 18 81 39
5 13 75 39 81 19
3 80 79 81
5 74 48 81 80 75
3 48 81 19
5 18 81 79 13 74
3 75 13 74
3 62 20 76
5 62 80 67 70 76
5 20 62 41 67 28
5 32 62 63 28 70
3 41 62 32
3 62 80 63
5 76 34 67 81 20
3 70 82 76
5 80 77 76 82 81
3 76 34 77
3 20 28 68
5 41 34 68 20 39
3 39 20 81
5 32 83 61 63 21
3 32 68 21
3 21 63 82
5 61 39 21 68 25
5 83 77 21 82 25
3 21 39 77
3 83 25 61
3 63 28 61
5 41 61 28 68 32
3 41 39 61
3 83 32 70
5 63 80 83 70 82
3 83 77 80
3 25 34 68
3 82 81 25
5 34 77 39 81 25
3 67 28 70
3 80 67 81
3 67 34 41
3 73 45 2
5 73 2 84 82 85
5 12 82 21 45 2
3 12 31 2
5 2 4 21 85 31
3 2 4 84
5 70 73 45 51 82
3 73 54 70
3 73 86 85
5 86 51 84 54 73
3 21 32 45
5 12 71 45 32 70
3 45 71 51
3 31 38 32
5 31 38 4 14 87
3 85 87 31
3 14 4 21
3 82 85 21
3 14 71 12
5 38 71 14 66 32
3 66 87 14
3 70 82 12
3 70 66 32
3 38 86 4
5 86 85 87 84 4
3 38 71 54
5 70 54 71 51 66
5 38 54 87 66 86
3 86 51 66
3 87 54 84
3 84 51 82
3 1 7 78
5 1 7 87 24 88
5 24 61 1 78 14
3 61 69 1
5 46 14 87 69 1
3 46 88 1
5 24 18 78 7 25
3 7 79 25
3 87 7 84
5 84 18 88 79 7
3 12 78 14
5 25 12 78 6 61
3 6 78 18
3 61 63 6
3 25 61 24
3 14 63 46
3 14 24 87
3 47 69 12
5 63 82 12 47 6
3 25 82 12
5 47 46 63 89 69
3 69 87 89
3 82 89 63
3 79 6 47
5 25 79 6 18 82
3 47 84 46
5 84 87 89 88 46
5 47 84 82 89 79
3 88 18 24
3 89 79 88
3 84 18 82
3 57 60 35
5 66 89 60 57 86
5 32 66 63 35 57
3 32 57 83
5 72 57 83 89 63
3 72 86 57
5 42 66 33 60 35
3 88 60 89
3 60 33 44
5 88 42 86 44 60
3 63 35 61
5 35 61 33 32 58
3 35 58 42
3 32 58 21
3 72 63 21
5 21 58 36 61 24
5 21 85 83 36 72
3 24 85 21
3 61 36 83
3 33 61 24
3 89 85 83
3 32 66 33
3 66 89 63
3 44 58 36
3 36 72 88
5 24 85 44 36 88
5 33 44 58 42 24
5 86 72 88 89 85
3 88 42 24
3 66 86 42
3 86 44 85
3 2 90 0
5 0 90 69 9 46
3 6 59 0
3 46 71 0
5 0 59 69 12 71
5 2 84 9 79 90
3 2 91 12
3 74 84 2
5 2 91 79 6 74
3 69 54 90
5 90 54 84 46 92
3 90 92 79
3 9 69 12
3 6 79 9
3 84 9 46
3 12 71 48
5 12 48 6 59 91
3 59 69 65
5 46 71 54 69 65
3 48 74 6
3 65 92 46
5 52 59 65 48 71
3 52 54 71
3 59 52 91
3 54 93 84
5 92 74 84 93 79
3 48 93 65
5 52 74 48 93 91
3 79 93 91
5 52 92 65 93 54
3 74 92 52
3 76 94 73
5 73 91 93 82 76
5 73 54 93 89 94
5 82 50 73 83 89
3 73 91 83
3 54 73 50
5 94 76 56 93 67
3 76 27 82
5 23 76 27 67 91
3 56 76 23
3 66 94 89
5 56 66 94 95 54
3 94 67 95
5 50 32 83 69 12
3 50 82 12
3 12 28 69
5 12 91 83 27 82
3 23 91 12
3 32 83 27
3 89 69 83
3 32 66 50
5 28 66 32 95 69
3 32 23 95
5 50 66 89 69 54
3 54 95 69
3 82 93 89
3 66 28 56
3 28 67 27
5 56 28 67 95 23
3 91 93 67
3 54 56 93
5 72 40 83 90 0
3 0 38 90
3 0 59 35
3 45 72 0
5 32 45 0 59 83
5 40 86 38 90 60
3 90 92 60
3 35 60 40
5 55 35 60 95 38
3 94 95 60
5 60 92 55 86 94
3 73 83 90
5 92 72 86 73 90
5 80 72 45 73 83
3 52 73 45
3 86 94 73
5 52 92 80 94 73
5 35 62 32 95 59
3 55 35 62
3 32 62 45
5 59 52 45 62 80
3 62 80 94
5 95 52 55 62 94
3 40 83 32
3 86 40 72
3 59 83 80
3 32 38 95
3 72 92 80
3 55 86 38
3 59 52 95
3 55 92 52
3 0 45 2
5 0 2 31 83 36
3 0 36 58
5 0 5 31 32 58
3 5 59 0
5 77 45 2 91 83
3 31 2 22
5 2 22 77 36 13
3 13 91 2
3 32 45 23
3 77 45 75
5 23 91 59 75 45
3 31 83 32
3 31 5 96
5 31 22 58 36 96
3 83 77 36
3 91 83 59
3 32 58 41
5 41 32 23 5 59
3 36 96 13
3 15 58 22
5 5 96 41 58 15
3 5 15 23
3 41 75 59
3 34 96 41
5 13 96 34 22 15
3 34 22 77
3 34 91 23
5 77 75 13 91 34
5 23 34 41 75 15
3 15 75 13
3 1 78 0
5 38 0 1 69 31
5 31 37 0 78 12
3 37 59 0
3 38 71 0
5 1 96 31 17 78
3 53 1 69
3 1 96 43
5 38 43 1 53 17
3 19 12 78
5 37 96 19 78 15
3 17 15 78
3 12 31 69
3 31 37 96
3 17 38 31
3 23 71 12
5 19 12 23 37 59
3 69 95 59
5 69 53 71 38 95
3 37 15 23
3 53 71 49
5 49 71 23 95 59
3 43 95 38
3 59 19 49
3 26 96 19
5 43 15 17 26 96
3 23 26 95
5 49 43 95 26 53
3 26 17 53
5 23 26 19 49 15
3 43 49 15
3 2 90 7
5 7 25 85 22 2
5 85 50 2 90 83
3 12 50 2
5 2 12 25 83 37
3 22 2 37
5 87 85 44 90 7
3 25 96 7
3 17 87 7
5 7 17 22 44 96
3 90 83 69
5 38 90 69 87 50
3 38 44 90
3 12 69 5
5 5 37 32 68 12
3 12 68 25
3 32 83 37
3 83 85 25
3 32 50 38
5 32 38 5 69 33
3 33 68 32
3 87 50 85
3 69 87 33
3 96 37 5
5 25 96 37 22 68
3 5 38 17
5 68 17 5 96 33
5 38 44 33 87 17
3 17 68 22
3 44 22 85
3 44 96 33
3 0 90 57
5 0 4 50 31 90
3 0 58 4
3 5 71 0
5 86 50 54 90 57
3 32 95 57
3 55 86 57
5 57 95 54 71 55
3 90 31 44
3 90 97 54
5 86 44 90 97 4
3 32 31 50
3 17 31 5
5 17 4 58 44 31
3 29 58 32
5 71 29 32 95 5
3 4 86 50
3 54 71 50
5 43 5 17 29 58
3 43 44 58
3 17 97 4
3 95 5 43
3 29 55 71
3 86 44 98
5 54 98 86 55 97
3 95 98 54
5 43 55 29 98 95
3 29 17 98
5 44 98 17 97 43
3 43 97 55
3 64 94 62
5 62 29 56 28 64
5 51 56 70 94 62
3 29 62 32
3 62 63 51
5 94 98 56 99 64
3 33 64 28
5 29 42 64 33 98
3 64 99 42
3 94 89 70
5 86 94 89 99 51
3 86 98 94
5 32 50 14 63 40
3 14 87 50
3 14 28 63
5 42 14 87 33 40
3 29 42 14
3 33 40 32
3 63 89 40
5 89 40 86 50 87
3 42 40 86
3 50 70 32
5 51 63 89 70 50
3 51 86 50
3 89 99 87
3 56 28 70
3 87 98 33
5 86 98 87 99 42
3 29 56 98
3 51 56 99
3 0 35 1
5 0 71 14 63 35
3 0 72 4
3 47 71 0
5 42 14 53 1 35
3 9 88 1
3 1 97 53
5 42 88 1 97 4
3 65 35 63
5 53 65 35 55 71
3 35 55 42
3 14 9 63
3 47 84 9
5 4 72 88 9 84
3 4 14 42
3 53 71 14
3 72 51 63
5 71 47 65 63 51
3 4 97 84
5 51 72 92 47 84
3 92 47 65
3 55 71 51
3 72 88 92
3 84 99 51
5 84 97 92 88 99
3 65 99 53
5 42 99 53 97 55
3 88 99 42
5 51 55 92 65 99
3 55 92 97
5 14 78 0 58 21
3 6 78 0
3 0 58 35
5 6 63 21 45 0
3 45 71 0
5 6 39 21 11 78
3 15 78 11
3 21 45 11
5 6 75 45 11 48
3 11 48 20
5 11 15 75 39 20
3 14 8 78
5 15 58 39 8 78
5 14 29 58 35 8
3 8 35 49
3 20 39 8
5 20 8 49 15 29
3 62 35 63
5 49 35 62 29 71
5 63 48 71 45 62
3 62 45 75
3 20 29 62
5 62 20 48 49 75
3 21 63 14
3 21 39 58
3 14 71 29
3 48 6 63
3 15 29 58
3 75 6 39
3 49 71 48
3 75 49 15
3 3 45 11
5 27 39 3 11 68
5 27 63 3 45 32
3 14 63 3
5 3 14 68 32 58
3 39 58 3
5 82 11 45 77 27
3 11 68 22
3 18 82 11
5 11 18 39 77 22
3 50 32 45
5 50 82 63 72 45
3 77 45 72
3 4 50 14
5 14 4 58 40 24
3 14 24 68
3 40 32 58
3 63 72 40
5 50 85 40 72 4
3 24 85 40
3 32 68 27
3 85 50 82
3 63 82 27
3 4 58 22
5 58 39 24 68 22
3 4 72 18
5 4 18 24 85 22
5 77 85 82 18 72
3 39 24 18
3 77 85 22
3 39 27 77
3 0 78 4
3 47 90 0
3 37 45 0
5 7 31 22 4 78
3 7 78 13
3 7 31 90
5 4 101 90 7 84
3 7 84 100
5 7 100 22 101 13
3 12 78 11
5 78 11 22 37 13
5 11 12 91 37 45
3 74 45 11
3 11 100 22
5 11 100 91 13 74
5 73 90 47 84 50
3 73 101 90
3 50 73 45
5 73 45 74 47 91
3 91 100 73
5 73 101 74 84 100
3 12 31 50
3 22 31 37
3 12 47 91
3 4 50 84
3 91 37 13
3 22 101 4
3 74 84 47
3 74 101 13
3 1 90 0
3 0 37 58
5 0 37 83 61 6
3 0 6 72
5 1 90 44 40 88
3 1 61 96
5 1 10 58 44 96
3 10 88 1
3 79 83 90
3 90 101 44
5 90 79 88 72 101
3 61 40 83
3 61 39 6
5 39 58 37 96 61
3 40 58 44
3 88 40 72
3 37 83 77
5 72 6 79 83 77
3 96 37 13
5 37 13 6 39 77
3 39 10 58
3 13 6 79
3 77 101 72
3 39 102 77
5 13 10 39 102 96
3 96 102 44
3 88 79 102
5 44 102 88 10 101
5 101 13 79 102 77
3 13 10 101
3 7 100 16
5 16 24 102 96 7
5 100 7 79 102 85
5 85 24 9 7 31
3 96 7 31
3 7 79 9
5 100 16 81 102 34
3 24 68 16
5 34 96 19 16 68
3 19 81 16
3 85 82 100
5 79 91 100 82 81
3 91 100 34
5 61 9 12 31 83
3 12 68 31
3 31 83 85
5 24 68 31 96 61
3 9 24 61
3 61 83 27
3 19 96 61
3 12 82 9
5 85 82 9 79 83
3 19 91 12
3 91 79 83
3 27 68 34
3 85 102 24
3 82 81 27
5 34 91 19 81 27
3 34 102 96
3 79 81 102
3 35 57 0
5 57 0 47 69 83
5 0 5 69 61 35
3 0 5 37
3 0 6 47
5 35 65 69 95 57
3 80 57 83
3 52 95 57
5 52 57 80 65 47
3 41 35 61
3 65 35 49
5 35 49 5 95 41
3 61 69 83
3 19 6 61
5 19 61 41 37 5
3 91 37 83
5 80 6 47 91 83
3 95 5 69
3 69 47 65
5 75 6 19 91 37
3 41 75 37
3 5 49 19
3 75 6 80
3 52 47 91
3 67 95 41
5 52 95 67 65 49
3 67 65 80
5 75 52 91 67 80
3 67 19 91
5 41 67 19 49 75
3 52 75 49
3 1 90 60
5 1 60 33 87 53
5 1 90 31 87 9
3 1 9 61
5 31 5 1 61 33
3 1 53 5
5 54 90 60 89 87
3 60 89 65
3 60 33 95
5 53 65 60 95 54
3 83 31 90
5 89 9 47 90 83
3 47 90 54
3 12 31 5
3 31 33 87
3 59 83 61
5 59 5 12 28 61
3 28 61 33
3 12 47 9
3 87 9 89
5 12 70 83 59 47
3 12 70 28
3 70 89 83
3 95 5 59
5 5 53 28 33 95
3 59 65 47
5 47 54 70 89 65
5 70 95 59 65 28
3 70 95 54
3 54 53 87
3 65 28 53
3 60 95 57
3 73 86 57
5 70 73 57 80 89
5 66 62 57 95 70
3 57 80 62
3 60 103 89
5 98 103 60 104 86
5 64 60 95 98 66
3 64 104 60
5 89 103 73 86 108
3 73 103 105
3 76 73 70
5 108 76 73 105 80
3 64 62 66
5 62 106 95 67 64
3 76 106 62
3 103 98 107
5 107 108 104 105 103
3 64 107 67
5 98 107 64 104 106
3 76 108 107
5 76 107 67 105 106
3 66 89 70
3 89 80 108
3 86 66 98
3 67 70 95
3 108 104 86
3 98 106 95
3 67 105 80
3 106 105 104
3 20 107 76
5 93 107 76 109 111
5 76 20 48 111 23
5 51 76 70 93 48
3 76 23 70
3 76 109 51
5 107 26 111 110 20
3 107 93 99
5 107 99 110 109 98
3 98 26 107
3 20 28 48
3 20 110 29
3 48 71 51
5 71 48 28 70 23
5 28 53 71 29 66
3 54 71 53
3 23 71 29
3 66 28 70
3 98 66 29
3 66 99 51
5 53 54 98 66 99
3 70 93 54
3 26 53 28
3 48 111 93
3 99 110 53
5 53 26 98 29 110
5 51 109 54 93 99
3 54 109 98
3 23 111 26
3 111 110 109
3 60 35 64
5 60 64 99 53 112
5 53 46 35 60 69
3 89 60 69
5 89 60 92 46 99
3 60 92 112
5 49 53 28 64 35
3 67 28 64
3 64 113 99
5 67 112 49 113 64
3 63 35 46
5 63 28 69 59 35
3 49 35 59
3 47 69 59
3 69 28 53
3 80 89 63
3 63 28 48
3 46 47 92
3 53 99 46
3 47 93 48
5 92 80 89 93 47
3 59 67 80
5 28 48 49 59 67
3 89 93 99
3 80 113 92
5 80 113 48 93 67
3 48 49 113
3 49 112 53
5 92 113 99 93 112
3 93 67 112
3 64 114 60
5 98 44 60 114 87
5 87 69 60 40 66
3 40 44 60
3 95 60 69
5 114 26 98 30 64
3 64 28 66
5 28 64 41 95 26
3 41 30 64
3 24 87 114
5 44 30 24 114 96
3 96 26 114
5 32 40 61 69 31
3 32 31 68
3 87 69 31
5 87 24 40 44 31
3 96 31 44
3 61 40 24
3 69 28 61
3 41 96 61
3 40 66 32
3 32 41 95
3 24 30 68
3 26 28 68
5 30 68 26 96 41
3 87 66 98
3 95 26 98
3 44 30 98
3 3 20 62
5 3 20 68 23 15
3 3 14 71
3 3 15 58
5 56 23 106 62 20
3 32 62 66
5 56 71 55 62 66
3 62 106 55
3 20 68 30
3 20 56 110
5 20 30 106 15 110
3 14 17 68
3 14 42 66
5 17 38 58 42 14
3 32 38 58
3 32 23 68
3 30 58 42
5 15 17 68 30 58
3 38 55 71
3 23 56 71
3 17 98 38
5 55 42 66 98 38
3 66 98 56
3 17 110 15
5 17 110 42 30 98
3 23 15 106
3 42 55 110
5 55 106 98 56 110
3 98 106 30
3 1 7 96
5 33 96 1 8 24
3 8 53 1
3 60 88 1
3 7 115 16
3 87 103 7
5 102 103 7 115 88
3 8 24 16
5 8 16 26 96 116
3 8 116 64
5 60 103 87 99 88
3 103 112 60
3 64 33 60
3 26 16 107
5 16 115 116 102 107
3 107 102 103
5 99 107 103 112 115
3 64 107 99
5 107 26 112 116 64
3 24 87 33
3 24 102 88
3 26 96 33
3 87 53 99
3 96 116 102
3 53 112 26
3 88 99 115
3 115 116 112
3 60 64 94
3 88 92 60
3 44 60 43
5 94 106 55 113 64
3 42 30 64
5 64 116 43 106 30
3 113 116 64
3 94 108 86
5 94 108 113 92 105
3 106 94 105
3 44 101 86
3 42 86 55
5 88 108 86 101 92
3 42 10 88
3 88 108 102
3 44 30 102
3 92 113 55
3 92 101 105
3 55 43 106
3 10 101 117
3 10 116 43
5 116 10 117 30 102
5 108 117 101 105 102
3 113 117 108
3 30 106 117
3 102 105 116
5 113 117 106 105 116
3 16 8 20
5 42 29 17 53 8
3 49 8 53
3 10 8 42
5 16 111 15 117 20
3 16 118 17
5 115 10 117 118 16
3 16 115 111
3 29 56 20
5 49 111 56 20 113
3 113 117 20
3 17 97 53
3 56 99 53
3 17 29 15
3 29 42 55
5 17 97 10 42 118
3 42 99 118
3 49 55 113
3 55 109 97
5 56 109 55 113 99
3 10 15 117
3 15 111 49
3 10 97 115
5 99 115 97 109 118
3 109 111 56
3 99 113 115
3 118 117 109
5 113 117 109 111 115
3 7 114 103
5 85 103 7 84 118
5 17 118 24 114 7
3 17 7 31
3 7 84 9
5 118 98 103 114 99
3 89 85 103
5 89 103 54 84 99
3 98 54 103
3 33 114 24
5 98 17 53 114 33
3 53 99 114
5 9 14 50 31 69
3 85 50 31
3 31 69 33
3 14 9 24
3 89 9 69
5 89 9 84 50 85
3 14 50 66
3 14 17 53
3 54 84 50
3 54 69 53
3 85 118 24
3 66 99 89
3 66 98 33
3 99 118 84
3 17 118 98
3 73 94 57
5 51 66 94 57 55
3 40 72 57
5 50 38 57 40 66
3 55 38 57
5 94 73 109 51 108
3 73 85 50
5 85 108 72 101 73
3 73 101 109
3 94 98 66
3 108 104 94
5 94 104 55 109 98
3 42 66 40
3 40 85 44
3 38 50 4
3 50 66 51
3 4 101 72
3 4 118 42
5 85 44 101 4 118
3 72 51 108
3 38 98 44
3 118 108 85
3 51 109 55
3 44 104 101
5 42 104 44 98 118
3 55 104 42
5 118 108 104 101 109
3 98 118 109
3 35 63 3
3 3 45 75
3 29 3 20
5 27 41 75 3 20
3 57 35 55
3 32 45 57
5 51 63 80 57 45
3 80 57 94
5 29 66 64 35 55
3 41 35 64
3 66 94 64
5 41 106 29 20 64
3 64 20 113
5 27 80 75 45 76
3 45 76 51
5 80 94 76 51 113
3 76 94 106
3 27 76 20
5 76 20 113 75 106
3 29 66 32
3 32 27 41
3 63 51 66
3 63 80 27
3 75 113 80
3 55 106 29
3 55 113 51
3 75 106 41
3 73 76 100
3 73 86 101
3 52 54 73
5 100 111 74 117 76
3 51 56 76
5 56 111 52 106 76
3 76 117 106
3 84 100 118
5 118 117 101 119 100
3 111 119 100
3 51 86 55
5 101 97 84 118 86
3 86 118 98
3 54 84 97
3 51 84 74
3 54 56 98
3 55 106 52
3 52 74 111
3 97 110 55
3 97 119 101
5 118 110 97 119 98
3 101 117 74
3 110 56 111
3 98 106 119
3 118 117 110
5 117 110 111 119 106
3 103 100 107
5 100 103 79 115 84
3 89 79 103
3 103 112 54
5 100 111 115 81 107
3 99 56 107
5 67 107 56 111 112
3 67 107 81
3 84 100 82
3 100 111 91
3 47 84 54
5 48 82 70 91 47
3 48 47 65
3 79 91 47
3 70 89 82
3 99 89 65
3 70 91 67
3 54 70 56
3 81 82 48
3 99 115 84
3 48 56 111
5 81 67 91 111 48
5 54 112 65 99 56
3 67 65 112
3 79 81 115
3 115 112 111
3 64 20 62
5 48 65 80 62 51
3 75 62 80
3 55 51 62
5 20 64 116 49 110
3 65 99 64
5 99 64 104 55 110
3 64 104 116
3 48 81 20
5 75 117 20 81 116
3 110 117 20
3 92 65 80
5 74 51 108 80 92
3 80 108 81
3 51 74 48
3 48 65 49
3 51 108 99
3 92 104 55
3 74 115 92
5 104 108 99 115 92
3 55 49 110
3 75 116 49
3 74 117 75
5 81 108 117 74 115
3 110 115 99
3 108 104 117
3 116 81 115
5 116 115 110 117 104
3 107 94 103
5 103 119 109 118 107
5 54 103 94 86 109
3 87 54 103
5 86 118 87 103 44
3 103 44 119
5 106 109 56 107 94
3 26 107 56
5 107 30 106 119 26
3 107 30 118
3 86 94 66
3 94 106 95
3 38 86 44
5 29 66 33 95 38
3 54 38 95
3 29 38 17
3 66 33 87
3 29 66 56
3 33 95 26
3 33 44 30
3 87 118 17
3 118 86 109
5 56 29 106 95 26
3 29 106 30
3 54 56 109
3 26 119 17
5 17 118 30 44 119
3 119 109 106
3 8 114 1
5 97 17 87 114 1
3 1 5 69
3 46 97 1
5 26 114 8 110 17
3 14 8 28
5 49 8 28 26 5
3 49 8 110
3 87 99 114
5 99 114 112 97 110
3 26 114 112
3 14 46 71
5 28 14 71 5 69
3 14 17 87
3 54 69 87
3 69 28 65
3 49 5 71
3 17 5 26
3 65 99 46
5 54 97 46 99 87
3 56 71 54
5 49 65 28 56 71
3 26 28 56
3 54 112 97
3 49 112 65
3 17 97 110
5 56 110 49 112 26
3 99 110 56
5 41 33 28 8 35
3 42 35 8
3 28 8 20
5 8 20 30 41 116
5 33 114 8 42 30
3 116 114 8
3 65 35 60
5 65 60 94 66 99
3 94 104 60
3 60 33 114
5 42 104 60 114 99
5 35 65 28 66 62
3 41 35 62
3 66 62 94
5 62 94 67 65 113
3 20 113 62
5 99 107 94 104 113
3 67 94 107
5 67 116 113 20 107
3 20 107 30
3 99 107 114
5 30 104 116 114 107
3 33 28 66
3 42 99 66
3 30 41 33
3 67 65 28
3 99 65 113
3 41 67 116
3 42 104 30
3 116 113 104
3 60 103 94
3 40 88 60
3 65 60 69
5 94 108 99 93 103
3 87 85 103
5 79 103 85 108 88
3 79 103 93
3 66 94 70
5 65 80 94 70 93
3 80 94 108
5 69 9 63 40 83
3 87 9 69
3 63 9 82
5 88 40 85 87 9
3 79 88 9
3 83 40 85
3 40 66 63
3 70 69 83
3 80 83 79
3 63 65 80
3 87 66 99
3 70 93 82
3 85 108 82
5 80 108 82 93 79
3 99 108 88
3 65 99 93
3 0 78 5
3 0 90 36
3 0 35 46
3 9 78 7
5 36 96 7 78 10
5 7 90 36 88 9
3 90 7 97
3 96 114 7
5 7 97 10 88 114
5 8 61 96 5 78
3 8 10 78
3 8 35 61
5 53 5 43 35 8
3 8 114 53
5 10 8 114 96 43
3 69 60 90
5 88 60 90 97 46
3 43 60 35
3 60 88 114
5 60 43 97 53 114
3 69 9 61
3 36 96 61
3 88 9 46
3 53 69 5
3 10 88 36
3 96 5 43
3 53 97 46
3 10 97 43
3 73 57 90
5 69 89 40 57 90
3 40 57 32
5 59 69 70 32 57
3 59 57 80
5 73 90 79 89 85
3 70 91 73
3 77 85 73
5 79 80 77 73 91
3 69 31 90
5 36 90 31 85 40
3 79 90 36
3 32 37 31
5 37 31 25 61 36
3 25 85 31
3 40 36 61
3 59 69 61
5 32 27 61 59 37
3 27 61 25
3 89 85 40
3 27 70 32
3 69 89 70
3 37 36 77
5 36 79 25 85 77
3 59 37 91
5 27 77 37 91 25
5 80 27 70 91 59
3 25 91 79
3 80 89 79
3 80 27 77
3 60 57 94
5 54 38 57 60 69
5 70 54 52 57 94
3 32 38 57
3 59 52 57
5 60 112 54 98 94
3 33 69 60
5 43 38 98 33 60
3 60 112 43
3 67 70 94
5 67 112 52 106 94
3 94 106 98
3 32 70 23
3 33 41 32
3 59 5 69
3 70 54 69
3 43 5 38
3 26 5 23
5 41 33 26 5 43
3 38 98 54
3 41 59 67
5 52 59 67 70 23
3 33 26 98
3 52 112 54
3 43 106 41
5 23 26 67 41 106
3 23 106 52
5 106 43 112 26 98
3 26 112 67
3 11 2 78
5 11 82 25 91 2
5 31 2 78 9 25
3 50 31 2
5 50 82 9 47 2
3 91 2 47
5 78 11 68 25 19
3 23 68 11
3 11 48 82
5 23 11 48 19 91
3 14 78 9
5 68 31 5 78 14
3 19 5 78
3 31 5 69
3 25 31 68
3 47 9 69
3 82 25 9
3 14 71 50
3 28 68 14
5 71 47 69 70 50
3 82 50 70
3 69 28 70
3 5 71 23
5 28 19 5 23 68
3 48 47 71
3 91 25 19
3 23 70 91
3 48 19 28
3 60 90 103
3 40 33 60
3 43 104 60
5 90 103 85 86 101
3 102 103 85
3 98 103 119
5 104 102 103 119 101
3 38 90 31
3 90 101 36
5 58 38 31 33 40
3 22 85 31
3 33 96 31
3 40 58 36
3 86 85 40
3 96 102 36
5 22 101 36 102 85
3 38 58 43
3 22 58 30
5 43 58 30 33 96
3 86 38 98
3 33 98 30
3 43 119 96
5 96 119 22 30 102
3 101 22 119
3 86 104 101
5 30 104 43 119 98
3 30 102 104
3 16 78 7
5 7 119 22 118 16
3 87 31 7
5 4 97 7 87 118
3 97 7 119
5 22 68 16 78 15
3 26 16 68
5 110 16 26 119 15
3 118 16 110
3 14 78 4
3 15 78 5
3 5 31 38
3 22 68 31
3 14 29 68
3 14 87 53
3 38 97 4
3 4 118 22
3 53 26 5
5 68 29 15 5 26
3 38 98 29
5 98 38 97 53 87
3 98 87 118
3 15 119 22
3 53 110 97
3 29 15 110
3 98 26 119
3 103 114 60
5 54 103 60 92 97
3 60 43 95
3 60 92 65
5 115 114 103 119 97
3 54 103 93
5 92 105 103 93 115
3 103 119 105
3 53 114 26
5 26 114 116 43 119
3 115 114 116
3 54 95 52
3 26 95 67
3 53 97 54
3 49 65 53
3 65 93 67
3 92 105 52
3 92 115 97
3 49 52 111
5 93 67 105 52 111
3 43 116 49
5 26 111 49 116 67
3 97 43 119
3 111 115 93
3 105 67 116
3 111 119 26
5 111 115 116 105 119
3 73 103 90
5 73 109 84 93 103
3 73 50 70
5 47 93 70 73 52
3 73 52 109
5 97 84 87 103 90
3 87 103 98
3 93 103 112
5 103 98 109 97 112
3 47 90 69
3 38 97 90
3 50 71 38
3 87 84 50
3 69 70 95
3 53 87 69
3 52 47 71
3 84 47 93
3 53 71 56
5 71 56 70 95 52
3 95 38 98
3 56 93 70
3 52 95 112
5 56 98 95 112 53
3 84 109 97
3 53 112 97
5 56 109 52 112 93
3 98 56 109
3 3 20 8
3 3 58 21
5 3 21 27 61 6
3 6 75 3
3 61 24 8
5 24 8 10 58 30
3 8 116 10
3 27 81 20
3 30 117 20
3 24 18 21
3 27 77 21
5 77 36 6 18 21
3 36 6 61
3 41 27 61
3 36 58 10
3 77 102 36
5 18 24 102 36 10
3 41 30 58
3 6 81 18
5 75 77 27 81 6
3 24 30 102
3 18 117 10
5 77 117 18 81 102
3 75 41 116
3 77 117 75
3 102 116 81
3 7 114 16
3 84 97 7
3 13 7 79
5 10 110 16 114 116
3 16 81 18
5 81 16 111 13 116
3 111 16 110
3 88 114 99
3 116 114 112
3 18 74 84
3 84 99 93
3 18 10 88
3 79 88 92
3 79 81 93
3 97 112 92
3 74 113 92
3 13 116 10
3 13 111 74
3 97 110 10
5 74 111 93 81 113
3 99 110 113
3 111 112 93
3 116 81 113
5 110 113 116 112 111
3 20 76 11
3 15 22 11
3 11 74 18
3 77 108 76
5 108 113 74 109 76
3 76 109 106
3 30 39 20
3 20 113 110
3 18 39 10
3 75 39 77
3 22 77 101
5 18 118 22 101 10
3 30 118 22
5 74 101 77 108 18
3 108 118 18
3 10 110 15
3 75 106 15
3 10 104 101
5 30 118 110 10 104
3 74 113 75
3 74 109 101
3 108 104 113
3 106 30 104
3 110 118 109
5 104 113 110 109 106
3 2 84 7
3 11 22 2
3 2 73 91
3 16 25 7
3 7 119 103
3 16 11 111
3 76 82 11
5 76 34 91 111 11
3 73 103 85
3 76 73 109
3 16 118 107
5 107 34 119 111 16
3 107 103 93
3 34 107 76
3 82 85 25
3 34 91 25
3 85 118 22
3 84 93 82
3 34 119 22
3 109 84 118
3 91 111 93
3 111 119 109
3 64 20 107
3 64 33 41
3 64 104 42
5 20 117 106 34 107
3 107 118 98
3 102 34 107
5 117 104 102 107 118
3 20 29 68
3 20 117 39
3 39 58 41
3 44 58 22
5 41 33 68 29 58
3 42 58 29
3 33 24 68
3 22 68 34
3 24 102 39
3 42 118 24
5 102 44 22 118 24
3 44 98 33
5 22 117 39 102 34
3 118 22 117
3 98 106 29
3 34 106 41
3 102 104 44
3 104 117 106
3 60 114 1
5 10 42 24 114 1
5 9 24 40 36 1
3 1 9 46
3 10 36 1
3 60 89 40
3 60 92 104
3 102 114 24
3 99 114 115
5 10 104 102 114 115
5 9 89 40 72 46
3 18 9 24
3 79 89 9
3 40 72 36
3 42 40 24
3 79 36 102
3 92 72 46
3 46 99 42
3 18 108 72
5 92 79 89 108 72
3 99 108 89
3 10 18 115
5 102 79 115 18 108
3 79 92 115
3 10 104 42
3 104 102 108
3 2 78 0
3 0 58 38
3 46 72 0
5 21 18 78 2 22
3 50 84 2
3 22 101 2
5 72 101 2 84 18
3 17 78 14
3 10 78 18
5 17 22 58 10 78
3 21 50 14
3 22 58 21
3 72 18 21
3 46 14 42
3 38 86 50
5 46 72 86 50 84
3 10 58 42
3 46 97 84
5 46 42 86 38 97
3 86 101 72
3 17 38 97
3 17 118 22
3 86 118 42
3 84 18 118
3 101 97 10
3 73 100 103
5 100 73 77 108 82
3 77 83 73
3 73 86 50
5 102 103 100 118 108
3 89 103 87
3 102 103 44
3 82 25 100
5 22 100 25 102 77
3 22 118 100
5 21 50 31 83 40
3 25 83 31
3 31 50 87
3 22 31 44
3 21 40 24
3 50 82 21
3 22 77 21
3 83 40 89
3 44 40 86
3 24 25 102
3 87 118 24
3 82 108 89
3 108 118 86
3 77 108 102
3 62 45 76
5 76 56 48 113 62
3 63 66 62
3 62 113 55
5 74 48 82 76 45
3 82 108 76
3 56 109 76
3 50 71 45
3 74 45 72
5 63 46 71 50 66
3 66 86 50
3 82 84 50
3 63 46 72
3 63 48 82
3 46 55 71
3 46 99 84
5 66 99 46 55 86
3 56 71 48
3 86 72 108
5 72 108 82 84 74
3 56 66 99
3 86 109 55
5 99 108 86 109 84
3 74 109 84
3 74 113 48
3 113 99 108
3 0 36 1
3 2 47 0
3 38 57 0
5 1 36 44 31 7
3 1 7 97
3 60 69 1
5 60 44 38 97 1
3 2 7 31
5 36 79 7 2 101
5 73 2 47 79 83
3 73 2 101
3 57 92 60
3 73 83 57
5 57 92 47 54 73
3 79 103 7
5 7 97 101 44 103
3 60 44 103
3 54 103 73
5 73 101 92 79 103
3 83 31 69
3 38 44 31
3 36 83 79
3 47 69 54
3 36 101 44
3 79 47 92
3 54 97 38
3 97 101 92
3 45 57 0
3 6 36 0
3 4 46 0
3 57 86 40
5 51 46 92 57 86
3 80 92 57
3 77 45 21
3 45 74 51
5 6 80 77 45 74
3 21 63 40
3 18 21 4
3 40 88 36
5 4 46 88 40 86
3 63 6 80
3 46 63 51
5 4 18 88 36 101
3 36 101 77
3 4 101 86
3 18 6 74
3 46 92 88
3 86 108 51
3 77 108 80
3 88 18 108
3 92 101 74
3 3 8 78
5 8 28 68 29 3
5 68 21 3 78 12
3 3 63 21
5 28 63 3 71 12
3 29 71 3
5 78 17 68 24 8
3 42 24 8
3 53 28 8
3 9 78 12
5 21 4 78 9 24
3 4 78 17
5 50 12 9 63 21
3 21 50 4
3 21 24 68
3 46 9 63
5 46 4 50 87 9
3 24 9 87
3 50 71 12
3 12 28 68
3 87 50 66
3 66 28 63
3 42 46 4
5 87 17 4 42 24
3 46 71 53
5 66 42 46 53 87
3 17 29 68
3 42 29 66
3 53 87 17
3 1 8 35
5 40 33 69 1 35
3 1 69 9
3 96 36 1
3 39 24 8
3 8 19 28
5 19 96 41 39 8
3 40 35 63
3 41 59 35
3 9 63 6
5 83 36 6 9 25
3 24 25 9
3 36 83 40
3 33 24 40
3 69 59 83
5 63 27 83 59 6
3 25 83 27
3 28 69 33
3 28 63 27
3 39 6 36
5 36 39 24 25 96
3 19 6 59
5 27 39 6 19 25
5 28 19 59 41 27
3 96 19 25
3 41 27 39
3 41 33 96
3 1 90 69
3 43 1 35
3 88 114 1
5 43 1 114 33 44
3 92 57 90
3 35 57 40
3 95 57 94
5 94 89 65 92 57
5 89 103 90 92 88
3 44 90 103
3 94 103 89
5 92 104 94 103 112
5 104 88 114 103 44
3 103 114 112
5 43 35 64 33 95
3 64 35 65
5 65 112 95 94 64
3 64 104 94
3 64 114 33
5 64 104 43 112 114
3 88 40 89
3 44 33 40
3 69 89 65
3 69 95 33
3 43 112 95
3 88 104 92
3 92 112 65
3 44 43 104
3 62 57 45
5 83 70 50 45 57
3 57 83 40
3 95 38 57
5 23 70 27 62 45
3 29 66 62
3 41 27 62
5 29 62 41 95 23
3 50 21 45
5 83 27 21 45 37
3 23 37 45
3 31 37 83
3 38 50 31
5 21 58 37 31 68
3 31 68 33
3 40 21 58
3 27 21 68
3 33 66 40
3 70 83 27
3 70 50 66
3 37 58 41
5 68 23 37 41 27
3 38 58 29
3 23 68 29
3 95 70 23
3 41 33 95
3 57 62 35
5 35 46 71 38 57
3 86 38 57
3 57 92 52
3 62 29 106
3 51 113 62
5 106 52 49 113 62
3 35 46 42
3 43 35 49
3 51 46 71
3 92 97 46
3 29 71 38
3 52 71 49
3 43 97 38
3 51 86 109
3 86 104 42
5 97 109 86 104 92
3 29 42 110
5 43 106 29 110 49
5 52 109 51 113 92
5 42 110 97 43 104
3 92 113 104
3 106 109 52
3 49 110 113
3 109 110 97
3 106 43 104
3 57 94 62
3 57 83 59
3 57 92 72
3 63 62 27
5 67 59 75 62 27
3 75 113 62
3 94 108 89
3 67 105 94
3 89 79 83
3 77 27 83
3 63 72 6
3 63 65 89
3 59 6 75
3 81 6 79
3 72 77 108
3 65 59 67
3 67 27 81
3 65 113 92
3 75 105 77
5 108 81 79 105 77
3 92 79 105
5 81 113 75 105 67
3 108 81 113
3 11 20 3
5 49 19 28 20 3
3 3 6 63
3 3 71 49
5 20 81 19 111 11
3 12 82 11
5 82 11 74 6 81
3 11 111 74
3 20 56 28
3 20 113 81
3 12 71 47
3 12 19 28
3 63 28 65
3 82 51 63
3 74 6 47
3 6 81 19
3 65 47 93
5 51 82 93 47 74
3 56 71 51
3 81 93 82
3 74 113 51
5 65 113 51 56 93
3 65 113 49
3 19 111 49
3 56 111 93
3 73 57 45
5 71 47 59 57 45
3 59 95 57
3 55 92 57
3 73 105 91
3 73 109 54
5 74 109 73 105 92
3 45 71 23
3 75 74 45
3 47 71 54
3 59 47 91
3 74 92 47
3 55 71 49
3 49 75 59
3 54 95 112
3 95 106 23
5 55 106 95 112 49
3 91 111 23
5 75 105 91 111 74
5 92 112 54 109 55
5 49 111 23 106 75
3 112 105 92
3 106 109 55
3 49 111 112
3 111 74 109
3 106 105 75
5 105 112 111 109 106
5 78 4 58 36 1
3 1 78 5
3 90 36 1
5 4 46 1 90 38
5 1 35 58 38 5
3 46 35 1
5 37 2 78 6 36
3 4 2 78
5 2 4 72 36 90
3 2 47 90
3 2 45 37
5 47 2 45 72 6
5 3 58 37 5 78
3 3 6 78
3 3 35 58
5 3 35 59 5 71
5 6 3 45 37 59
3 3 71 45
5 57 90 47 46 72
3 38 57 90
3 57 59 35
3 57 45 72
3 36 58 37
3 72 36 6
3 5 37 59
3 4 38 58
3 72 46 4
3 38 5 71
3 59 6 47
3 46 47 71
3 16 114 8
5 30 68 16 8 39
3 8 39 61
3 8 42 14
5 16 118 30 102 114
3 16 68 25
5 18 39 102 25 16
3 18 118 16
3 87 33 114
5 88 114 87 118 42
3 88 102 114
5 40 21 14 9 61
3 14 68 21
3 21 85 40
5 21 18 9 25 85
3 39 21 18
3 9 25 61
3 61 40 33
3 9 87 14
3 9 88 18
3 42 40 88
3 33 68 30
3 25 102 85
3 85 87 118
5 18 118 85 102 88
3 30 102 39
3 30 118 42
3 35 62 3
5 28 48 3 62 27
5 3 14 28 61 35
3 14 21 3
3 3 48 6
3 62 66 51
3 62 27 80
3 40 35 61
5 14 66 40 35 46
3 65 35 46
3 21 72 40
5 21 72 6 9 82
3 21 27 82
3 9 6 61
3 27 61 28
3 14 46 9
3 82 9 89
3 28 66 14
3 89 40 66
3 72 80 6
5 82 48 6 80 27
3 51 72 46
5 51 46 65 89 66
5 72 80 89 82 51
3 65 80 89
3 48 28 65
3 48 82 51
3 11 2 100
5 101 77 85 100 2
3 2 37 31
3 2 101 4
5 34 100 11 117 77
3 11 68 21
5 15 37 34 68 11
3 15 117 11
3 85 100 118
3 34 119 100
3 17 31 68
3 85 44 31
3 21 58 4
3 21 77 85
3 15 58 37
3 37 34 77
3 44 58 30
3 17 118 4
3 34 68 30
3 15 119 17
3 101 119 44
3 101 117 77
5 34 119 15 117 30
3 117 30 118
3 1 114 7
3 1 36 61
3 1 5 43
5 114 102 44 119 7
3 25 31 7
5 13 7 25 102 36
3 7 119 13
3 26 114 33
3 116 102 114
3 5 37 31
3 33 31 44
3 61 25 19
3 41 33 61
3 36 13 37
3 44 36 102
3 37 34 41
5 13 19 25 34 37
3 5 26 19
3 25 102 34
3 13 19 116
5 34 41 116 19 26
3 41 116 43
3 44 119 43
5 34 119 13 116 102
3 26 34 119
3 7 90 79
3 7 119 100
3 87 7 114
3 44 90 60
3 60 94 89
3 112 114 60
3 73 90 54
3 73 105 94
3 73 85 100
5 93 100 73 105 79
5 93 112 105 94 107
3 98 107 94
3 107 93 100
5 107 100 119 105 102
5 114 107 98 119 112
3 107 102 114
3 87 85 89
3 79 89 93
3 44 102 85
3 54 98 87
3 54 112 93
3 44 119 98
3 102 105 79
3 105 112 119
3 1 90 7
3 46 1 53
3 1 43 10
3 7 84 115
3 17 7 119
5 10 115 7 119 101
3 54 90 38
3 90 92 101
3 84 46 4
3 17 38 4
3 4 10 101
3 46 55 92
3 43 55 38
3 84 109 54
5 101 92 115 84 109
3 54 112 53
3 17 110 53
5 43 112 53 110 55
5 110 10 43 119 17
3 92 115 112
3 110 55 109
3 115 110 10
3 101 109 119
3 43 119 112
5 109 110 115 112 119
3 2 78 7
3 2 91 37
3 74 101 2
3 96 119 7
3 79 115 7
3 19 6 78
3 15 10 78
3 36 96 37
3 79 36 6
3 10 101 36
3 37 75 15
3 75 6 74
3 19 116 96
5 10 116 96 119 15
3 91 111 19
3 79 105 91
5 111 15 75 116 19
5 101 105 79 115 74
3 111 15 119
3 116 10 115
3 111 74 115
3 105 75 116
3 101 119 105
3 90 103 7
3 7 25 9
3 7 13 115
3 93 103 89
3 103 102 105
3 83 90 36
3 90 47 92
3 9 6 47
3 89 9 88
3 83 91 25
3 83 89 80
3 13 36 6
3 88 36 102
3 80 6 81
5 81 6 13 91 25
3 91 93 47
3 81 25 102
3 80 105 92
5 80 105 91 93 81
3 88 115 92
3 13 105 91
5 81 115 13 105 102
3 115 81 93
3 94 107 76
5 107 81 113 117 76
3 76 51 82
3 76 77 117
3 99 107 118
3 102 81 107
3 94 89 80
3 86 104 94
3 51 86 72
3 77 80 72
3 18 88 72
3 85 89 82
3 89 99 88
3 85 86 118
3 77 102 85
3 81 18 82
5 99 118 86 104 88
3 80 113 81
3 102 104 88
3 51 113 99
3 118 18 117
3 113 104 117
3 7 100 2
5 18 74 2 100 82
3 2 4 50
3 74 2 47
5 7 115 18 118 100
3 9 87 7
3 115 97 7
3 82 93 100
5 74 109 100 93 115
3 118 100 109
3 47 46 9
3 18 9 82
3 50 87 54
3 50 82 51
3 97 4 46
3 4 18 118
3 51 46 99
3 54 93 47
3 99 118 87
3 97 109 54
3 74 109 51
3 18 115 74
3 93 115 99
3 7 78 17
3 7 100 25
3 7 114 115
3 18 11 78
3 20 11 68
5 18 81 25 100 11
3 100 111 11
3 8 78 19
3 20 110 8
3 24 8 114
3 81 107 20
3 100 107 118
3 107 114 26
5 118 110 115 114 107
3 25 24 68
3 26 17 68
3 24 118 18
3 81 25 19
3 26 19 111
3 81 18 115
3 110 118 17
3 111 110 115
3 60 90 57
3 72 80 57
3 52 57 55
3 60 88 104
3 60 112 65
5 60 112 97 55 104
3 79 47 90
3 90 101 97
3 46 65 47
3 88 72 46
3 46 97 55
3 47 74 52
3 74 101 72
3 80 113 65
3 80 105 79
5 80 105 52 74 113
3 79 115 88
5 104 88 115 97 101
5 65 113 55 52 112
3 52 105 112
3 55 104 113
3 115 97 112
3 115 113 74
3 105 101 104
5 115 112 105 104 113
3 60 1 35
3 5 1 96
3 1 97 10
3 60 112 95
3 60 44 104
3 41 35 58
3 49 35 55
3 38 58 44
3 15 58 10
3 38 95 5
3 5 49 15
3 38 97 55
3 96 116 41
3 96 119 44
3 41 106 95
5 49 116 41 106 15
5 104 10 97 119 44
3 106 55 104
3 15 119 106
3 10 104 116
3 112 49 116
3 119 112 97
5 104 116 112 119 106
3 64 35 8
5 29 30 64 8 110
3 8 24 14
3 8 110 10
3 66 99 64
3 64 30 104
3 35 58 40
3 55 35 46
3 4 46 14
3 14 66 29
3 24 40 88
3 86 40 66
3 10 58 4
3 29 58 30
3 4 118 86
5 88 10 4 118 24
3 88 46 99
3 24 30 118
3 55 104 86
3 88 104 10
3 29 55 110
3 99 118 110
3 64 114 107
5 107 56 110 113 64
5 110 42 64 114 53
3 64 66 42
3 64 65 113
3 93 107 56
5 108 107 93 115 113
3 107 118 108
3 87 53 114
3 88 115 114
3 46 84 51
3 53 65 46
3 46 42 88
3 66 89 87
3 89 108 88
3 93 65 89
5 51 108 89 93 84
3 56 51 66
3 87 118 84
3 84 115 93
5 84 115 88 108 118
3 56 110 53
3 113 51 108
3 42 118 110
3 115 113 110
3 90 2 101
3 50 2 45
3 2 100 91
3 83 90 57
3 52 45 57
3 86 94 57
3 54 103 90
3 105 103 94
3 85 100 103
5 105 101 109 100 103
5 45 76 70 91 52
3 77 76 45
3 76 70 94
5 94 105 52 109 76
5 77 105 91 100 76
3 109 100 76
3 83 70 91
3 77 85 83
3 54 50 70
3 86 50 85
3 101 109 86
3 91 105 52
3 54 52 109
3 101 77 105
3 76 100 11
5 81 27 76 11 48
3 11 18 21
3 12 48 11
5 76 108 81 93 100
3 27 76 70
3 76 51 108
3 25 100 85
5 100 84 18 108 85
3 93 100 84
3 50 85 21
3 21 63 27
3 9 25 12
3 63 89 9
3 18 84 9
3 12 50 70
3 51 50 84
3 48 51 63
3 25 27 81
3 89 70 93
3 85 108 89
3 81 93 48
3 81 18 108
3 73 100 2
5 2 100 25 79 13
3 12 47 2
3 13 37 2
3 70 83 73
3 73 105 52
3 34 25 100
3 111 100 93
5 13 111 100 34 105
3 19 25 12
3 23 70 12
3 83 37 59
3 83 79 25
3 23 34 37
3 52 59 47
3 79 47 93
3 19 59 67
3 70 93 67
3 19 111 13
5 67 34 23 111 19
3 23 52 111
3 79 105 13
3 34 105 67
3 9 78 1
3 97 1 90
3 96 1 114
3 2 78 13
3 31 90 2
3 84 100 2
5 25 96 13 78 16
3 17 78 16
3 16 100 25
5 16 100 119 13 115
5 17 119 96 114 16
3 16 114 115
3 90 103 79
3 119 103 100
3 87 103 114
3 31 25 96
3 31 17 87
3 79 25 9
3 87 9 84
3 13 119 96
3 97 84 115
3 97 17 119
3 79 13 115
3 16 78 11
5 81 16 11 117 39
3 11 82 21
3 74 11 117
5 39 24 16 78 10
3 16 24 118
3 81 115 16
3 9 78 6
3 4 78 10
3 21 72 4
3 24 39 21
3 88 9 24
3 84 9 82
3 84 118 4
3 74 6 72
3 81 6 39
3 88 108 72
3 81 108 82
3 10 117 39
3 74 115 84
3 88 115 10
3 117 108 118
3 10 78 1
3 61 35 1
3 53 114 1
3 14 78 3
3 3 49 35
3 3 20 39
3 16 78 19
5 19 116 39 20 16
3 20 110 16
3 16 114 24
3 35 64 42
3 20 64 28
3 64 114 116
3 39 24 61
3 61 28 19
3 24 14 42
3 14 53 28
3 10 39 116
3 53 49 110
3 49 19 116
3 42 10 110
3 12 2 78
3 2 74 45
3 22 100 2
3 3 15 78
3 3 21 45
3 48 20 3
3 16 78 18
3 20 68 16
5 18 16 100 22 117
3 100 111 16
3 23 76 45
3 20 117 76
3 82 76 100
3 21 22 68
3 21 18 82
3 12 23 68
3 12 48 82
3 15 22 117
3 48 111 74
3 18 117 74
3 15 111 23
3 73 45 76
3 85 73 83
3 73 101 105
3 34 27 76
3 108 117 76
5 76 34 105 75 117
3 21 72 45
3 37 45 75
3 22 85 21
3 27 39 21
3 36 37 83
3 83 27 80
3 36 101 72
3 39 102 36
3 34 37 22
5 75 39 27 34 37
3 80 108 72
3 102 85 108
3 39 117 75
3 101 22 117
3 75 105 80
3 102 34 105
3 1 78 8
3 88 36 1
3 43 97 1
3 8 116 39
3 8 110 42
5 116 43 15 110 8
3 18 4 78
3 13 78 15
3 36 39 58
3 13 36 101
3 42 58 4
3 43 15 58
3 4 97 101
3 18 117 39
5 117 15 13 116 39
3 88 18 115
3 42 104 88
5 117 101 13 115 18
3 15 110 117
3 116 115 13
3 97 110 115
3 101 104 117
3 116 104 43
3 100 107 16
5 107 30 117 110 16
3 16 18 24
3 17 110 16
5 107 108 117 109 100
3 107 99 108
3 98 107 30
3 22 85 100
3 84 100 109
3 17 4 22
3 4 42 86
3 4 18 84
3 87 85 24
3 30 24 42
3 85 108 86
3 84 99 87
3 87 98 17
3 22 117 30
3 98 109 86
3 108 18 117
3 42 110 99
3 109 117 110
3 2 73 90
3 4 2 22
3 13 74 2
3 73 86 109
3 77 105 73
3 44 36 90
3 90 92 97
3 77 36 72
3 10 13 36
3 4 72 86
3 10 97 4
3 72 92 74
3 22 119 44
3 77 117 22
5 119 13 10 117 22
3 44 104 86
5 74 117 77 105 13
3 104 92 105
3 119 105 13
3 117 10 104
3 97 109 119
3 117 74 109
5 105 119 109 117 104
3 7 100 103
3 13 7 96
3 17 7 97
3 98 103 44
3 105 112 103
3 34 100 22
3 111 100 109
3 43 44 96
3 34 96 26
3 15 22 17
3 22 44 101
3 17 26 98
3 13 111 15
3 15 106 43
5 34 106 15 111 26
3 13 105 101
3 97 101 109
3 97 112 43
3 98 106 109
3 106 105 34
3 26 112 111
3 103 114 107
3 85 44 103
3 105 79 103
3 107 81 108
3 34 107 30
5 116 81 107 34 105
3 88 114 24
3 96 116 114
3 36 77 39
3 36 96 44
3 79 36 88
3 24 25 85
3 30 39 24
3 25 96 34
3 79 25 81
3 85 108 77
5 96 34 30 39 116
3 81 116 39
3 108 104 88
3 44 104 30
3 34 105 77
3 105 104 116
3 20 107 16
3 19 25 16
3 16 18 115
3 67 107 93
3 107 102 108
3 20 27 39
3 20 113 48
3 18 39 6
3 80 6 79
3 6 48 19
3 25 27 82
3 79 102 25
3 67 80 27
3 93 82 48
3 82 18 108
3 39 116 102
3 80 113 108
3 67 116 19
3 93 115 79
3 116 115 113
3 2 11 45
3 84 47 2
3 2 101 13
3 48 111 11
3 18 11 117
5 75 117 11 111 13
3 51 45 72
3 52 75 45
3 47 6 48
3 18 6 72
3 6 75 13
3 52 92 47
3 72 92 101
3 84 109 51
3 84 115 18
3 48 113 51
5 52 111 48 113 75
3 92 115 113
3 109 52 111
3 115 13 111
3 113 117 75
3 117 109 101
3 20 16 81
3 16 118 100
3 26 16 114
3 98 103 94
3 103 100 93
3 102 114 103
3 67 64 94
3 30 64 20
3 99 114 64
3 76 108 94
3 20 56 76
3 76 100 34
3 56 99 93
3 26 98 56
3 118 99 108
3 67 93 81
3 34 67 26
3 102 108 81
3 30 118 98
3 34 102 30
3 73 103 94
3 52 91 73
3 77 101 73
3 102 79 103
3 103 112 119
3 67 80 94
3 104 94 106
3 77 80 75
3 79 80 92
3 79 91 13
3 67 91 34
3 77 102 34
3 92 52 112
3 92 104 101
3 75 106 52
3 75 116 13
3 13 119 101
5 106 34 67 116 75
3 112 116 67
3 119 106 34
3 102 104 116
3 23 11 45
3 20 117 11
3 11 82 100
3 73 45 77
3 73 94 70
3 73 109 100
3 51 62 45
3 94 106 62
3 27 62 20
3 107 94 108
3 20 107 56
3 34 107 100
3 27 82 70
3 56 23 70
3 34 27 77
3 82 108 51
3 56 109 51
3 117 108 77
3 23 34 106
3 117 106 109
3 76 45 11
3 11 68 12
3 11 111 15
3 70 76 56
3 76 106 34
3 32 45 37
3 52 45 71
3 5 71 12
3 12 91 70
3 32 68 29
3 70 95 32
3 15 5 37
3 91 34 37
3 95 26 5
3 56 71 29
3 34 68 26
3 95 106 52
3 29 106 15
3 91 111 52
3 26 111 56
3 94 107 64
3 65 28 64
3 64 116 41
3 107 93 81
3 26 34 107
3 94 70 95
3 80 94 105
3 59 41 95
3 59 80 65
3 19 91 59
3 27 28 70
3 93 70 91
3 81 27 80
3 34 41 27
3 28 19 26
3 26 95 112
3 91 105 34
3 93 112 65
3 19 116 81
3 116 105 112
3 3 45 62
3 3 6 39
3 3 49 15
3 80 113 62
3 62 106 41
3 37 45 77
3 52 74 45
3 37 59 41
3 15 37 13
3 80 6 59
3 13 74 6
3 52 59 49
3 41 116 39
3 77 39 117
3 77 105 80
3 106 52 105
3 106 117 15
3 116 105 13
3 113 49 116
3 113 74 117
3 8 78 16
3 61 28 8
3 49 116 8
3 25 81 16
3 26 111 16
3 12 78 5
3 6 78 13
3 61 6 59
3 25 96 61
3 12 25 91
3 12 48 28
3 49 59 5
3 96 5 26
3 81 6 48
3 91 59 67
3 28 67 26
3 96 116 13
3 49 111 48
3 13 111 91
3 67 116 81
3 3 11 78
3 29 58 3
3 3 49 75
3 11 117 22
3 11 111 23
3 17 5 78
3 13 78 10
3 22 58 37
3 23 37 5
3 75 37 13
3 43 58 10
3 49 43 5
3 22 119 17
3 17 110 29
3 23 29 106
3 111 13 119
3 117 10 110
3 111 110 49
3 106 75 117
3 106 119 43
3 64 35 62
3 32 27 62
3 75 106 62
3 33 64 30
3 67 116 64
3 61 35 59
3 43 35 58
3 61 39 27
3 33 61 96
3 37 58 32
3 33 95 32
3 75 37 59
3 34 37 96
3 39 58 30
3 67 59 95
3 27 67 34
3 75 116 39
3 96 43 116
3 43 106 95
3 30 106 34
3 64 8 114
3 10 39 8
3 8 19 49
3 41 67 64
3 64 104 113
3 102 114 96
3 115 114 112
3 41 75 39
3 81 102 39
3 13 19 96
3 41 96 43
3 19 81 67
3 10 115 13
3 75 105 13
3 10 104 43
3 49 75 113
3 43 112 49
3 105 112 67
3 105 102 104
3 115 81 113
3 76 94 62
3 29 62 55
3 41 75 62
3 23 34 76
3 109 117 76
3 94 98 95
3 105 104 94
3 43 95 41
3 23 95 52
3 23 15 29
3 30 98 29
3 30 34 41
3 55 109 52
3 75 105 52
3 43 104 55
3 75 117 15
3 15 119 43
3 98 119 109
3 119 105 34
3 117 104 30
3 16 114 107
3 17 16 68
3 16 19 111
3 98 107 56
3 67 34 107
3 96 114 33
3 53 112 114
3 5 96 19
3 23 95 5
3 5 53 17
3 33 68 28
3 34 23 68
3 98 95 33
3 56 53 28
3 67 28 19
3 96 119 34
3 95 112 67
3 17 119 98
3 56 111 23
3 111 112 119
3 3 8 35
3 48 71 3
3 3 75 15
3 53 8 110
3 8 116 19
3 65 35 59
3 43 55 35
3 53 71 5
3 5 59 19
3 5 43 15
3 52 55 71
3 75 59 52
3 48 113 65
3 48 19 111
3 53 65 112
3 52 112 111
3 55 113 110
3 111 15 110
3 116 75 113
3 116 43 112
3 107 100 76
3 76 27 77
3 23 106 76
3 67 107 26
3 102 107 30
3 100 25 91
3 100 119 22
3 41 37 96
3 37 77 22
3 23 37 91
3 27 25 68
3 30 68 22
3 26 23 68
3 25 102 96
3 27 41 67
3 26 119 96
3 91 105 67
3 30 41 106
3 102 105 77
3 106 105 119
3 16 100 11
3 74 11 48
3 11 23 15
3 19 26 16
3 115 110 16
3 91 100 93
3 100 109 119
3 48 49 19
3 48 93 56
3 19 91 13
3 52 91 23
3 26 56 23
3 49 112 52
3 74 109 52
3 15 13 119
3 15 49 110
3 74 115 13
3 110 109 56
3 112 115 93
3 26 112 119
3 3 11 48
3 8 39 3
3 29 62 3
3 11 16 68
3 76 11 117
3 16 110 8
3 8 28 64
3 62 113 64
3 76 62 27
3 16 81 107
3 107 30 64
3 56 107 76
3 27 68 28
3 30 68 29
3 39 27 81
3 48 28 56
3 39 117 30
3 48 113 81
3 56 110 29
3 113 110 117
4 1 7 2 0
4 1 96 37 0
4 2 7 96 37
4 2 13 96 31
4 2 12 19 13
4 19 96 31 12
4 5 12 25 96
4 25 12 23 34
4 23 5 96 34
4 32 37 96 33
4 32 33 26 23
4 23 26 96 37
4 36 0 5 96
4 36 0 38 44
4 5 38 44 96
4 31 96 41 32
4 31 38 43 96
4 32 41 43 38
4 38 54 47 0
4 0 59 95 38
4 54 95 59 47
4 69 12 23 95
4 47 12 23 52
4 47 69 95 52
4 1 0 57 60
4 5 95 57 0
4 60 1 5 95
4 61 41 43 1
4 1 69 95 43
4 61 69 95 41
4 61 59 95 33
4 33 26 19 61
4 26 95 59 19
4 12 70 95 5
4 19 67 70 12
4 5 95 67 19
4 2 73 57 0
4 0 2 91 59
4 57 73 91 59
4 57 83 91 52
4 32 57 52 23
4 83 32 23 91
4 36 0 47 79
4 0 37 91 47
4 37 91 79 36
4 83 61 19 91
4 61 19 13 36
4 36 83 91 13
4 61 59 91 25
4 61 25 34 41
4 41 59 91 34
4 32 37 91 70
4 67 41 32 70
4 67 41 37 91
4 12 70 73 2
4 12 69 90 2
4 70 73 90 69
4 32 38 90 83
4 54 70 83 90
4 38 54 70 32
4 7 25 61 1
4 1 90 83 61
4 25 83 90 7
4 31 90 47 12
4 79 25 31 90
4 25 79 47 12
4 69 90 36 61
4 69 90 44 33
4 44 33 61 36
4 57 32 33 60
4 57 32 31 90
4 60 33 31 90
4 2 0 46 84
4 0 46 51 45
4 2 45 51 84
4 12 48 74 2
4 50 51 74 2
4 50 51 48 12
4 76 23 12 82
4 76 23 71 51
4 51 82 12 71
4 51 66 32 45
4 45 23 56 51
4 23 56 66 32
4 71 51 72 0
4 38 86 72 0
4 51 86 38 71
4 62 51 50 32
4 55 38 32 62
4 38 55 51 50
4 2 11 3 0
4 2 22 58 0
4 3 11 22 58
4 21 11 23 32
4 11 15 58 21
4 58 32 23 15
4 20 62 45 11
4 32 45 11 68
4 20 62 32 68
4 3 62 76 11
4 3 63 82 11
4 63 82 76 62
4 0 78 11 45
4 0 72 18 78
4 11 45 72 18
4 63 21 11 48
4 21 11 74 72
4 74 48 63 72
4 0 38 29 3
4 38 17 78 0
4 29 3 78 17
4 29 14 78 15
4 12 23 15 78
4 14 29 23 12
4 46 42 58 0
4 58 0 71 29
4 42 46 71 29
4 29 62 63 14
4 63 46 55 62
4 14 29 55 46
4 20 48 12 68
4 20 29 71 48
4 68 29 71 12
4 3 29 66 63
4 29 56 48 3
4 66 56 48 63
4 12 2 4 14
4 2 22 68 12
4 14 4 22 68
4 21 32 38 4
4 4 17 68 21
4 32 38 17 68
4 50 4 58 32
4 42 66 32 58
4 4 50 66 42
4 63 14 4 72
4 4 86 66 14
4 63 72 86 66
4 12 50 4 78
4 82 18 78 12
4 18 4 50 82
4 63 21 4 46
4 21 4 84 82
4 63 82 84 46
4 35 60 90 0
4 0 90 44 58
4 35 60 44 58
4 40 60 95 32
4 60 40 58 43
4 58 32 95 43
4 57 60 64 62
4 33 64 62 32
4 35 60 94 62
4 63 35 60 89
4 63 62 94 89
4 0 72 88 1
4 60 88 72 57
4 60 40 63 65
4 40 72 92 60
4 65 63 72 92
4 0 37 77 72
4 0 72 80 59
4 80 77 37 59
4 62 80 83 32
4 32 62 75 37
4 80 75 37 83
4 57 32 27 80
4 67 95 57 80
4 27 67 95 32
4 89 94 95 69
4 94 80 59 95
4 59 69 89 80
4 0 6 80 57
4 0 90 79 6
4 90 79 80 57
4 80 92 90 83
4 90 69 65 92
4 80 65 69 83
4 6 39 58 0
4 0 59 41 58
4 39 6 59 41
4 62 41 61 63
4 62 63 6 75
4 41 61 6 75
4 35 0 37 41
4 41 35 1 96
4 64 33 69 65
4 64 65 59 41
4 41 33 69 59
4 35 63 27 41
4 65 35 41 67
4 63 27 67 65
4 83 32 58 36
4 36 83 27 39
4 58 32 27 39
4 61 63 72 36
4 36 61 27 77
4 77 27 63 72
4 32 40 36 37
4 96 36 40 33
4 1 36 83 69
4 69 1 88 89
4 89 83 36 88
4 40 63 6 36
4 79 36 40 89
4 6 63 89 79
4 4 0 6 18
4 0 47 84 4
4 47 6 18 84
4 11 12 9 18
4 12 11 74 47
4 9 18 74 47
4 18 88 1 78
4 10 39 61 1
4 1 9 18 10
4 61 9 18 39
4 16 24 61 19
4 19 16 18 6
4 6 61 24 18
4 19 78 18 81
4 19 12 82 81
4 0 3 48 47
4 35 65 47 0
4 3 48 65 35
4 61 35 49 19
4 49 35 63 48
4 63 61 19 48
4 0 6 48 71
4 51 72 6 48
4 3 48 82 21
4 3 39 81 48
4 21 39 81 82
4 20 39 61 28
4 48 20 39 6
4 28 48 6 61
4 1 8 3 0
4 1 53 71 0
4 3 71 53 8
4 8 19 12 14
4 8 14 71 49
4 19 49 71 12
4 35 8 78 0
4 0 4 42 35
4 42 4 78 8
4 21 14 8 39
4 14 8 10 4
4 4 10 39 21
4 3 8 16 11
4 21 3 8 24
4 11 21 24 16
4 20 8 78 11
4 12 28 20 11
4 12 78 8 28
4 61 63 46 1
4 61 1 53 28
4 53 28 63 46
4 14 46 47 12
4 14 28 65 46
4 28 65 47 12
4 14 21 72 46
4 21 24 88 72
4 46 14 24 88
4 61 9 46 35
4 24 42 35 61
4 42 24 9 46
4 9 12 71 46
4 51 46 9 82
4 60 103 73 57
4 57 60 112 52
4 73 103 112 52
4 54 103 105 52
4 103 98 106 105
4 54 52 106 98
4 95 52 109 98
4 95 52 111 26
4 26 98 109 111
4 26 23 71 53
4 71 52 112 53
4 23 52 112 26
4 60 69 47 92
4 92 60 95 52
4 49 59 69 53
4 52 59 69 54
4 54 53 49 52
4 60 69 31 44
4 5 43 60 69
4 5 43 44 31
4 5 26 98 38
4 96 44 98 26
4 5 17 98 95
4 95 5 15 106
4 15 106 98 17
4 55 71 5 43
4 5 23 106 43
4 23 106 55 71
4 57 38 5 59
4 55 57 59 49
4 5 38 55 49
4 60 1 7 103
4 43 1 7 119
4 60 103 119 43
4 53 1 96 26
4 1 96 119 97
4 53 97 119 26
4 60 92 101 44
4 44 60 112 119
4 92 112 119 101
4 92 105 106 55
4 97 119 105 92
4 55 106 119 97
4 49 111 109 55
4 43 119 109 55
4 49 111 119 43
4 53 17 15 49
4 17 119 112 53
4 49 15 119 112
4 17 7 103 98
4 17 38 90 7
4 90 103 98 38
4 90 31 17 97
4 90 69 53 97
4 17 53 69 31
4 54 98 44 90
4 90 101 109 54
4 98 109 101 44
4 57 73 109 55
4 57 90 97 55
4 90 73 109 97
4 71 38 90 47
4 55 92 90 38
4 55 92 47 71
4 71 0 90 54
4 54 90 1 53
4 80 75 106 94
4 95 59 75 106
4 52 55 35 59
4 35 41 106 55
4 59 52 106 41
4 94 57 59 67
4 73 94 67 91
4 54 73 83 69
4 73 83 59 52
4 73 101 97 54
4 54 112 105 73
4 105 112 97 101
4 47 79 103 54
4 52 105 79 47
4 65 47 91 67
4 92 47 91 105
4 67 65 92 105
4 52 105 104 55
4 49 116 105 52
4 49 116 104 55
4 80 65 49 75
4 80 65 112 105
4 75 105 112 49
4 43 106 94 60
4 94 103 119 106
4 44 103 54 38
4 44 103 112 43
4 54 38 43 112
4 69 54 97 1
4 54 97 43 95
4 60 43 49 65
4 49 65 69 5
4 94 104 43 95
4 94 104 116 67
4 95 43 116 67
4 65 35 43 112
4 67 41 43 112
4 73 90 60 94
4 60 90 101 104
4 94 104 101 73
4 44 90 92 104
4 38 44 104 55
4 35 57 90 1
4 55 97 1 35
4 60 90 47 65
4 57 90 103 94
4 80 94 103 79
4 4 86 57 0
4 42 86 57 35
4 57 40 42 55
4 55 29 32 57
4 32 40 42 29
4 46 0 36 88
4 36 58 42 88
4 40 61 8 42
4 8 61 36 10
4 40 42 10 36
4 41 35 42 30
4 24 61 41 30
4 41 64 66 32
4 41 58 42 64
4 0 36 39 3
4 0 36 77 45
4 39 3 45 77
4 39 21 45 75
4 32 41 75 45
4 21 32 41 39
4 18 4 58 39
4 3 39 24 14
4 3 29 30 39
4 24 30 29 14
4 20 29 32 27
4 29 20 39 58
4 3 62 57 0
4 3 6 80 62
4 35 62 45 0
4 51 62 35 46
4 8 35 62 20
4 61 27 20 8
4 61 35 62 27
4 8 64 62 3
4 3 14 66 62
4 64 8 14 66
4 21 72 57 32
4 21 27 80 72
4 32 40 72 45
4 72 51 66 40
4 40 72 6 61
4 72 40 24 18
4 0 37 22 4
4 4 17 5 0
4 17 5 37 22
4 31 32 29 17
4 15 37 31 17
4 37 32 29 15
4 26 95 32 68
4 38 17 26 95
4 69 5 17 87
4 87 98 95 69
4 0 90 7 78
4 0 90 73 45
4 73 54 71 45
4 52 95 32 45
4 50 54 52 45
4 54 95 32 50
4 38 54 84 4
4 50 54 53 14
4 14 4 97 53
4 50 54 97 4
4 71 54 87 14
4 29 14 87 98
4 29 71 54 98
4 29 56 70 32
4 29 56 54 38
4 2 37 32 50
4 2 50 70 91
4 2 31 68 11
4 32 45 2 31
4 7 87 50 2
4 50 2 78 14
4 87 7 78 14
4 69 31 2 47
4 31 87 84 2
4 69 87 84 47
4 37 23 71 0
4 71 23 91 47
4 5 23 45 0
4 11 78 5 23
4 71 14 68 23
4 53 26 68 14
4 23 70 69 5
4 56 70 69 53
4 53 56 23 5
4 64 66 70 67
4 60 69 28 64
4 69 60 94 70
4 28 64 94 70
4 28 64 42 14
4 68 30 64 28
4 30 68 14 42
4 64 33 68 20
4 8 114 87 14
4 64 114 87 66
4 33 87 99 64
4 65 99 87 69
4 24 40 83 25
4 32 40 24 68
4 32 83 25 68
4 61 83 85 24
4 69 61 24 87
4 87 85 83 69
4 32 33 24 21
4 39 24 33 41
4 60 35 8 114
4 40 35 8 24
4 60 114 24 40
4 88 9 69 60
4 33 24 88 60
4 24 9 69 33
4 14 9 25 68
4 27 63 9 25
4 14 63 27 68
4 61 27 82 9
4 61 69 70 27
4 69 9 82 70
4 83 27 28 69
4 28 65 80 27
4 8 28 27 39
4 14 21 27 28
4 14 87 85 21
4 21 85 89 63
4 14 63 89 87
4 40 89 82 21
4 21 82 70 32
4 32 40 89 70
4 66 62 80 89
4 83 32 66 89
4 40 35 65 89
4 35 42 99 65
4 89 40 42 99
4 9 89 66 14
4 14 42 88 9
4 89 66 42 88
4 40 85 103 60
4 24 85 103 114
4 87 24 102 103
4 98 103 102 30
4 30 98 87 24
4 16 26 33 24
4 16 118 98 26
4 24 33 98 118
4 24 14 53 114
4 68 24 114 26
4 61 69 53 8
4 53 87 24 8
4 60 64 107 103
4 65 93 103 60
4 64 107 93 65
4 65 99 107 67
4 99 53 26 107
4 53 26 67 65
4 94 60 114 107
4 60 94 108 88
4 108 88 114 107
4 99 42 30 107
4 99 107 102 88
4 88 42 30 102
4 8 16 107 64
4 16 8 42 118
4 42 118 107 64
4 8 114 107 20
4 56 20 8 53
4 53 114 107 56
4 67 94 66 28
4 67 94 98 26
4 28 26 98 66
4 28 65 60 33
4 40 33 28 63
4 42 8 28 66
4 61 40 66 28
4 28 33 30 20
4 20 30 98 56
4 33 98 56 28
4 89 66 98 103
4 56 98 103 93
4 56 93 89 66
4 53 99 89 69
4 56 99 89 70
4 53 65 63 14
4 89 65 53 87
4 94 89 87 98
4 94 98 118 108
4 87 118 108 89
4 42 118 85 40
4 85 118 99 89
4 83 79 7 31
4 31 7 13 37
4 37 13 79 83
4 102 36 37 34
4 79 102 34 91
4 77 102 96 37
4 37 75 116 96
4 75 116 102 77
4 13 10 58 37
4 41 37 13 116
4 58 41 116 10
4 37 5 1 36
4 1 5 15 10
4 15 37 36 10
4 79 92 97 7
4 79 105 119 7
4 10 116 112 97
4 10 101 105 116
4 106 15 13 105
4 104 10 15 106
4 13 105 104 10
4 75 15 22 77
4 77 105 119 22
4 15 119 105 75
4 2 73 103 7
4 2 73 105 13
4 103 7 13 105
4 34 91 2 22
4 2 101 105 91
4 34 105 101 22
4 103 112 116 102
4 102 44 43 116
4 31 7 97 38
4 43 96 7 97
4 5 31 22 15
4 22 44 43 15
4 43 96 34 106
4 96 102 104 43
4 104 102 34 106
4 22 58 41 34
4 58 22 119 43
4 43 41 34 119
4 90 44 102 79
4 79 102 104 92
4 10 104 60 1
4 10 101 90 1
4 36 90 38 58
4 90 36 10 97
4 58 38 97 10
4 2 22 44 90
4 73 77 102 103
4 77 36 90 73
4 103 90 36 102
4 90 31 22 101
4 77 101 90 83
4 22 77 83 31
4 66 94 80 63
4 80 67 28 63
4 73 103 87 50
4 50 66 94 73
4 66 94 103 87
4 86 94 70 50
4 94 70 82 108
4 86 50 82 108
4 82 89 94 76
4 32 27 25 31
4 25 31 50 82
4 32 50 82 27
4 27 68 31 83
4 68 31 69 28
4 62 76 73 57
4 57 62 27 83
4 76 73 83 27
4 73 77 21 50
4 73 70 27 77
4 21 50 70 27
4 70 95 41 27
4 61 25 85 40
4 63 82 25 61
4 63 82 85 40
4 57 73 85 40
4 89 85 44 60
4 85 89 69 31
4 57 86 85 83
4 57 80 108 86
4 83 80 108 85
4 80 77 21 63
4 77 85 89 80
4 24 21 50 87
4 32 33 87 50
4 40 33 68 21
4 21 63 28 68
4 57 40 33 95
4 57 86 98 95
4 86 98 33 40
4 66 33 31 50
4 50 86 44 31
4 66 86 44 33
4 66 62 41 33
4 63 61 33 66
4 9 84 51 63
4 9 84 74 6
4 74 6 63 51
4 7 84 46 1
4 9 1 97 84
4 69 54 84 9
4 84 99 65 47
4 65 93 82 63
4 65 93 84 46
4 1 8 28 69
4 78 12 69 1
4 78 14 63 6
4 19 28 14 78
4 6 63 28 19
4 69 9 78 5
4 78 17 87 9
4 63 9 78 3
4 9 82 11 78
4 3 49 53 14
4 49 65 63 3
4 71 50 87 53
4 50 51 99 87
4 71 51 99 53
4 28 56 51 63
4 53 56 51 46
4 0 46 53 5
4 53 17 4 46
4 5 19 6 0
4 5 71 48 19
4 48 65 69 12
4 5 12 48 49
4 50 82 48 71
4 50 54 93 82
4 71 54 93 48
4 69 47 48 28
4 56 28 69 54
4 47 48 56 54
4 2 47 48 11
4 50 84 7 31
4 50 84 97 38
4 50 73 101 4
4 97 38 57 92
4 57 92 112 95
4 38 97 112 95
4 45 57 95 23
4 45 37 31 50
4 45 37 5 71
4 71 5 31 50
4 1 46 71 5
4 1 46 55 43
4 38 4 78 5
4 12 50 38 5
4 59 37 2 47
4 69 31 37 59
4 2 90 57 45
4 2 90 92 74
4 45 74 92 57
4 46 4 2 47
4 47 92 101 2
4 46 4 101 92
4 1 90 2 78
4 50 73 91 12
4 73 52 71 50
4 12 71 52 91
4 47 46 55 52
4 55 109 84 46
4 47 84 109 52
4 50 84 74 45
4 52 54 84 74
4 71 46 92 52
4 46 92 112 53
4 75 41 95 52
4 57 52 49 35
4 60 112 49 35
4 23 15 43 95
4 38 71 49 43
4 71 54 112 49
4 69 5 37 83
4 59 35 58 37
4 15 58 35 49
4 37 59 49 15
4 45 71 49 75
4 75 49 5 37
4 61 8 49 59
4 57 80 113 55
4 49 113 80 59
4 63 3 75 80
4 47 9 88 92
4 63 80 79 9
4 79 92 46 9
4 63 80 92 46
4 53 65 92 97
4 47 48 113 92
4 71 55 113 48
4 65 92 74 48
4 36 1 46 72
4 35 1 78 3
4 9 63 35 1
4 90 47 6 36
4 69 61 6 47
4 78 5 59 6
4 9 6 59 69
4 57 72 6 59
4 57 52 74 72
4 74 6 59 52
4 6 3 71 47
4 3 71 52 75
4 52 47 6 75
4 20 27 70 56
4 63 51 76 27
4 27 76 56 28
4 33 26 56 66
4 54 69 33 98
4 63 48 93 89
4 12 82 85 31
4 69 12 82 89
4 11 82 70 23
4 82 84 54 70
4 12 68 24 9
4 69 12 68 33
4 17 68 28 53
4 28 48 11 68
4 31 32 66 87
4 66 29 17 87
4 63 66 87 9
4 87 84 51 66
4 73 70 67 105
4 67 112 54 70
4 70 93 112 95
4 23 70 93 111
4 111 23 95 112
4 57 92 79 83
4 79 92 52 91
4 59 65 93 91
4 49 59 91 111
4 93 65 49 111
4 49 19 91 52
4 57 38 31 83
4 83 31 5 59
4 83 37 23 70
4 53 65 59 5
4 26 5 59 67
4 12 71 38 31
4 93 47 90 103
4 90 79 93 54
4 93 70 83 79
4 94 57 45 76
4 108 72 57 94
4 108 72 45 76
4 76 77 72 51
4 20 3 45 76
4 20 3 71 56
4 56 71 45 76
4 62 76 109 55
4 76 51 55 106
4 4 72 57 38
4 21 3 71 50
4 71 3 58 38
4 50 38 58 21
4 40 57 45 21
4 45 73 85 21
4 14 71 45 21
4 23 68 21 45
4 63 3 58 40
4 40 66 29 58
4 57 38 29 62
4 94 57 38 98
4 98 94 62 29
4 66 29 106 94
4 70 94 106 23
4 29 66 70 23
4 29 68 27 62
4 42 14 50 86
4 42 14 71 55
4 86 50 71 55
4 70 66 86 73
4 70 73 109 56
4 56 66 86 109
4 71 56 98 38
4 51 56 98 86
4 51 63 40 86
4 85 82 51 86
4 43 96 61 35
4 35 43 44 40
4 40 61 96 44
4 44 86 72 36
4 21 40 44 22
4 22 21 72 101
4 40 44 101 72
4 21 58 44 85
4 39 21 85 102
4 58 44 102 39
4 33 30 39 61
4 36 44 30 39
4 83 57 35 61
4 31 38 86 85
4 40 61 59 57
4 83 61 39 77
4 61 39 75 59
4 77 75 59 83
4 37 31 85 77
4 31 96 102 85
4 34 27 61 96
4 77 36 96 34
4 41 37 45 62
4 37 31 33 41
4 33 30 22 31
4 22 30 41 37
4 58 21 27 41
4 27 34 22 21
4 58 38 95 41
4 68 16 18 21
4 27 81 16 68
4 18 21 27 81
4 8 61 25 16
4 16 25 27 20
4 16 25 31 17
4 25 85 118 16
4 17 118 85 31
4 11 100 85 21
4 24 16 100 85
4 7 16 68 31
4 31 33 114 7
4 33 68 16 114
4 31 12 28 33
4 50 12 28 66
4 28 70 50 14
4 26 17 78 19
4 28 14 17 26
4 7 78 11 100
4 9 82 100 7
4 25 7 84 82
4 48 82 25 19
4 61 33 87 9
4 18 118 17 78
4 18 118 87 9
4 21 18 84 50
4 87 84 18 24
4 78 8 114 7
4 78 6 79 7
4 7 96 61 9
4 7 13 6 9
4 6 61 96 13
4 9 14 17 7
4 7 97 46 9
4 14 17 97 46
4 1 7 16 8
4 46 0 59 65
4 87 31 96 114
4 53 114 96 5
4 87 53 5 31
4 28 26 96 61
4 78 0 59 19
4 91 19 78 2
4 19 16 17 5
4 25 19 5 31
4 61 59 47 9
4 47 9 25 91
4 9 47 71 14
4 47 9 87 54
4 7 79 89 87
4 7 115 99 87
4 89 99 115 79
4 79 93 107 102
4 88 99 93 79
4 108 99 114 102
4 99 114 116 113
4 108 102 116 113
4 10 116 64 42
4 64 116 115 99
4 42 99 115 10
4 46 1 114 99
4 7 84 99 114
4 1 88 99 53
4 1 53 110 10
4 88 99 110 10
4 25 19 8 24
4 102 116 8 24
4 116 19 25 102
4 39 8 114 102
4 20 39 102 107
4 24 118 110 8
4 53 110 118 87
4 16 81 79 7
4 78 16 81 6
4 10 78 19 116
4 10 116 81 18
4 25 7 115 81
4 82 84 115 81
4 84 93 107 118
4 18 118 107 81
4 18 81 93 84
4 16 118 108 81
4 81 113 110 16
4 113 110 118 108
4 39 20 110 10
4 81 115 110 20
4 39 10 115 81
4 39 6 9 24
4 9 24 102 79
4 39 6 79 102
4 88 9 25 102
4 9 88 108 82
4 102 25 82 108
4 9 18 108 89
4 9 84 118 24
4 46 84 118 42
4 78 10 88 9
4 10 78 14 42
4 90 73 100 7
4 73 83 25 100
4 85 25 91 73
4 73 85 102 105
4 91 105 102 25
4 73 103 107 76
4 76 77 102 107
4 94 107 100 73
4 73 86 118 100
4 94 86 118 107
4 73 85 87 54
4 73 109 118 85
4 87 118 109 54
4 44 31 68 30
4 44 31 25 102
4 68 30 102 25
4 31 87 118 22
4 87 33 30 118
4 86 118 17 38
4 44 31 2 101
4 86 50 2 101
4 25 7 17 68
4 7 25 34 119
4 34 119 17 68
4 22 118 107 34
4 26 107 118 17
4 22 34 26 17
4 30 118 100 34
4 100 109 106 34
4 109 106 30 118
4 77 101 109 76
4 76 109 119 34
4 77 101 119 34
4 100 2 37 34
4 96 7 100 34
4 87 33 96 7
4 7 119 98 87
4 96 119 98 33
4 98 44 102 107
4 26 96 102 107
4 106 105 102 30
4 94 86 101 105
4 98 119 105 94
4 86 98 119 101
4 60 104 108 89
4 104 44 85 108
4 98 107 108 86
4 86 108 102 44
4 108 94 106 117
4 106 117 118 98
4 108 76 106 104
4 104 55 51 108
4 86 55 113 108
4 30 64 60 44
4 58 30 64 35
4 55 42 30 106
4 33 30 104 60
4 24 30 104 88
4 99 64 30 118
4 64 30 117 113
4 113 99 118 117
4 20 113 55 29
4 20 30 104 113
4 55 29 30 104
4 62 66 98 106
4 98 106 41 33
4 66 62 113 99
4 99 113 80 89
4 62 76 107 64
4 64 62 51 99
4 76 107 99 51
4 20 107 94 62
4 29 20 107 98
4 98 44 40 66
4 58 29 98 44
4 88 40 66 99
4 51 72 88 99
4 35 40 86 55
4 55 35 63 51
4 24 40 86 118
4 42 55 109 118
4 17 38 55 110
4 55 86 118 110
4 38 4 118 98
4 54 98 118 84
4 56 76 73 54
4 76 108 99 56
4 56 110 117 76
4 117 110 99 108
4 55 110 20 62
4 20 76 109 110
4 84 51 76 100
4 99 107 100 84
4 70 76 109 54
4 76 109 84 82
4 29 110 99 66
4 17 110 99 87
4 29 56 107 30
4 42 99 56 29
4 73 94 62 45
4 50 66 62 45
4 66 99 84 50
4 4 42 99 84
4 51 108 85 50
4 85 87 99 108
4 47 59 35 46
4 47 46 88 79
4 46 99 93 47
4 47 74 113 65
4 74 113 99 84
4 97 1 8 110
4 35 8 110 55
4 43 60 88 10
4 60 112 115 88
4 115 10 43 112
4 97 115 113 55
4 43 55 113 116
4 97 115 116 43
4 111 52 92 115
4 55 110 115 92
4 111 52 55 110
4 84 115 112 54
4 115 74 52 112
4 60 114 7 90
4 7 90 92 115
4 92 60 114 115
4 90 97 115 79
4 54 93 115 97
4 49 8 114 112
4 49 116 114 53
4 53 99 113 49
4 49 110 99 65
4 93 111 110 99
4 49 48 93 112
4 35 46 97 43
4 46 65 112 97
4 80 67 112 92
4 89 65 112 103
4 103 105 80 89
4 89 60 112 93
4 88 89 93 115
4 53 46 88 114
4 92 112 114 88
4 9 89 80 6
4 47 93 67 59
4 54 95 67 93
4 83 59 65 89
4 89 93 91 83
4 90 103 114 1
4 54 103 114 53
4 9 89 60 1
4 89 9 7 103
4 85 103 105 77
4 70 76 77 83
4 76 108 89 70
4 83 89 108 77
4 50 85 77 45
4 89 40 44 103
4 36 102 108 72
4 38 50 85 44
4 86 94 95 38
4 50 38 95 70
4 86 72 80 94
4 80 105 101 72
4 89 70 95 60
4 36 72 45 37
4 87 53 112 103
4 70 54 53 28
4 89 103 100 82
4 46 99 56 71
4 56 71 47 93
4 100 2 90 103
4 47 93 100 2
4 84 2 91 93
4 70 93 84 50
4 84 93 112 97
4 65 89 82 48
4 70 12 9 89
4 9 79 91 12
4 89 70 91 79
4 9 1 5 12
4 51 108 77 45
4 46 51 108 88
4 46 88 104 55
4 118 99 46 4
4 4 72 108 118
4 72 46 99 108
4 4 18 108 86
4 3 35 57 45
4 35 40 21 3
4 63 35 58 21
4 58 4 46 35
4 40 88 18 21
4 82 89 88 18
4 3 14 50 45
4 64 35 46 99
4 62 27 82 51
4 64 35 57 94
4 86 42 64 94
4 89 94 104 88
4 66 94 104 42
4 14 50 85 24
4 24 85 86 42
4 12 11 76 70
4 20 28 70 76
4 25 82 76 34
4 27 25 100 76
4 87 31 83 89
4 12 70 66 14
4 73 86 40 83
4 70 83 40 66
4 23 45 77 34
4 77 34 68 21
4 27 77 22 68
4 12 25 24 14
4 50 12 25 85
4 45 11 100 73
4 11 22 31 12
4 85 22 11 82
4 78 9 79 13
4 78 12 91 13
4 48 12 25 81
4 48 81 79 47
4 6 48 93 79
4 1 9 25 96
4 12 28 67 91
4 19 59 35 8
4 83 59 19 25
4 81 25 83 80
4 59 19 81 80
4 6 80 67 19
4 36 6 19 96
4 2 73 86 4
4 21 77 101 4
4 2 73 76 11
4 12 5 15 11
4 68 12 91 34
4 83 85 100 91
4 100 22 37 91
4 83 37 22 85
4 38 31 68 29
4 23 29 58 37
4 77 37 23 76
4 21 3 75 77
4 77 22 4 72
4 73 83 36 101
4 36 101 86 40
4 40 83 37 58
4 58 22 85 40
4 54 93 107 98
4 95 98 107 67
4 83 61 28 70
4 64 114 103 94
4 114 33 95 112
4 54 87 114 112
4 87 54 95 33
4 60 33 26 112
4 28 26 112 65
4 67 59 35 64
4 57 92 113 62
4 60 92 113 64
4 65 46 42 64
4 64 104 92 65
4 42 46 92 104
4 1 114 64 35
4 8 64 60 1
4 40 88 92 57
4 88 40 83 79
4 33 40 88 114
4 66 99 114 33
4 46 72 80 65
4 80 65 99 108
4 87 114 115 84
4 54 103 107 56
4 56 99 114 26
4 9 87 103 79
4 67 112 53 28
4 67 93 99 64
4 66 99 93 70
4 29 55 52 23
4 71 52 106 29
4 29 110 97 38
4 54 56 110 97
4 29 55 97 17
4 17 98 66 14
4 17 98 86 4
4 57 52 109 86
4 74 109 86 72
4 101 97 46 72
4 51 109 97 46
4 72 101 109 51
4 62 106 109 51
4 51 66 98 109
4 56 110 42 66
4 110 42 86 109
4 71 46 72 45
4 8 49 55 42
4 110 56 93 115
4 54 109 110 53
4 28 20 113 65
4 28 53 110 20
4 53 110 113 65
4 56 110 8 28
4 51 55 49 48
4 48 111 109 51
4 47 74 109 54
4 56 109 74 48
4 51 66 28 48
4 55 51 84 97
4 115 84 51 113
4 41 43 55 62
4 70 95 106 76
4 54 109 106 95
4 95 60 104 106
4 30 106 95 33
4 44 43 55 86
4 44 86 109 119
4 50 85 103 54
4 29 38 44 30
4 52 73 86 55
4 86 104 105 73
4 55 92 80 62
4 64 8 10 104
4 42 104 116 8
4 64 114 115 113
4 60 65 113 104
4 89 65 113 108
4 64 113 51 66
4 28 64 113 48
4 42 55 92 88
4 42 110 115 88
4 35 42 110 49
4 3 20 64 35
4 64 65 48 20
4 62 45 74 113
4 45 51 113 75
4 49 71 51 113
4 66 86 104 64
4 86 104 113 51
4 29 110 113 62
4 14 3 6 9
4 71 56 26 5
4 76 94 95 23
4 95 33 68 23
4 78 4 101 13
4 78 17 119 13
4 101 4 17 119
4 22 101 97 17
4 2 101 117 11
4 78 10 101 2
4 78 10 117 11
4 22 101 74 11
4 13 15 58 36
4 44 119 13 36
4 44 119 15 58
4 36 77 117 10
4 37 15 117 77
4 22 15 3 21
4 43 5 78 10
4 38 4 10 43
4 45 2 78 3
4 13 75 45 2
4 75 13 78 3
4 74 45 37 13
4 72 74 13 36
4 14 3 15 17
4 21 14 17 22
4 22 4 42 30
4 58 42 118 22
4 1 36 39 8
4 4 2 37 58
4 4 58 43 97
4 74 51 86 101
4 42 104 101 4
4 10 42 86 101
4 52 45 72 92
4 87 114 102 85
4 88 102 96 1
4 25 79 88 24
4 33 96 19 28
4 1 36 102 114
4 36 88 114 96
4 35 40 83 59
4 1 43 15 78
4 7 119 15 78
4 7 17 15 13
4 5 53 110 15
4 97 4 22 119
4 58 29 110 10
4 3 58 43 49
4 2 4 10 13
4 5 19 116 43
4 96 43 49 19
4 96 13 101 44
4 75 41 96 13
4 15 78 6 75
4 15 75 59 5
4 24 30 34 25
4 77 85 24 39
4 6 36 101 74
4 117 39 36 101
4 6 74 117 39
4 39 77 101 10
4 6 72 101 13
4 6 13 105 80
4 77 101 92 80
4 2 74 75 37
4 74 117 22 2
4 75 37 22 117
4 45 75 105 73
4 73 52 75 77
4 6 36 58 3
4 3 6 13 15
4 68 20 81 25
4 67 81 82 70
4 81 27 83 79
4 27 70 93 81
4 82 85 102 81
4 81 108 85 25
4 6 18 108 80
4 45 74 111 23
4 37 13 111 23
4 15 23 91 13
4 91 13 101 73
4 6 79 105 75
4 19 111 74 6
4 59 19 111 52
4 47 74 101 90
4 44 103 79 36
4 42 24 102 104
4 64 41 96 114
4 33 44 104 64
4 33 64 116 96
4 44 104 116 96
4 44 103 107 30
4 85 25 96 44
4 104 10 18 108
4 104 116 81 108
4 36 77 108 88
4 10 88 108 117
4 10 8 20 117
4 20 64 104 117
4 114 24 39 116
4 33 114 116 41
4 24 118 117 39
4 117 77 85 118
4 39 30 107 81
4 30 118 18 39
4 86 72 18 118
4 10 58 21 18
4 58 10 88 40
4 44 103 100 22
4 22 30 107 100
4 17 16 107 98
4 16 20 29 17
4 22 68 33 44
4 42 24 68 29
4 34 26 114 102
4 24 68 34 102
4 16 114 64 20
4 85 22 17 87
4 103 100 16 114
4 22 117 104 44
4 15 117 104 43
4 10 42 29 15
4 42 104 106 29
4 3 35 43 15
4 58 15 110 42
4 17 119 106 29
4 17 110 49 5
4 97 1 36 101
4 22 117 110 17
4 101 117 110 97
4 10 110 109 101
4 96 5 49 116
4 1 114 26 5
4 60 95 26 114
4 13 116 114 7
4 103 114 116 105
4 79 13 119 103
4 96 114 115 13
4 26 111 115 114
4 13 111 26 96
4 26 19 13 119
4 26 112 97 17
4 10 15 111 115
4 15 43 112 111
4 36 10 115 79
4 2 84 118 22
4 74 117 118 84
4 2 100 118 4
4 13 7 84 74
4 119 7 84 109
4 74 109 119 13
4 10 110 111 13
4 111 13 101 109
4 10 117 109 97
4 43 10 117 106
4 43 106 109 97
4 7 97 109 100
4 11 100 119 15
4 22 100 111 15
4 118 110 111 100
4 22 118 110 15
4 17 15 117 118
4 29 15 119 98
4 93 115 13 91
4 91 67 116 13
4 115 93 67 116
4 116 19 91 105
4 91 111 115 79
4 67 34 100 93
4 93 100 119 112
4 34 119 112 67
4 114 102 105 112
4 26 34 105 112
4 73 100 111 52
4 112 111 100 103
4 7 96 116 115
4 119 96 36 101
4 19 111 100 25
4 25 100 119 96
4 96 119 111 19
4 30 102 81 20
4 104 102 81 113
4 104 101 74 113
4 108 77 75 113
4 77 117 113 80
4 92 101 117 113
4 36 102 30 58
4 58 30 118 4
4 74 18 39 75
4 18 115 116 39
4 116 75 74 115
4 39 117 110 8
4 77 21 24 102
4 77 102 88 72
4 80 72 18 81
4 72 92 115 18
4 81 80 92 115
4 81 6 36 102
4 108 72 6 81
4 72 88 115 74
4 51 99 115 74
4 2 7 16 11
4 2 74 115 7
4 16 115 74 11
4 16 78 2 100
4 16 78 4 118
4 13 115 84 2
4 22 119 111 11
4 74 111 119 101
4 111 93 103 119
4 98 56 111 119
4 111 16 118 109
4 109 73 91 111
4 7 17 110 115
4 15 110 115 13
4 17 119 103 87
4 16 17 97 115
4 26 16 115 112
4 103 85 22 119
4 86 104 102 85
4 52 105 77 45
4 72 92 105 77
4 79 13 75 80
4 4 10 104 86
4 38 86 104 43
4 52 106 104 92
4 17 118 99 53
4 89 85 100 93
4 93 100 118 99
4 85 100 109 86
4 82 51 109 100
4 56 107 108 51
4 98 87 84 109
4 56 109 97 53
4 85 103 93 82
4 95 26 107 94
4 89 79 105 94
4 88 104 105 79
4 1 88 104 43
4 93 111 11 82
4 48 11 100 93
4 51 56 111 74
4 21 18 74 45
4 45 2 100 76
4 94 105 91 70
4 80 27 25 79
4 6 81 93 47
4 67 59 6 81
4 91 70 28 19
4 51 74 75 62
4 78 4 72 6
4 92 97 4 72
4 45 3 49 52
4 113 108 82 48
4 51 108 81 48
4 82 18 115 93
4 59 75 74 47
4 27 82 93 67
4 84 100 25 9
4 84 47 91 100
4 59 75 113 65
4 88 92 105 102
4 82 108 117 11
4 22 117 108 85
4 11 18 108 76
4 18 11 68 24
4 118 18 74 109
4 4 97 115 18
4 18 10 97 84
4 21 22 100 82
4 4 22 100 84
4 16 18 4 17
4 18 39 27 82
4 36 13 115 88
4 13 79 88 10
4 36 79 81 39
4 91 25 68 23
4 82 27 34 100
4 24 118 100 25
4 96 25 27 41
4 18 10 15 11
4 10 115 84 4
4 18 74 92 88
4 85 100 119 44
4 8 53 97 10
4 43 104 113 49
4 53 8 116 112
4 92 97 110 113
4 97 7 16 110
4 98 38 58 30
4 95 41 30 98
4 35 62 106 43
4 33 44 119 26
4 34 37 58 30
4 37 34 76 45
4 34 105 79 25
4 37 15 111 91
4 26 5 37 34
4 3 20 16 78
4 81 6 3 20
4 1 114 16 78
4 18 88 114 16
4 24 16 115 88
4 25 79 115 16
4 19 67 105 13
4 67 59 37 34
4 77 80 67 34
4 16 111 74 18
4 100 111 48 82
4 16 110 109 100
4 68 17 110 20
4 68 22 117 20
4 29 68 16 110
4 24 16 110 42
4 18 115 111 11
4 109 84 18 117
4 26 16 78 5
4 13 116 8 78
4 19 81 102 96
4 101 22 30 104
4 78 18 117 15
4 6 18 117 75
4 30 24 18 117
4 88 104 117 18
4 3 20 30 58
4 11 20 30 22
4 108 77 22 118
4 26 119 22 68
4 7 100 107 114
4 96 34 107 114
4 11 117 30 68
4 58 39 116 43
4 8 19 13 10
4 39 41 43 10
4 81 116 96 25
4 7 103 107 16
4 44 101 117 30
4 109 117 30 98
4 16 115 113 20
4 114 24 18 115
4 102 81 93 103
4 103 79 81 107
4 80 94 107 81
4 67 94 108 81
4 113 80 79 115
4 34 76 108 102
4 20 64 94 76
4 94 76 117 104
4 100 76 94 103
4 20 117 109 56
4 73 109 117 77
4 116 75 52 112
4 13 116 104 101
4 75 106 119 13
4 75 74 109 106
4 73 101 117 76
4 30 104 105 34
4 108 77 34 107
4 96 119 106 41
4 95 112 116 41
4 11 16 107 76
4 18 108 107 16
4 11 20 107 100
4 76 117 18 82
4 20 76 77 39
4 27 76 117 39
4 102 39 75 105
4 79 92 113 81
4 13 116 113 74
4 113 75 13 115
4 92 104 117 74
4 116 39 77 105
4 107 67 80 108
4 20 16 100 76
4 80 108 117 75
4 19 91 100 16
4 111 16 25 91
4 52 109 100 91
4 84 97 119 100
4 6 48 111 13
4 93 79 13 111
4 92 74 111 112
4 13 74 48 19
4 20 117 77 27
4 82 81 113 51
4 99 115 111 56
4 111 112 114 16
4 56 109 119 26
4 93 81 116 112
4 67 64 104 105
4 76 100 119 106
4 26 67 105 119
4 48 56 107 81
4 48 93 107 20
4 56 70 91 111
4 23 52 74 11
4 48 65 112 111
4 109 52 49 110
4 113 81 27 62
4 113 20 27 80
4 34 105 52 23
4 23 106 105 91
4 20 56 93 81
4 67 81 115 112
4 94 64 116 105
4 20 11 74 113
4 48 11 117 113
4 91 100 107 67
4 105 34 27 80
4 48 74 117 20
4 62 80 81 20
4 67 105 77 27
4 91 34 107 93
4 45 11 111 52
4 23 91 93 56
4 91 52 106 34
4 62 94 105 75
4 117 74 52 106
4 117 75 52 109
4 62 106 105 80
4 3 48 111 15
4 49 15 11 48
4 8 3 75 116
4 75 49 8 39
4 28 27 34 26
4 68 34 67 28
4 81 116 41 27
4 39 41 67 81
4 16 26 23 11
4 111 16 68 23
4 110 8 19 111
4 16 110 49 19
4 117 39 41 106
4 30 41 75 117
4 68 11 111 26
4 68 29 106 34
4 29 30 34 23
4 3 49 116 39
4 62 3 15 106
4 62 29 15 75
4 27 67 26 68
4 30 106 23 68
4 19 67 64 8
4 28 19 116 64
4 26 67 81 16
4 19 81 107 26
4 8 16 111 49
4 30 39 75 106
4 49 113 117 15
4 75 15 110 113
4 64 41 34 107
4 34 67 64 30
4 62 64 116 75
4 62 113 116 41
4 23 26 107 76
4 34 76 56 26
4 15 111 56 29
4 29 23 111 110
4 117 75 49 110
4 67 41 30 107
4 23 56 110 15
4 8 28 67 116
4 64 113 75 41
4 26 111 48 28
4 48 19 26 56
4 29 106 75 3
4 15 106 76 11
4 23 76 117 15
4 27 39 116 67
4 19 67 107 16
4 3 11 111 49
4 27 62 106 34
4 62 41 34 76
4 23 34 107 56
4 28 19 111 56
4 27 41 106 76
4 48 49 116 81
4 19 49 113 81
4 23 11 117 106
4 48 19 116 113

# Cells
32 0 1 2 3 4 5 6 7 8 9 10 11 12 13 14 15 16 17 18 19 20 21 22 23 24 25 26 27 28 29 30 31
32 32 33 34 35 36 37 38 39 40 41 42 43 44 45 46 47 48 49 50 51 52 53 54 55 56 57 58 59 60 61 62 63
32 64 65 66 67 68 69 70 71 72 73 74 75 76 77 78 79 80 81 82 83 84 85 86 87 88 89 90 91 92 93 94 95
32 4 96 97 98 99 100 101 102 103 104 105 106 107 108 109 110 111 112 113 114 115 116 117 118 119 120 121 122 123 124 125 126
32 127 128 129 130 131 132 133 134 135 136 137 138 139 140 141 142 143 144 145 146 147 148 149 150 151 152 153 154 155 156 157 158
32 159 160 161 162 163 164 165 166 167 168 169 170 171 172 173 174 175 176 177 178 179 180 181 182 183 184 185 186 187 188 189 190
32 65 191 192 193 194 195 196 197 198 199 200 201 202 203 204 205 206 207 208 209 210 211 212 213 214 215 216 217 218 219 220 221
32 130 222 223 224 225 226 227 228 229 230 231 232 233 234 235 236 237 238 239 240 241 242 243 244 245 246 247 248 249 250 251 252
32 253 254 255 256 257 258 259 260 261 262 263 264 265 266 267 268 269 270 271 272 273 274 275 276 277 278 279 280 281 282 283 284
32 45 285 286 287 288 289 290 291 292 293 294 295 296 297 298 299 300 301 302 303 304 305 306 307 308 309 310 311 312 313 314 315
32 172 316 317 318 319 320 321 322 323 324 325 326 327 328 329 330 331 332 333 334 335 336 337 338 339 340 341 342 343 344 345 346
32 266 347 348 349 350 351 352 353 354 355 356 357 358 359 360 361 362 363 364 365 366 367 368 369 370 371 372 373 374 375 376 377
32 3 378 379 380 381 382 383 384 385 386 387 388 389 390 391 392 393 394 395 396 397 398 399 400 401 402 403 404 405 406 407 408
32 56 409 410 411 412 413 414 415 416 417 418 419 420 421 422 423 424 425 426 427 428 429 430 431 432 433 434 435 436 437 438 439
32 66 440 441 442 443 444 445 446 447 448 449 450 451 452 453 454 455 456 457 458 459 460 461 462 463 464 465 466 467 468 469 470
32 444 471 472 473 474 475 476 477 478 479 480 481 482 483 484 485 486 487 488 489 490 491 492 493 494 495 496 497 498 499 500 501
32 382 502 503 504 505 506 507 508 509 510 511 512 513 514 515 516 517 518 519 520 521 522 523 524 525 526 527 528 529 530 531 532
32 422 533 534 535 536 537 538 539 540 541 542 543 544 545 546 547 548 549 550 551 552 553 554 555 556 557 558 559 560 561 562 563
32 194 474 564 565 566 567 568 569 570 571 572 573 574 575 576 577 578 579 580 581 582 583 584 585 586 587 588 589 590 591 592 593
32 54 256 594 595 596 597 598 599 600 601 602 603 604 605 606 607 608 609 610 611 612 613 614 615 616 617 618 619 620 621 622 623
32 0 225 624 625 626 627 628 629 630 631 632 633 634 635 636 637 638 639 640 641 642 643 644 645 646 647 648 649 650 651 652 653
32 625 654 655 656 657 658 659 660 661 662 663 664 665 666 667 668 669 670 671 672 673 674 675 676 677 678 679 680 681 682 683 684
32 606 685 686 687 688 689 690 691 692 693 694 695 696 697 698 699 700 701 702 703 704 705 706 707 708 709 710 711 712 713 714 715
32 97 504 565 716 717 718 719 720 721 722 723 724 725 726 727 728 729 730 731 732 733 734 735 736 737 738 739 740 741 742 743 744
32 127 440 745 746 747 748 749 750 751 752 753 754 755 756 757 758 759 760 761 762 763 764 765 766 767 768 769 770 771 772 773 774
32 175 425 775 776 777 778 779 780 781 782 783 784 785 786 787 788 789 790 791 792 793 794 795 796 797 798 799 800 801 802 803 804
32 747 805 806 807 808 809 810 811 812 813 814 815 816 817 818 819 820 821 822 823 824 825 826 827 828 829 830 831 832 833 834 835
32 788 836 837 838 839 840 841 842 843 844 845 846 847 848 849 850 851 852 853 854 855 856 857 858 859 860 861 862 863 864 865 866
32 254 348 867 868 869 870 871 872 873 874 875 876 877 878 879 880 881 882 883 884 885 886 887 888 889 890 891 892 893 894 895 896
32 43 311 897 898 899 900 901 902 903 904 905 906 907 908 909 910 911 912 913 914 915 916 917 918 919 920 921 922 923 924 925 926
32 240 336 927 928 929 930 931 932 933 934 935 936 937 938 939 940 941 942 943 944 945 946 947 948 949 950 951 952 953 954 955 956
32 274 430 791 874 957 958 959 960 961 962 963 964 965 966 967 968 969 970 971 972 973 974 975 976 977 978 979 980 981 982 983 984
32 202 304 689 985 986 987 988 989 990 991 992 993 994 995 996 997 998 999 1000 1001 1002 1003 1004 1005 1006 1007 1008 1009 1010 1011 1012 1013
32 160 317 776 837 928 1014 1015 1016 1017 1018 1019 1020 1021 1022 1023 1024 1025 1026 1027 1028 1029 1030 1031 1032 1033 1034 1035 1036 1037 1038 1039 1040
32 94 148 356 450 772 1041 1042 1043 1044 1045 1046 1047 1048 1049 1050 1051 1052 1053 1054 1055 1056 1057 1058 1059 1060 1061 1062 1063 1064 1065 1066 1067
32 23 123 650 670 1068 1069 1070 1071 1072 1073 1074 1075 1076 1077 1078 1079 1080 1081 1082 1083 1084 1085 1086 1087 1088 1089 1090 1091 1092 1093 1094 1095
32 49 178 432 778 917 1096 1097 1098 1099 1100 1101 1102 1103 1104 1105 1106 1107 1108 1109 1110 1111 1112 1113 1114 1115 1116 1117 1118 1119 1120 1121 1122
32 81 204 703 1006 1123 1124 1125 1126 1127 1128 1129 1130 1131 1132 1133 1134 1135 1136 1137 1138 1139 1140 1141 1142 1143 1144 1145 1146 1147 1148 1149 1150
32 70 349 687 1044 1124 1151 1152 1153 1154 1155 1156 1157 1158 1159 1160 1161 1162 1163 1164 1165 1166 1167 1168 1169 1170 1171 1172 1173 1174 1175 1176 1177
32 125 211 294 588 736 1012 1178 1179 1180 1181 1182 1183 1184 1185 1186 1187 1188 1189 1190 1191 1192 1193 1194 1195 1196 1197 1198 1199 1200 1201 1202 1203
32 188 343 786 862 1030 1103 1204 1205 1206 1207 1208 1209 1210 1211 1212 1213 1214 1215 1216 1217 1218 1219 1220 1221 1222 1223 1224 1225 1226 1227 1228 1229
32 150 249 652 676 1230 1231 1232 1233 1234 1235 1236 1237 1238 1239 1240 1241 1242 1243 1244 1245 1246 1247 1248 1249 1250 1251 1252 1253 1254 1255 1256 1257
32 61 312 420 560 1258 1259 1260 1261 1262 1263 1264 1265 1266 1267 1268 1269 1270 1271 1272 1273 1274 1275 1276 1277 1278 1279 1280 1281 1282 1283 1284 1285
32 8 320 396 1226 1286 1287 1288 1289 1290 1291 1292 1293 1294 1295 1296 1297 1298 1299 1300 1301 1302 1303 1304 1305 1306 1307 1308 1309 1310 1311 1312 1313
32 255 353 1314 1315 1316 1317 1318 1319 1320 1321 1322 1323 1324 1325 1326 1327 1328 1329 1330 1331 1332 1333 1334 1335 1336 1337 1338 1339 1340 1341 1342 1343
32 182 277 796 959 1024 1321 1344 1345 1346 1347 1348 1349 1350 1351 1352 1353 1354 1355 1356 1357 1358 1359 1360 1361 1362 1363 1364 1365 1366 1367 1368 1369
32 223 379 807 929 1370 1371 1372 1373 1374 1375 1376 1377 1378 1379 1380 1381 1382 1383 1384 1385 1386 1387 1388 1389 1390 1391 1392 1393 1394 1395 1396 1397
32 869 969 1398 1399 1400 1401 1402 1403 1404 1405 1406 1407 1408 1409 1410 1411 1412 1413 1414 1415 1416 1417 1418 1419 1420 1421 1422 1423 1424 1425 1426 1427
32 489 552 1401 1428 1429 1430 1431 1432 1433 1434 1435 1436 1437 1438 1439 1440 1441 1442 1443 1444 1445 1446 1447 1448 1449 1450 1451 1452 1453 1454 1455 1456
32 910 1108 1215 1298 1457 1458 1459 1460 1461 1462 1463 1464 1465 1466 1467 1468 1469 1470 1471 1472 1473 1474 1475 1476 1477 1478 1479 1480 1481 1482 1483 1484
32 445 485 873 1408 1435 1485 1486 1487 1488 1489 1490 1491 1492 1493 1494 1495 1496 1497 1498 1499 1500 1501 1502 1503 1504 1505 1506 1507 1508 1509 1510 1511
32 110 299 719 922 1198 1468 1512 1513 1514 1515 1516 1517 1518 1519 1520 1521 1522 1523 1524 1525 1526 1527 1528 1529 1530 1531 1532 1533 1534 1535 1536 1537
32 407 529 830 845 1389 1538 1539 1540 1541 1542 1543 1544 1545 1546 1547 1548 1549 1550 1551 1552 1553 1554 1555 1556 1557 1558 1559 1560 1561 1562 1563 1564
32 520 544 731 1476 1532 1565 1566 1567 1568 1569 1570 1571 1572 1573 1574 1575 1576 1577 1578 1579 1580 1581 1582 1583 1584 1585 1586 1587 1588 1589 1590 1591
32 137 362 1062 1154 1239 1317 1592 1593 1594 1595 1596 1597 1598 1599 1600 1601 1602 1603 1604 1605 1606 1607 1608 1609 1610 1611 1612 1613 1614 1615 1616 1617
32 19 251 325 403 648 955 1295 1378 1618 1619 1620 1621 1622 1623 1624 1625 1626 1627 1628 1629 1630 1631 1632 1633 1634 1635 1636 1637 1638 1639 1640 1641
32 90 209 664 694 995 1149 1169 1642 1643 1644 1645 1646 1647 1648 1649 1650 1651 1652 1653 1654 1655 1656 1657 1658 1659 1660 1661 1662 1663 1664 1665 1666
32 33 286 410 534 898 1097 1259 1458 1513 1566 1667 1668 1669 1670 1671 1672 1673 1674 1675 1676 1677 1678 1679 1680 1681 1682 1683 1684 1685 1686 1687 1688
32 264 373 601 709 886 1147 1162 1689 1690 1691 1692 1693 1694 1695 1696 1697 1698 1699 1700 1701 1702 1703 1704 1705 1706 1707 1708 1709 1710 1711 1712 1713
32 135 238 931 1249 1324 1608 1714 1715 1716 1717 1718 1719 1720 1721 1722 1723 1724 1725 1726 1727 1728 1729 1730 1731 1732 1733 1734 1735 1736 1737 1738 1739
32 100 192 654 998 1083 1189 1653 1740 1741 1742 1743 1744 1745 1746 1747 1748 1749 1750 1751 1752 1753 1754 1755 1756 1757 1758 1759 1760 1761 1762 1763 1764
32 48 270 412 613 876 972 1262 1706 1765 1766 1767 1768 1769 1770 1771 1772 1773 1774 1775 1776 1777 1778 1779 1780 1781 1782 1783 1784 1785 1786 1787 1788
32 673 696 991 1087 1646 1755 1789 1790 1791 1792 1793 1794 1795 1796 1797 1798 1799 1800 1801 1802 1803 1804 1805 1806 1807 1808 1809 1810 1811 1812 1813 1814
32 472 503 806 1429 1539 1815 1816 1817 1818 1819 1820 1821 1822 1823 1824 1825 1826 1827 1828 1829 1830 1831 1832 1833 1834 1835 1836 1837 1838 1839 1840 1841
32 68 131 657 1053 1157 1242 1603 1655 1842 1843 1844 1845 1846 1847 1848 1849 1850 1851 1852 1853 1854 1855 1856 1857 1858 1859 1860 1861 1862 1863 1864 1865
32 911 1069 1798 1866 1867 1868 1869 1870 1871 1872 1873 1874 1875 1876 1877 1878 1879 1880 1881 1882 1883 1884 1885 1886 1887 1888 1889 1890 1891 1892 1893 1894
32 938 1015 1314 1354 1716 1895 1896 1897 1898 1899 1900 1901 1902 1903 1904 1905 1906 1907 1908 1909 1910 1911 1912 1913 1914 1915 1916 1917 1918 1919 1920 1921
32 749 810 1399 1896 1922 1923 1924 1925 1926 1927 1928 1929 1930 1931 1932 1933 1934 1935 1936 1937 1938 1939 1940 1941 1942 1943 1944 1945 1946 1947 1948 1949
32 870 1126 1271 1494 1700 1775 1950 1951 1952 1953 1954 1955 1956 1957 1958 1959 1960 1961 1962 1963 1964 1965 1966 1967 1968 1969 1970 1971 1972 1973 1974 1975
32 76 207 672 1666 1758 1846 1976 1977 1978 1979 1980 1981 1982 1983 1984 1985 1986 1987 1988 1989 1990 1991 1992 1993 1994 1995 1996 1997 1998 1999 2000 2001
32 143 351 762 1049 1328 1611 1733 1910 1929 2002 2003 2004 2005 2006 2007 2008 2009 2010 2011 2012 2013 2014 2015 2016 2017 2018 2019 2020 2021 2022 2023 2024
32 14 334 641 1077 1307 1637 1870 2025 2026 2027 2028 2029 2030 2031 2032 2033 2034 2035 2036 2037 2038 2039 2040 2041 2042 2043 2044 2045 2046 2047 2048 2049
32 482 523 571 734 1828 2050 2051 2052 2053 2054 2055 2056 2057 2058 2059 2060 2061 2062 2063 2064 2065 2066 2067 2068 2069 2070 2071 2072 2073 2074 2075 2076
32 1977 2051 2077 2078 2079 2080 2081 2082 2083 2084 2085 2086 2087 2088 2089 2090 2091 2092 2093 2094 2095 2096 2097 2098 2099 2100 2101 2102 2103 2104 2105 2106
32 162 269 609 1318 1357 2107 2108 2109 2110 2111 2112 2113 2114 2115 2116 2117 2118 2119 2120 2121 2122 2123 2124 2125 2126 2127 2128 2129 2130 2131 2132 2133
32 1231 1325 1594 1724 2118 2134 2135 2136 2137 2138 2139 2140 2141 2142 2143 2144 2145 2146 2147 2148 2149 2150 2151 2152 2153 2154 2155 2156 2157 2158 2159 2160
32 196 289 577 1002 1141 1186 1284 1963 2161 2162 2163 2164 2165 2166 2167 2168 2169 2170 2171 2172 2173 2174 2175 2176 2177 2178 2179 2180 2181 2182 2183 2184
32 819 840 1411 1446 1547 1818 1925 2185 2186 2187 2188 2189 2190 2191 2192 2193 2194 2195 2196 2197 2198 2199 2200 2201 2202 2203 2204 2205 2206 2207 2208 2209
32 411 539 777 842 958 1403 1433 2188 2210 2211 2212 2213 2214 2215 2216 2217 2218 2219 2220 2221 2222 2223 2224 2225 2226 2227 2228 2229 2230 2231 2232 2233
32 7 116 388 510 722 2069 2080 2234 2235 2236 2237 2238 2239 2240 2241 2242 2243 2244 2245 2246 2247 2248 2249 2250 2251 2252 2253 2254 2255 2256 2257 2258
32 386 512 824 1374 1564 1823 2068 2083 2239 2259 2260 2261 2262 2263 2264 2265 2266 2267 2268 2269 2270 2271 2272 2273 2274 2275 2276 2277 2278 2279 2280 2281
32 821 847 947 1020 1375 1544 1905 1930 2190 2282 2283 2284 2285 2286 2287 2288 2289 2290 2291 2292 2293 2294 2295 2296 2297 2298 2299 2300 2301 2302 2303 2304
32 261 374 604 712 1166 1330 1614 1695 2131 2157 2305 2306 2307 2308 2309 2310 2311 2312 2313 2314 2315 2316 2317 2318 2319 2320 2321 2322 2323 2324 2325 2326
32 10 114 923 1091 1305 1461 1515 1882 2042 2327 2328 2329 2330 2331 2332 2333 2334 2335 2336 2337 2338 2339 2340 2341 2342 2343 2344 2345 2346 2347 2348 2349
32 161 322 903 1098 1208 1290 1463 1872 2029 2331 2350 2351 2352 2353 2354 2355 2356 2357 2358 2359 2360 2361 2362 2363 2364 2365 2366 2367 2368 2369 2370 2371
32 142 243 755 813 1386 2095 2276 2372 2373 2374 2375 2376 2377 2378 2379 2380 2381 2382 2383 2384 2385 2386 2387 2388 2389 2390 2391 2392 2393 2394 2395 2396
32 448 492 751 816 1821 2066 2081 2272 2377 2397 2398 2399 2400 2401 2402 2403 2404 2405 2406 2407 2408 2409 2410 2411 2412 2413 2414 2415 2416 2417 2418 2419
32 667 699 1159 1236 1597 1660 1805 1854 2142 2321 2420 2421 2422 2423 2424 2425 2426 2427 2428 2429 2430 2431 2432 2433 2434 2435 2436 2437 2438 2439 2440 2441
32 167 342 1891 2046 2116 2156 2363 2442 2443 2444 2445 2446 2447 2448 2449 2450 2451 2452 2453 2454 2455 2456 2457 2458 2459 2460 2461 2462 2463 2464 2465 2466
32 476 535 568 1260 1430 1488 1951 2162 2467 2468 2469 2470 2471 2472 2473 2474 2475 2476 2477 2478 2479 2480 2481 2482 2483 2484 2485 2486 2487 2488 2489 2490
32 35 180 616 900 1113 1878 2121 2355 2458 2491 2492 2493 2494 2495 2496 2497 2498 2499 2500 2501 2502 2503 2504 2505 2506 2507 2508 2509 2510 2511 2512 2513
32 518 537 856 1449 1557 1568 1824 2201 2219 2514 2515 2516 2517 2518 2519 2520 2521 2522 2523 2524 2525 2526 2527 2528 2529 2530 2531 2532 2533 2534 2535 2536
32 383 507 838 1205 1287 1459 1542 1570 2515 2537 2538 2539 2540 2541 2542 2543 2544 2545 2546 2547 2548 2549 2550 2551 2552 2553 2554 2555 2556 2557 2558 2559
32 637 659 1074 1253 1808 1876 2031 2145 2435 2462 2560 2561 2562 2563 2564 2565 2566 2567 2568 2569 2570 2571 2572 2573 2574 2575 2576 2577 2578 2579 2580 2581
32 227 318 628 933 1234 1621 1715 2026 2136 2444 2564 2582 2583 2584 2585 2586 2587 2588 2589 2590 2591 2592 2593 2594 2595 2596 2597 2598 2599 2600 2601 2602
32 101 287 899 986 1072 1181 1517 1743 1793 1868 2328 2603 2604 2605 2606 2607 2608 2609 2610 2611 2612 2613 2614 2615 2616 2617 2618 2619 2620 2621 2622 2623
32 79 363 453 879 1063 1130 1164 1500 1708 1959 2624 2625 2626 2627 2628 2629 2630 2631 2632 2633 2634 2635 2636 2637 2638 2639 2640 2641 2642 2643 2644 2645
32 134 233 631 666 1257 1857 1996 2077 2389 2646 2647 2648 2649 2650 2651 2652 2653 2654 2655 2656 2657 2658 2659 2660 2661 2662 2663 2664 2665 2666 2667 2668
32 40 309 621 711 905 1009 1811 1889 2499 2611 2669 2670 2671 2672 2673 2674 2675 2676 2677 2678 2679 2680 2681 2682 2683 2684 2685 2686 2687 2688 2689 2690
32 85 199 452 478 574 1992 2056 2085 2413 2691 2692 2693 2694 2695 2696 2697 2698 2699 2700 2701 2702 2703 2704 2705 2706 2707 2708 2709 2710 2711 2712 2713
32 496 527 542 592 724 1455 1573 1830 2076 2476 2522 2714 2715 2716 2717 2718 2719 2720 2721 2722 2723 2724 2725 2726 2727 2728 2729 2730 2731 2732 2733 2734
32 281 372 884 967 1335 1349 1421 1915 1934 2021 2735 2736 2737 2738 2739 2740 2741 2742 2743 2744 2745 2746 2747 2748 2749 2750 2751 2752 2753 2754 2755 2756
32 170 340 952 1028 1332 1367 1736 1917 2113 2154 2448 2589 2757 2758 2759 2760 2761 2762 2763 2764 2765 2766 2767 2768 2769 2770 2771 2772 2773 2774 2775 2776
32 13 106 643 662 1095 1746 1995 2088 2248 2663 2777 2778 2779 2780 2781 2782 2783 2784 2785 2786 2787 2788 2789 2790 2791 2792 2793 2794 2795 2796 2797 2798
32 38 165 259 415 599 781 962 1101 1347 1769 2111 2495 2799 2800 2801 2802 2803 2804 2805 2806 2807 2808 2809 2810 2811 2812 2813 2814 2815 2816 2817 2818
32 456 499 773 832 1406 1438 1491 1833 1933 2208 2419 2819 2820 2821 2822 2823 2824 2825 2826 2827 2828 2829 2830 2831 2832 2833 2834 2835 2836 2837 2838 2839
32 34 291 596 691 989 1128 1264 1692 1766 1954 2165 2673 2840 2841 2842 2843 2844 2845 2846 2847 2848 2849 2850 2851 2852 2853 2854 2855 2856 2857 2858 2859
32 296 547 579 727 1183 1280 1530 1583 1674 2167 2477 2728 2860 2861 2862 2863 2864 2865 2866 2867 2868 2869 2870 2871 2872 2873 2874 2875 2876 2877 2878 2879
32 802 863 964 1032 1352 1424 1918 1938 2205 2220 2300 2740 2880 2881 2882 2883 2884 2885 2886 2887 2888 2889 2890 2891 2892 2893 2894 2895 2896 2897 2898 2899
32 72 140 460 764 1067 1850 1982 2093 2387 2412 2660 2707 2900 2901 2902 2903 2904 2905 2906 2907 2908 2909 2910 2911 2912 2913 2914 2915 2916 2917 2918 2919
32 327 394 852 949 1022 1225 1292 1379 1559 1623 2296 2543 2920 2921 2922 2923 2924 2925 2926 2927 2928 2929 2930 2931 2932 2933 2934 2935 2936 2937 2938 2939
32 104 201 582 726 1203 1749 1994 2070 2089 2252 2705 2782 2940 2941 2942 2943 2944 2945 2946 2947 2948 2949 2950 2951 2952 2953 2954 2955 2956 2957 2958 2959
32 358 457 758 881 1046 1415 1503 1936 2006 2639 2751 2836 2960 2961 2962 2963 2964 2965 2966 2967 2968 2969 2970 2971 2972 2973 2974 2975 2976 2977 2978 2979
32 146 247 769 834 936 1384 1723 1901 1941 2023 2303 2396 2980 2981 2982 2983 2984 2985 2986 2987 2988 2989 2990 2991 2992 2993 2994 2995 2996 2997 2998 2999
32 93 213 462 500 590 1134 1510 1957 2183 2480 2629 2713 3000 3001 3002 3003 3004 3005 3006 3007 3008 3009 3010 3011 3012 3013 3014 3015 3016 3017 3018 3019
32 437 559 783 860 1106 1210 1480 1587 1678 2224 2533 2547 3020 3021 3022 3023 3024 3025 3026 3027 3028 3029 3030 3031 3032 3033 3034 3035 3036 3037 3038 3039
32 17 230 399 633 1382 1641 2092 2251 2275 2390 2651 2793 3040 3041 3042 3043 3044 3045 3046 3047 3048 3049 3050 3051 3052 3053 3054 3055 3056 3057 3058 3059
32 417 557 888 981 1266 1423 1453 1507 1773 1971 2223 2481 3060 3061 3062 3063 3064 3065 3066 3067 3068 3069 3070 3071 3072 3073 3074 3075 3076 3077 3078 3079
32 21 121 405 531 730 1312 1466 1519 1590 2258 2335 2546 3080 3081 3082 3083 3084 3085 3086 3087 3088 3089 3090 3091 3092 3093 3094 3095 3096 3097 3098 3099
32 595 686 1790 1867 2108 2135 2306 2421 2443 2492 2561 2670 3100 3101 3102 3103 3104 3105 3106 3107 3108 3109 3110 3111 3112 3113 3114 3115 3116 3117 3118 3119
5 191 1014 3120 3121 3122
5 288 2989 3123 3124 3125
5 111 2748 3126 3127 3128
5 216 1035 3129 3130 3131
5 98 2744 3132 3133 3134
5 298 2990 3135 3136 3137
5 226 1272 3138 3139 3140
5 333 3008 3141 3142 3143
5 1 867 3144 3145 3146
5 319 3007 3147 3148 3149
5 236 1276 3150 3151 3152
5 27 892 3153 3154 3155
5 132 1669 3156 3157 3158
5 350 3090 3159 3160 3161
5 67 1217 3162 3163 3164
5 365 3089 3165 3166 3167
5 152 1682 3168 3169 3170
5 82 1220 3171 3172 3173
5 179 2691 3174 3175 3176
5 276 2240 3177 3178 3179
5 272 2234 3180 3181 3182
5 46 2378 3183 3184 3185
5 173 2696 3186 3187 3188
5 47 2372 3189 3190 3191
5 471 2452 3192 3193 3194
5 536 1244 3195 3196 3197
5 517 2307 3198 3199 3200
5 480 2459 3201 3202 3203
5 506 2313 3204 3205 3206
5 551 1233 3207 3208 3209
5 129 1668 3210 3211 3212
5 360 3082 3213 3214 3215
5 459 2354 3216 3217 3218
5 139 1673 3219 3220 3221
5 443 2353 3222 3223 3224
5 361 3081 3225 3226 3227
5 222 1273 3228 3229 3230
5 326 3009 3231 3232 3233
5 381 1701 3234 3235 3236
5 331 3001 3237 3238 3239
5 393 1696 3240 3241 3242
5 228 1275 3243 3244 3245
5 176 2692 3246 3247 3248
5 267 2243 3249 3250 3251
5 429 2656 3252 3253 3254
5 177 2700 3255 3256 3257
5 423 2652 3258 3259 3260
5 268 2242 3261 3262 3263
5 656 2213 3264 3265 3266
5 701 1540 3267 3268 3269
5 206 1026 3189 3270 3271
5 671 2214 3272 3273 3274
5 195 1017 3144 3275 3276
5 702 1541 3277 3278 3279
5 505 2314 3280 3281 3282
5 549 1232 3283 3284 3285
5 569 2769 3286 3287 3288
5 519 2311 3289 3290 3291
5 564 2765 3292 3293 3294
5 543 1241 3295 3296 3297
5 380 1698 3298 3299 3300
5 329 3002 3301 3302 3303
5 624 3067 3121 3304 3305
5 395 1690 3306 3307 3308
5 632 3074 3309 3310 3311
5 427 2654 3312 3313 3314
5 174 2698 3315 3316 3317
5 611 2266 3129 3318 3319
5 428 2647 3320 3321 3322
5 612 2267 3323 3324 3325
5 809 2680 3326 3327 3328
5 854 1644 3329 3330 3331
5 502 2315 3223 3275 3332
5 839 1650 3333 3334 3335
5 818 2671 3336 3337 3338
5 511 2320 3259 3339 3340
5 64 1216 3341 3342 3343
5 357 3087 3344 3345 3346
5 748 909 3204 3347 3348
5 71 1222 3349 3350 3351
5 757 907 3352 3353 3354
5 193 1016 3355 3356 3357
5 303 2982 3358 3359 3360
5 716 1315 3361 3362 3363
5 301 2981 3364 3365 3366
5 200 1021 3367 3368 3369
5 725 1316 3370 3371 3372
5 273 2235 3373 3374 3375
5 53 2380 3376 3377 3378
5 51 2381 3379 3380 3381
5 792 1983 3382 3383 3384
5 795 1985 3200 3385 3386
5 205 1025 3387 3388 3389
5 1104 2915 3390 3391 3392
5 983 2795 3393 3394 3395
5 219 1038 3396 3397 3398
5 961 2788 3143 3399 3400
5 1117 2911 3401 3402 3403
5 1043 1470 3404 3405 3406
5 1143 2932 3134 3407 3408
5 29 894 3409 3410 3411
5 1059 1479 3412 3413 3414
5 1127 2931 3415 3416 3417
5 136 1671 3418 3419 3420
5 630 3075 3421 3422 3423
5 932 2181 3424 3425 3426
5 653 3079 3427 3428 3429
5 158 1688 3430 3431 3432
5 954 2180 3433 3434 3435
5 1005 2282 3436 3437 3438
5 1079 1407 3439 3440 3441
5 754 924 3442 3443 3444
5 1086 1398 3445 3446 3447
5 1003 2288 3448 3449 3450
5 745 912 3356 3451 3452
5 245 1269 3290 3453 3454
5 1194 1903 3455 3456 3457
5 1123 2934 3158 3458 3459
5 1180 1909 3402 3460 3461
5 1309 2626 3462 3463 3464
5 118 2737 3390 3465 3466
5 644 3076 3467 3468 3469
5 126 2756 3470 3471 3472
5 1310 2644 3473 3474 3475
5 1344 2959 3420 3476 3477
5 88 1207 3478 3479 3480
5 433 2648 3148 3481 3482
5 1346 2951 3405 3483 3484
5 421 2668 3485 3486 3487
5 75 1227 3310 3488 3489
5 732 1322 3490 3491 3492
5 545 1247 3449 3493 3494
5 1155 2538 3446 3495 3496
5 717 1320 3264 3342 3497
5 1158 2549 3294 3498 3499
5 805 2679 3362 3500 3501
5 1082 1400 3502 3503 3504
5 473 2454 3234 3505 3506
5 1071 1413 3507 3508 3509
5 814 2682 3383 3510 3511
5 488 2445 3253 3512 3513
5 96 2743 3514 3515 3516
5 295 2987 3517 3518 3519
5 566 2764 3298 3326 3520
5 102 2747 3521 3522 3523
5 578 2762 3314 3524 3525
5 5 871 3292 3526 3527
5 1372 2846 3193 3528 3529
5 1381 2848 3530 3531 3532
5 16 880 3533 3534 3535
5 52 2373 3286 3536 3537
5 977 2783 3201 3538 3539
5 974 2786 3338 3540 3541
5 808 2678 3542 3543 3544
5 1081 1410 3545 3546 3547
5 466 2365 3251 3548 3549
5 822 2685 3409 3550 3551
5 441 2350 3229 3437 3552
5 658 2216 3451 3553 3554
5 695 1549 3555 3556 3557
5 69 1214 3138 3327 3558
5 698 1551 3559 3560 3561
5 679 2229 3562 3563 3564
5 83 1221 3179 3565 3566
5 615 2260 3171 3567 3568
5 970 2777 3217 3569 3570
5 607 2259 3571 3572 3573
5 971 2778 3574 3575 3576
5 627 3069 3163 3577 3578
5 1370 2840 3222 3579 3580
5 639 3072 3396 3581 3582
5 1393 2853 3583 3584 3585
5 307 2983 3172 3512 3586
5 1041 1478 3587 3588 3589
5 1045 1475 3590 3591 3592
5 553 1230 3218 3271 3593
5 305 2980 3535 3594 3595
5 555 1235 3306 3596 3597
5 463 2364 3598 3599 3600
5 817 2681 3601 3602 3603
5 1441 2570 3519 3604 3605
5 447 2359 3606 3607 3608
5 1434 2571 3609 3610 3611
5 635 3070 3612 3613 3614
5 1390 2852 3615 3616 3617
5 1301 2635 3297 3618 3619
5 1291 2633 3364 3620 3621
5 677 2226 3622 3623 3624
5 77 1218 3625 3626 3627
5 990 2292 3283 3628 3629
5 74 1219 3630 3631 3632
5 997 2290 3633 3634 3635
5 704 1538 3608 3636 3637
5 1571 1612 3638 3639 3640
5 1450 2565 3641 3642 3643
5 700 1546 3582 3644 3645
5 1579 1596 3602 3646 3647
5 147 1679 3648 3649 3650
5 649 3063 3651 3652 3653
5 1388 2849 3654 3655 3656
5 651 3064 3657 3658 3659
5 145 1677 3660 3661 3662
5 1383 2850 3663 3664 3665
5 1132 2935 3666 3667 3668
5 1486 2037 3277 3669 3670
5 1135 2921 3507 3671 3672
5 1505 2033 3673 3674 3675
5 1007 2285 3676 3677 3678
5 1080 1419 3584 3679 3680
5 1526 2013 3624 3681 3682
5 1533 2008 3683 3684 3685
5 1084 1417 3632 3686 3687
5 1620 1961 3688 3689 3690
5 1729 2872 3164 3691 3692
5 218 1037 3693 3694 3695
5 1634 1970 3696 3697 3698
5 1718 2871 3699 3700 3701
5 1516 2022 3428 3702 3703
5 1764 2899 3464 3704 3705
5 31 896 3706 3707 3708
5 1534 2020 3709 3710 3711
5 11 877 3712 3713 3714
5 1745 2896 3715 3716 3717
5 1771 3059 3479 3718 3719
5 779 1989 3136 3720 3721
5 1778 3049 3406 3722 3723
5 803 2001 3724 3725 3726
5 155 1685 3727 3728 3729
5 389 1712 3493 3730 3731
5 836 1659 3491 3732 3733
5 1575 1606 3734 3735 3736
5 378 1699 3211 3265 3737
5 1565 1607 3738 3739 3740
5 846 1652 3741 3742 3743
5 1887 2824 3666 3744 3745
5 1886 2819 3746 3747 3748
5 337 3005 3289 3551 3683
5 1048 1477 3749 3750 3751
5 338 3000 3221 3274 3752
5 575 2767 3753 3754 3755
5 1834 3112 3618 3756 3757
5 1827 3108 3758 3759 3760
5 1567 1602 3761 3762 3763
5 1578 1605 3149 3616 3764
5 151 1681 3765 3766 3767
5 141 1675 3387 3636 3768
5 930 2172 3404 3769 3770
5 811 2683 3771 3772 3773
5 942 2174 3623 3774 3775
5 214 1033 3604 3776 3777
5 1851 3030 3670 3778 3779
5 1845 3032 3780 3781 3782
5 1799 2195 3783 3784 3785
5 1791 2197 3301 3786 3787
5 1192 1904 3788 3789 3790
5 128 1667 3120 3192 3791
5 1191 1897 3481 3792 3793
5 823 2684 3576 3597 3794
5 154 1684 3263 3795 3796
5 424 2646 3372 3797 3798
5 608 2264 3799 3800 3801
5 1355 2945 3550 3802 3803
5 1356 2940 3220 3804 3805
5 688 1552 3681 3806 3807
5 217 1036 3808 3809 3810
5 1856 3033 3375 3811 3812
5 1844 3029 3543 3813 3814
5 567 2766 3347 3815 3816
5 546 1245 3484 3817 3818
5 581 2770 3819 3820 3821
5 1837 3115 3822 3823 3824
5 1816 3100 3210 3341 3825
5 1619 1962 3720 3826 3827
5 414 2658 3462 3561 3828
5 1632 1953 3829 3830 3831
5 1842 3028 3145 3579 3832
5 1796 2194 3833 3834 3835
5 1803 2187 3412 3836 3837
5 1137 2925 3258 3838 3839
5 940 2163 3574 3840 3841
5 1926 2604 3842 3843 3844
5 944 2164 3845 3846 3847
5 1922 2603 3175 3798 3848
5 1884 2820 3849 3850 3851
5 341 3012 3852 3853 3854
5 1116 2906 3556 3855 3856
5 1890 2831 3397 3857 3858
5 978 2784 3518 3555 3859
5 347 3092 3388 3860 3861
5 431 2657 3215 3269 3862
5 310 2996 3480 3863 3864
5 1288 2634 3320 3699 3865
5 939 2175 3866 3867 3868
5 1302 2631 3834 3869 3870
5 999 2287 3177 3312 3734
5 1156 2541 3190 3570 3842
5 1070 1414 3401 3646 3871
5 1085 1402 3416 3872 3873
5 1363 2942 3473 3807 3874
5 1042 1472 3399 3609 3875
5 1881 2827 3876 3877 3878
5 183 2697 3296 3440 3879
5 1057 1481 3450 3880 3881
5 184 2702 3227 3279 3882
5 1801 2186 3315 3373 3883
5 1151 2537 3804 3884 3885
5 1574 1604 3186 3886 3887
5 1442 2567 3802 3888 3889
5 1432 2574 3890 3891 3892
5 1580 1595 3893 3894 3895
5 1076 1418 3524 3565 3896
5 1182 1913 3811 3897 3898
5 368 3091 3130 3203 3899
5 1193 1912 3675 3823 3900
5 369 3088 3245 3678 3901
5 514 2316 3770 3902 3903
5 1440 2562 3213 3626 3904
5 1443 2572 3617 3793 3905
5 390 1702 3611 3906 3907
5 941 2171 3441 3757 3908
5 943 2166 3225 3779 3909
5 1170 2553 3545 3910 3911
5 1172 2555 3788 3912 3913
5 292 2997 3463 3914 3915
5 1639 1974 3916 3917 3918
5 798 1979 3159 3919 3920
5 157 1687 3921 3922 3923
5 797 1988 3360 3851 3924
5 1523 2003 3415 3925 3926
5 1361 2948 3583 3865 3927
5 1529 2017 3653 3928 3929
5 1492 2035 3183 3448 3930
5 1485 2041 3497 3649 3931
5 753 918 3178 3932 3933
5 2098 2808 3934 3935 3936
5 640 3061 3317 3897 3937
5 2094 2809 3938 3939 3940
5 144 1676 3445 3758 3941
5 645 3062 3199 3414 3942
5 1431 2569 3249 3536 3943
5 1576 1593 3944 3945 3946
5 2050 2120 3768 3947 3948
5 2057 2119 3581 3949 3950
5 1360 2941 3243 3951 3952
5 1531 2002 3953 3954 3955
5 1351 2954 3956 3957 3958
5 1525 2005 3237 3614 3959
5 1052 1474 3960 3961 3962
5 186 2694 3963 3964 3965
5 1504 2043 3206 3966 3967
5 1498 2038 3767 3968 3969
5 2141 2721 3970 3971 3972
5 224 1270 3133 3205 3973
5 2144 2724 3974 3975 3976
5 678 2228 3977 3978 3979
5 235 1277 3188 3980 3981
5 793 1976 3532 3759 3982
5 790 1978 3771 3925 3983
5 2052 2124 3150 3780 3984
5 851 1651 3985 3986 3987
5 515 2319 3693 3988 3989
5 1391 2854 3316 3990 3991
5 1371 2843 3515 3553 3739
5 718 1326 3304 3528 3992
5 738 1338 3993 3994 3995
5 1751 2893 3727 3996 3997
5 1741 2887 3139 3299 3998
5 1622 1966 3999 4000 4001
5 1068 1416 3531 4002 4003
5 1073 1412 4004 4005 4006
5 364 3080 3369 4007 4008
5 1618 1964 4009 4010 4011
5 366 3083 3151 3336 3641
5 737 1336 3783 4012 4013
5 1750 2890 3621 3763 4014
5 1747 2894 3800 4015 4016
5 1373 2842 3805 4017 4018
5 1800 2189 3754 3826 4019
5 1802 2196 3346 3766 4020
5 234 1274 3787 3912 4021
5 231 1278 3803 4022 4023
5 1577 1601 3776 4024 4025
5 665 2212 3573 3594 4026
5 655 2210 3293 3552 4027
5 2147 2715 4028 4029 4030
5 2149 2716 4031 4032 4033
5 133 1670 3180 4002 4034
5 475 2453 3813 3928 4035
5 484 2450 4036 4037 4038
5 750 919 3374 3421 4039
5 1740 2889 3157 4040 4041
5 576 2758 4004 4042 4043
5 975 2785 3354 3822 3887
5 2060 2123 3168 4044 4045
5 2059 2125 3562 4046 4047
5 618 2263 4048 4049 4050
5 771 904 3658 4051 4052
5 1814 2193 4053 4054 4055
5 602 2278 4056 4057 4058
5 1804 2185 3791 4059 4060
5 752 921 4061 4062 4063
5 1784 3044 4064 4065 4066
5 669 2225 3663 4067 4068
5 1785 3043 3647 4069 4070
5 1512 2015 4027 4071 4072
5 1748 2898 3339 4073 4074
5 280 2237 4019 4075 4076
5 1763 2883 4077 4078 4079
5 1520 2024 4080 4081 4082
5 265 2255 4083 4084 4085
5 391 1704 4086 4087 4088
5 1055 1473 4089 4090 4091
5 855 1656 3685 4023 4092
5 392 1705 3384 4093 4094
5 1054 1467 3634 4095 4096
5 451 2351 3182 4097 4098
5 2054 2129 4099 4100 4101
5 210 1029 3738 4102 4103
5 455 2361 4104 4105 4106
5 198 1019 3571 3712 3746
5 2055 2130 4107 4108 4109
5 1056 1471 4110 4111 4112
5 850 1654 3994 4113 4114
5 516 2318 3983 4006 4115
5 1051 1460 3784 4116 4117
5 279 2238 4118 4119 4120
5 1761 2884 4121 4122 4123
5 2336 2979 4124 4125 4126
5 262 2256 4127 4128 4129
5 2327 2972 3122 4130 4131
5 620 2262 4132 4133 4134
5 770 906 3408 4135 4136
5 1013 2286 3391 3639 4137
5 605 2281 4138 4139 4140
5 2401 2511 3769 4141 4142
5 587 2761 4135 4143 4144
5 1439 2581 3684 4145 4146
5 2414 2497 3942 4147 4148
5 1428 2576 3276 3655 3935
5 570 2773 3772 3872 4149
5 927 2177 3266 4150 4151
5 634 3077 3456 3510 4152
5 58 2375 3610 4153 4154
5 935 2184 4155 4156 4157
5 44 2392 4158 4159 4160
5 1120 2904 3786 4161 4162
5 1119 2903 3628 4163 4164
5 212 1031 4165 4166 4167
5 675 2221 3955 4168 4169
5 759 915 3952 4170 4171
5 760 916 3539 4172 4173
5 1188 1902 3968 4174 4175
5 1190 1908 3643 3782 4176
5 2072 2133 4126 4152 4177
5 468 2370 4115 4178 4179
5 1447 2573 3558 4180 4181
5 1306 2624 3554 3940 4182
5 1313 2628 4183 4184 4185
5 253 2254 3941 4186 4187
5 647 3060 4167 4188 4189
5 260 2247 3905 4190 4191
5 1364 2953 3911 4192 4193
5 92 1209 3657 4194 4195
5 733 1327 3747 4196 4197
5 740 1337 3254 4198 4199
5 554 1246 3809 4200 4201
5 2427 2528 3455 3852 4202
5 2436 2529 4052 4203 4204
5 743 1340 3794 4205 4206
5 1196 1895 3496 4207 4208
5 1436 2580 4209 4210 4211
5 593 2776 4212 4213 4214
5 470 2371 4215 4216 4217
5 1451 2579 3856 4218 4219
5 446 2352 4220 4221 4222
5 573 2775 3932 4223 4224
5 668 2215 3606 3861 4225
5 1107 2918 4054 4226 4227
5 1369 2957 3923 4228 4229
5 683 2230 3821 3864 4230
5 2143 2731 3488 4231 4232
5 1847 3036 3287 3830 4233
5 2158 2718 3474 4234 4235
5 354 3098 4210 4236 4237
5 1861 3026 3858 4238 4239
5 99 2745 3162 3505 4203
5 780 1986 3702 3877 4032
5 1112 2909 3291 3889 4240
5 2337 2965 3382 4044 4202
5 2344 2974 3140 4241 4242
5 487 2457 3921 4243 4244
5 2470 2583 3181 3495 3982
5 2473 2584 3452 4245 4246
5 6 872 3418 4247 4248
5 1102 2914 3775 4235 4249
5 858 1645 4250 4251 4252
5 1109 2905 3833 3988 4253
5 2152 2717 3676 4170 4254
5 1807 2199 3973 4144 4255
5 2404 2501 3946 3977 4256
5 2096 2802 3438 3498 3954
5 1754 2885 3749 4257 4258
5 1759 2886 4138 4259 4260
5 1719 2870 3267 3627 4261
5 1727 2865 3318 3538 4262
5 1770 3054 3682 4234 4263
5 2485 2598 3559 4014 4264
5 1777 3047 3808 3835 4038
5 2150 2714 4018 4248 4265
5 2106 2811 4204 4266 4267
5 2086 2803 3931 4268 4269
5 1744 2891 3568 4270 4271
5 1757 2897 3796 4232 4272
5 1944 2619 3817 3903 4273
5 1726 2868 4274 4275 4276
5 1717 2867 3385 3836 4277
5 105 2750 4200 4253 4278
5 117 2753 4148 4279 4280
5 2103 2813 4281 4282 4283
5 580 2771 3260 3751 4284
5 1927 2607 3947 4285 4286
5 937 2173 3261 4287 4288
5 1942 2617 3625 4289 4290
5 1114 2900 3534 4197 4291
5 2343 2960 3529 4166 4292
5 2340 2961 3207 3755 4293
5 2472 2592 3501 4294 4295
5 419 2662 3635 4296 4297
5 2486 2597 3960 4298 4299
5 857 1642 3371 4300 4301
5 335 3003 3127 3198 4302
5 1178 1911 3760 4098 4303
5 483 2455 3629 3910 4304
5 2429 2524 3233 3958 4305
5 2431 2518 3963 4306 4307
5 1848 3031 3950 4308 4309
5 1524 2011 3743 3756 4310
5 108 2746 4298 4311 4312
5 661 2218 3948 4007 4313
5 1495 2030 3902 4314 4315
5 1875 2828 4275 4316 4317
5 112 2749 3185 4318 4319
5 680 2227 3325 3901 4320
5 2398 2503 3126 4277 4321
5 2397 2504 3273 3885 4247
5 739 1339 3378 3467 4322
5 442 2357 3361 4040 4323
5 465 2367 4324 4325 4326
5 1855 3034 3745 3801 4327
5 1843 3027 3132 3815 4328
5 2 868 3156 3500 4329
5 1879 2821 3761 3828 4330
5 12 878 3174 4300 4331
5 849 1643 3722 4314 4332
5 384 1703 3247 3715 4333
5 820 2676 4334 4335 4336
5 789 1987 3242 3930 4337
5 2406 2506 3153 3839 4258
5 746 913 3235 3577 4338
5 761 901 3927 4250 4339
5 1869 2826 3774 3874 4340
5 626 3068 3280 3542 4341
5 239 1268 3257 3744 4259
5 1179 1907 4306 4342 4343
5 2402 2502 3309 3996 4287
5 1359 2947 4336 4344 4345
5 1817 3102 3228 3526 3953
5 589 2760 4242 4346 4347
5 1300 2625 3460 3603 4107
5 756 914 3672 4307 4348
5 1161 2551 3595 3748 4349
5 2064 2115 4350 4351 4352
5 60 2376 3669 4353 4354
5 387 1707 3187 3442 3900
5 2097 2805 3458 4294 4355
5 1826 3107 3270 4356 4357
5 398 1691 4358 4359 4360
5 2082 2807 4059 4292 4361
5 1820 3106 3587 3797 4362
5 1125 2927 3540 3890 3984
5 1630 1952 3919 4363 4364
5 1625 1967 4172 4365 4366
5 1304 2640 4283 4367 4368
5 314 2986 4218 4351 4369
5 122 2735 3665 4246 4370
5 1809 2192 3899 4366 4371
5 109 2741 3381 3644 4238
5 237 1261 3465 4047 4372
5 24 889 3633 4274 4305
5 282 2249 3915 4264 4373
5 2424 2531 3586 4374 4375
5 57 2374 3160 3503 4376
5 400 1710 3392 3564 4377
5 1840 3118 3566 4378 4379
5 55 2382 3239 4033 4380
5 26 891 3256 4381 4382
5 352 3093 3891 4383 4384
5 2155 2730 4385 4386 4387
5 2139 2732 4161 4388 4389
5 376 3097 3965 4390 4391
5 156 1686 3853 4094 4177
5 1297 2630 3379 3949 4392
5 2062 2110 3359 3961 4393
5 439 2666 4224 4379 4394
5 865 1665 4070 4109 4395
5 866 1649 4396 4397 4398
5 435 2650 3671 4390 4399
5 1145 2937 3430 4400 4401
5 242 1282 3824 4402 4403
5 1138 2930 3197 4013 4404
5 586 2763 3241 3881 4158
5 1176 2557 4212 4405 4406
5 257 2246 3137 3208 4407
5 864 1647 4190 4408 4409
5 844 1664 4153 4410 4411
5 1810 2207 3431 4412 4413
5 113 2736 3478 4256 4414
5 119 2754 3494 4160 4415
5 2438 2519 3470 4416 4417
5 258 2245 3238 3878 4418
5 2403 2508 3345 4175 4400
5 9 875 3732 4362 4419
5 1148 2922 3472 4393 4420
5 458 2358 3530 4186 4208
5 957 2794 4222 4357 4421
5 843 1663 4141 4422 4423
5 963 2792 4404 4424 4425
5 1011 2301 4216 4426 4427
5 2053 2127 3502 4363 4426
5 815 2689 3631 4228 4428
5 1937 2608 3343 4429 4430
5 1633 1950 3844 4356 4431
5 297 2995 3869 4432 4433
5 313 2984 4424 4434 4435
5 1638 1955 4163 4192 4436
5 508 2317 3321 3679 4061
5 522 2324 3810 4227 4433
5 1582 1592 3357 3664 3939
5 987 2289 3893 4046 4437
5 2104 2812 3407 3966 4438
5 812 2687 3393 3781 4383
5 1928 2613 3832 3934 4439
5 1945 2618 3141 3907 4440
5 1877 2835 4441 4442 4443
5 50 2379 3439 3741 4444
5 1060 1457 4445 4446 4447
5 36 2384 3226 3975 4448
5 370 3094 4449 4450 4451
5 1088 1420 3701 4452 4453
5 1781 3042 3709 4340 4454
5 1444 2568 3838 4455 4456
5 1152 2540 4457 4458 4459
5 1797 2198 4262 4460 4461
5 2137 2723 4454 4462 4463
5 638 3071 3248 3592 4464
5 153 1683 3686 4345 4465
5 1835 3113 4110 4337 4415
5 1385 2844 3176 3490 3588
5 1110 2907 3308 3841 3993
5 1753 2881 3377 3590 4358
5 1742 2888 3281 4035 4367
5 1815 3101 3355 3514 4466
5 1111 2901 3521 4086 4437
5 2329 2969 3252 3567 4467
5 2341 2966 4231 4288 4468
5 617 2261 3196 4117 4469
5 1888 2832 3847 4360 4470
5 614 2268 3509 4343 4471
5 1730 2866 3857 4392 4472
5 1768 3050 3850 3962 4416
5 1783 3046 3971 4174 4412
5 1628 1969 4198 4271 4375
5 1392 2855 3386 4090 4279
5 300 2985 3989 4036 4473
5 1514 2010 3688 4048 4304
5 2422 2523 3358 4064 4311
5 629 3073 4089 4321 4474
5 2430 2526 3598 4364 4475
5 1496 2036 3125 4012 4476
5 2079 2804 3740 4245 4477
5 1853 3025 3319 4365 4478
5 2332 2968 4021 4028 4132
5 1883 2822 3638 4087 4372
5 1782 3045 3630 4243 4479
5 316 3016 3419 4480 4481
5 1099 2908 3546 3689 4482
5 841 1657 3700 4062 4483
5 1115 2902 3433 3806 4462
5 708 1560 3728 4468 4484
5 1636 1972 3736 4378 4485
5 1501 2028 3863 3945 4486
5 2428 2516 3246 3376 3845
5 2468 2585 3572 4291 4457
5 2467 2582 3733 3848 4446
5 2432 2517 3696 4467 4487
5 1061 1469 4073 4455 4488
5 794 1984 3344 3970 4489
5 973 2779 3123 4116 4490
5 976 2787 3303 4030 4491
5 1522 2014 3888 4492 4493
5 853 1648 3352 3673 3980
5 330 3011 3169 3511 4494
5 332 3010 3523 3563 3640
5 2484 2595 3601 3985 4495
5 1199 1914 4496 4497 4498
5 271 2244 3366 4330 4499
5 2153 2729 4260 4500 4501
5 278 2241 3295 3742 4502
5 538 1252 4503 4504 4505
5 285 2993 3713 4458 4506
5 1767 3051 3461 3987 4507
5 2426 2525 3866 4344 4479
5 988 2293 4449 4508 4509
5 548 1238 3240 4318 4510
5 306 2991 3154 3340 4511
5 1631 1968 3933 4512 4513
5 302 2988 3351 3978 4514
5 550 1243 3773 4325 4515
5 25 890 4092 4240 4516
5 1635 1960 4460 4517 4518
5 426 2653 3232 4317 4519
5 413 2655 3167 4342 4520
5 339 3013 3466 3895 4521
5 1195 1916 3892 4522 4523
5 1493 2039 3886 4496 4524
5 80 1206 3324 4254 4525
5 1286 2637 4067 4466 4477
5 1873 2839 4065 4420 4526
5 1294 2641 4053 4201 4473
5 1160 2539 3305 4361 4527
5 563 1237 4528 4529 4530
5 1831 3110 3648 4150 4531
5 1136 2928 3765 3972 4532
5 2416 2513 4074 4533 4534
5 1394 2857 4452 4535 4536
5 159 2710 4419 4537 4538
5 1756 2882 3513 3698 4056
5 1762 2880 3662 4106 4295
5 166 2706 3785 4434 4528
5 1105 2912 3605 4539 4540
5 1118 2913 4495 4541 4542
5 246 1267 4078 4543 4544
5 464 2366 3541 4176 4545
5 1629 1965 4289 4546 4547
5 91 1204 4531 4548 4549
5 591 2757 4169 4550 4551
5 2151 2725 3668 4016 4381
5 1943 2616 3778 3974 4552
5 1728 2869 3504 3599 4553
5 1721 2875 3645 4554 4555
5 1940 2610 3593 4011 4556
5 1299 2632 3622 4463 4557
5 2475 2591 3637 4008 4558
5 1949 2620 3723 4559 4560
5 1738 2877 3707 4561 4562
5 1923 2606 3884 4480 4563
5 359 3095 3867 4428 4564
5 1175 2558 3429 4380 4565
5 558 1250 3417 4178 4566
5 1289 2636 3883 4385 4567
5 1311 2643 4444 4568 4569
5 2487 2602 4391 4471 4570
5 115 2742 4037 4226 4571
5 1714 2873 3146 4572 4573
5 1096 2917 3714 4574 4575
5 241 1263 4450 4525 4576
5 968 2796 4577 4578 4579
5 232 1283 4015 4442 4580
5 1760 2895 3549 3831 4581
5 95 1229 4211 4582 4583
5 1090 1409 3735 4223 4584
5 385 1709 4504 4585 4586
5 2434 2514 4105 4329 4587
5 1812 2191 4588 4589 4590
5 774 926 4570 4591 4592
5 1397 2859 4593 4594 4595
5 1376 2845 3447 4097 4596
5 660 2211 4017 4481 4597
5 1774 3057 4598 4599 4600
5 1122 2916 3411 4146 4601
5 681 2231 4171 4451 4602
5 438 2665 4603 4604 4605
5 1066 1482 4066 4101 4606
5 1737 2878 3920 4215 4607
5 1058 1462 3468 3716 3846
5 956 2170 4608 4609 4610
5 1296 2645 4554 4611 4612
5 1765 3055 3389 4613 4614
5 2333 2977 3721 4214 4615
5 1197 1898 3422 4567 4616
5 1187 1919 4617 4618 4619
5 572 2768 3184 3730 4111
5 1511 2034 4159 4620 4621
5 1787 3056 4082 4149 4179
5 1509 2045 4435 4469 4622
5 1788 3058 3695 4055 4623
5 951 2182 4502 4624 4625
5 1001 2294 3506 3659 4626
5 2342 2973 3520 4544 4627
5 2348 2976 4628 4629 4630
5 1202 1899 4069 4541 4631
5 215 1034 3380 4632 4633
5 467 2369 4634 4635 4636
5 2100 2816 4255 4637 4638
5 220 1039 4173 4639 4640
5 848 1662 3443 4402 4524
5 197 1018 4641 4642 4643
5 2084 2800 4587 4644 4645
5 479 2461 4270 4603 4646
5 477 2460 3575 4113 4585
5 1508 2032 4448 4647 4648
5 1490 2049 3677 4649 4650
5 1150 2924 3395 3642 4651
5 1131 2938 4520 4592 4652
5 1008 2284 4482 4653 4654
5 1894 2823 3434 4263 4655
5 41 2393 4581 4656 4657
5 714 1545 3710 4249 4658
5 293 2998 4100 4417 4659
5 697 1554 4472 4660 4661
5 1362 2949 3285 3690 4662
5 960 2789 3278 3424 3976
5 2346 2978 3482 4409 4595
5 308 2994 4456 4663 4664
5 1720 2876 3400 4410 4665
5 945 2178 3814 4281 4666
5 402 1693 4077 4181 4346
5 950 2169 3687 4667 4668
5 785 1990 3969 4669 4670
5 1731 2874 3236 4195 4266
5 1862 3023 3967 4143 4671
5 1734 2863 3680 4183 4251
5 324 3017 4133 4589 4672
5 1396 2856 3812 4386 4673
5 1859 3037 4140 4382 4443
5 800 1991 4299 4526 4659
5 2345 2963 3596 4114 4155
5 706 1543 3820 4414 4674
5 449 2362 3654 4573 4675
5 1832 3111 4102 4182 4370
5 2339 2970 3557 3777 4352
5 345 3006 4296 4676 4677
5 321 3014 3837 4280 4678
5 486 2456 3322 4252 4535
5 1365 2944 3904 3917 4679
5 946 2161 3825 4269 4680
5 1849 3038 3202 4517 4681
5 1627 1958 3855 4024 4682
5 1165 2542 3194 4188 4683
5 603 2274 4276 4676 4684
5 1173 2554 3613 3876 4685
5 2400 2510 3916 4236 4261
5 2105 2814 4241 4686 4687
5 2483 2596 3165 4348 4688
5 598 2270 3302 3790 4689
5 1521 2012 3255 3799 4690
5 1527 2004 3829 3943 4691
5 2471 2586 3860 4285 4692
5 2408 2507 3209 3827 4405
5 1786 3052 4273 4423 4693
5 1142 2933 3348 4638 4694
5 1780 3041 3349 3819 3944
5 434 2661 4237 4290 4695
5 1581 1610 3328 4079 4686
5 367 3085 4244 4334 4667
5 1129 2929 3849 4099 4312
5 2330 2971 3840 4503 4696
5 707 1553 3311 3795 4697
5 636 3065 4045 4698 4699
5 1497 2027 3323 3951 4508
5 861 1661 4205 4696 4700
5 646 3078 4633 4661 4701
5 1366 2943 4315 4702 4703
5 1732 2860 3224 3936 4704
5 1725 2861 3329 3906 4705
5 244 1279 4384 4545 4706
5 1139 2926 4441 4500 4690
5 710 1555 4635 4691 4707
5 2399 2505 3334 3792 4708
5 533 1248 3843 4221 4642
5 1100 2910 3789 4029 4588
5 78 1212 3262 4709 4710
5 1852 3021 3250 3999 4711
5 1822 3103 3569 4009 4641
5 1776 3048 3926 4043 4324
5 1752 2892 3537 4001 4634
5 2338 2967 3335 3615 4712
5 371 3096 4461 4639 4713
5 1358 2946 4095 4316 4714
5 1836 3114 3313 4512 4715
5 1779 3040 3368 3607 4286
5 1000 2291 3161 3600 4716
5 996 2283 3612 4031 4118
5 2146 2719 3997 4709 4717
5 1185 1906 4093 4698 4718
5 1880 2830 4309 4555 4632
5 1171 2552 3135 3753 4719
5 2405 2493 3214 4546 4720
5 290 2992 4487 4646 4721
5 2058 2122 3517 4628 4682
5 2061 2126 3331 3875 4722
5 2410 2498 4532 4618 4723
5 721 1323 3191 4010 4220
5 164 2701 3365 3560 4724
5 1487 2047 3483 4422 4725
5 1589 1598 3704 4724 4726
5 1535 2019 3879 4398 4727
5 1140 2920 3363 3661 4645
5 610 2265 3231 4096 4561
5 1819 3105 4034 4207 4728
5 541 1254 4049 4193 4653
5 87 1223 4058 4199 4721
5 1893 2825 3956 4297 4562
5 1584 1609 3998 4729 4730
5 1345 2950 3268 4209 4547
5 1387 2847 3272 3476 4731
5 982 2790 3913 4389 4672
5 524 2312 3485 4257 4664
5 355 3099 3425 4353 4732
5 2102 2817 4180 4627 4729
5 2099 2818 3691 4626 4733
5 2087 2810 4130 4683 4734
5 1858 3035 3991 4129 4616
5 1931 2605 3737 4268 4548
5 323 3018 3703 4119 4735
5 86 1213 4335 4598 4736
5 1303 2638 3544 4123 4737
5 2090 2799 4072 4738 4739
5 84 1228 4085 4584 4715
5 1924 2609 3332 4740 4741
5 39 2388 4475 4742 4743
5 30 895 4327 4501 4744
5 948 2176 3282 4745 4746
5 1860 3022 3337 4522 4747
5 1772 3053 4020 4617 4748
5 775 2000 4596 4728 4749
5 561 1240 4568 4750 4751
5 782 1993 4553 4752 4753
5 1735 2862 4582 4720 4754
5 1380 2841 3370 4447 4537
5 1588 1613 4593 4708 4755
5 2078 2801 4572 4740 4756
5 720 1319 4026 4574 4757
5 490 2451 4478 4577 4713
5 1499 2040 4328 4637 4758
5 491 2465 4465 4564 4600
5 742 1342 4464 4470 4759
5 328 3015 4492 4760 4761
5 344 3019 4154 4762 4763
5 1502 2025 3212 4764 4765
5 1528 2016 4282 4341 4766
5 185 2703 4552 4732 4767
5 1377 2851 4131 4768 4769
5 375 3084 4427 4742 4753
5 765 908 3525 4083 4485
5 1153 2544 3230 4551 4738
5 584 2759 4656 4707 4711
5 513 2325 4022 4601 4760
5 979 2781 4705 4762 4770
5 509 2323 3725 4474 4678
5 583 2772 3719 3979 4771
5 163 2699 3166 3508 4772
5 275 2236 3147 3333 4773
5 2439 2535 3708 4677 4714
5 540 1256 4075 4615 4774
5 18 883 3436 4550 4775
5 984 2798 3444 4776 4777
5 562 1255 4142 4559 4703
5 28 893 4284 4533 4663
5 1163 2548 4421 4556 4778
5 2349 2964 4057 4374 4605
5 713 1548 4539 4629 4779
5 1489 2044 4514 4674 4780
5 1144 2923 4005 4080 4515
5 248 1258 3499 4781 4782
5 1133 2939 3486 4534 4783
5 1093 1426 4050 4164 4784
5 1739 2864 3726 4147 4785
5 1939 2614 4538 4786 4787
5 1932 2615 3752 4265 4788
5 1591 1600 3674 4777 4789
5 1094 1405 4108 4542 4790
5 221 1040 4219 4630 4791
5 1146 2936 4490 4530 4792
5 252 1285 4590 4793 4794
5 2071 2117 4239 4611 4701
5 1841 3119 4569 4625 4727
5 2074 2114 4651 4706 4747
5 1121 2919 4157 4206 4586
5 409 2667 3492 4787 4795
5 62 2395 3717 4759 4796
5 1838 3116 3981 4497 4776
5 497 2449 4121 4766 4797
5 1829 3109 4071 4775 4781
5 2437 2520 4124 4494 4718
5 263 2250 3908 4397 4750
5 530 2309 3652 4122 4666
5 1201 1921 4134 4162 4798
5 2091 2806 4151 4429 4764
5 1626 1975 4350 4540 4799
5 1794 2203 4091 4302 4785
5 993 2298 4112 4510 4620
5 723 1334 4060 4189 4768
5 20 887 4704 4800 4801
5 729 1333 4549 4765 4802
5 1825 3104 4331 4445 4795
5 346 3004 4191 4755 4803
5 768 897 4068 4103 4804
5 416 2659 4712 4803 4805
5 767 902 3937 4127 4387
5 682 2232 4088 4521 4806
5 804 1997 3731 4621 4807
5 744 1343 4622 4792 4808
5 1864 3020 3656 4741 4801
5 1174 2559 4662 4784 4809
5 1947 2622 4722 4763 4810
5 2490 2599 3705 4499 4811
5 1863 3024 4746 4797 4812
5 1168 2545 4003 4303 4813
5 2334 2975 4608 4697 4717
5 827 2688 4516 4761 4814
5 2469 2588 4041 4644 4815
5 1075 1425 4607 4743 4816
5 693 1561 4679 4695 4754
5 966 2791 4025 4369 4779
5 828 2677 3854 4699 4817
5 2418 2500 4272 4609 4818
5 766 920 4320 4819 4820
5 1865 3039 3426 4648 4821
5 181 2693 3124 3195 4822
5 169 2704 4310 4751 4823
5 377 3086 4413 4669 4723
5 1348 2952 4557 4655 4658
5 642 3066 4484 4710 4818
5 1350 2955 4576 4649 4820
5 315 2999 4076 4406 4824
5 1368 2956 4063 4185 4536
5 1722 2879 4371 4578 4825
5 1935 2612 4558 4614 4826
5 189 2711 3423 4673 4827
5 2441 2521 4229 4599 4668
5 1572 1617 3718 4780 4828
5 168 2708 3469 4359 4829
5 1167 2550 3477 4788 4830
5 1537 2009 3667 4139 4831
5 1437 2577 3750 4511 4783
5 120 2738 4671 4694 4832
5 404 1689 3650 4430 4833
5 2479 2593 3589 4301 4786
5 1092 1404 3964 4652 4834
5 37 2383 3142 3330 4835
5 1948 2621 3882 4821 4836
5 2489 2600 3403 4395 4837
5 1839 3117 3880 4319 4807
5 831 2674 3651 4368 4812
5 801 1981 4293 4824 4838
5 42 2385 3619 4396 4839
5 107 2755 4308 4660 4840
5 1050 1483 3957 4684 4841
5 1585 1599 3896 4513 4842
5 2160 2720 4401 4670 4748
5 994 2304 4084 4394 4842
5 2482 2590 4187 4749 4813
5 283 2253 4233 4636 4843
5 2474 2594 4349 4575 4844
5 623 2279 4640 4681 4825
5 32 2394 4643 4778 4845
5 1064 1465 4693 4702 4846
5 735 1331 3459 4104 4847
5 59 2386 4685 4735 4848
5 481 2464 4278 4432 4623
5 397 1697 3353 4498 4849
5 2478 2587 3516 3938 4804
5 985 2295 3527 4739 4850
5 187 2695 3762 3914 4851
5 406 1694 3692 4051 4852
5 454 2356 4313 4613 4853
5 1004 2297 3578 4267 4854
5 728 1329 3216 4431 4845
5 1353 2958 3453 4145 4814
5 2347 2962 4388 4689 4794
5 787 1998 4125 4817 4855
5 461 2360 4168 4782 4850
5 674 2217 4196 4506 4856
5 408 1713 4665 4810 4857
5 1569 1616 4507 4790 4858
5 992 2299 3427 4418 4859
5 171 2712 4403 4789 4849
5 663 2222 4680 4802 4833
5 1078 1427 4624 4823 4839
5 2138 2726 4509 4819 4860
5 2407 2494 3818 4332 4861
5 1866 2834 4459 4757 4862
5 2063 2109 3871 3986 4863
5 2148 2722 3990 4039 4864
5 1885 2829 4322 4333 4865
5 2409 2509 4719 4774 4866
5 1448 2575 3300 4687 4867
5 1445 2560 3580 4756 4868
5 2067 2112 4716 4816 4869
5 2423 2532 4591 4772 4870
5 826 2672 4042 4566 4871
5 1452 2578 4594 4773 4872
5 825 2686 3995 4505 4873
5 692 1563 4647 4767 4874
5 1892 2838 4120 4565 4875
5 2433 2527 4338 4733 4876
5 690 1558 4486 4771 4877
5 2134 2727 4563 4731 4878
5 597 2269 3284 3547 4879
5 705 1550 3288 3548 4880
5 2065 2128 4411 4440 4881
5 2420 2530 4323 4355 4882
5 600 2271 4476 4529 4883
5 1456 2566 4657 4843 4884
5 526 2310 4136 4758 4885
5 2073 2107 4225 4826 4886
5 2075 2132 4137 4806 4887
5 532 2326 4560 4725 4888
5 501 2466 4654 4809 4889
5 495 2442 4527 4769 4890
5 2425 2536 4796 4829 4891
5 594 2280 4844 4856 4892
5 1792 2206 4213 4407 4893
5 528 2305 4439 4675 4894
5 1795 2209 4128 4827 4895
5 622 2277 4602 4650 4896
5 2440 2534 4217 4376 4897
5 835 2690 4837 4858 4898
5 829 2675 4347 4730 4899
5 493 2463 3585 4483 4900
5 1874 2837 4373 4726 4901
5 494 2446 3307 4700 4902
5 2159 2734 4354 4836 4903
5 1806 2202 3816 4438 4904
5 1871 2833 3894 4377 4905
5 2415 2491 4597 4830 4906
5 521 2308 4339 4453 4907
5 715 1562 4811 4851 4908
5 833 2669 4815 4847 4909
5 1586 1615 3859 4791 4799
5 684 2233 3435 3475 3711
5 2101 2815 3929 4737 4745
5 763 925 3131 4518 4579
5 1395 2858 3128 3413 3724
5 1177 2556 4491 4793 4798
5 284 2257 3489 3729 4610
5 859 1658 3410 3454 4493
5 1946 2623 3862 3918 4583
5 1089 1422 3868 3922 4736
5 556 1251 3694 3870 4571
5 980 2780 3909 4874 4903
5 138 1672 3367 4886 4910
5 799 1980 3959 4875 4911
5 1789 2200 3992 4734 4912
5 229 1281 3522 4887 4905
5 498 2447 4852 4854 4913
5 619 2273 4688 4834 4914
5 2140 2733 4848 4859 4911
5 2411 2496 3764 4408 4915
5 2417 2512 4230 4828 4916
5 525 2322 3873 4326 4917
5 469 2368 3152 3394 4523
5 2488 2601 3471 3924 4606
5 953 2168 4846 4861 4888
5 685 1556 4692 4853 4910
5 418 2664 4184 4900 4907
5 15 882 3219 4878 4906
5 63 2391 3398 4612 4840
5 401 1711 3170 3457 4855
5 1454 2563 4835 4857 4918
5 1813 2204 4808 4822 4919
5 1640 1956 4838 4866 4893
5 149 1680 4165 4890 4912
5 1010 2302 3706 4519 4841
5 1506 2048 3432 4489 4619
5 965 2797 4156 4873 4902
5 1293 2642 4631 4863 4898
5 124 2739 4194 4876 4913
5 1624 1973 4752 4869 4897
5 89 1211 4543 4867 4899
5 22 885 3660 4882 4909
5 190 2709 4580 4744 4831
5 208 1027 4800 4868 4894
5 1065 1464 4770 4881 4918
5 934 2179 3591 4865 4891
5 436 2649 3620 4901 4908
5 585 2774 3155 3487 4488
5 1200 1900 4399 4870 4914
5 203 1023 3533 4862 4892
5 250 1265 4832 4885 4904
5 1308 2627 3898 4864 4895
5 73 1224 3244 4860 4896
5 784 1999 4081 4871 4917
5 1536 2007 4436 4879 4889
5 741 1341 3173 3697 4604
5 1184 1920 4805 4872 4915
5 103 2752 3350 4877 4916
5 1518 2018 4000 4880 4884
5 1047 1484 4425 4883 4919
