# Generated using Miratope v0.5.0 (https://github.com/galoomba1/miratope-rs)
4OFF

# Vertices, Faces, Edges, Cells
120 4920 1200 1320

# Vertices
0.0834626338555 0 0.3535533905933 0.5 
-0.4885987689621 0 0.2185080122244 0.3090169943749 
0.4370160244488 -0.3090169943749 -0 0.3090169943749 
-0.1350453783689 -0.1909830056251 0.5720614028177 -0 
0.2185080122244 -0.3090169943749 0.4885987689621 -0 
0.2185080122244 -0.1909830056251 -0.2185080122244 0.5 
-0.3535533905933 -0 -0.0834626338555 0.5 
0.0834626338555 -0.5 -0.3535533905933 0 
-0.4885987689621 -0.3090169943749 -0.2185080122244 0 
-0.1350453783689 -0.5 0.1350453783689 -0.3090169943749 
0.2185080122244 -0.5 0.2185080122244 -0.1909830056251 
-0.3535533905933 -0.1909830056251 -0.3535533905933 0.3090169943749 
-0.3535533905933 -0.3090169943749 0.3535533905933 -0.1909830056251 
-0 -0.3090169943749 -0.4370160244488 0.3090169943749 
-0 -0 0 0.6180339887499 
-0.5720614028177 -0.1909830056251 0.1350453783689 -0 
0.3535533905933 -0.5 -0.0834626338555 -0 
0.3535533905933 -0.1909830056251 0.3535533905933 0.3090169943749 
-0.2185080122244 0 0.4885987689621 0.3090169943749 
-0.2185080122244 -0.5 -0.2185080122244 -0.1909830056251 
0.0834626338555 -0 0.3535533905933 -0.5 
-0.4885987689621 0 0.2185080122244 -0.3090169943749 
0.4370160244488 -0.3090169943749 -0 -0.3090169943749 
-0.1350453783689 0.3090169943749 -0.1350453783689 -0.5 
0.2185080122244 0.1909830056251 -0.2185080122244 -0.5 
-0.1350453783689 -0 -0.5720614028177 -0.1909830056251 
0.2185080122244 -0 -0.4885987689621 -0.3090169943749 
-0.3535533905933 -0.5 0.0834626338555 -0 
-0.3535533905933 0.1909830056251 -0.3535533905933 -0.3090169943749 
-0 -0.6180339887499 -0 -0 
-0 -0.3090169943749 0.4370160244488 -0.3090169943749 
-0.5720614028177 0 -0.1350453783689 -0.1909830056251 
0.3535533905933 -0.3090169943749 -0.3535533905933 -0.1909830056251 
0.3535533905933 -0 0.0834626338555 -0.5 
-0.2185080122244 0.1909830056251 0.2185080122244 -0.5 
-0.2185080122244 -0.3090169943749 -0.4885987689621 0 
0.0834626338555 0.5 -0.3535533905933 0 
-0.4885987689621 0.3090169943749 -0.2185080122244 0 
0.4370160244488 -0 -0.4370160244488 0 
-0.1350453783689 0.3090169943749 -0.1350453783689 0.5 
0.2185080122244 0.1909830056251 -0.2185080122244 0.5 
-0.1350453783689 -0.3090169943749 -0.1350453783689 0.5 
-0.3535533905933 -0.1909830056251 -0.3535533905933 -0.3090169943749 
-0 -0.3090169943749 -0.4370160244488 -0.3090169943749 
-0 0.3090169943749 -0.4370160244488 -0.3090169943749 
-0.5720614028177 0 -0.1350453783689 0.1909830056251 
0.3535533905933 -0.3090169943749 -0.3535533905933 0.1909830056251 
0.3535533905933 0.3090169943749 -0.3535533905933 0.1909830056251 
-0.2185080122244 0.5 -0.2185080122244 0.1909830056251 
-0.2185080122244 -0.5 -0.2185080122244 0.1909830056251 
0.4370160244488 0.3090169943749 -0 -0.3090169943749 
-0.1350453783689 0.1909830056251 0.5720614028177 -0 
0.2185080122244 0.3090169943749 0.4885987689621 -0 
-0.3535533905933 -0 -0.0834626338555 -0.5 
-0.1350453783689 0.5 0.1350453783689 0.3090169943749 
0.2185080122244 0.5 0.2185080122244 0.1909830056251 
-0.3535533905933 0.3090169943749 0.3535533905933 0.1909830056251 
-0 -0 0 -0.6180339887499 
-0.5720614028177 0.1909830056251 0.1350453783689 -0 
0.3535533905933 0.5 -0.0834626338555 -0 
0.3535533905933 0.1909830056251 0.3535533905933 -0.3090169943749 
-0.2185080122244 0 0.4885987689621 -0.3090169943749 
0.2185080122244 -0 -0.4885987689621 0.3090169943749 
-0.3535533905933 0.1909830056251 -0.3535533905933 0.3090169943749 
-0.1350453783689 -0.3090169943749 -0.1350453783689 -0.5 
0.2185080122244 -0.1909830056251 -0.2185080122244 -0.5 
-0 0.3090169943749 -0.4370160244488 0.3090169943749 
0.3535533905933 0.3090169943749 -0.3535533905933 -0.1909830056251 
-0.2185080122244 0.5 -0.2185080122244 -0.1909830056251 
0.4370160244488 0.3090169943749 -0 0.3090169943749 
-0.1350453783689 -0 -0.5720614028177 0.1909830056251 
-0.3535533905933 0.5 0.0834626338555 -0 
-0 0.6180339887499 -0 -0 
-0 0.3090169943749 0.4370160244488 0.3090169943749 
0.3535533905933 -0 0.0834626338555 0.5 
-0.2185080122244 -0.1909830056251 0.2185080122244 0.5 
-0.2185080122244 0.3090169943749 -0.4885987689621 0 
0.4370160244488 -0 0.4370160244488 -0 
-0.3535533905933 -0.3090169943749 0.3535533905933 0.1909830056251 
-0.1350453783689 0.5 0.1350453783689 -0.3090169943749 
0.2185080122244 0.5 0.2185080122244 -0.1909830056251 
-0 -0.3090169943749 0.4370160244488 0.3090169943749 
0.3535533905933 0.1909830056251 0.3535533905933 0.3090169943749 
-0.2185080122244 0.1909830056251 0.2185080122244 0.5 
-0.1350453783689 -0.5 0.1350453783689 0.3090169943749 
0.2185080122244 -0.5 0.2185080122244 0.1909830056251 
0.3535533905933 -0.1909830056251 0.3535533905933 -0.3090169943749 
-0.3535533905933 0.3090169943749 0.3535533905933 -0.1909830056251 
-0 0.3090169943749 0.4370160244488 -0.3090169943749 
-0.2185080122244 -0.1909830056251 0.2185080122244 -0.5 
0.5720614028177 -0 0.1350453783689 -0.1909830056251 
0.5720614028177 -0.1909830056251 -0.1350453783689 -0 
0.5720614028177 0.1909830056251 -0.1350453783689 -0 
0.1350453783689 -0.3090169943749 0.1350453783689 -0.5 
0.1350453783689 0.1909830056251 -0.5720614028177 0 
0.5720614028177 -0 0.1350453783689 0.1909830056251 
0.1350453783689 -0.3090169943749 0.1350453783689 0.5 
0.1350453783689 0.3090169943749 0.1350453783689 0.5 
0.1350453783689 -0.1909830056251 -0.5720614028177 0 
0.1350453783689 0.3090169943749 0.1350453783689 -0.5 
0.1350453783689 0.5 -0.1350453783689 -0.3090169943749 
0.1350453783689 -0.5 -0.1350453783689 -0.3090169943749 
0.1350453783689 0 0.5720614028177 0.1909830056251 
-0.4370160244488 -0 -0.4370160244488 0 
0.1350453783689 0 0.5720614028177 -0.1909830056251 
0.1350453783689 -0.5 -0.1350453783689 0.3090169943749 
0.1350453783689 0.5 -0.1350453783689 0.3090169943749 
-0.4370160244488 -0.3090169943749 -0 -0.3090169943749 
-0.4370160244488 -0.3090169943749 -0 0.3090169943749 
-0.4370160244488 0.3090169943749 -0 -0.3090169943749 
-0.4370160244488 0.3090169943749 -0 0.3090169943749 
0.4885987689621 -0 -0.2185080122244 -0.3090169943749 
-0.4370160244488 0 0.4370160244488 -0 
0.4885987689621 -0 -0.2185080122244 0.3090169943749 
0.4885987689621 -0.3090169943749 0.2185080122244 -0 
0.4885987689621 0.3090169943749 0.2185080122244 -0 
-0.0834626338555 0.5 0.3535533905933 -0 
-0.0834626338555 -0.5 0.3535533905933 -0 
-0.0834626338555 -0 -0.3535533905933 0.5 
-0.0834626338555 -0 -0.3535533905933 -0.5 

# Faces
3 0 3 1
5 1 0 6 18 14
3 2 4 0
5 2 14 17 5 0
5 4 0 3 17 18
3 0 6 5
3 8 9 7
5 8 13 19 11 7
5 5 7 2 13 16
3 2 10 7
5 10 7 9 16 19
3 7 11 5
5 8 1 11 15 6
3 1 12 8
5 12 8 9 15 19
3 8 13 6
5 1 12 18 15 3
3 11 14 1
5 4 16 17 10 2
3 2 13 14
5 3 9 4 12 10
3 3 15 9
3 4 16 9
3 3 17 10
3 4 18 12
5 6 5 11 14 13
3 5 17 16
3 6 15 18
3 10 12 19
3 11 19 15
3 13 19 16
3 14 17 18
3 21 23 20
5 12 20 21 30 34
3 20 22 24
5 22 20 10 33 30
5 20 24 34 33 23
3 12 20 10
3 8 25 7
5 8 29 35 27 7
3 7 26 22
5 10 32 29 22 7
5 7 25 32 35 26
3 7 27 10
3 8 28 21
5 8 21 27 31 12
5 28 8 25 31 35
3 8 29 12
5 21 23 31 34 28
3 21 27 30
5 26 22 24 32 33
3 22 30 29
5 25 23 26 28 24
3 25 31 23
3 25 32 24
3 26 33 23
3 24 28 34
3 26 28 35
5 10 12 29 30 27
3 10 32 33
3 31 34 12
3 27 35 31
3 29 32 35
3 30 34 33
3 37 39 36
5 37 36 28 48 44
3 36 40 38
5 38 44 47 26 36
5 39 36 40 48 47
3 28 36 26
3 7 41 8
5 8 43 49 42 7
3 7 5 38
5 7 26 46 43 38
5 7 41 46 49 5
3 7 42 26
3 8 6 37
5 37 8 28 45 42
5 8 6 49 45 41
3 8 43 28
5 37 39 45 48 6
3 37 44 42
5 38 5 47 46 40
3 43 44 38
5 41 40 6 5 39
3 41 39 45
3 41 40 46
3 39 5 47
3 40 48 6
3 6 49 5
5 26 28 43 44 42
3 26 47 46
3 28 48 45
3 45 49 42
3 43 49 46
3 44 47 48
3 20 51 21
5 21 20 53 61 57
3 20 52 50
5 20 24 60 57 50
5 52 20 51 60 61
3 24 53 20
3 36 37 54
5 24 36 50 44 59
3 50 55 36
5 36 54 59 48 55
3 24 36 28
5 28 58 53 37 21
3 37 56 21
5 54 58 48 56 37
3 44 53 37
5 51 21 56 61 58
3 28 57 21
5 50 55 60 59 52
3 44 57 50
5 52 54 51 55 56
3 54 58 51
3 54 59 52
3 55 60 51
3 52 56 61
5 28 57 44 53 24
3 24 60 59
3 55 56 48
3 53 58 61
3 28 58 48
3 44 59 48
3 57 61 60
3 36 37 23
5 37 36 63 68 66
3 38 24 36
5 36 38 66 67 62
5 24 36 23 67 68
3 62 63 36
3 7 64 8
3 7 38 65
5 38 13 32 62 7
5 7 64 32 19 65
3 7 11 62
3 37 8 53
5 63 8 37 11 31
5 8 53 19 31 64
3 8 63 13
5 53 68 31 23 37
3 37 66 11
5 32 67 65 38 24
3 13 66 38
5 64 24 53 65 23
3 23 64 31
3 32 64 24
3 23 67 65
3 24 68 53
3 65 19 53
5 62 11 66 13 63
3 62 67 32
3 63 68 31
3 11 31 19
3 13 19 32
3 66 68 67
3 1 41 0
5 1 73 75 56 0
3 0 5 69
5 69 73 74 55 0
5 0 5 75 74 41
3 55 56 0
3 36 70 37
5 36 71 76 72 37
5 36 69 72 47 55
3 36 62 69
5 36 70 47 76 62
3 36 55 71
5 37 1 71 45 56
3 11 1 37
5 11 76 45 70 37
3 37 56 72
5 41 1 11 75 45
3 1 71 73
5 62 69 5 47 74
3 69 72 73
5 11 62 41 70 5
3 41 70 45
3 47 70 5
3 41 62 74
3 5 75 11
5 55 56 72 73 71
3 55 74 47
3 62 11 76
3 56 75 45
3 45 76 71
3 47 76 72
3 73 74 75
3 1 54 0
5 1 81 83 78 0
5 0 77 81 82 4
3 55 77 0
5 55 83 82 54 0
3 4 78 0
3 20 79 21
5 79 20 80 34 60
5 4 20 77 30 60
3 20 77 80
3 12 4 20
5 12 58 78 21 1
3 1 71 21
5 21 79 58 34 71
3 21 30 78
5 1 54 58 83 71
3 12 81 1
5 55 79 54 80 71
3 54 79 58
3 60 79 55
5 55 77 80 82 60
3 77 81 30
3 80 82 54
5 4 78 30 81 12
3 4 82 60
3 55 71 83
3 80 71 34
3 78 58 83
3 12 58 34
3 30 34 60
3 82 83 81
3 20 3 21
3 20 4 22
5 20 22 57 86 65
5 4 61 86 3 20
3 53 65 20
3 7 84 8
5 7 22 43 16 65
3 7 22 85
5 84 16 49 85 7
3 42 65 7
5 8 21 42 15 53
3 8 78 21
5 8 84 15 49 78
3 8 53 43
5 21 3 15 61 78
3 21 57 42
5 85 22 4 16 86
3 22 57 43
5 3 84 4 78 85
3 3 84 15
3 4 16 84
3 85 86 3
3 4 61 78
5 53 43 57 42 65
3 16 86 65
3 85 49 78
3 53 61 15
3 49 15 42
3 49 16 43
3 61 86 57
3 20 64 21
5 21 20 87 89 88
3 20 50 65
5 50 88 33 80 20
5 64 20 65 89 33
3 20 80 87
3 36 37 25
5 80 36 50 72 67
3 36 50 26
5 26 76 67 25 36
3 71 80 36
3 42 21 37
5 21 37 87 31 71
5 37 25 31 76 42
3 72 87 37
5 64 21 42 89 31
3 21 71 88
5 65 67 33 26 50
3 72 88 50
5 26 64 25 65 42
3 25 64 31
3 65 25 67
3 33 64 26
3 65 89 42
5 71 88 72 87 80
3 80 67 33
3 26 76 42
3 31 89 87
3 71 76 31
3 72 76 67
3 33 89 88
3 0 51 1
5 69 14 82 40 0
3 0 69 52
5 51 82 18 52 0
3 6 0 40
3 36 37 79
5 40 59 66 69 36
3 36 80 69
5 80 68 59 79 36
3 40 63 36
5 37 1 63 58 6
3 37 1 87
5 58 68 87 37 79
3 37 6 66
5 58 18 87 1 51
3 14 63 1
5 80 69 52 59 82
3 69 14 66
5 87 52 79 51 80
3 58 51 79
3 52 59 79
3 80 51 82
5 6 66 14 63 40
3 40 82 59
3 52 87 18
3 6 58 18
3 80 68 87
3 63 68 58
3 66 59 68
3 14 82 18
3 0 1 84
5 0 52 17 73 77
3 77 85 0
5 84 17 75 85 0
3 56 0 52
3 20 9 21
5 52 20 77 88 86
3 20 77 10
5 10 89 86 9 20
3 20 87 52
5 1 21 56 15 87
3 21 1 27
5 27 89 15 9 21
3 21 56 88
5 1 84 15 75 27
3 1 73 87
5 86 17 10 77 85
3 77 88 73
5 9 85 27 10 84
3 15 9 84
3 86 9 85
3 10 84 17
5 52 56 88 73 87
3 52 17 86
3 85 27 75
3 10 89 27
3 56 75 15
3 87 15 89
3 88 86 89
3 73 17 75
3 1 39 0
3 0 40 2
5 0 2 81 74 85
5 40 83 74 39 0
3 78 85 0
3 8 70 7
5 7 85 46 29 2
3 2 62 7
5 70 7 62 35 46
3 7 85 27
5 1 8 78 45 27
3 8 63 1
5 63 35 45 70 8
3 8 29 78
5 63 83 45 39 1
3 1 27 81
5 46 74 62 2 40
3 2 29 81
5 63 62 39 70 40
3 45 70 39
3 40 46 70
3 74 39 62
3 40 63 83
5 85 78 29 81 27
3 85 74 46
3 83 45 78
3 62 35 63
3 27 35 45
3 29 46 35
3 81 74 83
3 0 2 77
5 39 0 54 14 73
3 54 0 52
3 5 0 39
3 36 38 50
5 39 36 54 66 72
3 54 36 80
3 36 62 39
5 62 91 5 38 2
3 38 2 90
5 50 91 67 90 38
3 38 5 66
5 77 2 90 17 91
3 14 62 2
5 50 77 80 90 52
3 50 77 91
3 52 72 50
3 77 73 80
5 72 52 54 80 73
3 66 14 54
5 66 5 39 62 14
3 72 73 39
3 17 90 52
3 17 91 5
3 80 67 90
3 67 91 62
3 66 72 67
3 17 73 14
3 22 64 20
5 22 60 93 90 20
3 53 79 20
5 53 20 64 34 93
3 20 90 80
3 38 25 36
5 92 36 38 59 94
3 36 28 79
5 36 25 68 94 28
3 36 92 80
3 43 22 38
5 90 32 92 22 38
5 32 94 43 38 25
3 38 90 59
5 43 93 32 64 22
3 22 92 60
5 68 34 28 79 53
3 60 59 79
5 28 64 25 53 43
3 32 64 25
3 68 25 53
3 28 34 64
5 60 92 80 90 59
3 80 34 68
3 53 93 43
3 28 43 94
3 32 93 90
3 32 94 92
3 59 94 68
3 34 93 60
3 20 77 22
5 20 23 88 57 79
3 20 52 79
3 20 65 23
3 38 69 36
5 23 36 79 44 72
3 55 36 79
3 26 36 23
5 26 91 65 38 22
3 22 95 38
5 69 38 95 47 91
3 38 65 44
5 91 86 95 22 77
3 22 57 26
5 69 77 55 95 52
3 91 69 77
3 72 52 69
5 79 52 72 88 55
3 57 79 44
3 55 88 77
5 26 57 44 65 23
3 72 23 88
3 52 95 86
3 55 95 47
3 86 91 65
3 26 91 47
3 44 72 47
3 57 88 86
3 2 84 0
5 2 0 95 96 82
3 0 51 78
5 0 78 96 18 84
3 0 95 52
3 20 22 9
5 12 93 61 9 20
3 20 12 51
3 20 90 52
5 95 22 2 90 16
3 29 22 2
5 29 22 9 16 93
3 22 95 60
5 2 84 16 96 29
3 90 82 2
5 9 78 29 12 84
3 16 9 84
3 78 9 61
5 12 51 78 61 18
3 60 82 51
3 12 18 84
5 60 95 52 90 82
3 61 18 52
3 29 96 78
3 29 93 12
3 16 96 95
3 93 16 90
3 60 93 61
3 18 96 82
3 2 69 0
5 3 73 81 51 0
3 55 0 51
3 3 85 0
3 22 50 20
5 20 3 88 30 51
3 20 80 51
3 10 3 20
5 22 2 10 91 85
3 22 92 2
5 22 50 91 33 92
3 30 85 22
5 69 91 74 92 2
3 10 81 2
5 80 92 55 50 69
3 91 50 69
3 55 88 50
3 69 80 73
5 73 80 51 55 88
3 30 81 51
5 3 10 81 30 85
3 88 3 73
3 55 74 92
3 85 91 74
3 80 33 92
3 10 33 91
3 33 30 88
3 73 81 74
3 0 41 2
3 0 54 6
5 6 96 83 41 0
3 0 95 55
3 36 70 38
3 54 63 36
5 36 63 94 48 70
3 36 55 92
5 95 38 2 92 46
3 13 38 2
5 13 38 70 46 94
3 38 95 59
5 46 96 13 2 41
3 82 92 2
5 48 83 63 54 6
3 54 82 59
5 13 63 41 70 6
3 46 70 41
3 6 70 48
3 83 41 63
5 55 92 82 59 95
3 55 83 48
3 6 13 96
3 63 94 13
3 95 96 46
3 92 46 94
3 59 48 94
3 83 96 82
3 20 50 77
3 9 20 4
5 64 30 57 9 20
3 20 64 24
3 7 2 38
5 64 7 9 43 29
3 9 85 7
3 7 64 26
5 38 50 26 92 24
3 50 95 38
3 43 24 38
5 4 2 77 85 95
3 2 92 77
3 4 29 2
5 60 95 50 77 92
3 57 26 50
3 77 85 30
5 4 29 30 85 9
3 57 9 43
3 60 95 4
5 64 26 57 43 24
3 29 30 64
3 60 24 92
3 85 95 46
3 46 26 92
3 46 29 43
3 57 30 60
3 0 69 39
5 95 0 69 17 97
3 0 84 6
5 6 97 75 39 0
3 0 95 85
3 7 38 70
5 91 7 38 16 98
3 7 84 11
5 11 98 49 70 7
3 85 91 7
3 38 69 66
5 66 98 47 70 38
3 95 38 16
5 69 39 47 97 66
3 91 17 69
5 49 75 11 84 6
3 17 84 16
5 66 6 70 39 11
3 47 39 70
3 6 49 70
3 75 39 11
5 91 17 16 95 85
3 85 75 49
3 6 97 66
3 95 97 47
3 66 98 11
3 91 47 98
3 49 98 16
3 17 75 97
3 23 50 20
5 50 20 90 99 86
3 53 9 20
5 23 20 53 99 89
3 20 90 10
3 7 38 25
3 9 42 7
5 7 25 19 98 42
3 10 7 91
3 44 38 50
5 44 98 67 25 38
3 90 16 38
5 23 50 44 99 67
3 50 86 91
5 89 19 53 9 42
3 16 9 86
5 44 42 23 25 53
3 23 25 67
3 19 25 53
3 42 23 89
3 53 44 99
5 16 90 10 91 86
3 19 89 10
3 42 44 98
3 90 67 99
3 91 98 67
3 19 98 16
3 89 99 86
3 0 69 77
5 0 84 14 81 41
3 4 84 0
3 41 0 40
3 7 22 38
5 41 7 84 13 29
3 7 10 84
3 7 41 62
5 40 38 69 62 92
3 38 69 90
3 38 40 13
5 10 90 4 22 77
3 92 77 22
3 29 4 22
5 69 90 82 92 77
3 69 14 62
3 81 10 77
5 4 29 81 10 84
3 14 84 13
5 41 62 14 13 40
3 29 81 41
3 4 90 82
3 82 40 92
3 32 90 10
3 32 92 62
3 32 13 29
3 82 81 14
3 0 54 69
5 56 97 18 54 0
3 3 56 0
3 0 95 4
3 50 79 20
5 79 20 87 99 61
3 20 3 87
3 4 90 20
5 90 69 50 95 59
3 69 50 72
5 59 99 72 50 79
3 95 86 50
5 72 69 54 59 97
3 90 69 17
5 54 87 72 56 79
3 54 79 59
3 61 79 56
3 18 54 87
5 56 61 18 87 3
3 3 17 86
5 17 86 95 4 90
3 4 61 18
3 72 97 56
3 87 99 72
3 95 59 97
3 90 59 99
3 86 99 61
3 18 97 17
3 50 23 36
5 36 50 47 100 92
3 36 28 70
5 36 23 76 100 28
3 36 62 92
3 7 64 22
5 22 46 101 91 7
3 7 70 42
5 42 101 35 64 7
3 7 91 62
3 57 22 50
5 57 101 33 64 22
3 22 46 92
5 57 100 33 23 50
3 91 47 50
5 76 35 28 70 42
3 47 70 46
5 23 42 57 28 64
3 33 64 23
3 28 64 35
3 42 23 76
5 46 47 91 62 92
3 62 76 35
3 57 100 28
3 42 101 57
3 92 100 33
3 91 101 33
3 46 101 35
3 47 100 76
3 36 69 50
5 25 36 70 44 66
3 36 70 40
3 24 36 25
3 7 22 2
5 7 70 43 13 25
3 7 70 5
3 7 25 65
5 24 90 65 50 22
3 95 50 22
3 22 43 24
5 5 95 40 2 69
3 2 69 90
3 2 13 40
3 50 44 65
3 69 5 66
5 5 66 13 40 70
3 43 44 70
5 25 24 43 44 65
3 66 25 13
3 40 95 59
3 59 90 24
3 5 95 16
3 65 90 16
3 16 13 43
3 59 66 44
3 0 77 51
5 77 74 102 95 0
5 0 56 102 83 51
3 56 39 0
3 40 95 0
3 36 79 50
5 71 36 79 48 100
3 36 39 71
3 36 40 92
5 50 79 60 100 88
3 88 50 77
3 95 50 47
5 88 56 79 51 71
3 51 79 60
3 56 48 79
5 88 102 60 51 77
3 92 77 74
3 71 51 83
5 56 39 71 83 48
3 39 74 47
5 92 74 47 95 40
3 48 83 40
3 88 102 56
3 60 102 95
3 71 100 88
3 92 60 100
3 47 48 100
3 74 83 102
3 0 3 77
5 3 75 102 78 0
3 41 78 0
3 0 5 95
3 9 22 7
5 7 27 101 49 9
3 7 41 27
3 5 91 7
3 30 22 77
5 30 22 9 86 101
3 95 46 22
5 77 3 86 102 30
3 91 77 74
5 27 3 9 78 30
3 9 86 3
3 49 9 78
3 75 3 27
5 27 41 78 49 75
3 41 74 46
5 74 91 5 95 46
3 5 75 49
3 78 30 102
3 95 86 102
3 27 101 30
3 91 101 86
3 49 101 46
3 75 102 74
3 51 0 54
3 3 84 0
3 41 39 0
3 8 37 21
5 41 8 84 11 27
3 8 84 12
3 41 63 8
5 37 54 63 71 39
3 54 87 37
3 39 11 37
5 51 21 3 87 12
3 21 71 51
3 21 27 3
5 51 71 73 87 54
3 14 63 54
3 12 51 81
5 81 27 3 84 12
3 14 84 11
3 73 3 87
5 41 63 14 11 39
3 27 41 81
3 73 39 71
3 31 87 12
3 31 63 71
3 27 11 31
3 14 81 73
3 20 79 24
3 65 9 20
5 20 65 99 93 24
3 20 12 87
3 25 37 8
5 37 15 103 58 8
3 8 43 9
5 8 25 19 103 43
3 12 58 8
3 37 79 44
5 44 37 25 68 103
3 87 15 37
5 68 99 44 79 24
3 58 79 61
5 65 9 43 93 19
3 9 61 15
3 24 68 25
3 65 25 19
3 43 24 93
3 44 99 65
5 58 61 15 87 12
3 19 93 12
3 68 99 87
3 43 44 103
3 58 68 103
3 15 103 19
3 61 99 93
3 20 51 79
3 9 20 3
3 23 20 64
3 8 1 37
5 9 42 27 64 8
3 8 78 9
3 28 64 8
5 37 23 71 28 79
3 37 79 56
3 37 42 23
5 1 51 78 56 3
3 71 51 1
3 1 27 3
3 28 57 79
3 42 9 57
3 78 51 30
3 88 56 3
3 27 64 30
3 71 23 88
3 45 56 78
3 45 71 28
3 42 27 45
3 88 30 57
3 0 40 54
3 5 84 0
5 5 0 40 96 97
3 0 78 56
3 8 70 37
3 8 84 13
5 13 8 70 49 103
3 78 58 8
3 37 66 54
5 70 37 66 103 48
3 56 37 15
5 40 54 66 97 48
3 58 18 54
5 13 84 5 49 96
3 18 84 15
3 40 70 48
3 49 70 5
3 96 40 13
3 5 97 66
5 78 56 15 18 58
3 78 49 96
3 48 97 56
3 66 103 13
3 58 103 48
3 49 103 15
3 96 97 18
3 77 3 20
5 77 33 104 90 20
5 12 104 89 3 20
3 20 64 12
3 20 65 90
3 7 2 84
5 7 91 105 32 2
5 7 27 105 19 84
3 7 64 27
3 7 91 65
3 77 2 81
5 2 84 17 105 81
3 90 32 2
5 81 104 17 3 77
3 91 77 33
3 3 17 84
3 12 19 84
3 27 89 3
5 27 64 12 19 89
3 32 64 33
5 32 33 91 65 90
3 65 19 89
3 81 104 12
3 90 17 104
3 27 81 105
3 17 105 91
3 19 105 32
3 33 89 104
3 36 69 39
5 92 36 69 67 106
3 36 63 25
5 39 76 106 63 36
3 36 26 92
3 7 41 2
5 11 105 35 41 7
3 7 11 25
3 26 91 7
3 14 2 69
5 14 105 74 41 2
3 92 32 2
5 14 106 74 39 69
3 91 67 69
3 41 39 74
3 63 41 35
5 11 25 63 35 76
3 32 25 67
3 11 76 39
5 32 67 91 26 92
3 35 76 26
3 63 14 106
3 11 105 14
3 74 106 92
3 91 74 105
3 35 105 32
3 67 106 76
3 20 51 77
5 51 34 104 87 20
3 20 87 23
3 24 90 20
3 36 54 69
5 54 36 71 106 68
3 23 71 36
3 36 92 24
3 73 69 77
5 54 69 73 106 82
3 67 69 90
5 73 104 82 51 77
3 92 77 33
3 54 82 51
3 87 54 68
3 71 51 34
5 68 34 71 23 87
3 33 67 23
5 33 92 24 90 67
3 34 68 24
3 87 73 104
3 73 106 71
3 90 104 82
3 82 106 92
3 68 106 67
3 34 104 33
3 54 36 79
3 36 70 39
3 25 36 23
3 8 1 21
5 25 11 42 70 8
3 6 70 8
3 8 25 53
5 23 21 79 53 87
3 56 79 21
3 21 23 42
5 1 54 6 56 39
3 1 54 87
3 11 39 1
3 53 79 44
3 66 54 6
3 44 70 42
3 66 25 11
3 72 39 56
3 72 23 87
3 15 6 56
3 15 53 87
3 15 42 11
3 72 44 66
3 0 4 51
3 0 85 41
5 0 4 96 102 85
3 6 56 0
3 9 21 8
5 8 58 107 45 21
5 9 8 29 107 49
3 29 41 8
3 6 58 8
5 21 30 107 61 9
3 21 30 51
3 21 45 56
3 9 61 4
3 49 9 85
5 4 51 30 102 61
3 58 83 51
5 29 41 85 49 96
3 45 41 83
3 29 96 4
3 85 102 30
5 83 45 56 6 58
3 49 96 6
3 56 102 61
3 30 107 29
3 61 107 58
3 45 49 107
3 83 102 96
3 36 24 79
3 36 26 70
5 26 36 24 94 100
3 36 71 63
3 21 64 8
3 8 43 70
5 64 8 43 107 35
3 63 58 8
3 21 57 79
5 57 107 34 64 21
3 71 45 21
5 57 100 34 24 79
3 48 79 58
5 43 70 26 35 94
3 48 70 45
3 24 34 64
3 26 35 64
3 94 24 43
3 57 100 26
5 48 58 63 71 45
3 63 35 94
3 57 107 43
3 34 100 71
3 34 107 58
3 45 35 107
3 48 94 100
3 36 54 40
3 36 62 25
5 62 36 40 94 106
3 36 71 28
3 8 41 1
5 1 31 108 58 8
5 8 13 108 35 41
3 8 25 13
3 28 8 58
3 1 54 14
5 1 41 83 108 14
3 71 31 1
5 14 106 83 40 54
3 54 68 58
3 41 83 40
3 62 35 41
5 62 25 13 94 35
3 31 25 68
3 13 94 40
3 62 106 14
5 68 58 28 71 31
3 28 35 94
3 71 106 83
3 13 14 108
3 58 83 108
3 35 108 31
3 94 106 68
3 51 4 20
5 20 10 104 93 4
3 20 10 64
3 20 87 53
3 8 84 1
5 8 84 19 108 29
3 8 64 29
3 53 8 58
3 81 51 1
5 81 108 18 84 1
3 31 1 87
5 18 104 81 51 4
3 58 51 34
3 4 18 84
3 10 19 84
3 29 93 4
5 29 64 10 19 93
3 34 64 31
5 58 34 31 87 53
3 53 19 93
3 81 104 10
3 87 104 18
3 29 81 108
3 18 108 58
3 19 108 31
3 34 93 104
3 7 9 65
3 26 70 7
5 26 101 98 65 7
3 11 27 7
3 23 37 21
5 37 21 45 109 15
3 37 44 70
5 37 44 109 76 23
3 15 37 11
3 21 9 57
5 23 21 57 109 89
3 21 45 27
5 57 9 65 89 101
3 15 49 9
5 98 76 26 70 44
3 45 70 49
3 65 23 89
3 26 76 23
3 44 98 65
3 57 26 101
5 45 49 15 11 27
3 11 76 98
3 27 89 101
3 57 109 44
3 89 109 15
3 45 109 76
3 49 98 101
3 7 84 9
3 41 7 70
3 25 64 7
3 37 21 1
5 70 37 25 63 28
3 37 70 6
3 37 53 25
5 64 21 9 53 12
3 78 9 21
3 21 28 64
5 41 1 84 6 78
3 1 84 12
3 41 63 1
3 43 9 53
3 6 13 84
3 28 43 70
3 78 41 29
3 63 25 13
3 29 64 12
3 58 6 78
3 58 12 53
3 58 63 28
3 29 13 43
3 0 3 52
3 0 55 39
5 55 0 52 97 102
3 6 78 0
3 37 79 21
5 79 37 72 109 48
3 37 39 72
3 15 37 6
5 21 88 109 61 79
3 21 3 88
3 21 45 78
3 52 61 79
3 48 79 55
5 88 102 61 52 3
3 15 3 75
5 72 97 48 55 39
3 45 75 39
3 52 97 72
3 55 102 88
5 6 78 45 75 15
3 6 48 97
3 61 102 78
3 88 109 72
3 15 61 109
3 48 109 45
3 75 97 102
3 52 3 20
3 23 80 20
5 52 99 104 80 20
3 20 12 53
3 37 54 1
5 15 37 1 31 110
5 72 37 54 68 110
3 23 72 37
3 53 15 37
5 73 110 18 54 1
3 1 3 73
3 12 31 1
3 52 54 18
3 80 54 68
5 73 104 18 52 3
3 3 89 15
5 80 23 72 99 68
3 31 23 89
3 52 99 72
3 73 80 104
5 31 89 15 53 12
3 53 68 99
3 12 104 18
3 72 110 73
3 18 110 15
3 31 110 68
3 89 99 104
3 5 84 7
3 25 62 7
5 7 5 98 105 62
3 27 42 7
3 39 1 37
3 37 66 25
5 39 37 66 110 76
3 42 15 37
3 1 14 84
5 1 39 75 110 14
3 27 31 1
5 84 5 75 105 14
3 19 84 15
5 66 25 62 76 98
3 31 25 19
3 5 75 39
3 62 76 39
3 66 5 98
3 62 105 14
5 31 19 15 42 27
3 42 98 76
3 27 105 75
3 66 14 110
3 15 75 110
3 76 110 31
3 98 105 19
3 9 84 8
3 41 8 70
3 8 25 64
3 2 22 38
5 25 38 70 26 62
3 5 38 70
3 38 25 65
5 64 10 65 9 22
3 85 9 22
3 26 64 22
5 2 84 5 85 41
3 2 84 10
3 62 41 2
3 42 65 9
3 11 84 5
3 26 70 42
3 27 85 41
3 62 25 11
3 27 10 64
3 5 85 91
3 91 10 65
3 91 26 62
3 27 11 42
3 0 52 4
3 0 40 55
3 0 5 85
3 50 22 38
5 38 16 111 46 22
5 50 38 59 111 47
3 38 59 40
3 5 16 38
5 60 22 50 86 111
3 4 22 60
3 85 46 22
3 50 86 52
3 55 47 50
5 60 102 86 52 4
3 16 4 96
5 47 97 59 40 55
3 46 40 96
3 59 52 97
5 46 96 16 5 85
3 47 5 97
3 60 55 102
3 86 102 85
3 59 111 60
3 16 111 86
3 46 111 47
3 97 102 96
3 8 9 53
3 8 70 28
5 28 107 103 53 8
3 13 29 8
3 24 22 38
3 38 44 70
5 44 111 94 24 38
3 13 38 16
3 22 57 9
5 22 24 93 111 57
3 22 46 29
5 57 9 53 93 107
3 16 9 49
5 70 28 94 103 44
3 46 49 70
3 53 24 93
3 28 94 24
3 44 53 103
3 57 107 28
5 46 49 16 13 29
3 94 103 13
3 44 111 57
3 93 107 29
3 16 93 111
3 46 94 111
3 49 107 103
3 7 85 41
3 10 64 7
5 7 85 101 105 10
3 11 42 7
3 1 3 21
5 1 31 112 45 21
5 3 21 30 112 89
3 21 64 30
3 42 21 45
5 1 81 112 75 3
3 1 41 81
3 11 1 31
3 85 3 75
3 10 89 3
5 81 105 75 85 41
3 41 35 45
5 89 101 30 64 10
3 35 64 31
3 30 85 101
3 81 105 10
5 31 11 42 45 35
3 89 101 42
3 11 105 75
3 81 112 30
3 75 112 45
3 31 89 112
3 35 105 101
3 39 55 36
3 36 23 80
5 55 100 106 80 36
3 36 63 28
3 51 1 21
5 21 88 112 34 51
3 21 23 88
3 28 21 45
5 1 73 112 83 51
3 1 39 73
3 63 31 1
3 51 83 55
3 80 51 34
5 55 39 73 106 83
3 45 39 76
5 34 100 88 23 80
3 31 76 23
3 55 100 88
3 80 106 73
5 45 28 63 31 76
3 28 34 100
3 63 83 106
3 88 73 112
3 83 112 45
3 31 112 34
3 100 106 76
3 6 84 8
3 25 63 8
5 6 103 108 63 8
3 8 43 29
3 38 2 40
5 38 16 113 32 2
3 38 66 25
5 66 38 40 94 113
3 43 16 38
3 2 14 84
5 2 14 113 96 40
3 32 2 29
5 6 84 14 108 96
3 19 84 16
5 66 103 94 63 25
3 32 19 25
3 6 96 40
3 40 94 63
3 66 6 103
3 14 63 108
5 19 32 29 43 16
3 94 103 43
3 96 108 29
3 66 113 14
3 96 113 16
3 32 113 94
3 19 108 103
3 52 4 20
3 20 80 24
3 10 65 20
3 38 2 69
5 38 69 67 113 59
3 24 38 59
3 38 16 65
5 82 2 69 17 113
3 2 82 4
3 10 2 32
3 52 17 69
3 80 67 69
5 17 104 82 4 52
3 16 4 93
3 52 99 59
5 24 80 67 99 59
3 24 93 32
5 32 93 16 65 10
3 67 65 99
3 80 104 82
3 10 104 17
3 59 113 82
3 16 113 17
3 67 113 32
3 93 99 104
3 53 79 37
3 37 70 42
5 37 42 109 103 53
3 37 66 72
3 65 50 38
3 38 70 43
5 38 65 98 111 43
3 38 59 66
3 50 79 57
5 57 111 99 65 50
3 72 50 47
5 57 79 53 99 109
3 59 79 48
5 43 70 42 98 103
3 47 48 70
3 53 99 65
3 42 98 65
3 53 103 43
3 42 109 57
3 57 111 43
5 47 72 66 59 48
3 66 98 103
3 72 99 109
3 59 99 111
3 98 111 47
3 103 109 48
3 54 37 79
3 37 39 70
3 23 37 25
3 38 69 50
3 40 38 70
3 25 38 24
5 79 50 23 80 24
3 50 79 55
3 26 50 23
5 39 55 40 54 69
3 80 54 69
3 62 69 39
3 28 79 24
3 63 40 54
3 26 70 28
3 63 25 62
3 71 55 39
3 80 23 71
3 55 40 92
3 92 80 24
3 26 62 92
3 71 63 28
3 36 40 55
3 36 24 80
3 36 62 26
3 77 22 2
5 2 22 46 114 32
5 22 60 114 33 77
3 24 60 22
3 26 22 46
5 2 77 74 114 82
3 82 2 40
3 62 2 32
3 74 77 55
3 80 77 33
5 55 40 82 106 74
3 40 94 46
5 24 80 33 100 60
3 32 24 94
3 60 100 55
3 82 80 106
5 32 94 46 26 62
3 33 100 26
3 74 62 106
3 82 114 60
3 46 114 74
3 33 114 32
3 100 106 94
3 8 78 41
3 8 12 64
5 12 8 78 107 108
3 8 13 43
3 4 2 22
5 22 4 93 114 30
3 22 30 64
3 46 22 43
3 81 41 2
5 2 81 114 96 4
3 13 2 32
5 78 41 81 108 96
3 46 41 35
3 78 96 4
3 4 93 12
5 12 64 30 107 93
3 35 64 32
3 78 107 30
3 81 12 108
5 43 13 32 35 46
3 93 107 43
3 13 108 96
3 30 114 81
3 46 96 114
3 93 114 32
3 107 108 35
3 37 54 6
3 37 11 25
5 37 6 103 110 11
3 37 72 44
3 5 69 38
3 38 13 25
5 38 5 98 113 13
3 44 38 59
3 14 69 54
5 5 97 113 14 69
3 72 69 67
5 54 14 110 97 6
3 59 68 54
5 25 11 98 103 13
3 67 25 68
3 5 97 6
3 11 5 98
3 13 6 103
3 14 11 110
3 13 113 14
5 67 72 44 59 68
3 98 103 44
3 97 110 72
3 59 113 97
3 67 98 113
3 103 110 68
3 21 51 79
3 3 9 21
3 23 64 21
3 77 50 22
3 4 22 9
3 24 64 22
3 50 79 52
3 23 50 65
3 53 24 79
5 77 51 4 52 3
3 80 51 77
3 3 77 10
3 53 9 65
3 4 51 12
3 87 52 3
3 52 4 90
3 12 64 10
3 87 23 80
3 80 24 90
3 90 65 10
3 87 12 53
3 21 28 79
3 21 9 42
5 28 21 42 109 107
3 30 88 21
3 22 50 26
3 22 9 43
5 26 101 111 43 22
3 22 60 30
3 50 79 44
5 50 26 100 111 44
3 88 50 86
5 28 100 109 44 79
3 61 79 60
5 43 107 101 42 9
3 61 9 86
3 28 26 100
3 42 26 101
3 43 28 107
3 44 42 109
3 43 111 44
5 60 30 88 86 61
3 101 107 30
3 88 100 109
3 60 100 111
3 86 111 101
3 107 109 61
3 39 56 37
3 37 23 87
5 56 109 110 87 37
3 44 66 37
3 52 50 69
5 50 47 115 67 69
3 88 23 50
5 50 52 99 115 88
3 44 50 47
3 73 69 39
5 69 52 97 115 73
3 67 69 66
5 39 56 97 110 73
3 47 39 76
5 23 87 99 109 88
3 67 23 76
3 52 97 56
3 52 99 87
3 88 109 56
3 87 110 73
5 44 66 67 76 47
3 44 99 109
3 66 110 97
3 73 115 88
3 97 115 47
3 99 115 67
3 76 110 109
3 5 85 7
3 7 65 10
3 7 26 62
3 50 69 77
5 50 86 115 33 77
3 86 50 65
3 47 50 26
5 17 69 77 74 115
3 5 17 69
3 62 67 69
3 85 77 74
3 10 33 77
5 5 85 74 105 17
3 47 5 98
5 65 10 33 101 86
3 67 65 98
3 86 101 85
5 26 62 67 98 47
3 26 101 33
3 17 10 105
3 74 62 105
3 86 115 17
3 47 115 74
3 33 115 67
3 98 101 105
3 51 78 21
3 21 64 27
5 27 112 107 78 21
3 21 88 57
3 22 77 85
3 22 29 64
5 29 22 85 101 114
3 57 22 60
3 81 51 77
5 81 77 85 102 114
3 33 77 88
5 78 102 112 81 51
3 60 51 34
5 29 107 101 27 64
3 33 34 64
3 85 102 78
3 85 101 27
3 78 107 29
3 27 112 81
3 29 114 81
5 57 88 33 34 60
3 57 107 101
3 102 112 88
3 102 114 60
3 33 114 101
3 34 112 107
3 54 63 1
3 1 84 11
5 1 63 108 110 11
3 1 81 73
3 62 2 69
3 2 84 13
5 13 113 105 62 2
3 81 2 82
3 66 54 69
5 69 62 106 113 66
3 73 69 17
5 54 63 106 110 66
3 82 18 54
5 11 84 13 108 105
3 17 84 18
3 63 62 106
3 11 62 105
3 13 108 63
3 66 11 110
3 66 113 13
5 17 73 81 82 18
3 81 108 105
3 106 110 73
3 82 113 106
3 105 113 17
3 108 110 18
3 54 1 51
3 3 84 1
3 39 1 41
3 2 69 77
3 2 84 4
3 40 41 2
3 54 69 52
3 39 69 5
3 55 77 51
3 85 3 77
3 40 54 6
3 78 51 4
3 6 84 5
3 56 3 52
3 78 85 41
3 55 39 56
3 95 52 4
3 95 40 55
3 85 5 95
3 56 6 78
3 21 3 56
3 21 71 23
5 71 21 56 109 112
3 21 57 30
3 55 77 50
3 72 23 50
5 55 50 72 115 100
3 57 86 50
3 77 3 73
5 77 55 102 115 73
3 30 33 77
5 3 73 112 102 56
3 86 89 3
5 72 109 100 71 23
3 23 89 33
3 56 102 55
3 71 100 55
3 72 109 56
3 73 112 71
5 33 89 86 57 30
3 100 109 57
3 73 115 72
3 30 102 112
3 102 115 86
3 33 115 100
3 89 112 109
3 8 78 6
3 8 12 53
3 8 63 28
3 54 51 79
5 79 48 116 68 54
5 79 61 116 34 51
3 61 79 53
3 48 79 28
5 51 54 18 116 83
3 6 18 54
3 68 54 63
3 83 51 78
3 34 51 12
5 18 108 83 78 6
3 48 6 103
5 34 107 61 53 12
3 53 103 68
3 61 107 78
5 68 103 48 28 63
3 28 107 34
3 12 108 18
3 83 63 108
3 61 116 18
3 48 83 116
3 68 116 34
3 103 107 108
3 38 95 40
3 38 90 24
5 38 95 111 113 90
3 38 66 44
3 54 52 79
5 60 116 99 52 79
3 60 24 79
3 44 48 79
3 82 54 40
5 54 52 97 116 82
3 68 54 66
5 97 113 82 40 95
3 40 94 48
3 95 52 97
3 90 52 99
5 99 111 60 24 90
3 68 24 94
3 95 111 60
3 82 90 113
5 48 94 68 66 44
3 99 111 44
3 97 113 66
3 60 82 116
3 97 116 48
3 68 116 99
3 94 111 113
3 12 51 1
3 1 27 41
5 27 1 12 108 112
3 1 14 73
3 10 77 2
3 2 41 29
5 2 10 105 114 29
3 2 82 14
3 77 51 30
5 30 114 104 10 77
3 74 77 73
5 51 30 112 104 12
3 82 83 51
5 29 41 27 105 108
3 74 83 41
3 12 10 104
3 27 105 10
3 29 108 12
3 30 112 27
3 29 114 30
5 82 83 74 73 14
3 14 108 105
3 104 112 73
3 82 114 104
3 74 105 114
3 108 112 83
3 1 3 87
3 1 39 71
5 87 1 71 112 110
3 14 81 1
3 80 69 77
3 69 39 72
5 69 72 115 106 80
3 14 17 69
3 88 77 3
5 80 104 115 88 77
3 81 77 74
5 3 87 104 112 88
3 3 75 17
5 39 72 110 106 71
3 74 39 75
3 80 104 87
3 71 80 106
3 87 110 72
3 88 71 112
3 88 72 115
5 75 17 14 81 74
3 106 110 14
3 81 112 104
3 104 115 17
3 74 115 106
3 75 112 110
3 4 95 22
3 24 92 22
5 92 114 111 95 22
3 30 57 22
3 55 79 51
3 59 79 24
5 55 79 59 116 100
3 61 79 57
3 82 51 4
5 55 51 82 116 102
3 30 34 51
5 4 95 102 114 82
3 61 4 93
5 59 111 100 92 24
3 34 93 24
3 55 102 95
3 55 100 92
3 59 95 111
3 82 92 114
5 61 93 34 30 57
3 57 100 111
3 30 114 102
3 59 116 82
3 61 116 102
3 100 116 34
3 93 111 114
3 5 95 38
3 65 90 38
3 38 13 43
3 4 9 84
5 84 9 49 117 19
5 9 4 93 117 86
3 65 9 86
3 43 49 9
5 84 4 96 117 17
3 5 84 17
3 13 19 84
3 95 96 4
3 90 4 93
5 95 5 17 113 96
3 49 98 5
5 65 90 93 111 86
3 19 98 65
3 86 95 111
5 13 43 49 98 19
3 93 111 43
3 90 113 17
3 13 113 96
3 86 117 17
3 96 117 49
3 19 117 93
3 98 113 111
3 37 56 6
3 53 87 37
3 42 11 37
3 9 84 3
5 3 89 117 61 9
3 61 9 53
3 42 49 9
5 3 75 117 18 84
3 18 84 6
3 19 84 11
3 56 75 3
3 87 89 3
5 75 110 18 6 56
3 49 6 103
5 53 87 89 109 61
3 53 103 19
3 61 109 56
5 49 103 19 11 42
3 89 42 109
3 87 110 18
3 75 110 11
3 61 117 18
3 49 75 117
3 19 117 89
3 103 110 109
3 4 90 2
3 2 40 92
5 90 2 92 114 113
3 2 81 14
3 54 51 80
3 59 40 54
5 80 54 59 116 106
3 14 18 54
3 60 4 51
5 51 60 116 104 80
3 81 83 51
5 4 90 104 114 60
3 18 96 4
5 40 92 106 113 59
3 83 40 96
3 90 80 104
3 92 80 106
3 59 113 90
3 92 114 60
5 18 96 83 81 14
3 14 106 113
3 60 59 116
3 81 114 104
3 18 116 104
3 83 116 106
3 96 114 113
3 52 95 50
3 65 91 50
5 50 95 111 115 91
3 57 88 50
3 3 9 85
3 16 65 9
5 16 9 85 101 117
3 61 57 9
3 17 3 52
5 17 117 102 85 3
3 89 3 88
5 52 17 115 102 95
3 52 99 61
5 65 16 111 101 91
3 89 99 65
3 95 102 85
3 91 101 85
3 95 111 16
5 89 88 57 61 99
3 57 101 111
3 17 115 91
3 88 115 102
3 17 117 16
3 102 117 61
3 101 117 89
3 99 111 115
3 56 78 21
3 28 71 21
3 21 42 27
3 41 70 39
5 41 35 118 49 70
5 39 76 118 48 70
3 48 70 28
3 42 70 49
5 39 41 83 118 75
3 83 78 41
3 35 41 27
3 75 39 56
3 71 76 39
5 83 112 75 56 78
3 49 107 78
5 48 109 76 71 28
3 35 28 107
3 48 109 56
5 49 42 27 35 107
3 42 109 76
3 71 112 83
3 75 27 112
3 48 83 118
3 49 75 118
3 76 118 35
3 109 112 107
3 22 85 95
3 26 92 22
3 22 43 29
3 40 70 41
5 70 40 94 118 47
3 47 70 26
3 49 43 70
5 41 40 96 118 74
3 41 85 74
3 29 41 35
3 96 40 95
3 92 40 94
5 85 95 96 114 74
3 49 101 85
5 26 92 94 111 47
3 26 101 35
3 47 95 111
5 43 29 35 101 49
3 43 111 94
3 92 114 74
3 96 114 29
3 74 118 47
3 96 118 49
3 35 94 118
3 101 111 114
3 52 69 90
3 5 91 69
5 69 91 115 113 90
3 73 14 69
3 10 84 3
3 5 84 16
5 16 117 105 10 84
3 18 84 14
3 3 52 86
5 3 10 104 117 86
3 75 3 73
5 52 90 104 115 86
3 52 97 18
5 16 5 91 105 113
3 75 97 5
3 90 104 10
3 10 105 91
3 16 90 113
3 86 115 91
5 73 14 18 97 75
3 14 105 113
3 73 115 104
3 86 16 117
3 18 117 104
3 105 117 75
3 113 115 97
3 55 50 95
3 50 91 26
3 50 44 72
3 5 39 70
5 5 70 46 118 98
3 46 70 26
3 48 70 44
5 39 74 118 97 5
3 55 39 74
3 76 39 72
3 95 5 97
3 91 98 5
5 74 115 97 95 55
3 48 100 55
5 46 26 91 98 111
3 76 100 26
3 46 95 111
5 48 100 76 72 44
3 44 111 98
3 91 115 74
3 97 72 115
3 74 46 118
3 97 118 48
3 76 118 98
3 100 115 111
3 52 79 56
3 58 53 79
5 58 79 56 109 116
3 57 79 60
3 9 78 4
3 15 9 53
5 78 9 15 117 107
3 86 57 9
3 4 52 18
5 4 78 102 117 18
3 4 93 60
5 18 52 56 102 116
3 86 99 52
5 53 58 107 109 15
3 53 99 93
3 56 78 102
3 58 107 78
3 56 109 15
5 57 86 99 93 60
3 107 109 57
3 18 116 58
3 18 15 117
3 60 102 116
3 86 117 102
3 107 117 93
3 99 116 109
3 2 90 10
3 2 92 62
3 13 29 2
3 25 64 24
5 64 25 19 119 35
5 25 67 119 94 24
3 67 62 25
3 19 25 13
5 33 64 24 93 119
3 33 10 64
3 29 35 64
3 90 24 93
3 92 94 24
5 33 10 90 93 114
3 10 105 19
5 67 113 94 92 62
3 35 62 105
3 90 113 67
5 19 105 35 29 13
3 94 13 113
3 92 114 33
3 93 29 114
3 67 33 119
3 19 119 93
3 35 119 94
3 113 114 105
3 1 12 87
3 1 63 71
3 1 11 27
3 23 64 25
5 23 76 119 68 25
3 63 25 68
3 19 11 25
5 34 64 23 89 119
3 12 64 34
3 35 27 64
3 89 87 23
3 76 23 71
5 87 12 34 112 89
3 12 108 19
5 76 110 68 63 71
3 63 108 35
3 68 87 110
5 27 11 19 108 35
3 76 110 11
3 34 71 112
3 89 112 27
3 34 119 68
3 19 89 119
3 35 119 76
3 108 110 112
3 77 92 55
3 77 85 91
5 77 91 115 114 92
3 77 81 73
3 41 39 62
3 46 85 41
5 46 118 105 62 41
3 83 81 41
3 47 55 39
5 39 62 106 118 47
3 73 75 39
5 55 47 115 106 92
3 55 102 83
5 85 46 114 105 91
3 85 102 75
3 92 106 62
3 91 105 62
3 92 114 46
3 91 115 47
5 81 73 75 102 83
3 81 105 114
3 73 106 115
3 46 118 47
3 83 118 106
3 105 118 75
3 102 115 114
3 52 87 54
3 58 6 54
5 58 54 87 110 116
3 82 54 14
3 4 84 12
3 6 84 15
5 12 84 15 117 108
3 17 84 14
3 61 52 4
5 61 4 12 104 117
3 4 96 82
5 61 116 104 87 52
3 52 97 17
5 15 110 108 58 6
3 96 97 6
3 87 104 12
3 58 12 108
3 15 87 110
5 14 17 97 96 82
3 14 108 110
3 58 116 61
3 61 117 15
3 104 116 82
3 17 104 117
3 96 117 108
3 110 116 97
3 69 90 80
3 69 91 62
3 69 66 72
3 25 65 23
5 65 25 32 119 98
3 25 62 32
3 68 66 25
5 23 33 119 99 65
3 33 80 23
3 76 23 72
3 99 65 90
3 91 98 65
5 80 33 115 99 90
3 68 106 80
5 62 32 113 98 91
3 62 106 76
3 32 90 113
5 66 72 76 106 68
3 98 113 66
3 91 115 33
3 99 115 72
3 33 32 119
3 99 119 68
3 98 119 76
3 106 115 113
3 56 79 55
3 58 79 28
3 59 44 79
3 6 70 40
5 70 6 103 118 45
3 45 28 70
3 47 70 44
3 55 40 83
5 83 40 6 97 118
3 40 94 59
5 83 55 56 97 116
3 47 55 100
3 97 56 6
3 6 103 58
5 28 45 109 103 58
3 94 100 28
3 56 109 45
5 47 100 94 59 44
3 103 109 44
3 58 116 83
3 59 116 97
3 45 118 83
3 47 118 97
3 94 103 118
3 109 116 100
3 80 92 77
3 10 91 77
3 77 88 30
3 23 64 26
5 64 32 119 101 26
3 32 64 10
3 34 30 64
3 67 80 23
5 26 100 119 67 23
3 88 89 23
5 92 80 67 115 100
3 34 80 104
3 92 26 100
3 91 26 101
5 10 91 101 114 32
3 10 104 89
3 32 114 92
3 91 115 67
5 30 88 89 104 34
3 30 114 101
3 88 100 115
3 67 119 32
3 34 100 119
3 89 119 101
3 104 115 114
3 55 71 51
3 58 51 78
5 51 71 112 116 58
3 82 81 51
3 40 63 41
3 45 78 41
5 63 41 45 118 108
3 74 81 41
3 48 40 55
5 48 40 63 106 118
3 82 96 40
5 55 71 106 116 48
3 74 55 102
5 45 78 58 108 112
3 78 102 96
3 71 106 63
3 58 108 63
3 71 112 45
3 48 58 116
5 81 74 102 96 82
3 81 112 108
3 48 45 118
3 82 116 106
3 74 118 106
3 96 108 118
3 102 116 112
3 54 87 80
3 54 63 58
3 59 54 66
3 25 53 24
5 25 53 103 119 31
3 31 25 63
3 66 25 67
3 24 80 34
5 34 24 53 99 119
3 59 24 94
5 34 80 87 99 116
3 67 80 106
3 53 87 99
3 58 103 53
5 31 63 58 103 110
3 63 94 106
3 87 110 31
5 67 106 94 59 66
3 66 110 103
3 34 58 116
3 99 116 59
3 31 119 34
3 99 119 67
3 94 119 103
3 106 110 116
3 85 78 9
3 15 9 42
3 16 9 43
3 6 70 5
3 42 70 45
3 46 43 70
3 75 85 5
5 5 75 118 96 6
3 16 98 5
5 85 78 96 117 75
3 46 85 101
3 96 6 78
3 6 103 15
3 45 78 107
5 42 15 103 107 45
3 98 101 42
5 43 46 101 98 16
3 103 107 43
3 75 15 117
3 16 117 96
3 75 45 118
3 96 118 46
3 98 118 103
3 101 117 107
3 71 51 80
3 51 12 58
3 60 30 51
3 28 64 24
5 31 64 28 107 119
3 31 64 12
3 33 30 64
3 24 80 68
5 28 24 68 119 100
3 60 93 24
5 71 100 116 68 80
3 33 80 104
3 100 71 28
3 28 107 58
5 31 112 107 58 12
3 12 104 93
3 31 112 71
5 30 60 93 104 33
3 107 112 30
3 68 58 116
3 100 116 60
3 68 31 119
3 33 119 100
3 93 119 107
3 112 116 104
3 85 27 3
3 15 56 3
5 15 3 27 112 117
3 3 73 17
3 5 11 39
3 39 56 45
5 11 39 45 118 110
3 74 39 73
3 5 85 49
5 11 105 118 49 5
3 17 97 5
5 49 117 105 27 85
3 74 85 102
5 56 15 110 112 45
3 56 102 97
3 11 105 27
3 11 110 15
3 45 27 112
3 15 117 49
5 17 73 74 102 97
3 73 110 112
3 49 45 118
3 105 117 17
3 105 118 74
3 110 118 97
3 102 117 112
3 12 84 10
3 15 11 84
3 16 84 13
3 65 25 53
3 31 11 25
3 32 13 25
5 65 53 93 119 89
3 89 65 10
3 16 98 65
3 93 12 53
3 53 103 15
5 10 89 117 93 12
3 10 105 32
3 31 12 108
5 31 11 15 103 108
3 98 105 11
5 32 13 16 98 105
3 103 108 13
3 15 117 89
3 93 117 16
3 89 31 119
3 93 32 119
3 98 119 103
3 108 117 105
3 10 3 27
3 3 87 15
3 3 88 86
3 65 42 23
5 42 23 31 119 109
3 31 87 23
3 33 88 23
3 10 65 19
5 65 42 101 119 19
3 86 65 99
5 27 10 19 117 101
3 10 104 33
3 101 27 42
3 15 109 42
5 87 15 109 112 31
3 99 104 87
3 27 112 31
5 88 86 99 104 33
3 88 109 112
3 19 117 15
3 101 117 86
3 19 119 31
3 33 101 119
3 99 109 119
3 112 117 104
3 78 4 29
3 16 95 4
5 29 4 16 117 114
3 4 82 18
3 6 13 40
3 46 40 95
5 46 40 13 113 118
3 82 40 83
3 49 6 78
5 6 49 118 108 13
3 6 18 97
5 78 29 108 117 49
3 78 102 83
5 95 46 114 113 16
3 95 97 102
3 29 108 13
3 16 13 113
3 29 114 46
3 49 117 16
5 18 82 83 102 97
3 82 114 113
3 49 46 118
3 18 108 117
3 83 118 108
3 97 113 118
3 102 117 114
3 63 41 62
3 45 27 41
3 41 29 46
3 26 28 64
3 31 64 27
3 32 64 29
3 62 26 76
5 28 94 119 76 26
3 26 101 46
5 63 94 118 76 62
3 62 105 32
3 94 28 63
3 45 28 107
3 31 108 63
5 27 31 108 107 45
3 27 101 105
5 46 29 32 105 101
3 29 108 107
3 45 118 76
3 46 118 94
3 76 31 119
3 94 32 119
3 101 119 107
3 105 108 118
3 62 39 11
3 39 71 45
3 39 72 47
3 26 42 23
3 23 71 31
3 23 72 67
3 26 62 35
5 26 42 98 119 35
3 47 100 26
5 11 62 35 118 98
3 62 106 67
3 98 42 11
3 45 42 109
3 31 110 11
5 31 71 45 109 110
3 71 106 100
5 72 47 100 106 67
3 72 110 109
3 35 45 118
3 35 31 119
3 47 118 98
3 98 119 67
3 100 109 119
3 106 118 110
3 12 29 4
3 16 4 90
3 60 4 61
3 24 43 53
5 24 32 119 111 43
3 24 90 32
3 24 34 60
3 19 12 53
5 43 53 19 119 107
3 53 99 61
5 19 117 107 29 12
3 12 104 34
3 29 107 43
3 43 111 16
5 32 114 111 16 90
3 99 104 90
3 32 114 29
5 61 99 104 34 60
3 111 114 60
3 19 117 16
3 107 117 61
3 19 32 119
3 34 107 119
3 111 119 99
3 114 117 104
3 56 72 52
3 52 95 59
5 59 116 115 72 52
3 17 52 18
3 6 5 66
3 5 95 47
5 66 5 47 118 113
3 5 75 17
3 48 56 6
5 48 118 110 66 6
3 18 96 6
5 56 72 110 116 48
3 56 102 75
5 47 95 59 113 115
3 95 102 96
3 72 66 110
3 59 113 66
3 72 115 47
3 59 116 48
5 18 96 102 75 17
3 17 115 113
3 47 118 48
3 18 110 116
3 110 118 75
3 113 118 96
3 102 115 116
3 13 40 63
3 46 40 92
3 48 59 40
3 28 43 24
3 24 92 32
3 59 68 24
3 35 63 28
5 43 28 35 119 103
3 28 48 100
5 63 35 118 103 13
3 68 106 63
3 13 103 43
3 46 111 43
3 32 113 13
5 92 46 111 113 32
3 100 106 92
5 59 48 100 106 68
3 59 113 111
3 35 118 46
3 32 119 35
3 103 118 48
3 103 119 68
3 111 119 100
3 106 118 113
3 87 52 72
3 52 90 59
3 52 86 61
3 44 65 53
3 65 90 67
5 65 67 119 111 44
3 86 89 65
3 68 87 53
5 44 53 68 119 109
3 61 93 53
5 68 87 72 109 116
3 87 104 89
5 67 115 111 59 90
3 90 104 93
3 72 109 44
3 59 44 111
3 67 115 72
3 68 116 59
5 61 93 104 89 86
3 86 115 111
3 61 109 116
3 68 119 67
3 109 119 89
3 111 119 93
3 115 116 104
3 56 88 55
3 60 95 55
5 60 55 88 115 116
3 55 74 83
3 30 85 78
3 86 95 85
5 86 85 30 114 117
3 74 85 75
3 56 78 61
5 30 78 61 117 112
3 83 96 78
5 61 56 88 112 116
3 75 97 56
5 95 60 114 115 86
3 95 96 97
3 88 112 30
3 60 30 114
3 88 86 115
3 60 116 61
3 86 61 117
5 75 74 83 96 97
3 114 115 74
3 83 116 112
3 112 117 75
3 96 114 117
3 115 116 97
3 11 66 5
3 5 91 47
3 16 49 5
3 42 65 44
3 65 91 67
3 19 16 65
3 76 42 11
5 76 42 44 103 119
3 42 101 49
5 76 11 66 103 118
3 19 11 105
3 44 103 66
3 47 44 111
3 66 113 67
5 91 67 113 111 47
3 91 101 105
5 49 16 19 105 101
3 16 113 111
3 47 118 76
3 67 76 119
3 49 118 103
3 19 103 119
3 101 111 119
3 113 118 105
3 71 55 88
3 60 92 55
3 48 47 55
3 26 57 28
3 26 92 33
5 26 57 111 119 33
3 47 76 26
3 34 71 28
5 57 28 34 119 109
3 48 94 28
5 88 71 34 116 109
3 76 71 106
5 92 33 115 111 60
3 92 106 94
3 57 88 109
3 60 111 57
3 88 33 115
3 34 116 60
5 48 94 106 76 47
3 111 115 47
3 48 116 109
3 33 34 119
3 76 109 119
3 94 119 111
3 106 116 115
3 87 73 80
3 80 90 82
5 82 116 115 73 80
3 34 80 33
3 12 10 81
3 17 90 10
5 17 117 114 81 10
3 33 89 10
3 18 87 12
5 81 12 18 117 112
3 12 93 34
5 18 116 112 73 87
3 87 99 89
5 90 82 114 115 17
3 93 99 90
3 73 112 81
3 82 114 81
3 17 115 73
3 18 116 82
3 17 18 117
5 34 33 89 99 93
3 33 115 114
3 34 116 112
3 89 112 117
3 114 117 93
3 115 116 99
3 30 85 27
3 86 85 91
3 49 85 46
3 42 26 57
3 26 33 91
3 26 46 35
3 89 42 27
5 57 107 119 89 42
3 49 98 42
5 30 107 117 89 27
3 27 105 35
3 30 57 107
3 57 111 86
5 86 111 114 33 91
3 91 98 105
3 33 30 114
3 86 117 89
5 49 46 35 105 98
3 111 114 46
3 33 89 119
3 107 117 49
3 35 119 107
3 111 119 98
3 114 117 105
3 13 6 66
3 48 6 58
3 6 15 49
3 44 53 43
3 53 68 58
3 15 53 19
3 43 13 94
5 94 43 44 98 119
3 49 107 43
5 66 13 94 118 98
3 13 19 108
3 98 44 66
3 44 109 48
3 68 66 110
5 58 68 110 109 48
3 58 107 108
5 19 108 107 49 15
3 109 110 15
3 48 118 94
3 94 68 119
3 98 118 49
3 19 98 119
3 107 109 119
3 110 118 108
3 73 80 71
3 80 92 82
3 67 68 80
3 63 62 14
3 62 92 74
5 74 62 14 113 118
3 67 76 62
3 71 63 83
5 14 63 83 118 110
3 63 94 68
5 83 71 73 110 116
3 76 100 71
5 92 82 113 115 74
3 92 94 100
3 73 110 14
3 82 113 14
3 73 115 74
3 82 116 83
3 74 118 83
5 68 67 76 100 94
3 113 115 67
3 68 110 116
3 76 118 110
3 94 113 118
3 115 116 100
3 27 81 10
3 17 10 91
3 10 32 19
3 11 62 14
3 74 91 62
3 35 62 32
3 11 27 75
5 75 11 14 108 118
3 19 98 11
5 81 27 75 117 108
3 27 101 35
5 17 91 74 114 113
3 98 101 91
3 14 81 108
3 14 113 17
3 81 114 74
3 17 117 75
5 32 19 98 101 35
3 32 114 113
3 75 74 118
3 108 117 19
3 35 118 108
3 113 118 98
3 101 117 114
3 29 78 30
3 61 78 58
3 49 78 45
3 43 57 28
3 28 34 58
3 28 45 35
3 43 29 93
5 93 43 57 101 119
3 43 103 49
5 30 101 117 93 29
3 29 108 35
3 57 30 101
3 57 61 109
3 30 34 112
5 58 61 109 112 34
3 58 103 108
5 45 35 108 103 49
3 109 112 45
3 93 61 117
3 101 117 49
3 34 119 93
3 101 119 35
3 109 119 103
3 108 117 112
3 29 81 12
3 12 58 18
3 19 31 12
3 13 63 14
3 83 63 58
3 31 63 35
3 96 13 29
5 13 96 118 105 14
3 13 103 19
5 29 81 105 117 96
3 35 107 29
3 81 14 105
3 18 110 14
5 83 112 110 18 58
3 103 107 58
3 83 112 81
5 35 31 19 103 107
3 31 110 112
3 18 117 96
3 83 96 118
3 105 117 19
3 35 105 118
3 110 118 103
3 107 117 112
3 56 88 72
3 56 15 61
3 45 56 48
3 44 57 42
3 15 89 42
3 42 76 45
5 44 57 100 119 99
3 44 72 99
3 44 103 48
3 57 100 88
3 61 107 57
5 88 72 99 116 100
3 76 110 72
3 89 112 88
5 15 89 112 107 61
3 15 103 110
5 76 45 48 103 110
3 107 112 45
3 61 116 99
3 100 116 48
3 89 99 119
3 76 100 119
3 103 107 119
3 112 116 110
3 72 87 73
3 18 87 15
3 31 68 87
3 14 66 11
3 11 75 15
3 11 31 76
3 72 97 66
5 14 106 118 97 66
3 66 103 68
5 72 97 116 106 73
3 76 109 72
3 73 106 14
3 18 108 14
5 18 15 75 112 108
3 15 103 109
3 73 112 75
5 68 103 109 76 31
3 108 112 31
3 18 116 97
3 106 116 68
3 75 97 118
3 76 106 118
3 108 118 103
3 109 112 116
3 60 59 95
3 86 16 95
3 47 46 95
3 44 57 43
3 16 93 43
3 43 94 46
3 44 59 99
3 47 98 44
3 60 100 57
3 86 101 57
5 60 59 99 115 100
3 59 113 94
3 60 93 114
5 16 86 101 114 93
3 16 113 98
3 86 115 99
5 46 94 113 98 47
3 101 114 46
3 47 115 100
3 93 99 119
3 100 119 94
3 101 119 98
3 114 115 113
3 73 88 71
3 45 83 71
3 34 31 71
3 30 81 27
3 75 45 27
3 31 27 89
3 30 102 88
5 30 102 117 104 81
3 30 34 107
5 73 88 102 116 104
3 88 109 89
3 81 73 104
3 83 108 81
3 73 110 75
5 75 45 83 108 110
3 45 109 107
5 34 107 109 89 31
3 31 110 108
3 83 102 116
3 104 116 34
3 75 117 102
3 89 117 104
3 107 108 117
3 109 110 116
3 59 90 82
3 16 90 17
3 67 90 32
3 13 14 66
3 13 96 16
3 13 94 32
3 66 59 97
3 67 98 66
3 82 106 14
3 14 105 17
5 59 82 106 115 97
3 59 94 111
5 16 96 114 105 17
3 16 111 98
3 96 114 82
3 97 115 17
5 32 67 98 111 94
3 32 105 114
3 106 115 67
3 96 118 97
3 106 118 94
3 98 105 118
3 111 114 115
3 60 82 92
3 46 92 74
3 33 92 32
3 30 29 81
3 46 96 29
3 29 93 32
3 60 102 30
3 33 101 30
3 82 104 81
3 74 105 81
5 82 104 115 102 60
3 60 111 93
3 96 82 113
5 46 96 113 105 74
3 101 111 46
5 32 93 111 101 33
3 105 113 32
3 74 115 102
3 33 115 104
3 102 117 96
3 93 117 104
3 101 105 117
3 113 115 111
3 17 86 91
3 47 91 74
3 67 91 33
3 72 73 88
3 72 97 47
3 67 72 99
3 86 102 88
3 88 100 33
3 17 73 104
3 74 106 73
5 17 86 102 114 104
3 99 111 86
3 17 113 97
5 74 106 113 97 47
3 47 100 111
3 74 114 102
5 67 33 100 111 99
3 106 113 67
3 33 114 104
3 102 116 97
3 99 116 104
3 100 106 116
3 113 114 111
3 58 61 18
3 58 83 48
3 58 68 34
3 60 59 82
3 48 97 59
3 68 99 59
3 60 61 102
3 60 100 34
3 82 104 18
3 83 106 82
5 61 102 112 104 18
3 61 99 109
3 18 110 97
5 83 48 97 110 106
3 48 100 109
3 102 112 83
5 68 34 100 109 99
3 68 106 110
3 34 112 104
3 97 115 102
3 104 115 99
3 100 106 115
3 109 110 112
3 18 61 15
3 15 49 75
3 15 19 89
3 16 86 17
3 16 96 49
3 16 19 93
3 86 61 102
3 86 89 101
3 18 104 17
3 17 75 105
3 93 107 61
3 18 108 96
5 49 75 105 108 96
3 101 107 49
3 102 112 75
5 93 19 89 101 107
3 105 108 19
3 89 112 104
3 102 114 96
3 104 114 93
3 101 114 105
3 108 112 107
3 45 83 48
3 49 75 45
3 45 76 35
3 47 46 74
3 46 96 49
3 35 94 46
3 47 48 97
3 47 76 98
3 74 83 106
3 74 105 75
3 48 103 94
3 83 108 96
3 49 98 103
3 97 110 75
3 97 113 96
5 35 76 98 103 94
3 35 108 105
3 76 106 110
3 106 113 94
3 98 113 105
3 103 110 108
3 31 68 34
3 19 89 31
3 31 35 76
3 33 67 32
3 19 93 32
3 32 35 94
3 68 99 67
3 76 98 67
3 34 100 33
3 33 89 101
3 68 103 94
3 34 107 93
3 19 103 98
3 89 109 99
3 35 107 101
3 100 109 76
3 93 99 111
3 94 100 111
3 101 111 98
3 103 107 109
4 1 11 5 0
4 5 66 54 0
4 1 11 66 54
4 20 10 27 21
4 51 20 10 81
4 27 81 51 21
4 36 37 42 26
4 36 79 57 26
4 37 79 57 42
4 21 20 24 28
4 9 20 24 43
4 21 28 43 9
4 7 8 63 62
4 62 14 84 7
4 63 14 84 8
4 0 55 71 1
4 0 55 88 3
4 1 3 88 71
4 1 12 4 0
4 4 0 41 29
4 12 29 41 1
4 7 65 53 8
4 7 65 44 70
4 53 44 70 8
4 37 36 80 87
4 39 73 80 36
4 87 37 39 73
4 36 37 6 40
4 40 13 25 36
4 13 25 37 6
4 20 21 56 52
4 20 52 72 23
4 56 21 23 72
4 7 85 78 8
4 7 64 30 85
4 30 64 8 78
4 20 22 43 53
4 50 44 53 20
4 44 50 22 43
4 38 13 63 36
4 36 69 14 63
4 13 38 69 14
4 2 29 78 0
4 0 78 30 77
4 29 2 77 30
4 0 39 62 2
4 0 39 11 84
4 11 84 2 62
4 22 20 80 92
4 20 4 82 80
4 4 82 92 22
4 7 8 28 26
4 7 26 57 9
4 9 57 28 8
4 36 38 65 23
4 23 42 70 36
4 65 42 70 38
4 2 90 52 0
4 0 52 59 40
4 59 90 2 40
4 8 7 10 12
4 10 81 41 7
4 12 8 41 81
4 20 22 85 3
4 3 27 64 20
4 85 27 64 22
4 7 8 6 5
4 7 25 66 5
4 6 8 25 66
4 36 55 95 38
4 36 55 60 24
4 38 24 60 95
4 2 0 6 13
4 0 6 66 69
4 13 66 69 2
4 50 72 87 20
4 20 87 73 77
4 73 77 50 72
4 7 42 44 38
4 22 57 42 7
4 44 38 22 57
4 50 20 64 26
4 20 79 28 64
4 28 79 50 26
4 36 62 11 37
4 36 62 14 54
4 11 37 54 14
4 69 0 85 91
4 0 85 86 52
4 52 86 91 69
4 69 80 51 0
4 51 71 39 0
4 80 69 39 71
4 37 53 24 36
4 24 43 70 36
4 37 70 43 53
4 7 10 90 38
4 5 7 10 17
4 5 38 90 17
4 38 40 41 7
4 7 41 63 25
4 40 38 25 63
4 20 4 95 50
4 16 65 20 4
4 65 50 95 16
4 37 56 55 36
4 23 36 55 88
4 37 23 88 56
4 36 38 43 28
4 36 50 57 28
4 50 38 43 57
4 69 72 56 0
4 0 56 88 77
4 88 72 69 77
4 7 27 30 22
4 2 7 27 81
4 30 81 2 22
4 0 84 10 77
4 51 12 84 0
4 12 51 77 10
4 36 50 91 62
4 55 36 62 74
4 50 55 74 91
4 21 42 65 20
4 79 20 65 44
4 44 79 21 42
4 22 24 25 7
4 7 25 53 9
4 24 53 9 22
4 77 0 40 92
4 40 46 85 0
4 77 92 46 85
4 20 21 71 80
4 20 3 73 80
4 73 3 21 71
4 36 54 52 50
4 54 87 23 36
4 52 50 23 87
4 20 4 78 21
4 4 20 64 29
4 78 21 64 29
4 7 22 95 5
4 7 26 47 5
4 22 26 47 95
4 8 13 66 37
4 1 14 13 8
4 37 1 14 66
4 54 0 95 59
4 51 60 95 0
4 54 59 60 51
4 69 62 41 0
4 41 63 54 0
4 62 69 54 63
4 20 79 58 12
4 18 52 20 12
4 79 58 18 52
4 8 37 23 64
4 64 8 70 26
4 26 70 37 23
4 0 54 87 3
4 0 6 15 3
4 6 54 87 15
4 36 38 90 80
4 40 82 80 36
4 38 40 82 90
4 79 55 77 20
4 77 20 24 92
4 79 24 92 55
4 36 39 5 38
4 36 25 11 39
4 11 25 38 5
4 37 56 78 8
4 8 53 61 78
4 53 61 56 37
4 22 20 12 29
4 20 77 81 12
4 29 81 77 22
4 7 38 66 11
4 2 14 11 7
4 14 66 38 2
4 36 71 88 50
4 69 36 71 73
4 50 69 73 88
4 36 69 5 70
4 36 54 6 70
4 6 54 69 5
4 1 27 85 0
4 0 51 30 85
4 30 51 1 27
4 20 77 91 65
4 67 80 20 65
4 80 67 91 77
4 79 20 3 56
4 56 3 77 55
4 1 0 40 63
4 0 40 13 84
4 1 63 13 84
4 2 92 26 7
4 7 26 33 10
4 10 33 92 2
4 7 2 4 9
4 7 41 78 9
4 2 4 78 41
4 24 90 69 36
4 36 24 32 62
4 62 69 90 32
4 0 52 87 1
4 52 72 39 0
4 87 1 39 72
4 8 43 44 37
4 8 21 57 43
4 37 44 57 21
4 79 60 92 36
4 54 36 92 82
4 54 79 60 82
4 50 65 25 36
4 25 53 79 36
4 65 53 79 50
4 58 6 0 51
4 6 48 55 0
4 55 48 58 51
4 69 0 4 90
4 80 51 4 90
4 22 20 23 26
4 20 9 42 23
4 22 9 42 26
4 8 63 71 21
4 63 83 78 8
4 21 71 83 78
4 8 21 3 84
4 8 64 10 84
4 21 3 10 64
4 36 79 56 39
4 36 28 45 39
4 28 79 56 45
4 20 52 95 22
4 52 20 24 59
4 22 95 59 24
4 9 16 90 20
4 3 20 90 17
4 9 16 17 3
4 15 56 0 84
4 56 0 4 61
4 84 15 61 4
4 0 77 91 5
4 84 5 91 10
4 7 64 24 38
4 64 28 70 7
4 38 24 28 70
4 12 87 37 8
4 8 12 18 6
4 6 37 87 18
4 8 41 39 37
4 25 62 41 8
4 39 62 25 37
4 51 78 9 20
4 51 20 53 58
4 53 9 78 58
4 7 38 95 85
4 65 7 85 86
4 38 95 86 65
4 79 20 90 59
4 20 90 82 51
4 51 82 59 79
4 21 30 29 8
4 1 81 29 8
4 30 81 1 21
4 20 9 85 77
4 85 77 51 78
4 54 36 28 58
4 34 28 36 80
4 58 34 80 54
4 8 70 39 1
4 70 8 84 5
4 5 84 1 39
4 20 51 71 23
4 23 20 12 31
4 12 51 71 31
4 2 0 55 92
4 4 60 55 0
4 4 2 92 60
4 36 50 95 40
4 52 95 40 54
4 0 2 10 3
4 3 27 41 0
4 2 41 27 10
4 8 53 87 1
4 8 53 68 63
4 68 87 1 63
4 0 84 16 95
4 86 3 0 95
4 3 86 16 84
4 21 37 72 88
4 1 37 72 73
4 1 21 88 73
4 77 80 54 0
4 80 77 3 87
4 9 15 11 7
4 7 85 75 11
4 9 85 75 15
4 37 25 64 21
4 24 79 37 25
4 64 21 79 24
4 41 0 56 45
4 56 45 27 3
4 20 10 91 50
4 17 52 20 10
4 50 52 17 91
4 7 65 90 2
4 9 65 90 4
4 20 51 55 50
4 55 50 23 71
4 37 21 78 6
4 6 37 42 49
4 21 42 49 78
4 41 0 95 46
4 47 95 0 39
4 41 39 47 46
4 70 36 71 45
4 36 40 83 71
4 45 83 40 70
4 21 8 25 23
4 8 25 65 9
4 23 65 9 21
4 54 0 78 58
4 58 63 41 78
4 7 22 92 62
4 7 85 74 62
4 85 22 92 74
4 36 69 91 26
4 5 70 26 91
4 22 4 84 7
4 7 64 12 84
4 22 4 12 64
4 6 56 21 8
4 8 28 48 6
4 21 56 48 28
4 86 9 7 91
4 17 84 7 91
4 9 86 17 84
4 2 7 70 40
4 7 70 6 84
4 40 2 84 6
4 15 53 20 3
4 10 20 53 19
4 3 15 19 10
4 3 52 95 85
4 37 1 27 42
4 37 87 89 42
4 87 1 27 89
4 1 51 79 37
4 79 37 39 55
4 51 1 39 55
4 11 31 64 7
4 31 12 84 11
4 0 4 16 5
4 16 90 69 5
4 47 70 7 91
4 41 74 91 7
4 70 41 74 47
4 39 0 78 45
4 0 5 49 78
4 39 5 49 45
4 92 62 39 55
4 37 21 27 11
4 37 11 75 56
4 21 27 75 56
4 21 51 54 37
4 54 80 23 37
4 21 23 80 51
4 7 84 15 42
4 6 15 42 70
4 40 36 26 46
4 26 46 95 50
4 9 61 58 8
4 18 84 8 58
4 84 9 61 18
4 78 4 16 49
4 87 12 4 52
4 38 22 29 13
4 38 13 96 95
4 29 96 95 22
4 38 69 77 22
4 38 69 80 24
4 24 80 77 22
4 8 9 85 41
4 8 41 46 43
4 43 9 85 46
4 53 15 56 79
4 32 92 36 25
4 33 92 36 23
4 23 33 32 25
4 31 87 20 64
4 24 68 87 20
4 64 31 68 24
4 26 91 10 64
4 1 71 28 8
4 12 34 28 8
4 12 34 71 1
4 1 3 9 8
4 1 3 85 41
4 63 58 79 36
4 58 63 25 53
4 65 67 62 7
4 62 67 90 2
4 36 70 46 92
4 39 36 92 74
4 39 74 46 70
4 36 69 52 79
4 56 39 69 52
4 41 7 42 45
4 62 7 42 76
4 41 62 76 45
4 21 1 84 9
4 9 21 51 4
4 4 51 1 84
4 36 25 31 71
4 11 39 71 31
4 5 0 55 47
4 55 77 91 47
4 41 85 95 40
4 21 28 63 1
4 28 21 27 35
4 63 35 27 1
4 15 87 20 9
4 18 87 20 4
4 9 4 18 15
4 60 22 38 59
4 82 2 38 59
4 60 82 2 22
4 55 51 4 95
4 43 16 84 8
4 12 93 43 8
4 84 12 93 16
4 38 70 41 2
4 38 70 39 69
4 2 41 39 69
4 64 32 90 20
4 32 29 4 90
4 52 0 78 61
4 52 61 58 54
4 84 6 56 3
4 92 80 54 40
4 65 10 2 38
4 38 13 19 65
4 10 19 13 2
4 20 90 67 23
4 23 64 32 67
4 25 31 27 7
4 27 89 65 7
4 25 65 89 31
4 1 37 70 41
4 37 70 40 54
4 40 54 1 41
4 42 15 87 23
4 26 36 80 33
4 69 80 33 91
4 24 25 62 92
4 1 37 53 12
4 53 19 11 37
4 1 11 19 12
4 40 0 56 48
4 40 41 45 48
4 8 29 46 70
4 6 96 29 8
4 46 96 6 70
4 38 25 64 22
4 25 38 50 23
4 64 23 50 22
4 13 16 95 40
4 55 36 63 83
4 55 83 58 79
4 70 28 71 39
4 52 79 24 90
4 22 38 5 85
4 38 43 49 5
4 43 22 85 49
4 50 86 16 38
4 38 16 17 69
4 50 86 17 69
4 10 90 52 3
4 37 66 59 79
4 66 37 56 97
4 79 59 97 56
4 47 95 52 72
4 79 53 12 51
4 85 91 65 9
4 55 40 38 50
4 38 44 48 40
4 48 55 50 44
4 7 91 67 25
4 33 64 7 91
4 64 25 67 33
4 36 23 31 63
4 26 36 63 35
4 23 31 35 26
4 65 90 80 23
4 21 1 11 42
4 76 42 21 71
4 1 11 76 71
4 21 79 54 1
4 79 52 3 21
4 52 3 1 54
4 7 70 45 27
4 45 27 64 28
4 20 10 32 24
4 32 10 77 92
4 70 48 58 8
4 58 8 41 83
4 70 48 83 41
4 63 40 46 35
4 40 55 56 6
4 2 22 43 13
4 22 43 94 92
4 2 92 94 13
4 2 22 50 69
4 22 50 52 4
4 2 69 52 4
4 8 25 32 29
4 62 32 29 41
4 78 45 71 51
4 37 15 61 79
4 18 54 37 15
4 18 54 79 61
4 87 52 59 68
4 78 56 52 4
4 38 69 72 44
4 38 44 99 90
4 69 90 99 72
4 77 69 5 85
4 37 23 67 66
4 54 66 67 80
4 58 12 84 6
4 68 25 8 58
4 8 58 34 64
4 64 34 68 25
4 24 53 19 32
4 80 24 28 71
4 29 43 38 2
4 38 90 93 43
4 29 93 90 2
4 38 2 77 50
4 77 2 40 55
4 9 16 13 8
4 16 65 25 13
4 31 63 54 87
4 37 15 49 70
4 75 39 37 15
4 70 39 75 49
4 6 48 47 5
4 85 5 11 27
4 72 66 38 50
4 95 38 66 97
4 50 95 97 72
4 50 77 10 65
4 37 54 59 44
4 44 70 40 59
4 45 78 9 42
4 21 45 48 79
4 83 51 21 45
4 79 48 83 51
4 55 56 61 60
4 63 71 55 40
4 50 22 30 88
4 22 95 102 30
4 50 88 102 95
4 2 22 26 62
4 69 50 26 62
4 21 57 86 3
4 86 52 79 57
4 58 28 70 6
4 36 24 34 71
4 24 25 31 34
4 8 13 32 64
4 28 8 13 94
4 64 28 94 32
4 9 22 2 84
4 22 9 3 77
4 77 3 84 2
4 46 92 24 43
4 53 68 80 20
4 58 68 80 51
4 87 23 64 12
4 22 29 35 26
4 2 29 35 62
4 5 75 27 7
4 5 70 45 75
4 4 84 5 95
4 39 37 44 47
4 44 98 11 37
4 39 47 98 11
4 79 50 69 54
4 50 79 51 77
4 77 51 54 69
4 67 91 5 66
4 6 49 85 0
4 85 3 15 49
4 39 41 78 56
4 76 26 50 72
4 62 76 72 69
4 50 47 46 22
4 46 22 77 74
4 50 47 74 77
4 5 95 55 39
4 51 60 57 21
4 57 100 71 21
4 71 51 60 100
4 55 88 33 92
4 51 78 6 54
4 62 91 85 41
4 22 24 34 30
4 30 77 80 34
4 12 20 65 19
4 65 23 31 19
4 25 37 72 67
4 37 53 99 72
4 67 99 53 25
4 59 90 65 44
4 7 10 89 42
4 84 10 89 15
4 25 11 27 64
4 24 68 66 38
4 69 66 68 80
4 88 86 9 21
4 78 102 88 21
4 78 9 86 102
4 60 95 85 30
4 9 42 11 84
4 92 40 70 26
4 61 4 22 57
4 52 50 57 61
4 40 46 49 6
4 48 70 38 59
4 38 59 97 5
4 5 70 48 97
4 72 66 6 56
4 8 13 96 78
4 78 9 16 96
4 43 70 41 29
4 3 87 53 9
4 55 47 44 79
4 2 32 67 69
4 32 2 77 33
4 67 69 77 33
4 92 26 23 80
4 54 82 81 1
4 81 1 87 104
4 82 104 87 54
4 90 17 73 80
4 79 28 63 54
4 62 25 65 91
4 2 14 18 4
4 14 69 52 18
4 25 19 15 37
4 37 15 89 23
4 25 23 89 19
4 65 42 76 67
4 65 10 12 53
4 69 50 44 66
4 50 91 98 44
4 69 66 98 91
4 70 37 72 47
4 26 47 72 23
4 27 3 87 31
4 45 21 9 49
4 75 3 21 45
4 49 9 3 75
4 86 89 27 85
4 78 6 5 85
4 57 30 77 50
4 50 57 101 91
4 77 91 101 30
4 21 88 33 64
4 3 88 33 10
4 15 56 39 11
4 70 49 16 38
4 16 38 40 96
4 70 49 96 40
4 6 48 94 13
4 79 44 66 54
4 79 44 103 58
4 54 58 103 66
4 68 25 38 59
4 63 68 59 40
4 46 29 4 95
4 1 31 68 54
4 1 31 34 51
4 34 51 54 68
4 71 83 82 80
4 80 24 53 87
4 73 14 2 77
4 92 2 14 106
4 73 106 92 77
4 81 74 39 1
4 55 74 81 51
4 28 58 12 64
4 21 45 35 64
4 76 23 21 45
4 64 23 76 35
4 28 34 33 26
4 11 42 26 62
4 22 77 88 57
4 57 100 92 22
4 88 100 92 77
4 21 30 60 79
4 60 30 64 24
4 31 63 41 27
4 19 25 38 16
4 38 16 93 24
4 25 24 93 19
4 53 68 67 65
4 12 53 43 29
4 37 44 99 87
4 87 54 59 99
4 66 25 23 72
4 10 84 13 32
4 1 31 19 84
4 1 31 89 3
4 84 19 89 3
4 10 12 18 17
4 42 27 10 65
4 73 81 2 69
4 2 90 104 81
4 73 104 90 69
4 1 51 82 14
4 82 4 84 14
4 53 15 11 25
4 49 9 22 46
4 96 4 22 46
4 9 49 96 4
4 78 61 86 85
4 78 6 13 29
4 30 102 56 21
4 79 60 102 56
4 3 88 57 9
4 5 70 43 16
4 7 11 76 26
4 64 31 76 26
4 21 30 33 23
4 21 30 101 42
4 42 23 33 101
4 86 91 26 57
4 36 28 35 62
4 39 45 35 62
4 23 71 63 25
4 65 89 88 50
4 88 77 10 89
4 53 8 29 93
4 25 53 93 32
4 38 43 103 66
4 68 103 43 24
4 44 53 58 48
4 4 12 19 16
4 24 90 10 64
4 28 79 59 94
4 59 94 63 54
4 3 17 14 1
4 14 105 27 1
4 3 27 105 17
4 10 81 74 91
4 5 75 73 69
4 85 75 73 77
4 29 22 57 107
4 61 107 29 4
4 30 78 58 34
4 53 79 60 93
4 51 12 93 60
4 37 72 97 6
4 70 6 97 47
4 49 103 66 5
4 13 19 15 6
4 56 48 59 52
4 9 42 98 16
4 11 84 16 98
4 1 41 74 73
4 1 63 106 73
4 74 106 63 41
4 82 14 62 92
4 70 41 27 42
4 2 81 83 40
4 55 83 81 77
4 28 24 32 35
4 22 60 34 64
4 22 26 100 60
4 26 64 34 100
4 88 57 28 71
4 43 94 63 8
4 63 41 46 94
4 25 13 29 64
4 33 30 51 80
4 84 18 82 2
4 82 2 10 104
4 10 104 18 84
4 12 87 73 81
4 84 13 43 9
4 54 14 17 52
4 50 86 61 79
4 55 102 86 50
4 79 55 102 61
4 78 56 88 30
4 57 9 4 60
4 31 1 41 35
4 31 1 39 76
4 41 35 76 39
4 11 75 74 62
4 28 63 62 26
4 14 81 77 69
4 69 91 105 14
4 77 81 105 91
4 1 73 17 84
4 5 17 73 39
4 42 45 71 23
4 64 35 46 22
4 24 94 46 22
4 24 64 35 94
4 28 34 93 43
4 51 79 57 30
4 58 107 57 79
4 51 58 107 30
4 60 61 9 22
4 24 60 61 53
4 32 92 40 13
4 38 65 99 59
4 65 99 68 25
4 44 98 19 53
4 43 9 15 103
4 15 84 13 103
4 42 65 16 49
4 67 90 52 72
4 19 84 2 32
4 93 4 2 32
4 19 84 4 93
4 18 96 29 12
4 54 14 81 51
4 54 14 108 58
4 51 58 108 81
4 82 2 41 83
4 78 4 82 83
4 16 90 24 43
4 79 48 47 50
4 52 97 47 50
4 79 48 97 52
4 56 61 99 72
4 9 15 109 57
4 15 109 88 3
4 89 23 50 86
4 87 89 86 52
4 59 66 5 95
4 60 22 85 102
4 85 102 61 9
4 30 78 49 101
4 70 45 107 43
4 41 45 107 29
4 35 46 85 27
4 88 55 95 86
4 2 32 35 41
4 94 40 2 32
4 35 41 40 94
4 62 63 83 74
4 43 13 63 28
4 1 14 106 71
4 51 71 106 82
4 41 81 73 39
4 26 46 29 64
4 23 76 47 50
4 98 65 50 47
4 23 65 98 76
4 33 89 42 26
4 66 44 42 11
4 21 57 101 27
4 27 3 86 101
4 23 64 30 88
4 62 39 72 67
4 69 67 68 54
4 52 99 67 69
4 54 68 99 52
4 80 87 18 82
4 44 72 87 53
4 1 12 104 73
4 17 104 12 84
4 24 59 66 25
4 70 44 72 39
4 13 2 81 108
4 40 83 108 13
4 18 58 63 14
4 54 82 96 6
4 51 78 96 82
4 37 66 98 42
4 23 42 98 67
4 50 44 109 88
4 89 109 44 65
4 57 61 15 42
4 5 11 76 47
4 9 53 99 86
4 3 87 99 86
4 28 21 88 100
4 28 64 33 100
4 35 107 57 26
4 43 28 45 49
4 55 60 34 71
4 46 101 42 70
4 41 27 101 46
4 69 14 110 72
4 72 52 18 110
4 73 87 15 75
4 84 17 97 6
4 17 97 56 3
4 55 88 109 48
4 72 76 45 56
4 47 100 28 70
4 39 71 100 47
4 79 59 111 57
4 59 52 86 111
4 93 16 95 60
4 9 61 99 65
4 61 99 90 4
4 10 19 108 81
4 12 31 35 29
4 25 11 105 32
4 64 32 105 27
4 17 69 39 75
4 17 69 62 105
4 39 75 105 62
4 14 81 27 11
4 74 85 3 73
4 43 53 68 94
4 79 61 93 24
4 61 79 28 107
4 24 93 107 28
4 57 30 29 43
4 38 44 103 13
4 48 103 13 40
4 12 34 60 4
4 51 83 74 77
4 80 106 74 77
4 80 106 83 51
4 71 63 14 73
4 82 40 41 81
4 18 54 69 17
4 17 69 80 104
4 54 80 104 18
4 82 90 10 81
4 84 14 73 3
4 76 39 69 67
4 98 5 69 67
4 5 98 76 39
4 66 11 75 97
4 15 110 14 84
4 15 110 73 3
4 6 18 17 5
4 47 91 65 44
4 50 26 101 86
4 23 26 101 89
4 57 42 76 100
4 45 109 44 70
4 45 39 72 109
4 28 26 47 48
4 33 91 85 30
4 79 48 94 24
4 48 79 53 103
4 24 94 103 53
4 44 99 93 43
4 9 57 111 16
4 4 60 111 16
4 53 61 86 65
4 68 58 6 66
4 2 82 106 62
4 62 41 83 106
4 14 63 35 105
4 25 31 108 13
4 64 31 108 29
4 11 62 32 19
4 73 74 92 80
4 77 33 34 51
4 55 100 33 77
4 51 55 100 34
4 71 88 102 83
4 45 112 81 41
4 45 39 73 112
4 75 3 77 74
4 56 75 74 55
4 57 26 92 60
4 90 17 97 59
4 16 113 14 84
4 4 82 113 16
4 96 40 54 18
4 52 95 96 18
4 68 106 73 87
4 25 66 110 31
4 72 23 31 110
4 80 71 76 67
4 47 100 60 95
4 70 46 111 44
4 59 40 46 111
4 55 92 94 48
4 3 89 33 77
4 33 77 85 101
4 85 101 89 3
4 10 17 75 27
4 42 27 30 57
4 11 105 81 1
4 39 74 105 11
4 65 86 88 23
4 68 54 40 94
4 6 103 68 54
4 40 94 103 6
4 63 83 96 13
4 43 13 66 44
4 2 14 108 29
4 18 108 29 4
4 28 48 59 24
4 49 98 65 9
4 9 49 103 53
4 65 98 103 53
4 44 42 89 99
4 50 72 109 57
4 52 61 109 72
4 5 11 19 16
4 30 77 73 112
4 85 75 112 30
4 27 81 83 45
4 74 102 78 41
4 74 102 56 39
4 66 54 82 113
4 6 96 113 66
4 14 13 16 17
4 84 18 97 5
4 4 18 97 95
4 14 62 76 110
4 66 68 31 11
4 25 67 106 63
4 67 106 71 23
4 22 30 107 43
4 43 24 34 107
4 57 111 94 28
4 43 46 47 44
4 61 93 29 78
4 48 100 26 70
4 40 92 100 48
4 65 19 103 44
4 9 86 111 43
4 53 99 111 43
4 44 59 60 57
4 49 98 66 6
4 52 61 93 90
4 73 80 34 112
4 71 88 89 31
4 33 104 12 64
4 23 33 104 87
4 60 51 81 114
4 55 60 114 74
4 82 96 46 92
4 41 85 102 83
4 95 40 83 102
4 80 67 113 82
4 90 59 94 32
4 25 62 106 68
4 68 106 92 24
4 85 86 111 46
4 16 95 47 98
4 49 70 26 101
4 5 49 101 91
4 96 4 51 83
4 83 51 12 108
4 12 108 96 4
4 13 29 81 14
4 6 18 82 40
4 84 18 110 11
4 11 110 97 5
4 66 72 73 14
4 56 52 17 75
4 35 101 57 28
4 70 42 109 48
4 26 42 109 100
4 88 57 44 72
4 85 49 107 30
4 71 55 47 76
4 77 74 105 10
4 75 3 10 105
4 91 17 14 62
4 81 27 89 104
4 64 31 112 30
4 23 31 112 88
4 10 12 34 33
4 51 34 93 4
4 51 78 107 34
4 4 93 107 78
4 30 102 96 29
4 41 81 114 46
4 46 114 82 40
4 83 74 85 78
4 28 57 61 58
4 84 19 98 5
4 19 84 6 103
4 6 5 98 103
4 13 96 97 66
4 59 113 14 54
4 59 52 17 113
4 43 49 15 53
4 18 54 63 108
4 63 108 96 40
4 13 94 106 14
4 66 25 32 113
4 24 59 113 32
4 62 67 68 63
4 58 83 81 12
4 9 61 109 42
4 65 99 109 42
4 57 101 98 44
4 47 70 43 111
4 16 111 47 5
4 42 49 46 26
4 88 89 15 56
4 49 107 28 70
4 26 101 107 28
4 57 100 94 43
4 60 79 44 111
4 60 111 47 55
4 29 78 45 35
4 92 82 104 33
4 64 32 114 30
4 32 114 60 24
4 80 90 93 34
4 86 102 74 91
4 47 115 73 39
4 47 5 17 115
4 3 75 97 52
4 75 97 95 85
4 90 32 105 17
4 25 67 113 13
4 65 16 113 67
4 19 98 91 10
4 45 56 61 107
4 6 15 109 48
4 58 103 49 78
4 99 52 3 89
4 56 109 89 3
4 52 56 109 99
4 87 18 97 72
4 69 73 110 66
4 66 5 75 110
4 35 41 85 101
4 41 35 107 78
4 85 101 107 78
4 30 102 75 27
4 81 77 88 112
4 55 83 112 88
4 19 105 62 25
4 25 63 108 19
4 63 62 105 108
4 11 14 106 76
4 80 68 110 73
4 10 27 35 32
4 12 81 114 93
4 29 32 33 30
4 34 64 10 104
4 24 90 104 34
4 3 88 115 17
4 56 97 115 88
4 73 72 47 74
4 75 39 55 102
4 5 95 102 75
4 41 29 114 74
4 78 102 114 29
4 30 60 82 81
4 55 95 96 83
4 11 98 113 14
4 66 67 32 13
4 65 91 105 19
4 26 76 109 57
4 42 101 111 44
4 43 57 86 16
4 48 100 88 56
4 85 49 98 91
4 44 111 93 53
4 57 43 103 109
4 42 45 48 44
4 95 86 99 59
4 6 49 107 58
4 35 108 14 62
4 13 63 106 113
4 14 82 59 66
4 12 19 105 81
4 92 80 68 94
4 17 115 33 10
4 91 67 99 86
4 23 80 104 89
4 90 65 89 104
4 4 61 116 82
4 83 116 61 78
4 18 58 48 97
4 102 96 40 55
4 6 56 102 96
4 62 74 114 32
4 46 92 33 101
4 35 64 10 105
4 91 26 35 105
4 12 18 110 31
4 87 15 103 68
4 53 58 108 19
4 39 75 112 71
4 55 102 112 71
4 81 73 88 30
4 96 4 52 97
4 90 113 96 4
4 52 97 113 90
4 64 27 112 34
4 27 10 104 112
4 80 87 89 33
4 75 3 87 110
4 52 97 110 87
4 14 18 15 11
4 73 104 99 72
4 23 88 115 67
4 65 67 115 86
4 100 55 39 76
4 39 56 109 76
4 55 56 109 100
4 88 72 97 102
4 3 86 115 73
4 85 74 115 86
4 99 52 4 93
4 4 95 111 93
4 52 99 111 95
4 59 60 102 97
4 48 116 82 40
4 18 116 48 6
4 35 64 12 108
4 10 105 108 12
4 29 93 104 81
4 51 30 114 82
4 80 33 114 82
4 19 31 63 13
4 41 83 112 27
4 27 85 102 112
4 81 30 101 105
4 64 29 114 33
4 26 33 114 46
4 73 75 45 71
4 84 17 113 13
4 13 6 97 113
4 66 103 108 14
4 25 11 110 68
4 68 110 15 53
4 16 90 82 96
4 11 110 106 62
4 66 98 105 14
4 17 113 32 10
4 72 76 31 87
4 43 111 100 28
4 44 57 107 103
4 78 61 109 45
4 59 94 46 95
4 74 91 67 106
4 23 72 115 33
4 47 26 33 115
4 76 100 92 62
4 58 18 104 34
4 24 60 116 68
4 53 68 116 61
4 93 99 87 12
4 61 102 75 15
4 5 49 117 17
4 6 18 117 49
4 97 96 78 56
4 83 108 31 71
4 28 34 112 45
4 58 63 35 107
4 23 80 106 76
4 76 23 87 110
4 87 110 106 80
4 71 73 104 34
4 10 81 112 89
4 40 94 100 55
4 95 111 94 40
4 55 95 111 100
4 60 92 74 102
4 78 30 114 96
4 73 115 100 71
4 88 33 67 72
4 92 26 76 106
4 90 82 116 99
4 59 68 34 60
4 93 104 80 24
4 53 87 104 93
4 87 72 115 104
4 88 73 17 86
4 10 89 99 90
4 40 59 116 83
4 59 116 102 95
4 60 82 18 61
4 52 18 117 86
4 86 117 96 95
4 17 16 49 75
4 102 97 5 85
4 6 78 102 97
4 27 30 114 105
4 29 46 74 81
4 35 101 91 62
4 81 29 107 112
4 27 30 34 31
4 35 108 58 28
4 63 94 113 14
4 13 108 110 66
4 67 90 82 106
4 12 58 103 19
4 42 57 111 98
4 43 44 109 107
4 95 86 101 46
4 48 103 15 56
4 83 63 68 116
4 48 100 34 58
4 24 80 106 94
4 28 71 106 94
4 89 117 18 87
4 15 19 93 61
4 10 65 99 104
4 104 99 53 12
4 55 48 118 74
4 56 48 118 75
4 45 49 96 83
4 31 11 75 112
4 27 89 109 45
4 15 110 76 42
4 24 92 114 93
4 80 92 114 104
4 5 91 115 97
4 85 91 115 102
4 40 92 114 96
4 92 114 102 55
4 89 23 71 112
4 71 80 104 112
4 73 88 100 106
4 74 39 72 115
4 67 115 74 62
4 82 60 100 106
4 24 59 116 34
4 28 48 116 34
4 17 16 93 104
4 65 19 117 86
4 53 19 117 61
4 90 113 94 24
4 80 106 113 90
4 59 82 104 99
4 18 4 60 116
4 18 12 34 116
4 98 5 85 101
4 95 111 98 5
4 85 95 111 101
4 86 16 96 102
4 61 117 17 52
4 61 56 75 117
4 47 46 96 97
4 49 85 74 118
4 78 83 118 49
4 29 114 104 12
4 30 107 108 81
4 63 83 112 31
4 92 32 93 60
4 56 102 115 72
4 88 73 110 109
4 42 45 112 89
4 91 47 97 17
4 11 66 113 105
4 14 110 103 13
4 31 108 18 87
4 67 98 16 90
4 15 19 105 75
4 65 16 117 89
4 42 49 117 89
4 101 98 11 27
4 76 45 83 106
4 26 35 118 47
4 48 28 35 118
4 100 94 63 71
4 31 89 99 68
4 10 33 119 19
4 19 119 34 12
4 29 96 113 32
4 43 93 114 46
4 16 111 94 13
4 65 10 105 98
4 90 113 98 65
4 90 113 105 10
4 91 33 104 17
4 87 73 115 99
4 103 6 78 107
4 56 109 103 6
4 107 78 56 109
4 58 61 102 83
4 60 116 97 95
4 60 92 106 116
4 83 48 59 82
4 17 117 101 91
4 16 19 89 86
4 42 27 105 98
4 74 92 94 118
4 46 47 76 35
4 62 26 100 106
4 106 100 28 63
4 90 104 117 16
4 17 86 61 18
4 85 46 118 75
4 46 95 97 118
4 47 74 83 48
4 6 96 117 15
4 15 117 102 56
4 80 67 119 34
4 90 93 119 67
4 32 19 89 33
4 88 112 110 72
4 11 76 109 15
4 59 82 114 111
4 43 16 113 94
4 27 101 114 81
4 29 108 112 30
4 32 105 74 92
4 45 107 34 71
4 27 35 118 75
4 49 45 76 98
4 26 62 105 101
4 11 42 101 105
4 19 117 96 13
4 16 93 107 49
4 53 12 108 103
4 29 108 103 43
4 76 119 34 71
4 31 35 94 68
4 66 67 115 97
4 47 111 99 72
4 44 98 113 59
4 26 100 115 91
4 62 91 115 106
4 53 58 116 99
4 12 58 116 104
4 99 65 91 115
4 10 104 115 91
4 6 97 116 58
4 78 58 116 102
4 17 105 101 86
4 5 16 117 75
4 11 75 117 19
4 47 98 105 74
4 26 76 118 46
4 42 76 118 49
4 61 18 108 107
4 15 117 93 53
4 49 43 93 117
4 32 33 100 94
4 67 62 35 119
4 63 35 119 68
4 92 114 101 26
4 105 62 92 114
4 46 74 106 94
4 47 118 83 55
4 76 118 83 71
4 53 87 110 103
4 87 110 108 12
4 15 89 104 18
4 90 17 117 93
4 32 67 99 93
4 33 80 68 119
4 87 89 119 68
4 45 48 97 75
4 47 118 96 95
4 88 71 106 115
4 72 73 112 109
4 31 110 75 27
4 91 47 100 33
4 59 90 104 116
4 60 111 113 82
4 13 96 114 32
4 58 61 99 68
4 95 16 117 102
4 86 17 113 111
4 44 99 115 47
4 18 96 49 15
4 31 35 101 89
4 62 76 119 32
4 19 119 76 11
4 46 35 108 96
4 45 118 94 28
4 43 94 118 49
4 29 107 103 13
4 68 110 97 59
4 48 44 99 116
4 66 103 109 72
4 33 88 102 114
4 57 86 115 100
4 60 111 101 30
4 28 63 108 107
4 28 107 112 71
4 71 112 108 63
4 58 68 106 83
4 82 116 100 92
4 91 105 118 47
4 49 75 74 46
4 61 58 108 117
4 91 33 119 98
4 32 35 76 67
4 58 83 118 103
4 48 94 35 45
4 43 13 108 107
4 18 116 109 15
4 72 44 103 110
4 92 100 119 32
4 67 33 34 68
4 71 106 118 45
4 93 12 31 119
4 87 99 119 31
4 78 96 118 45
4 56 97 118 45
4 59 60 114 113
4 29 46 111 93
4 16 113 115 86
4 66 59 111 98
4 46 111 115 74
4 60 57 101 114
4 35 29 93 119
4 32 19 103 94
4 76 118 97 72
4 48 103 98 47
4 11 110 109 42
4 66 110 109 44
4 30 102 116 34
4 61 60 100 109
4 88 112 107 57
4 74 115 104 81
4 73 17 113 106
4 82 114 105 14
4 100 28 58 116
4 106 63 58 116
4 42 101 117 15
4 11 105 117 15
4 104 87 15 117
4 67 98 101 33
4 32 119 89 10
4 35 119 89 27
4 48 83 108 103
4 35 29 96 118
4 61 109 110 18
4 66 97 116 68
4 34 68 103 107
4 63 94 119 31
4 13 94 119 19
4 49 103 110 75
4 42 98 118 45
4 48 118 98 44
4 83 112 109 48
4 57 100 116 61
4 34 100 76 31
4 94 119 33 92
4 27 112 109 42
4 11 27 112 110
4 45 35 105 75
4 91 98 118 74
4 31 34 93 19
4 32 90 99 119
4 86 91 105 117
4 16 17 115 111
4 72 97 113 67
4 15 49 101 89
4 46 118 106 92
4 74 114 111 47
4 30 102 115 33
4 67 33 114 113
4 14 17 115 106
4 76 109 99 67
4 11 31 119 98
4 66 68 119 98
4 89 112 102 86
4 57 101 117 61
4 88 30 107 109
4 48 94 113 97
4 46 43 103 118
4 47 118 103 44
4 83 82 104 112
4 14 18 116 106
4 73 81 108 110
4 13 43 111 113
4 43 111 114 29
4 29 114 113 13
4 16 19 108 96
4 58 107 117 18
4 58 107 119 68
4 15 110 118 49
4 48 116 112 45
4 15 89 119 103
4 31 76 98 19
4 75 45 107 117
4 30 112 109 57
4 16 98 118 96
4 46 49 103 94
4 66 113 111 44
4 31 34 116 110
4 73 112 108 14
4 101 27 31 119
4 46 118 108 29
4 71 31 119 100
4 47 115 114 46
4 88 100 111 86
4 61 116 110 15
4 48 59 99 109
4 67 115 114 32
4 81 105 113 82
4 89 119 100 88
4 34 107 101 33
4 94 119 99 59
4 67 98 103 68
4 73 104 117 75
4 17 105 108 18
4 14 81 112 110
4 93 117 102 60
4 61 86 101 107
4 57 111 114 30
4 27 45 118 105
4 43 107 117 16
4 13 108 117 16
4 44 109 116 59
4 59 66 110 116
4 19 103 109 89
4 72 99 119 76
4 75 49 107 112
4 88 89 117 102
4 98 113 96 49
4 59 97 118 94
4 34 68 110 112
4 81 83 116 104
4 76 109 107 35
4 34 119 101 30
4 19 98 111 93
4 32 119 103 13
4 66 103 119 67
4 19 89 112 108
4 14 18 117 105
4 101 114 96 49
4 86 117 107 57
4 91 67 119 101
4 35 107 93 32
4 34 58 103 119
4 44 72 115 111
4 66 72 115 113
4 47 76 110 97
4 75 15 103 118
4 33 32 113 115
4 74 73 104 114
4 48 118 108 58
4 83 116 109 45
4 60 34 112 102
4 74 75 110 106
4 81 83 118 105
4 34 100 111 93
4 29 32 119 107
4 33 119 107 30
4 96 114 104 18
4 14 17 117 108
4 61 99 115 102
4 60 57 109 116
4 57 111 115 88
4 30 114 115 88
4 45 35 119 109
4 16 19 119 111
4 19 31 112 117
4 49 117 114 46
4 59 113 118 48
4 76 118 108 31
4 46 101 119 94
4 93 32 105 117
4 81 114 113 14
4 47 97 116 100
4 72 109 119 67
4 88 86 117 112
4 31 112 116 68
4 18 110 106 82
4 49 45 112 117
4 96 82 106 118
4 83 108 105 74
4 99 119 101 86
4 33 89 109 100
4 17 104 116 97
4 14 113 115 73
4 47 118 110 72
4 30 112 116 60
4 14 82 116 110
4 81 82 116 112
4 76 35 108 110
4 73 75 118 106
4 94 35 101 111
4 93 119 100 60
4 94 111 99 68
4 93 16 98 119
4 19 105 114 93
4 96 117 104 82
4 97 48 100 115
4 99 116 102 86
4 61 102 114 93
4 96 117 101 46
4 35 105 113 94
4 74 118 108 81
4 98 76 100 111
4 88 109 119 33
4 68 106 115 99
4 19 119 109 15
4 45 107 119 76
4 73 115 114 81
4 17 104 112 75
4 31 108 117 89
4 49 118 113 16
4 97 75 105 113
4 74 118 110 73
4 93 107 109 99
4 68 59 111 119
4 60 34 119 111
4 83 106 115 102
4 35 118 113 32
4 47 76 119 111
4 67 115 116 68
4 61 86 115 116
4 48 47 115 116
4 82 114 117 18
4 67 98 118 106
4 48 103 119 100
4 100 116 104 33
4 35 31 110 118
4 19 32 114 117
4 74 102 117 105
4 18 108 118 97
4 96 83 106 113
4 93 119 109 61
4 89 101 111 99
4 73 17 117 112
4 60 114 117 61
4 76 106 113 98
4 17 105 118 97
4 47 100 119 98
4 94 103 109 100
4 99 61 107 119
4 94 32 105 118
4 100 34 104 115
4 102 116 106 74
4 99 67 106 116
4 97 115 104 18
4 89 101 114 104
4 94 103 110 106
4 82 83 118 113
4 101 107 103 98
4 89 119 111 86
4 46 111 119 35
4 96 108 112 102
4 96 108 110 97
4 75 118 113 17
4 33 89 117 114
4 94 118 110 68
4 49 107 119 98
4 74 115 116 83
4 34 116 115 33
4 17 18 116 115
4 104 117 107 34
4 19 105 118 103
4 76 67 113 118
4 75 110 116 102
4 83 96 117 112
4 102 75 105 114
4 33 104 117 101
4 104 112 107 93
4 83 102 117 108
4 105 108 103 98
4 96 18 110 118
4 68 106 118 103
4 101 119 103 49
4 48 109 119 94
4 99 104 112 109
4 105 108 107 101
4 74 114 117 75
4 102 112 110 97
4 102 97 113 114
4 99 116 112 89
4 101 35 108 117
4 93 34 112 117
4 76 109 116 106
4 104 115 111 93
4 19 98 118 108
4 97 96 114 115
4 104 116 109 89
4 100 106 110 109
4 75 112 116 97
4 99 104 114 111
4 96 113 115 102
4 105 117 107 35
4 100 111 113 106
4 94 100 115 113
4 93 99 115 114
4 100 76 110 116
4 98 111 114 105
4 106 115 111 94
4 105 101 111 113
4 107 108 110 109
4 101 98 113 114
4 103 107 112 110
4 103 109 112 108

# Cells
32 0 1 2 3 4 5 6 7 8 9 10 11 12 13 14 15 16 17 18 19 20 21 22 23 24 25 26 27 28 29 30 31
32 32 33 34 35 36 37 38 39 40 41 42 43 44 45 46 47 48 49 50 51 52 53 54 55 56 57 58 59 60 61 62 63
32 64 65 66 67 68 69 70 71 72 73 74 75 76 77 78 79 80 81 82 83 84 85 86 87 88 89 90 91 92 93 94 95
32 65 96 97 98 99 100 101 102 103 104 105 106 107 108 109 110 111 112 113 114 115 116 117 118 119 120 121 122 123 124 125 126
32 7 127 128 129 130 131 132 133 134 135 136 137 138 139 140 141 142 143 144 145 146 147 148 149 150 151 152 153 154 155 156 157
32 158 159 160 161 162 163 164 165 166 167 168 169 170 171 172 173 174 175 176 177 178 179 180 181 182 183 184 185 186 187 188 189
32 33 190 191 192 193 194 195 196 197 198 199 200 201 202 203 204 205 206 207 208 209 210 211 212 213 214 215 216 217 218 219 220
32 71 97 221 222 223 224 225 226 227 228 229 230 231 232 233 234 235 236 237 238 239 240 241 242 243 244 245 246 247 248 249 250
32 165 251 252 253 254 255 256 257 258 259 260 261 262 263 264 265 266 267 268 269 270 271 272 273 274 275 276 277 278 279 280 281
32 1 128 282 283 284 285 286 287 288 289 290 291 292 293 294 295 296 297 298 299 300 301 302 303 304 305 306 307 308 309 310 311
32 159 252 312 313 314 315 316 317 318 319 320 321 322 323 324 325 326 327 328 329 330 331 332 333 334 335 336 337 338 339 340 341
32 39 191 342 343 344 345 346 347 348 349 350 351 352 353 354 355 356 357 358 359 360 361 362 363 364 365 366 367 368 369 370 371
32 3 130 258 313 372 373 374 375 376 377 378 379 380 381 382 383 384 385 386 387 388 389 390 391 392 393 394 395 396 397 398 399
32 197 290 400 401 402 403 404 405 406 407 408 409 410 411 412 413 414 415 416 417 418 419 420 421 422 423 424 425 426 427 428 429
32 67 166 223 318 430 431 432 433 434 435 436 437 438 439 440 441 442 443 444 445 446 447 448 449 450 451 452 453 454 455 456 457
32 100 285 401 458 459 460 461 462 463 464 465 466 467 468 469 470 471 472 473 474 475 476 477 478 479 480 481 482 483 484 485 486
32 35 161 254 344 487 488 489 490 491 492 493 494 495 496 497 498 499 500 501 502 503 504 505 506 507 508 509 510 511 512 513 514
32 105 194 406 459 515 516 517 518 519 520 521 522 523 524 525 526 527 528 529 530 531 532 533 534 535 536 537 538 539 540 541 542
32 73 99 198 348 523 543 544 545 546 547 548 549 550 551 552 553 554 555 556 557 558 559 560 561 562 563 564 565 566 567 568 569
32 229 315 440 570 571 572 573 574 575 576 577 578 579 580 581 582 583 584 585 586 587 588 589 590 591 592 593 594 595 596 597 598
32 10 320 382 576 599 600 601 602 603 604 605 606 607 608 609 610 611 612 613 614 615 616 617 618 619 620 621 622 623 624 625 626
32 41 135 192 283 411 627 628 629 630 631 632 633 634 635 636 637 638 639 640 641 642 643 644 645 646 647 648 649 650 651 652 653
32 4 224 571 600 654 655 656 657 658 659 660 661 662 663 664 665 666 667 668 669 670 671 672 673 674 675 676 677 678 679 680 681
32 168 350 497 682 683 684 685 686 687 688 689 690 691 692 693 694 695 696 697 698 699 700 701 702 703 704 705 706 707 708 709 710
32 8 103 227 288 467 662 711 712 713 714 715 716 717 718 719 720 721 722 723 724 725 726 727 728 729 730 731 732 733 734 735 736
32 68 345 557 683 737 738 739 740 741 742 743 744 745 746 747 748 749 750 751 752 753 754 755 756 757 758 759 760 761 762 763 764
32 74 162 442 688 738 765 766 767 768 769 770 771 772 773 774 775 776 777 778 779 780 781 782 783 784 785 786 787 788 789 790 791
32 45 139 263 373 488 628 792 793 794 795 796 797 798 799 800 801 802 803 804 805 806 807 808 809 810 811 812 813 814 815 816 817
32 14 294 464 659 729 818 819 820 821 822 823 824 825 826 827 828 829 830 831 832 833 834 835 836 837 838 839 840 841 842 843 844
32 77 170 352 431 492 545 699 749 778 845 846 847 848 849 850 851 852 853 854 855 856 857 858 859 860 861 862 863 864 865 866 867
32 109 233 461 655 727 823 868 869 870 871 872 873 874 875 876 877 878 879 880 881 882 883 884 885 886 887 888 889 890 891 892 893
32 136 255 384 808 894 895 896 897 898 899 900 901 902 903 904 905 906 907 908 909 910 911 912 913 914 915 916 917 918 919 920 921
32 42 260 499 811 900 922 923 924 925 926 927 928 929 930 931 932 933 934 935 936 937 938 939 940 941 942 943 944 945 946 947 948
32 36 131 641 805 895 923 949 950 951 952 953 954 955 956 957 958 959 960 961 962 963 964 965 966 967 968 969 970 971 972 973 974
32 12 231 322 377 435 587 615 668 712 975 976 977 978 979 980 981 982 983 984 985 986 987 988 989 990 991 992 993 994 995 996 997
32 78 111 517 560 739 998 999 1000 1001 1002 1003 1004 1005 1006 1007 1008 1009 1010 1011 1012 1013 1014 1015 1016 1017 1018 1019 1020 1021 1022 1023 1024
32 203 354 521 563 743 1003 1025 1026 1027 1028 1029 1030 1031 1032 1033 1034 1035 1036 1037 1038 1039 1040 1041 1042 1043 1044 1045 1046 1047 1048 1049 1050
32 46 205 408 646 954 1051 1052 1053 1054 1055 1056 1057 1058 1059 1060 1061 1062 1063 1064 1065 1066 1067 1068 1069 1070 1071 1072 1073 1074 1075 1076 1077
32 140 296 403 644 950 1056 1078 1079 1080 1081 1082 1083 1084 1085 1086 1087 1088 1089 1090 1091 1092 1093 1094 1095 1096 1097 1098 1099 1100 1101 1102 1103
32 172 324 450 578 770 1104 1105 1106 1107 1108 1109 1110 1111 1112 1113 1114 1115 1116 1117 1118 1119 1120 1121 1122 1123 1124 1125 1126 1127 1128 1129 1130
32 107 201 292 418 473 531 548 632 716 1131 1132 1133 1134 1135 1136 1137 1138 1139 1140 1141 1142 1143 1144 1145 1146 1147 1148 1149 1150 1151 1152 1153
32 80 235 447 573 766 1109 1154 1155 1156 1157 1158 1159 1160 1161 1162 1163 1164 1165 1166 1167 1168 1169 1170 1171 1172 1173 1174 1175 1176 1177 1178 1179
32 16 142 390 602 896 1180 1181 1182 1183 1184 1185 1186 1187 1188 1189 1190 1191 1192 1193 1194 1195 1196 1197 1198 1199 1200 1201 1202 1203 1204 1205 1206
32 264 326 392 606 901 1185 1207 1208 1209 1210 1211 1212 1213 1214 1215 1216 1217 1218 1219 1220 1221 1222 1223 1224 1225 1226 1227 1228 1229 1230 1231 1232
32 178 270 330 380 438 495 796 849 979 1233 1234 1235 1236 1237 1238 1239 1240 1241 1242 1243 1244 1245 1246 1247 1248 1249 1250 1251 1252 1253 1254 1255
32 82 113 237 870 1000 1156 1256 1257 1258 1259 1260 1261 1262 1263 1264 1265 1266 1267 1268 1269 1270 1271 1272 1273 1274 1275 1276 1277 1278 1279 1280 1281
32 120 469 525 874 1004 1260 1282 1283 1284 1285 1286 1287 1288 1289 1290 1291 1292 1293 1294 1295 1296 1297 1298 1299 1300 1301 1302 1303 1304 1305 1306 1307
32 174 266 507 690 928 1308 1309 1310 1311 1312 1313 1314 1315 1316 1317 1318 1319 1320 1321 1322 1323 1324 1325 1326 1327 1328 1329 1330 1331 1332 1333 1334
32 48 356 505 685 925 1313 1335 1336 1337 1338 1339 1340 1341 1342 1343 1344 1345 1346 1347 1348 1349 1350 1351 1352 1353 1354 1355 1356 1357 1358 1359 1360
32 304 412 471 825 1083 1361 1362 1363 1364 1365 1366 1367 1368 1369 1370 1371 1372 1373 1374 1375 1376 1377 1378 1379 1380 1381 1382 1383 1384 1385 1386 1387
32 18 144 298 820 1079 1182 1366 1388 1389 1390 1391 1392 1393 1394 1395 1396 1397 1398 1399 1400 1401 1402 1403 1404 1405 1406 1407 1408 1409 1410 1411 1412
32 244 581 664 877 1159 1261 1413 1414 1415 1416 1417 1418 1419 1420 1421 1422 1423 1424 1425 1426 1427 1428 1429 1430 1431 1432 1433 1434 1435 1436 1437 1438
32 52 207 360 501 551 635 799 852 1135 1237 1439 1440 1441 1442 1443 1444 1445 1446 1447 1448 1449 1450 1451 1452 1453 1454 1455 1456 1457 1458 1459 1460
32 50 210 358 1027 1053 1337 1461 1462 1463 1464 1465 1466 1467 1468 1469 1470 1471 1472 1473 1474 1475 1476 1477 1478 1479 1480 1481 1482 1483 1484 1485 1486
32 213 414 527 1031 1057 1465 1487 1488 1489 1490 1491 1492 1493 1494 1495 1496 1497 1498 1499 1500 1501 1502 1503 1504 1505 1506 1507 1508 1509 1510 1511 1512
32 25 609 666 828 1186 1392 1513 1514 1515 1516 1517 1518 1519 1520 1521 1522 1523 1524 1525 1526 1527 1528 1529 1530 1531 1532 1533 1534 1535 1536 1537 1538
32 20 146 300 386 638 719 802 982 1138 1240 1445 1539 1540 1541 1542 1543 1544 1545 1546 1547 1548 1549 1550 1551 1552 1553 1554 1555 1556 1557 1558 1559
32 90 746 774 1007 1162 1264 1560 1561 1562 1563 1564 1565 1566 1567 1568 1569 1570 1571 1572 1573 1574 1575 1576 1577 1578 1579 1580 1581 1582 1583 1584 1585
32 334 583 611 1111 1213 1586 1587 1588 1589 1590 1591 1592 1593 1594 1595 1596 1597 1598 1599 1600 1601 1602 1603 1604 1605 1606 1607 1608 1609 1610 1611 1612
32 176 268 328 1106 1209 1310 1591 1613 1614 1615 1616 1617 1618 1619 1620 1621 1622 1623 1624 1625 1626 1627 1628 1629 1630 1631 1632 1633 1634 1635 1636 1637
32 365 693 752 1034 1340 1466 1638 1639 1640 1641 1642 1643 1644 1645 1646 1647 1648 1649 1650 1651 1652 1653 1654 1655 1656 1657 1658 1659 1660 1661 1662 1663
32 152 905 958 1087 1189 1395 1664 1665 1666 1667 1668 1669 1670 1671 1672 1673 1674 1675 1676 1677 1678 1679 1680 1681 1682 1683 1684 1685 1686 1687 1688 1689
32 84 115 239 444 554 722 855 985 1141 1243 1448 1548 1690 1691 1692 1693 1694 1695 1696 1697 1698 1699 1700 1701 1702 1703 1704 1705 1706 1707 1708 1709
32 183 695 776 1114 1314 1617 1710 1711 1712 1713 1714 1715 1716 1717 1718 1719 1720 1721 1722 1723 1724 1725 1726 1727 1728 1729 1730 1731 1732 1733 1734 1735
32 416 476 529 1284 1363 1489 1736 1737 1738 1739 1740 1741 1742 1743 1744 1745 1746 1747 1748 1749 1750 1751 1752 1753 1754 1755 1756 1757 1758 1759 1760 1761
32 479 830 879 1288 1368 1740 1762 1763 1764 1765 1766 1767 1768 1769 1770 1771 1772 1773 1774 1775 1776 1777 1778 1779 1780 1781 1782 1783 1784 1785 1786 1787
32 58 932 960 1061 1343 1469 1788 1789 1790 1791 1792 1793 1794 1795 1796 1797 1798 1799 1800 1801 1802 1803 1804 1805 1806 1807 1808 1809 1810 1811 1812 1813
32 275 907 934 1216 1317 1620 1814 1815 1816 1817 1818 1819 1820 1821 1822 1823 1824 1825 1826 1827 1828 1829 1830 1831 1832 1833 1834 1835 1836 1837 1838 1839
32 535 1012 1036 1291 1492 1741 1840 1841 1842 1843 1844 1845 1846 1847 1848 1849 1850 1851 1852 1853 1854 1855 1856 1857 1858 1859 1860 1861 1862 1863 1864 1865
32 674 832 881 1419 1519 1764 1866 1867 1868 1869 1870 1871 1872 1873 1874 1875 1876 1877 1878 1879 1880 1881 1882 1883 1884 1885 1886 1887 1888 1889 1890 1891
32 585 613 672 1415 1515 1588 1870 1892 1893 1894 1895 1896 1897 1898 1899 1900 1901 1902 1903 1904 1905 1906 1907 1908 1909 1910 1911 1912 1913 1914 1915 1916
32 422 1063 1089 1371 1496 1744 1917 1918 1919 1920 1921 1922 1923 1924 1925 1926 1927 1928 1929 1930 1931 1932 1933 1934 1935 1936 1937 1938 1939 1940 1941 1942
32 591 1116 1167 1422 1593 1896 1943 1944 1945 1946 1947 1948 1949 1950 1951 1952 1953 1954 1955 1956 1957 1958 1959 1960 1961 1962 1963 1964 1965 1966 1967 1968
32 697 755 782 1562 1640 1712 1969 1970 1971 1972 1973 1974 1975 1976 1977 1978 1979 1980 1981 1982 1983 1984 1985 1986 1987 1988 1989 1990 1991 1992 1993 1994
32 757 1014 1038 1566 1644 1842 1973 1995 1996 1997 1998 1999 2000 2001 2002 2003 2004 2005 2006 2007 2008 2009 2010 2011 2012 2013 2014 2015 2016 2017 2018 2019
32 620 1194 1218 1522 1596 1899 2020 2021 2022 2023 2024 2025 2026 2027 2028 2029 2030 2031 2032 2033 2034 2035 2036 2037 2038 2039 2040 2041 2042 2043 2044 2045
32 784 1118 1169 1569 1716 1945 1974 2046 2047 2048 2049 2050 2051 2052 2053 2054 2055 2056 2057 2058 2059 2060 2061 2062 2063 2064 2065 2066 2067 2068 2069 2070
32 887 1269 1293 1424 1767 1871 2071 2072 2073 2074 2075 2076 2077 2078 2079 2080 2081 2082 2083 2084 2085 2086 2087 2088 2089 2090 2091 2092 2093 2094 2095 2096
32 967 1067 1094 1670 1794 1919 2097 2098 2099 2100 2101 2102 2103 2104 2105 2106 2107 2108 2109 2110 2111 2112 2113 2114 2115 2116 2117 2118 2119 2120 2121 2122
32 912 938 965 1666 1790 1816 2101 2123 2124 2125 2126 2127 2128 2129 2130 2131 2132 2133 2134 2135 2136 2137 2138 2139 2140 2141 2142 2143 2144 2145 2146 2147
32 703 1322 1348 1647 1719 1977 2148 2149 2150 2151 2152 2153 2154 2155 2156 2157 2158 2159 2160 2161 2162 2163 2164 2165 2166 2167 2168 2169 2170 2171 2172 2173
32 838 1373 1400 1524 1771 1874 2174 2175 2176 2177 2178 2179 2180 2181 2182 2183 2184 2185 2186 2187 2188 2189 2190 2191 2192 2193 2194 2195 2196 2197 2198 2199
32 914 1196 1220 1673 1820 2022 2127 2200 2201 2202 2203 2204 2205 2206 2207 2208 2209 2210 2211 2212 2213 2214 2215 2216 2217 2218 2219 2220 2221 2222 2223 2224
32 1018 1271 1295 1571 1846 1999 2073 2225 2226 2227 2228 2229 2230 2231 2232 2233 2234 2235 2236 2237 2238 2239 2240 2241 2242 2243 2244 2245 2246 2247 2248 2249
32 941 1324 1350 1797 1823 2130 2150 2250 2251 2252 2253 2254 2255 2256 2257 2258 2259 2260 2261 2262 2263 2264 2265 2266 2267 2268 2269 2270 2271 2272 2273 2274
32 1044 1474 1498 1649 1849 2002 2275 2276 2277 2278 2279 2280 2281 2282 2283 2284 2285 2286 2287 2288 2289 2290 2291 2292 2293 2294 2295 2296 2297 2298 2299 2300
32 1096 1375 1403 1675 1923 2102 2176 2301 2302 2303 2304 2305 2306 2307 2308 2309 2310 2311 2312 2313 2314 2315 2316 2317 2318 2319 2320 2321 2322 2323 2324 2325
32 1173 1274 1426 1573 1949 2050 2077 2229 2326 2327 2328 2329 2330 2331 2332 2333 2334 2335 2336 2337 2338 2339 2340 2341 2342 2343 2344 2345 2346 2347 2348 2349
32 1071 1476 1502 1799 1926 2105 2277 2350 2351 2352 2353 2354 2355 2356 2357 2358 2359 2360 2361 2362 2363 2364 2365 2366 2367 2368 2369 2370 2371 2372 2373 2374
32 1124 1598 1625 1721 1952 2053 2375 2376 2377 2378 2379 2380 2381 2382 2383 2384 2385 2386 2387 2388 2389 2390 2391 2392 2393 2394 2395 2396 2397 2398 2399 2400
32 1200 1405 1526 1677 2026 2180 2204 2305 2401 2402 2403 2404 2405 2406 2407 2408 2409 2410 2411 2412 2413 2414 2415 2416 2417 2418 2419 2420 2421 2422 2423 2424
32 1226 1600 1627 1825 2029 2207 2377 2425 2426 2427 2428 2429 2430 2431 2432 2433 2434 2435 2436 2437 2438 2439 2440 2441 2442 2443 2444 2445 2446 2447 2448 2449
32 1301 1749 1773 1851 2080 2233 2450 2451 2452 2453 2454 2455 2456 2457 2458 2459 2460 2461 2462 2463 2464 2465 2466 2467 2468 2469 2470 2471 2472 2473 2474 2475
32 1354 1480 1651 1801 2154 2254 2281 2354 2476 2477 2478 2479 2480 2481 2482 2483 2484 2485 2486 2487 2488 2489 2490 2491 2492 2493 2494 2495 2496 2497 2498 2499
32 1328 1630 1723 1827 2157 2258 2381 2429 2500 2501 2502 2503 2504 2505 2506 2507 2508 2509 2510 2511 2512 2513 2514 2515 2516 2517 2518 2519 2520 2521 2522 2523
32 1381 1751 1777 1928 2183 2309 2452 2524 2525 2526 2527 2528 2529 2530 2531 2532 2533 2534 2535 2536 2537 2538 2539 2540 2541 2542 2543 2544 2545 2546 2547 2548
32 1433 1879 1904 1954 2082 2333 2549 2550 2551 2552 2553 2554 2555 2556 2557 2558 2559 2560 2561 2562 2563 2564 2565 2566 2567 2568 2569 2570 2571 2572 2573 2574
32 1506 1754 1853 1930 2284 2358 2456 2528 2575 2576 2577 2578 2579 2580 2581 2582 2583 2584 2585 2586 2587 2588 2589 2590 2591 2592 2593 2594 2595 2596 2597 2598
32 1533 1881 1906 2031 2185 2407 2551 2599 2600 2601 2602 2603 2604 2605 2606 2607 2608 2609 2610 2611 2612 2613 2614 2615 2616 2617 2618 2619 2620 2621 2622 2623
32 1580 1982 2007 2058 2235 2335 2624 2625 2626 2627 2628 2629 2630 2631 2632 2633 2634 2635 2636 2637 2638 2639 2640 2641 2642 2643 2644 2645 2646 2647 2648 2649
32 1606 1909 1956 2033 2384 2433 2555 2604 2650 2651 2652 2653 2654 2655 2656 2657 2658 2659 2660 2661 2662 2663 2664 2665 2666 2667 2668 2669 2670 2671 2672 2673
32 1658 1984 2009 2159 2286 2483 2626 2674 2675 2676 2677 2678 2679 2680 2681 2682 2683 2684 2685 2686 2687 2688 2689 2690 2691 2692 2693 2694 2695 2696 2697 2698
32 1684 2110 2135 2212 2311 2412 2699 2700 2701 2702 2703 2704 2705 2706 2707 2708 2709 2710 2711 2712 2713 2714 2715 2716 2717 2718 2719 2720 2721 2722 2723 2724
32 1729 1987 2060 2161 2386 2507 2630 2679 2725 2726 2727 2728 2729 2730 2731 2732 2733 2734 2735 2736 2737 2738 2739 2740 2741 2742 2743 2744 2745 2746 2747 2748
32 1781 1884 2084 2187 2459 2532 2558 2607 2749 2750 2751 2752 2753 2754 2755 2756 2757 2758 2759 2760 2761 2762 2763 2764 2765 2766 2767 2768 2769 2770 2771 2772
32 1808 2112 2137 2260 2360 2485 2701 2773 2774 2775 2776 2777 2778 2779 2780 2781 2782 2783 2784 2785 2786 2787 2788 2789 2790 2791 2792 2793 2794 2795 2796 2797
32 1834 2140 2214 2264 2435 2509 2705 2778 2798 2799 2800 2801 2802 2803 2804 2805 2806 2807 2808 2809 2810 2811 2812 2813 2814 2815 2816 2817 2818 2819 2820 2821
32 1859 2012 2239 2288 2461 2582 2633 2682 2822 2823 2824 2825 2826 2827 2828 2829 2830 2831 2832 2833 2834 2835 2836 2837 2838 2839 2840 2841 2842 2843 2844 2845
32 1936 2115 2315 2364 2534 2584 2708 2781 2846 2847 2848 2849 2850 2851 2852 2853 2854 2855 2856 2857 2858 2859 2860 2861 2862 2863 2864 2865 2866 2867 2868 2869
32 1961 2063 2340 2388 2560 2635 2657 2732 2870 2871 2872 2873 2874 2875 2876 2877 2878 2879 2880 2881 2882 2883 2884 2885 2886 2887 2888 2889 2890 2891 2892 2893
32 2039 2217 2415 2439 2609 2659 2710 2805 2894 2895 2896 2897 2898 2899 2900 2901 2902 2903 2904 2905 2906 2907 2908 2909 2910 2911 2912 2913 2914 2915 2916 2917
32 2089 2242 2342 2463 2562 2637 2756 2829 2876 2918 2919 2920 2921 2922 2923 2924 2925 2926 2927 2928 2929 2930 2931 2932 2933 2934 2935 2936 2937 2938 2939 2940
32 2167 2268 2490 2514 2684 2734 2783 2807 2941 2942 2943 2944 2945 2946 2947 2948 2949 2950 2951 2952 2953 2954 2955 2956 2957 2958 2959 2960 2961 2962 2963 2964
32 2192 2318 2417 2538 2611 2712 2758 2853 2901 2965 2966 2967 2968 2969 2970 2971 2972 2973 2974 2975 2976 2977 2978 2979 2980 2981 2982 2983 2984 2985 2986 2987
32 2294 2367 2492 2589 2686 2785 2831 2855 2948 2988 2989 2990 2991 2992 2993 2994 2995 2996 2997 2998 2999 3000 3001 3002 3003 3004 3005 3006 3007 3008 3009 3010
32 2394 2442 2516 2664 2738 2809 2881 2903 2950 3011 3012 3013 3014 3015 3016 3017 3018 3019 3020 3021 3022 3023 3024 3025 3026 3027 3028 3029 3030 3031 3032 3033
32 2469 2541 2591 2763 2836 2859 2928 2975 2998 3034 3035 3036 3037 3038 3039 3040 3041 3042 3043 3044 3045 3046 3047 3048 3049 3050 3051 3052 3053 3054 3055 3056
32 2568 2617 2666 2765 2884 2907 2931 2977 3021 3044 3057 3058 3059 3060 3061 3062 3063 3064 3065 3066 3067 3068 3069 3070 3071 3072 3073 3074 3075 3076 3077 3078
32 2644 2692 2742 2838 2886 2934 2955 3001 3024 3047 3069 3079 3080 3081 3082 3083 3084 3085 3086 3087 3088 3089 3090 3091 3092 3093 3094 3095 3096 3097 3098 3099
32 2719 2792 2815 2862 2910 2957 2981 3003 3027 3050 3072 3094 3100 3101 3102 3103 3104 3105 3106 3107 3108 3109 3110 3111 3112 3113 3114 3115 3116 3117 3118 3119
5 190 2650 3120 3121 3122
5 96 2798 3123 3124 3125
5 287 2728 3126 3127 3128
5 317 2578 3129 3130 3131
5 226 2776 3132 3133 3134
5 0 2674 3135 3136 3137
5 158 2524 3138 3139 3140
5 347 2602 3141 3142 3143
5 64 2699 3144 3145 3146
5 257 2454 3147 3148 3149
5 32 2549 3150 3151 3152
5 133 2628 3153 3154 3155
5 491 2752 3156 3157 3158
5 434 2849 3159 3160 3161
5 372 2822 3162 3163 3164
5 458 2500 3165 3166 3167
5 222 2774 3168 3169 3170
5 6 2677 3171 3172 3173
5 519 2428 3174 3175 3176
5 343 2600 3177 3178 3179
5 70 2703 3180 3181 3182
5 400 2375 3183 3184 3185
5 38 2553 3186 3187 3188
5 129 2625 3189 3190 3191
5 487 2749 3192 3193 3194
5 543 2894 3195 3196 3197
5 631 2873 3198 3199 3200
5 658 2479 3201 3202 3203
5 102 2801 3204 3205 3206
5 284 2726 3207 3208 3209
5 570 2350 3210 3211 3212
5 164 2527 3213 3214 3215
5 72 2704 3216 3217 3218
5 604 2279 3219 3220 3221
5 253 2451 3222 3223 3224
5 127 2624 3225 3226 3227
5 376 2825 3228 3229 3230
5 627 2870 3231 3232 3233
5 715 2944 3234 3235 3236
5 737 2401 3237 3238 3239
5 104 2802 3240 3241 3242
5 196 2653 3243 3244 3245
5 769 2304 3246 3247 3248
5 314 2576 3249 3250 3251
5 221 2773 3252 3253 3254
5 682 2174 3255 3256 3257
5 251 2450 3258 3259 3260
5 40 2554 3261 3262 3263
5 848 2968 3264 3265 3266
5 792 2918 3267 3268 3269
5 654 2476 3270 3271 3272
5 432 2847 3273 3274 3275
5 872 2253 3276 3277 3278
5 516 2426 3279 3280 3281
5 66 2700 3282 3283 3284
5 818 2148 3285 3286 3287
5 405 2379 3288 3289 3290
5 138 2632 3291 3292 3293
5 430 2846 3294 3295 3296
5 547 2897 3297 3298 3299
5 711 2941 3300 3301 3302
5 953 2329 3303 3304 3305
5 282 2725 3306 3307 3308
5 199 2654 3309 3310 3311
5 894 2225 3285 3312 3313
5 312 2575 3314 3315 3316
5 9 2678 3317 3318 3319
5 927 2075 3320 3321 3322
5 167 2529 3323 3324 3325
5 342 2599 3326 3327 3328
5 795 2921 3329 3330 3331
5 975 2988 3332 3333 3334
5 742 2404 3335 3336 3337
5 489 2750 3338 3339 3340
5 998 2200 3210 3341 3342
5 463 2503 3343 3344 3345
5 232 2780 3346 3347 3348
5 1029 2024 3349 3350 3351
5 407 2380 3352 3353 3354
5 34 2550 3355 3356 3357
5 846 2966 3358 3359 3360
5 629 2871 3361 3362 3363
5 869 2251 3237 3364 3365
5 575 2353 3366 3367 3368
5 76 2707 3369 3370 3371
5 822 2152 3372 3373 3374
5 601 2276 3375 3376 3377
5 134 2629 3378 3379 3380
5 845 2965 3381 3382 3383
5 978 2991 3384 3385 3386
5 949 2326 3375 3387 3388
5 378 2826 3389 3390 3391
5 1082 2049 3392 3393 3394
5 465 2504 3395 3396 3397
5 2 2675 3398 3399 3400
5 1051 1943 3255 3401 3402
5 515 2425 3403 3404 3405
5 353 2606 3406 3407 3408
5 793 2919 3409 3410 3411
5 1134 3014 3412 3413 3414
5 765 2301 3279 3415 3416
5 549 2898 3417 3418 3419
5 1158 2100 3420 3421 3422
5 656 2477 3404 3423 3424
5 98 2799 3425 3426 3427
5 1104 1917 3320 3428 3429
5 599 2275 3395 3430 3431
5 262 2458 3432 3433 3434
5 794 2920 3435 3436 3437
5 713 2942 3438 3439 3440
5 1002 2203 3441 3442 3443
5 767 2302 3271 3444 3445
5 228 2777 3446 3447 3448
5 1026 2021 3303 3449 3450
5 687 2178 3451 3452 3453
5 44 2557 3454 3455 3456
5 1131 3011 3457 3458 3459
5 899 2228 3460 3461 3462
5 494 2754 3463 3464 3465
5 1180 1995 3183 3355 3466
5 293 2731 3467 3468 3469
5 1211 1844 3470 3471 3472
5 577 2355 3452 3473 3474
5 160 2525 3341 3475 3476
5 1132 3012 3477 3478 3479
5 375 2824 3480 3481 3482
5 1155 2098 3165 3398 3483
5 108 2804 3484 3485 3486
5 1108 1921 3487 3488 3489
5 689 2179 3461 3490 3491
5 259 2455 3401 3492 3493
5 1233 3034 3494 3495 3496
5 195 2652 3475 3481 3497
5 1256 2123 3138 3326 3498
5 439 2852 3499 3500 3501
5 1286 1818 3502 3503 3504
5 824 2153 3505 3506 3507
5 402 2376 3312 3463 3508
5 977 2990 3509 3510 3511
5 546 2896 3512 3513 3514
5 1080 2047 3201 3425 3515
5 13 2681 3516 3517 3518
5 1055 1947 3505 3519 3520
5 924 2072 3336 3521 3522
5 349 2603 3428 3523 3524
5 976 2989 3525 3526 3527
5 922 2071 3352 3528 3529
5 634 2875 3530 3531 3532
5 1339 1869 3533 3534 3535
5 744 2405 3289 3536 3537
5 193 2651 3364 3538 3539
5 1308 1762 3219 3378 3540
5 323 2581 3541 3542 3543
5 544 2895 3544 3545 3546
5 1236 3037 3547 3548 3549
5 1078 2046 3222 3430 3550
5 797 2922 3551 3552 3553
5 1391 1972 3554 3555 3556
5 661 2481 3259 3557 3558
5 374 2823 3444 3559 3560
5 1361 1710 3349 3454 3561
5 868 2250 3249 3415 3562
5 524 2432 3563 3564 3565
5 847 2967 3557 3566 3567
5 718 2946 3568 3569 3570
5 1184 1998 3571 3572 3573
5 951 2327 3344 3544 3574
5 289 2729 3449 3575 3576
5 1208 1841 3246 3446 3577
5 171 2531 3578 3579 3580
5 630 2872 3423 3581 3582
5 980 2992 3583 3584 3585
5 1259 2126 3586 3587 3588
5 741 2403 3315 3409 3589
5 436 2850 3521 3590 3591
5 1283 1815 3392 3516 3592
5 1025 2020 3323 3528 3593
5 410 2383 3594 3595 3596
5 1442 3060 3597 3598 3599
5 1154 2097 3177 3403 3600
5 853 2971 3601 3602 3603
5 462 2502 3327 3436 3604
5 1413 1788 3470 3578 3605
5 819 2149 3309 3387 3606
5 608 2283 3607 3608 3609
5 1133 3013 3610 3611 3612
5 437 2851 3613 3614 3615
5 1336 1867 3174 3282 3616
5 202 2656 3617 3618 3619
5 1312 1766 3620 3621 3622
5 902 2230 3367 3623 3624
5 319 2579 3286 3625 3626
5 1234 3035 3627 3628 3629
5 291 2730 3492 3614 3630
5 1461 1892 3147 3225 3631
5 496 2755 3632 3633 3634
5 1491 1590 3635 3636 3637
5 1005 2205 3373 3638 3639
5 460 2501 3211 3480 3640
5 1439 3057 3641 3642 3643
5 321 2580 3356 3513 3644
5 1388 1969 3150 3258 3645
5 636 2877 3646 3647 3648
5 1517 1642 3502 3594 3649
5 876 2257 3488 3650 3651
5 572 2351 3238 3338 3652
5 1235 3036 3653 3654 3655
5 101 2800 3464 3625 3656
5 1389 1970 3129 3252 3657
5 381 2828 3658 3659 3660
5 1365 1714 3607 3661 3662
5 1058 1948 3442 3663 3664
5 520 2430 3256 3613 3665
5 1440 3058 3666 3667 3668
5 5 2676 3339 3538 3669
5 1258 2125 3120 3306 3670
5 552 2900 3671 3672 3673
5 1417 1792 3563 3661 3674
5 1110 1922 3572 3675 3676
5 605 2280 3321 3530 3677
5 1539 3079 3678 3679 3680
5 163 2526 3362 3399 3681
5 1257 2124 3135 3314 3682
5 720 2947 3683 3684 3685
5 1564 1668 3635 3686 3687
5 1033 2028 3621 3688 3689
5 684 2175 3304 3389 3690
5 714 2943 3536 3691 3692
5 851 2970 3693 3694 3695
5 1464 1895 3696 3697 3698
5 956 2331 3214 3525 3699
5 493 2753 3376 3700 3701
5 1488 1587 3276 3369 3702
5 468 2506 3686 3703 3704
5 717 2945 3623 3705 3706
5 1207 1840 3261 3451 3707
5 801 2925 3708 3709 3710
5 1616 1739 3711 3712 3713
5 772 2307 3187 3610 3714
5 490 2751 3280 3715 3716
5 1487 1586 3291 3372 3717
5 663 2482 3687 3718 3719
5 1542 3082 3720 3721 3722
5 1335 1866 3189 3288 3723
5 803 2926 3724 3725 3726
5 522 2431 3226 3510 3727
5 1513 1638 3432 3487 3728
5 999 2201 3207 3270 3729
5 773 2308 3504 3730 3731
5 433 2848 3396 3732 3733
5 1137 3016 3734 3735 3736
5 898 2227 3244 3381 3737
5 633 2874 3490 3738 3739
5 1514 1639 3420 3484 3740
5 580 2357 3503 3741 3742
5 1139 3017 3743 3744 3745
5 574 2352 3268 3307 3746
5 1561 1665 3533 3617 3747
5 1105 1918 3317 3460 3748
5 692 2182 3636 3749 3750
5 286 2727 3250 3715 3751
5 1238 3038 3752 3753 3754
5 1001 2202 3193 3231 3755
5 850 2969 3663 3756 3757
5 1418 1793 3554 3658 3758
5 1282 1814 3406 3519 3759
5 827 2156 3471 3708 3760
5 1693 3103 3761 3762 3763
5 1181 1996 3168 3343 3764
5 986 2996 3765 3766 3767
5 404 2378 3253 3359 3768
5 1560 1664 3541 3620 3769
5 1052 1944 3240 3335 3770
5 931 2079 3637 3771 3772
5 1441 3059 3773 3774 3775
5 230 2779 3523 3531 3776
5 1614 1737 3141 3180 3777
5 502 2760 3778 3779 3780
5 1187 2000 3278 3781 3782
5 660 2480 3184 3512 3783
5 1540 3080 3784 3785 3786
5 351 2605 3379 3569 3787
5 1613 1736 3153 3186 3788
5 387 2833 3789 3790 3791
5 1163 2106 3351 3792 3793
5 740 2402 3166 3361 3794
5 1443 3061 3795 3796 3797
5 15 2683 3455 3694 3798
5 208 2661 3799 3800 3801
5 1262 2128 3221 3802 3803
5 657 2478 3139 3435 3804
5 1690 3100 3805 3806 3807
5 261 2457 3283 3439 3808
5 1462 1893 3144 3213 3809
5 555 2905 3810 3811 3812
5 1086 2054 3472 3813 3814
5 897 2226 3202 3273 3815
5 1541 3081 3816 3817 3818
5 69 2702 3390 3575 3819
5 1463 1894 3126 3204 3820
5 639 2879 3821 3822 3823
5 1315 1768 3422 3824 3825
5 771 2306 3220 3568 3826
5 1444 3062 3827 3828 3829
5 225 2775 3310 3700 3830
5 1183 1997 3156 3294 3831
5 800 2924 3675 3832 3833
5 1367 1715 3587 3671 3834
5 873 2255 3350 3693 3835
5 1691 3101 3836 3837 3838
5 37 2552 3274 3426 3839
5 1390 1971 3123 3243 3840
5 723 2952 3841 3842 3843
5 1215 1848 3535 3844 3845
5 929 2076 3247 3417 3846
5 1543 3083 3847 3848 3849
5 346 2601 3208 3559 3850
5 1157 2099 3162 3192 3851
5 983 2994 3824 3852 3853
5 1290 1822 3697 3821 3854
5 1030 2025 3393 3551 3855
5 550 2899 3473 3856 3857
5 984 2995 3858 3859 3860
5 930 2078 3172 3457 3861
5 379 2827 3353 3862 3863
5 1362 1711 3346 3441 3864
5 747 2408 3674 3865 3866
5 981 2993 3638 3867 3868
5 553 2902 3741 3869 3870
5 1085 2052 3143 3627 3871
5 200 2655 3223 3732 3872
5 1309 1763 3216 3366 3873
5 669 2487 3769 3874 3875
5 857 2974 3876 3877 3878
5 607 2282 3181 3478 3879
5 957 2332 3649 3880 3881
5 640 2880 3749 3882 3883
5 875 2256 3155 3654 3884
5 750 2410 3605 3885 3886
5 1136 3015 3781 3887 3888
5 383 2830 3595 3869 3889
5 1161 2104 3149 3773 3890
5 316 2577 3178 3581 3891
5 474 2511 3747 3892 3893
5 1143 3020 3894 3895 3896
5 686 2177 3205 3333 3897
5 1414 1789 3467 3571 3898
5 904 2232 3662 3899 3900
5 106 2803 3324 3862 3901
5 1242 3041 3902 3903 3904
5 1054 1946 3229 3300 3905
5 798 2923 3506 3906 3907
5 1518 1643 3499 3586 3908
5 1008 2208 3489 3858 3909
5 1244 3042 3910 3911 3912
5 821 2151 3196 3295 3913
5 1565 1669 3632 3696 3914
5 1060 1951 3622 3876 3915
5 1446 3063 3916 3917 3918
5 871 2252 3163 3232 3919
5 1568 1672 3711 3778 3799
5 1113 1925 3534 3724 3920
5 1692 3102 3921 3922 3923
5 137 2631 3418 3447 3924
5 1615 1738 3132 3171 3925
5 445 2857 3926 3927 3928
5 1344 1875 3394 3929 3930
5 955 2330 3175 3438 3931
5 1544 3084 3932 3933 3934
5 79 2709 3517 3552 3935
5 301 2736 3936 3937 3938
5 1467 1897 3248 3939 3940
5 745 2406 3148 3509 3941
5 1239 3039 3802 3942 3943
5 110 2806 3579 3709 3944
5 331 2586 3914 3945 3946
5 1394 1976 3176 3795 3947
5 466 2505 3151 3566 3948
5 1694 3104 3949 3950 3951
5 47 2559 3370 3584 3952
5 116 2811 3953 3954 3955
5 1396 1978 3322 3956 3957
5 952 2328 3130 3358 3958
5 1545 3085 3959 3960 3961
5 173 2533 3293 3735 3962
5 21 2688 3854 3963 3964
5 1267 2133 3257 3965 3966
5 768 2303 3121 3267 3967
5 1241 3040 3939 3968 3969
5 204 2658 3434 3859 3970
5 179 2536 3758 3971 3972
5 1266 2132 3185 3932 3973
5 518 2427 3136 3410 3974
5 1695 3105 3975 3976 3977
5 132 2627 3241 3590 3978
5 1338 1868 3159 3228 3979
5 856 2973 3844 3980 3981
5 1495 1595 3556 3841 3982
5 1084 2051 3277 3583 3983
5 1546 3086 3984 3985 3986
5 75 2706 3318 3738 3987
5 1311 1765 3198 3297 3988
5 804 2927 3688 3989 3990
5 1493 1592 3588 3683 3991
5 1160 2103 3374 3734 3992
5 1696 3106 3993 3994 3995
5 256 2453 3169 3545 3996
5 1081 2048 3157 3195 3997
5 1142 3019 3929 3998 3999
5 1521 1646 3713 3926 3953
5 1212 1845 3421 3601 4000
5 1421 1796 3712 3789 3936
5 1287 1819 3555 3646 4001
5 724 2953 3899 4002 4003
5 1032 2027 3134 3495 4004
5 962 2337 3728 4005 4006
5 854 2972 3650 4007 4008
5 725 2951 3865 4009 4010
5 1214 1847 3128 3641 4011
5 11 2680 3262 3856 4012
5 779 2313 3759 4013 4014
5 1140 3018 3792 4015 4016
5 443 2856 3703 3882 4017
5 1342 1873 3131 3784 4018
5 169 2530 3190 3691 4019
5 532 2437 3898 4020 4021
5 446 2858 3772 4022 4023
5 829 2158 3146 3667 4024
5 909 2237 3561 4025 4026
5 503 2761 3609 4009 4027
5 1009 2209 3152 3817 4028
5 588 2362 3592 4029 4030
5 302 2737 3689 4031 4032
5 582 2359 3191 3828 4033
5 1010 2210 3429 4034 4035
5 500 2759 3565 4002 4036
5 1191 2004 3140 3921 4037
5 419 2390 3740 4038 4039
5 1450 3066 4040 4041 4042
5 1107 1920 3235 3298 4043
5 1190 2003 3520 3894 4044
5 234 2782 3407 3906 4045
5 1451 3067 4046 4047 4048
5 1364 1713 3330 3384 4049
5 637 2878 3608 4050 4051
5 1265 2131 3453 3902 4052
5 1549 3087 4053 4054 4055
5 1028 2023 3160 3301 4056
5 1318 1770 3573 3765 4057
5 1449 3065 4058 4059 4060
5 603 2278 3124 3382 4061
5 1370 1718 3698 3810 4062
5 1697 3107 4063 4064 4065
5 143 2636 3485 3602 4066
5 240 2787 4062 4067 4068
5 1621 1745 3305 4058 4069
5 903 2231 3142 3477 4070
5 1447 3064 3965 4071 4072
5 236 2784 3618 3725 4073
5 361 2613 4001 4074 4075
5 1619 1743 3203 3959 4076
5 579 2356 3154 3611 4077
5 1547 3089 4078 4079 4080
5 83 2713 3647 3659 4081
5 22 2689 3920 4082 4083
5 1618 1742 3337 3916 4084
5 1006 2206 3188 3653 4085
5 1245 3043 3956 4086 4087
5 297 2735 3543 3877 4088
5 271 2465 3908 4089 4090
5 1471 1901 3167 3949 4091
5 409 2382 3145 3526 4092
5 1698 3108 4093 4094 4095
5 267 2462 3348 3744 4096
5 85 2714 3982 4097 4098
5 1472 1902 3313 4099 4100
5 926 2074 3127 3332 4101
5 413 2385 3218 3753 4102
5 241 2788 3845 4103 4104
5 1192 2005 3402 4105 4106
5 327 2585 3408 3895 4107
5 53 2564 3834 4108 4109
5 1399 1981 3212 4063 4110
5 470 2508 3263 3903 4111
5 362 2614 3676 4112 4113
5 1166 2109 3287 4078 4114
5 1699 3109 4115 4116 4117
5 43 2556 3217 3705 4118
5 1210 1843 3199 3234 4119
5 987 2997 3813 4120 4121
5 1341 1872 3443 3743 4122
5 1700 3110 4123 4124 4125
5 141 2634 3347 3756 4126
5 1490 1589 3264 3329 4127
5 556 2906 3771 4128 4129
5 1393 1975 3368 3752 4130
5 1551 3091 4131 4132 4133
5 81 2711 3468 3832 4134
5 388 2834 3750 4135 4136
5 1263 2129 3290 3827 4137
5 559 2909 3881 4138 4139
5 1115 1927 3125 3679 4140
5 936 2086 3717 4141 4142
5 989 3000 4005 4143 4144
5 1289 1821 3161 3598 4145
5 1091 2056 3707 4146 4147
5 642 2882 3719 4022 4148
5 1319 1772 3122 3805 4149
5 616 2290 3864 4150 4151
5 721 2949 3730 4152 4153
5 858 2976 3874 4031 4154
5 1494 1594 3158 3720 4155
5 355 2608 3292 3867 4156
5 883 2262 3748 4157 4158
5 441 2854 3564 4050 4159
5 1144 3022 4013 4160 4161
5 1520 1645 3200 3547 4162
5 295 2733 3433 4007 4163
5 1165 2108 3593 4046 4164
5 389 2835 3731 4138 4165
5 1062 1953 3137 3837 4166
5 700 2189 3702 4167 4168
5 118 2813 3814 4169 4170
5 694 2184 3170 3848 4171
5 1065 1958 3540 4172 4173
5 212 2663 3651 4143 4174
5 906 2234 3179 3976 4175
5 834 2163 3577 4176 4177
5 332 2587 3507 4160 4178
5 748 2409 3224 3985 4179
5 884 2263 3450 4180 4181
5 1552 3090 4182 4183 4184
5 1285 1817 3265 3385 4185
5 1470 1900 3462 3910 4186
5 1247 3046 4146 4187 4188
5 1416 1791 3266 3413 4189
5 1398 1980 3529 4040 4190
5 112 2808 3542 3989 4191
5 1248 3048 4157 4192 4193
5 1516 1641 3331 3412 4194
5 498 2757 3596 4152 4195
5 1268 2134 3431 3984 4196
5 1550 3088 4099 4197 4198
5 691 2181 3133 3458 4199
5 357 2610 3469 3766 4200
5 147 2639 3991 4201 4202
5 1624 1748 3239 4093 4203
5 1701 3111 4204 4205 4206
5 51 2563 3501 3684 4207
5 86 2715 4057 4208 4209
5 1623 1747 3388 4053 4210
5 1059 1950 3173 3494 4211
5 1702 3112 4212 4213 4214
5 145 2638 3500 3672 4215
5 117 2812 3915 4216 4217
5 1188 2001 3215 3666 4218
5 1452 3068 4105 4219 4220
5 19 2687 3634 3811 4221
5 54 2565 4000 4222 4223
5 1622 1746 3272 3993 4224
5 826 2155 3182 3628 4225
5 1246 3045 4034 4226 4227
5 114 2810 3779 3790 4228
5 180 2537 3855 4229 4230
5 1468 1898 3345 3847 4231
5 878 2259 3227 3774 4232
5 1453 3070 4180 4233 4234
5 238 2786 3633 3822 4235
5 209 2662 3760 4236 4237
5 1164 2107 3260 3816 4238
5 528 2436 3319 3911 4239
5 148 2640 3825 4240 4241
5 1347 1878 3342 4204 4242
5 612 2287 3242 3917 4243
5 87 2716 3930 4244 4245
5 1320 1775 3466 4246 4247
5 667 2486 3325 4041 4248
5 272 2466 3664 4249 4250
5 1092 2057 3365 4212 4251
5 670 2488 3354 4047 4252
5 533 2438 3491 4192 4253
5 780 2314 3377 4132 4254
5 1703 3113 4255 4256 4257
5 265 2460 3371 3887 4258
5 726 2954 3880 4259 4260
5 1704 3114 4261 4262 4263
5 49 2561 3486 3852 4264
5 449 2861 3900 4265 4266
5 1454 3073 4267 4268 4269
5 17 2685 3619 3980 4270
5 504 2762 3742 4259 4271
5 1397 1979 3405 3975 4272
5 807 2930 3886 4169 4273
5 1372 1720 3164 3762 4274
5 1040 2035 3873 4275 4276
5 861 2980 4026 4277 4278
5 1423 1798 3197 3722 4279
5 1222 1855 3723 4280 4281
5 1147 3026 4141 4282 4283
5 1567 1671 3236 3549 4284
5 1346 1877 3550 4182 4285
5 809 2932 3893 4103 4286
5 1497 1597 3194 3761 4287
5 835 2164 3770 4267 4288
5 558 2904 3718 4135 4289
5 990 3002 4020 4112 4290
5 1369 1717 3230 3597 4291
5 325 2583 3456 4015 4292
5 1011 2211 3606 4131 4293
5 988 2999 3885 4236 4294
5 561 2908 3945 3963 4295
5 1316 1769 3245 3678 4296
5 526 2434 3380 3942 4297
5 589 2363 3690 4233 4298
5 385 2832 3704 4128 4299
5 1148 3028 4150 4249 4300
5 1420 1795 3299 3548 4301
5 206 2660 3580 4120 4302
5 1193 2006 3562 4123 4303
5 23 2690 3793 4277 4304
5 935 2083 3209 3994 4305
5 1120 1932 3616 4306 4307
5 243 2790 3957 4308 4309
5 1037 2032 3275 3961 4310
5 1377 1725 3631 4311 4312
5 181 2540 3639 4282 4313
5 961 2336 3251 4116 4314
5 1041 2036 3515 4315 4316
5 478 2513 3474 4187 4317
5 963 2338 3281 4124 4318
5 617 2291 3522 4268 4319
5 1455 3071 4280 4320 4321
5 1563 1667 3386 3414 4322
5 1554 3093 4323 4324 4325
5 1251 3052 4275 4326 4327
5 1473 1903 3416 4115 4328
5 1553 3092 4246 4329 4330
5 1112 1924 3206 3642 4331
5 177 2539 3648 3843 4332
5 149 2641 4122 4333 4334
5 1705 3115 4335 4336 4337
5 269 2464 3673 3685 4338
5 242 2789 4044 4339 4340
5 1706 3116 4341 4342 4343
5 417 2389 3603 3853 4344
5 88 2717 4186 4345 4346
5 1555 3095 4315 4347 4348
5 359 2612 3660 3842 4349
5 303 2740 3909 4350 4351
5 1345 1876 3316 3836 4352
5 1249 3049 4172 4353 4354
5 211 2665 3791 3928 4355
5 273 2467 3983 4356 4357
5 1035 2030 3254 3785 4358
5 1145 3023 4025 4359 4360
5 391 2837 3801 3954 4361
5 420 2391 3846 4362 4363
5 610 2285 3284 3796 4364
5 1250 3051 4176 4362 4365
5 299 2739 3780 3927 4366
5 333 2588 3835 4359 4367
5 1088 2055 3328 3922 4368
5 1146 3025 4029 4229 4369
5 448 2860 3800 3937 4370
5 475 2512 3677 4226 4371
5 775 2310 3357 3933 4372
5 777 2312 3311 4054 4373
5 55 2566 3782 4374 4375
5 1223 1856 3483 4335 4376
5 880 2261 3391 4060 4377
5 150 2642 3940 4378 4379
5 1501 1603 3498 4341 4380
5 833 2162 3419 3969 4381
5 89 2718 4069 4382 4383
5 1500 1602 3645 4323 4384
5 754 2414 3397 4183 4385
5 421 2392 3624 4326 4386
5 937 2087 3445 4262 4387
5 1556 3096 4388 4389 4390
5 175 2535 3518 3998 4391
5 643 2883 3866 4265 4392
5 1707 3117 4393 4394 4395
5 415 2387 3448 3968 4396
5 860 2979 4006 4350 4397
5 813 2936 4030 4244 4398
5 1523 1648 3233 3763 4399
5 1121 1933 3764 4388 4400
5 648 2888 4035 4308 4401
5 1525 1650 3269 3807 4402
5 1297 1829 3809 4403 4404
5 993 3006 4168 4374 4405
5 1570 1674 3302 3599 4406
5 1321 1776 3600 4255 4407
5 731 2959 4173 4408 4409
5 1572 1676 3334 3643 4410
5 452 2864 4106 4411 4412
5 1294 1826 3360 3786 4413
5 1528 1653 3788 4414 4415
5 862 2982 4039 4240 4416
5 1292 1824 3296 3721 4417
5 1066 1959 3729 4261 4418
5 647 2887 3972 4097 4419
5 1217 1850 3308 3806 4420
5 701 2190 3815 4347 4421
5 806 2929 3875 4216 4422
5 730 2958 4089 4108 4423
5 472 2510 3524 4086 4424
5 910 2238 3652 4213 4425
5 859 2978 3892 4082 4426
5 728 2956 3971 4074 4427
5 665 2484 3493 4071 4428
5 751 2411 3508 4079 4429
5 364 2616 3803 4408 4430
5 1090 2059 3340 4095 4431
5 1298 1830 3657 4432 4433
5 306 2741 3966 4411 4434
5 1219 1852 3363 3951 4435
5 1428 1803 3777 4436 4437
5 122 2817 4100 4438 4439
5 1119 1931 3440 3797 4440
5 590 2366 3537 4320 4441
5 911 2241 3424 4256 4442
5 702 2191 3574 4389 4443
5 1458 3076 4403 4444 4445
5 1252 3053 4414 4446 4447
5 1457 3075 4311 4448 4449
5 1456 3074 4306 4450 4451
5 329 2590 3812 3823 4452
5 363 2615 3992 4453 4454
5 477 2515 3726 3981 4455
5 56 2567 4130 4456 4457
5 586 2365 3553 3999 4458
5 151 2643 4084 4459 4460
5 1557 3097 4432 4461 4462
5 530 2440 3767 3833 4463
5 24 2691 4052 4464 4465
5 1708 3118 4466 4467 4468
5 614 2289 3745 3757 4469
5 119 2814 4190 4470 4471
5 698 2188 3585 3888 4472
5 246 2791 4210 4473 4474
5 1149 3029 4167 4356 4475
5 506 2764 3938 3955 4476
5 534 2441 3826 4353 4477
5 933 2081 3400 3950 4478
5 992 3005 4142 4453 4479
5 508 2766 3964 4068 4480
5 618 2292 3931 4450 4481
5 696 2186 3427 3960 4482
5 991 3004 4038 4222 4483
5 645 2885 3946 4067 4484
5 671 2489 3665 4219 4485
5 959 2334 3476 4064 4486
5 1168 2111 3465 4198 4487
5 274 2468 3947 4488 4489
5 1529 1654 3670 4466 4490
5 1015 2215 3532 4087 4491
5 57 2570 4076 4492 4493
5 1378 1726 3682 4393 4494
5 1068 1957 3570 3943 4495
5 28 2695 4203 4496 4497
5 1016 2216 3558 4324 4498
5 836 2165 3699 4444 4499
5 1069 1960 3589 4394 4500
5 1558 3098 4501 4502 4503
5 584 2361 3576 4059 4504
5 810 2933 4014 4339 4505
5 1709 3119 4506 4507 4508
5 831 2160 3591 3918 4509
5 562 2912 4147 4464 4510
5 565 2913 4177 4378 4511
5 1425 1800 3383 3680 4512
5 395 2841 4181 4382 4513
5 1374 1722 3411 3838 4514
5 1429 1804 3840 4501 4515
5 509 2767 4114 4438 4516
5 1499 1599 3437 3923 4517
5 1575 1679 3925 4518 4519
5 734 2962 4307 4488 4520
5 1574 1678 3459 3496 4521
5 566 2914 4247 4522 4523
5 1427 1802 3479 3629 4524
5 994 3007 4312 4525 4526
5 396 2842 4242 4527 4528
5 1376 1724 3511 3775 4529
5 451 2863 4109 4202 4530
5 940 2088 3794 4336 4531
5 305 2743 4113 4209 4532
5 1042 2037 3958 4461 4533
5 812 2935 4021 4208 4534
5 564 2911 4090 4201 4535
5 753 2413 3626 4197 4536
5 964 2339 3640 4205 4537
5 336 2593 3973 4522 4538
5 1349 1880 3482 4065 4539
5 1576 1680 3820 4540 4541
5 537 2444 3890 4525 4542
5 1401 1983 3497 4206 4543
5 1430 1805 3831 4544 4545
5 216 2669 4110 4527 4546
5 1325 1778 3514 3934 4547
5 886 2267 3714 4446 4548
5 1198 2011 3604 4343 4549
5 1122 1934 3737 4502 4550
5 1254 3055 4518 4551 4552
5 1151 3031 4437 4553 4554
5 1253 3054 4436 4555 4556
5 1150 3030 4415 4557 4558
5 673 2491 3878 3990 4559
5 182 2543 4137 4560 4561
5 756 2416 3710 4121 4562
5 277 2471 4231 4563 4564
5 675 2493 3883 4129 4565
5 424 2393 4218 4566 4567
5 913 2240 3695 4016 4568
5 368 2620 4224 4569 4570
5 1459 3077 4540 4571 4572
5 783 2316 3896 3907 4573
5 215 2668 4196 4574 4575
5 1559 3099 4544 4576 4577
5 882 2265 3739 3912 4578
5 394 2840 4164 4470 4579
5 939 2085 3736 3868 4580
5 308 2744 4328 4581 4582
5 1039 2034 3706 3754 4583
5 453 2865 4285 4574 4584
5 863 2983 4151 4333 4585
5 393 2839 4075 4098 4586
5 781 2317 3783 4329 4587
5 908 2236 3539 4094 4588
5 732 2960 4276 4456 4589
5 214 2667 4083 4104 4590
5 885 2266 3941 4448 4591
5 1064 1955 3560 3995 4592
5 733 2961 4281 4560 4593
5 335 2592 4032 4217 4594
5 837 2166 4070 4555 4595
5 1117 1929 3546 3849 4596
5 1197 2010 3615 4072 4597
5 185 2545 4091 4598 4599
5 1272 2138 3630 4220 4600
5 425 2396 4018 4601 4602
5 1530 1655 3851 4506 4603
5 1273 2139 3644 4330 4604
5 619 2293 3871 4553 4605
5 1379 1727 3755 4507 4606
5 1172 2117 3727 4449 4607
5 1043 2038 3861 4551 4608
5 1326 1779 3746 4468 4609
5 1460 3078 4610 4611 4612
5 1013 2213 3701 4055 4613
5 649 2889 4158 4345 4614
5 455 2867 4316 4492 4615
5 1296 1828 3527 3668 4616
5 123 2818 4319 4460 4617
5 512 2770 4251 4496 4618
5 1503 1601 3567 3818 4619
5 217 2670 4254 4474 4620
5 1323 1774 3582 3977 4621
5 1577 1681 3979 4610 4622
5 27 2694 4253 4346 4623
5 1299 1831 3997 4576 4624
5 651 2891 4376 4598 4625
5 1527 1652 3612 3655 4626
5 865 2985 4433 4601 4627
5 814 2937 4380 4628 4629
5 864 2984 4384 4630 4631
5 121 2816 4223 4241 4632
5 1093 2062 3804 4342 4633
5 245 2793 4250 4334 4634
5 1224 1857 3967 4467 4635
5 366 2618 4178 4340 4636
5 1123 1935 4101 4571 4637
5 482 2519 4037 4628 4638
5 1477 1907 3656 4080 4639
5 676 2494 4028 4631 4640
5 1626 1750 3669 4214 4641
5 1578 1682 3988 4642 4643
5 786 2320 3884 4558 4644
5 1478 1908 3681 4337 4645
5 1300 1832 3905 4611 4646
5 1098 2065 3879 4556 4647
5 1353 1886 3768 4462 4648
5 1225 1858 3897 4572 4649
5 1152 3032 4519 4650 4651
5 996 3009 4541 4652 4653
5 995 3008 4404 4566 4654
5 966 2341 3860 4008 4655
5 337 2594 4272 4656 4657
5 758 2418 4003 4051 4658
5 481 2518 4238 4630 4659
5 480 2517 4023 4136 4660
5 593 2369 4085 4557 4661
5 968 2343 3870 4153 4662
5 538 2446 4352 4663 4664
5 785 2319 3889 4260 4665
5 622 2296 4296 4666 4667
5 536 2443 4027 4266 4668
5 705 2194 4211 4650 4669
5 1095 2061 3857 3904 4670
5 511 2768 4303 4581 4671
5 1255 3056 4642 4672 4673
5 1170 2113 3863 4042 4674
5 510 2769 4293 4473 4675
5 1221 1854 3692 3829 4676
5 650 2890 4407 4656 4677
5 454 2866 4288 4459 4678
5 26 2693 4230 4245 4679
5 1171 2114 3948 4325 4680
5 1195 2008 3716 4117 4681
5 567 2915 4400 4563 4682
5 184 2542 4170 4237 4683
5 1017 2219 4077 4447 4684
5 276 2470 4174 4351 4685
5 1070 1963 4199 4552 4686
5 1406 1988 3776 4227 4687
5 595 2371 4149 4688 4689
5 1277 2143 3787 4354 4690
5 706 2195 4011 4652 4691
5 1504 1604 3919 4508 4692
5 1174 2116 3798 4360 4693
5 841 2170 4155 4694 4695
5 1407 1989 3808 4451 4696
5 943 2091 4004 4651 4697
5 1505 1605 3913 4577 4698
5 1153 3033 4699 4700 4701
5 1270 2136 3872 4184 4702
5 307 2745 4298 4383 4703
5 309 2746 4387 4570 4704
5 248 2795 4443 4564 4705
5 92 2721 4386 4457 4706
5 339 2596 4318 4582 4707
5 1351 1882 3733 3986 4708
5 186 2544 4252 4471 4709
5 1431 1806 4119 4672 4710
5 483 2520 4179 4584 4711
5 1475 1905 3751 4125 4712
5 1579 1683 4127 4699 4713
5 60 2571 4317 4465 4714
5 1380 1728 4056 4612 4715
5 816 2939 4490 4688 4716
5 568 2916 4545 4694 4717
5 815 2938 4494 4663 4718
5 91 2720 4357 4375 4719
5 1352 1883 3974 4395 4720
5 247 2794 4363 4379 4721
5 1402 1986 3891 4257 4722
5 153 2645 4313 4454 4723
5 1327 1780 4061 4503 4724
5 761 2421 4166 4718 4725
5 1631 1755 3819 4234 4726
5 679 2497 4175 4677 4727
5 1628 1752 3830 4133 4728
5 969 2344 4024 4654 4729
5 1632 1756 3839 4348 4730
5 1531 1656 4043 4673 4731
5 760 2420 4033 4593 4732
5 1629 1753 3850 4263 4733
5 1432 1807 4049 4700 4734
5 866 2986 4515 4666 4735
5 735 2963 4622 4736 4737
5 736 2964 4643 4738 4739
5 915 2243 4010 4159 4740
5 677 2496 4368 4629 4741
5 592 2368 4139 4195 4742
5 759 2419 4232 4526 4743
5 1019 2218 4144 4163 4744
5 678 2495 4372 4523 4745
5 423 2395 4165 4271 4746
5 916 2244 4225 4554 4747
5 942 2090 4017 4289 4748
5 788 2322 4420 4716 4749
5 1097 2064 3944 4294 4750
5 890 2271 4287 4751 4752
5 621 2295 4036 4392 4753
5 944 2092 4331 4653 4754
5 888 2269 3970 4397 4755
5 1046 2042 4291 4736 4756
5 397 2843 4418 4569 4757
5 1404 1985 3901 4048 4758
5 218 2671 4425 4497 4759
5 997 3010 4713 4760 4761
5 1275 2141 4012 4188 4762
5 338 2595 4429 4439 4763
5 59 2569 4304 4367 4764
5 1199 2014 4092 4445 4765
5 124 2819 4421 4493 4766
5 367 2619 4309 4371 4767
5 1276 2142 4019 4321 4768
5 1482 1912 3924 4365 4769
5 918 2246 4140 4735 4770
5 1355 1885 3935 4369 4771
5 1021 2221 4274 4772 4773
5 1202 2015 3952 4475 4774
5 1074 1965 4145 4737 4775
5 1020 2220 3962 4479 4776
5 1127 1938 4162 4738 4777
5 867 2987 4734 4778 4779
5 369 2621 4442 4657 4780
5 30 2697 4500 4664 4781
5 155 2647 4441 4561 4782
5 94 2723 4499 4567 4783
5 125 2820 4550 4667 4784
5 279 2473 4385 4575 4785
5 540 2447 4314 4671 4786
5 426 2397 4248 4579 4787
5 1532 1657 4185 4701 4788
5 594 2370 4111 4510 4789
5 1303 1833 4194 4760 4778
5 652 2892 4603 4751 4772
5 398 2844 4606 4752 4790
5 457 2869 4646 4756 4791
5 154 2646 4430 4477 4792
5 1479 1911 3996 4390 4793
5 93 2722 4481 4489 4794
5 972 2347 4171 4682 4795
5 1633 1757 3978 4269 4796
5 789 2323 4305 4757 4797
5 1481 1910 3987 4193 4798
5 917 2245 4102 4589 4799
5 1384 1731 4189 4761 4800
5 456 2868 4624 4695 4801
5 569 2917 4710 4777 4802
5 653 2893 4731 4803 4804
5 704 2193 4148 4299 4805
5 970 2346 4358 4627 4806
5 1072 1962 4154 4191 4807
5 762 2422 4478 4625 4808
5 1201 2013 4045 4161 4809
5 484 2521 4486 4528 4810
5 839 2168 4273 4302 4811
5 971 2345 4364 4520 4812
5 889 2270 4278 4292 4813
5 787 2321 4297 4409 4814
5 1175 2118 4156 4283 4815
5 539 2445 4412 4428 4816
5 1045 2040 4088 4422 4817
5 1100 2067 4417 4717 4818
5 1227 1860 4073 4426 4819
5 1176 2119 4399 4790 4820
5 840 2169 4107 4505 4821
5 1229 1862 4301 4739 4803
5 29 2696 4531 4599 4822
5 187 2546 4537 4546 4823
5 817 2940 4788 4800 4824
5 1408 1990 4118 4327 4825
5 278 2472 4434 4485 4826
5 249 2796 4533 4602 4827
5 1330 1783 4066 4483 4828
5 1203 2016 4279 4801 4829
5 1507 1607 4081 4427 4830
5 1278 2144 4402 4831 4832
5 1073 1964 4096 4585 4833
5 1331 1784 4284 4802 4804
5 62 2573 4498 4659 4834
5 188 2547 4549 4741 4835
5 219 2672 4609 4749 4832
5 157 2649 4548 4661 4836
5 250 2797 4608 4669 4837
5 95 2724 4595 4605 4838
5 311 2748 4649 4754 4839
5 624 2298 4373 4675 4840
5 891 2272 4431 4759 4841
5 707 2196 4239 4614 4842
5 1509 1609 4322 4779 4824
5 513 2771 4692 4773 4820
5 310 2747 4635 4689 4831
5 514 2772 4698 4818 4829
5 61 2572 4538 4587 4843
5 156 2648 4542 4591 4844
5 946 2094 4243 4678 4845
5 1101 2068 4310 4766 4846
5 1356 1887 4126 4300 4847
5 1177 2120 4435 4822 4848
5 1329 1782 4134 4290 4849
5 399 2845 4715 4775 4850
5 126 2821 4637 4691 4851
5 1125 1937 4270 4286 4852
5 919 2247 4482 4615 4853
5 596 2372 4588 4618 4854
5 1382 1730 4235 4295 4855
5 1022 2222 4592 4704 4856
5 427 2398 4516 4536 4857
5 1047 2041 4391 4398 4858
5 945 2093 4396 4511 4859
5 623 2297 4401 4424 4860
5 1099 2066 4258 4405 4861
5 1126 1939 4200 4534 4862
5 1357 1888 4406 4791 4850
5 1302 1835 4221 4484 4863
5 1409 1991 4512 4784 4864
5 1534 1659 4228 4370 4865
5 1279 2145 4514 4781 4866
5 370 2622 4633 4638 4867
5 1383 1732 4207 4535 4868
5 1483 1913 4410 4839 4851
5 1508 1608 4215 4423 4869
5 1410 1992 4413 4827 4870
5 1280 2146 4517 4835 4867
5 281 2475 4607 4743 4871
5 428 2399 4604 4745 4872
5 341 2598 4648 4806 4870
5 485 2522 4645 4808 4848
5 597 2373 4543 4810 4873
5 371 2623 4647 4747 4874
5 63 2574 4644 4684 4875
5 31 2698 4686 4697 4876
5 1048 2043 4377 4703 4877
5 843 2172 4487 4763 4878
5 1023 2223 4539 4823 4873
5 220 2673 4724 4770 4864
5 340 2597 4720 4725 4866
5 280 2474 4640 4680 4879
5 1230 1863 4381 4721 4880
5 1358 1889 4440 4794 4881
5 1228 1861 4264 4416 4882
5 1205 2018 4547 4843 4872
5 708 2197 4504 4513 4883
5 1304 1836 4349 4419 4884
5 1075 1966 4509 4617 4885
5 1434 1809 4361 4366 4886
5 1204 2017 4596 4705 4887
5 842 2171 4613 4620 4888
5 892 2273 4681 4707 4889
5 1178 2121 4621 4780 4890
5 1435 1810 4332 4586 4891
5 1634 1758 4521 4837 4876
5 1581 1685 4355 4476 4892
5 1484 1914 4616 4783 4893
5 1411 1993 4619 4834 4879
5 541 2448 4722 4727 4890
5 1535 1660 4338 4530 4894
5 1635 1759 4524 4838 4874
5 1536 1661 4344 4632 4895
5 1485 1915 4529 4844 4871
5 542 2449 4696 4812 4881
5 626 2300 4690 4814 4896
5 709 2198 4600 4816 4897
5 681 2499 4730 4846 4853
5 763 2423 4641 4841 4854
5 680 2498 4733 4797 4856
5 920 2248 4639 4857 4878
5 189 2548 4729 4765 4893
5 429 2400 4732 4768 4898
5 1129 1941 4491 4767 4899
5 1305 1837 4458 4679 4900
5 1076 1967 4597 4826 4897
5 486 2523 4793 4795 4887
5 625 2299 4702 4711 4901
5 1333 1786 4495 4792 4896
5 1510 1610 4472 4719 4902
5 1128 1940 4578 4623 4903
5 1582 1686 4452 4480 4904
5 1332 1785 4583 4706 4905
5 1436 1811 4463 4532 4906
5 1385 1733 4469 4634 4907
5 1359 1890 4676 4782 4898
5 1049 2044 4674 4709 4908
5 1102 2069 4708 4785 4901
5 790 2324 4712 4786 4889
5 1636 1760 4626 4836 4875
5 1583 1687 4455 4590 4909
5 791 2325 4769 4859 4880
5 893 2274 4774 4861 4902
5 948 2096 4687 4860 4899
5 1050 2045 4693 4813 4910
5 844 2173 4776 4815 4911
5 974 2349 4726 4877 4883
5 764 2424 4796 4845 4885
5 973 2348 4728 4840 4888
5 598 2374 4799 4825 4905
5 710 2199 4762 4789 4912
5 1386 1734 4568 4764 4910
5 1437 1812 4562 4683 4913
5 947 2095 4758 4787 4908
5 1511 1611 4580 4723 4911
5 1231 1864 4670 4714 4912
5 1306 1838 4573 4636 4914
5 1584 1688 4559 4594 4915
5 1585 1689 4565 4660 4916
5 1103 2070 4771 4858 4900
5 1179 2122 4828 4882 4895
5 1024 2224 4833 4847 4907
5 1232 1865 4750 4811 4913
5 1130 1942 4744 4755 4917
5 1307 1839 4665 4742 4918
5 1077 1968 4809 4821 4914
5 921 2249 4798 4842 4903
5 1537 1662 4655 4685 4917
5 1538 1663 4662 4746 4918
5 1438 1813 4658 4668 4919
5 1360 1891 4819 4852 4909
5 1412 1994 4830 4884 4891
5 1206 2019 4849 4862 4906
5 1281 2147 4868 4869 4894
5 1334 1787 4807 4817 4915
5 1512 1612 4748 4805 4916
5 1387 1735 4740 4753 4919
5 1486 1916 4855 4863 4904
5 1637 1761 4865 4886 4892
