# Generated using Miratope v0.5.0 (https://github.com/galoomba1/miratope-rs)
4OFF

# Vertices, Faces, Edges, Cells
216 4608 3456 216

# Vertices
0.809016994374945 0.809016994374945 0.809016994374945 0.809016994374945 
-1.30901699437495 0.809016994374945 0.5 0 
0 0.809016994374945 0.5 -1.30901699437495 
0.5 0.809016994374945 0 -1.30901699437495 
0.5 0.809016994374945 -1.30901699437495 0 
-1.30901699437495 0.809016994374945 0 0.5 
0 0.809016994374945 -1.30901699437495 0.5 
-0.809016994374945 0.809016994374945 0.809016994374945 0.809016994374945 
1.30901699437495 0.809016994374945 0.5 0 
1.30901699437495 0.809016994374945 0 0.5 
-0.5 0.809016994374945 0 -1.30901699437495 
-0.5 0.809016994374945 -1.30901699437495 0 
-0.809016994374945 0.809016994374945 0.809016994374945 -0.809016994374945 
0 0.809016994374945 0.5 1.30901699437495 
1.30901699437495 0.809016994374945 0 -0.5 
0 0.809016994374945 -1.30901699437495 -0.5 
-0.5 0.809016994374945 0 1.30901699437495 
0.809016994374945 0.809016994374945 0.809016994374945 -0.809016994374945 
-1.30901699437495 0.809016994374945 0 -0.5 
0.5 0.809016994374945 0 1.30901699437495 
0.809016994374945 0.809016994374945 -0.809016994374945 -0.809016994374945 
0 0.809016994374945 1.30901699437495 -0.5 
0.5 0.809016994374945 1.30901699437495 0 
-1.30901699437495 0.809016994374945 -0.5 0 
0 0.809016994374945 -0.5 1.30901699437495 
-0.809016994374945 0.809016994374945 -0.809016994374945 -0.809016994374945 
-0.5 0.809016994374945 1.30901699437495 0 
1.30901699437495 0.809016994374945 -0.5 0 
0.809016994374945 0.8090169943749451 -0.809016994374945 0.809016994374945 
0 0.809016994374945 1.30901699437495 0.5 
0 0.809016994374945 -0.5 -1.30901699437495 
-0.809016994374945 0.8090169943749451 -0.809016994374945 0.809016994374945 
0.5000000000000024 -0.0000000000000024424906541753444 1.3090169943749475 -0.8090169943749475 
0.5000000000000024 1.3090169943749475 -0.0000000000000024424906541753444 -0.8090169943749475 
-0.0000000000000024424906541753444 1.3090169943749475 -0.5000000000000024 -0.8090169943749475 
-1.3090169943749475 -0.0000000000000024424906541753444 -0.5000000000000024 -0.8090169943749475 
0.0000000000000024424906541753444 -0.5000000000000024 1.3090169943749475 -0.8090169943749475 
-1.3090169943749475 -0.5000000000000024 -0.0000000000000024424906541753444 -0.8090169943749475 
0 0 1.61803398874989 0 
-0.8090169943749475 1.3090169943749475 -0.0000000000000024424906541753444 0.5000000000000024 
-0.8090169943749475 -0.5000000000000024 -0.0000000000000024424906541753444 -1.3090169943749475 
-0.8090169943749475 -0.0000000000000024424906541753444 1.3090169943749475 0.5000000000000024 
-0.8090169943749475 1.3090169943749475 -0.5000000000000024 0.0000000000000024424906541753444 
-0.8090169943749475 -0.0000000000000024424906541753444 -0.5000000000000024 -1.3090169943749475 
-0.8090169943749475 -0.5000000000000024 1.3090169943749475 -0.0000000000000024424906541753444 
0 1.61803398874989 0 0 
0.5000000000000024 -0.0000000000000024424906541753444 0.8090169943749475 -1.3090169943749475 
-1.3090169943749475 -0.0000000000000024424906541753444 0.8090169943749475 0.5000000000000024 
0.5000000000000024 1.3090169943749475 0.8090169943749475 0.0000000000000024424906541753444 
-0.0000000000000024424906541753444 1.3090169943749475 0.8090169943749475 0.5000000000000024 
-1.3090169943749475 -0.5000000000000024 0.8090169943749475 -0.0000000000000024424906541753444 
-0.0000000000000024424906541753444 -0.5000000000000024 0.8090169943749475 -1.3090169943749475 
0 0 0 -1.61803398874989 
-1.61803398874989 0 0 0 
-0.809016994374945 -0.809016994374945 0.809016994374945 -0.809016994374945 
-0.5000000000000024 -0.0000000000000024424906541753444 1.3090169943749475 -0.8090169943749475 
-0.5000000000000024 1.3090169943749475 -0.0000000000000024424906541753444 -0.8090169943749475 
1.3090169943749475 -0.0000000000000024424906541753444 -0.5000000000000024 -0.8090169943749475 
1.3090169943749475 -0.5000000000000024 0.0000000000000024424906541753444 -0.8090169943749475 
0.8090169943749475 1.3090169943749475 -0.0000000000000024424906541753444 0.5000000000000024 
0.8090169943749475 -0.5000000000000024 -0.0000000000000024424906541753444 -1.3090169943749475 
0.8090169943749475 -0.0000000000000024424906541753444 1.3090169943749475 0.5000000000000024 
0.8090169943749475 1.3090169943749475 -0.5000000000000024 0.0000000000000024424906541753444 
0.8090169943749475 -0.0000000000000024424906541753444 -0.5000000000000024 -1.3090169943749475 
0.8090169943749475 -0.5000000000000024 1.3090169943749475 -0.0000000000000024424906541753444 
-0.5000000000000024 -0.0000000000000024424906541753444 0.8090169943749475 -1.3090169943749475 
1.3090169943749475 -0.0000000000000024424906541753444 0.8090169943749475 0.5000000000000024 
-0.5000000000000024 1.3090169943749475 0.8090169943749475 0.0000000000000024424906541753444 
1.3090169943749475 -0.5000000000000024 0.8090169943749475 -0.0000000000000024424906541753444 
1.61803398874989 0 0 0 
0.809016994374945 -0.809016994374945 0.809016994374945 -0.809016994374945 
0.8090169943749475 -0.0000000000000024424906541753444 1.3090169943749475 -0.5000000000000024 
0.8090169943749475 1.3090169943749475 -0.0000000000000024424906541753444 -0.5000000000000024 
0.8090169943749475 -0.0000000000000024424906541753444 -0.5000000000000024 1.3090169943749475 
0.8090169943749475 -0.5000000000000024 0.0000000000000024424906541753444 1.3090169943749475 
-0.5000000000000024 1.3090169943749475 -0.0000000000000024424906541753444 0.8090169943749475 
1.3090169943749475 -0.5000000000000024 0.0000000000000024424906541753444 0.8090169943749475 
-0.5000000000000024 -0.0000000000000024424906541753444 1.3090169943749475 0.8090169943749475 
-0.0000000000000024424906541753444 1.3090169943749475 -0.5000000000000024 0.8090169943749475 
1.3090169943749475 -0.0000000000000024424906541753444 -0.5000000000000024 0.8090169943749475 
0.0000000000000024424906541753444 -0.5000000000000024 1.3090169943749475 0.8090169943749475 
1.3090169943749475 -0.0000000000000024424906541753444 0.8090169943749475 -0.5000000000000024 
-0.5000000000000024 -0.0000000000000024424906541753444 0.8090169943749475 1.3090169943749475 
-0.0000000000000024424906541753444 1.3090169943749475 0.8090169943749475 -0.5000000000000024 
-0.0000000000000024424906541753444 -0.5000000000000024 0.8090169943749475 1.3090169943749475 
0 0 0 1.61803398874989 
0.809016994374945 -0.809016994374945 0.809016994374945 0.809016994374945 
-0.8090169943749475 1.3090169943749475 -0.0000000000000024424906541753444 -0.5000000000000024 
-0.8090169943749475 -0.0000000000000024424906541753444 1.3090169943749475 -0.5000000000000024 
-0.8090169943749475 -0.0000000000000024424906541753444 -0.5000000000000024 1.3090169943749475 
-0.8090169943749475 -0.5000000000000024 0.0000000000000024424906541753444 1.3090169943749475 
0.5000000000000024 1.3090169943749475 -0.0000000000000024424906541753444 0.8090169943749475 
-1.3090169943749475 -0.5000000000000024 -0.0000000000000024424906541753444 0.8090169943749475 
0.5000000000000024 -0.0000000000000024424906541753444 1.3090169943749475 0.8090169943749475 
-1.3090169943749475 -0.0000000000000024424906541753444 -0.5000000000000024 0.8090169943749475 
0.5000000000000024 -0.0000000000000024424906541753444 0.8090169943749475 1.3090169943749475 
-1.3090169943749475 -0.0000000000000024424906541753444 0.8090169943749475 -0.5000000000000024 
-0.809016994374945 -0.809016994374945 0.809016994374945 0.809016994374945 
0 0.5 0.809016994374945 -1.30901699437495 
-1.30901699437495 0.5 0.809016994374945 0 
0 -1.30901699437495 0.809016994374945 0.5 
0.5000000000000024 -1.3090169943749475 0.8090169943749475 -0.0000000000000024424906541753444 
1.30901699437495 0.5 0.809016994374945 0 
-0.5 -1.30901699437495 0.809016994374945 0 
0 0.5 0.809016994374945 1.30901699437495 
0 -1.30901699437495 0.809016994374945 -0.5 
-0.5000000000000024 1.3090169943749475 -0.8090169943749475 0.0000000000000024424906541753444 
-0.5000000000000024 -0.0000000000000024424906541753444 -0.8090169943749475 -1.3090169943749475 
-0.0000000000000024424906541753444 1.3090169943749475 -0.8090169943749475 0.5000000000000024 
1.3090169943749475 -0.0000000000000024424906541753444 -0.8090169943749475 0.5000000000000024 
1.3090169943749475 -0.5000000000000024 -0.8090169943749475 -0.0000000000000024424906541753444 
-0.0000000000000024424906541753444 -0.5000000000000024 -0.8090169943749475 -1.3090169943749475 
0.8090169943749475 -0.0000000000000024424906541753444 0.5000000000000024 -1.3090169943749475 
1.3090169943749475 -0.0000000000000024424906541753444 0.5000000000000024 -0.8090169943749475 
-0.5000000000000024 -0.0000000000000024424906541753444 -1.3090169943749475 -0.8090169943749475 
0.8090169943749475 -0.0000000000000024424906541753444 -1.3090169943749475 0.5000000000000024 
0.8090169943749475 1.3090169943749475 0.5000000000000024 0.0000000000000024424906541753444 
0.8090169943749475 -0.5000000000000024 -1.3090169943749475 -0.0000000000000024424906541753444 
-0.0000000000000024424906541753444 1.3090169943749475 0.5000000000000024 -0.8090169943749475 
-0.0000000000000024424906541753444 -0.5000000000000024 -1.3090169943749475 -0.8090169943749475 
0 0 -1.61803398874989 0 
0.809016994374945 -0.809016994374945 -0.809016994374945 -0.809016994374945 
0.5000000000000024 1.3090169943749475 -0.8090169943749475 0.0000000000000024424906541753444 
0.5000000000000024 -0.0000000000000024424906541753444 -0.8090169943749475 -1.3090169943749475 
-1.3090169943749475 -0.0000000000000024424906541753444 -0.8090169943749475 0.5000000000000024 
-1.3090169943749475 -0.5000000000000024 -0.8090169943749475 -0.0000000000000024424906541753444 
-0.8090169943749475 -0.0000000000000024424906541753444 0.5000000000000024 -1.3090169943749475 
-1.3090169943749475 -0.0000000000000024424906541753444 0.5000000000000024 -0.8090169943749475 
0.5000000000000024 -0.0000000000000024424906541753444 -1.3090169943749475 -0.8090169943749475 
-0.8090169943749475 -0.0000000000000024424906541753444 -1.3090169943749475 0.5000000000000024 
-0.8090169943749475 1.3090169943749475 0.5000000000000024 0.0000000000000024424906541753444 
-0.8090169943749475 -0.5000000000000024 -1.3090169943749475 -0.0000000000000024424906541753444 
-0.8090169943749451 -0.809016994374945 -0.809016994374945 -0.809016994374945 
0 0.5 -1.30901699437495 -0.809016994374945 
1.30901699437495 0.5 0 -0.809016994374945 
-0.5000000000000024 -1.3090169943749475 -0.0000000000000024424906541753444 -0.8090169943749475 
0 -1.30901699437495 0.5 -0.809016994374945 
-1.30901699437495 0.5 0 -0.809016994374945 
0.5 -1.30901699437495 0 -0.809016994374945 
0 0.5 1.30901699437495 -0.809016994374945 
-0.0000000000000024424906541753444 -1.3090169943749475 -0.5000000000000024 -0.8090169943749475 
-0.0000000000000024424906541753444 1.3090169943749475 -0.8090169943749475 -0.5000000000000024 
1.3090169943749475 -0.0000000000000024424906541753444 -0.8090169943749475 -0.5000000000000024 
-0.5000000000000024 -0.0000000000000024424906541753444 -0.8090169943749475 1.3090169943749475 
-0.0000000000000024424906541753444 -0.5000000000000024 -0.8090169943749475 1.3090169943749475 
1.3090169943749475 -0.0000000000000024424906541753444 0.5000000000000024 0.8090169943749475 
0.8090169943749475 -0.0000000000000024424906541753444 0.5000000000000024 1.3090169943749475 
0.8090169943749475 -0.0000000000000024424906541753444 -1.3090169943749475 -0.5000000000000024 
-0.5000000000000024 -0.0000000000000024424906541753444 -1.3090169943749475 0.8090169943749475 
-0.0000000000000024424906541753444 1.3090169943749475 0.5000000000000024 0.8090169943749475 
-0.0000000000000024424906541753444 -0.5000000000000024 -1.3090169943749475 0.8090169943749475 
0.809016994374945 -0.809016994374945 -0.809016994374945 0.809016994374945 
0.809016994374945 0.5 0 -1.30901699437495 
0.809016994374945 0.5 -1.30901699437495 0 
0.809016994374945 -1.30901699437495 0 0.5 
0.8090169943749475 -1.3090169943749475 0.5000000000000024 -0.0000000000000024424906541753444 
0.809016994374945 0.5 0 1.30901699437495 
0.809016994374945 -1.30901699437495 0 -0.5 
0.809016994374945 0.5 1.30901699437495 0 
0.809016994374945 -1.30901699437495 -0.5 0 
0.5000000000000024 -0.0000000000000024424906541753444 -0.8090169943749475 1.3090169943749475 
-1.3090169943749475 -0.0000000000000024424906541753444 -0.8090169943749475 -0.5000000000000024 
-0.8090169943749475 -0.0000000000000024424906541753444 0.5000000000000024 1.3090169943749475 
-1.3090169943749475 -0.0000000000000024424906541753444 0.5000000000000024 0.8090169943749475 
0.5000000000000024 -0.0000000000000024424906541753444 -1.3090169943749475 0.8090169943749475 
-0.8090169943749475 -0.0000000000000024424906541753444 -1.3090169943749475 -0.5000000000000024 
-0.809016994374945 -0.809016994374945 -0.809016994374945 0.809016994374945 
-1.30901699437495 0.5 0 0.809016994374945 
0 0.5 -1.30901699437495 0.809016994374945 
0.5 -1.30901699437495 0 0.809016994374945 
0 -1.30901699437495 0.5 0.809016994374945 
1.30901699437495 0.5 0 0.809016994374945 
-0.5 -1.30901699437495 0 0.809016994374945 
0 0.5 1.30901699437495 0.809016994374945 
0 -1.30901699437495 -0.5 0.809016994374945 
-0.809016994374945 0.5 -1.30901699437495 0 
-0.809016994374945 0.5 0 -1.30901699437495 
-0.809016994374945 -1.30901699437495 0 0.5 
-0.809016994374945 -1.30901699437495 0.5 0 
-0.809016994374945 0.5 0 1.30901699437495 
-0.8090169943749475 -1.3090169943749475 -0.0000000000000024424906541753444 -0.5000000000000024 
-0.809016994374945 0.5 1.30901699437495 0 
-0.8090169943749475 -1.3090169943749475 -0.5000000000000024 -0.0000000000000024424906541753444 
0 0.5 -0.809016994374945 1.30901699437495 
-1.30901699437495 0.5 -0.809016994374945 0 
0.5 -1.30901699437495 -0.809016994374945 0 
-0.0000000000000024424906541753444 -1.3090169943749475 -0.8090169943749475 -0.5000000000000024 
1.30901699437495 0.5 -0.809016994374945 0 
-0.5000000000000024 -1.3090169943749475 -0.8090169943749475 -0.0000000000000024424906541753444 
0 0.5 -0.809016994374945 -1.30901699437495 
0 -1.30901699437495 -0.809016994374945 0.5 
-0.0000000000000024424906541753444 -0.8090169943749475 -1.3090169943749475 -0.5000000000000024 
1.3090169943749475 -0.8090169943749475 0.0000000000000024424906541753444 -0.5000000000000024 
-0.5000000000000024 -0.8090169943749475 -1.3090169943749475 -0.0000000000000024424906541753444 
-0.5000000000000024 -0.8090169943749475 0.0000000000000024424906541753444 1.3090169943749475 
1.3090169943749475 -0.8090169943749475 0.5000000000000024 -0.0000000000000024424906541753444 
-0.0000000000000024424906541753444 -0.8090169943749475 0.5000000000000024 1.3090169943749475 
0 -1.61803398874989 0 0 
1.3090169943749475 -0.8090169943749475 0.0000000000000024424906541753444 0.5000000000000024 
-0.0000000000000024424906541753444 -0.8090169943749475 -1.3090169943749475 0.5000000000000024 
-0.0000000000000024424906541753444 -0.8090169943749475 0.5000000000000024 -1.3090169943749475 
-0.5000000000000024 -0.8090169943749475 -0.0000000000000024424906541753444 -1.3090169943749475 
0.5000000000000024 -0.8090169943749475 0.0000000000000024424906541753444 1.3090169943749475 
0.5000000000000024 -0.8090169943749475 -1.3090169943749475 -0.0000000000000024424906541753444 
-1.3090169943749475 -0.8090169943749475 0.5000000000000024 -0.0000000000000024424906541753444 
-1.3090169943749475 -0.8090169943749475 -0.0000000000000024424906541753444 -0.5000000000000024 
-0.0000000000000024424906541753444 -0.8090169943749475 -0.5000000000000024 1.3090169943749475 
1.3090169943749475 -0.8090169943749475 -0.5000000000000024 -0.0000000000000024424906541753444 
0.0000000000000024424906541753444 -0.8090169943749475 1.3090169943749475 -0.5000000000000024 
-0.5000000000000024 -0.8090169943749475 1.3090169943749475 -0.0000000000000024424906541753444 
-1.3090169943749475 -0.8090169943749475 -0.5000000000000024 -0.0000000000000024424906541753444 
0.5000000000000024 -0.8090169943749475 1.3090169943749475 -0.0000000000000024424906541753444 
-1.3090169943749475 -0.8090169943749475 -0.0000000000000024424906541753444 0.5000000000000024 
0.5000000000000024 -0.8090169943749475 -0.0000000000000024424906541753444 -1.3090169943749475 
0.0000000000000024424906541753444 -0.8090169943749475 1.3090169943749475 0.5000000000000024 
-0.0000000000000024424906541753444 -0.8090169943749475 -0.5000000000000024 -1.3090169943749475 

# Faces
3 1 3 0
3 0 6 1
3 0 4 2
3 0 2 5
3 0 3 6
3 4 5 0
3 7 6 8
3 7 2 9
3 2 11 7
3 7 6 10
3 8 15 12
3 12 16 8
3 12 11 13
3 14 11 12
3 17 15 1
3 17 13 4
3 20 22 18
3 20 24 18
3 21 19 20
3 20 23 19
3 14 24 25
3 25 16 21
3 28 3 23
3 28 5 22
3 15 16 8
3 8 6 10
3 1 15 19
3 3 6 1
3 26 24 14
3 18 22 24
3 3 23 29
3 26 30 9
3 7 34 32
3 32 37 7
3 33 35 7
3 33 36 7
3 7 34 37
3 7 36 35
3 38 39 37
3 38 33 5
3 38 33 40
3 38 37 3
3 17 43 39
3 17 39 44
3 17 41 40
3 42 40 17
3 45 32 43
3 45 41 35
3 25 49 46
3 25 50 46
3 25 47 48
3 25 47 51
3 52 50 42
3 52 48 44
3 53 51 34
3 49 36 53
3 43 44 39
3 39 37 3
3 43 47 32
3 32 34 37
3 42 22 50
3 49 50 46
3 34 29 51
3 55 34 0
3 55 58 0
3 0 56 57
3 56 36 0
3 0 58 34
3 0 57 36
3 38 59 58
3 38 56 9
3 56 60 38
3 38 58 10
3 59 63 12
3 12 59 64
3 12 60 61
3 12 62 60
3 55 63 45
3 45 61 57
3 65 49 20
3 20 68 65
3 67 66 20
3 20 66 51
3 62 68 52
3 52 67 64
3 34 69 51
3 36 69 49
3 59 64 63
3 59 10 58
3 55 63 66
3 55 58 34
3 62 26 68
3 65 49 68
3 7 62 71
3 7 71 74
3 72 73 7
3 72 64 7
3 7 74 62
3 73 64 7
3 75 74 38
3 72 16 38
3 38 76 72
3 38 74 14
3 17 79 75
3 75 80 17
3 17 76 77
3 17 76 78
3 45 79 71
3 77 73 45
3 67 81 28
3 28 81 84
3 28 82 83
3 82 68 28
3 69 84 78
3 83 80 69
3 68 85 62
3 67 85 64
3 75 14 74
3 75 80 79
3 62 74 71
3 79 82 71
3 78 84 21
3 81 84 67
3 0 87 89
3 0 87 44
3 0 42 88
3 0 90 88
3 0 90 42
3 89 44 0
3 38 87 19
3 38 87 92
3 91 90 38
3 38 90 18
3 12 92 93
3 12 91 94
3 12 80 91
3 12 92 78
3 45 89 93
3 88 94 45
3 31 48 96
3 83 95 31
3 31 50 95
3 96 84 31
3 50 85 42
3 48 85 44
3 78 53 84
3 83 53 80
3 87 19 92
3 87 89 44
3 93 92 78
3 89 96 93
3 48 84 96
3 98 47 0
3 0 98 101
3 0 46 99
3 0 99 100
3 0 46 100
3 0 47 101
3 7 66 98
3 7 103 98
3 102 100 7
3 7 100 65
3 12 104 103
3 12 102 82
3 12 102 105
3 12 103 81
3 17 101 104
3 99 105 17
3 49 86 46
3 46 50 86
3 48 86 47
3 47 51 86
3 65 97 49
3 66 97 51
3 81 54 67
3 68 54 82
3 104 81 103
3 104 101 96
3 66 103 98
3 98 47 101
3 106 109 17
3 17 106 111
3 17 108 107
3 17 107 110
3 17 110 108
3 17 111 109
3 45 109 112
3 107 113 45
3 45 107 115
3 45 114 109
3 59 112 25
3 112 117 25
3 25 116 115
3 25 115 60
3 52 106 117
3 52 116 110
3 56 113 28
3 28 113 119
3 118 114 28
3 28 58 114
3 108 119 69
3 69 111 118
3 58 120 59
3 60 120 56
3 8 106 117
3 59 112 117
3 2 119 108
3 113 119 56
3 109 111 106
3 109 114 112
3 12 122 124
3 122 111 12
3 12 108 123
3 12 125 123
3 12 125 108
3 12 124 111
3 45 124 126
3 45 127 123
3 123 129 45
3 45 124 128
3 39 126 20
3 20 126 131
3 20 130 129
3 129 40 20
3 122 131 52
3 52 130 125
3 31 127 33
3 31 118 128
3 31 119 127
3 128 37 31
3 108 119 53
3 111 53 118
3 39 37 120
3 33 40 120
3 1 122 131
3 39 126 131
3 33 127 119
3 122 124 111
3 126 128 124
3 133 113 12
3 133 135 12
3 134 114 12
3 12 136 134
3 113 135 12
3 12 136 114
3 17 127 133
3 17 138 133
3 17 137 136
3 128 136 17
3 20 32 137
3 139 138 20
3 20 137 140
3 35 138 20
3 139 135 25
3 25 140 134
3 32 121 34
3 37 121 32
3 35 121 33
3 35 121 36
3 56 54 113
3 113 119 54
3 118 54 114
3 114 54 58
3 32 137 140
3 134 140 55
3 133 135 113
3 127 138 133
3 0 106 142
3 0 144 106
3 141 143 0
3 0 141 110
3 0 142 144
3 143 110 0
3 45 145 143
3 142 146 45
3 45 148 142
3 45 147 143
3 20 75 145
3 20 150 145
3 149 148 20
3 148 76 20
3 141 150 69
3 69 149 144
3 72 146 31
3 116 147 31
3 146 117 31
3 31 74 147
3 117 85 106
3 116 110 85
3 75 120 74
3 72 120 76
3 75 150 145
3 13 141 150
3 72 117 146
3 142 144 106
3 145 143 147
3 112 153 0
3 0 154 112
3 0 115 152
3 152 155 0
3 0 154 153
3 0 155 115
3 17 155 156
3 17 153 146
3 17 157 153
3 17 147 155
3 20 156 71
3 20 159 156
3 20 158 157
3 20 73 157
3 28 152 159
3 158 154 28
3 63 151 59
3 61 62 151
3 60 151 61
3 64 151 63
3 71 121 62
3 64 121 73
3 59 86 112
3 115 60 86
3 71 159 156
3 61 159 152
3 112 153 154
3 147 155 156
3 122 161 7
3 7 122 144
3 7 141 160
3 7 125 141
3 7 125 160
3 161 144 7
3 45 162 161
3 45 163 160
3 160 165 45
3 45 161 164
3 25 91 163
3 149 164 25
3 163 150 25
3 25 92 164
3 87 162 28
3 130 165 28
3 28 162 131
3 28 165 90
3 122 85 131
3 130 125 85
3 141 150 53
3 149 144 53
3 92 120 87
3 90 120 91
3 162 131 87
3 163 150 91
3 161 144 122
3 162 164 161
3 0 164 167
3 167 170 0
3 0 168 163
3 0 169 168
3 163 169 0
3 164 170 0
3 145 168 7
3 171 170 7
3 7 172 168
3 7 148 170
3 28 167 93
3 28 174 167
3 28 169 173
3 28 169 94
3 31 174 171
3 31 173 172
3 78 151 93
3 92 151 93
3 94 151 91
3 80 151 94
3 77 166 78
3 80 166 79
3 163 86 91
3 164 86 92
3 167 174 93
3 77 171 174
3 168 172 145
3 164 170 167
3 7 175 126
3 7 177 126
3 7 177 175
3 7 176 129
3 7 176 178
3 7 178 129
3 162 175 12
3 175 180 12
3 179 178 12
3 12 165 178
3 88 179 25
3 25 89 180
3 25 180 181
3 179 182 25
3 181 177 31
3 176 182 31
3 43 166 39
3 41 166 42
3 41 166 40
3 44 166 43
3 126 97 39
3 129 40 97
3 130 54 165
3 162 131 54
3 88 182 179
3 176 182 41
3 126 175 177
3 175 180 162
3 20 184 160
3 20 186 160
3 20 161 183
3 20 161 185
3 20 183 185
3 184 186 20
3 142 183 25
3 25 143 186
3 25 183 188
3 25 187 186
3 123 184 28
3 28 124 185
3 28 185 189
3 28 184 190
3 31 189 188
3 31 190 187
3 124 151 122
3 123 151 108
3 123 125 151
3 124 151 111
3 161 121 122
3 125 121 160
3 107 166 108
3 109 166 111
3 123 184 190
3 187 190 107
3 183 188 142
3 184 186 160
3 28 194 191
3 191 195 28
3 192 193 28
3 28 196 192
3 193 196 28
3 28 194 195
3 69 196 168
3 69 191 183
3 191 170 69
3 69 186 196
3 85 153 195
3 85 193 187
3 85 155 193
3 85 195 188
3 156 192 120
3 171 194 120
3 120 172 192
3 120 157 194
3 171 121 170
3 172 121 168
3 156 155 166
3 153 157 166
3 183 86 188
3 187 186 86
3 192 172 156
3 153 188 195
3 168 186 196
3 194 195 191
3 198 193 20
3 20 198 200
3 199 195 20
3 199 201 20
3 20 200 193
3 195 201 20
3 153 52 195
3 193 52 187
3 193 155 52
3 195 188 52
3 133 200 69
3 189 199 69
3 69 199 136
3 69 200 190
3 134 201 120
3 152 198 120
3 120 135 198
3 154 201 120
3 133 135 151
3 136 151 134
3 114 197 112
3 107 197 113
3 113 197 115
3 114 197 109
3 190 200 133
3 134 201 154
3 198 200 193
3 31 191 202
3 31 204 191
3 31 204 202
3 31 196 203
3 31 205 203
3 196 205 31
3 85 175 204
3 85 184 203
3 85 185 204
3 203 178 85
3 168 53 196
3 183 53 191
3 191 53 170
3 186 53 196
3 120 202 167
3 120 179 205
3 202 180 120
3 120 205 169
3 180 151 175
3 179 151 178
3 185 97 183
3 186 97 184
3 162 197 161
3 160 197 165
3 167 202 180
3 175 204 185
3 202 204 191
3 0 192 206
3 0 192 209
3 0 207 194
3 194 208 0
3 206 209 0
3 207 208 0
3 156 192 38
3 194 38 171
3 192 38 172
3 194 157 38
3 69 104 208
3 173 206 69
3 174 208 69
3 69 105 206
3 85 102 209
3 158 207 85
3 85 209 159
3 85 207 103
3 103 151 104
3 105 151 102
3 156 159 97
3 158 157 97
3 71 82 197
3 81 73 197
3 104 174 208
3 102 159 209
3 192 206 209
3 7 210 202
3 7 202 208
3 7 206 205
3 206 211 7
3 7 210 208
3 7 205 211
3 202 38 167
3 205 38 179
3 202 38 180
3 169 38 205
3 99 211 85
3 85 210 181
3 210 101 85
3 85 211 182
3 104 53 208
3 173 206 53
3 174 53 208
3 206 53 105
3 104 166 101
3 105 166 99
3 180 86 181
3 179 182 86
3 174 54 167
3 169 54 173
3 99 182 211
3 210 208 202
3 137 177 38
3 137 213 38
3 176 212 38
3 176 138 38
3 177 213 38
3 38 212 138
3 12 213 210
3 12 212 211
3 12 215 212
3 12 213 214
3 99 211 52
3 210 52 181
3 101 52 210
3 211 182 52
3 53 214 98
3 139 215 53
3 214 140 53
3 53 215 100
3 139 138 97
3 137 97 140
3 43 197 32
3 32 197 47
3 41 197 35
3 46 35 197
3 98 214 140
3 177 213 137
3 210 214 213
3 214 151 210
3 210 151 213
3 212 211 151
3 215 151 212
3 214 213 151
3 215 151 211
3 202 121 210
3 211 121 206
3 208 121 210
3 211 121 205
3 198 215 166
3 207 214 166
3 166 214 201
3 166 209 215
3 86 199 213
3 86 212 203
3 86 204 213
3 212 200 86
3 198 97 200
3 201 97 199
3 195 54 191
3 192 54 193
3 193 54 196
3 194 54 195
3 198 215 209
3 199 213 204
3 134 154 38
3 134 201 38
3 198 38 152
3 152 38 135
3 198 135 38
3 201 38 154
3 198 17 209
3 215 17 198
3 207 201 17
3 214 201 17
3 102 52 209
3 158 207 52
3 159 52 209
3 103 52 207
3 214 69 98
3 215 69 139
3 214 69 140
3 100 215 69
3 98 103 121
3 100 121 102
3 135 86 139
3 134 86 140
3 159 54 152
3 154 54 158
3 204 25 199
3 199 213 25
3 212 25 203
3 203 200 25
3 213 25 204
3 200 25 212
3 204 52 175
3 184 203 52
3 185 52 204
3 203 52 178
3 133 53 200
3 189 199 53
3 199 136 53
3 190 200 53
3 137 213 120
3 212 120 176
3 177 213 120
3 212 120 138
3 175 177 121
3 176 121 178
3 133 138 166
3 136 166 137
3 189 185 54
3 184 54 190
3 0 1 194
3 0 208 1
3 0 167 55
3 0 55 170
3 85 158 1
3 85 103 1
3 85 67 204
3 85 204 64
3 149 55 86
3 86 92 55
3 21 204 86
3 86 204 16
3 103 1 158
3 194 1 208
3 149 55 92
3 21 146 167
3 21 103 146
3 21 103 167
3 146 92 67
3 67 208 146
3 149 96 194
3 149 96 64
3 149 64 194
3 158 16 96
3 96 170 158
3 146 167 103
3 146 208 92
3 96 170 16
3 194 64 96
3 7 202 8
3 7 208 8
3 32 171 7
3 7 170 32
3 8 181 85
3 85 101 8
3 85 195 48
3 85 195 44
3 97 32 149
3 97 32 76
3 97 21 195
3 19 195 97
3 181 8 101
3 202 208 8
3 149 76 32
3 21 162 171
3 162 101 21
3 171 101 21
3 48 162 76
3 48 162 208
3 81 19 181
3 19 170 81
3 149 202 81
3 81 149 44
3 81 170 181
3 202 44 81
3 181 170 19
3 162 101 171
3 76 208 162
3 38 39 171
3 38 194 39
3 38 59 167
3 38 59 202
3 86 59 89
3 86 59 181
3 86 183 48
3 86 47 183
3 97 39 158
3 97 73 39
3 67 183 97
3 97 66 183
3 158 39 73
3 171 194 39
3 181 59 89
3 89 171 67
3 89 214 67
3 67 171 214
3 48 214 73
3 48 167 214
3 78 66 181
3 66 194 78
3 78 158 47
3 78 158 202
3 47 202 78
3 181 194 78
3 181 194 66
3 73 167 214
3 89 214 171
3 71 176 7
3 7 178 71
3 2 205 7
3 7 211 2
3 53 2 173
3 53 2 105
3 53 83 200
3 80 200 53
3 97 130 71
3 40 71 97
3 97 18 200
3 97 22 200
3 130 71 40
3 178 71 176
3 173 2 105
3 46 173 18
3 18 46 178
3 18 173 178
3 46 80 130
3 46 205 130
3 46 173 178
3 80 205 46
3 22 176 163
3 22 105 163
3 22 176 105
3 83 211 163
3 83 40 163
3 163 176 105
3 163 40 211
3 38 75 176
3 38 75 212
3 38 179 56
3 56 205 38
3 97 139 75
3 75 35 97
3 97 65 184
3 49 184 97
3 54 56 173
3 56 94 54
3 54 83 184
3 82 184 54
3 139 35 75
3 176 212 75
3 173 56 94
3 65 173 42
3 42 65 212
3 42 82 139
3 139 205 42
3 82 205 42
3 42 173 212
3 173 212 65
3 49 94 176
3 94 209 49
3 49 209 176
3 83 35 209
3 83 179 209
3 35 209 179
3 94 209 176
3 12 13 212
3 12 13 211
3 12 61 179
3 12 178 61
3 53 13 139
3 13 100 53
3 53 49 196
3 36 196 53
3 54 130 61
3 54 61 90
3 54 196 22
3 54 5 196
3 100 13 139
3 211 13 212
3 130 90 61
3 130 95 36
3 130 212 95
3 130 36 212
3 95 5 139
3 139 178 95
3 127 179 22
3 127 100 22
3 179 100 22
3 49 90 127
3 49 211 127
3 95 5 178
3 36 212 95
3 127 179 100
3 90 211 127
3 12 8 214
3 8 213 12
3 93 134 12
3 12 93 136
3 8 181 52
3 8 101 52
3 52 48 195
3 44 195 52
3 118 93 54
3 54 93 58
3 54 3 195
3 29 195 54
3 214 8 213
3 118 58 93
3 48 58 126
3 214 126 48
3 126 29 134
3 126 134 101
3 126 101 29
3 58 214 126
3 48 58 214
3 66 3 181
3 3 66 136
3 181 136 3
3 118 44 66
3 118 213 66
3 66 136 181
3 44 213 66
3 87 134 38
3 87 201 38
3 38 72 137
3 72 213 38
3 87 63 54
3 54 87 158
3 54 67 189
3 54 189 81
3 72 43 70
3 72 181 70
3 70 48 189
3 70 189 96
3 158 87 63
3 201 87 134
3 43 72 181
3 67 43 134
3 67 43 208
3 67 208 134
3 208 63 48
3 137 208 63
3 48 208 137
3 43 134 208
3 81 181 34
3 81 201 34
3 181 201 81
3 96 34 158
3 158 213 34
3 34 213 96
3 181 201 34
3 17 1 214
3 17 201 1
3 17 137 77
3 77 136 17
3 52 158 1
3 1 103 52
3 67 204 52
3 64 204 52
3 70 118 77
3 70 37 77
3 70 29 204
3 70 10 204
3 214 1 201
3 118 37 77
3 67 37 112
3 214 112 67
3 137 29 112
3 112 103 137
3 29 103 112
3 37 214 112
3 67 37 214
3 118 64 47
3 47 201 118
3 118 64 201
3 158 10 47
3 47 136 158
3 10 136 47
3 64 201 47
3 0 2 192
3 0 2 209
3 0 152 88
3 0 155 88
3 69 173 2
3 69 2 105
3 69 200 83
3 69 200 80
3 86 116 88
3 86 60 88
3 86 200 14
3 26 200 86
3 192 209 2
3 116 60 88
3 65 173 14
3 14 155 65
3 14 155 173
3 116 192 65
3 65 116 80
3 65 173 155
3 65 192 80
3 209 145 83
3 145 60 83
3 152 26 145
3 152 105 145
3 26 105 145
3 145 60 209
3 83 209 60
3 91 152 38
3 38 198 91
3 38 33 156
3 38 33 192
3 91 139 86
3 86 91 57
3 86 187 46
3 49 187 86
3 33 79 70
3 70 33 173
3 83 187 70
3 95 187 70
3 139 57 91
3 152 198 91
3 79 33 173
3 46 62 173
3 62 198 46
3 46 173 198
3 139 62 95
3 62 139 192
3 62 95 192
3 62 198 173
3 49 79 152
3 211 79 49
3 49 152 211
3 211 57 83
3 156 211 57
3 83 156 211
3 79 152 211
3 13 198 17
3 17 209 13
3 41 156 17
3 41 155 17
3 69 139 13
3 69 100 13
3 49 196 69
3 69 36 196
3 70 41 116
3 70 74 41
3 70 196 9
3 70 26 196
3 198 209 13
3 116 41 74
3 116 82 198
3 116 36 82
3 116 198 36
3 139 9 82
3 139 155 82
3 113 74 49
3 209 113 49
3 156 26 113
3 156 100 113
3 26 100 113
3 74 209 113
3 49 209 74
3 82 155 9
3 198 36 82
3 87 112 0
3 0 87 153
3 98 106 0
3 0 142 98
3 28 63 87
3 28 87 158
3 28 67 189
3 28 189 81
3 15 98 69
3 69 98 149
3 69 21 189
3 69 189 78
3 153 87 112
3 15 98 149
3 21 63 106
3 171 106 21
3 106 63 171
3 112 15 171
3 171 112 67
3 21 63 171
3 171 15 67
3 78 158 142
3 78 142 10
3 78 10 158
3 81 149 10
3 81 10 153
3 149 10 153
3 10 142 158
3 39 153 17
3 17 39 146
3 104 106 17
3 17 109 104
3 20 158 39
3 39 73 20
3 67 183 20
3 66 183 20
3 69 104 118
3 69 6 104
3 69 183 34
3 69 183 29
3 153 39 146
3 6 104 118
3 134 106 29
3 106 134 73
3 106 73 29
3 146 134 67
3 67 134 6
3 134 146 6
3 29 73 134
3 34 158 109
3 34 16 109
3 158 16 34
3 118 16 66
3 66 153 16
3 118 153 16
3 158 109 16
3 32 142 45
3 45 146 32
3 93 112 45
3 93 109 45
3 32 149 20
3 20 76 32
3 21 195 20
3 20 195 19
3 118 93 28
3 28 58 93
3 28 195 3
3 29 195 28
3 142 32 146
3 112 29 122
3 112 76 122
3 112 76 29
3 21 122 146
3 21 58 122
3 146 58 122
3 122 29 76
3 19 118 142
3 19 142 64
3 118 64 19
3 64 3 149
3 109 64 3
3 149 109 64
3 118 64 142
3 17 133 75
3 75 127 17
3 99 107 17
3 17 99 108
3 139 75 20
3 35 75 20
3 65 184 20
3 20 49 184
3 116 99 52
3 52 99 11
3 62 184 52
3 52 184 26
3 127 75 133
3 11 99 116
3 62 139 107
3 62 107 5
3 5 62 139
3 65 116 5
3 65 5 133
3 116 133 5
3 139 5 107
3 26 108 152
3 108 35 152
3 26 35 108
3 49 127 152
3 152 11 49
3 152 127 11
3 26 35 152
3 91 133 12
3 91 113 12
3 102 123 12
3 12 102 108
3 25 91 139
3 57 91 25
3 25 187 46
3 25 187 49
3 52 102 130
3 4 102 52
3 52 187 42
3 22 187 52
3 113 91 133
3 130 4 102
3 139 123 42
3 42 9 123
3 139 42 9
3 46 130 9
3 46 133 9
3 133 9 130
3 139 9 123
3 22 57 108
3 176 108 22
3 108 176 57
3 4 176 113
3 49 113 176
3 22 176 57
3 49 4 176
3 71 123 45
3 45 127 71
3 45 88 107
3 45 113 88
3 130 71 20
3 20 40 71
3 20 18 200
3 20 22 200
3 116 88 25
3 25 60 88
3 25 200 14
3 26 200 25
3 123 127 71
3 130 107 14
3 130 14 36
3 14 36 107
3 123 36 18
3 116 36 18
3 130 107 36
3 116 123 36
3 26 141 113
3 113 141 40
3 113 40 26
3 127 141 22
3 22 60 141
3 141 60 127
3 141 40 26
3 72 126 7
3 7 72 175
3 7 98 122
3 98 161 7
3 31 72 43
3 72 181 31
3 31 189 48
3 31 96 189
3 53 98 15
3 149 98 53
3 53 21 189
3 53 189 78
3 126 175 72
3 21 43 122
3 21 167 122
3 21 167 43
3 15 167 126
3 48 15 167
3 122 167 43
3 48 167 126
3 78 161 3
3 181 78 3
3 78 181 161
3 149 3 96
3 149 175 3
3 3 175 96
3 3 161 181
3 59 162 12
3 12 175 59
3 12 122 104
3 12 124 104
3 25 59 89
3 59 181 25
3 48 183 25
3 47 183 25
3 118 104 53
3 53 6 104
3 34 183 53
3 29 183 53
3 162 59 175
3 29 122 137
3 122 89 137
3 122 89 29
3 48 137 6
3 48 137 162
3 29 89 137
3 6 162 137
3 19 34 124
3 19 34 181
3 118 19 47
3 118 175 19
3 47 175 19
3 19 181 124
3 34 181 124
3 45 162 55
3 55 161 45
3 45 126 77
3 77 124 45
3 25 149 55
3 55 92 25
3 25 204 21
3 16 204 25
3 31 77 118
3 31 77 37
3 31 29 204
3 31 204 10
3 162 161 55
3 21 106 162
3 106 21 37
3 29 106 126
3 106 92 126
3 29 92 106
3 162 37 106
3 21 162 37
3 149 10 124
3 149 10 44
3 149 124 44
3 118 16 44
3 44 161 118
3 16 161 44
3 10 44 124
3 56 168 0
3 0 163 56
3 99 141 0
3 0 143 99
3 56 173 28
3 56 94 28
3 28 83 184
3 82 184 28
3 85 116 99
3 85 99 11
3 62 184 85
3 26 184 85
3 168 56 163
3 62 143 18
3 18 62 173
3 82 18 116
3 18 168 116
3 82 168 18
3 173 143 18
3 173 143 62
3 156 141 26
3 141 94 156
3 26 94 141
3 156 11 83
3 163 156 83
3 156 94 26
3 11 163 156
3 33 145 7
3 7 168 33
3 7 141 102
3 7 160 102
3 31 79 33
3 33 173 31
3 31 83 187
3 31 187 95
3 130 102 85
3 85 4 102
3 42 187 85
3 85 22 187
3 145 33 168
3 14 160 42
3 173 14 42
3 130 95 14
3 14 168 130
3 14 95 168
3 14 173 160
3 42 160 173
3 22 141 79
3 179 141 22
3 22 79 179
3 4 145 179
3 83 4 179
3 141 179 79
3 83 179 145
3 45 61 160
3 45 61 163
3 45 145 41
3 45 143 41
3 28 130 61
3 28 61 90
3 28 196 22
3 5 196 28
3 31 116 41
3 31 41 74
3 31 196 9
3 26 196 31
3 160 61 163
3 130 9 143
3 80 9 130
3 130 80 143
3 116 80 5
3 80 160 116
3 22 163 108
3 22 74 108
3 26 145 108
3 145 90 108
3 26 90 108
3 108 74 163
3 22 74 163
3 9 143 80
3 5 80 160
3 20 193 18
3 20 65 186
3 120 205 56
3 18 152 120
3 18 135 120
3 60 205 120
3 121 205 2
3 141 65 121
3 125 65 121
3 11 205 121
3 11 205 2
3 147 184 2
3 147 135 2
3 184 135 2
3 56 125 147
3 147 200 56
3 60 205 56
3 200 193 18
3 141 193 127
3 141 60 193
3 127 186 152
3 127 11 186
3 127 193 60
3 147 135 184
3 147 125 200
3 14 203 25
3 25 186 46
3 33 192 120
3 14 176 120
3 120 138 14
3 40 192 120
3 132 2 192
3 132 46 141
3 132 110 46
3 132 192 4
3 2 4 192
3 2 165 187
3 2 138 165
3 2 138 187
3 165 110 33
3 165 200 33
3 33 192 40
3 200 14 203
3 113 4 186
3 113 141 203
3 113 176 186
3 40 203 113
3 176 186 4
3 187 138 165
3 165 200 110
3 52 42 193
3 52 62 203
3 121 168 33
3 62 176 121
3 62 129 121
3 121 168 35
3 132 56 168
3 132 152 42
3 132 42 115
3 132 57 168
3 57 168 56
3 129 187 56
3 129 215 56
3 56 187 215
3 33 35 168
3 115 215 33
3 33 215 184
3 187 42 193
3 57 193 108
3 108 152 203
3 35 203 108
3 176 193 108
3 57 176 193
3 184 215 115
3 129 215 187
3 25 181 112
3 112 180 25
3 21 213 25
3 53 136 21
3 118 208 53
3 53 111 208
3 132 1 208
3 87 112 132
3 44 112 132
3 132 208 3
3 32 189 1
3 32 180 1
3 3 208 1
3 1 189 180
3 32 87 204
3 32 87 111
3 32 189 180
3 32 204 111
3 180 112 181
3 189 136 21
3 3 161 136
3 118 213 161
3 181 161 136
3 44 161 213
3 106 181 52
3 52 210 106
3 67 175 52
3 54 67 124
3 54 118 167
3 114 167 54
3 132 55 167
3 106 98 132
3 132 106 47
3 132 167 34
3 39 189 55
3 39 210 55
3 98 114 39
3 39 98 204
3 114 204 39
3 39 210 189
3 34 167 55
3 55 189 210
3 210 106 181
3 124 67 189
3 34 124 201
3 118 201 175
3 47 201 175
3 201 124 181
3 12 15 210
3 12 213 15
3 63 175 12
3 63 180 12
3 53 15 140
3 53 34 191
3 51 191 53
3 54 131 63
3 54 3 191
3 54 191 23
3 87 63 131
3 128 210 87
3 87 128 51
3 87 210 51
3 98 15 140
3 128 23 98
3 128 180 98
3 210 15 213
3 3 140 96
3 175 140 3
3 96 131 34
3 96 175 140
3 96 131 213
3 128 23 180
3 128 51 210
3 21 201 20
3 126 158 20
3 126 157 20
3 69 21 136
3 118 208 69
3 69 111 208
3 121 208 8
3 72 126 121
3 121 64 126
3 10 208 121
3 189 8 55
3 8 55 157
3 8 208 10
3 8 157 189
3 55 195 72
3 72 111 55
3 189 157 55
3 195 111 55
3 195 201 21
3 118 201 142
3 136 142 158
3 136 142 10
3 64 142 201
3 122 158 52
3 52 207 122
3 52 48 153
3 121 171 32
3 121 98 122
3 121 66 122
3 121 171 34
3 48 109 70
3 118 171 70
3 128 171 70
3 189 59 32
3 59 207 32
3 34 171 32
3 189 207 32
3 98 128 59
3 59 98 195
3 59 195 128
3 59 189 207
3 207 122 158
3 189 109 48
3 34 109 213
3 213 153 66
3 118 153 213
3 158 109 213
3 17 15 207
3 17 15 201
3 43 153 17
3 17 43 157
3 15 140 69
3 34 191 69
3 69 51 191
3 117 43 70
3 70 191 10
3 27 191 70
3 72 117 43
3 72 114 207
3 72 114 51
3 72 51 207
3 98 27 114
3 114 157 98
3 207 201 15
3 81 117 34
3 153 140 81
3 81 140 10
3 81 201 117
3 34 201 117
3 114 27 157
3 207 51 114
3 14 176 38
3 38 138 14
3 40 192 38
3 12 211 14
3 12 14 215
3 105 123 12
3 54 123 83
3 54 123 68
3 54 192 22
3 54 30 192
3 88 33 68
3 33 88 215
3 102 30 88
3 88 102 138
3 88 138 30
3 68 215 88
3 215 68 33
3 105 123 102
3 68 123 83
3 22 57 105
3 40 57 83
3 105 57 176
3 40 57 211
3 130 209 52
3 52 211 116
3 54 130 152
3 54 113 173
3 116 176 70
3 127 173 70
3 56 102 41
3 200 41 56
3 200 102 56
3 56 173 113
3 33 200 61
3 61 200 99
3 33 200 99
3 33 173 127
3 41 200 102
3 209 130 102
3 209 113 176
3 38 18 152
3 38 18 135
3 38 60 205
3 18 209 17
3 17 215 18
3 105 107 17
3 70 107 83
3 50 107 70
3 70 26 205
3 70 30 205
3 56 50 71
3 56 71 215
3 99 30 71
3 71 135 99
3 30 135 71
3 50 215 71
3 215 50 56
3 99 107 105
3 83 107 50
3 83 60 35
3 105 35 152
3 105 35 26
3 35 60 209
3 7 62 176
3 62 129 7
3 7 35 168
3 12 179 62
3 12 165 62
3 94 133 12
3 53 133 83
3 53 133 24
3 53 49 168
3 53 30 168
3 30 91 99
3 99 129 91
3 91 94 133
3 91 30 129
3 33 99 24
3 165 99 33
3 24 165 99
3 99 30 129
3 24 133 83
3 49 94 4
3 35 4 83
3 179 4 35
3 176 94 4
3 25 179 116
3 139 163 25
3 31 176 116
3 127 173 31
3 141 139 53
3 108 173 53
3 33 13 88
3 88 184 13
3 33 184 13
3 13 141 139
3 184 91 2
3 2 184 41
3 91 184 41
3 91 139 163
3 33 184 88
3 176 108 163
3 7 65 141
3 65 125 7
3 11 205 7
3 65 163 45
3 45 65 165
3 45 107 94
3 31 107 83
3 31 50 107
3 31 26 205
3 31 205 30
3 2 75 165
3 75 50 2
3 88 30 75
3 75 125 88
3 75 30 125
3 165 50 75
3 165 50 2
3 88 94 107
3 40 94 141
3 83 40 11
3 40 94 26
3 40 11 163
3 20 67 161
3 137 149 20
3 20 148 137
3 28 67 124
3 28 167 118
3 28 167 114
3 120 59 167
3 120 137 72
3 120 16 137
3 120 167 10
3 1 148 59
3 189 1 59
3 72 114 1
3 72 183 1
3 1 114 183
3 189 148 1
3 59 10 167
3 189 148 59
3 183 161 67
3 153 124 149
3 153 161 118
3 16 153 161
3 10 124 153
3 25 142 48
3 25 149 134
3 25 164 134
3 48 109 31
3 118 171 31
3 128 171 31
3 120 39 171
3 87 134 120
3 19 134 120
3 3 171 120
3 39 164 8
3 189 8 39
3 128 8 87
3 8 183 87
3 128 183 8
3 189 164 8
3 39 171 3
3 39 164 189
3 183 48 142
3 142 175 19
3 3 175 109
3 109 175 149
3 142 175 118
3 45 63 161
3 63 164 45
3 43 142 45
3 45 43 148
3 28 131 63
3 28 3 191
3 28 191 23
3 31 117 43
3 31 191 10
3 27 191 31
3 87 27 148
3 111 27 87
3 111 148 87
3 111 23 72
3 111 164 72
3 161 63 164
3 78 3 117
3 142 131 78
3 10 131 78
3 78 117 161
3 3 161 117
3 27 148 111
3 164 111 23
3 47 106 0
3 0 167 34
3 38 137 16
3 10 167 38
3 17 96 106
3 78 137 17
3 59 77 98
3 77 23 59
3 98 59 23
3 55 23 72
3 55 23 104
3 72 104 23
3 23 77 98
3 77 78 137
3 78 10 47
3 66 122 7
3 34 171 7
3 19 134 38
3 38 171 3
3 81 122 12
3 12 78 134
3 98 93 39
3 93 27 39
3 39 27 98
3 87 27 32
3 104 27 32
3 87 27 104
3 98 93 27
3 78 134 93
3 78 3 66
3 0 112 44
3 0 208 3
3 7 64 126
3 10 208 7
3 45 96 112
3 45 81 126
3 87 77 8
3 87 51 8
3 8 77 51
3 1 93 51
3 72 51 1
3 87 51 77
3 72 51 93
3 96 112 93
3 44 10 81
3 0 152 42
3 0 42 115
3 0 168 57
3 17 156 42
3 17 147 42
3 17 79 133
3 83 133 69
3 69 24 133
3 69 168 49
3 30 168 69
3 75 115 102
3 30 102 75
3 75 79 133
3 75 115 30
3 56 102 147
3 56 24 102
3 102 147 24
3 102 30 115
3 49 11 79
3 83 57 11
3 57 11 156
3 79 11 152
3 20 156 130
3 139 145 20
3 28 130 152
3 113 173 28
3 141 139 69
3 69 108 173
3 75 2 61
3 2 187 75
3 61 187 75
3 145 139 75
3 71 13 187
3 56 187 71
3 187 13 56
3 2 187 61
3 145 108 152
3 0 46 141
3 0 46 110
3 0 4 192
3 45 46 145
3 45 147 46
3 45 123 79
3 28 123 83
3 68 123 28
3 22 192 28
3 30 192 28
3 30 91 71
3 71 110 91
3 71 79 123
3 71 110 30
3 147 91 2
3 2 68 91
3 91 147 68
3 91 110 30
3 60 79 22
3 145 4 60
3 83 4 60
3 141 79 60
3 81 185 28
3 72 213 120
3 3 157 120
3 76 213 120
3 151 8 213
3 151 15 213
3 122 81 151
3 111 81 151
3 15 213 8
3 8 164 157
3 72 164 195
3 72 76 213
3 112 15 185
3 122 191 112
3 112 171 185
3 112 76 191
3 15 171 185
3 189 81 185
3 157 164 189
3 111 164 195
3 69 78 199
3 151 175 59
3 151 63 175
3 78 134 151
3 78 114 151
3 121 175 72
3 121 34 148
3 121 73 175
3 59 63 175
3 59 207 148
3 72 175 73
3 207 183 72
3 106 63 199
3 106 134 191
3 73 191 106
3 171 199 106
3 171 199 63
3 199 78 189
3 207 183 114
3 207 148 189
3 20 199 19
3 20 66 185
3 120 202 59
3 120 19 154
3 120 58 202
3 121 202 8
3 121 66 144
3 6 202 121
3 8 202 6
3 8 154 128
3 8 183 154
3 59 128 144
3 59 202 58
3 122 146 199
3 122 58 199
3 146 185 134
3 195 199 19
3 146 6 185
3 146 199 58
3 183 154 128
3 128 144 195
3 28 113 169
3 85 211 116
3 22 155 85
3 85 211 110
3 151 211 13
3 151 113 91
3 151 14 211
3 151 113 80
3 71 13 169
3 71 91 196
3 187 169 71
3 110 196 71
3 14 211 13
3 187 169 13
3 155 160 14
3 116 192 160
3 116 211 110
3 173 169 113
3 173 160 155
3 80 192 160
3 69 108 206
3 151 179 61
3 151 102 108
3 151 179 62
3 151 82 108
3 116 179 86
3 86 49 143
3 86 179 115
3 61 206 75
3 75 102 196
3 75 115 196
3 75 187 206
3 61 179 62
3 61 206 187
3 198 143 62
3 198 168 116
3 116 179 115
3 173 206 108
3 82 168 198
3 198 143 173
3 4 206 0
3 57 169 0
3 85 203 62
3 85 4 159
3 85 203 68
3 86 14 203
3 86 150 57
3 86 203 24
3 150 57 91
3 91 147 206
3 91 68 206
3 102 4 159
3 102 169 147
3 14 159 95
3 168 159 14
3 95 150 62
3 192 4 206
3 95 159 168
3 95 192 150
3 24 169 147
3 147 68 206
3 22 198 20
3 20 138 145
3 52 155 22
3 110 211 52
3 121 2 211
3 121 145 33
3 121 145 36
3 121 9 211
3 2 138 61
3 2 211 9
3 110 61 33
3 187 61 138
3 200 61 110
3 116 123 198
3 155 123 139
3 155 123 9
3 36 198 123
3 139 145 138
3 141 215 69
3 121 71 176
3 121 141 102
3 70 176 147
3 62 176 71
3 215 71 187
3 62 107 192
3 65 192 133
3 116 133 192
3 116 176 147
3 139 192 107
3 139 141 215
3 4 198 17
3 17 215 4
3 17 138 79
3 4 159 52
3 52 68 203
3 70 79 119
3 9 203 70
3 70 30 203
3 119 79 33
3 33 68 115
3 102 138 115
3 46 119 62
3 46 133 159
3 46 159 9
3 46 119 198
3 198 119 62
3 133 138 79
3 138 115 30
3 115 68 215
3 3 207 0
3 101 142 0
3 38 3 157
3 38 213 76
3 21 213 86
3 48 142 86
3 86 51 142
3 27 213 86
3 72 93 207
3 98 157 93
3 27 93 157
3 207 93 51
3 101 142 98
3 101 63 21
3 21 213 27
3 76 63 48
3 171 63 101
3 208 63 76
3 149 214 69
3 112 181 86
3 149 134 86
3 70 181 146
3 59 77 195
3 59 181 112
3 55 104 195
3 195 104 72
3 72 181 146
3 98 77 195
3 104 208 118
3 214 171 112
3 19 154 38
3 58 202 38
3 19 207 17
3 19 214 17
3 101 109 17
3 70 84 109
3 70 202 29
3 70 202 27
3 59 84 32
3 104 154 32
3 32 154 27
3 207 84 32
3 59 207 84
3 104 109 101
3 84 109 48
3 73 58 48
3 101 73 134
3 101 73 29
3 73 58 214
3 88 102 75
3 14 176 75
3 42 152 88
3 65 14 42
3 38 156 5
3 38 179 9
3 12 82 108
3 95 108 17
3 56 24 41
3 56 179 9
3 33 61 24
3 99 24 61
3 41 24 102
3 41 156 42
3 42 9 82
3 7 36 145
3 7 9 211
3 80 113 12
3 95 113 45
3 68 13 88
3 33 68 13
3 2 68 41
3 91 68 41
3 95 113 88
3 95 14 36
3 12 114 78
3 17 78 128
3 52 23 153
3 27 175 52
3 43 153 39
3 114 27 39
3 67 43 6
3 27 175 67
3 63 6 48
3 137 63 6
3 43 6 134
3 55 8 39
3 8 181 106
3 126 158 39
3 134 126 106
3 81 111 12
3 45 128 81
3 25 142 51
3 25 213 27
3 128 8 51
3 43 142 32
3 21 43 58
3 58 15 126
3 48 15 58
3 122 58 43
3 0 34 164
3 0 89 153
3 7 34 148
3 7 175 73
3 85 67 175
3 48 153 85
3 85 23 153
3 27 175 85
3 87 148 104
3 87 153 89
3 72 164 104
3 148 104 27
3 164 104 23
3 89 15 67
3 48 73 15
3 167 73 15
3 171 89 15
3 158 162 28
3 146 181 31
3 85 181 106
3 85 122 158
3 8 183 77
3 183 93 1
3 87 77 183
3 87 158 162
3 72 183 93
3 162 106 171
3 7 66 144
3 7 202 6
3 45 66 162
3 45 66 164
3 45 89 109
3 31 84 109
3 31 29 202
3 31 27 202
3 39 84 8
3 8 84 164
3 39 93 144
3 39 144 27
3 164 84 39
3 93 89 109
3 122 89 76
3 48 76 6
3 29 76 89
3 162 76 6
3 152 165 28
3 31 147 176
3 120 75 176
3 120 91 152
3 187 75 165
3 14 168 107
3 18 123 168
3 130 168 107
3 130 165 152
3 123 168 116
3 20 49 160
3 129 156 20
3 49 143 25
3 25 115 179
3 120 179 56
3 120 33 156
3 5 156 120
3 120 9 179
3 56 129 13
3 33 13 115
3 184 115 13
3 187 129 13
3 130 133 143
3 130 129 156
3 133 160 116
3 9 143 133
3 5 133 160
3 45 160 57
3 57 165 45
3 45 129 79
3 57 150 25
3 24 203 25
3 31 119 79
3 9 203 31
3 31 203 30
3 91 110 129
3 110 24 33
3 14 119 42
3 160 119 14
3 42 123 150
3 9 150 42
3 42 119 160
3 123 79 129
3 110 24 165
3 30 110 129
3 31 190 95
3 120 91 198
3 120 169 9
3 90 198 120
3 166 13 198
3 166 95 108
3 166 4 198
3 110 95 166
3 4 198 13
3 169 129 13
3 129 196 91
3 91 198 90
3 145 203 108
3 108 203 90
3 4 190 145
3 145 179 190
3 145 203 90
3 187 95 190
3 187 169 129
3 196 129 110
3 85 42 193
3 91 133 151
3 151 62 165
3 94 133 151
3 166 133 75
3 42 156 166
3 166 147 42
3 79 133 166
3 75 165 206
3 184 206 91
3 141 79 193
3 141 156 203
3 141 203 94
3 179 193 141
3 79 179 193
3 184 206 147
3 165 206 187
3 28 5 193
3 28 82 190
3 120 212 75
3 120 5 172
3 74 212 120
3 151 212 13
3 151 125 82
3 151 11 212
3 125 115 75
3 75 74 212
3 75 196 125
3 13 212 11
3 13 172 115
3 108 193 163
3 108 193 74
3 163 190 156
3 193 5 196
3 163 190 11
3 163 74 193
3 115 184 172
3 115 196 125
3 146 177 31
3 53 149 214
3 53 170 29
3 53 144 214
3 166 214 1
3 166 39 146
3 19 214 166
3 166 146 44
3 1 93 177
3 19 214 1
3 183 177 1
3 39 204 93
3 183 177 93
3 144 204 93
3 170 124 19
3 202 124 149
3 149 214 144
3 177 146 181
3 170 124 181
3 44 202 124
3 85 210 106
3 77 137 166
3 106 104 166
3 166 106 96
3 166 78 137
3 67 161 97
3 97 137 149
3 97 148 137
3 210 77 87
3 87 204 104
3 204 148 87
3 87 210 183
3 183 210 77
3 78 194 161
3 149 194 175
3 96 175 194
3 181 194 161
3 7 210 6
3 73 177 7
3 53 78 199
3 53 6 174
3 53 84 199
3 97 199 19
3 97 73 131
3 23 199 97
3 39 73 131
3 210 164 39
3 39 84 210
3 104 174 6
3 104 177 164
3 78 47 131
3 78 131 202
3 19 174 47
3 202 210 6
3 175 174 47
3 47 131 202
3 164 177 23
3 84 210 164
3 28 29 194
3 28 154 162
3 69 170 29
3 69 214 144
3 151 214 8
3 59 162 151
3 64 162 151
3 151 214 16
3 77 154 8
3 8 16 214
3 77 144 59
3 183 77 154
3 195 77 144
3 149 194 109
3 170 109 158
3 16 109 170
3 64 194 109
3 158 154 162
3 122 207 85
3 151 134 93
3 122 104 151
3 164 134 86
3 183 93 207
3 202 142 78
3 81 202 153
3 149 202 153
3 158 202 142
3 0 194 6
3 6 207 0
3 89 154 0
3 69 174 6
3 69 84 199
3 86 117 89
3 86 199 16
3 86 199 27
3 59 89 117
3 59 84 148
3 154 148 104
3 66 117 78
3 78 117 194
3 66 174 153
3 16 174 66
3 66 117 194
3 154 89 153
3 27 154 148
3 207 84 148
3 7 9 206
3 7 160 100
3 38 169 9
3 90 198 38
3 22 198 97
3 97 49 160
3 68 160 97
3 97 198 24
3 91 206 41
3 41 169 102
3 24 41 169
3 68 41 206
3 100 160 102
3 100 79 22
3 24 198 22
3 49 90 79
3 179 79 100
3 211 79 90
3 85 130 209
3 86 139 163
3 97 156 130
3 145 139 97
3 75 196 88
3 71 196 99
3 91 99 196
3 102 196 88
3 179 145 209
3 0 206 5
3 0 209 5
3 0 143 100
3 38 172 5
3 74 212 38
3 86 50 143
3 86 212 26
3 24 212 86
3 50 61 75
3 75 206 50
3 61 172 99
3 61 24 172
3 61 50 206
3 99 100 143
3 49 143 50
3 49 74 94
3 156 94 100
3 26 100 94
3 94 74 209
3 64 162 12
3 12 16 214
3 17 44 146
3 45 47 146
3 8 55 84
3 32 1 84
3 59 1 84
3 39 55 84
3 32 47 146
3 47 19 64
3 12 82 125
3 11 212 12
3 82 127 45
3 45 82 129
3 45 35 143
3 50 143 25
3 25 212 26
3 25 212 24
3 50 13 56
3 129 50 13
3 125 41 56
3 56 24 125
3 56 50 129
3 41 143 35
3 35 90 108
3 49 11 90
3 90 11 127
3 26 35 90
3 17 110 95
3 45 95 115
3 68 160 20
3 20 198 24
3 68 115 13
3 61 160 57
3 108 57 74
3 113 4 74
3 57 74 22
3 49 4 74
3 45 73 124
3 73 128 45
3 45 114 89
3 131 73 20
3 23 199 20
3 117 89 25
3 16 199 25
3 25 199 27
3 114 144 39
3 59 144 23
3 34 117 19
3 19 117 124
3 34 131 109
3 34 131 16
3 34 117 124
3 114 89 109
3 23 144 128
3 27 144 114
3 96 188 31
3 120 201 87
3 120 180 10
3 92 201 120
3 166 1 201
3 166 15 201
3 166 96 111
3 15 201 1
3 1 148 180
3 87 92 201
3 126 191 106
3 92 191 106
3 126 188 15
3 167 188 126
3 92 191 126
3 189 188 96
3 180 148 189
3 111 204 148
3 166 153 39
3 166 153 43
3 78 128 166
3 132 153 87
3 132 164 34
3 132 153 89
3 122 199 43
3 137 191 122
3 122 89 191
3 122 199 167
3 167 199 43
3 210 183 128
3 210 164 189
3 47 188 25
3 39 194 120
3 120 177 16
3 120 37 194
3 1 194 132
3 6 194 132
3 132 144 47
3 6 194 1
3 114 177 1
3 37 194 39
3 162 199 106
3 37 199 106
3 162 188 137
3 162 188 6
3 162 37 199
3 183 188 47
3 183 177 114
3 204 114 144
3 127 172 31
3 85 178 26
3 85 209 125
3 166 127 75
3 166 13 209
3 18 209 166
3 166 127 80
3 80 127 75
3 88 172 13
3 184 88 172
3 125 88 196
3 18 178 143
3 205 143 130
3 130 125 209
3 173 178 143
3 80 205 143
3 172 127 173
3 108 206 53
3 166 156 41
3 108 99 166
3 97 156 129
3 184 206 41
3 42 160 212
3 130 212 168
3 212 168 95
3 173 160 212
3 11 206 7
3 7 172 35
3 85 182 11
3 85 50 193
3 97 193 18
3 97 150 35
3 97 24 193
3 150 35 75
3 99 182 11
3 165 172 99
3 82 182 18
3 18 182 168
3 82 150 42
3 82 168 182
3 82 150 205
3 168 35 172
3 24 165 172
3 50 206 165
3 25 163 135
3 52 178 26
3 125 209 52
3 2 209 132
3 132 163 56
3 5 209 132
3 132 36 163
3 135 41 2
3 5 209 2
3 184 135 41
3 200 41 125
3 212 107 130
3 178 107 139
3 178 107 5
3 36 107 212
3 139 135 163
3 53 215 141
3 165 152 54
3 132 88 152
3 141 99 132
3 215 184 88
3 42 205 123
3 46 205 133
3 130 205 133
3 205 123 139
3 11 215 12
3 12 135 94
3 11 182 52
3 50 193 52
3 54 5 193
3 119 94 54
3 54 193 30
3 56 94 119
3 99 135 129
3 65 119 42
3 42 119 212
3 133 182 65
3 65 182 5
3 65 119 212
3 133 135 94
3 30 129 135
3 129 50 215
3 7 10 210
3 103 161 7
3 10 180 38
3 92 201 38
3 97 21 201
3 51 161 97
3 97 23 201
3 98 77 180
3 23 77 180
3 210 77 51
3 98 103 161
3 103 43 21
3 21 201 23
3 67 43 92
3 167 103 43
3 208 43 92
3 97 158 126
3 54 158 162
3 32 204 104
3 204 93 98
3 214 126 167
3 38 16 177
3 38 37 194
3 12 210 16
3 103 124 12
3 29 194 54
3 54 84 124
3 23 194 54
3 55 177 104
3 55 177 23
3 55 84 210
3 104 103 124
3 67 89 37
3 67 124 84
3 137 103 89
3 29 103 89
3 214 89 37
3 96 111 17
3 45 96 114
3 20 51 161
3 23 201 20
3 114 51 1
3 55 161 63
3 63 37 106
3 112 15 37
3 21 37 63
3 67 37 15
3 35 147 45
3 94 115 45
3 20 150 35
3 20 193 24
3 119 94 28
3 28 30 193
3 18 119 62
3 18 119 143
3 62 150 107
3 62 150 5
3 62 143 119
3 115 94 107
3 147 24 125
3 30 115 125
3 0 36 163
3 17 127 80
3 71 50 13
3 82 127 71
3 50 61 2
3 82 18 36
3 0 144 47
3 45 148 47
3 28 124 84
3 28 23 194
3 148 84 1
3 77 73 124
3 73 92 106
3 67 6 92
3 92 6 146
3 73 92 29
3 31 174 128
3 85 27 185
3 131 207 85
3 166 15 207
3 19 207 166
3 166 76 128
3 15 207 19
3 185 89 15
3 122 131 207
3 19 142 174
3 175 174 142
3 142 202 131
3 171 185 89
3 76 191 89
3 171 128 174
3 151 124 104
3 166 109 104
3 175 109 194
3 167 199 146
3 171 199 162
3 28 174 114
3 85 188 23
3 85 117 210
3 15 210 151
3 151 210 16
3 151 92 114
3 117 210 106
3 73 188 15
3 15 210 16
3 153 174 161
3 73 188 167
3 73 92 191
3 167 114 174
3 16 161 174
3 117 194 161
3 31 147 182
3 30 186 53
3 150 215 53
3 166 215 18
3 166 4 215
3 166 40 147
3 18 182 123
3 18 215 4
3 168 123 182
3 123 205 150
3 4 186 94
3 141 215 150
3 176 186 94
3 203 94 40
3 182 147 176
3 166 99 107
3 143 99 132
3 168 107 212
3 127 193 179
3 163 193 176
3 25 182 115
3 24 190 53
3 53 119 206
3 132 4 206
3 132 5 206
3 132 115 90
3 42 115 90
3 160 182 133
3 133 24 190
3 4 35 190
3 160 182 5
3 119 212 160
3 179 190 35
3 203 35 90
3 179 115 182
3 25 164 140
3 52 27 185
3 131 207 52
3 132 207 3
3 6 207 132
3 132 58 164
3 43 185 134
3 6 43 185
3 199 43 58
3 134 164 140
3 3 109 140
3 6 207 3
3 140 109 175
3 131 109 213
3 161 98 121
3 132 98 142
3 137 191 112
3 134 191 126
3 201 175 142
3 140 148 20
3 52 188 23
3 117 210 52
3 121 210 6
3 121 210 10
3 121 37 148
3 137 188 63
3 6 63 188
3 63 37 199
3 137 140 148
3 37 148 34
3 153 124 140
3 10 140 124
3 124 117 201
3 159 165 28
3 69 186 30
3 69 215 150
3 14 215 151
3 151 215 11
3 151 165 60
3 14 107 159
3 14 11 215
3 159 107 168
3 192 107 150
3 152 186 79
3 11 79 186
3 193 79 60
3 152 165 159
3 123 102 151
3 121 102 160
3 198 123 168
3 113 203 156
3 152 203 145
3 20 159 129
3 69 24 190
3 119 206 69
3 121 206 9
3 121 206 11
3 121 74 129
3 62 74 129
3 133 159 143
3 57 190 156
3 57 190 11
3 193 74 57
3 156 159 129
3 9 143 159
3 143 119 198
3 7 148 37
3 92 114 12
3 89 37 15
3 43 47 148
3 96 131 16
3 10 47 131
3 12 165 60
3 17 147 40
3 14 119 65
3 46 119 18
3 46 35 147
3 35 4 60
3 58 164 0
3 76 128 17
3 58 15 73
3 63 66 164
3 81 19 117
3 66 117 3
3 0 90 115
3 7 74 129
3 94 4 74
3 79 129 82
3 95 150 5
3 82 150 9
3 63 180 151
3 166 157 43
3 197 161 63
3 197 63 164
3 142 43 197
3 148 43 197
3 142 174 201
3 153 174 213
3 161 213 174
3 201 174 175
3 157 210 164
3 189 180 207
3 189 157 210
3 121 177 73
3 197 109 89
3 73 124 197
3 73 128 197
3 197 89 114
3 132 89 154
3 109 140 194
3 153 140 202
3 202 140 124
3 140 194 175
3 210 154 128
3 183 210 154
3 207 177 183
3 120 58 180
3 120 177 76
3 166 109 101
3 76 136 166
3 111 101 166
3 132 142 101
3 58 170 132
3 144 101 132
3 142 131 136
3 142 136 202
3 144 101 142
3 170 131 109
3 111 101 109
3 128 144 180
3 128 195 180
3 195 177 164
3 180 58 202
3 131 136 202
3 213 170 131
3 195 180 144
3 195 111 177
3 151 105 123
3 46 186 86
3 197 71 123
3 197 46 145
3 147 46 197
3 197 123 79
3 215 169 71
3 200 169 102
3 145 203 105
3 152 105 203
3 152 211 186
3 200 169 147
3 187 169 215
3 121 160 100
3 197 61 160
3 197 113 95
3 197 160 57
3 115 95 197
3 95 190 70
3 61 138 206
3 102 196 138
3 113 203 100
3 156 211 190
3 156 203 100
3 115 196 138
3 187 206 138
3 119 105 69
3 69 150 100
3 86 182 115
3 86 150 135
3 86 182 60
3 70 147 182
3 119 172 70
3 70 74 182
3 57 150 135
3 105 74 57
3 57 193 105
3 172 119 79
3 79 100 193
3 147 68 135
3 147 135 206
3 68 172 115
3 206 119 105
3 193 105 74
3 60 100 193
3 206 135 68
3 68 215 172
3 76 136 17
3 17 111 101
3 140 76 20
3 51 185 20
3 52 185 64
3 52 101 117
3 8 101 117
3 51 154 8
3 32 76 140
3 32 154 111
3 136 117 3
3 3 140 64
3 66 117 136
3 128 154 51
3 27 111 154
3 20 150 138
3 20 40 159
3 135 150 25
3 25 60 182
3 52 159 125
3 52 182 110
3 125 159 4
3 60 190 4
3 40 190 57
3 40 190 11
3 138 150 35
3 35 190 60
3 115 138 125
3 30 135 110
3 30 125 138
3 28 169 119
3 159 90 28
3 119 172 31
3 31 74 182
3 125 159 85
3 110 182 85
3 4 74 186
3 79 186 90
3 186 90 11
3 169 119 94
3 94 74 186
3 147 169 125
3 110 172 24
3 24 169 125
3 58 170 0
3 0 101 144
3 58 174 28
3 28 185 84
3 85 185 64
3 85 101 117
3 8 84 157
3 93 174 58
3 93 157 144
3 170 117 81
3 19 170 117
3 64 174 19
3 27 144 157
3 164 157 84
3 151 135 94
3 35 172 121
3 107 94 197
3 197 143 35
3 197 35 147
3 197 115 94
3 107 212 159
3 133 205 159
3 143 159 205
3 168 212 159
3 184 206 135
3 184 172 215
3 166 79 138
3 197 57 165
3 197 79 129
3 57 169 132
3 198 182 123
3 192 182 133
3 192 182 160
3 168 198 182
3 138 206 165
3 120 90 135
3 74 138 120
3 74 178 121
3 121 100 125
3 132 100 143
3 90 155 132
3 110 100 132
3 160 119 155
3 160 125 100
3 155 212 160
3 143 178 119
3 143 100 110
3 129 196 135
3 119 198 178
3 119 212 155
3 198 90 135
3 110 196 135
3 125 138 196
3 124 103 151
3 47 188 86
3 197 77 124
3 146 47 197
3 148 47 197
3 77 210 154
3 154 204 104
3 103 199 146
3 167 103 199
3 167 188 214
3 148 204 154
3 97 185 66
3 197 93 109
3 162 66 197
3 197 66 164
3 207 177 93
3 104 195 177
3 162 199 101
3 171 185 214
3 101 199 171
3 85 131 103
3 164 140 86
3 117 180 86
3 92 140 86
3 97 140 148
3 97 140 76
3 131 157 97
3 73 101 191
3 157 131 73
3 101 92 73
3 89 103 191
3 180 117 89
3 148 84 180
3 191 103 76
3 191 92 101
3 103 131 207
3 84 180 207
3 210 157 84
3 7 74 178
3 100 125 7
3 31 190 50
3 53 150 100
3 53 80 190
3 150 100 13
3 13 169 50
3 41 74 182
3 41 169 125
3 178 150 95
3 5 178 150
3 80 182 5
3 129 169 50
3 117 180 25
3 25 140 92
3 117 177 31
3 31 37 174
3 111 174 53
3 53 144 140
3 15 37 185
3 15 140 144
3 92 185 43
3 177 117 43
3 185 92 6
3 89 37 185
3 180 144 23
3 23 177 111
3 20 131 157
3 154 131 28
3 111 174 69
3 69 144 140
3 58 188 15
3 76 188 63
3 63 154 131
3 6 76 188
3 73 58 188
3 114 144 157
3 0 155 90
3 0 100 110
3 28 68 190
3 80 190 69
3 13 172 68
3 159 90 61
3 61 110 172
3 155 150 9
3 9 159 80
3 82 150 155
3 129 159 97
3 197 82 129
3 95 159 212
3 94 203 100
3 179 193 100
3 151 178 61
3 41 155 166
3 197 163 61
3 197 145 41
3 197 143 41
3 145 190 209
3 173 198 178
3 173 155 212
3 163 211 190
3 179 190 209
3 85 68 178
3 166 110 105
3 166 138 80
3 97 145 138
3 150 138 97
3 97 186 68
3 145 138 150
3 105 90 145
3 79 138 80
3 95 192 178
3 150 178 192
3 192 182 80
3 203 90 105
3 211 186 90
3 203 178 68
3 81 128 197
3 70 174 128
3 63 101 199
3 134 101 191
3 202 140 81
3 151 136 93
3 121 170 32
3 142 32 197
3 197 146 32
3 197 93 112
3 112 214 185
3 208 185 134
3 202 136 158
3 158 170 213
3 208 185 146
3 84 136 69
3 121 144 103
3 64 177 121
3 146 177 70
3 117 177 70
3 84 188 70
3 66 136 194
3 66 144 103
3 109 188 84
3 103 58 146
3 199 58 103
3 214 188 58
3 136 84 199
3 194 136 117
3 194 140 64
3 44 154 0
3 7 144 103
3 7 177 64
3 76 177 38
3 92 154 38
3 19 154 92
3 44 174 66
3 103 76 29
3 101 92 29
3 89 44 154
3 47 174 64
3 16 174 44
3 0 36 169
3 74 138 38
3 38 169 60
3 17 110 105
3 17 138 80
3 14 159 36
3 14 74 138
3 80 159 46
3 100 110 46
3 105 74 22
3 100 60 22
3 95 159 36
3 20 68 186
3 120 169 60
3 155 119 14
3 123 155 150
3 190 68 123
3 113 74 186
3 31 188 84
3 120 92 154
3 92 185 146
3 162 131 154
3 16 170 131
3 124 170 117
3 114 174 54
3 197 96 114
3 199 103 43
3 137 103 191
3 96 194 140
3 77 136 166
3 197 162 55
3 197 161 55
3 197 77 126
3 132 170 55
3 126 188 214
3 208 188 137
3 162 208 188
3 136 194 161
3 181 194 136
3 181 170 201
3 53 136 84
3 162 154 54
3 84 185 54
3 54 131 154
3 132 154 44
3 101 37 162
3 136 131 47
3 47 202 136
3 214 37 185
3 199 37 101
3 44 140 202
3 85 50 155
3 125 105 151
3 151 135 80
3 163 135 86
3 86 186 50
3 105 125 82
3 82 155 205
3 143 50 186
3 163 74 105
3 163 193 105
3 150 205 155
3 209 159 125
3 205 80 159
3 74 209 186
3 36 172 7
3 38 135 90
3 38 172 40
3 12 105 125
3 12 135 80
3 90 135 18
3 18 36 182
3 100 125 65
3 65 182 80
3 82 36 182
3 26 105 90
3 26 100 40
3 105 90 35
3 25 186 50
3 120 40 172
3 178 119 18
3 178 150 107
3 107 190 50
3 127 186 90
3 107 105 166
3 97 65 186
3 197 88 107
3 163 65 197
3 197 165 65
3 88 172 215
3 200 172 99
3 105 193 176
3 176 186 209
3 165 172 200
3 82 190 54
3 197 127 82
3 41 135 206
3 99 135 196
3 100 193 127
3 53 36 186
3 40 155 166
3 132 88 155
3 132 169 36
3 88 155 90
3 88 196 138
3 88 138 125
3 40 155 41
3 211 186 127
3 200 80 190
3 211 190 40
3 125 169 200
3 86 112 180
3 97 157 126
3 112 96 197
3 197 81 126
3 157 204 93
3 98 180 195
3 204 157 98
3 81 170 201
3 96 170 213
3 204 154 32
3 38 157 37
3 51 188 86
3 70 188 96
3 70 174 37
3 157 84 55
3 55 157 210
3 55 140 92
3 77 37 174
3 96 64 140
3 194 157 37
3 201 174 64
3 210 51 154
3 12 178 60
3 40 155 17
3 68 178 52
3 52 155 50
3 2 68 135
3 2 138 50
3 61 50 138
3 61 60 178
3 113 40 100
3 50 155 22
3 127 60 100
3 12 136 92
3 12 103 111
3 25 188 51
3 52 131 103
3 52 44 188
3 1 103 131
3 1 177 51
3 55 177 111
3 10 131 136
3 10 44 140
3 124 103 111
3 114 177 51
3 7 170 37
3 44 188 85
3 1 84 180
3 144 180 77
3 170 131 96
3 161 144 103
3 71 178 74
3 71 169 50
3 92 136 151
3 151 180 64
3 166 157 44
3 93 136 92
3 76 136 77
3 76 208 188
3 204 64 185
3 92 208 185
3 144 204 157
3 71 127 197
3 70 127 172
3 71 135 196
3 212 155 65
3 139 155 205
3 54 169 113
3 197 113 88
3 46 178 198
3 178 192 139
3 54 159 90
3 54 190 68
3 50 190 70
3 212 159 36
3 198 182 36
3 206 50 138
3 12 180 64
3 53 51 170
3 180 84 32
3 32 37 170
3 21 84 136
3 21 101 37
3 126 92 101
3 44 157 17
3 69 170 51
3 58 170 55
3 112 103 76
3 103 58 21
3 58 180 38
3 51 185 97
3 81 185 54
3 54 174 58
3 32 180 207
3 81 44 140
3 213 174 44
3 207 177 51
3 53 119 105
3 97 40 159
3 165 159 54
3 119 169 54
3 35 203 105
3 138 50 165
3 203 40 100
3 215 50 169
3 36 186 69
3 151 178 60
3 121 71 178
3 36 172 121
3 71 110 135
3 209 186 113
3 60 190 209
3 110 172 200
3 120 37 157
3 151 103 111
3 121 103 161
3 121 37 170
3 161 136 117
3 114 204 157
3 201 170 117
3 111 154 204
3 103 191 112
3 112 180 117
3 63 64 180
3 191 51 170
3 46 159 205
3 155 205 123
3 46 119 178
3 101 37 63
3 43 157 44
3 3 37 157
3 112 185 37
3 131 157 126
3 65 155 119
3 101 191 126
3 159 40 71
3 182 60 88
3 192 40 172
3 119 105 2
3 107 105 110
3 123 105 125
3 8 10 7
3 29 23 28
3 22 30 28
3 17 13 18
3 15 19 17
3 7 11 9
3 31 27 29
3 13 14 12
3 31 30 26
3 12 15 16
3 25 21 27
3 1 19 17
3 26 24 25
3 18 4 17
3 21 23 20
3 22 24 20
3 14 26 25
3 5 30 28
3 28 3 29
3 16 27 25
3 31 9 30
3 31 10 29
3 31 10 27
3 9 26 31
3 13 14 11
3 2 11 9
3 18 4 13
3 2 4 5
3 16 27 21
3 19 23 21
3 5 30 22
3 10 27 29
3 38 39 3
3 53 29 51
3 53 49 30
3 45 46 41
3 45 43 47
3 38 40 5
3 23 54 29
3 17 41 42
3 30 54 22
3 43 44 17
3 52 23 48
3 32 47 45
3 52 22 50
3 45 46 35
3 25 48 51
3 25 49 50
3 42 22 52
3 53 36 30
3 34 29 53
3 52 44 23
3 5 30 54
3 3 54 29
3 3 54 23
3 22 54 5
3 41 42 40
3 33 40 5
3 41 46 35
3 35 36 33
3 48 23 44
3 48 51 47
3 49 30 36
3 38 10 59
3 29 69 51
3 30 69 49
3 45 61 65
3 63 66 45
3 38 60 9
3 29 27 70
3 61 62 12
3 26 30 70
3 63 64 12
3 52 67 27
3 45 55 66
3 52 26 68
3 45 65 57
3 20 67 51
3 20 49 68
3 52 26 62
3 30 69 36
3 29 69 34
3 52 64 27
3 30 70 9
3 10 70 29
3 10 70 27
3 9 70 26
3 61 62 60
3 56 60 9
3 61 65 57
3 56 57 36
3 67 27 64
3 66 51 67
3 38 75 14
3 26 68 85
3 67 85 27
3 77 81 45
3 45 82 79
3 16 76 38
3 24 86 26
3 17 77 78
3 21 27 86
3 79 80 17
3 83 24 69
3 45 82 71
3 69 84 21
3 45 73 81
3 28 83 68
3 28 67 84
3 69 21 78
3 27 64 85
3 62 26 85
3 69 24 80
3 16 86 27
3 14 86 26
3 14 24 86
3 16 86 21
3 16 76 72
3 77 76 78
3 72 73 64
3 77 81 73
3 83 80 24
3 82 68 83
3 48 85 23
3 45 96 93
3 38 91 18
3 50 85 22
3 45 94 95
3 38 92 19
3 12 78 93
3 21 97 23
3 22 97 24
3 12 80 94
3 21 84 53
3 83 24 53
3 45 95 88
3 45 96 89
3 31 84 48
3 83 50 31
3 21 53 78
3 42 85 22
3 80 53 24
3 23 85 44
3 24 97 18
3 21 19 97
3 23 97 19
3 18 22 97
3 18 90 91
3 42 90 88
3 91 94 80
3 88 94 95
3 95 50 83
3 17 96 104
3 51 86 48
3 7 102 65
3 49 50 86
3 17 105 95
3 7 103 66
3 12 104 81
3 67 51 97
3 68 97 49
3 82 105 12
3 67 84 54
3 17 99 95
3 83 54 68
3 96 101 17
3 48 70 84
3 50 70 83
3 95 70 83
3 68 97 65
3 67 66 97
3 84 70 96
3 82 54 83
3 84 54 81
3 48 96 70
3 95 70 50
3 82 105 102
3 95 105 99
3 102 65 100
3 46 100 99
3 118 6 69
3 45 112 114
3 116 11 52
3 69 119 2
3 45 113 115
3 52 8 117
3 28 58 118
3 25 116 60
3 56 119 28
3 59 117 25
3 52 8 106
3 10 58 120
3 56 9 120
3 11 110 52
3 6 10 121
3 2 121 9
3 69 108 2
3 9 60 120
3 59 10 120
3 6 111 69
3 11 121 9
3 10 121 8
3 8 121 6
3 11 121 2
3 116 110 11
3 116 115 60
3 118 6 111
3 118 58 114
3 107 110 108
3 107 115 113
3 6 53 118
3 45 126 128
3 52 4 130
3 119 53 2
3 45 129 127
3 52 131 1
3 118 37 31
3 20 130 40
3 31 33 119
3 20 131 39
3 52 1 122
3 3 120 37
3 5 120 33
3 52 4 125
3 3 6 132
3 2 5 132
3 108 53 2
3 39 3 120
3 40 120 5
3 6 53 111
3 4 132 5
3 1 132 3
3 6 132 1
3 2 132 4
3 130 4 125
3 129 40 130
3 128 37 118
3 123 125 108
3 123 127 129
3 25 139 57
3 56 119 54
3 17 128 137
3 118 58 54
3 127 138 17
3 25 140 55
3 139 35 20
3 33 70 119
3 118 37 70
3 20 32 140
3 25 55 134
3 36 121 33
3 34 121 37
3 25 135 57
3 56 36 132
3 34 132 58
3 118 128 70
3 58 132 55
3 57 132 56
3 119 70 127
3 127 70 33
3 57 132 36
3 34 132 55
3 128 70 37
3 139 138 35
3 139 135 57
3 134 136 114
3 137 128 136
3 69 149 15
3 45 146 148
3 116 11 85
3 145 147 45
3 8 85 117
3 69 150 13
3 116 74 31
3 20 76 149
3 72 117 31
3 20 150 75
3 69 141 13
3 14 120 74
3 72 16 120
3 15 144 69
3 14 11 151
3 16 151 8
3 8 106 85
3 75 14 120
3 76 120 16
3 11 85 110
3 16 151 15
3 13 151 14
3 13 11 151
3 15 151 8
3 149 148 76
3 15 144 149
3 116 147 74
3 143 110 141
3 142 148 146
3 28 158 63
3 17 146 157
3 156 147 17
3 116 86 60
3 59 117 86
3 28 159 61
3 116 74 70
3 158 73 20
3 72 70 117
3 71 159 20
3 61 152 28
3 74 121 62
3 72 64 121
3 63 154 28
3 62 151 60
3 59 151 64
3 72 121 73
3 115 86 116
3 71 74 121
3 112 86 117
3 116 147 70
3 146 70 117
3 146 70 72
3 147 74 70
3 158 157 73
3 63 154 158
3 152 115 155
3 153 146 157
3 15 149 53
3 45 162 164
3 4 85 130
3 163 165 45
3 150 53 13
3 131 85 1
3 25 92 149
3 130 90 28
3 91 150 25
3 28 131 87
3 13 53 141
3 87 19 120
3 18 90 120
3 15 144 53
3 122 85 1
3 91 120 18
3 19 120 92
3 125 85 4
3 15 19 166
3 18 166 13
3 18 4 166
3 1 166 19
3 1 166 15
3 13 166 4
3 165 90 130
3 164 92 149
3 141 125 160
3 163 165 160
3 7 171 148
3 149 92 86
3 173 94 28
3 91 150 86
3 7 145 172
3 28 93 174
3 79 173 31
3 76 97 149
3 75 97 150
3 77 174 31
3 31 77 171
3 78 92 151
3 80 151 91
3 31 79 172
3 78 166 76
3 75 80 166
3 149 164 86
3 77 76 166
3 75 166 79
3 163 86 150
3 148 97 149
3 145 97 150
3 75 97 145
3 76 97 148
3 173 169 94
3 173 172 79
3 171 148 170
3 168 169 163
3 31 181 43
3 12 180 162
3 131 97 39
3 12 165 179
3 40 97 130
3 41 182 31
3 25 89 181
3 87 54 131
3 90 54 130
3 88 182 25
3 31 176 41
3 31 43 177
3 44 132 87
3 42 132 90
3 39 166 44
3 42 40 166
3 87 132 89
3 130 97 129
3 88 132 90
3 126 97 131
3 87 162 54
3 90 54 165
3 88 132 42
3 89 132 44
3 89 181 180
3 43 181 177
3 129 178 176
3 165 178 179
3 143 187 25
3 28 123 190
3 124 189 28
3 142 188 25
3 144 121 122
3 141 125 121
3 31 189 109
3 31 107 190
3 144 132 106
3 141 110 132
3 31 187 107
3 109 188 31
3 111 151 122
3 108 151 125
3 111 166 106
3 108 166 110
3 106 166 109
3 141 160 121
3 110 166 107
3 144 121 161
3 106 142 132
3 143 132 110
3 141 132 143
3 144 132 142
3 124 185 189
3 189 188 109
3 143 187 186
3 161 185 183
3 153 188 85
3 120 157 171
3 69 186 168
3 187 155 85
3 120 172 156
3 69 183 170
3 143 86 187
3 171 148 121
3 188 86 142
3 172 121 145
3 183 86 142
3 147 166 156
3 186 86 143
3 146 166 157
3 168 121 145
3 153 146 166
3 147 155 166
3 170 121 148
3 142 146 197
3 147 197 143
3 145 143 197
3 148 197 142
3 146 197 148
3 145 147 197
3 171 194 157
3 193 155 187
3 183 170 191
3 193 196 192
3 69 190 133
3 187 155 52
3 134 154 120
3 153 52 188
3 120 135 152
3 69 189 136
3 109 70 189
3 115 132 152
3 190 70 107
3 112 132 154
3 107 70 187
3 134 151 114
3 188 70 109
3 113 151 135
3 112 153 132
3 133 113 151
3 155 132 115
3 114 136 151
3 115 197 107
3 112 197 109
3 188 70 189
3 152 155 132
3 190 70 187
3 153 154 132
3 199 136 189
3 198 135 152
3 195 201 199
3 175 185 85
3 120 167 180
3 183 170 53
3 120 169 179
3 186 53 168
3 85 178 184
3 161 183 97
3 179 151 165
3 180 151 162
3 160 97 186
3 160 97 184
3 167 164 132
3 161 97 185
3 163 169 132
3 162 175 151
3 168 132 163
3 164 170 132
3 165 151 178
3 164 197 161
3 160 163 197
3 162 197 164
3 165 197 163
3 167 132 170
3 168 132 169
3 179 205 169
3 184 203 178
3 203 205 196
3 85 102 159
3 173 105 69
3 69 104 174
3 85 103 158
3 156 38 172
3 171 157 38
3 79 70 173
3 73 97 158
3 159 97 71
3 77 174 70
3 77 171 70
3 102 151 82
3 103 151 81
3 79 172 70
3 71 156 97
3 104 151 81
3 82 105 151
3 73 157 97
3 77 197 73
3 79 197 71
3 79 197 82
3 77 197 81
3 173 70 172
3 171 70 174
3 206 105 173
3 158 207 103
3 207 208 194
3 104 174 53
3 85 181 101
3 99 182 85
3 179 169 38
3 167 38 180
3 173 105 53
3 89 181 86
3 173 94 54
3 174 54 93
3 182 86 88
3 88 179 86
3 104 166 96
3 89 86 180
3 95 166 105
3 93 167 54
3 99 166 95
3 101 166 96
3 94 54 169
3 89 197 93
3 88 197 94
3 93 96 197
3 94 197 95
3 89 96 197
3 88 197 95
3 181 101 210
3 205 211 206
3 210 214 12
3 181 70 43
3 139 35 97
3 12 211 215
3 32 140 97
3 41 70 182
3 53 98 140
3 53 139 100
3 99 52 182
3 101 52 181
3 41 176 70
3 47 132 98
3 43 70 177
3 100 132 46
3 32 97 137
3 46 132 99
3 101 132 47
3 35 138 97
3 46 197 41
3 43 47 197
3 98 132 101
3 181 70 177
3 99 100 132
3 182 70 176
3 139 215 100
3 176 138 212
3 212 215 211
3 86 199 204
3 166 207 201
3 166 209 198
3 206 205 121
3 202 121 208
3 86 203 200
3 194 207 132
3 203 196 70
3 204 70 191
3 209 132 192
3 192 132 206
3 199 97 195
3 194 132 208
3 200 97 193
3 202 70 191
3 198 193 97
3 195 97 201
3 196 70 205
3 192 54 196
3 191 54 194
3 207 208 132
3 203 70 205
3 209 132 206
3 204 70 202
3 214 201 207
3 203 212 200
3 207 214 17
3 63 158 54
3 139 57 86
3 209 215 17
3 61 159 54
3 55 140 86
3 100 69 139
3 102 52 159
3 140 69 98
3 103 52 158
3 152 54 61
3 98 66 121
3 100 121 65
3 63 54 154
3 55 86 134
3 102 121 65
3 66 121 103
3 57 135 86
3 55 197 63
3 61 197 57
3 61 65 197
3 63 197 66
3 65 57 197
3 55 197 66
3 137 120 177
3 185 52 175
3 133 53 190
3 138 120 176
3 189 53 136
3 178 52 184
3 124 54 189
3 176 121 129
3 126 177 121
3 123 54 190
3 123 184 54
3 137 166 128
3 185 54 124
3 127 138 166
3 175 121 126
3 127 166 133
3 128 136 166
3 129 178 121
3 128 197 124
3 123 197 127
3 123 197 129
3 126 124 197
3 128 197 126
3 129 197 127
3 64 204 67
3 170 55 167
3 16 204 21
3 67 208 92
3 158 16 170
3 48 195 44
3 170 32 171
3 21 19 195
3 76 208 48
3 149 44 202
3 67 66 183
3 202 59 167
3 48 47 183
3 73 167 48
3 158 202 47
3 18 22 200
3 205 2 211
3 83 200 80
3 80 205 130
3 211 40 83
3 65 49 184
3 179 56 205
3 83 184 82
3 139 205 82
3 83 179 35
3 36 196 49
3 179 61 178
3 22 196 5
3 139 178 5
3 90 211 49
3 136 93 134
3 3 195 29
3 134 29 101
3 118 44 213
3 81 189 67
3 137 72 213
3 48 96 189
3 63 137 48
3 158 96 213
3 136 77 137
3 29 204 10
3 137 103 29
3 10 136 158
3 152 155 88
3 26 200 14
3 116 80 192
3 152 105 26
3 46 187 49
3 192 33 156
3 95 187 83
3 139 95 192
3 83 156 57
3 156 41 155
3 26 196 9
3 9 155 139
3 26 100 156
3 106 142 98
3 78 189 21
3 67 15 112
3 149 153 81
3 106 104 109
3 29 183 34
3 67 6 146
3 118 153 66
3 112 93 109
3 146 58 21
3 149 109 3
3 108 99 107
3 62 184 26
3 65 116 133
3 49 127 11
3 123 102 108
3 42 22 187
3 46 130 133
3 113 4 49
3 107 113 88
3 123 116 18
3 22 60 127
3 161 98 122
3 48 15 126
3 149 175 96
3 122 124 104
3 162 6 48
3 118 47 175
3 126 124 77
3 126 92 29
3 16 161 118
3 141 99 143
3 116 82 168
3 83 163 11
3 160 102 141
3 130 168 95
3 145 4 83
3 143 41 145
3 116 160 5
3 26 90 145
3 141 65 125
3 56 125 200
3 135 18 152
3 186 65 184
3 152 11 186
3 141 110 46
3 33 110 200
3 138 14 176
3 187 46 186
3 141 203 40
3 115 42 152
3 115 184 33
3 176 62 129
3 184 203 62
3 152 203 35
3 87 112 44
3 87 111 204
3 204 21 213
3 111 208 118
3 47 106 98
3 114 204 98
3 204 67 175
3 118 167 114
3 3 23 191
3 23 180 98
3 34 51 191
3 180 63 175
3 213 131 34
3 64 126 72
3 72 111 195
3 158 126 157
3 98 66 122
3 128 195 98
3 195 153 48
3 118 128 171
3 27 191 10
3 98 27 157
3 153 43 157
3 153 10 140
3 102 30 138
3 215 14 211
3 22 30 192
3 61 33 99
3 61 130 152
3 176 116 41
3 211 116 99
3 127 152 211
3 99 135 30
3 209 215 18
3 30 205 26
3 179 165 62
3 33 165 24
3 30 168 49
3 2 41 91
3 2 108 173
3 88 116 179
3 127 179 141
3 88 125 30
3 163 165 65
3 16 137 72
3 114 183 72
3 148 137 149
3 87 134 19
3 128 183 87
3 149 134 164
3 72 23 164
3 142 148 43
3 142 131 10
3 72 104 55
3 104 106 96
3 16 34 96
3 87 104 32
3 104 81 122
3 19 34 81
3 1 93 72
3 77 126 81
3 64 3 96
3 147 42 156
3 56 147 24
3 56 13 71
3 71 130 156
3 113 156 141
3 145 46 147
3 147 68 2
3 122 111 81
3 157 3 171
3 122 76 191
3 195 3 191
3 134 78 114
3 171 34 148
3 134 191 73
3 191 34 183
3 122 144 66
3 195 144 59
3 134 19 154
3 134 185 6
3 183 66 185
3 91 113 80
3 110 196 91
3 187 22 155
3 192 22 196
3 102 108 82
3 102 115 196
3 143 49 187
3 168 49 196
3 14 24 203
3 102 169 24
3 62 68 203
3 192 150 62
3 169 57 168
3 33 145 36
3 200 22 198
3 102 65 141
3 200 102 147
3 187 107 83
3 200 83 133
3 30 203 9
3 133 9 159
3 215 4 198
3 208 3 207
3 51 142 48
3 55 149 134
3 171 118 77
3 98 149 214
3 208 146 134
3 27 154 104
3 207 19 214
3 27 202 29
3 71 91 99
3 18 152 91
3 46 141 99
3 18 62 46
3 33 5 156
3 95 108 99
3 95 62 5
3 46 145 41
3 46 9 80
3 137 78 128
3 23 59 128
3 23 153 48
3 32 59 1
3 1 122 158
3 32 137 149
3 112 122 137
3 32 27 111
3 128 81 126
3 164 34 167
3 93 167 118
3 146 122 167
3 93 144 27
3 162 66 164
3 184 91 147
3 184 83 123
3 184 49 160
3 123 150 9
3 165 57 160
3 110 95 108
3 179 9 169
3 4 179 190
3 196 203 9
3 94 203 156
3 172 5 156
3 184 172 13
3 125 82 108
3 156 11 190
3 184 82 190
3 39 44 146
3 204 144 39
3 170 29 183
3 202 29 204
3 104 204 148
3 19 199 23
3 104 177 23
3 78 84 199
3 19 175 174
3 175 73 177
3 64 162 59
3 194 29 195
3 195 164 104
3 27 199 16
3 16 174 153
3 207 6 194
3 206 9 211
3 68 160 49
3 211 163 156
3 24 172 99
3 206 209 5
3 24 212 26
3 55 66 162
3 44 16 66
3 41 24 125
3 129 82 127
3 110 24 61
3 113 95 115
3 109 131 16
3 124 73 128
3 106 96 111
3 180 10 167
3 15 167 188
3 204 191 10
3 137 191 89
3 106 144 47
3 137 16 177
3 137 188 6
3 199 16 204
3 13 18 209
3 184 178 26
3 196 26 205
3 99 196 129
3 18 193 24
3 42 193 50
3 205 150 42
3 205 206 11
3 56 163 36
3 200 212 26
3 200 99 165
3 5 30 193
3 133 5 182
3 215 11 212
3 208 10 210
3 67 161 51
3 208 137 162
3 210 16 214
3 29 194 23
3 55 23 111
3 114 96 112
3 107 150 5
3 143 35 147
3 61 163 65
3 80 5 65
3 77 144 23
3 146 47 148
3 76 128 78
3 175 185 27
3 191 27 202
3 124 153 202
3 188 23 153
3 78 92 114
3 191 23 194
3 40 147 42
3 168 186 30
3 203 30 205
3 143 133 205
3 5 206 4
3 108 119 206
3 212 24 203
3 199 27 213
3 58 164 34
3 213 153 161
3 199 201 23
3 6 10 210
3 62 60 165
3 193 30 192
3 192 133 160
3 9 206 11
3 198 24 193
3 43 92 6
3 89 114 96
3 65 57 165
3 40 11 57
3 63 6 76
3 81 73 128
3 79 90 11
3 94 115 95
3 207 180 148
3 207 177 114
3 213 170 109
3 164 170 58
3 128 136 76
3 164 177 111
3 213 177 76
3 79 186 211
3 57 211 190
3 115 182 60
3 60 100 79
3 147 182 74
3 115 215 172
3 100 150 215
3 27 185 64
3 66 185 51
3 64 140 109
3 11 110 182
3 129 159 40
3 129 135 110
3 165 159 90
3 165 172 110
3 84 185 81
3 142 174 64
3 129 169 215
3 129 74 178
3 198 178 143
3 115 90 155
3 138 74 212
3 73 214 188
3 214 185 89
3 148 140 76
3 89 103 76
3 164 92 140
3 210 117 101
3 80 190 24
3 95 190 50
3 160 182 80
3 111 174 6
3 128 37 174
3 58 174 114
3 148 111 154
3 82 190 68
3 143 159 80
3 82 198 182
3 160 186 68
3 95 105 110
3 182 110 211
3 66 174 213
3 73 177 64
3 117 177 146
3 214 140 144
3 76 177 16
3 47 144 101
3 9 169 60
3 57 169 36
3 119 169 113
3 60 190 145
3 162 188 76
3 185 84 124
3 201 174 47
3 201 170 124
3 44 140 124
3 94 80 135
3 163 150 135
3 94 209 186
3 193 155 50
3 5 172 40
3 35 172 36
3 94 100 40
3 127 119 172
3 40 190 163
3 35 190 209
3 163 169 36
3 41 200 169
3 127 138 80
3 196 186 36
3 195 180 77
3 55 195 177
3 51 154 77
3 47 188 51
3 84 188 96
3 201 92 154
3 68 135 41
3 113 135 80
3 68 178 26
3 44 188 23
3 114 92 136
3 161 44 174
3 148 170 37
3 145 172 36
3 88 172 68
3 180 64 162
3 146 157 44
3 195 44 188
3 61 200 172
3 93 177 51
3 126 64 177
3 51 170 29
3 154 44 112
3 63 208 188
3 188 51 142
3 81 103 111
3 174 111 208
3 65 192 182
3 107 178 192
3 123 36 182
3 43 103 58
3 101 111 96
3 58 180 10
3 126 188 58
3 161 185 51
3 36 159 107
3 43 208 185
3 65 68 186
3 50 186 46
3 205 169 60
3 30 186 36
3 147 155 40
3 178 60 165

# Cells
64 0 1 2 3 4 5 6 7 8 9 10 11 12 13 14 15 16 17 18 19 20 21 22 23 24 25 26 27 28 29 30 31 3456 3457 3458 3459 3460 3461 3462 3463 3464 3465 3466 3467 3468 3469 3470 3471 3472 3473 3474 3475 3476 3477 3478 3479 3480 3481 3482 3483 3484 3485 3486 3487
64 30 32 33 34 35 36 37 38 39 40 41 42 43 44 45 46 47 48 49 50 51 52 53 54 55 56 57 58 59 60 61 62 3486 3488 3489 3490 3491 3492 3493 3494 3495 3496 3497 3498 3499 3500 3501 3502 3503 3504 3505 3506 3507 3508 3509 3510 3511 3512 3513 3514 3515 3516 3517 3518
64 31 62 63 64 65 66 67 68 69 70 71 72 73 74 75 76 77 78 79 80 81 82 83 84 85 86 87 88 89 90 91 92 3487 3518 3519 3520 3521 3522 3523 3524 3525 3526 3527 3528 3529 3530 3531 3532 3533 3534 3535 3536 3537 3538 3539 3540 3541 3542 3543 3544 3545 3546 3547 3548
64 28 91 93 94 95 96 97 98 99 100 101 102 103 104 105 106 107 108 109 110 111 112 113 114 115 116 117 118 119 120 121 122 3484 3547 3549 3550 3551 3552 3553 3554 3555 3556 3557 3558 3559 3560 3561 3562 3563 3564 3565 3566 3567 3568 3569 3570 3571 3572 3573 3574 3575 3576 3577 3578
64 29 60 121 123 124 125 126 127 128 129 130 131 132 133 134 135 136 137 138 139 140 141 142 143 144 145 146 147 148 149 150 151 3485 3516 3577 3579 3580 3581 3582 3583 3584 3585 3586 3587 3588 3589 3590 3591 3592 3593 3594 3595 3596 3597 3598 3599 3600 3601 3602 3603 3604 3605 3606 3607
64 61 92 122 151 152 153 154 155 156 157 158 159 160 161 162 163 164 165 166 167 168 169 170 171 172 173 174 175 176 177 178 179 3517 3548 3578 3607 3608 3609 3610 3611 3612 3613 3614 3615 3616 3617 3618 3619 3620 3621 3622 3623 3624 3625 3626 3627 3628 3629 3630 3631 3632 3633 3634 3635
64 25 88 180 181 182 183 184 185 186 187 188 189 190 191 192 193 194 195 196 197 198 199 200 201 202 203 204 205 206 207 208 209 3481 3544 3636 3637 3638 3639 3640 3641 3642 3643 3644 3645 3646 3647 3648 3649 3650 3651 3652 3653 3654 3655 3656 3657 3658 3659 3660 3661 3662 3663 3664 3665
64 27 57 206 210 211 212 213 214 215 216 217 218 219 220 221 222 223 224 225 226 227 228 229 230 231 232 233 234 235 236 237 238 3483 3513 3662 3666 3667 3668 3669 3670 3671 3672 3673 3674 3675 3676 3677 3678 3679 3680 3681 3682 3683 3684 3685 3686 3687 3688 3689 3690 3691 3692 3693 3694
64 59 90 207 236 239 240 241 242 243 244 245 246 247 248 249 250 251 252 253 254 255 256 257 258 259 260 261 262 263 264 265 266 3515 3546 3663 3692 3695 3696 3697 3698 3699 3700 3701 3702 3703 3704 3705 3706 3707 3708 3709 3710 3711 3712 3713 3714 3715 3716 3717 3718 3719 3720 3721 3722
64 24 117 204 267 268 269 270 271 272 273 274 275 276 277 278 279 280 281 282 283 284 285 286 287 288 289 290 291 292 293 294 295 3480 3573 3660 3723 3724 3725 3726 3727 3728 3729 3730 3731 3732 3733 3734 3735 3736 3737 3738 3739 3740 3741 3742 3743 3744 3745 3746 3747 3748 3749 3750 3751
64 87 119 205 293 296 297 298 299 300 301 302 303 304 305 306 307 308 309 310 311 312 313 314 315 316 317 318 319 320 321 322 323 3543 3575 3661 3749 3752 3753 3754 3755 3756 3757 3758 3759 3760 3761 3762 3763 3764 3765 3766 3767 3768 3769 3770 3771 3772 3773 3774 3775 3776 3777 3778 3779
64 26 147 234 292 324 325 326 327 328 329 330 331 332 333 334 335 336 337 338 339 340 341 342 343 344 345 346 347 348 349 350 351 3482 3603 3690 3748 3780 3781 3782 3783 3784 3785 3786 3787 3788 3789 3790 3791 3792 3793 3794 3795 3796 3797 3798 3799 3800 3801 3802 3803 3804 3805 3806 3807
64 118 149 291 349 352 353 354 355 356 357 358 359 360 361 362 363 364 365 366 367 368 369 370 371 372 373 374 375 376 377 378 379 3574 3605 3747 3805 3808 3809 3810 3811 3812 3813 3814 3815 3816 3817 3818 3819 3820 3821 3822 3823 3824 3825 3826 3827 3828 3829 3830 3831 3832 3833 3834 3835
64 56 148 235 348 380 381 382 383 384 385 386 387 388 389 390 391 392 393 394 395 396 397 398 399 400 401 402 403 404 405 406 407 3512 3604 3691 3804 3836 3837 3838 3839 3840 3841 3842 3843 3844 3845 3846 3847 3848 3849 3850 3851 3852 3853 3854 3855 3856 3857 3858 3859 3860 3861 3862 3863
64 208 237 294 350 408 409 410 411 412 413 414 415 416 417 418 419 420 421 422 423 424 425 426 427 428 429 430 431 432 433 434 435 3664 3693 3750 3806 3864 3865 3866 3867 3868 3869 3870 3871 3872 3873 3874 3875 3876 3877 3878 3879 3880 3881 3882 3883 3884 3885 3886 3887 3888 3889 3890 3891
64 295 323 378 434 436 437 438 439 440 441 442 443 444 445 446 447 448 449 450 451 452 453 454 455 456 457 458 459 460 461 462 463 3751 3779 3834 3890 3892 3893 3894 3895 3896 3897 3898 3899 3900 3901 3902 3903 3904 3905 3906 3907 3908 3909 3910 3911 3912 3913 3914 3915 3916 3917 3918 3919
64 209 265 322 433 461 464 465 466 467 468 469 470 471 472 473 474 475 476 477 478 479 480 481 482 483 484 485 486 487 488 489 490 3665 3721 3778 3889 3917 3920 3921 3922 3923 3924 3925 3926 3927 3928 3929 3930 3931 3932 3933 3934 3935 3936 3937 3938 3939 3940 3941 3942 3943 3944 3945 3946
64 351 379 407 435 462 491 492 493 494 495 496 497 498 499 500 501 502 503 504 505 506 507 508 509 510 511 512 513 514 515 516 517 3807 3835 3863 3891 3918 3947 3948 3949 3950 3951 3952 3953 3954 3955 3956 3957 3958 3959 3960 3961 3962 3963 3964 3965 3966 3967 3968 3969 3970 3971 3972 3973
64 120 176 320 377 460 518 519 520 521 522 523 524 525 526 527 528 529 530 531 532 533 534 535 536 537 538 539 540 541 542 543 544 3576 3632 3776 3833 3916 3974 3975 3976 3977 3978 3979 3980 3981 3982 3983 3984 3985 3986 3987 3988 3989 3990 3991 3992 3993 3994 3995 3996 3997 3998 3999 4000
64 150 177 376 404 515 542 545 546 547 548 549 550 551 552 553 554 555 556 557 558 559 560 561 562 563 564 565 566 567 568 569 570 3606 3633 3832 3860 3971 3998 4001 4002 4003 4004 4005 4006 4007 4008 4009 4010 4011 4012 4013 4014 4015 4016 4017 4018 4019 4020 4021 4022 4023 4024 4025 4026
64 58 179 263 405 569 571 572 573 574 575 576 577 578 579 580 581 582 583 584 585 586 587 588 589 590 591 592 593 594 595 596 597 3514 3635 3719 3861 4025 4027 4028 4029 4030 4031 4032 4033 4034 4035 4036 4037 4038 4039 4040 4041 4042 4043 4044 4045 4046 4047 4048 4049 4050 4051 4052 4053
64 463 490 517 544 570 597 598 599 600 601 602 603 604 605 606 607 608 609 610 611 612 613 614 615 616 617 618 619 620 621 622 623 3919 3946 3973 4000 4026 4053 4054 4055 4056 4057 4058 4059 4060 4061 4062 4063 4064 4065 4066 4067 4068 4069 4070 4071 4072 4073 4074 4075 4076 4077 4078 4079
64 89 178 264 321 489 543 595 622 624 625 626 627 628 629 630 631 632 633 634 635 636 637 638 639 640 641 642 643 644 645 646 647 3545 3634 3720 3777 3945 3999 4051 4078 4080 4081 4082 4083 4084 4085 4086 4087 4088 4089 4090 4091 4092 4093 4094 4095 4096 4097 4098 4099 4100 4101 4102 4103
64 238 266 406 432 488 516 596 623 648 649 650 651 652 653 654 655 656 657 658 659 660 661 662 663 664 665 666 667 668 669 670 671 3694 3722 3862 3888 3944 3972 4052 4079 4104 4105 4106 4107 4108 4109 4110 4111 4112 4113 4114 4115 4116 4117 4118 4119 4120 4121 4122 4123 4124 4125 4126 4127
40 116 353 521 672 673 674 675 676 677 678 679 680 681 682 683 684 685 686 687 688 689 690 691 692 693 694 695 696 697 698 699 700 3572 3809 3977 4128 4129 4130 4131 4132
40 144 359 546 701 702 703 704 705 706 707 708 709 710 711 712 713 714 715 716 717 718 719 720 721 722 723 724 725 726 727 728 729 3600 3815 4002 4133 4134 4135 4136 4137
40 170 525 551 730 731 732 733 734 735 736 737 738 739 740 741 742 743 744 745 746 747 748 749 750 751 752 753 754 755 756 757 758 3626 3981 4007 4138 4139 4140 4141 4142
40 146 384 550 759 760 761 762 763 764 765 766 767 768 769 770 771 772 773 774 775 776 777 778 779 780 781 782 783 784 785 786 787 3602 3840 4006 4143 4144 4145 4146 4147
40 172 552 573 788 789 790 791 792 793 794 795 796 797 798 799 800 801 802 803 804 805 806 807 808 809 810 811 812 813 814 815 816 3628 4008 4029 4148 4149 4150 4151 4152
40 55 388 578 817 818 819 820 821 822 823 824 825 826 827 828 829 830 831 832 833 834 835 836 837 838 839 840 841 842 843 844 845 3511 3844 4034 4153 4154 4155 4156 4157
40 53 242 580 713 846 847 848 849 850 851 852 853 854 855 856 857 858 859 860 861 862 863 864 865 866 867 868 869 870 871 872 873 3509 3698 4036 4133 4158 4159 4160 4161
40 174 572 625 874 875 876 877 878 879 880 881 882 883 884 885 886 887 888 889 890 891 892 893 894 895 896 897 898 899 900 901 902 3630 4028 4081 4162 4163 4164 4165 4166
40 84 247 633 684 903 904 905 906 907 908 909 910 911 912 913 914 915 916 917 918 919 920 921 922 923 924 925 926 927 928 929 930 3540 3703 4089 4128 4167 4168 4169 4170
40 114 299 519 773 931 932 933 934 935 936 937 938 939 940 941 942 943 944 945 946 947 948 949 950 951 952 953 954 955 956 957 958 3570 3755 3975 4145 4171 4172 4173 4174
40 168 524 626 959 960 961 962 963 964 965 966 967 968 969 970 971 972 973 974 975 976 977 978 979 980 981 982 983 984 985 986 987 3624 3980 4082 4175 4176 4177 4178 4179
40 86 302 630 829 988 989 990 991 992 993 994 995 996 997 998 999 1000 1001 1002 1003 1004 1005 1006 1007 1008 1009 1010 1011 1012 1013 1014 1015 3542 3758 4086 4153 4180 4181 4182 4183
40 109 267 296 886 1016 1017 1018 1019 1020 1021 1022 1023 1024 1025 1026 1027 1028 1029 1030 1031 1032 1033 1034 1035 1036 1037 1038 1039 1040 1041 1042 1043 3565 3723 3752 4162 4184 4185 4186 4187
40 81 180 303 742 1044 1045 1046 1047 1048 1049 1050 1051 1052 1053 1054 1055 1056 1057 1058 1059 1060 1061 1062 1063 1064 1065 1066 1067 1068 1069 1070 1071 3537 3636 3759 4138 4188 4189 4190 4191
40 18 186 274 715 859 1072 1073 1074 1075 1076 1077 1078 1079 1080 1081 1082 1083 1084 1085 1086 1087 1088 1089 1090 1091 1092 1093 1094 1095 1096 1097 1098 3474 3642 3730 4135 4159 4192 4193 4194
40 79 182 245 800 1099 1100 1101 1102 1103 1104 1105 1106 1107 1108 1109 1110 1111 1112 1113 1114 1115 1116 1117 1118 1119 1120 1121 1122 1123 1124 1125 1126 3535 3638 3701 4148 4195 4196 4197 4198
40 48 212 239 971 1127 1128 1129 1130 1131 1132 1133 1134 1135 1136 1137 1138 1139 1140 1141 1142 1143 1144 1145 1146 1147 1148 1149 1150 1151 1152 1153 1154 3504 3668 3695 4175 4199 4200 4201 4202
40 16 187 217 771 944 1155 1156 1157 1158 1159 1160 1161 1162 1163 1164 1165 1166 1167 1168 1169 1170 1171 1172 1173 1174 1175 1176 1177 1178 1179 1180 1181 3472 3643 3673 4143 4172 4203 4204 4205
40 139 324 380 888 1029 1182 1183 1184 1185 1186 1187 1188 1189 1190 1191 1192 1193 1194 1195 1196 1197 1198 1199 1200 1201 1202 1203 1204 1205 1206 1207 1208 3595 3780 3836 4164 4185 4206 4207 4208
40 50 210 386 744 1057 1209 1210 1211 1212 1213 1214 1215 1216 1217 1218 1219 1220 1221 1222 1223 1224 1225 1226 1227 1228 1229 1230 1231 1232 1233 1234 1235 3506 3666 3842 4140 4189 4209 4210 4211
40 21 216 330 686 916 1236 1237 1238 1239 1240 1241 1242 1243 1244 1245 1246 1247 1248 1249 1250 1251 1252 1253 1254 1255 1256 1257 1258 1259 1260 1261 1262 3477 3672 3786 4130 4168 4212 4213 4214
40 111 269 354 802 1112 1263 1264 1265 1266 1267 1268 1269 1270 1271 1272 1273 1274 1275 1276 1277 1278 1279 1280 1281 1282 1283 1284 1285 1286 1287 1288 1289 3567 3725 3810 4150 4196 4215 4216 4217
40 140 326 358 973 1140 1290 1291 1292 1293 1294 1295 1296 1297 1298 1299 1300 1301 1302 1303 1304 1305 1306 1307 1308 1309 1310 1311 1312 1313 1314 1315 1316 3596 3782 3814 4177 4200 4218 4219 4220
40 23 273 331 831 1001 1317 1318 1319 1320 1321 1322 1323 1324 1325 1326 1327 1328 1329 1330 1331 1332 1333 1334 1335 1336 1337 1338 1339 1340 1341 1342 1343 3479 3729 3787 4155 4181 4221 4222 4223
40 203 413 468 1105 1125 1161 1180 1344 1345 1346 1347 1348 1349 1350 1351 1352 1353 1354 1355 1356 1357 1358 1359 1360 1361 1362 1363 1364 1365 1366 1367 1368 3659 3869 3924 4224 4225 4226 4227 4228
40 233 417 651 1133 1151 1165 1176 1369 1370 1371 1372 1373 1374 1375 1376 1377 1378 1379 1380 1381 1382 1383 1384 1385 1386 1387 1388 1389 1390 1391 1392 1393 3689 3873 4107 4229 4230 4231 4232 4233
40 257 471 655 1109 1121 1137 1150 1394 1395 1396 1397 1398 1399 1400 1401 1402 1403 1404 1405 1406 1407 1408 1409 1410 1411 1412 1413 1414 1415 1416 1417 1418 3713 3927 4111 4234 4235 4236 4237 4238
40 231 392 652 869 1192 1208 1242 1260 1419 1420 1421 1422 1423 1424 1425 1426 1427 1428 1429 1430 1431 1432 1433 1434 1435 1436 1437 1438 1439 1440 1441 1442 3687 3848 4108 4161 4239 4240 4241 4242
40 261 582 654 880 902 909 925 1235 1443 1444 1445 1446 1447 1448 1449 1450 1451 1452 1453 1454 1455 1456 1457 1458 1459 1460 1461 1462 1463 1464 1465 1466 3717 4038 4110 4211 4243 4244 4245 4246
40 54 387 577 878 901 1190 1207 1467 1468 1469 1470 1471 1472 1473 1474 1475 1476 1477 1478 1479 1480 1481 1482 1483 1484 1485 1486 1487 1488 1489 1490 1491 3510 3843 4033 4247 4248 4249 4250 4251
40 201 308 469 926 1026 1043 1078 1098 1438 1492 1493 1494 1495 1496 1497 1498 1499 1500 1501 1502 1503 1504 1505 1506 1507 1508 1509 1510 1511 1512 1513 1514 3657 3764 3925 4170 4242 4252 4253 4254
40 255 470 635 852 871 884 900 1065 1515 1516 1517 1518 1519 1520 1521 1522 1523 1524 1525 1526 1527 1528 1529 1530 1531 1532 1533 1534 1535 1536 1537 1538 3711 3926 4091 4191 4255 4256 4257 4258
40 85 304 632 882 897 1024 1041 1481 1539 1540 1541 1542 1543 1544 1545 1546 1547 1548 1549 1550 1551 1552 1553 1554 1555 1556 1557 1558 1559 1560 1561 1562 3541 3760 4088 4249 4259 4260 4261 4262
40 40 164 574 783 962 984 1129 1153 1385 1563 1564 1565 1566 1567 1568 1569 1570 1571 1572 1573 1574 1575 1576 1577 1578 1579 1580 1581 1582 1583 1584 1585 3496 3620 4030 4147 4231 4263 4264 4265
40 259 581 634 796 812 825 841 968 983 996 1008 1107 1123 1135 1152 1586 1587 1588 1589 1590 1591 1592 1593 1594 1595 1596 1597 1598 1599 1600 1601 1602 3715 4037 4090 4266 4267 4268 4269 4270
40 71 167 627 791 813 958 1101 1126 1360 1603 1604 1605 1606 1607 1608 1609 1610 1611 1612 1613 1614 1615 1616 1617 1618 1619 1620 1621 1622 1623 1624 1625 3527 3623 4083 4174 4226 4271 4272 4273
40 34 134 383 810 1127 1154 1291 1314 1408 1626 1627 1628 1629 1630 1631 1632 1633 1634 1635 1636 1637 1638 1639 1640 1641 1642 1643 1644 1645 1646 1647 1648 3490 3590 3839 4152 4236 4274 4275 4276
40 226 334 390 763 781 821 837 1131 1149 1163 1178 1295 1311 1325 1335 1599 1649 1650 1651 1652 1653 1654 1655 1656 1657 1658 1659 1660 1661 1662 1663 1664 3682 3790 3846 4268 4277 4278 4279 4280
40 8 138 327 761 785 1157 1181 1285 1354 1621 1665 1666 1667 1668 1669 1670 1671 1672 1673 1674 1675 1676 1677 1678 1679 1680 1681 1682 1683 1684 1685 1686 3464 3594 3783 4217 4224 4273 4281 4282
40 198 279 410 1022 1042 1050 1070 1256 1462 1687 1688 1689 1690 1691 1692 1693 1694 1695 1696 1697 1698 1699 1700 1701 1702 1703 1704 1705 1706 1707 1708 1709 3654 3735 3866 4214 4246 4283 4284 4285
40 227 335 414 1092 1188 1206 1215 1232 1534 1710 1711 1712 1713 1714 1715 1716 1717 1718 1719 1720 1721 1722 1723 1724 1725 1726 1727 1728 1729 1730 1731 1732 3683 3791 3870 4194 4258 4286 4287 4288
40 22 275 333 1020 1038 1186 1202 1477 1549 1733 1734 1735 1736 1737 1738 1739 1740 1741 1742 1743 1744 1745 1746 1747 1748 1749 1750 1751 1752 1753 1754 1755 3478 3731 3789 4247 4259 4289 4290 4291
40 63 100 152 674 695 732 752 876 899 905 927 1018 1039 1046 1067 1459 1703 1756 1757 1758 1759 1760 1761 1762 1763 1764 1765 1766 1767 1768 1769 1770 3519 3556 3608 4243 4283 4292 4293 4294
40 32 129 158 703 721 730 750 848 867 874 896 1184 1203 1211 1230 1527 1726 1771 1772 1773 1774 1775 1776 1777 1778 1779 1780 1781 1782 1783 1784 1785 3488 3585 3614 4255 4286 4295 4296 4297
40 0 96 124 673 693 702 724 1016 1040 1074 1095 1182 1205 1238 1257 1431 1504 1786 1787 1788 1789 1790 1791 1792 1793 1794 1795 1796 1797 1798 1799 1800 3456 3552 3580 4239 4252 4298 4299 4300
40 65 103 298 981 1099 1124 1263 1286 1404 1644 1801 1802 1803 1804 1805 1806 1807 1808 1809 1810 1811 1812 1813 1814 1815 1816 1817 1818 1819 1820 1821 1822 3521 3559 3754 4179 4234 4276 4301 4302
40 196 277 306 935 954 992 1009 1103 1120 1159 1175 1267 1283 1321 1337 1595 1658 1823 1824 1825 1826 1827 1828 1829 1830 1831 1832 1833 1834 1835 1836 1837 3652 3733 3762 4267 4278 4303 4304 4305
40 2 107 270 931 953 1155 1179 1310 1379 1581 1838 1839 1840 1841 1842 1843 1844 1845 1846 1847 1848 1849 1850 1851 1852 1853 1854 1855 1856 1857 1858 1859 3458 3563 3726 4220 4229 4265 4306 4307
40 290 420 437 1023 1033 1082 1086 1505 1719 1725 1738 1747 1860 1861 1862 1863 1864 1865 1866 1867 1868 1869 1870 1871 1872 1873 1874 1875 1876 1877 1878 1879 3746 3876 3893 4253 4308 4309 4310 4311
40 312 443 475 1027 1032 1054 1059 1521 1532 1544 1550 1704 1880 1881 1882 1883 1884 1885 1886 1887 1888 1889 1890 1891 1892 1893 1894 1895 1896 1897 1898 1899 3768 3899 3931 4284 4312 4313 4314 4315
40 202 412 466 1051 1063 1079 1090 1520 1531 1718 1724 1900 1901 1902 1903 1904 1905 1906 1907 1908 1909 1910 1911 1912 1913 1914 1915 1916 1917 1918 1919 1920 3658 3868 3922 4316 4317 4318 4319 4320
40 288 364 439 947 1301 1308 1323 1334 1826 1833 1846 1849 1921 1922 1923 1924 1925 1926 1927 1928 1929 1930 1931 1932 1933 1934 1935 1936 1937 1938 1939 1940 3744 3820 3895 4173 4321 4322 4323 4324
40 313 442 529 966 980 994 1002 1282 1809 1811 1828 1831 1941 1942 1943 1944 1945 1946 1947 1948 1949 1950 1951 1952 1953 1954 1955 1956 1957 1958 1959 1960 3769 3898 3985 4216 4325 4326 4327 4328
40 115 355 518 964 979 1299 1307 1803 1817 1840 1854 1961 1962 1963 1964 1965 1966 1967 1968 1969 1970 1971 1972 1973 1974 1975 1976 1977 1978 1979 1980 1981 3571 3811 3974 4329 4330 4331 4332 4333
40 195 250 465 1004 1138 1147 1162 1174 1382 1587 1596 1824 1836 1937 1982 1983 1984 1985 1986 1987 1988 1989 1990 1991 1992 1993 1994 1995 1996 1997 1998 1999 3651 3706 3921 4182 4230 4323 4334 4335
40 316 474 639 937 948 969 978 1113 1351 1359 1397 1407 1590 1594 1609 1614 1807 1815 1827 1834 2000 2001 2002 2003 2004 2005 2006 2007 2008 2009 2010 2011 3772 3930 4095 4197 4336 4337 4338 4339
40 83 246 631 967 975 1136 1145 1395 1409 1579 1806 1818 1972 2012 2013 2014 2015 2016 2017 2018 2019 2020 2021 2022 2023 2024 2025 2026 2027 2028 2029 2030 3539 3702 4087 4263 4331 4340 4341 4342
40 101 153 523 718 877 892 1019 1035 1552 1774 1783 1787 1798 1871 2031 2032 2033 2034 2035 2036 2037 2038 2039 2040 2041 2042 2043 2044 2045 2046 2047 2048 3557 3609 3979 4136 4260 4309 4343 4344
40 318 528 638 680 691 735 747 883 891 911 918 1025 1034 1052 1061 1496 1506 1523 1530 1762 2049 2050 2051 2052 2053 2054 2055 2056 2057 2058 2059 2060 3774 3984 4094 4292 4345 4346 4347 4348
40 69 166 624 733 748 866 1047 1064 1522 1526 1773 1781 1912 2061 2062 2063 2064 2065 2066 2067 2068 2069 2070 2071 2072 2073 2074 2075 2076 2077 2078 2079 3525 3622 4080 4160 4318 4349 4350 4351
40 93 125 154 759 774 788 803 933 945 959 974 1265 1277 1292 1304 1563 1575 1603 1615 1626 1636 1665 1677 1801 1812 1838 1848 2004 2080 2081 2082 2083 3549 3581 3610 4336 4352 4353 4354 4355
40 39 70 163 790 805 819 835 961 977 990 1005 1102 1115 1130 1143 1592 1629 1640 1804 1816 1953 2084 2085 2086 2087 2088 2089 2090 2091 2092 2093 2094 3495 3526 3619 4266 4325 4356 4357 4358
40 7 35 135 762 777 818 832 1128 1144 1158 1169 1290 1305 1319 1331 1566 1573 1655 1841 1853 1933 1991 2095 2096 2097 2098 2099 2100 2101 2102 2103 2104 3463 3491 3591 4277 4321 4334 4359 4360
40 42 73 241 889 1044 1062 1210 1225 1445 1455 1469 1482 1517 1529 1541 1553 1761 1764 1776 1779 1888 2105 2106 2107 2108 2109 2110 2111 2112 2113 2114 2115 3498 3529 3697 4165 4312 4361 4362 4363
40 190 220 249 850 862 907 919 1048 1058 1076 1085 1214 1222 1240 1251 1419 1429 1443 1453 1493 1502 1515 1525 1688 1698 1711 1721 2054 2116 2117 2118 2119 3646 3676 3705 4345 4364 4365 4366 4367
40 10 46 211 847 860 1072 1089 1195 1421 1434 1468 1479 1710 1722 1735 1744 1775 1780 1791 1793 1868 2045 2120 2121 2122 2123 2124 2125 2126 2127 2128 2129 3466 3502 3667 4207 4308 4344 4368 4369
40 95 123 352 745 1017 1036 1183 1199 1743 1757 1767 1772 1782 1890 2112 2130 2131 2132 2133 2134 2135 2136 2137 2138 2139 2140 2141 2142 2143 2144 2145 2146 3551 3579 3808 4141 4289 4313 4363 4370
40 283 338 362 676 687 705 716 1021 1031 1080 1088 1187 1196 1244 1249 1691 1700 1714 1723 1792 2057 2117 2147 2148 2149 2150 2151 2152 2153 2154 2155 2156 3739 3794 3818 4298 4346 4365 4371 4372
40 6 137 325 701 719 1075 1091 1224 1713 1720 1771 1778 1908 2075 2157 2158 2159 2160 2161 2162 2163 2164 2165 2166 2167 2168 2169 2170 2171 2172 2173 2174 3462 3593 3781 4210 4316 4351 4373 4374
40 284 339 418 1168 1269 1279 1296 1306 1347 1355 1372 1380 1651 1659 1671 1675 1825 1830 1844 1852 2009 2081 2175 2176 2177 2178 2179 2180 2181 2182 2183 2184 3740 3795 3874 4204 4338 4353 4375 4376
40 192 222 408 1106 1118 1134 1146 1330 1405 1649 1657 1823 1835 1957 2089 2185 2186 2187 2188 2189 2190 2191 2192 2193 2194 2195 2196 2197 2198 2199 2200 2201 3648 3678 3864 4222 4235 4327 4356 4377
40 20 218 332 1132 1142 1294 1303 1369 1383 1639 1843 1855 1969 2020 2202 2203 2204 2205 2206 2207 2208 2209 2210 2211 2212 2213 2214 2215 2216 2217 2218 2219 3476 3674 3788 4275 4329 4340 4378 4379
40 347 423 494 1297 1313 1327 1338 1934 2192 2196 2208 2210 2220 2221 2222 2223 2224 2225 2226 2227 2228 2229 2230 2231 2232 2233 2234 2235 2236 2237 2238 2239 3803 3879 3950 4322 4380 4381 4382 4383
40 370 447 498 1273 1284 1300 1315 1411 1638 1813 1944 1952 1963 1970 2179 2240 2241 2242 2243 2244 2245 2246 2247 2248 2249 2250 2251 2252 2253 2254 2255 2256 3826 3903 3954 4237 4274 4301 4375 4384
40 289 421 440 1270 1289 1324 1340 1945 1951 2191 2195 2257 2258 2259 2260 2261 2262 2263 2264 2265 2266 2267 2268 2269 2270 2271 2272 2273 2274 2275 2276 2277 3745 3877 3896 4385 4386 4387 4388 4389
40 345 394 493 727 1220 1234 1246 1258 2148 2152 2163 2167 2278 2279 2280 2281 2282 2283 2284 2285 2286 2287 2288 2289 2290 2291 2292 2293 2294 2295 2296 2297 3801 3850 3949 4137 4390 4391 4392 4393
40 372 497 556 678 692 740 755 1204 1461 1705 1769 2134 2138 2149 2153 2298 2299 2300 2301 2302 2303 2304 2305 2306 2307 2308 2309 2310 2311 2312 2313 2314 3828 3953 4012 4208 4245 4285 4293 4394
40 145 382 545 739 754 1218 1233 2133 2142 2158 2169 2315 2316 2317 2318 2319 2320 2321 2322 2323 2324 2325 2326 2327 2328 2329 2330 2331 2332 2333 2334 2335 3601 3838 4001 4395 4396 4397 4398 4399
40 282 311 441 694 1055 1071 1083 1097 1910 2049 2053 2147 2151 2294 2336 2337 2338 2339 2340 2341 2342 2343 2344 2345 2346 2347 2348 2349 2350 2351 2352 2353 3738 3767 3897 4132 4317 4392 4400 4401
40 368 446 533 707 723 736 753 1037 1533 1728 1784 1866 1870 1883 1891 2036 2039 2051 2056 2135 2140 2150 2155 2354 2355 2356 2357 2358 2359 2360 2361 2362 3824 3902 3989 4187 4257 4288 4296 4402
40 113 300 520 734 751 1053 1069 1880 1889 2073 2131 2141 2326 2363 2364 2365 2366 2367 2368 2369 2370 2371 2372 2373 2374 2375 2376 2377 2378 2379 2380 2381 3569 3756 3976 4349 4397 4403 4404 4405
40 131 160 548 839 960 982 1293 1312 1971 2085 2092 2096 2102 2231 2382 2383 2384 2385 2386 2387 2388 2389 2390 2391 2392 2393 2394 2395 2396 2397 2398 2399 3587 3616 4004 4157 4330 4381 4406 4407
40 374 532 555 767 784 792 814 939 952 963 986 1271 1287 1298 1316 1601 1662 1832 1922 1930 1946 1950 2080 2400 2401 2402 2403 2404 2405 2406 2407 2408 3830 3988 4011 4269 4279 4304 4352 4408
40 99 155 522 789 811 1013 1266 1288 1947 1949 2084 2091 2266 2409 2410 2411 2412 2413 2414 2415 2416 2417 2418 2419 2420 2421 2422 2423 2424 2425 2426 2427 3555 3611 3978 4183 4385 4409 4410 4411
40 11 43 74 846 870 903 924 1045 1068 1073 1094 1209 1231 1236 1259 2064 2069 2116 2159 2165 2287 2345 2428 2429 2430 2431 2432 2433 2434 2435 2436 2437 3467 3499 3530 4364 4390 4400 4412 4413
40 12 47 214 817 840 1122 1320 1339 2086 2088 2187 2193 2268 2423 2438 2439 2440 2441 2442 2443 2444 2445 2446 2447 2448 2449 2450 2451 2452 2453 2454 2455 3468 3503 3670 4198 4387 4411 4414 4415
40 15 78 184 988 1007 1148 1317 1336 1982 1992 2012 2021 2087 2090 2098 2100 2185 2194 2202 2211 2228 2396 2456 2457 2458 2459 2460 2461 2462 2463 2464 2465 3471 3534 3640 4202 4380 4407 4416 4417
40 19 189 219 1049 1066 1213 1229 1900 1911 2110 2161 2168 2323 2371 2466 2467 2468 2469 2470 2471 2472 2473 2474 2475 2476 2477 2478 2479 2480 2481 2482 2483 3475 3645 3675 4362 4395 4403 4418 4419
40 346 422 492 1189 1198 1247 1252 1432 1696 1702 1741 1745 2301 2308 2484 2485 2486 2487 2488 2489 2490 2491 2492 2493 2494 2495 2496 2497 2498 2499 2500 2501 3802 3878 3948 4240 4420 4421 4422 4423
40 396 502 659 1193 1200 1219 1223 1452 1458 1472 1478 1727 1897 2109 2139 2302 2309 2317 2324 2502 2503 2504 2505 2506 2507 2508 2509 2510 2511 2512 2513 2514 3852 3958 4115 4287 4315 4361 4370 4424
40 232 416 648 1216 1228 1243 1254 1451 1457 1695 1701 2288 2472 2474 2515 2516 2517 2518 2519 2520 2521 2522 2523 2524 2525 2526 2527 2528 2529 2530 2531 2532 3688 3872 4104 4391 4425 4426 4427 4428
40 343 367 496 776 1274 1281 1328 1332 1652 1656 1673 1678 2267 2400 2404 2533 2534 2535 2536 2537 2538 2539 2540 2541 2542 2543 2544 2545 2546 2547 2548 2549 3799 3823 3952 4146 4386 4429 4430 4431
40 397 501 560 795 808 823 833 1309 1634 1637 1654 1661 1958 2093 2198 2225 2230 2245 2249 2387 2390 2402 2406 2550 2551 2552 2553 2554 2555 2556 2557 2558 3853 3957 4016 4219 4328 4357 4377 4432
40 143 360 547 793 807 1272 1280 1628 1642 1667 1680 2240 2248 2418 2559 2560 2561 2562 2563 2564 2565 2566 2567 2568 2569 2570 2571 2572 2573 2574 2575 2576 3599 3816 4003 4409 4433 4434 4435 4436
40 225 253 653 834 1110 1119 1166 1173 1357 1586 1593 1650 1660 2444 2448 2546 2577 2578 2579 2580 2581 2582 2583 2584 2585 2586 2587 2588 2589 2590 2591 2592 3681 3709 4109 4156 4225 4430 4437 4438
40 402 586 658 765 778 798 806 1141 1376 1384 1401 1410 1569 1574 1588 1598 1632 1641 1653 1663 2011 2082 2183 2593 2594 2595 2596 2597 2598 2599 2600 2601 3858 4042 4114 4201 4339 4354 4376 4439
40 52 240 579 797 804 1108 1117 1394 1406 1619 1631 1643 2439 2450 2567 2602 2603 2604 2605 2606 2607 2608 2609 2610 2611 2612 2613 2614 2615 2616 2617 2618 3508 3696 4035 4271 4434 4440 4441 4442
40 130 159 549 689 875 890 1185 1197 1480 1759 1768 1789 1797 2303 2306 2493 2619 2620 2621 2622 2623 2624 2625 2626 2627 2628 2629 2630 2631 2632 2633 2634 3586 3615 4005 4131 4248 4421 4443 4444
40 400 559 585 709 720 738 749 854 861 879 894 1191 1201 1217 1226 1423 1433 1447 1456 1777 2059 2118 2154 2279 2289 2304 2307 2635 2636 2637 2638 2639 3856 4015 4041 4295 4347 4366 4371 4445
40 38 162 571 731 746 923 1212 1227 1446 1454 1758 1766 2325 2429 2435 2524 2640 2641 2642 2643 2644 2645 2646 2647 2648 2649 2650 2651 2652 2653 2654 2655 3494 3618 4027 4169 4396 4426 4446 4447
40 14 77 181 904 917 1030 1237 1250 1492 1507 1540 1551 1687 1699 1733 1746 1760 1765 1790 1796 2491 2631 2656 2657 2658 2659 2660 2661 2662 2663 2664 2665 3470 3533 3637 4186 4420 4444 4448 4449
40 17 188 276 1104 1114 1268 1276 1344 1358 1670 1679 1814 2257 2265 2442 2449 2566 2609 2666 2667 2668 2669 2670 2671 2672 2673 2674 2675 2676 2677 2678 2679 3473 3644 3732 4302 4433 4440 4450 4451
40 3 66 104 932 949 989 1003 1100 1116 1156 1172 1264 1278 1318 1333 1606 1613 1668 1676 1829 2410 2417 2440 2446 2540 2585 2680 2681 2682 2683 2684 2685 3459 3522 3560 4303 4429 4437 4452 4453
40 1 108 268 672 690 1060 1239 1253 1690 1697 1756 1763 2336 2346 2363 2372 2431 2434 2466 2475 2522 2652 2686 2687 2688 2689 2690 2691 2692 2693 2694 2695 3457 3564 3724 4190 4425 4447 4454 4455
40 342 366 491 1715 1729 1742 1750 1876 2137 2146 2164 2171 2329 2354 2359 2504 2510 2696 2697 2698 2699 2700 2701 2702 2703 2704 2705 2706 2707 2708 2709 2710 3798 3822 3947 4310 4398 4456 4457 4458
40 424 451 505 743 1056 1221 1693 1706 1716 1731 1881 1895 1902 1913 2156 2283 2293 2300 2312 2341 2349 2356 2361 2502 2511 2516 2525 2711 2712 2713 2714 2715 3880 3907 3961 4139 4188 4209 4372 4459
40 287 363 436 1692 1708 1739 1752 1884 1894 2136 2145 2298 2311 2375 2495 2689 2692 2716 2717 2718 2719 2720 2721 2722 2723 2724 2725 2726 2727 2728 2729 2730 3743 3819 3892 4404 4422 4460 4461 4462
40 344 395 495 1391 1635 1648 1674 1683 2176 2181 2209 2214 2246 2252 2570 2593 2598 2731 2732 2733 2734 2735 2736 2737 2738 2739 2740 2741 2742 2743 2744 2745 3800 3851 3951 4233 4435 4463 4464 4465
40 430 506 663 801 1111 1275 1346 1362 1400 1415 1664 2177 2182 2189 2197 2244 2253 2259 2270 2536 2545 2552 2556 2581 2588 2596 2600 2746 2747 2748 2749 2750 3886 3962 4119 4149 4195 4215 4280 4466
40 230 393 650 1402 1414 1633 1647 2188 2201 2206 2216 2233 2445 2452 2550 2555 2612 2751 2752 2753 2754 2755 2756 2757 2758 2759 2760 2761 2762 2763 2764 2765 3686 3849 4106 4382 4441 4467 4468 4469
40 224 254 649 1486 1516 1535 1712 1730 1914 2108 2115 2123 2129 2473 2478 2506 2508 2704 2766 2767 2768 2769 2770 2771 2772 2773 2774 2775 2776 2777 2778 2779 3680 3710 4105 4251 4319 4457 4470 4471
40 428 478 662 887 1028 1194 1426 1440 1450 1464 1499 1511 1519 1537 1694 1707 1717 1732 1861 1873 1885 1893 2119 2485 2494 2505 2509 2780 2781 2782 2783 2784 3884 3934 4118 4163 4184 4206 4367 4472
40 194 251 467 1444 1463 1560 1689 1709 1886 1892 2107 2114 2470 2480 2526 2659 2662 2722 2785 2786 2787 2788 2789 2790 2791 2792 2793 2794 2795 2796 2797 2798 3650 3707 3923 4262 4427 4460 4473 4474
40 281 310 438 1363 1810 1822 1847 1859 1975 2000 2006 2175 2180 2242 2250 2671 2674 2742 2799 2800 2801 2802 2803 2804 2805 2806 2807 2808 2809 2810 2811 2812 3737 3766 3894 4228 4332 4464 4475 4476
40 425 450 479 972 1139 1302 1371 1388 1396 1413 1837 1926 1936 1943 1956 1987 1995 2002 2008 2178 2184 2190 2199 2221 2232 2241 2251 2813 2814 2815 2816 2817 3881 3906 3935 4176 4199 4218 4305 4477
40 200 307 464 1398 1412 1808 1821 1941 1955 2027 2186 2200 2271 2459 2462 2669 2676 2759 2818 2819 2820 2821 2822 2823 2824 2825 2826 2827 2828 2829 2830 2831 3656 3763 3920 4341 4388 4468 4478 4479
40 9 36 136 1467 1487 1736 1751 1770 2105 2111 2132 2143 2315 2328 2468 2479 2619 2632 2642 2651 2657 2665 2687 2693 2724 2795 2832 2833 2834 2835 2836 2837 3465 3492 3592 4294 4461 4474 4480 4481
40 13 45 76 1567 1583 1607 1622 1630 1646 1669 1684 1805 1820 1842 1858 2013 2023 2083 2203 2212 2602 2611 2666 2672 2738 2806 2838 2839 2840 2841 2842 2843 3469 3501 3532 4355 4463 4475 4482 4483
40 4 67 106 1539 1556 1734 1749 1785 2031 2046 2063 2076 2106 2113 2121 2128 2130 2144 2160 2172 2364 2374 2467 2476 2702 2777 2844 2845 2846 2847 2848 2849 3460 3523 3562 4297 4456 4471 4484 4485
40 5 97 127 1627 1645 1802 1819 1961 1976 2094 2204 2215 2382 2397 2409 2424 2441 2453 2457 2465 2559 2571 2667 2675 2757 2824 2850 2851 2852 2853 2854 2855 3461 3553 3583 4358 4467 4478 4486 4487
40 457 509 599 1484 1555 1748 1865 1878 1882 1899 2489 2500 2503 2514 2699 2706 2719 2725 2784 2856 2857 2858 2859 2860 2861 2862 2863 2864 2865 2866 2867 2868 3913 3965 4055 4250 4261 4290 4472 4488
40 487 604 666 1887 1898 1907 1919 2331 2379 2481 2507 2513 2520 2531 2713 2770 2778 2788 2796 2869 2870 2871 2872 2873 2874 2875 2876 2877 2878 2879 2880 2881 3943 4060 4122 4399 4405 4419 4459 4489
40 431 507 664 1863 1879 1904 1920 2701 2707 2771 2779 2882 2883 2884 2885 2886 2887 2888 2889 2890 2891 2892 2893 2894 2895 2896 2897 2898 2899 2900 2901 2902 3887 3963 4120 4490 4491 4492 4493 4494
40 459 537 603 941 955 965 987 1386 1580 1850 1927 1931 1966 1973 2005 2802 2809 2813 2817 2903 2904 2905 2906 2907 2908 2909 2910 2911 2912 2913 2914 2915 3915 3993 4059 4232 4264 4306 4337 4495
40 486 605 643 970 985 998 1010 1954 1989 1993 2018 2022 2237 2394 2461 2814 2816 2821 2826 2916 2917 2918 2919 2920 2921 2922 2923 2924 2925 2926 2927 2928 3942 4061 4099 4326 4383 4406 4417 4496
40 319 531 641 1967 1981 2017 2030 2801 2811 2820 2828 2929 2930 2931 2932 2933 2934 2935 2936 2937 2938 2939 2940 2941 2942 2943 2944 2945 2946 2947 2948 2949 3775 3987 4097 4497 4498 4499 4500 4501
40 82 185 248 851 868 1077 1096 1901 1909 2065 2071 2124 2767 2776 2845 2849 2894 2950 2951 2952 2953 2954 2955 2956 2957 2958 2959 2960 2961 2962 2963 2964 3538 3641 3704 4368 4492 4502 4503 4504
40 193 223 252 2015 2029 2205 2219 2604 2617 2668 2679 2751 2760 2818 2827 2843 2937 2965 2966 2967 2968 2969 2970 2971 2972 2973 2974 2975 2976 2977 2978 2979 3649 3679 3708 4483 4497 4505 4506 4507
40 286 341 365 1964 1980 2207 2218 2561 2575 2670 2678 2731 2741 2799 2810 2852 2940 2971 2980 2981 2982 2983 2984 2985 2986 2987 2988 2989 2990 2991 2992 2993 3742 3797 3821 4486 4499 4505 4508 4509
40 110 271 357 706 722 1081 1093 1860 1869 2032 2041 2166 2697 2705 2844 2848 2892 2956 2994 2995 2996 2997 2998 2999 3000 3001 3002 3003 3004 3005 3006 3007 3566 3727 3813 4373 4491 4502 4510 4511
40 455 482 601 1353 1367 1399 1417 2243 2255 2264 2276 2574 2616 2677 2748 2803 2807 2822 2825 2943 3008 3009 3010 3011 3012 3013 3014 3015 3016 3017 3018 3019 3911 3938 4057 4436 4442 4451 4466 4500
40 514 608 668 1378 1392 1403 1418 1977 2028 2217 2226 2238 2247 2256 2735 2739 2754 2758 2815 2908 2915 2919 2928 3020 3021 3022 3023 3024 3025 3026 3027 3028 3970 4064 4124 4333 4342 4379 4477 4512
40 429 480 665 2223 2239 2261 2277 2756 2762 2823 2831 2916 2927 2977 3029 3030 3031 3032 3033 3034 3035 3036 3037 3038 3039 3040 3041 3042 3043 3044 3045 3046 3885 3936 4121 4507 4513 4514 4515 4516
40 458 536 598 683 697 737 757 2310 2343 2347 2369 2373 2530 2650 2691 2711 2714 2720 2726 2871 2880 3047 3048 3049 3050 3051 3052 3053 3054 3055 3056 3057 3914 3992 4054 4394 4428 4446 4455 4517
40 511 563 609 712 728 741 758 1916 2074 2170 2284 2290 2320 2327 2358 2700 2708 2712 2715 2870 2881 2884 2897 3058 3059 3060 3061 3062 3063 3064 3065 3066 3967 4019 4065 4320 4350 4374 4402 4518
40 375 535 557 2321 2335 2368 2381 2698 2709 2718 2727 2866 2999 3007 3067 3068 3069 3070 3071 3072 3073 3074 3075 3076 3077 3078 3079 3080 3081 3082 3083 3084 3831 3991 4013 4488 4519 4520 4521 4522
40 141 328 385 822 842 1326 1343 2220 2229 2383 2392 2447 2752 2761 2851 2854 2983 2993 3037 3085 3086 3087 3088 3089 3090 3091 3092 3093 3094 3095 3096 3097 3597 3784 3841 4414 4513 4523 4524 4525
40 229 337 391 1471 1490 1740 1755 2318 2334 2471 2482 2696 2703 2766 2773 2834 2895 3078 3098 3099 3100 3101 3102 3103 3104 3105 3106 3107 3108 3109 3110 3111 3685 3793 3847 4480 4493 4521 4526 4527
40 199 280 309 1543 1561 1737 1754 2366 2380 2469 2483 2716 2723 2785 2792 2846 2952 2964 2996 3006 3075 3105 3112 3113 3114 3115 3116 3117 3118 3119 3120 3121 3655 3736 3765 4484 4519 4526 4528 4529
40 112 272 301 993 1014 1322 1342 2258 2269 2411 2420 2460 2819 2830 2850 2855 2930 2944 2981 2992 3040 3090 3122 3123 3124 3125 3126 3127 3128 3129 3130 3131 3568 3728 3757 4416 4515 4523 4530 4531
40 538 566 613 1948 1959 1968 1978 2254 2389 2398 2416 2425 2553 2557 2565 2572 2765 2829 2853 2920 2926 2931 2941 3013 3017 3022 3027 3132 3133 3134 3135 3136 3994 4022 4069 4384 4469 4479 4487 4532
40 456 510 600 830 1000 1329 1925 1939 1942 1960 2224 2235 2262 2272 2408 2537 2547 2551 2558 2917 2925 3038 3137 3138 3139 3140 3141 3142 3143 3144 3145 3146 3912 3966 4056 4154 4180 4221 4408 4514
40 373 500 558 1924 1940 1965 1979 2227 2236 2388 2399 2911 2985 2987 3020 3026 3094 3147 3148 3149 3150 3151 3152 3153 3154 3155 3156 3157 3158 3159 3160 3161 3829 3956 4014 4495 4525 4533 4534 4535
40 541 612 645 1524 1536 1548 1557 1896 2038 2047 2068 2077 2357 2360 2370 2376 2710 2775 2847 2859 2863 2872 2876 3061 3066 3068 3074 3162 3163 3164 3165 3166 3997 4068 4101 4314 4458 4470 4485 4536
40 454 483 602 714 858 1084 1498 1512 1518 1538 1864 1874 1905 1915 2060 2340 2350 2355 2362 2891 3059 3065 3167 3168 3169 3170 3171 3172 3173 3174 3175 3176 3910 3939 4058 4134 4158 4192 4348 4490
40 317 476 640 1906 1918 2066 2079 2339 2352 2367 2378 2869 2875 2962 3054 3115 3120 3177 3178 3179 3180 3181 3182 3183 3184 3185 3186 3187 3188 3189 3190 3191 3773 3932 4096 4504 4517 4537 4538 4539
40 98 128 157 2061 2078 2157 2173 2316 2330 2365 2377 2437 2640 2654 2686 2695 2995 3005 3076 3184 3192 3193 3194 3195 3196 3197 3198 3199 3200 3201 3202 3203 3554 3584 3613 4413 4520 4537 4540 4541
40 68 102 156 1564 1582 1839 1856 1962 1974 2014 2025 2104 2384 2395 2456 2464 2938 3123 3130 3155 3204 3205 3206 3207 3208 3209 3210 3211 3212 3213 3214 3215 3524 3558 3612 4360 4498 4534 4542 4543
40 197 278 409 1373 1387 1845 1857 1921 1935 1983 1997 2213 2222 2234 2458 2463 2965 2972 2980 2986 3030 3036 3124 3129 3153 3210 3216 3217 3218 3219 3220 3221 3653 3734 3865 4378 4533 4542 4544 4545
40 285 340 419 1903 1917 2162 2174 2278 2292 2337 2351 2477 2517 2528 2688 2694 2883 2893 2997 3004 3100 3108 3113 3119 3185 3197 3222 3223 3224 3225 3226 3227 3741 3796 3875 4418 4538 4540 4546 4547
40 567 590 617 1448 1465 1476 1488 2305 2313 2322 2332 2512 2625 2633 2646 2653 2728 2794 2835 2861 2865 2873 2878 3051 3055 3071 3077 3228 3229 3230 3231 3232 4023 4046 4073 4424 4462 4473 4481 4548
40 513 610 669 685 915 1248 1425 1441 1449 1466 2282 2296 2299 2314 2488 2497 2519 2527 2639 3049 3056 3233 3234 3235 3236 3237 3238 3239 3240 3241 3242 3243 3969 4066 4125 4129 4167 4212 4445 4549
40 403 587 660 2281 2297 2319 2333 2521 2529 2645 2655 2874 2877 2889 2899 3064 3103 3109 3189 3201 3225 3244 3245 3246 3247 3248 3249 3250 3251 3252 3253 3254 3859 4043 4116 4518 4539 4541 4547 4550
40 371 448 534 2263 2275 2414 2427 2535 2548 2562 2573 2932 2946 2984 2990 3008 3016 3131 3255 3256 3257 3258 3259 3260 3261 3262 3263 3264 3265 3266 3267 3268 3827 3904 3990 4531 4551 4552 4553 4554
40 37 132 161 1604 1624 1666 1685 2412 2426 2438 2455 2560 2569 2603 2614 2685 3086 3096 3260 3269 3270 3271 3272 3273 3274 3275 3276 3277 3278 3279 3280 3281 3493 3588 3617 4453 4551 4555 4556 4557
40 228 336 415 1348 1365 1672 1686 2260 2274 2443 2454 2533 2544 2577 2590 2673 2967 2974 2982 2988 3029 3039 3087 3095 3262 3274 3282 3283 3284 3285 3286 3287 3684 3792 3871 4450 4552 4555 4558 4559
40 512 564 611 769 786 794 816 1361 1620 1682 2538 2542 2563 2568 2597 2734 2743 2746 2750 3010 3019 3264 3288 3289 3290 3291 3292 3293 3294 3295 3296 3297 3968 4020 4067 4227 4272 4282 4439 4553
40 593 620 671 799 815 828 844 2273 2422 2451 2554 2582 2586 2606 2610 2747 2749 2755 2763 3011 3018 3033 3041 3133 3136 3141 3146 3298 3299 3300 3301 3302 4049 4076 4127 4389 4410 4415 4432 4560
40 398 504 661 766 787 824 845 2539 2543 2583 2587 3034 3046 3089 3093 3138 3145 3149 3160 3287 3303 3304 3305 3306 3307 3308 3309 3310 3311 3312 3313 3314 3854 3960 4117 4559 4561 4562 4563 4564
40 539 565 614 682 696 711 725 898 1437 1510 1799 2035 2040 2050 2058 2623 2626 2635 2638 3171 3175 3236 3243 3315 3316 3317 3318 3319 3320 3321 3322 3323 3995 4021 4070 4166 4241 4254 4299 4565
40 592 621 647 756 857 872 913 928 2052 2055 2067 2070 2295 2353 2436 2636 2637 2644 2647 3050 3053 3060 3063 3170 3174 3180 3183 3234 3242 3245 3251 3324 4048 4077 4103 4142 4393 4401 4412 4566
40 171 527 629 681 700 912 930 2622 2628 2641 2649 3048 3052 3070 3084 3182 3191 3196 3202 3232 3325 3326 3327 3328 3329 3330 3331 3332 3333 3334 3335 3336 3627 3983 4085 4548 4567 4568 4569 4570
40 44 75 243 820 838 991 1011 1177 1984 1990 2097 2101 2578 2584 2681 2684 3208 3214 3273 3280 3310 3337 3338 3339 3340 3341 3342 3343 3344 3345 3346 3347 3500 3531 3699 4205 4563 4571 4572 4573
40 51 215 244 908 929 1241 1262 2515 2523 2643 2648 2660 2786 2797 2833 2837 3099 3111 3250 3331 3348 3349 3350 3351 3352 3353 3354 3355 3356 3357 3358 3359 3507 3671 3700 4448 4550 4568 4574 4575
40 142 329 361 677 699 1245 1261 2484 2492 2620 2627 2690 2717 2729 2832 2836 3067 3079 3101 3110 3193 3203 3222 3226 3332 3353 3360 3361 3362 3363 3364 3365 3598 3785 3817 4454 4569 4574 4576 4577
40 94 126 356 760 782 934 956 1341 1923 1929 2095 2099 2534 2541 2680 2682 3085 3091 3122 3126 3147 3154 3204 3213 3255 3263 3269 3279 3307 3346 3366 3367 3550 3582 3812 4223 4561 4573 4578 4579
40 369 449 499 679 698 708 729 2285 2291 2342 2348 2885 2901 2998 3002 3167 3176 3224 3233 3240 3319 3361 3363 3368 3369 3370 3371 3372 3373 3374 3375 3376 3825 3905 3955 4546 4565 4580 4581 4582
40 540 615 644 809 942 950 999 1006 1591 1597 1611 1616 2401 2405 2415 2419 2549 2592 2683 3139 3144 3258 3261 3291 3294 3299 3301 3377 3378 3379 3380 3381 3996 4071 4100 4151 4431 4438 4452 4583
40 568 589 616 770 779 827 836 976 1571 1576 1589 1600 1938 1999 2103 2386 2391 2403 2407 2906 2910 2918 2923 3140 3143 3150 3156 3308 3382 3383 3384 3385 4024 4045 4072 4178 4324 4335 4359 4562
40 175 576 628 826 843 997 1015 2385 2393 2413 2421 2921 2922 2936 2948 3044 3092 3127 3134 3205 3215 3270 3278 3298 3300 3343 3386 3387 3388 3389 3390 3391 3631 4032 4084 4516 4524 4530 4532 4571
40 33 133 381 704 717 849 864 1255 1422 1430 1788 1795 2280 2286 2428 2433 3194 3200 3244 3249 3348 3354 3360 3362 3371 3392 3393 3394 3395 3396 3397 3398 3489 3589 3837 4213 4580 4584 4585 4586
40 64 105 297 675 688 906 921 1087 1495 1503 1786 1794 2338 2344 2430 2432 2950 2957 2994 3000 3177 3186 3192 3199 3329 3372 3396 3399 3400 3401 3402 3403 3520 3561 3753 4193 4567 4581 4586 4587
40 173 553 575 710 726 855 873 2034 2042 2062 2072 2898 2958 3001 3058 3062 3072 3083 3166 3195 3198 3246 3254 3394 3404 3405 3406 3407 3408 3409 3410 3411 3629 4009 4031 4494 4503 4510 4536 4584
40 401 562 588 2564 2576 2607 2618 2733 2744 2753 2764 2945 2975 2989 3028 3088 3097 3132 3135 3151 3159 3281 3386 3391 3412 3413 3414 3415 3416 3417 3418 3419 3857 4018 4044 4501 4506 4508 4512 4557
40 314 445 477 938 957 995 1012 1928 1932 1988 1994 3031 3045 3125 3128 3137 3142 3221 3257 3268 3312 3344 3366 3379 3420 3421 3422 3423 3424 3425 3426 3427 3770 3901 3933 4545 4564 4572 4578 4583
40 427 453 481 2487 2501 2518 2532 2721 2730 2790 2798 3047 3057 3121 3178 3190 3223 3227 3241 3334 3358 3365 3368 3376 3428 3429 3430 3431 3432 3433 3434 3435 3883 3909 3937 4529 4549 4570 4575 4577
40 315 444 530 1497 1514 1545 1559 1867 1875 2037 2048 2856 2862 3003 3069 3080 3114 3117 3315 3322 3326 3335 3369 3373 3400 3402 3429 3434 3436 3437 3438 3439 3771 3900 3986 4511 4588 4589 4590 4591
40 594 619 646 1416 1572 1584 1612 1623 2003 2007 2019 2024 2594 2599 2608 2613 2745 2812 2842 2907 2912 2934 2939 3012 3015 3021 3025 3292 3295 3414 3416 3440 4050 4075 4102 4238 4465 4476 4482 4592
40 485 607 667 772 943 1167 1350 1364 1375 1389 1602 1986 1996 2001 2010 2580 2589 2595 2601 2905 2913 3290 3296 3305 3311 3377 3381 3383 3385 3422 3425 3441 3941 4063 4123 4144 4171 4203 4270 4593
40 260 584 657 1377 1390 1570 1585 1985 1998 2016 2026 2924 2970 2973 3023 3024 3035 3042 3161 3212 3220 3306 3313 3339 3345 3382 3384 3387 3390 3415 3418 3442 3716 4040 4113 4496 4535 4543 4544 4594
40 41 72 165 1470 1485 1542 1558 1800 2033 2044 2120 2126 2621 2630 2656 2664 2951 2961 3325 3333 3349 3357 3392 3397 3399 3403 3404 3409 3438 3443 3444 3445 3497 3528 3621 4300 4590 4595 4596 4597
40 191 221 411 1420 1439 1494 1513 1753 1862 1872 2122 2127 2486 2496 2658 2663 2882 2890 2953 2960 3098 3104 3112 3116 3350 3356 3428 3432 3437 3445 3446 3447 3647 3677 3867 4291 4589 4597 4598 4599
40 258 472 636 1352 1366 1610 1625 2579 2591 2605 2615 2935 2947 2969 2976 3009 3014 3032 3043 3266 3276 3286 3302 3340 3347 3378 3380 3388 3389 3423 3426 3448 3714 3928 4092 4554 4556 4558 4560 4600
40 399 503 561 1424 1442 1473 1489 2490 2498 2624 2634 2857 2864 2886 2900 3073 3081 3102 3106 3316 3323 3364 3370 3375 3393 3398 3405 3410 3439 3444 3447 3449 3855 3959 4017 4576 4591 4596 4599 4601
40 484 606 642 885 893 914 920 1460 1501 1508 1547 1554 2499 2629 2661 2780 2782 2789 2791 2858 2868 3229 3231 3235 3239 3317 3321 3327 3330 3430 3433 3436 3940 4062 4098 4244 4423 4443 4449 4588
40 591 618 670 856 863 881 895 1428 1435 1475 1483 1528 1877 2043 2125 2769 2772 2781 2783 2860 2867 2887 2896 3162 3165 3169 3173 3318 3320 3406 3408 3449 4047 4074 4126 4256 4311 4343 4369 4601
40 256 473 656 853 865 910 922 1427 1436 1500 1509 2888 2902 2954 2959 3168 3172 3179 3188 3237 3238 3248 3252 3324 3352 3355 3374 3395 3401 3431 3435 3446 3712 3929 4112 4566 4582 4585 4587 4598
40 169 526 554 768 780 940 951 1565 1578 1605 1618 2904 2909 2933 2949 3152 3158 3206 3211 3259 3267 3271 3277 3289 3293 3367 3413 3419 3440 3450 3451 3452 3625 3982 4010 4579 4592 4602 4603 4604
40 80 183 305 936 946 1160 1170 1345 1356 1608 1617 1851 2800 2805 2839 2840 2929 2942 2966 2978 3207 3209 3216 3218 3338 3341 3420 3424 3448 3450 3453 3454 3536 3639 3761 4307 4600 4602 4605 4606
40 49 213 389 764 775 1164 1171 1370 1381 1568 1577 1681 2732 2737 2838 2841 2968 2979 3272 3275 3282 3284 3303 3309 3337 3342 3412 3417 3442 3451 3453 3455 3505 3669 3845 4281 4594 4603 4605 4607
40 262 583 637 1474 1491 1546 1562 2768 2774 2787 2793 2879 2955 2963 3082 3107 3118 3163 3164 3181 3187 3228 3230 3247 3253 3328 3336 3351 3359 3407 3411 3443 3718 4039 4093 4489 4522 4527 4528 4595
40 426 452 508 1349 1368 1374 1393 2736 2740 2804 2808 2903 2914 2991 3148 3157 3217 3219 3256 3265 3283 3285 3288 3297 3304 3314 3421 3427 3441 3452 3454 3455 3882 3908 3964 4509 4593 4604 4606 4607
