# Generated using Miratope v0.5.0 (https://github.com/galoomba1/miratope-rs)
4OFF

# Vertices, Faces, Edges, Cells
120 4200 1200 1800

# Vertices
0.809016994374945 0.809016994374945 0.809016994374945 0.809016994374945 
0.809016994374945 0.809016994374945 0.809016994374945 -0.809016994374945 
0.809016994374945 0.809016994374945 -0.809016994374945 0.809016994374945 
1.30901699437495 -0.5 0 0.809016994374945 
0.809016994374945 0.809016994374945 -0.809016994374945 -0.809016994374945 
1.30901699437495 -0.5 0 -0.809016994374945 
1.30901699437495 0.809016994374945 0.5 0 
0.809016994374945 0 0.5 1.30901699437495 
0.809016994374945 -0.5 -1.30901699437495 0 
0.809016994374945 -1.30901699437495 0 0.5 
0.809016994374945 -0.5 1.30901699437495 0 
1.30901699437495 0 -0.809016994374945 0.5 
0 -1.30901699437495 0.5 0.809016994374945 
0.5 -1.30901699437495 -0.809016994374945 0 
0.5 0 1.30901699437495 0.809016994374945 
0.5 0 1.30901699437495 -0.809016994374945 
0 -1.30901699437495 0.5 -0.809016994374945 
1.30901699437495 0.809016994374945 -0.5 0 
0 0.809016994374945 1.30901699437495 -0.5 
0.5 0.809016994374945 0 -1.30901699437495 
0.5 -1.30901699437495 0.809016994374945 0 
0 -0.5 0.809016994374945 -1.30901699437495 
-0.5 0.809016994374945 0 1.30901699437495 
0 -0.5 0.809016994374945 1.30901699437495 
-1.30901699437495 0.809016994374945 0.5 0 
-0.809016994374945 -0.5 1.30901699437495 0 
0 0.809016994374945 1.30901699437495 0.5 
-1.30901699437495 -0.5 0 0.809016994374945 
-0.809016994374945 0.809016994374945 0.809016994374945 0.809016994374945 
-0.809016994374945 0.809016994374945 0.809016994374945 -0.809016994374945 
1.30901699437495 0 0.809016994374945 0.5 
-0.809016994374945 0 0.5 1.30901699437495 
-0.809016994374945 -1.30901699437495 0 0.5 
-0.809016994374945 0.809016994374945 -0.809016994374945 0.809016994374945 
0 -0.5 -0.809016994374945 1.30901699437495 
0.5 0.809016994374945 0 1.30901699437495 
0 0.809016994374945 -1.30901699437495 0.5 
0 1.61803398874989 0 0 
0 0 0 1.61803398874989 
-0.5 1.30901699437495 0.809016994374945 0 
-0.5 1.30901699437495 -0.809016994374945 0 
-1.30901699437495 0.5 0 0.809016994374945 
0 1.30901699437495 0.5 0.809016994374945 
-0.5 0 -1.30901699437495 0.809016994374945 
-0.5 -0.809016994374945 0 1.30901699437495 
-0.809016994374945 -0.809016994374945 -0.809016994374945 0.809016994374945 
0 0.5 -0.809016994374945 1.30901699437495 
-0.5 0 1.30901699437495 0.809016994374945 
-0.809016994374945 0.5 1.30901699437495 0 
-1.30901699437495 -0.809016994374945 0.5 0 
0 1.30901699437495 -0.5 0.809016994374945 
-0.809016994374945 1.30901699437495 0 -0.5 
-0.809016994374945 -0.809016994374945 0.809016994374945 0.809016994374945 
-1.30901699437495 0 0.809016994374945 -0.5 
0.809016994374945 -0.809016994374945 0.809016994374945 0.809016994374945 
1.30901699437495 0 0.809016994374945 -0.5 
0.809016994374945 -0.809016994374945 -0.809016994374945 0.809016994374945 
1.30901699437495 0 -0.809016994374945 -0.5 
1.30901699437495 0.5 0 0.809016994374945 
0.809016994374945 -1.30901699437495 0 -0.5 
0 -1.61803398874989 0 0 
1.30901699437495 -0.809016994374945 0.5 0 
0 0.5 0.809016994374945 1.30901699437495 
1.61803398874989 0 0 0 
0.809016994374945 0.5 -1.30901699437495 0 
0 -0.809016994374945 1.30901699437495 -0.5 
0.809016994374945 0 0.5 -1.30901699437495 
0.809016994374945 0.5 1.30901699437495 0 
0 0.5 0.809016994374945 -1.30901699437495 
0.809016994374945 1.30901699437495 0 -0.5 
0 0 1.61803398874989 0 
0.5 1.30901699437495 0.809016994374945 0 
-0.809016994374945 -0.809016994374945 0.809016994374945 -0.809016994374945 
-1.61803398874989 0 0 0 
-0.809016994374945 1.30901699437495 0 0.5 
0 1.30901699437495 -0.5 -0.809016994374945 
-1.30901699437495 0 0.809016994374945 0.5 
-1.30901699437495 0.809016994374945 -0.5 0 
0.5 0 -1.30901699437495 0.809016994374945 
-0.809016994374945 0 -0.5 1.30901699437495 
0 -1.30901699437495 -0.5 0.809016994374945 
0.5 -0.809016994374945 0 1.30901699437495 
0.809016994374945 0 -0.5 1.30901699437495 
1.30901699437495 -0.809016994374945 -0.5 0 
0.809016994374945 1.30901699437495 0 0.5 
0.809016994374945 0 -0.5 -1.30901699437495 
0.809016994374945 -0.809016994374945 -0.809016994374945 -0.809016994374945 
1.30901699437495 0.5 0 -0.809016994374945 
0 -0.809016994374945 -1.30901699437495 0.5 
-0.5 -1.30901699437495 0.809016994374945 0 
0 -0.809016994374945 1.30901699437495 0.5 
0.809016994374945 -0.809016994374945 0.809016994374945 -0.809016994374945 
-0.5 0 1.30901699437495 -0.809016994374945 
-0.809016994374945 0.809016994374945 -0.809016994374945 -0.809016994374945 
-1.30901699437495 -0.5 0 -0.809016994374945 
-0.809016994374945 0 0.5 -1.30901699437495 
-0.809016994374945 -0.5 -1.30901699437495 0 
-0.809016994374945 -1.30901699437495 0 -0.5 
-1.30901699437495 0 -0.809016994374945 -0.5 
-0.5 -1.30901699437495 -0.809016994374945 0 
0 -0.5 -0.809016994374945 -1.30901699437495 
-0.5 0.809016994374945 0 -1.30901699437495 
0 0.809016994374945 -1.30901699437495 -0.5 
-0.809016994374945 0 -0.5 -1.30901699437495 
0 -1.30901699437495 -0.5 -0.809016994374945 
0.5 -0.809016994374945 0 -1.30901699437495 
0 1.30901699437495 0.5 -0.809016994374945 
0 0 0 -1.61803398874989 
-1.30901699437495 0.5 0 -0.809016994374945 
0.5 1.30901699437495 -0.809016994374945 0 
0.5 0 -1.30901699437495 -0.809016994374945 
0 0.5 -0.809016994374945 -1.30901699437495 
-0.809016994374945 -0.809016994374945 -0.809016994374945 -0.809016994374945 
-1.30901699437495 0 -0.809016994374945 0.5 
-0.809016994374945 0.5 -1.30901699437495 0 
-1.30901699437495 -0.809016994374945 -0.5 0 
0 0 -1.61803398874989 0 
-0.5 0 -1.30901699437495 -0.809016994374945 
-0.5 -0.809016994374945 0 -1.30901699437495 
0 -0.809016994374945 -1.30901699437495 -0.5 

# Faces
4 0 2 4 1
4 1 5 3 0
3 2 3 0
3 1 4 5
4 4 5 3 2
3 2 7 6
4 2 6 5 8
4 2 8 9 7
4 6 7 9 5
3 5 8 9
4 7 11 5 10
3 10 12 7
4 7 12 13 11
4 5 10 12 13
3 5 13 11
4 3 5 15 14
3 3 12 14
4 15 14 12 16
4 5 3 12 16
3 15 16 5
4 0 10 5 17
4 0 18 19 17
3 0 18 10
3 17 19 5
4 10 18 19 5
3 6 14 18
4 5 20 14 6
4 5 21 18 6
4 18 14 20 21
3 5 21 20
4 0 22 24 18
3 22 23 0
4 18 25 23 0
4 22 24 25 23
3 18 24 25
3 26 22 7
4 12 25 26 7
4 12 27 22 7
4 22 27 25 26
3 12 27 25
4 1 29 28 0
3 0 1 10
4 0 10 25 28
4 29 25 10 1
3 29 25 28
3 30 26 1
4 20 30 1 21
4 25 21 1 26
4 30 26 25 20
3 20 21 25
4 25 15 30 23
3 30 23 9
4 30 15 16 9
4 23 25 16 9
3 15 25 16
4 10 25 31 7
3 7 10 9
4 9 32 31 7
4 25 10 9 32
3 31 32 25
4 0 2 33 28
4 2 0 23 34
3 0 23 28
3 2 33 34
4 28 23 34 33
3 28 35 14
4 28 35 34 27
4 14 12 27 28
4 35 14 12 34
3 27 34 12
3 0 17 3
4 17 36 22 0
4 3 34 22 0
4 3 17 36 34
3 22 34 36
3 30 35 17
4 34 9 30 35
4 9 8 17 30
4 17 35 34 8
3 9 34 8
4 23 34 11 30
3 30 23 20
4 13 20 30 11
4 23 34 13 20
3 13 34 11
4 3 34 31 14
3 14 20 3
4 31 14 20 32
4 34 3 20 32
3 32 34 31
3 2 37 33
4 7 2 33 31
4 7 26 37 2
4 37 33 31 26
3 7 31 26
4 18 37 35 14
4 35 31 24 37
3 18 24 37
3 35 31 14
4 18 24 31 14
3 1 37 4
4 4 11 30 1
4 1 37 35 30
4 37 35 11 4
3 30 11 35
4 6 7 22 37
4 6 11 36 37
3 36 37 22
3 7 11 6
4 7 22 36 11
4 26 30 17 37
4 26 37 19 15
3 19 37 17
3 30 15 26
4 30 17 19 15
3 28 37 29
4 29 15 14 28
4 6 37 28 14
4 6 15 29 37
3 15 6 14
3 0 2 38
4 0 39 40 2
4 0 39 41 38
4 2 40 41 38
3 39 40 41
3 7 42 2
4 2 7 44 43
4 42 41 43 2
4 7 42 41 44
3 44 43 41
3 46 41 45
4 12 45 46 7
4 45 12 47 41
4 7 47 41 46
3 12 47 7
4 38 14 48 41
3 12 38 14
4 41 38 12 49
4 12 49 48 14
3 48 49 41
4 0 47 41 50
3 18 47 0
4 50 0 18 51
4 18 47 41 51
3 50 51 41
4 42 14 52 41
4 14 52 53 18
3 52 53 41
3 14 18 42
4 18 42 41 53
4 2 56 54 0
4 2 0 55 57
3 0 55 54
3 56 57 2
4 56 57 55 54
4 14 58 56 12
4 58 55 59 56
3 56 12 59
3 14 55 58
4 55 14 12 59
4 38 52 60 56
4 56 38 14 61
3 60 61 56
3 14 38 52
4 60 52 14 61
4 54 52 45 56
4 54 56 46 62
3 54 52 62
3 45 46 56
4 46 62 52 45
4 38 56 63 0
4 0 63 64 50
3 0 50 38
3 63 64 56
4 38 50 64 56
4 58 56 44 62
4 58 50 43 56
3 44 56 43
3 58 50 62
4 43 50 62 44
3 54 63 0
4 54 0 18 65
4 0 18 66 63
4 54 65 66 63
3 18 65 66
3 67 7 63
4 63 59 65 67
4 12 59 63 7
4 7 67 65 12
3 12 65 59
4 0 55 68 39
4 0 47 65 55
3 0 39 47
3 55 65 68
4 47 39 68 65
4 67 62 52 65
4 62 52 53 39
3 52 65 53
3 67 39 62
4 39 67 65 53
4 7 61 60 44
3 61 65 60
4 60 65 47 44
4 47 7 61 65
3 7 44 47
3 62 54 44
4 54 62 48 65
4 44 54 65 49
4 44 49 48 62
3 49 65 48
4 7 2 69 67
4 2 57 61 7
3 57 69 2
3 7 67 61
4 69 67 61 57
4 18 69 58 14
3 14 61 58
4 58 69 66 61
4 14 18 66 61
3 66 69 18
4 14 42 69 55
3 48 42 14
4 14 55 68 48
4 69 68 48 42
3 68 69 55
4 50 69 67 62
3 67 48 62
4 67 69 51 48
4 51 48 62 50
3 50 69 51
4 7 42 69 63
4 7 63 64 46
3 64 69 63
3 7 42 46
4 69 42 46 64
4 58 62 39 69
3 46 58 62
4 69 58 46 40
4 62 39 40 46
3 39 40 69
4 29 70 0 37
4 55 19 37 0
3 55 70 0
3 37 19 29
4 29 19 55 70
4 25 14 71 29
4 71 55 21 29
3 25 29 21
3 55 71 14
4 21 55 14 25
4 29 72 52 28
3 28 52 14
3 29 15 72
4 15 72 52 14
4 29 70 52 73
4 29 74 62 70
3 73 74 29
3 52 62 70
4 52 62 74 73
4 1 0 50 75
3 0 28 50
3 1 75 29
4 28 29 75 50
4 29 71 62 76
4 71 29 77 50
3 29 76 77
3 50 71 62
4 50 77 76 62
4 0 50 78 3
3 0 23 3
4 50 0 23 79
4 3 23 79 78
3 50 78 79
4 14 52 79 35
4 14 52 80 3
3 79 80 52
3 3 35 14
4 3 35 79 80
3 28 14 25
4 28 79 81 14
4 25 32 79 28
4 25 32 81 14
3 81 32 79
4 74 26 25 73
3 74 79 73
4 25 73 79 23
4 26 23 79 74
3 25 23 26
3 0 37 28
4 28 79 82 0
4 0 37 36 82
4 28 37 36 79
3 79 36 82
3 37 35 26
4 37 35 79 77
4 77 37 26 76
4 35 79 76 26
3 76 79 77
4 0 82 83 55
4 0 23 20 55
3 23 82 0
3 55 83 20
4 20 83 82 23
4 20 52 62 30
4 52 80 82 62
3 80 20 52
3 30 82 62
4 20 80 82 30
3 0 1 70
4 0 3 20 70
4 1 70 20 5
3 5 3 20
4 26 76 72 15
3 15 20 72
4 20 72 76 23
4 23 26 15 20
3 26 23 76
3 62 76 70
4 62 81 20 70
4 32 76 70 20
4 81 62 76 32
3 20 81 32
4 14 35 17 55
3 14 81 35
4 35 81 83 17
4 55 14 81 83
3 55 83 17
4 50 17 30 62
3 62 81 30
4 30 81 78 17
4 62 81 78 50
3 50 78 17
4 3 17 71 14
3 15 71 14
4 5 15 71 17
3 5 17 3
4 35 26 1 17
4 1 26 74 75
3 75 17 1
3 26 35 74
4 17 75 74 35
4 62 71 17 82
3 74 71 62
4 17 36 74 71
4 74 36 82 62
3 36 82 17
4 82 64 69 0
4 40 22 0 69
3 0 82 22
3 69 40 64
4 22 40 64 82
4 7 56 64 84
4 56 7 22 43
3 56 64 43
3 7 84 22
4 84 64 43 22
3 1 63 0
4 63 1 75 64
3 64 75 50
3 1 84 30
4 30 83 85 1
4 64 85 1 84
4 64 83 30 84
3 83 85 64
4 30 87 86 9
3 86 64 87
4 86 64 82 9
4 30 82 64 87
3 9 82 30
3 7 63 9
4 64 88 9 63
4 9 88 46 7
3 64 88 46
3 54 70 0
4 54 0 22 44
4 70 0 22 76
4 44 76 70 54
3 22 76 44
3 70 30 62
4 9 89 70 30
4 70 62 44 89
4 44 9 30 62
3 9 89 44
4 47 44 82 0
3 0 82 50
4 41 50 82 44
3 41 47 44
3 58 83 54
4 54 58 46 44
4 54 83 88 44
4 46 88 83 58
3 88 44 46
4 30 90 60 83
3 60 90 44
4 60 83 82 44
4 30 82 44 90
3 82 83 30
4 1 0 54 91
4 1 92 47 0
3 0 54 47
3 1 92 91
4 91 54 47 92
4 7 9 91 67
4 91 89 47 67
3 9 91 89
3 7 67 47
4 9 89 47 7
4 63 91 70 0
3 63 0 69
4 69 0 70 68
4 68 91 63 69
3 91 68 70
4 58 67 91 83
4 67 69 85 91
3 83 91 85
3 69 58 67
4 83 58 69 85
4 54 91 86 56
3 56 58 54
4 54 58 87 91
4 56 86 87 58
3 86 91 87
4 63 56 60 91
3 63 7 56
4 56 60 90 7
4 63 7 90 91
3 90 91 60
4 30 62 39 1
4 30 90 92 1
3 1 39 92
3 30 90 62
4 62 90 92 39
4 7 67 39 22
3 7 90 67
4 39 76 90 67
4 22 7 90 76
3 22 76 39
4 39 50 58 67
3 67 87 58
4 58 87 75 50
4 67 39 75 87
3 50 75 39
4 30 84 39 70
4 30 87 68 70
3 39 70 68
3 84 87 30
4 39 68 87 84
4 47 39 84 7
3 7 84 46
4 39 41 46 84
3 41 47 39
4 29 93 33 28
4 29 94 27 28
3 28 33 27
3 93 94 29
4 33 93 94 27
3 93 24 95
4 24 27 96 93
4 93 95 97 96
4 24 27 97 95
3 27 96 97
4 25 95 98 27
4 25 27 99 16
3 25 95 16
3 27 98 99
4 95 98 99 16
4 16 92 47 12
4 94 92 47 27
3 12 27 47
3 92 94 16
4 16 94 27 12
3 25 29 26
4 29 26 22 77
4 27 77 29 25
3 22 27 77
4 23 89 92 26
4 26 24 27 23
3 26 24 92
3 27 89 23
4 24 92 89 27
4 29 19 6 26
4 21 10 26 29
3 19 21 29
3 6 26 10
4 6 10 21 19
4 10 16 95 18
3 10 16 5
3 18 95 19
4 16 95 19 5
4 10 66 95 25
4 25 10 59 97
3 10 59 66
3 95 97 25
4 66 95 97 59
3 10 47 12
4 10 21 53 47
4 12 97 21 10
4 12 47 53 97
3 21 97 53
4 28 18 10 23
3 53 28 18
4 23 89 53 28
4 10 18 53 89
3 89 10 23
4 1 29 93 4
4 1 4 100 21
3 29 21 1
3 4 100 93
4 29 93 100 21
4 1 5 16 92
4 5 100 101 1
3 1 101 92
3 5 100 16
4 16 100 101 92
4 29 77 102 19
4 19 29 94 100
3 29 77 94
3 19 102 100
4 102 100 94 77
3 53 101 77
4 97 96 77 53
4 77 101 100 96
4 53 101 100 97
3 97 100 96
3 21 89 53
4 98 53 89 99
4 21 53 98 100
4 100 99 89 21
3 99 100 98
4 66 92 89 59
4 94 92 66 100
3 92 89 94
3 66 59 100
4 100 59 89 94
3 4 37 93
4 95 66 4 93
4 37 4 66 18
4 18 95 93 37
3 18 95 66
3 37 6 26
4 37 6 66 101
4 92 26 37 101
4 26 6 66 92
3 92 101 66
4 24 95 19 37
4 37 102 98 24
3 19 37 102
3 95 98 24
4 98 102 19 95
3 28 37 33
4 33 98 53 28
4 28 37 101 53
4 37 101 98 33
3 53 98 101
4 18 37 22 47
3 22 77 37
4 18 37 77 53
4 53 77 22 47
3 18 53 47
3 1 37 0
4 24 47 0 37
4 37 24 92 1
3 92 24 47
3 73 97 25
4 73 79 80 97
4 25 23 80 97
3 79 80 23
3 20 23 70
4 27 53 70 23
4 70 53 97 20
4 20 97 27 23
3 27 53 97
3 33 73 28
4 28 23 32 73
4 34 33 73 32
3 23 32 34
4 35 33 24 26
4 27 23 35 33
3 27 33 24
3 26 35 23
4 24 101 102 33
4 24 94 96 33
3 33 102 96
3 24 94 101
4 101 102 96 94
4 22 36 93 24
3 93 36 96
3 22 27 24
4 22 27 96 36
4 32 34 22 76
4 34 96 77 22
3 76 77 22
3 34 96 32
4 77 96 32 76
3 89 53 27
4 53 27 96 103
4 27 96 104 89
4 89 104 103 53
3 103 104 96
4 80 89 76 79
4 76 94 96 79
3 79 80 96
3 94 76 89
4 89 94 96 80
3 73 93 29
4 21 97 73 29
4 97 100 93 73
3 21 97 100
4 18 19 93 24
3 94 24 93
4 94 21 19 93
4 21 94 24 18
3 19 21 18
4 1 101 24 26
3 1 101 21
3 24 26 25
4 25 21 101 24
3 76 29 26
4 21 89 76 29
4 10 26 76 89
3 21 89 10
3 25 73 32
4 21 103 73 25
4 103 73 32 104
4 25 21 104 32
3 104 21 103
4 76 70 21 94
3 20 21 70
3 32 94 76
4 20 21 94 32
4 33 73 29 37
4 37 102 103 29
3 73 103 29
3 37 102 33
4 33 102 103 73
3 18 37 19
4 37 19 103 77
4 19 103 53 18
3 53 77 103
4 1 37 28 70
3 37 101 1
4 70 53 101 1
3 53 70 28
3 22 0 37
4 37 22 76 29
3 70 76 29
4 37 28 73 93
3 28 73 79
3 37 93 36
4 79 36 93 73
3 0 70 28
4 51 28 0 69
4 70 28 51 68
3 69 51 68
3 14 28 71
4 53 68 71 28
4 53 28 14 65
4 68 71 14 65
3 68 53 65
3 0 17 55
4 0 17 75 39
4 68 75 17 55
3 68 75 39
4 91 30 71 68
4 85 17 30 91
3 68 85 91
3 17 71 30
4 71 68 85 17
3 20 30 70
4 70 68 105 20
4 87 30 20 105
3 68 105 87
4 14 48 72 20
3 48 72 68
4 68 72 20 55
3 14 55 20
3 0 54 38
4 17 83 54 0
4 17 78 38 0
4 54 83 78 38
3 83 78 17
3 38 58 14
4 38 58 83 80
4 14 38 80 20
4 14 20 83 58
3 83 80 20
3 0 69 55
4 69 64 83 55
3 83 64 82
4 67 54 83 87
3 65 67 54
4 65 105 83 54
4 65 105 87 67
3 87 83 105
3 81 60 83
4 14 65 60 81
4 55 83 60 65
3 55 65 14
4 54 0 28 52
3 0 82 54
4 54 82 79 52
3 28 79 52
4 0 70 52 38
3 0 70 39
4 41 39 70 52
3 41 52 38
4 60 91 70 52
3 70 91 30
4 30 91 60 81
4 81 52 70 30
3 52 81 60
4 52 72 91 54
3 91 67 54
4 54 67 48 52
4 48 67 91 72
3 72 48 52
4 28 50 58 14
3 50 28 79
3 14 58 81
4 50 79 81 58
4 38 14 71 50
3 41 50 38
3 14 48 71
4 48 71 50 41
4 30 71 50 82
3 87 71 30
4 50 71 87 64
3 50 82 64
4 3 57 69 0
3 3 10 0
4 10 66 69 0
4 66 57 3 10
3 69 57 66
3 3 6 14
4 66 6 14 65
4 66 6 3 59
4 3 59 65 14
3 66 59 65
3 18 25 14
4 61 16 25 14
4 25 16 66 18
3 61 66 16
4 10 26 106 66
3 25 26 10
4 25 95 106 26
3 95 106 66
4 37 0 63 4
3 18 0 37
3 66 63 4
4 37 0 38 33
3 38 47 0
3 37 33 24
4 47 38 33 24
3 38 42 14
4 27 38 14 25
4 27 38 42 24
4 24 42 14 25
3 24 27 25
3 0 69 18
4 18 69 40 24
3 22 40 24
3 67 42 69
4 24 42 67 92
4 101 69 67 92
4 42 24 101 69
3 24 101 92
4 67 106 24 47
3 65 67 47
4 67 106 95 65
4 65 95 24 47
3 95 24 106
3 14 65 18
4 31 49 65 14
4 24 49 65 18
3 31 24 49
4 2 3 14 42
4 34 2 42 31
3 2 34 3
3 31 42 14
3 38 56 2
4 6 61 56 2
4 2 6 14 38
3 14 6 61
3 2 63 4
4 2 4 106 42
4 42 67 63 2
4 63 4 106 67
3 67 106 42
4 6 26 22 2
4 2 40 106 6
3 40 2 22
3 26 106 6
4 26 22 40 106
4 3 12 47 0
3 22 47 0
3 12 3 34
4 12 47 22 34
3 0 63 10
4 0 10 12 38
4 12 56 63 10
3 38 56 12
4 67 47 12 61
3 47 92 67
4 92 67 61 16
3 16 12 61
4 26 10 12 31
3 92 10 26
4 31 49 92 26
4 10 92 49 12
3 49 31 12
4 48 31 32 72
3 32 72 20
3 14 48 31
3 29 72 73
4 72 29 26 90
4 29 26 31 73
4 73 72 90 31
3 31 90 26
4 90 72 68 67
4 90 61 105 72
3 68 72 105
3 67 61 90
4 68 67 61 105
3 52 72 60
4 72 60 61 15
3 14 15 61
3 72 107 91
4 67 106 107 91
4 72 107 106 48
3 67 106 48
4 15 106 108 72
3 72 108 76
3 15 106 26
4 106 26 76 108
3 35 71 14
4 71 35 11 87
4 61 87 71 14
4 14 61 11 35
3 61 11 87
3 30 26 35
4 35 109 87 30
4 30 26 106 87
4 35 109 106 26
3 109 106 87
4 14 58 87 15
3 83 87 58
3 15 20 14
4 20 15 87 83
4 70 91 107 29
4 91 87 71 70
3 91 87 107
3 29 71 70
4 71 87 107 29
3 26 29 15
4 75 84 26 29
4 15 87 75 29
4 26 84 87 15
3 87 75 84
3 67 62 84
4 67 84 11 61
4 84 62 81 11
4 67 61 81 62
3 11 81 61
3 30 84 26
4 84 30 81 46
4 26 30 81 31
4 31 46 84 26
3 31 81 46
4 26 35 81 90
3 79 81 35
3 76 90 26
4 79 76 90 81
3 91 67 90
4 83 91 90 81
4 58 67 90 81
3 83 81 58
3 62 67 58
4 58 109 106 67
4 62 74 109 58
4 67 106 74 62
3 106 74 109
3 14 58 71
4 58 71 74 46
4 31 46 58 14
4 31 74 71 14
3 31 46 74
3 48 52 14
4 52 48 74 79
4 14 35 74 48
3 35 74 79
4 71 70 76 74
3 70 71 68
4 70 76 108 68
4 71 68 108 74
3 108 74 76
4 48 74 84 67
4 68 75 84 67
3 75 84 74
3 48 68 67
4 48 74 75 68
3 93 107 29
4 93 29 71 109
4 87 109 93 107
3 71 109 87
3 95 93 106
4 106 93 110 87
4 93 95 105 110
4 105 95 106 87
3 105 110 87
4 87 15 16 86
3 87 111 86
4 16 86 111 95
4 15 87 111 95
3 16 15 95
4 67 92 107 87
4 16 107 87 61
3 16 107 92
3 67 87 61
3 30 91 87
4 92 26 30 91
4 91 92 106 87
3 26 92 106
4 72 112 93 29
4 76 113 93 29
3 29 76 72
3 93 113 112
4 76 113 112 72
4 76 108 112 32
4 108 92 16 112
3 32 16 112
3 76 108 92
4 92 76 32 16
4 29 73 112 107
4 29 73 114 75
3 29 107 75
3 73 114 112
4 107 112 114 75
4 105 112 108 68
4 108 112 110 75
3 110 112 105
3 75 108 68
4 75 110 105 68
4 91 72 112 86
4 91 86 111 68
3 68 72 91
3 111 112 86
4 72 112 111 68
4 91 60 112 107
4 91 92 49 60
3 91 107 92
3 112 49 60
4 92 49 112 107
4 48 73 32 90
3 73 95 48
4 95 73 32 16
4 90 16 95 48
3 32 90 16
3 29 15 71
4 15 90 76 29
4 62 71 15 90
3 62 76 90
3 90 30 91
4 91 68 48 90
4 30 71 48 90
3 48 71 68
3 60 90 49
4 90 15 105 60
4 105 60 49 95
4 95 49 90 15
3 95 15 105
3 93 113 74
4 95 48 74 93
4 95 93 113 49
4 49 113 74 48
3 48 95 49
3 26 31 74
4 74 26 92 108
4 74 31 49 108
3 92 108 49
4 62 76 92 67
3 92 106 67
3 62 74 76
4 74 106 92 76
3 74 114 73
4 106 74 73 95
4 95 73 114 111
4 74 106 111 114
3 106 111 95
3 74 109 71
4 71 68 111 109
4 109 111 108 74
3 68 108 111
4 6 35 36 4
4 6 3 8 4
3 36 8 4
3 3 6 35
4 35 3 8 36
4 17 110 13 3
3 17 36 110
3 3 13 34
4 34 13 110 36
4 3 5 110 78
4 5 104 80 3
3 3 80 78
3 110 104 5
4 78 110 104 80
3 20 55 3
4 55 3 8 85
4 3 20 104 8
4 20 104 85 55
3 85 104 8
4 17 1 10 3
3 1 85 17
4 1 10 59 85
4 17 3 59 85
3 59 3 10
4 36 77 101 4
4 4 36 96 100
3 4 101 100
3 96 36 77
3 101 102 85
4 104 94 101 85
4 96 104 85 102
3 96 104 94
3 8 59 85
4 96 8 59 97
4 97 103 85 59
4 8 96 103 85
3 97 103 96
4 80 59 57 78
4 100 57 78 96
3 100 57 59
3 80 96 78
4 100 59 80 96
4 4 93 33 2
3 4 8 2
4 33 2 8 96
4 96 8 4 93
3 93 33 96
4 34 13 57 2
3 2 57 102
4 102 2 34 96
4 102 96 13 57
3 34 96 13
3 93 110 19
4 93 110 104 94
4 19 110 104 21
3 21 94 104
3 4 6 5
4 6 18 101 4
4 5 4 101 21
3 21 101 18
4 59 10 6 57
3 6 57 19
3 10 21 59
4 59 21 19 57
4 13 97 21 5
4 21 5 110 103
3 13 110 5
3 21 97 103
4 103 110 13 97
4 20 55 57 13
4 57 100 21 55
3 21 20 55
3 100 13 57
4 21 20 13 100
4 37 36 110 19
3 37 77 36
3 19 103 110
4 77 36 110 103
3 1 37 29
4 29 1 85 103
4 37 102 85 1
3 103 85 102
4 37 17 55 18
4 17 85 101 37
3 18 101 37
3 17 55 85
4 85 55 18 101
3 2 37 0
4 37 19 57 2
3 55 57 19
3 33 37 93
4 93 33 78 110
4 33 78 17 37
4 37 17 110 93
3 17 110 78
3 37 6 35
4 37 102 57 6
4 35 78 102 37
4 57 6 35 78
3 57 78 102
4 73 48 62 79
3 79 32 73
3 62 48 90
4 90 32 79 62
3 33 93 73
4 93 106 42 33
4 42 33 73 48
4 106 93 73 48
3 42 48 106
3 25 73 95
3 74 106 26
4 42 51 73 31
4 31 73 114 46
3 114 51 73
3 42 31 46
4 42 46 114 51
3 45 73 52
4 45 73 74 46
3 46 74 62
3 6 42 14
4 6 11 81 14
4 6 42 46 11
4 14 42 46 81
3 81 46 11
3 26 35 6
4 61 81 35 6
4 26 90 61 6
3 61 81 90
4 52 28 33 45
3 33 35 28
4 28 52 81 35
4 81 45 33 35
3 52 81 45
3 31 33 42
4 78 58 42 33
4 33 78 81 31
4 58 42 31 81
3 81 78 58
3 30 81 20
3 26 31 25
4 20 25 31 81
3 62 71 30
4 30 11 109 71
4 46 11 30 62
4 71 62 46 109
3 11 109 46
3 29 71 28
4 28 71 109 33
3 33 109 93
3 74 29 26
4 29 74 109 19
4 74 26 6 109
3 6 19 109
4 28 51 109 35
3 35 28 79
4 79 114 51 28
4 79 114 109 35
3 51 109 114
4 58 78 79 62
3 58 109 78
3 62 79 74
4 78 109 74 79
3 14 42 58
4 87 106 42 58
4 14 42 106 15
3 15 87 106
3 62 58 71
4 71 58 61 15
4 62 58 61 90
3 61 15 90
3 51 71 28
4 28 71 15 25
4 25 28 51 95
4 71 51 95 15
3 25 15 95
4 6 42 48 15
4 6 42 51 19
3 15 19 6
3 48 51 42
4 48 15 19 51
3 52 48 62
4 52 48 15 20
4 48 15 30 62
3 20 15 30
3 82 84 62
4 84 40 41 62
4 82 84 40 43
4 82 43 41 62
3 41 40 43
3 0 39 1
4 4 40 39 1
3 2 40 4
3 26 84 1
4 84 40 101 1
4 24 40 84 26
3 24 40 101
3 26 76 22
4 22 76 108 40
3 106 108 40
3 62 76 39
4 76 62 46 113
4 76 39 40 113
3 40 113 46
3 63 91 1
4 91 1 26 90
4 7 26 1 63
3 7 90 26
4 62 67 63 82
4 67 90 9 63
3 9 63 82
3 62 67 90
4 82 62 90 9
4 10 26 84 63
4 66 106 84 63
3 63 10 66
3 106 84 26
3 56 63 54
4 62 84 63 54
4 56 46 84 63
3 62 84 46
3 62 67 54
4 67 92 89 54
4 54 89 76 62
3 92 76 89
4 42 47 92 106
3 42 47 41
4 106 42 41 108
4 92 47 41 108
3 106 108 92
3 39 62 41
4 62 41 49 90
4 39 92 49 41
3 92 49 90
3 0 69 39
4 10 92 39 0
4 69 39 92 66
3 66 10 92
4 10 9 82 0
3 10 47 0
4 47 10 9 44
3 9 44 82
3 7 26 10
4 7 44 76 26
4 7 44 89 10
3 44 89 76
4 42 47 44 46
3 24 42 47
4 46 113 24 42
4 44 113 24 47
3 46 113 44
4 22 26 90 44
3 24 26 22
4 24 49 90 26
4 24 49 44 22
3 49 90 44
3 2 22 0
4 2 22 44 56
3 54 44 56
4 6 4 40 42
3 4 40 101
3 18 42 6
4 18 101 40 42
3 33 42 24
4 69 102 33 42
3 102 69 101
3 25 18 28
4 28 77 101 18
4 28 77 94 25
4 101 18 25 94
3 94 101 77
3 0 38 28
4 12 38 28 25
3 10 25 12
4 6 42 38 3
3 47 42 38
4 10 3 38 47
4 10 47 42 6
3 6 3 10
4 1 39 47 10
3 10 21 1
4 39 1 21 53
3 39 53 47
3 7 10 63
4 18 69 63 10
4 7 42 18 10
3 42 69 18
3 2 6 3
4 23 3 2 22
4 23 3 6 26
3 22 23 26
4 2 37 28 38
4 37 77 43 2
3 2 38 43
3 37 28 77
4 28 38 43 77
4 69 39 22 2
3 2 69 102
4 77 102 2 22
4 102 69 39 77
3 39 77 22
4 1 37 2 63
3 1 37 26
3 7 63 2
4 7 34 33 42
4 33 42 47 27
3 33 27 34
3 7 47 42
4 7 34 27 47
3 40 39 22
4 53 27 22 39
4 40 98 53 39
4 22 40 98 27
3 98 53 27
4 42 40 43 38
3 27 43 38
3 24 40 42
4 24 40 43 27
3 39 92 47
4 47 27 77 39
4 39 77 94 92
3 94 77 27
3 38 80 27
3 20 14 25
4 25 20 80 27
3 28 70 29
4 70 28 27 89
4 70 29 94 89
3 94 89 27
3 12 14 25
3 55 21 59
4 12 25 21 59
3 18 47 24
4 18 47 89 21
4 89 47 24 94
3 89 21 94
3 1 26 10
4 3 10 26 35
3 3 35 17
4 70 23 3 55
4 55 59 89 70
3 89 23 70
3 59 55 3
4 89 23 3 59
3 80 3 38
4 47 38 80 89
4 3 10 89 80
3 89 10 47
3 35 17 37
3 14 18 55
3 6 37 2
3 14 28 38
4 89 23 30 91
3 91 92 89
3 30 26 23
3 23 28 79
4 79 115 53 28
4 23 89 115 79
3 53 115 89
4 62 79 80 54
3 89 80 54
3 76 79 62
3 29 77 75
3 26 84 22
4 22 77 75 84
3 39 84 62
4 84 36 79 62
4 39 77 36 84
4 79 62 39 77
3 79 77 36
3 77 101 37
3 26 76 92
4 77 101 92 76
3 47 22 44
4 44 115 77 22
4 47 53 115 44
3 53 115 77
3 44 76 62
3 43 77 50
4 44 76 77 43
3 30 1 17
4 17 1 39 50
3 62 50 39
4 63 1 70 54
3 63 84 1
4 1 70 62 84
3 54 70 62
3 22 37 26
4 37 22 82 17
4 26 30 82 22
3 30 82 17
3 82 84 63
4 10 23 82 63
4 26 84 82 23
3 23 10 26
4 28 23 82 50
4 27 43 50 28
3 28 23 27
3 50 43 82
4 23 27 43 82
4 54 82 22 47
3 80 54 82
4 47 54 80 27
4 82 22 27 80
3 27 47 22
4 81 31 49 60
3 65 49 60
3 14 31 81
4 41 62 81 45
4 90 49 45 81
3 41 49 45
3 62 90 81
3 15 48 14
4 16 49 48 15
3 12 49 16
3 15 90 26
4 26 24 95 15
3 24 49 95
3 48 74 62
4 44 113 74 62
3 49 113 44
3 7 26 6
4 6 109 46 7
4 7 46 74 26
3 74 109 46
3 56 46 58
4 56 12 31 46
3 14 31 12
3 40 84 46
3 31 24 26
4 31 46 40 24
3 7 26 84
4 84 7 61 87
4 26 7 61 15
3 15 87 61
3 66 61 6
3 92 26 90
4 61 90 92 66
3 56 61 58
4 56 61 90 44
3 44 90 62
4 6 106 48 14
3 66 106 6
3 48 65 14
4 66 65 48 106
4 62 84 106 48
3 40 84 106
3 48 62 41
4 40 41 48 106
3 31 24 33
4 33 31 32 96
4 31 32 94 24
3 96 32 94
3 25 31 12
4 25 94 113 31
4 12 99 113 31
4 12 99 94 25
3 94 99 113
4 35 36 77 28
3 27 77 28
3 34 35 36
4 27 34 36 77
4 23 76 113 34
4 34 99 89 23
3 23 89 76
3 113 99 34
4 76 89 99 113
3 7 34 9
3 89 27 47
4 27 89 9 34
4 6 35 28 18
3 28 35 23
4 10 23 35 6
3 18 10 6
3 26 35 31
4 12 31 35 3
3 12 10 3
4 23 76 92 10
4 10 23 32 16
3 16 92 10
3 23 32 76
3 18 37 6
4 7 6 18 47
3 22 47 7
3 37 93 29
4 93 37 22 113
3 76 22 113
3 35 36 37
4 37 24 113 36
4 35 36 113 31
3 31 113 24
4 73 45 38 28
3 38 28 50
4 28 50 114 73
4 50 114 45 38
3 73 114 45
3 78 45 81
4 41 50 78 45
3 50 41 62
4 54 38 45 60
3 54 38 47
4 54 60 49 47
4 38 45 49 47
3 49 45 60
3 52 28 53
3 33 98 45
4 52 45 98 53
4 53 41 45 97
3 12 97 45
3 41 47 53
3 18 28 14
4 69 50 28 18
3 50 69 58
3 55 58 54
4 54 47 42 58
4 55 18 47 54
4 18 55 58 42
3 18 47 42
3 28 38 33
4 28 38 58 71
4 58 38 33 109
3 58 71 109
4 47 38 58 67
4 58 38 12 61
3 47 38 12
3 67 58 61
4 54 62 71 55
3 54 65 55
3 62 71 48
4 65 55 71 48
3 52 73 28
4 18 28 52 65
4 95 73 28 18
4 52 73 95 65
3 18 65 95
3 48 73 31
4 48 73 97 65
4 12 97 73 31
4 12 31 48 65
3 12 97 65
3 62 81 52
4 52 65 61 81
3 65 67 61
3 47 42 67
4 42 51 68 67
4 47 53 68 67
4 47 42 51 53
3 68 51 53
4 33 51 48 31
4 31 33 98 49
3 98 51 33
3 49 48 31
4 49 98 51 48
4 18 95 49 47
3 47 49 41
3 51 95 18
4 49 41 51 95
4 41 62 71 51
3 109 71 51
3 46 41 62
4 46 109 51 41
3 30 71 70
4 70 21 5 30
4 19 71 70 21
4 30 5 19 71
3 5 19 21
3 0 17 50
4 51 19 17 50
3 19 51 18
3 58 71 50
4 58 57 19 71
4 57 58 50 102
4 50 102 19 71
3 102 57 19
4 55 19 109 58
3 58 83 55
4 58 109 110 83
4 19 110 83 55
3 110 109 19
3 17 30 83
4 83 30 15 105
4 83 17 19 105
3 15 19 105
3 52 28 70
4 35 30 70 28
3 35 30 81
3 18 51 28
3 35 6 109
4 18 6 109 51
4 23 30 71 28
3 25 23 28
3 15 30 71
3 30 35 23
4 35 78 83 30
4 30 23 80 83
4 23 80 78 35
3 83 80 78
4 3 6 109 78
3 5 6 3
4 5 6 109 110
3 78 109 110
3 17 5 30
4 13 81 30 5
4 5 13 78 17
3 78 13 81
3 17 0 37
3 78 33 38
3 3 38 0
3 52 70 20
4 20 52 38 3
4 20 15 6 3
3 57 6 3
4 6 57 105 15
4 3 57 105 20
3 20 105 15
4 58 81 20 55
3 55 57 58
4 81 13 57 58
3 20 13 81
3 0 55 18
4 25 18 55 20
3 25 20 23
4 58 64 86 61
4 61 81 88 86
3 64 86 88
3 61 81 58
4 81 88 64 58
3 91 60 86
4 11 86 91 30
4 81 60 86 11
3 11 81 30
4 11 86 66 6
4 109 111 86 11
3 86 111 66
3 11 109 6
4 109 6 66 111
3 86 116 56
4 56 116 109 58
4 86 116 109 87
3 87 109 58
3 4 107 86
4 61 86 4 6
4 6 15 107 4
4 61 15 107 86
3 6 15 61
3 9 16 86
3 30 15 87
3 7 6 42
4 7 90 15 6
4 42 7 90 48
3 90 15 48
3 67 58 42
4 90 31 42 67
3 31 81 90
3 63 66 67
4 9 63 66 16
4 90 16 66 67
3 16 90 9
4 63 4 116 56
3 63 4 84
4 84 4 116 46
3 56 116 46
3 4 6 11
4 40 4 11 46
3 46 42 40
3 30 9 11
3 62 44 46
4 44 46 11 9
3 62 84 30
4 30 15 106 84
3 106 15 48
3 64 84 63
4 63 64 111 66
4 84 106 111 64
3 106 66 111
4 40 42 58 64
3 64 58 87
3 106 40 42
4 64 40 106 87
4 91 107 4 63
3 4 107 106
3 63 91 67
3 0 63 82
4 36 4 63 82
3 37 4 36
4 4 84 30 5
4 82 8 4 84
3 4 8 5
3 82 84 30
4 8 82 30 5
4 84 4 66 67
4 4 84 39 101
3 66 101 4
3 39 84 67
4 66 67 39 101
4 4 86 91 1
3 30 91 1
3 4 86 11
3 0 10 23
4 23 76 39 0
3 39 76 92
4 6 5 107 106
3 106 92 107
4 5 107 92 10
4 10 92 106 6
3 6 10 5
3 5 30 1
4 5 30 90 16
3 92 90 16
3 0 63 2
4 23 0 63 9
4 9 34 2 63
3 9 34 23
3 86 9 11
4 9 86 66 10
4 9 11 6 10
3 6 66 10
3 30 26 90
3 82 44 22
4 22 84 30 23
3 30 84 11
4 22 34 11 84
3 23 22 34
4 84 67 47 22
3 67 84 106
4 22 24 106 84
3 22 24 47
4 74 106 4 36
4 106 108 117 4
3 4 36 117
3 106 74 108
4 36 117 108 74
3 113 108 112
4 110 112 113 36
4 113 108 75 36
3 75 36 110
4 107 110 114 108
4 107 104 115 108
3 110 107 104
3 108 114 115
4 114 110 104 115
3 68 108 72
4 68 85 104 72
4 108 117 104 72
4 85 117 108 68
3 104 117 85
3 4 107 1
4 1 107 108 39
4 40 4 107 108
3 40 108 39
4 92 1 75 108
4 85 118 92 1
3 75 85 1
3 108 118 92
4 75 85 118 108
4 87 91 9 11
4 87 91 104 110
3 91 9 104
3 11 110 87
4 9 104 110 11
3 60 91 83
4 91 83 110 107
4 60 112 110 83
3 112 107 110
4 87 111 118 91
3 92 91 118
3 106 111 87
4 106 111 118 92
3 4 86 63
4 36 88 86 4
4 82 88 86 63
3 82 36 88
4 104 9 63 85
3 63 85 64
3 9 104 88
4 85 64 88 104
4 11 4 117 88
3 4 117 40
3 46 11 88
4 40 117 88 46
3 112 88 113
4 112 111 40 113
4 64 111 112 88
4 40 113 88 64
3 64 40 111
4 111 86 88 114
4 88 115 118 86
3 86 118 111
3 115 88 114
4 111 114 115 118
3 83 88 60
4 83 60 118 85
4 117 118 60 88
4 83 85 117 88
3 85 118 117
4 83 87 84 82
3 36 84 82
4 110 87 84 36
4 36 110 83 82
3 87 110 83
3 46 11 84
4 75 110 11 84
4 84 46 114 75
4 46 114 110 11
3 75 114 110
3 106 84 74
4 74 84 64 114
3 111 64 114
3 39 84 40
4 84 87 111 40
4 39 68 111 40
3 87 111 68
3 63 84 67
4 75 85 63 84
4 63 85 68 67
3 75 85 68
4 4 37 33 116
3 4 11 116
3 37 35 33
4 11 116 33 35
4 34 11 109 33
4 33 109 110 96
3 33 34 96
3 11 110 109
4 34 11 110 96
4 33 45 112 93
3 78 45 33
3 93 112 110
4 110 78 45 112
4 33 73 112 116
3 73 33 51
4 51 111 116 33
4 112 111 51 73
3 111 116 112
3 2 42 33
3 93 106 4
4 24 106 109 33
4 111 98 33 109
3 98 24 33
3 109 111 106
4 24 98 111 106
3 6 11 61
4 19 105 61 6
4 19 6 11 110
4 61 11 110 105
3 105 19 110
3 15 106 6
4 106 111 57 6
4 15 105 111 106
3 57 105 111
3 18 66 6
4 18 66 111 51
3 109 51 111
3 2 6 42
4 19 6 2 102
4 2 42 51 102
3 102 51 19
4 11 61 66 4
4 11 4 100 13
3 100 66 4
3 11 13 61
4 66 100 13 61
3 112 16 13
4 13 112 111 57
4 112 16 66 111
4 66 16 13 57
3 66 57 111
4 116 13 105 111
4 97 98 116 13
3 116 98 111
3 13 105 97
4 98 97 105 111
3 45 13 78
4 102 78 45 98
4 100 13 45 98
4 102 78 13 100
3 100 102 98
3 2 116 4
4 13 3 2 116
4 5 13 116 4
3 5 13 3
4 4 5 15 106
4 100 95 106 4
3 5 100 4
3 95 15 106
4 5 15 95 100
4 110 19 95 112
3 16 112 95
4 112 16 5 110
3 5 110 19
3 93 110 96
3 95 105 97
4 96 110 105 97
3 73 95 51
4 51 102 96 73
4 96 73 95 100
4 102 51 95 100
3 100 102 96
4 29 74 114 103
3 29 19 103
3 74 109 114
4 19 109 114 103
4 114 51 95 112
3 114 110 112
4 110 114 51 19
3 95 51 19
4 73 97 119 114
3 97 73 95
3 114 111 119
4 111 95 97 119
3 41 114 45
4 97 45 114 103
4 41 114 103 53
3 53 103 97
3 29 73 28
3 75 50 114
3 28 53 51
4 51 53 115 114
3 114 115 79
3 70 72 29
4 72 29 19 105
4 72 70 55 105
3 55 105 19
3 70 68 53
3 20 105 97
4 53 68 105 97
4 29 103 105 15
3 29 75 103
3 87 15 105
4 87 105 103 75
4 108 72 105 111
3 108 115 72
4 72 105 119 115
4 111 119 115 108
3 105 119 111
3 65 60 105
4 65 60 115 53
4 60 105 103 115
4 65 105 103 53
3 53 103 115
4 95 48 52 97
3 20 97 52
3 15 48 95
4 20 97 95 15
4 48 108 115 52
3 79 115 52
3 48 108 74
4 74 79 115 108
4 52 72 112 45
4 52 72 108 41
3 41 52 45
3 72 108 112
4 41 108 112 45
4 60 112 73 52
3 60 65 52
3 112 95 73
4 65 95 112 60
3 55 71 19
4 95 48 71 19
4 65 95 19 55
3 65 95 48
3 75 71 50
4 75 71 48 108
4 50 75 108 41
3 48 108 41
3 70 71 62
4 71 70 53 51
4 53 70 62 41
3 41 51 53
3 71 87 15
4 87 111 51 71
3 95 111 51
4 98 111 68 53
3 105 111 68
3 97 98 53
3 51 53 18
4 18 66 118 53
4 51 111 118 53
3 111 118 66
4 69 111 95 18
3 40 69 111
3 24 95 18
4 24 95 111 40
3 33 38 45
4 33 45 49 24
3 24 49 47
4 108 114 45 49
4 49 118 119 45
3 114 119 45
3 108 49 118
4 108 118 119 114
3 52 60 45
4 52 60 118 53
4 45 60 118 98
3 98 118 53
3 112 116 45
4 40 116 45 41
4 112 116 40 108
3 40 108 41
3 46 31 45
4 31 45 98 24
4 46 45 98 40
3 98 40 24
3 106 108 48
4 48 108 118 65
4 66 118 108 106
3 66 65 118
3 112 49 108
4 65 105 112 49
4 68 108 49 65
3 65 105 68
4 52 73 33 38
3 38 33 42
4 38 42 48 52
3 52 73 48
3 42 40 69
4 42 40 108 48
4 68 108 40 69
3 68 48 108
3 106 42 109
4 41 114 109 42
4 108 114 109 106
3 108 41 114
4 22 23 70 39
3 39 70 53
3 23 27 22
4 22 36 75 39
4 22 113 108 39
3 75 39 108
3 36 113 22
3 22 43 40
4 22 43 115 76
4 40 108 115 43
3 76 115 108
3 70 91 1
4 91 118 101 1
4 70 53 118 91
3 101 118 53
4 29 75 85 21
4 29 94 117 75
3 29 21 94
3 85 75 117
4 117 94 21 85
3 53 21 101
4 101 53 115 117
4 21 104 115 53
4 21 104 117 101
3 115 117 104
3 27 53 77
4 27 99 117 77
4 77 117 118 53
4 99 118 53 27
3 118 99 117
4 94 117 40 24
3 43 117 40
3 27 94 24
4 94 27 43 117
4 37 29 107 4
4 4 117 77 37
3 4 107 117
3 29 77 37
4 29 107 117 77
3 37 101 24
4 36 37 101 117
4 24 101 117 113
3 36 117 113
3 89 70 91
4 89 91 107 94
3 29 107 94
3 92 108 107
4 89 104 107 92
4 92 108 115 89
3 89 115 104
4 108 76 89 118
3 76 113 108
3 89 118 99
4 113 108 118 99
3 47 89 44
4 44 113 94 89
3 94 113 24
3 76 39 70
4 21 70 39 101
4 39 101 94 76
3 94 101 21
3 79 77 28
3 32 94 25
4 77 79 32 94
4 76 94 93 74
4 93 74 79 96
3 93 94 96
3 79 76 74
3 74 75 29
4 74 29 94 113
4 74 113 117 75
3 94 117 113
4 39 92 107 75
3 92 94 107
4 75 77 94 107
3 39 75 77
3 0 22 39
3 17 75 36
3 4 84 36
3 101 39 77
3 26 84 74
4 74 84 82 79
3 79 82 23
3 30 70 23
3 22 84 39
4 22 113 32 23
3 24 113 22
3 23 32 25
4 24 113 32 25
4 35 23 76 74
3 23 35 34
4 35 74 113 34
3 76 113 74
3 30 70 1
3 35 37 28
4 1 107 93 37
3 92 107 1
3 37 93 24
4 93 107 92 24
3 4 84 1
4 1 84 74 29
4 93 74 84 4
3 29 93 74
3 109 74 93
4 96 78 109 93
3 79 96 78
4 78 35 31 45
4 31 45 114 74
3 45 78 114
3 31 74 35
4 74 114 78 35
4 38 42 109 78
3 78 3 38
3 42 109 6
4 71 19 93 74
3 93 19 95
3 71 74 48
4 50 17 110 114
3 17 110 19
3 50 114 51
3 109 42 58
4 19 18 42 109
3 18 55 19
3 18 28 37
3 93 95 73
3 25 31 73
4 25 73 51 18
4 18 42 31 25
3 18 42 51
4 51 73 79 50
3 73 96 79
3 50 102 51
4 102 50 79 96
3 71 74 29
4 29 25 31 74
3 31 14 25
3 3 38 14
4 17 50 38 3
3 71 17 50
3 106 74 93
4 93 106 92 94
3 94 92 76
3 90 92 67
3 24 31 42
4 90 31 24 92
3 106 6 42
3 92 10 47
3 4 93 116
4 74 46 116 93
3 46 74 84
3 39 47 22
4 108 39 47 49
4 113 22 47 49
3 49 113 108
4 37 93 116 2
3 37 22 2
4 22 113 116 2
3 93 113 116
3 2 42 40
4 40 2 34 113
4 42 40 113 31
3 31 113 34
3 40 101 39
4 40 101 94 113
3 76 113 94
3 7 44 46
3 26 74 76
4 44 46 74 76
4 7 84 74 31
4 34 7 84 36
3 36 84 74
3 31 7 34
4 36 74 31 34
4 7 84 1 10
3 84 39 1
3 7 10 47
3 41 38 42
4 38 41 114 78
3 109 114 78
4 39 75 114 41
4 39 53 103 75
3 41 53 39
3 75 103 114
3 50 39 69
4 39 108 111 69
4 50 114 111 69
4 50 39 108 114
3 111 114 108
3 69 51 42
4 69 64 114 51
3 64 114 46
4 54 38 28 70
4 54 58 71 70
3 54 58 38
3 28 71 70
4 58 62 70 55
3 39 70 62
4 69 39 70 55
3 58 69 55
4 71 75 64 58
3 64 58 46
3 75 71 74
4 46 74 75 64
3 52 54 38
4 54 67 42 38
3 42 67 48
3 52 72 70
4 108 39 70 72
3 41 108 39
3 14 81 52
4 46 81 52 41
3 41 42 46
4 73 72 70 28
3 73 51 28
3 68 72 70
4 72 68 51 73
3 73 48 74
4 74 73 103 75
4 68 103 73 48
3 75 103 68
4 67 42 109 87
3 87 68 67
3 51 42 109
4 68 51 109 87
3 56 45 60
4 31 45 56 7
4 60 45 31 90
3 7 90 31
4 11 46 45 13
3 12 13 45
3 7 46 11
3 33 45 116
4 81 45 116 11
3 35 11 81
3 14 35 6
4 106 74 35 6
3 106 48 74
4 67 7 31 48
3 67 48 65
3 12 31 7
3 31 35 33
4 33 51 71 35
4 48 31 35 71
3 51 71 48
3 78 58 38
4 12 38 78 13
4 61 13 78 58
3 12 61 13
3 61 6 57
3 81 35 78
4 57 78 81 61
3 7 42 67
4 7 11 87 67
4 7 42 109 11
3 87 109 11
4 56 38 33 116
3 56 38 58
3 109 33 116
3 46 7 56
4 57 6 7 56
4 57 109 46 56
3 57 109 6
3 7 84 63
4 36 84 63 8
4 63 8 34 7
3 34 8 36
3 7 44 22
4 11 88 44 7
4 36 88 44 22
3 11 88 36
3 62 44 82
4 36 113 44 82
3 36 113 74
4 1 84 11 5
3 1 10 5
3 11 84 7
3 1 70 29
3 62 84 74
3 7 34 22
4 7 34 32 90
3 32 90 76
3 0 23 70
3 9 91 63
4 9 23 70 91
4 11 9 23 35
3 79 35 23
4 11 35 79 88
4 9 88 79 23
3 9 88 11
3 82 79 62
4 32 9 82 79
3 32 90 9
3 0 17 82
4 9 82 17 5
3 9 10 5
3 0 69 2
4 2 69 51 33
3 33 51 28
3 102 78 33
3 58 42 69
4 69 102 78 58
4 2 56 45 33
3 2 7 56
3 31 45 33
4 59 10 7 56
3 57 59 56
3 7 6 10
3 7 34 2
4 61 13 34 7
3 61 13 57
3 109 116 57
4 35 109 116 34
4 3 57 116 34
4 35 3 57 109
3 35 3 34
3 6 61 7
4 18 6 61 65
3 18 47 65
3 31 42 7
3 18 25 10
3 0 3 55
4 65 12 3 55
3 47 65 12
3 12 31 45
4 12 3 78 45
3 78 35 3
3 62 58 54
4 58 78 80 54
3 79 80 78
3 50 69 0
3 78 57 3
4 69 50 78 57
3 48 73 51
3 62 79 50
4 35 33 102 17
3 33 102 51
3 17 35 71
4 71 51 102 17
3 55 70 20
3 62 81 58
4 55 3 35 71
3 71 109 35
4 57 109 71 55
3 57 3 55
3 18 28 0
3 54 65 52
3 113 32 112
4 95 112 113 24
4 32 25 95 112
3 25 95 24
3 33 109 35
3 24 106 26
3 35 71 30
4 35 30 90 31
3 31 90 48
4 73 93 107 72
3 106 93 107
3 72 73 48
3 106 107 15
4 25 15 107 94
4 24 94 107 106
4 25 15 106 24
3 24 94 25
4 16 94 29 15
3 29 76 94
3 16 15 90
4 76 94 16 90
3 37 24 26
3 19 15 95
3 28 70 23
4 23 70 72 32
3 32 73 72
3 29 77 28
4 52 115 77 28
4 29 72 115 77
3 72 52 115
4 68 72 76 39
4 76 77 103 72
3 68 72 103
3 77 39 76
4 77 39 68 103
4 70 72 107 1
3 1 39 70
3 107 108 72
4 29 72 91 1
3 1 26 29
3 91 72 90
3 50 28 71
3 30 82 23
3 35 71 28
4 28 77 75 71
4 36 35 71 75
3 77 75 36
4 107 15 71 75
4 15 48 108 107
3 75 107 108
3 71 48 15
4 50 39 76 79
3 76 39 108
3 79 114 50
4 76 108 114 79
4 106 40 117 107
3 94 107 117
3 24 106 40
3 107 112 93
4 24 49 112 93
3 24 92 49
3 15 107 16
4 107 108 49 16
3 49 108 48
3 75 107 87
3 39 92 67
3 24 93 106
4 106 93 36 84
3 22 36 84
3 7 67 84
3 48 74 31
3 31 90 32
4 94 92 90 32
3 94 24 92
3 48 108 72
4 72 108 113 32
4 31 48 108 113
3 31 32 113
3 28 53 27
3 12 65 14
4 12 27 53 65
4 65 97 27 47
3 27 47 24
3 95 97 65
4 65 18 101 118
3 24 18 101
3 49 65 118
4 24 101 118 49
3 66 67 65
3 53 101 39
4 53 65 66 101
3 69 66 67
4 48 95 66 67
4 69 66 95 51
3 48 95 51
3 50 28 51
4 27 28 51 98
4 50 51 98 43
3 98 43 27
3 39 50 41
4 39 101 102 50
4 39 101 98 41
4 102 50 41 98
3 102 101 98
3 48 52 41
4 97 52 41 98
4 48 95 98 41
3 95 97 98
3 68 51 48
4 49 118 68 48
4 68 118 98 51
3 49 98 118
3 39 53 68
3 40 111 98
3 50 38 58
4 50 39 47 38
3 47 67 39
3 91 67 68
4 91 89 53 68
3 47 53 89
3 24 113 49
3 118 117 101
4 118 49 113 117
3 24 106 92
4 24 98 118 92
3 111 118 98
4 60 90 76 115
4 92 90 60 118
3 115 60 118
3 90 92 76
4 118 92 76 115
4 91 118 49 90
3 91 68 118
3 49 90 48
4 41 44 89 53
4 98 41 44 99
3 89 44 99
3 53 98 41
3 43 22 44
4 22 43 98 24
4 44 49 98 43
3 98 49 24
3 7 90 44
3 42 48 41
4 44 41 48 90
3 44 60 115
3 65 53 47
4 53 41 40 101
4 40 41 115 117
3 40 117 101
3 53 41 115
3 14 20 52
4 53 21 20 52
3 18 53 21
4 25 31 45 97
3 45 97 98
3 24 31 25
4 25 97 98 24
3 29 15 25
4 29 25 97 103
4 25 97 105 15
3 103 105 97
4 21 53 51 19
4 100 98 51 19
3 53 51 98
3 21 100 19
4 93 109 42 24
3 93 19 109
3 18 42 24
4 19 105 65 18
3 53 65 18
3 19 105 103
4 33 51 53 27
4 96 33 51 103
3 27 96 33
3 103 51 53
3 62 79 52
4 53 77 79 52
3 39 77 53
3 89 70 53
3 44 62 41
3 1 91 85
4 85 91 72 103
3 72 103 29
4 103 68 91 104
3 89 104 91
3 103 68 53
3 91 118 60
3 53 70 52
3 72 107 29
4 72 115 117 107
3 115 117 77
3 74 76 29
4 76 115 103 29
4 76 115 114 74
3 115 103 114
3 72 90 48
4 72 48 41 115
4 44 90 72 115
3 41 115 44
4 77 75 68 53
4 68 118 117 75
3 75 77 117
3 53 118 68
3 28 77 53
3 68 75 71
3 70 76 89
4 89 118 68 70
3 108 118 68
4 72 70 54 60
3 44 54 60
3 76 70 72
4 72 60 44 76
3 52 38 28
4 38 43 115 52
3 77 43 115
3 38 47 41
4 38 80 115 41
4 47 41 115 89
3 80 115 89
4 48 51 103 72
3 72 103 115
3 41 51 48
4 51 103 115 41
3 65 52 48
4 65 118 115 52
3 108 115 118
3 1 92 26
3 74 108 75
3 47 92 89
3 108 41 115
3 91 60 54
3 92 47 49
4 54 82 84 67
3 47 67 54
3 22 84 82
3 18 47 10
4 16 49 47 10
3 95 49 16
3 27 28 25
3 95 98 51
3 28 73 25
3 45 38 12
4 25 73 45 12
3 7 61 12
3 26 15 25
4 25 15 61 12
3 66 69 63
4 63 8 102 69
4 66 63 8 100
4 69 102 100 66
3 102 100 8
3 37 101 102
3 66 57 6
4 101 102 57 66
3 56 2 63
4 2 102 119 56
4 102 2 63 85
4 56 63 85 119
3 102 119 85
3 57 58 56
4 57 56 43 102
3 43 102 50
3 19 55 17
4 17 55 59 8
4 17 19 100 8
4 55 59 100 19
3 100 8 59
3 3 78 17
4 17 85 119 78
4 78 3 59 119
3 85 59 119
4 59 54 58 57
3 80 59 54
3 57 58 78
3 69 63 85
4 10 63 85 21
4 18 69 85 21
3 10 21 18
4 38 54 63 2
3 8 63 2
4 2 38 80 8
4 54 63 8 80
3 38 54 80
4 8 43 38 3
3 50 38 43
3 17 3 8
4 43 8 17 50
3 58 67 54
4 67 66 59 54
4 67 66 57 58
3 66 59 57
3 67 68 69
4 57 105 68 69
3 61 105 57
3 55 71 68
4 55 68 111 57
3 111 57 109
3 19 6 18
3 65 61 105
3 26 29 37
3 31 73 33
3 26 6 15
3 20 3 23
3 76 72 90
3 39 67 68
3 0 39 50
3 79 23 76
3 1 17 0
4 17 83 91 1
3 54 91 83
3 82 54 83
3 67 84 87
3 2 42 69
4 2 69 55 3
3 14 3 55
3 70 21 55
4 21 55 69 101
3 39 101 69
3 2 102 43
3 41 42 51
4 51 41 43 102
3 68 39 69
4 102 69 68 103
3 77 103 102
3 51 71 68
3 85 17 102
4 51 102 85 68
3 47 27 38
4 50 38 27 77
3 50 77 39
3 33 51 42
3 27 53 47
3 53 70 21
3 51 19 71
3 42 48 31
3 108 113 40
3 39 75 84
3 41 114 46
4 106 109 110 107
3 5 107 110
3 6 109 106
3 4 6 106
3 74 35 36
3 91 87 67
3 7 9 11
3 75 84 1
4 75 1 5 110
3 5 110 11
3 87 75 71
3 11 35 36
4 11 87 75 36
3 6 15 5
3 9 90 7
4 5 15 90 9
3 37 17 1
4 17 1 107 110
3 93 110 107
3 15 107 5
4 17 5 107 75
3 17 75 71
3 106 4 84
3 15 30 5
3 36 110 93
3 87 84 106
4 35 23 70 71
3 76 23 70
3 74 71 35
3 1 63 4
4 21 59 63 1
4 63 4 100 59
3 100 21 59
3 66 4 6
4 59 8 4 66
3 59 8 3
3 10 92 1
4 92 10 59 118
3 59 118 85
3 89 59 54
3 66 67 92
3 55 69 57
4 69 101 100 57
3 21 101 100
3 18 55 65
4 55 85 118 65
3 85 118 101
4 54 89 21 55
3 47 89 54
3 21 55 18
3 2 22 7
3 67 39 69
3 2 42 38
3 63 67 54
3 1 85 63
3 37 102 2
3 2 8 3
4 69 2 8 85
3 55 85 69
3 9 10 63
4 9 104 21 10
3 104 85 21
3 70 21 89
3 5 30 9
4 9 89 21 5
3 2 102 8
3 5 19 6
4 8 102 19 5
3 5 30 20
3 82 8 80
4 20 5 8 80
3 59 63 10
4 59 80 82 63
4 59 80 23 10
3 23 80 82
3 60 105 83
3 30 15 90
3 30 11 87
4 105 13 11 87
3 13 105 20
3 67 87 106
3 65 105 95
3 30 83 87
3 35 78 109
4 83 78 109 87
3 83 17 82
4 17 82 43 102
4 17 102 119 83
4 82 83 119 43
3 119 43 102
3 83 78 58
3 69 102 85
4 85 102 78 83
3 79 82 50
4 82 8 102 50
4 79 96 8 82
3 96 8 102
3 77 37 102
3 78 35 79
4 79 77 102 78
3 2 57 3
4 2 43 80 3
4 43 2 57 119
4 57 3 80 119
3 119 80 43
3 2 33 38
4 96 80 38 33
3 80 8 96
3 33 78 35
4 78 33 27 80
3 23 27 80
3 55 70 71
3 3 35 23
4 55 54 82 17
3 55 54 59
4 54 59 8 82
3 8 82 17
4 11 61 60 88
3 44 88 60
3 7 11 61
3 31 46 7
4 88 32 31 46
3 32 88 9
3 35 81 31
4 35 36 88 81
4 81 88 113 31
3 36 88 113
3 58 109 46
4 88 110 109 46
3 83 110 88
3 35 109 11
4 11 109 114 88
3 79 88 114
3 82 84 64
4 82 79 114 64
3 79 114 74
3 3 38 12
4 38 43 99 12
4 12 3 8 99
3 8 99 43
3 63 8 59
3 7 34 12
4 34 12 59 8
3 34 33 35
4 33 34 8 102
3 17 8 102
3 36 22 82
4 82 36 96 80
3 96 27 80
3 23 82 9
4 9 99 43 82
4 27 23 9 99
3 27 99 43
3 17 102 37
4 37 102 43 22
3 22 82 43
3 36 93 74
4 36 17 19 93
3 19 71 17
3 91 107 1
3 17 83 110
3 91 87 68
4 87 110 103 68
3 103 110 104
3 107 108 106
3 109 114 110
3 5 107 1
3 20 72 70
4 20 72 107 5
4 19 15 72 103
4 5 15 72 104
3 104 72 103
3 15 19 5
4 104 5 19 103
3 29 19 93
4 112 93 19 105
3 105 112 72
3 11 5 30
3 109 71 19
4 11 109 19 5
4 64 114 103 85
3 64 114 88
3 104 85 103
4 104 103 114 88
4 78 114 75 17
3 17 85 75
4 114 119 85 75
3 114 119 78
3 91 72 60
4 91 85 119 60
4 60 72 103 119
3 103 119 85
3 20 104 72
3 68 85 55
3 73 112 72
3 68 51 111
3 15 48 72
3 19 103 51
3 15 107 87
4 87 107 104 83
4 15 107 104 20
3 20 83 104
3 109 111 87
4 87 83 119 111
4 111 119 78 109
3 78 83 119
4 88 112 105 83
3 112 105 111
4 83 105 111 64
3 64 83 88
3 50 71 51
4 50 64 111 51
3 87 64 111
3 58 71 55
4 85 55 58 64
4 55 71 75 85
3 75 85 64
3 112 116 93
4 93 19 57 116
4 105 57 116 112
3 19 105 57
3 86 60 112
4 86 66 95 112
4 65 60 86 66
3 65 95 66
3 67 90 48
3 95 66 16
3 61 58 57
3 15 71 19
4 57 19 15 61
3 87 71 68
3 61 14 65
4 68 87 61 65
3 87 107 110
4 16 13 110 107
4 61 13 110 87
3 61 13 16
4 72 60 86 107
3 61 86 60
3 72 15 107
3 109 57 58
3 106 67 66
4 66 57 109 106
4 107 86 116 93
3 87 86 107
3 109 93 116
4 19 103 119 57
3 57 119 59
3 21 103 19
4 103 119 59 21
4 65 59 85 68
4 65 97 103 68
3 59 65 97
3 85 103 68
3 1 70 21
3 54 59 63
4 70 21 59 54
3 68 70 55
4 59 118 68 55
3 89 118 59
4 65 97 100 66
3 53 65 97
3 101 66 100
3 10 66 18
4 10 89 118 66
3 53 118 89
4 1 101 102 17
3 1 101 39
3 50 102 17
4 66 57 119 118
3 57 119 102
3 66 101 118
4 119 102 101 118
3 98 51 102
3 68 118 85
4 102 85 118 98
3 5 107 104
4 10 5 104 89
3 92 10 89
3 1 107 29
4 10 16 107 1
4 25 29 107 16
3 25 10 16
3 4 107 93
4 8 104 107 4
4 93 107 104 96
3 96 8 104
3 100 19 93
4 36 93 100 8
3 36 8 17
3 16 107 5
4 8 117 107 5
4 16 99 117 107
4 5 16 99 8
3 99 117 8
3 9 8 63
4 8 100 16 9
3 100 66 16
3 66 101 18
3 16 25 94
4 101 94 16 66
3 59 21 85
4 85 59 99 117
4 21 94 99 59
3 94 99 117
3 17 37 36
4 17 85 117 36
3 85 101 117
4 40 111 57 2
3 2 40 43
3 111 119 57
4 43 119 111 40
3 33 116 2
4 69 111 116 2
3 51 111 69
4 43 8 4 40
4 4 100 98 40
3 4 8 100
3 43 98 40
4 98 43 8 100
3 85 8 102
4 8 99 118 85
4 98 99 8 102
3 98 118 99
3 101 21 85
4 85 101 98 119
4 21 97 119 85
4 21 101 98 97
3 98 119 97
3 4 101 37
4 101 98 116 4
3 98 116 33
3 4 100 116
3 56 59 63
4 59 100 116 56
3 116 57 111
4 59 57 116 99
4 111 118 99 116
4 57 111 118 59
3 118 99 59
4 59 119 111 66
3 95 66 111
3 97 59 119
3 55 65 59
4 65 95 100 59
3 19 100 95
4 34 113 117 8
4 8 104 32 34
3 34 113 32
3 104 8 117
4 104 117 113 32
3 9 11 34
4 9 104 96 34
3 104 110 96
4 36 34 99 117
3 34 99 27
3 77 117 36
3 2 22 34
3 77 96 102
4 113 116 13 32
4 94 113 116 100
3 13 116 100
3 32 113 94
4 94 32 13 100
4 96 110 107 94
3 16 94 107
3 13 110 96
4 96 94 16 13
3 33 116 93
4 33 116 99 27
4 94 99 116 93
3 27 94 99
4 5 104 117 4
3 4 117 101
3 5 104 21
3 5 17 1
4 5 100 102 17
3 101 102 100
4 11 116 99 9
4 5 11 116 100
3 100 99 116
3 5 11 9
4 9 99 100 5
3 6 19 37
3 11 110 36
4 110 88 60 105
3 88 60 115
3 110 103 105
4 110 88 115 103
3 114 51 111
3 115 118 53
3 102 51 103
3 43 41 115
4 103 115 43 102
4 78 114 115 80
3 78 114 110
3 104 115 80
4 78 119 115 79
3 79 115 77
3 102 78 119
4 102 119 115 77
4 110 17 55 105
3 17 110 75
3 55 105 68
4 105 55 69 111
3 55 105 83
3 64 69 111
4 64 83 80 43
4 117 64 83 104
3 83 104 80
3 64 117 43
4 104 117 43 80
3 91 83 87
4 91 118 119 83
3 111 119 118
3 58 78 50
4 87 110 78 58
4 75 110 78 50
3 87 75 110
4 50 79 88 64
3 50 77 79
4 77 50 64 117
4 88 79 77 117
3 64 117 88
3 17 82 50
4 17 110 88 82
4 82 88 114 50
3 114 110 88
4 75 50 43 117
3 41 43 50
3 108 117 75
4 43 117 108 41
3 24 37 22
3 98 43 102
4 4 86 56 2
4 2 4 117 43
3 2 56 43
3 86 117 4
4 56 43 117 86
4 63 86 116 2
3 2 63 69
4 63 86 111 69
3 111 116 86
4 40 2 8 117
3 2 34 8
3 40 113 117
3 6 57 2
3 40 111 106
4 100 57 56 99
3 43 99 56
3 100 57 102
4 102 43 99 100
4 100 93 113 99
3 93 100 95
3 113 49 99
4 100 95 49 99
3 16 99 86
4 99 86 111 98
3 98 111 95
4 34 99 98 33
3 102 33 98
3 34 99 8
4 4 66 118 117
3 4 8 117
3 59 118 66
4 59 118 117 8
4 100 93 106 66
3 94 100 93
3 66 92 106
3 16 86 66
4 66 86 117 101
4 94 117 86 16
3 101 117 94
4 93 100 57 109
3 93 100 96
3 57 109 78
3 33 51 109
4 110 109 51 103
3 96 110 103
3 50 38 78
4 96 78 38 27
4 50 77 96 78
3 96 77 27
3 79 36 35
3 80 8 3
4 79 80 8 36
3 29 19 71
3 77 102 50
3 25 97 21
3 98 24 101
3 18 51 69
4 69 85 103 51
4 21 18 51 103
3 103 85 21
3 77 103 29
3 25 97 27
4 97 103 77 27
3 69 111 66
3 39 108 92
4 92 66 111 108
3 111 112 95
3 40 24 113
4 74 109 116 113
3 111 116 109
4 108 111 116 113
3 74 113 108
3 46 116 109
4 51 109 116 98
4 46 41 98 116
3 41 98 51
3 68 108 39
3 65 49 47
4 41 114 112 49
3 49 112 95
3 41 114 51
3 49 45 31
3 74 114 108
3 4 40 106
4 95 106 40 98
3 98 100 95
3 92 101 39
4 92 49 98 101
3 49 41 98
3 69 51 102
3 66 100 95
3 87 109 110
3 51 103 68
3 72 15 105
3 106 111 108
4 93 109 46 113
3 93 24 113
3 42 109 46
3 29 73 25
4 16 112 73 25
3 16 107 112
3 93 24 33
3 49 45 112
3 14 25 15
3 42 106 24
4 73 96 36 74
3 103 73 96
3 74 36 75
4 36 96 103 75
3 1 39 75
4 1 75 103 21
3 53 103 21
3 17 78 35
3 74 114 75
4 46 56 99 113
3 56 99 12
3 46 113 31
3 56 116 2
4 44 113 116 56
3 44 22 113
3 41 38 43
4 43 99 49 41
3 49 99 12
3 38 42 58
4 64 58 38 43
3 40 43 64
4 2 38 45 116
3 40 116 2
3 41 45 38
3 74 31 73
4 31 73 96 34
3 34 96 36
3 36 84 11
3 81 79 62
4 79 36 11 81
3 29 94 25
3 74 113 31
3 22 82 23
4 82 22 113 88
4 23 32 88 82
3 113 32 88
3 30 9 90
3 34 31 35
4 34 31 90 9
3 52 62 41
4 43 80 52 41
3 82 43 80
3 67 63 69
4 69 50 82 63
3 50 82 62
3 50 77 28
4 77 50 69 101
3 69 18 101
3 70 54 89
4 54 89 27 38
3 27 28 38
3 40 42 41
3 53 18 101
3 46 114 74
4 46 114 115 44
3 44 115 76
3 44 88 82
3 41 114 50
4 41 114 88 44
3 44 47 54
3 42 58 46
3 46 113 74
4 46 64 117 113
3 64 117 75
3 64 82 88
3 40 113 22
3 113 116 34
3 74 109 35
3 33 109 42
3 7 34 11
3 43 22 2
3 23 80 3
4 22 43 80 23
3 62 81 46
4 32 113 46 81
3 76 32 113
4 84 11 116 40
3 11 116 34
4 40 22 34 116
3 40 84 22
3 62 82 54
3 55 71 17
3 23 22 76
4 76 115 80 23
3 115 80 43
3 50 75 77
4 75 77 96 110
3 110 96 78
4 56 119 114 46
3 56 119 57
3 46 114 109
4 114 109 57 119
3 38 45 56
4 45 56 64 114
3 50 114 64
3 61 7 56
4 61 87 64 56
3 84 87 64
3 50 64 43
3 51 98 111
4 43 98 111 64
3 63 8 82
3 69 102 50
3 50 69 64
4 64 117 101 69
3 77 117 101
3 1 85 101
3 64 84 40
4 64 40 101 85
3 2 37 4
3 43 117 77
3 40 84 4
3 82 43 8
4 58 46 116 57
3 46 116 40
4 40 69 57 116
3 69 58 57
3 61 66 86
4 66 86 64 69
3 58 64 69
3 2 4 6
3 61 86 56
3 11 35 6
3 9 10 23
3 50 58 64
3 81 88 79
3 83 30 81
3 64 46 84
4 83 64 46 81
3 50 17 75
4 17 75 117 8
3 43 8 117
3 85 63 8
3 75 36 84
4 36 8 85 75
3 17 36 35
4 36 88 83 17
3 83 81 88
3 54 91 70
3 87 71 58
3 35 11 34
3 14 61 12
4 34 12 61 11
3 11 84 4
3 61 66 67
4 81 13 116 46
3 57 116 13
3 58 46 81
4 11 116 111 87
3 111 116 40
3 87 11 84
3 61 87 58
3 110 78 13
3 6 11 5
3 14 20 81
4 5 11 81 20
3 58 64 56
4 56 59 85 64
3 59 85 55
3 40 69 2
4 69 85 117 40
3 8 117 85
3 80 43 38
3 64 58 83
3 64 75 84
3 22 77 43
4 64 75 77 43
3 11 116 109
4 19 109 116 100
3 5 19 100
3 37 4 6
3 29 107 15
3 91 67 92
4 91 92 101 85
3 85 101 69
3 21 103 29
3 89 76 115
4 89 21 103 115
4 92 91 104 94
3 85 91 104
3 94 101 92
3 92 101 118
3 76 115 77
4 101 118 115 77
3 91 63 86
3 69 111 68
3 63 85 59
3 67 68 65
3 1 101 4
4 101 118 86 4
3 91 86 118
3 66 106 4
3 108 117 118
3 68 85 69
3 108 117 40
3 73 97 103
3 68 48 65
4 18 95 105 55
3 20 105 55
3 25 18 95
4 20 105 95 25
3 29 75 71
3 55 85 21
3 70 21 29
4 52 97 21 70
3 73 97 52
3 106 48 95
3 40 41 98
3 73 51 103
3 18 25 21
3 15 19 29
4 15 16 100 19
3 16 100 94
3 69 18 55
3 95 111 105
3 17 55 3
4 3 55 105 13
3 110 13 105
3 3 38 2
4 13 45 38 3
3 116 45 13
3 78 102 17
3 5 100 13
3 2 57 116
3 37 19 93
3 11 36 4
4 36 11 13 96
3 100 13 96
3 99 116 34
3 57 59 3
4 34 99 59 3
4 10 16 13 3
3 57 13 3
3 10 66 16
4 54 60 86 63
3 54 82 63
4 82 54 60 88
3 86 60 88
3 83 85 17
3 36 88 117
4 63 86 107 1
3 1 107 75
3 63 86 64
4 64 75 107 86
3 87 86 11
4 75 87 86 117
4 11 86 117 36
3 117 75 36
3 9 8 82
3 79 96 32
4 9 32 96 8
4 23 3 13 32
3 78 13 3
3 79 32 23
4 78 13 32 79
3 9 99 86
4 43 99 86 64
3 64 82 43
3 46 116 11
4 44 99 116 46
3 9 99 44
3 86 4 116
4 86 118 98 116
3 98 101 118
4 61 60 118 66
4 57 61 60 119
3 118 60 119
3 57 66 61
3 87 86 61
4 86 61 65 118
4 87 68 118 86
3 68 118 65
4 56 99 117 64
3 56 99 59
3 85 117 64
3 56 60 119
3 91 63 85
4 40 98 119 64
3 101 40 98
3 64 119 85
3 1 10 63
4 10 16 86 63
3 16 107 86
3 4 63 8
4 91 104 8 63
3 107 104 91
3 75 117 107
3 5 8 17
3 17 5 110
3 9 88 82
4 5 9 88 110
3 57 59 55
3 111 68 118
3 57 69 102
4 102 57 105 103
3 68 103 105
3 64 63 82
4 63 59 119 64
4 82 64 119 80
3 59 119 80
3 64 87 75
4 64 119 105 87
4 64 119 103 75
3 105 103 119
3 54 60 56
4 60 54 55 105
4 57 105 60 56
3 55 105 57
3 57 111 69
3 78 114 50
4 114 78 57 111
3 16 15 61
4 57 100 16 61
3 100 57 19
4 112 116 4 107
3 4 107 5
3 112 13 116
4 5 107 112 13
3 86 117 118
3 87 75 68
3 65 118 60
3 83 55 85
3 65 60 54
3 63 86 66
3 64 86 117
3 69 101 66
3 66 59 63
3 111 119 64
4 56 119 105 61
3 56 64 119
3 87 61 105
3 5 1 21
3 110 75 103
4 55 21 104 83
3 55 21 19
3 104 83 110
3 9 30 91
4 9 91 85 8
3 17 8 85
3 21 85 1
3 20 83 30
4 20 83 85 21
3 103 75 85
3 36 8 96
3 5 11 4
4 5 11 88 104
3 117 88 104
4 4 86 112 93
3 66 86 4
3 93 112 95
4 19 105 119 102
3 95 19 105
3 102 119 98
4 95 98 119 105
3 57 109 19
3 103 119 114
3 69 85 64
3 51 103 114
4 60 115 117 86
3 107 117 86
3 72 115 60
3 32 104 72
3 108 117 113
4 87 107 117 64
3 104 117 107
3 83 87 64
3 93 110 109
4 110 88 113 93
3 46 113 88
3 88 11 86
3 111 114 109
3 73 112 93
4 93 112 88 36
4 112 73 79 88
3 36 88 79
4 114 73 32 88
3 73 114 103
3 32 88 104
3 79 74 36
4 79 36 117 115
3 108 115 117
4 13 45 114 110
3 97 45 13
3 110 114 103
4 73 45 60 72
3 73 72 103
4 73 45 119 103
3 60 119 45
4 73 45 116 93
3 73 93 74
3 46 116 45
4 60 49 98 119
3 105 119 60
3 95 98 49
3 33 109 78
4 78 33 98 119
3 111 98 119
3 27 43 80
4 94 104 80 27
3 94 117 104
3 5 104 8
3 19 103 102
4 103 102 8 104
3 80 43 8
4 97 80 8 100
4 97 98 43 80
3 97 98 100
3 75 110 107
3 94 96 77
3 102 101 77
3 115 119 118
3 86 64 111
3 99 43 98
3 111 40 108
3 115 119 43
3 73 45 33
4 45 33 102 119
3 103 119 102
3 57 105 13
3 96 103 102
4 96 13 105 103
3 19 17 102
3 105 83 119
4 114 78 13 112
3 112 111 114
3 78 13 57
3 93 36 4
3 86 112 88
3 11 116 13
3 87 105 111
3 61 90 60
3 66 118 92
3 112 111 108
3 92 16 66
3 5 15 20
4 5 100 97 20
3 97 95 100
3 55 54 70
3 72 60 105
3 94 107 104
3 25 15 20
4 20 104 94 25
3 46 114 45
3 11 110 13
3 60 105 61
3 11 88 110
3 40 116 4
3 108 107 112
4 56 45 112 86
3 64 56 86
4 86 112 114 64
3 114 112 45
4 56 60 112 116
3 56 57 116
3 112 105 60
3 33 2 102
3 45 119 56
4 46 45 119 64
3 45 98 119
3 46 64 40
3 60 112 45
4 60 45 78 83
3 83 110 78
3 45 81 46
4 81 45 119 83
3 64 119 83
3 45 41 98
3 78 102 50
3 83 80 82
4 96 110 83 80
3 96 110 36
4 77 36 88 115
3 110 88 36
3 103 115 77
3 102 43 8
4 104 8 43 115
3 104 103 115
3 107 86 112
3 75 114 64
3 80 115 79
3 8 117 36
4 117 8 80 115
3 103 75 77
3 43 64 119
4 77 103 119 43
4 104 83 78 96
3 83 104 85
3 96 102 78
4 112 32 79 114
3 112 13 32
3 79 78 114
4 45 116 86 60
3 86 116 11
3 81 45 60
3 46 113 116
3 81 32 13
3 80 82 79
4 79 114 119 80
3 114 119 64
3 34 116 2
3 9 63 86
4 9 86 116 34
4 34 99 86 11
3 99 86 117
3 34 36 11
3 56 64 46
3 113 117 99
3 107 87 106
3 40 117 64
3 98 40 116
4 27 98 116 34
3 22 34 27
3 40 116 113
4 101 40 116 100
3 101 94 100
4 82 8 99 44
3 36 8 82
3 113 44 99
4 36 113 99 8
3 77 43 102
4 77 94 99 43
3 94 99 100
3 8 43 2
3 7 9 44
4 44 9 8 43
3 60 81 61
4 78 119 60 81
3 78 57 119
3 98 116 100
3 109 19 51
3 106 93 109
3 100 57 66
3 57 116 100
3 69 101 40
3 93 113 36
3 100 99 8
3 41 40 46
4 41 115 88 46
3 88 117 115
3 114 108 75
3 118 85 119
3 108 117 107
4 108 49 99 117
3 16 49 99
3 86 99 116
4 94 107 86 99
3 93 94 107
3 92 16 49
3 101 98 100
4 100 98 49 16
3 113 116 99
3 111 118 108
3 94 113 93
4 104 94 113 88
3 110 88 104
3 76 32 72
4 96 103 72 32
3 77 103 96
3 93 100 116
3 97 45 73
4 97 100 116 45
3 32 73 96
4 100 96 32 16
3 16 100 95
3 32 73 31
3 46 88 114
4 44 88 112 49
3 112 114 88
3 44 49 41
3 60 112 72
4 44 113 112 60
3 76 113 44
3 90 60 72
3 73 31 45
3 33 31 34
4 34 99 49 31
3 99 49 98
3 7 56 12
4 27 43 56 12
3 27 43 22
4 44 99 94 76
3 43 99 44
3 77 94 76
3 92 89 118
3 27 98 24
4 27 98 118 89
3 22 77 36
3 88 115 44
3 112 108 114
3 79 32 76
4 52 115 88 81
3 52 115 41
3 88 81 46
3 60 81 90
4 79 81 60 115
3 79 115 76
3 27 38 12
3 96 13 78
4 13 96 27 12
3 97 73 96
3 34 12 31
4 34 96 97 12
3 81 88 60
4 60 88 113 49
3 31 113 49
3 98 99 116
3 41 46 44
3 49 118 60
3 117 113 88
3 60 118 86
3 45 116 98
3 32 88 79
3 94 117 77
4 32 88 117 94
3 93 73 96
4 72 104 96 73
3 107 104 72
3 49 108 41
3 117 99 43
3 60 86 56
4 60 115 43 56
3 43 117 115
3 46 44 56
4 56 119 115 44
3 114 119 115
3 34 116 33
3 73 112 32
4 32 34 116 112
3 11 13 81
4 96 79 81 13
3 79 96 36
3 78 80 38
3 115 41 114
3 83 60 119
4 44 60 119 43
3 43 82 44
3 83 54 60
3 38 45 78
3 52 60 54
4 52 79 88 60
3 79 88 82
3 96 33 78
3 32 81 31
4 81 32 96 78
4 34 113 112 13
3 112 13 110
3 34 113 36
4 38 27 99 56
3 56 99 116
3 27 38 33
3 22 113 34
3 12 49 47
4 12 49 113 34
3 56 43 38
3 60 52 115
3 79 114 73
3 97 119 80
3 80 52 97
3 41 98 43
3 13 116 34
4 27 34 13 97
3 27 97 98
3 52 73 79
3 112 88 60
3 33 73 96
3 52 38 80
4 73 96 80 52
3 77 43 27
4 27 97 119 43
3 103 119 97
3 27 33 98
3 80 119 78
4 80 27 98 119
4 79 96 97 52
3 52 97 53
3 77 79 96
3 44 49 60
3 98 119 43
3 60 44 56
3 112 113 116
3 119 60 115
3 78 81 79
3 54 82 44
4 54 44 99 59
3 8 99 59
3 7 56 44
4 59 89 44 56
3 10 59 89
3 63 91 54
4 91 104 80 54
3 80 8 104
3 83 91 30
4 91 89 80 83
3 89 80 23
3 30 90 81
4 90 16 13 81
3 5 16 13
3 7 90 61
4 90 32 13 61
3 34 32 13
3 11 88 81
4 81 20 104 88
3 20 104 5
3 82 88 83
3 23 32 20
4 83 20 32 88
3 63 86 56
4 12 16 86 56
3 12 16 10
3 61 86 11
4 12 61 86 99
3 34 99 12
4 91 9 99 118
3 85 91 118
3 8 99 9
4 86 9 89 118
3 86 118 66
3 9 10 89
4 83 119 97 20
3 83 119 85
3 20 97 21
3 3 20 80
3 105 119 57
4 80 119 105 20
3 56 57 61
4 16 61 56 99
3 16 99 100
3 65 61 66
4 65 97 13 61
3 100 13 97
3 12 13 3
3 55 105 65
4 12 13 105 65
3 55 83 54
4 83 104 89 54
3 89 21 104
3 52 70 54
4 97 52 54 59
3 97 21 59
3 52 65 14
4 52 65 59 80
3 80 59 3
3 14 61 81
4 81 61 16 32
3 16 32 25
3 61 105 15
4 12 61 105 97
3 25 97 12
3 91 70 72
4 9 91 72 32
3 23 32 9
3 72 90 15
4 72 90 9 104
3 5 9 104
4 16 32 88 86
3 88 117 86
3 16 32 94
3 112 110 88
4 9 16 112 88
3 9 16 5
3 91 86 107
4 91 86 99 89
3 89 94 99
4 83 80 97 105
3 105 110 83
3 96 80 97
3 89 59 21
4 115 89 59 119
3 115 103 119
3 8 80 59
4 115 80 59 118
3 115 117 118
3 107 112 72
4 72 20 13 112
3 5 13 20
4 72 105 13 32
3 105 103 72
3 32 13 96
3 72 73 52
4 52 72 104 80
3 96 80 104
4 20 52 115 104
3 52 115 53
3 21 104 20
3 73 45 112
4 12 45 112 16
3 12 16 25
4 16 49 45 13
3 49 98 45
3 16 13 100
4 59 65 49 99
3 65 49 95
3 100 99 59
4 65 12 99 118
3 65 118 53
3 27 99 12
3 27 80 89
4 118 89 80 119
3 119 98 118
4 32 112 105 20
3 105 112 95
3 25 32 20
3 12 59 10
3 92 118 49
4 12 59 118 49
3 92 90 91
4 104 91 90 32
3 104 94 32
3 76 115 72
4 20 80 115 72
3 23 80 20
3 44 76 90
4 99 44 90 16
3 16 99 94
3 9 16 10
3 44 47 49
4 9 44 49 16
3 65 54 47
4 65 97 80 54
3 27 80 97
3 56 45 116
4 59 97 45 56
3 59 100 97
3 78 119 45
4 12 45 119 59
3 3 59 12
3 81 83 78
4 32 104 83 81
3 32 104 96
3 86 112 116
4 32 112 86 9
3 9 34 32
3 27 25 94
3 20 104 80
3 89 59 80
3 100 94 96
3 23 10 3
3 32 13 16
3 3 8 5
3 16 99 12
3 5 21 10
3 13 97 12
3 8 100 5
3 20 97 80
3 20 32 13
3 21 94 100
3 25 10 23
3 97 80 59
3 25 94 21
3 59 99 12
3 23 3 34
3 89 59 99
3 5 3 10
3 104 80 89
3 44 56 99
3 16 90 61
4 56 99 89 54
3 91 89 54
3 56 99 86
4 81 13 97 52
3 65 52 97
3 61 13 81
3 52 45 38
4 45 13 20 52
3 20 3 13
3 83 80 54
3 105 97 65
3 113 49 112
4 12 13 112 49
3 13 34 12
3 31 90 49
4 49 99 9 90
3 34 99 9
3 52 81 79
3 96 13 97
3 81 31 45
4 20 97 45 81
3 25 97 20
4 89 104 88 44
3 88 113 44
3 94 104 89
3 9 89 23
3 115 88 79
4 89 9 88 115
3 25 27 23
3 16 99 9
3 34 96 27
3 89 104 9
3 59 119 56
3 89 44 115
3 56 54 38
3 99 89 27
3 45 49 12
3 119 118 59
3 56 59 54
3 52 97 45
3 12 16 13
3 94 96 27
3 34 23 27
3 20 97 13
4 56 119 97 12
3 56 43 119
3 12 97 27
4 9 104 115 44
3 44 115 43
3 8 104 9
3 52 81 20
3 104 115 88
3 72 20 52
3 112 45 13
3 34 96 8
3 59 12 97
3 21 5 100
3 89 99 9
3 72 105 20
3 119 80 115
3 91 118 89
3 80 119 83
3 105 13 112
3 12 65 49
3 118 99 86
3 65 12 61
3 32 88 112
3 20 105 83
3 86 91 9
3 72 112 32
3 9 16 32
3 96 8 100
3 12 56 45
3 16 112 86
3 56 12 61
3 105 119 97
3 72 90 32
3 61 105 13
3 91 104 83
3 81 90 32
3 25 21 10
3 9 104 32
3 9 90 91
3 49 99 118
3 52 54 80
3 72 91 104
3 112 49 16
3 88 44 9
3 81 45 13
3 90 16 49
3 54 59 65
3 49 99 44
3 9 86 88
3 115 118 89
3 80 115 52
3 59 118 65
3 34 3 8
3 20 104 32
3 97 45 119
3 83 81 20
3 44 54 89
3 83 104 88
3 16 86 61
3 81 88 32
3 115 72 104
3 44 9 90

# Cells
5 0 1 2 3 4
5 5 6 7 8 9
5 10 11 12 13 14
5 15 16 17 18 19
5 20 21 22 23 24
5 25 26 27 28 29
5 30 31 32 33 34
5 35 36 37 38 39
5 40 41 42 43 44
5 45 46 47 48 49
5 50 51 52 53 54
5 55 56 57 58 59
5 60 61 62 63 64
5 65 66 67 68 69
5 70 71 72 73 74
5 75 76 77 78 79
5 80 81 82 83 84
5 85 86 87 88 89
5 90 91 92 93 94
5 95 96 97 98 99
5 100 101 102 103 104
5 105 106 107 108 109
5 110 111 112 113 114
5 115 116 117 118 119
5 120 121 122 123 124
5 125 126 127 128 129
5 130 131 132 133 134
5 135 136 137 138 139
5 140 141 142 143 144
5 145 146 147 148 149
5 150 151 152 153 154
5 155 156 157 158 159
5 160 161 162 163 164
5 165 166 167 168 169
5 170 171 172 173 174
5 175 176 177 178 179
5 180 181 182 183 184
5 185 186 187 188 189
5 190 191 192 193 194
5 195 196 197 198 199
5 200 201 202 203 204
5 205 206 207 208 209
5 210 211 212 213 214
5 215 216 217 218 219
5 220 221 222 223 224
5 225 226 227 228 229
5 230 231 232 233 234
5 235 236 237 238 239
5 240 241 242 243 244
5 245 246 247 248 249
5 116 250 251 252 253
5 254 255 256 257 258
5 40 259 260 261 262
5 263 264 265 266 267
5 268 269 270 271 272
5 273 274 275 276 277
5 278 279 280 281 282
5 283 284 285 286 287
5 288 289 290 291 292
5 293 294 295 296 297
5 298 299 300 301 302
5 303 304 305 306 307
5 1 308 309 310 311
5 312 313 314 315 316
5 317 318 319 320 321
5 322 323 324 325 326
5 327 328 329 330 331
5 15 332 333 334 335
5 336 337 338 339 340
5 341 342 343 344 345
5 346 347 348 349 350
5 351 352 353 354 355
5 171 259 356 357 358
5 359 360 361 362 363
5 364 365 366 367 368
5 231 369 370 371 372
5 373 374 375 376 377
5 378 379 380 381 382
5 140 383 384 385 386
5 387 388 389 390 391
5 392 393 394 395 396
5 397 398 399 400 401
5 402 403 404 405 406
5 407 408 409 410 411
5 412 413 414 415 416
5 417 418 419 420 421
5 422 423 424 425 426
5 427 428 429 430 431
5 432 433 434 435 436
5 437 438 439 440 441
5 442 443 444 445 446
5 133 447 448 449 450
5 451 452 453 454 455
5 456 457 458 459 460
5 461 462 463 464 465
5 466 467 468 469 470
5 38 471 472 473 474
5 475 476 477 478 479
5 480 481 482 483 484
5 24 485 486 487 488
5 489 490 491 492 493
5 494 495 496 497 498
5 499 500 501 502 503
5 504 505 506 507 508
5 509 510 511 512 513
5 514 515 516 517 518
5 519 520 521 522 523
5 524 525 526 527 528
5 529 530 531 532 533
5 534 535 536 537 538
5 539 540 541 542 543
5 544 545 546 547 548
5 549 550 551 552 553
5 554 555 556 557 558
5 398 559 560 561 562
5 285 563 564 565 566
5 567 568 569 570 571
5 64 572 573 574 575
5 476 576 577 578 579
5 580 581 582 583 584
5 457 585 586 587 588
5 589 590 591 592 593
5 594 595 596 597 598
5 599 600 601 602 603
5 508 604 605 606 607
5 608 609 610 611 612
5 47 613 614 615 616
5 481 617 618 619 620
5 621 622 623 624 625
5 319 626 627 628 629
5 630 631 632 633 634
5 556 635 636 637 638
5 551 639 640 641 642
5 240 375 643 644 645
5 291 646 647 648 649
5 409 650 651 652 653
5 654 655 656 657 658
5 190 659 660 661 662
5 663 664 665 666 667
5 443 668 669 670 671
5 222 672 673 674 675
5 676 677 678 679 680
5 681 682 683 684 685
5 298 346 686 687 688
5 689 690 691 692 693
5 325 694 695 696 697
5 289 698 699 700 701
5 122 702 703 704 705
5 706 707 708 709 710
5 711 712 713 714 715
5 279 716 717 718 719
5 135 720 721 722 723
5 367 724 725 726 727
5 728 729 730 731 732
5 733 734 735 736 737
5 218 738 739 740 741
5 489 742 743 744 745
5 182 536 746 747 748
5 560 749 750 751 752
5 753 754 755 756 757
5 30 347 758 759 760
5 761 762 763 764 765
5 766 767 768 769 770
5 99 771 772 773 774
5 85 775 776 777 778
5 161 779 780 781 782
5 783 784 785 786 787
5 788 789 790 791 792
5 72 793 794 795 796
5 170 797 798 799 800
5 466 801 802 803 804
5 805 806 807 808 809
5 87 672 810 811 812
5 813 814 815 816 817
5 818 819 820 821 822
5 164 253 823 824 825
5 714 826 827 828 829
5 312 830 831 832 833
5 834 835 836 837 838
5 839 840 841 842 843
5 684 844 845 846 847
5 848 849 850 851 852
5 853 854 855 856 857
5 858 859 860 861 862
5 863 864 865 866 867
5 296 868 869 870 871
5 412 872 873 874 875
5 876 877 878 879 880
5 881 882 883 884 885
5 273 886 887 888 889
5 890 891 892 893 894
5 895 896 897 898 899
5 852 900 901 902 903
5 904 905 906 907 908
5 909 910 911 912 913
5 803 914 915 916 917
5 841 918 919 920 921
5 922 923 924 925 926
5 927 928 929 930 931
5 932 933 934 935 936
5 937 938 939 940 941
5 942 943 944 945 946
5 947 948 949 950 951
5 952 953 954 955 956
5 263 957 958 959 960
5 663 961 962 963 964
5 965 966 967 968 969
5 970 971 972 973 974
5 807 975 976 977 978
5 879 979 980 981 982
5 983 984 985 986 987
5 893 988 989 990 991
5 992 993 994 995 996
5 73 997 998 999 1000
5 1001 1002 1003 1004 1005
5 1006 1007 1008 1009 1010
5 1011 1012 1013 1014 1015
5 521 1016 1017 1018 1019
5 584 1020 1021 1022 1023
5 1024 1025 1026 1027 1028
5 1029 1030 1031 1032 1033
5 1034 1035 1036 1037 1038
5 1039 1040 1041 1042 1043
5 610 1044 1045 1046 1047
5 27 1048 1049 1050 1051
5 484 1052 1053 1054 1055
5 1056 1057 1058 1059 1060
5 1061 1062 1063 1064 1065
5 636 1066 1067 1068 1069
5 631 1070 1071 1072 1073
5 1074 1075 1076 1077 1078
5 151 241 1079 1080 1081
5 1082 1083 1084 1085 1086
5 1087 1088 1089 1090 1091
5 952 1092 1093 1094 1095
5 1096 1097 1098 1099 1100
5 283 744 984 1101 1102
5 1103 1104 1105 1106 1107
5 169 258 1108 1109 1110
5 1111 1112 1113 1114 1115
5 868 1116 1117 1118 1119
5 1120 1121 1122 1123 1124
5 1125 1126 1127 1128 1129
5 48 865 1130 1131 1132
5 1133 1134 1135 1136 1137
5 451 901 1138 1139 1140
5 480 1141 1142 1143 1144
5 1145 1146 1147 1148 1149
5 878 1150 1151 1152 1153
5 844 1154 1155 1156 1157
5 959 1158 1159 1160 1161
5 1162 1163 1164 1165 1166
5 1167 1168 1169 1170 1171
5 303 1172 1173 1174 1175
5 1176 1177 1178 1179 1180
5 0 121 1181 1182 1183
5 613 1184 1185 1186 1187
5 792 833 1188 1189 1190
5 238 1191 1192 1193 1194
5 425 1195 1196 1197 1198
5 1199 1200 1201 1202 1203
5 742 1204 1205 1206 1207
5 166 1208 1209 1210 1211
5 979 1212 1213 1214 1215
5 1216 1217 1218 1219 1220
5 431 1221 1222 1223 1224
5 730 1225 1226 1227 1228
5 383 1229 1230 1231 1232
5 619 1233 1234 1235 1236
5 1237 1238 1239 1240 1241
5 1242 1243 1244 1245 1246
5 150 374 1247 1248 1249
5 1049 1250 1251 1252 1253
5 580 764 1254 1255 1256
5 1257 1258 1259 1260 1261
5 42 798 1262 1263 1264
5 1265 1266 1267 1268 1269
5 495 1270 1271 1272 1273
5 230 1274 1275 1276 1277
5 788 1278 1279 1280 1281
5 1282 1283 1284 1285 1286
5 1287 1288 1289 1290 1291
5 92 1197 1292 1293 1294
5 1295 1296 1297 1298 1299
5 1300 1301 1302 1303 1304
5 755 1305 1306 1307 1308
5 467 1309 1310 1311 1312
5 683 754 1313 1314 1315
5 452 1316 1317 1318 1319
5 159 249 1320 1321 1322
5 611 1323 1324 1325 1326
5 336 1011 1327 1328 1329
5 1330 1331 1332 1333 1334
5 1267 1335 1336 1337 1338
5 95 322 1074 1339 1340
5 117 781 1282 1341 1342
5 475 919 1343 1344 1345
5 501 1346 1347 1348 1349
5 599 1214 1350 1351 1352
5 472 854 1353 1354 1355
5 1356 1357 1358 1359 1360
5 295 541 1361 1362 1363
5 557 1364 1365 1366 1367
5 179 267 1368 1369 1370
5 327 427 1371 1372 1373
5 1209 1374 1375 1376 1377
5 110 1378 1379 1380 1381
5 1204 1382 1383 1384 1385
5 1386 1387 1388 1389 1390
5 1391 1392 1393 1394 1395
5 695 772 1396 1397 1398
5 1222 1399 1400 1401 1402
5 17 138 1403 1404 1405
5 968 1244 1406 1407 1408
5 208 973 1409 1410 1411
5 1143 1412 1413 1414 1415
5 155 883 1416 1417 1418
5 866 1186 1419 1420 1421
5 856 1422 1423 1424 1425
5 542 1118 1426 1427 1428
5 175 1160 1429 1430 1431
5 734 1432 1433 1434 1435
5 1177 1436 1437 1438 1439
5 581 1440 1441 1442 1443
5 1444 1445 1446 1447 1448
5 66 1449 1450 1451 1452
5 1453 1454 1455 1456 1457
5 406 1299 1458 1459 1460
5 499 1461 1462 1463 1464
5 805 1328 1465 1466 1467
5 931 1468 1469 1470 1471
5 105 554 1472 1473 1474
5 644 923 1475 1476 1477
5 96 1478 1479 1480 1481
5 1482 1483 1484 1485 1486
5 330 1399 1487 1488 1489
5 1490 1491 1492 1493 1494
5 550 1120 1495 1496 1497
5 132 497 1498 1499 1500
5 215 716 1501 1502 1503
5 1504 1505 1506 1507 1508
5 1139 1509 1510 1511 1512
5 801 1513 1514 1515 1516
5 206 1517 1518 1519 1520
5 1521 1522 1523 1524 1525
5 1526 1527 1528 1529 1530
5 195 861 1531 1532 1533
5 1534 1535 1536 1537 1538
5 1539 1540 1541 1542 1543
5 143 1544 1545 1546 1547
5 1136 1548 1549 1550 1551
5 1552 1553 1554 1555 1556
5 21 142 1557 1558 1559
5 1560 1561 1562 1563 1564
5 1565 1566 1567 1568 1569
5 114 1570 1571 1572 1573
5 709 1122 1574 1575 1576
5 1145 1461 1577 1578 1579
5 50 1163 1580 1581 1582
5 1583 1584 1585 1586 1587
5 1001 1588 1589 1590 1591
5 329 1592 1593 1594 1595
5 678 749 1084 1596 1597
5 309 702 1598 1599 1600
5 1601 1602 1603 1604 1605
5 1061 1606 1607 1608 1609
5 32 299 1610 1611 1612
5 1613 1614 1615 1616 1617
5 708 1618 1619 1620 1621
5 1622 1623 1624 1625 1626
5 420 1627 1628 1629 1630
5 1631 1632 1633 1634 1635
5 52 364 909 1636 1637
5 1167 1638 1639 1640 1641
5 874 1128 1642 1643 1644
5 1200 1645 1646 1647 1648
5 1210 1649 1650 1651 1652
5 1113 1250 1653 1654 1655
5 381 1135 1656 1657 1658
5 1174 1436 1659 1660 1661
5 1205 1662 1663 1664 1665
5 1155 1666 1667 1668 1669
5 786 827 1670 1671 1672
5 290 746 1673 1674 1675
5 1676 1677 1678 1679 1680
5 1681 1682 1683 1684 1685
5 101 1619 1686 1687 1688
5 1226 1468 1689 1690 1691
5 1692 1693 1694 1695 1696
5 428 509 1697 1698 1699
5 61 1700 1701 1702 1703
5 1622 1704 1705 1706 1707
5 395 1242 1380 1708 1709
5 80 1710 1711 1712 1713
5 766 1714 1715 1716 1717
5 1718 1719 1720 1721 1722
5 938 1723 1724 1725 1726
5 1727 1728 1729 1730 1731
5 1732 1733 1734 1735 1736
5 1182 1737 1738 1739 1740
5 1741 1742 1743 1744 1745
5 1746 1747 1748 1749 1750
5 947 1751 1752 1753 1754
5 920 1755 1756 1757 1758
5 1674 1759 1760 1761 1762
5 370 1763 1764 1765 1766
5 1654 1767 1768 1769 1770
5 1771 1772 1773 1774 1775
5 1776 1777 1778 1779 1780
5 1781 1782 1783 1784 1785
5 1786 1787 1788 1789 1790
5 1791 1792 1793 1794 1795
5 986 1664 1796 1797 1798
5 446 1799 1800 1801 1802
5 896 1803 1804 1805 1806
5 103 1807 1808 1809 1810
5 1811 1812 1813 1814 1815
5 1083 1816 1817 1818 1819
5 1820 1821 1822 1823 1824
5 784 1034 1097 1825 1826
5 1827 1828 1829 1830 1831
5 1832 1833 1834 1835 1836
5 1603 1837 1838 1839 1840
5 1579 1626 1841 1842 1843
5 1168 1844 1845 1846 1847
5 1848 1849 1850 1851 1852
5 1853 1854 1855 1856 1857
5 1858 1859 1860 1861 1862
5 1863 1864 1865 1866 1867
5 4 1868 1869 1870 1871
5 1872 1873 1874 1875 1876
5 488 1877 1878 1879 1880
5 458 906 1881 1882 1883
5 1884 1885 1886 1887 1888
5 1142 1889 1890 1891 1892
5 1877 1893 1894 1895 1896
5 985 1897 1898 1899 1900
5 1498 1901 1902 1903 1904
5 262 933 1484 1905 1906
5 1147 1347 1907 1908 1909
5 244 1910 1911 1912 1913
5 569 669 1914 1915 1916
5 855 1917 1918 1919 1920
5 1921 1922 1923 1924 1925
5 1926 1927 1928 1929 1930
5 1173 1931 1932 1933 1934
5 887 1935 1936 1937 1938
5 1939 1940 1941 1942 1943
5 1524 1944 1945 1946 1947
5 1520 1948 1949 1950 1951
5 723 1952 1953 1954 1955
5 1548 1956 1957 1958 1959
5 912 1165 1960 1961 1962
5 1862 1916 1963 1964 1965
5 1842 1966 1967 1968 1969
5 759 1970 1971 1972 1973
5 752 1493 1974 1975 1976
5 1977 1978 1979 1980 1981
5 1497 1982 1983 1984 1985
5 1943 1986 1987 1988 1989
5 1421 1990 1991 1992 1993
5 1435 1994 1995 1996 1997
5 937 1998 1999 2000 2001
5 1098 2002 2003 2004 2005
5 223 2006 2007 2008 2009
5 1218 2010 2011 2012 2013
5 568 1301 2014 2015 2016
5 1725 2017 2018 2019 2020
5 1189 2021 2022 2023 2024
5 641 2025 2026 2027 2028
5 2029 2030 2031 2032 2033
5 2034 2035 2036 2037 2038
5 2039 2040 2041 2042 2043
5 1308 2044 2045 2046 2047
5 2048 2049 2050 2051 2052
5 1479 2053 2054 2055 2056
5 848 1318 2057 2058 2059
5 1728 2060 2061 2062 2063
5 1457 2064 2065 2066 2067
5 1240 1325 2068 2069 2070
5 626 2071 2072 2073 2074
5 280 1259 2075 2076 2077
5 600 2078 2079 2080 2081
5 2030 2082 2083 2084 2085
5 1311 2086 2087 2088 2089
5 71 660 2017 2090 2091
5 1016 1358 1682 2092 2093
5 286 1384 2094 2095 2096
5 442 1710 2014 2097 2098
5 33 2099 2100 2101 2102
5 1453 2103 2104 2105 2106
5 102 639 1575 2107 2108
5 561 2109 2110 2111 2112
5 504 2113 2114 2115 2116
5 1153 2079 2117 2118 2119
5 2120 2121 2122 2123 2124
5 1265 1588 2125 2126 2127
5 971 1949 2128 2129 2130
5 1558 1895 2131 2132 2133
5 1507 1565 2134 2135 2136
5 537 646 1523 2137 2138
5 1103 2139 2140 2141 2142
5 1885 2143 2144 2145 2146
5 245 884 2147 2148 2149
5 332 720 2150 2151 2152
5 982 2078 2153 2154 2155
5 762 1643 2156 2157 2158
5 1216 1268 1695 2159 2160
5 1651 2115 2161 2162 2163
5 2018 2164 2165 2166 2167
5 1476 2168 2169 2170 2171
5 776 2172 2173 2174 2175
5 1193 2073 2176 2177 2178
5 1234 1414 2179 2180 2181
5 2182 2183 2184 2185 2186
5 447 1270 2187 2188 2189
5 2011 2125 2190 2191 2192
5 1903 2193 2194 2195 2196
5 2197 2198 2199 2200 2201
5 234 1107 2202 2203 2204
5 1510 2205 2206 2207 2208
5 235 2209 2210 2211 2212
5 882 2213 2214 2215 2216
5 713 2004 2217 2218 2219
5 704 1940 2220 2221 2222
5 145 1114 2223 2224 2225
5 652 2226 2227 2228 2229
5 899 2230 2231 2232 2233
5 1535 2234 2235 2236 2237
5 424 2238 2239 2240 2241
5 12 131 2242 2243 2244
5 1123 1810 2245 2246 2247
5 888 1432 2248 2249 2250
5 188 1529 2251 2252 2253
5 1539 2254 2255 2256 2257
5 1514 2258 2259 2260 2261
5 1090 1117 2262 2263 2264
5 2234 2265 2266 2267 2268
5 1511 1628 2269 2270 2271
5 1413 2272 2273 2274 2275
5 2183 2276 2277 2278 2279
5 109 2280 2281 2282 2283
5 344 1410 2284 2285 2286
5 10 2187 2287 2288 2289
5 255 1376 2114 2290 2291
5 435 589 2292 2293 2294
5 407 1701 2295 2296 2297
5 2298 2299 2300 2301 2302
5 1095 1203 2303 2304 2305
5 20 1229 2306 2307 2308
5 60 651 2309 2310 2311
5 1126 1255 2312 2313 2314
5 91 2239 2315 2316 2317
5 1052 2273 2318 2319 2320
5 211 1039 2321 2322 2323
5 2324 2325 2326 2327 2328
5 203 1473 2329 2330 2331
5 55 1276 2141 2332 2333
5 191 793 2334 2335 2336
5 1466 2120 2337 2338 2339
5 1150 1350 2340 2341 2342
5 268 728 2343 2344 2345
5 228 1092 2143 2346 2347
5 2255 2348 2349 2350 2351
5 318 1606 2209 2352 2353
5 2327 2354 2355 2356 2357
5 181 698 1522 2358 2359
5 2102 2360 2361 2362 2363
5 576 842 1827 2364 2365
5 963 2256 2366 2367 2368
5 828 1099 2369 2370 2371
5 2372 2373 2374 2375 2376
5 958 2377 2378 2379 2380
5 111 544 1407 2381 2382
5 573 2226 2383 2384 2385
5 250 2386 2387 2388 2389
5 2390 2391 2392 2393 2394
5 1738 2221 2395 2396 2397
5 814 1196 2398 2399 2400
5 724 1386 1580 2401 2402
5 1449 2403 2404 2405 2406
5 1953 2407 2408 2409 2410
5 2200 2411 2412 2413 2414
5 2044 2374 2415 2416 2417
5 951 2112 2418 2419 2420
5 1404 2408 2421 2422 2423
5 440 914 2086 2424 2425
5 585 1716 2426 2427 2428
5 895 2182 2251 2429 2430
5 1442 2158 2431 2432 2433
5 810 2434 2435 2436 2437
5 67 656 2438 2439 2440
5 459 769 2441 2442 2443
5 773 2444 2445 2446 2447
5 199 1685 2448 2449 2450
5 227 2451 2452 2453 2454
5 1387 2455 2456 2457 2458
5 2459 2460 2461 2462 2463
5 1931 2464 2465 2466 2467
5 1543 2468 2469 2470 2471
5 1302 1801 1963 2472 2473
5 437 1513 2474 2475 2476
5 403 1536 2477 2478 2479
5 2055 2447 2480 2481 2482
5 1758 1831 2483 2484 2485
5 2486 2487 2488 2489 2490
5 962 2469 2491 2492 2493
5 525 2494 2495 2496 2497
5 1245 2498 2499 2500 2501
5 128 1640 2502 2503 2504
5 202 1366 1927 2505 2506
5 2035 2507 2508 2509 2510
5 28 146 2511 2512 2513
5 1991 2514 2515 2516 2517
5 1917 2518 2519 2520 2521
5 526 2522 2523 2524 2525
5 608 2135 2526 2527 2528
5 637 1929 2529 2530 2531
5 595 2532 2533 2534 2535
5 196 1359 2536 2537 2538
5 380 1958 2494 2539 2540
5 1071 2398 2541 2542 2543
5 597 2478 2544 2545 2546
5 706 1983 2027 2547 2548
5 2052 2388 2549 2550 2551
5 1889 2552 2553 2554 2555
5 2504 2556 2557 2558 2559
5 2041 2560 2561 2562 2563
5 655 2404 2560 2564 2565
5 892 2064 2566 2567 2568
5 376 2569 2570 2571 2572
5 1286 2387 2573 2574 2575
5 1336 2576 2577 2578 2579
5 2557 2580 2581 2582 2583
5 1935 1995 2584 2585 2586
5 337 976 1741 2587 2588
5 1219 2062 2578 2589 2590
5 401 948 1492 2591 2592
5 1391 1714 2593 2594 2595
5 485 1544 2596 2597 2598
5 461 1164 2456 2599 2600
5 1263 1482 2601 2602 2603
5 36 1424 2604 2605 2606
5 2607 2608 2609 2610 2611
5 540 1088 2612 2613 2614
5 2615 2616 2617 2618 2619
5 176 1562 2620 2621 2622
5 2623 2624 2625 2626 2627
5 1014 2628 2629 2630 2631
5 1029 2341 2632 2633 2634
5 1275 2635 2636 2637 2638
5 2639 2640 2641 2642 2643
5 2151 2644 2645 2646 2647
5 2632 2648 2649 2650 2651
5 214 822 2652 2653 2654
5 989 2356 2655 2656 2657
5 1833 2330 2529 2658 2659
5 93 630 815 2660 2661
5 315 1280 1601 2662 2663
5 434 818 2390 2664 2665
5 270 1690 2411 2666 2667
5 397 677 2668 2669 2670
5 689 1786 2593 2671 2672
5 220 775 2673 2674 2675
5 2072 2211 2676 2677 2678
5 127 1846 2679 2680 2681
5 1290 2394 2682 2683 2684
5 667 2351 2685 2686 2687
5 1310 2475 2688 2689 2690
5 1296 1537 2532 2691 2692
5 1554 1957 2522 2693 2694
5 2007 2174 2436 2695 2696
5 449 1793 2193 2697 2698
5 1590 1692 2699 2700 2701
5 992 1718 2249 2702 2703
5 402 1746 2266 2704 2705
5 1792 2287 2706 2707 2708
5 835 2405 2709 2710 2711
5 8 1639 2712 2713 2714
5 1085 2109 2715 2716 2717
5 334 2407 2718 2719 2720
5 1660 1676 1872 2721 2722
5 905 1788 2427 2723 2724
5 890 2103 2725 2726 2727
5 505 2728 2729 2730 2731
5 735 993 2732 2733 2734
5 1013 1742 2735 2736 2737
5 529 1213 2649 2738 2739
5 1062 2677 2740 2741 2742
5 1078 2444 2743 2744 2745
5 1324 1506 2746 2747 2748
5 210 432 1287 2749 2750
5 785 2218 2639 2751 2752
5 1072 1292 2617 2753 2754
5 1007 2674 2755 2756 2757
5 1763 2636 2758 2759 2760
5 379 1553 2761 2762 2763
5 6 1845 2764 2765 2766
5 307 1680 2767 2768 2769
5 1383 2770 2771 2772 2773
5 392 966 1571 2774 2775
5 82 670 2776 2777 2778
5 692 768 907 2779 2780
5 840 1584 2781 2782 2783
5 2784 2785 2786 2787 2788
5 416 2314 2789 2790 2791
5 2146 2792 2793 2794 2795
5 294 1089 2796 2797 2798
5 2799 2800 2801 2802 2803
5 1036 2641 2804 2805 2806
5 577 1586 2807 2808 2809
5 1330 2354 2725 2810 2811
5 2624 2812 2813 2814 2815
5 200 2281 2816 2817 2818
5 57 371 2819 2820 2821
5 1480 2822 2823 2824 2825
5 390 1567 2826 2827 2828
5 1148 2300 2829 2830 2831
5 1797 2095 2832 2833 2834
5 2644 2835 2836 2837 2838
5 187 2278 2839 2840 2841
5 78 2348 2842 2843 2844
5 588 1394 2845 2846 2847
5 1390 2848 2849 2850 2851
5 1379 2785 2852 2853 2854
5 343 2128 2855 2856 2857
5 1752 2669 2716 2858 2859
5 1747 2544 2860 2861 2862
5 1727 2012 2699 2863 2864
5 310 2395 2865 2866 2867
5 2868 2869 2870 2871 2872
5 922 1911 2873 2874 2875
5 1134 1555 2876 2877 2878
5 1766 2879 2880 2881 2882
5 2629 2883 2884 2885 2886
5 2542 2887 2888 2889 2890
5 674 1009 1733 2891 2892
5 946 1823 2229 2893 2894
5 1171 2580 2868 2895 2896
5 847 2897 2898 2899 2900
5 2783 2901 2902 2903 2904
5 1773 2905 2906 2907 2908
5 726 1961 2909 2910 2911
5 2213 2912 2913 2914 2915
5 2874 2916 2917 2918 2919
5 1947 2920 2921 2922 2923
5 955 1647 2452 2924 2925
5 1159 1561 2926 2927 2928
5 657 836 2929 2930 2931
5 915 2932 2933 2934 2935
5 824 1634 2936 2937 2938
5 877 2650 2939 2940 2941
5 902 1629 2942 2943 2944
5 1055 2945 2946 2947 2948
5 1026 2949 2950 2951 2952
5 1374 2729 2953 2954 2955
5 1331 2567 2956 2957 2958
5 522 2450 2959 2960 2961
5 502 1967 2962 2963 2964
5 1372 2460 2965 2966 2967
5 2614 2968 2969 2970 2971
5 2470 2687 2972 2973 2974
5 1694 2061 2975 2976 2977
5 43 2978 2979 2980 2981
5 1037 2982 2983 2984 2985
5 2625 2856 2986 2987 2988
5 2989 2990 2991 2992 2993
5 1646 2609 2994 2995 2996
5 740 1260 2997 2998 2999
5 2033 3000 3001 3002 3003
5 1075 2054 3004 3005 3006
5 2801 3007 3008 3009 3010
5 1822 2310 3011 3012 3013
5 3014 3015 3016 3017 3018
5 2974 3019 3020 3021 3022
5 3023 3024 3025 3026 3027
5 552 1807 3028 3029 3030
5 1649 2730 3031 3032 3033
5 3034 3035 3036 3037 3038
5 493 1900 3039 3040 3041
5 1950 2626 3042 3043 3044
5 3045 3046 3047 3048 3049
5 1750 1815 3050 3051 3052
5 1452 2040 3053 3054 3055
5 590 1041 1289 3056 3057
5 3058 3059 3060 3061 3062
5 2933 3063 3064 3065 3066
5 455 3067 3068 3069 3070
5 1050 2037 3071 3072 3073
5 510 2965 3074 3075 3076
5 3077 3078 3079 3080 3081
5 106 1066 1834 3082 3083
5 1928 3084 3085 3086 3087
5 1780 1908 1968 3088 3089
5 2583 2681 3090 3091 3092
5 1005 1731 3093 3094 3095
5 2798 3096 3097 3098 3099
5 661 941 3100 3101 3102
5 687 2907 3103 3104 3105
5 3106 3107 3108 3109 3110
5 1755 2902 3111 3112 3113
5 439 3114 3115 3116 3117
5 3118 3119 3120 3121 3122
5 2131 3123 3124 3125 3126
5 1954 3127 3128 3129 3130
5 545 2499 2853 3131 3132
5 3133 3134 3135 3136 3137
5 3012 3138 3139 3140 3141
5 2173 3045 3142 3143 3144
5 789 1838 3007 3145 3146
5 2621 3147 3148 3149 3150
5 972 3151 3152 3153 3154
5 465 911 3155 3156 3157
5 2843 3021 3158 3159 3160
5 2733 3161 3162 3163 3164
5 530 2154 3165 3166 3167
5 2999 3168 3169 3170 3171
5 1030 2118 3172 3173 3174
5 1812 2533 3175 3176 3177
5 2689 3178 3179 3180 3181
5 277 996 3182 3183 3184
5 264 514 1563 3185 3186
5 616 2517 3026 3187 3188
5 2637 3189 3190 3191 3192
5 473 2519 3193 3194 3195
5 1227 2198 3196 3197 3198
5 1772 1973 2361 3199 3200
5 990 3201 3202 3203 3204
5 1551 3205 3206 3207 3208
5 194 2000 2165 3209 3210
5 1547 1893 3211 3212 3213
5 977 1977 2121 3214 3215
5 1873 3015 3216 3217 3218
5 1223 2461 3219 3220 3221
5 1887 2453 2610 3222 3223
5 2237 2861 3176 3224 3225
5 830 1839 1921 3226 3227
5 1239 2526 3228 3229 3230
5 932 2980 3231 3232 3233
5 1816 1975 2419 3234 3235
5 756 1156 2375 3236 3237
5 2231 3238 3239 3240 3241
5 1272 2194 3242 3243 3244
5 340 2124 2883 3245 3246
5 1417 1446 3247 3248 3249
5 1248 2170 3250 3251 3252
5 137 2836 3253 3254 3255
5 1305 1666 3256 3257 3258
5 123 1987 3259 3260 3261
5 2186 3238 3262 3263 3264
5 860 1357 3265 3266 3267
5 1445 2083 2148 3268 3269
5 2099 3270 3271 3272 3273
5 76 2367 3274 3275 3276
5 304 1179 3277 3278 3279
5 225 1199 3280 3281 3282
5 1258 1502 3283 3284 3285
5 1317 2205 3286 3287 3288
5 149 1253 2507 3289 3290
5 2181 2554 3291 3292 3293
5 385 3125 3294 3295 3296
5 388 1237 1505 3297 3298
5 2084 2216 3299 3300 3301
5 350 1774 3271 3302 3303
5 2105 2325 3201 3304 3305
5 1295 1811 2267 3306 3307
5 1279 2800 3308 3309 3310
5 320 1192 3311 3312 3313
5 1712 3314 3315 3316 3317
5 341 1517 2812 3318 3319
5 2022 3310 3320 3321 3322
5 3116 3180 3323 3324 3325
5 2274 3326 3327 3328 3329
5 174 1485 3330 3331 3332
5 351 1423 3333 3334 3335
5 2457 2910 3336 3337 3338
5 2608 2793 3281 3339 3340
5 3120 3284 3341 3342 3343
5 361 1185 3344 3345 3346
5 1283 2049 3134 3347 3348
5 1178 1677 3014 3349 3350
5 237 3351 3352 3353 3354
5 217 1613 3355 3356 3357
5 780 1632 3133 3358 3359
5 1463 1706 2298 3360 3361
5 719 1617 3118 3362 3363
5 362 864 3364 3365 3366
5 2647 3127 3367 3368 3369
5 1804 2277 3370 3371 3372
5 324 2823 3373 3374 3375
5 419 849 2206 3376 3377
5 68 837 3378 3379 3380
5 859 1681 1848 3381 3382
5 1608 3351 3383 3384 3385
5 1800 3314 3386 3387 3388
5 2260 2934 3115 3389 3390
5 26 1112 3391 3392 3393
5 156 2913 3394 3395 3396
5 2756 3142 3397 3398 3399
5 682 3106 3257 3400 3401
5 355 1355 3402 3403 3404
5 2878 3078 3405 3406 3407
5 118 1633 2048 3408 3409
5 413 763 3410 3411 3412
5 618 2553 3413 3414 3415
5 1021 3411 3416 3417 3418
5 1363 2490 3419 3420 3421
5 410 943 3140 3422 3423
5 186 1805 2949 3424 3425
5 1686 2026 3426 3427 3428
5 1719 1996 3161 3429 3430
5 1735 2008 3398 3431 3432
5 1527 2232 2950 3433 3434
5 1611 3435 3436 3437 3438
5 246 2029 2914 3439 3440
5 254 605 3441 3442 3443
5 1439 2466 3217 3444 3445
5 622 2140 3191 3446 3447
5 515 2377 3448 3449 3450
5 1970 3103 3435 3451 3452
5 997 3100 3453 3454 3455
5 1869 3259 3456 3457 3458
5 1594 1866 3075 3459 3460
5 1080 2168 2917 3461 3462
5 1017 1849 3463 3464 3465
5 2326 3035 3466 3467 3468
5 731 1856 3469 3470 3471
5 1761 3472 3473 3474 3475
5 1784 3005 3374 3476 3477
5 357 3478 3479 3480 3481
5 2711 3482 3483 3484 3485
5 2304 2794 3486 3487 3488
5 271 3489 3490 3491 3492
5 366 2849 3493 3494 3495
5 1658 3077 3496 3497 3498
5 3029 3427 3499 3500 3501
5 2968 3502 3503 3504 3505
5 2931 3506 3507 3508 3509
5 3001 3395 3510 3511 3512
5 422 2618 2888 3513 3514
5 3024 3346 3515 3516 3517
5 2979 3478 3518 3519 3520
5 1670 2983 3521 3522 3523
5 2719 2990 3368 3524 3525
5 2307 3124 3526 3527 3528
5 2656 2957 3037 3529 3530
5 2653 2683 3531 3532 3533
5 2771 3534 3535 3536 3537
5 1920 3538 3539 3540 3541
5 154 3542 3543 3544 3545
5 2199 2345 3546 3547 3548
5 2928 3449 3549 3550 3551
5 1870 3552 3553 3554 3555
5 2561 3483 3508 3556 3557
5 696 1782 2744 3558 3559
5 183 2922 3472 3560 3561
5 3169 3342 3356 3562 3563
5 1663 3039 3535 3564 3565
5 3334 3539 3566 3567 3568
5 1057 2707 3243 3569 3570
5 1046 1568 3571 3572 3573
5 77 664 3574 3575 3576
5 46 360 3577 3578 3579
5 1027 3241 3372 3580 3581
5 1767 3071 3582 3583 3584
5 535 2921 3585 3586 3587
5 548 3588 3589 3590 3591
5 1892 2945 3329 3592 3593
5 2203 2879 3190 3594 3595
5 2550 2936 3596 3597 3598
5 1734 2435 3049 3599 3600
5 2898 3107 3601 3602 3603
5 2827 3228 3604 3605 3606
5 1623 1776 2830 3607 3608
5 649 3609 3610 3611 3612
5 623 2882 3613 3614 3615
5 1722 1938 3616 3617 3618
5 1060 1902 3619 3620 3621
5 2889 3622 3623 3624 3625
5 1109 2162 3626 3627 3628
5 967 3591 3629 3630 3631
5 1828 2903 3632 3633 3634
5 2047 3110 3635 3636 3637
5 2766 2872 3638 3639 3640
5 3018 3641 3642 3643 3644
5 2088 3063 3324 3645 3646
5 2971 3099 3421 3647 3648
5 3156 3338 3494 3649 3650
5 1924 2023 3010 3651 3652
5 634 3624 3653 3654 3655
5 1042 3532 3656 3657 3658
5 1572 2786 3588 3659 3660
5 1854 3548 3661 3662 3663
5 1760 3585 3610 3664 3665
5 1858 2777 3386 3666 3667
5 1428 2487 3502 3668 3669
5 928 1855 3198 3670 3671
5 1876 1934 3672 3673 3674
5 1912 2569 3543 3675 3676
5 2373 2899 3677 3678 3679
5 1794 2242 3619 3680 3681
5 1835 2816 3084 3682 3683
5 1739 1988 3552 3684 3685
5 3331 3686 3687 3688 3689
5 2918 3544 3690 3691 3692
5 2315 2616 3654 3693 3694
5 1992 3515 3695 3696 3697
5 1753 1819 3698 3699 3700
5 3366 3695 3701 3702 3703
5 1488 1864 2462 3704 3705
5 1789 2846 3706 3707 3708
5 1069 3087 3709 3710 3711
5 3092 3640 3712 3713 3714
5 936 3481 3688 3715 3716
5 3184 3617 3717 3718 3719
5 3404 3540 3720 3721 3722
5 1022 2791 3723 3724 3725
5 3492 3661 3726 3727 3728
5 1620 2246 3729 3730 3731
5 3058 3312 3383 3732 3733
5 2833 3536 3734 3735 3736
5 1702 3138 3737 3738 3739
5 3053 3484 3740 3741 3742
5 3247 3300 3510 3743 3744
5 1669 2415 3601 3745 3746
5 1303 3316 3747 3748 3749
5 2177 3059 3750 3751 3752
5 2285 3753 3754 3755 3756
5 518 3150 3757 3758 3759
5 7 126 3760 3761 3762
5 2264 3503 3763 3764 3765
5 2523 3206 3406 3766 3767
5 2941 3165 3172 3768 3769
5 2741 3353 3751 3770 3771
5 2987 3151 3756 3772 3773
5 1770 2508 3774 3775 3776
5 1745 1981 2885 3777 3778
5 2422 2991 3779 3780 3781
5 2942 3069 3782 3783 3784
5 513 3220 3785 3786 3787
5 2067 3036 3203 3788 3789
5 1045 3605 3790 3791 3792
5 593 2391 3793 3794 3795
5 606 3626 3796 3797 3798
5 954 1886 3799 3800 3801
5 1104 2820 3613 3802 3803
5 3211 3296 3804 3805 3806
5 926 2572 3807 3808 3809
5 816 2240 3622 3810 3811
5 1540 3158 3812 3813 3814
5 37 352 3815 3816 3817
5 1370 3758 3818 3819 3820
5 479 2484 3821 3822 3823
5 1365 2282 3709 3824 3825
5 927 2414 3726 3826 3827
5 2224 3775 3828 3829 3830
5 871 2486 3831 3832 3833
5 2259 3179 3834 3835 3836
5 1528 3263 3837 3838 3839
5 1396 2824 3840 3841 3842
5 2495 3207 3497 3843 3844
5 1783 2482 3841 3845 3846
5 1984 3500 3729 3847 3848
5 2077 3121 3849 3850 3851
5 2369 2984 3852 3853 3854
5 3130 3254 3780 3855 3856
5 3137 3596 3857 3858 3859
5 3292 3326 3860 3861 3862
5 574 1820 3863 3864 3865
5 3267 3464 3866 3867 3868
5 2191 2577 3093 3869 3870
5 394 2787 3871 3872 3873
5 679 1490 3699 3874 3875
5 700 3474 3876 3877 3878
5 1127 1441 3879 3880 3881
5 1000 1724 3882 3883 3884
5 2269 3068 3885 3886 3887
5 796 2166 3888 3889 3890
5 160 2574 3858 3891 3892
5 564 1897 3735 3893 3894
5 2465 3278 3643 3895 3896
5 1859 3748 3897 3898 3899
5 1944 3611 3877 3900 3901
5 2002 2805 3902 3903 3904
5 3195 3722 3905 3906 3907
5 2808 3633 3908 3909 3910
5 520 2537 3911 3912 3913
5 2500 3629 3872 3914 3915
5 3251 3690 3808 3916 3917
5 3096 3764 3832 3918 3919
5 2814 3753 3920 3921 3922
5 1235 2318 3923 3924 3925
5 2642 3522 3926 3927 3928
5 1343 1585 3929 3930 3931
5 1593 1698 3932 3933 3934
5 2293 2322 3935 3936 3937
5 3393 3583 3938 3939 3940
5 302 3272 3941 3942 3943
5 799 3519 3944 3945 3946
5 3380 3740 3947 3948 3949
5 3020 3575 3950 3951 3952
5 1705 2963 3953 3954 3955
5 3025 3579 3956 3957 3958
5 1604 2802 3959 3960 3961
5 3147 3550 3962 3963 3964
5 1852 2959 3965 3966 3967
5 2335 3454 3968 3969 3970
5 2746 3571 3971 3972 3973
5 2955 3442 3974 3975 3976
5 274 736 3977 3978 3979
5 281 739 3980 3981 3982
5 2520 2606 3983 3984 3985
5 2297 2384 3986 3987 3988
5 2714 2869 3989 3990 3991
5 3170 3851 3992 3993 3994
5 1879 3528 3995 3996 3997
5 2058 3783 3998 3999 4000
5 1883 3707 4001 4002 4003
5 2948 3415 4004 4005 4006
5 3164 3719 4007 4008 4009
5 2867 3555 4010 4011 4012
5 3658 3794 4013 4014 4015
5 3853 3904 4016 4017 4018
5 2036 2512 4019 4020 4021
5 2603 3232 4022 4023 4024
5 1865 3787 4025 4026 4027
5 3043 3154 4028 4029 4030
5 2042 2440 4031 4032 4033
5 3823 3910 4034 4035 4036
5 2362 3438 4037 4038 4039
5 808 2736 4040 4041 4042
5 2432 3416 4043 4044 4045
5 314 3321 4046 4047 4048
5 2380 3818 4049 4050 4051
5 1231 2597 4052 4053 4054
5 1393 2441 4055 4056 4057
5 3033 3798 4058 4059 4060
5 2338 2630 4061 4062 4063
5 3723 3881 4064 4065 4066
5 3739 3865 4067 4068 4069
5 1315 3636 3679 4070 4071
5 533 603 1033 4072 4073
5 1469 3469 3489 4074 4075
5 18 2837 2992 4076 4077
5 13 496 1056 4078 4079
5 2769 3642 3673 4080 4081
5 629 1065 3062 4082 4083
5 490 565 2772 4084 4085
5 1322 1447 3002 4086 4087
5 1334 1454 3468 4088 4089
5 1002 1337 2976 4090 4091
5 1430 3963 4050 4092 4093
5 417 3999 4094 4095 4096
5 1532 3966 4097 4098 4099
5 1600 3457 4100 4101 4102
5 691 4001 4056 4103 4104
5 3882 3890 4105 4106 4107
5 3276 3813 4108 4109 4110
5 3867 3911 4097 4111 4112
5 1132 2514 4113 4114 4115
5 2069 3791 4116 4117 4118
5 1348 2301 4119 4120 4121
5 53 462 2850 4122 4123
5 596 1460 3051 4124 4125
5 3861 3924 4005 4126 4127
5 3287 3885 4094 4128 4129
5 1978 4042 4062 4130 4131
5 165 3975 4059 4132 4133
5 470 3066 3836 4134 4135
5 83 570 3898 4136 4137
5 3816 3906 4138 4139 4140
5 3713 3762 4141 4142 4143
5 3828 3939 4019 4144 4145
5 1939 4011 4101 4146 4147
5 1025 2841 3839 4148 4149
5 527 2763 3081 4150 4151
5 1923 3961 4047 4152 4153
5 3112 3930 4035 4154 4155
5 1999 3970 4106 4156 4157
5 3507 3948 4031 4158 4159
5 2905 3943 4037 4160 4161
5 942 3987 4068 4162 4163
5 2995 3488 3800 4164 4165
5 3686 3945 4023 4166 4167
5 3566 3984 4138 4168 4169
5 819 3936 4013 4170 4171
5 873 4044 4065 4172 4173
5 58 624 2759 4174 4175
5 2491 3950 4109 4176 4177
5 711 3927 4017 4178 4179
5 3804 3996 4054 4180 4181
5 1400 3933 4025 4182 4183
5 207 3921 4028 4184 4185
5 1777 3953 4121 4186 4187
5 2585 3978 4008 4188 4189
5 88 1008 3046 4190 4191
5 3702 3956 4114 4192 4193
5 389 3972 4116 4194 4195
5 1614 3981 3992 4196 4197
5 2558 3990 4141 4198 4199
4 41 356 797 3518
4 56 369 1274 2758
4 108 1832 2329 2818
4 119 782 825 1635
4 70 659 2334 3453
4 86 675 1006 2675
4 22 141 1230 2596
4 11 134 494 2189
4 62 650 2295 2383
4 81 567 668 2097
4 113 1406 1708 2775
4 94 817 1198 2241
4 2 120 1598 3456
4 16 136 2150 2835
4 31 300 348 3270
4 51 368 2402 2848
4 104 1576 1621 2247
4 98 323 1398 2822
4 5 125 1638 1844
4 25 148 1111 1252
4 45 359 863 1184
4 35 354 1354 1422
4 75 666 2350 2366
4 65 654 834 2403
4 192 794 2090 2164
4 204 1364 1474 2280
4 233 1106 2332 2819
4 221 778 812 2695
4 172 260 1262 1483
4 163 251 1342 2573
4 216 718 1616 3980
4 236 2353 3311 3385
4 180 699 1673 3473
4 205 2284 3318 3920
4 152 242 373 3675
4 167 257 1377 3974
4 213 433 821 3935
4 226 1094 1202 2924
4 158 248 881 2912
4 178 266 1158 1560
4 185 1803 2276 2429
4 198 858 1356 1684
4 288 747 2137 2358
4 278 738 1257 1501
4 333 722 1403 2410
4 342 1409 1519 2130
4 308 703 1181 2396
4 317 1191 2071 2210
4 339 975 1465 2123
4 316 1188 1281 3320
4 269 729 1689 4074
4 287 743 1385 4084
4 328 430 1402 3932
4 276 733 995 2248
4 293 539 1087 1116
4 306 1176 1659 1679
4 408 1700 2309 3139
4 423 1294 2316 2615
4 384 1557 2306 3123
4 396 1381 1570 2784
4 445 1711 2776 3388
4 448 1791 2244 2289
4 399 676 750 1491
4 418 2207 2270 4128
4 387 1504 1566 3971
4 438 917 1516 3389
4 378 1133 1552 1956
4 415 761 1642 2313
4 405 1298 1534 2265
4 44 1905 2601 3231
4 492 563 1101 1898
4 547 1408 2501 3631
4 562 1976 2420 2592
4 265 516 2378 3820
4 531 602 1215 2155
4 471 853 2518 2605
4 54 463 913 1166
4 184 538 1525 2923
4 558 2331 2506 2530
4 506 2290 2953 3441
4 524 2539 2693 2761
4 454 900 2059 3784
4 469 916 2087 3064
4 482 1890 2947 3413
4 498 1059 1904 3244
4 553 1985 2028 3501
4 543 2970 3419 3669
4 456 770 904 2426
4 477 921 2365 2483
4 487 1546 1559 1896
4 500 1577 1907 1966
4 519 2093 2449 2538
4 429 511 2966 3219
4 647 701 1521 3900
4 642 1495 1574 2548
4 594 1459 2479 2692
4 587 1395 1717 2442
4 59 621 2139 3802
4 615 1131 1420 2516
4 571 1304 1965 3899
4 578 1829 3822 3908
4 609 2070 3229 3790
4 628 2178 3061 3313
4 638 1367 1930 3711
4 297 3097 3420 3833
4 34 1972 2363 3437
4 583 765 2433 3418
4 632 813 2543 3623
4 645 924 1910 2571
4 572 1821 2227 2311
4 436 591 1291 2393
4 256 604 2116 3627
4 617 1141 2180 2552
4 686 758 1610 3451
4 697 771 1340 2743
4 707 1687 2025 2107
4 725 1582 1637 1960
4 712 1672 2752 3926
4 690 767 2594 4055
4 681 753 1154 3256
4 791 832 1837 2662
4 806 1327 2587 2735
4 802 1309 2425 2476
4 787 829 1100 2219
4 846 1314 3236 3678
4 898 2252 3425 3434
4 886 1434 2584 3977
4 872 2156 3410 4043
4 870 1362 1427 2489
4 891 2655 2810 2956
4 579 839 1345 1583
4 876 1212 2340 2648
4 851 1138 1316 2208
4 957 2927 3185 3448
4 969 1573 2382 3589
4 745 987 1665 3040
4 980 2739 2940 3167
4 261 934 2978 3479
4 400 949 2110 2858
4 820 2392 3533 4014
4 991 2568 3530 3789
4 978 1744 1980 4041
4 411 944 2228 3986
4 209 974 1951 4029
4 662 940 2019 3209
4 930 1691 2412 3197
4 953 1884 2346 2454
4 964 2257 2468 2685
4 1048 1653 3391 3582
4 14 1058 2708 3681
4 680 1086 2859 3700
4 326 1077 3476 3559
4 783 1035 2640 3521
4 1024 2839 3370 3424
4 994 1720 3162 3718
4 1010 1736 3048 3399
4 1073 2619 2890 3655
4 1091 2969 3098 3765
4 507 2161 3031 3796
4 1064 3060 3384 3770
4 3 1737 2865 3553
4 1004 1729 2700 2975
4 1018 1683 1850 2961
4 532 1031 2651 3769
4 1068 1836 2531 3086
4 1081 1913 2919 3545
4 998 1726 2091 3101
4 338 1012 1743 2884
4 1020 1256 2790 3412
4 212 1040 1288 3531
4 1044 1569 2527 3604
4 1053 1144 2275 3592
4 981 1152 1352 2081
4 1125 1254 1440 2157
4 1170 2503 2582 2680
4 1172 1438 2464 3277
4 1146 1346 1462 2299
4 1102 1207 1796 2094
4 1110 1211 2163 2291
4 549 1121 1809 2108
4 1162 2401 2455 2909
4 1225 2197 2343 2666
4 1221 1373 1489 2459
4 643 1079 1247 2169
4 1243 1378 2381 3131
4 483 1233 1412 2320
4 1238 1323 1508 2528
4 1217 1266 2190 2576
4 1307 1668 2417 3237
4 1277 2142 2202 3189
4 115 1285 2051 2386
4 1070 1293 2399 2660
4 1300 1799 2098 3317
4 450 1273 1500 2195
4 1320 1418 1444 2149
4 1332 1455 2566 2726
4 1338 2160 2589 2977
4 960 1368 1431 4049
4 1388 1581 2599 4122
4 1450 2039 2438 2564
4 774 1481 2480 3842
4 453 1509 3288 3887
4 468 1515 2688 3834
4 1471 2667 3491 3827
4 377 1477 3252 3809
4 1531 2536 3266 4111
4 386 1545 3806 4053
4 1550 1657 2540 3844
4 1542 2368 2493 4108
4 1526 2230 2430 3262
4 559 1596 2668 2715
4 1371 1592 1697 3074
4 1607 2212 2740 3354
4 903 1512 1630 3377
4 1578 1625 2829 3360
4 1278 1602 2799 3145
4 1269 1589 1696 4090
4 845 1667 3401 3603
4 918 2781 3111 3929
4 1426 2262 2613 3505
4 1429 2620 2926 3962
4 1656 2762 2876 3080
4 1382 1662 2832 3534
4 1645 2451 2607 3280
4 1375 1650 2113 2728
4 1715 2672 2724 2779
4 1464 1707 1841 2962
4 1671 1826 2370 2982
4 1754 1818 2418 2717
4 1795 2196 3570 3621
4 1806 2233 2952 3580
4 1251 1768 2509 3072
4 1785 2481 2745 3006
4 693 908 1790 4002
4 671 1802 1964 3667
4 748 1759 3561 3586
4 1624 1778 1969 3954
4 1688 1808 3499 3730
4 945 1824 3141 4067
4 1798 1899 3565 3736
4 363 3517 3703 3957
4 1749 1814 2268 3224
4 843 1757 1830 2901
4 349 1775 1971 3105
4 232 1764 2635 3594
4 534 648 1675 3664
4 586 1881 2723 3708
4 1591 2192 2864 3094
4 1149 1843 3088 3608
4 1183 1868 3260 3684
4 1860 2473 3387 3747
4 732 1857 3196 3546
4 23 1880 2132 3526
4 112 546 2852 3659
4 1840 1925 3009 3960
4 1678 1874 3016 4080
4 1888 2611 2795 4165
4 1847 2896 3090 3639
4 1867 2463 3076 3786
4 1946 2138 3587 3609
4 1962 2600 3157 3337
4 1959 2497 2524 3208
4 1353 1918 3193 3720
4 252 2549 2938 3409
4 1942 2397 3685 4010
4 658 2563 3509 4032
4 831 1922 2024 4046
4 139 1955 2423 3855
4 444 1914 2015 2472
4 1721 1937 1994 2250
4 1661 1875 1933 3444
4 1105 3446 3595 3614
4 1538 2535 2546 3225
4 1187 1993 3188 3516
4 1730 2013 2590 3870
4 147 2510 3829 4020
4 1723 1998 2167 4105
4 715 2005 2371 4016
4 673 1732 2009 2434
4 124 1740 1989 2222
4 894 2065 2106 3204
4 1051 2034 2513 3290
4 97 1076 2053 2445
4 1220 1693 2060 2863
4 247 2031 3268 4086
4 757 2046 2376 4070
4 717 2075 3119 3283
4 441 2089 2690 3323
4 751 1082 2111 3234
4 760 2100 3200 3303
4 2082 2147 2215 3439
4 1339 1478 3004 3373
4 889 2703 3182 3616
4 1415 1891 3291 3328
4 2134 2826 3230 3298
4 90 633 2754 3693
4 1825 2003 2751 2804
4 880 2117 2153 3768
4 2010 2127 2159 2701
4 1952 2152 2720 3367
4 229 2145 3222 3340
4 144 2133 3213 3295
4 239 2176 2678 3771
4 2006 2172 2673 3397
4 897 2184 3240 3371
4 2188 2697 2706 3242
4 1655 2225 3289 3774
4 107 555 1067 3824
4 2236 2691 3175 3306
4 988 2355 2727 3305
4 2179 2272 3860 3923
4 2185 2253 2840 3838
4 2254 2842 3275 3812
4 869 2263 2797 3919
4 2258 2474 3114 3178
4 2292 2321 2749 3056
4 2303 2347 2792 3282
4 2104 2328 2811 4088
4 1329 2339 2628 3245
4 1641 2556 2895 3989
4 1151 2634 2939 3174
4 1341 3347 3358 3408
4 1503 3341 3357 3362
4 335 2646 3525 4076
4 1948 2623 2857 3319
4 2652 2665 2682 2750
4 635 1472 2658 3082
4 1549 2694 2877 3767
4 1433 2702 2732 3429
4 2235 2477 2704 2860
4 2565 2709 2929 3557
4 1169 2712 2765 2871
4 100 640 3028 3426
4 243 1475 2873 3462
4 1437 2721 3216 3349
4 1533 2448 3382 3965
4 1271 2288 3569 4078
4 1195 2541 2753 3514
4 612 2136 2748 3572
4 224 2757 2892 3431
4 1175 2722 2767 3672
4 491 1206 2770 3564
4 1333 2357 3467 3529
4 2364 2782 2807 3632
4 727 1389 3336 3495
4 345 2815 2988 3754
4 875 1129 2789 4064
4 779 1284 3135 3891
4 777 2755 3143 4190
4 1416 2214 3394 3743
4 1458 2705 3050 3307
4 1451 2710 3378 3742
4 1787 2428 2595 2845
4 1003 1335 2126 3869
4 566 2096 2773 3734
4 1709 2498 2854 3873
4 2409 3129 3524 3779
4 2032 2915 3301 3512
4 665 2492 2973 3951
4 625 2760 2881 3192
4 2906 3199 3452 4038
4 421 850 2943 3998
4 365 910 2911 3649
4 653 2894 3013 3423
4 1157 2372 2897 3745
4 2925 2996 3223 3801
4 2129 2986 3044 3152
4 193 2001 3102 3969
4 19 2421 2718 2989
4 2424 2932 3117 3645
4 1556 2525 3407 4150
4 1321 3000 3396 3440
4 517 1564 3149 3551
4 1631 2050 3136 3597
4 219 2997 3285 3563
4 614 3023 3344 3577
4 2686 2844 3019 3576
4 2324 2657 3034 3202
4 3065 3325 3390 3835
4 582 2312 3725 3879
4 2056 2825 3477 3846
4 2283 3083 3683 3710
4 2838 2993 3369 3856
4 2679 2764 3712 3760
4 598 2862 3052 3177
4 2684 3057 3657 3795
4 925 2171 2916 3917
4 528 3079 3766 3843
4 2406 2562 3055 3485
4 1140 2271 2944 3067
4 1894 3126 3805 3995
4 2201 3662 3670 3826
4 2485 3113 3634 4036
4 2788 3132 3590 3915
4 1615 3122 3562 3993
4 2045 3109 3258 3746
4 1541 2349 2972 3159
4 1261 3171 3343 3850
4 1361 2612 2796 3647
4 2696 3144 3432 3600
4 1190 3146 3227 3651
4 2080 3166 3173 4073
4 63 3011 3737 3863
4 272 2413 3547 3728
4 1369 2622 3186 3757
4 2588 3215 3246 3777
4 867 1990 3701 4113
4 705 1941 3261 4100
4 885 3249 3269 3299
4 721 2645 3128 3253
4 1713 2016 3749 4136
4 790 2021 3008 3308
4 331 2967 3459 3705
4 358 1906 3332 3716
4 857 3335 3402 3538
4 2092 3265 3381 3463
4 1137 3205 3405 3496
4 1419 3345 3365 3697
4 2333 2638 3447 4174
4 153 3250 3461 3691
4 1201 2994 3339 3486
4 2344 3470 3490 3663
4 173 3480 3687 3944
4 838 3482 3506 3947
4 2768 3279 3350 3641
4 84 3315 3666 3897
4 292 1762 3612 3878
4 688 2908 3302 3941
4 1115 1769 3830 3938
4 1425 1919 3568 3983
4 2586 3430 3618 4009
4 2416 3602 3637 3677
4 2555 3593 3862 4006
4 1038 1096 3852 3902
4 1028 3239 3433 3837
4 2467 3218 3644 3674
4 1448 2085 3003 3744
4 2551 2575 3348 3859
4 1228 1470 3471 3671
4 627 1063 2352 2676
4 372 2204 2880 3803
4 353 3567 3721 4139
4 2279 3264 3581 4148
4 1979 2122 2886 4061
4 168 1652 3628 4058
4 1194 3352 3732 3750
4 970 2286 2855 3772
4 2074 2742 3752 4083
4 2317 2661 3653 3811
4 284 983 2834 3893
4 1401 3221 3704 4026
4 474 3403 3817 3905
4 89 2175 2437 3047
4 74 2020 3884 3888
4 1306 1313 3400 3635
4 1597 1817 1974 3875
4 129 2559 3091 4142
4 130 1901 2698 3680
4 1496 2245 3030 3848
4 1180 3017 3445 3896
4 935 1486 3689 4022
4 1019 1360 3868 3913
4 391 1241 3606 4117
4 1312 3181 3646 4135
4 1093 2144 3487 3799
4 464 2458 2851 3650
4 1779 1909 2831 4120
4 601 1032 2119 2342
4 1456 3304 3466 3788
4 800 2602 3330 4166
4 809 2337 3214 4130
4 282 3363 3849 4197
4 1644 2431 3880 4173
4 2217 2643 3903 4178
4 275 1936 3717 4188
4 2604 3333 3815 4168
4 1392 2671 3706 4103
4 1130 3364 3578 4193
4 1208 2954 3032 4132
4 862 1851 3866 4099
4 414 3417 3724 4172
4 741 3168 3355 4196
4 2323 2654 3656 4171
4 2296 3422 3738 4162
4 301 3104 3436 4161
4 961 3274 3574 4176
4 1518 2813 3042 4184
4 2439 2930 3379 4159
4 2057 3286 3376 4095
4 1161 2379 3549 4093
4 939 3455 3883 4156
4 2043 3556 3741 4158
4 2631 2737 3778 4131
4 3233 3520 3715 4167
4 2521 3541 3907 4169
4 1349 2964 3089 4187
4 2385 2893 3864 4163
4 2471 3022 3814 4177
4 1878 2598 3212 4180
4 2581 2870 3714 4198
4 1882 2443 2780 4104
4 826 3523 3854 4179
4 737 1997 3163 4189
4 1344 1756 3821 4154
4 313 1605 3226 4152
4 1224 1699 3785 4183
4 1599 2220 2866 4146
4 2294 2664 3793 4170
4 197 2960 3912 4098
4 2336 3210 3889 4157
4 1627 3782 3886 4096
4 1587 2904 3909 4155
4 1704 2302 3607 4186
4 2319 2946 3327 4126
4 2828 3573 3792 4195
4 1297 1813 2534 4124
4 1108 3443 3797 4133
4 2515 3027 3696 4192
4 1771 2360 3273 4160
4 1411 3153 3755 4185
4 1023 1443 4045 4066
4 1319 3070 4000 4129
4 311 1871 4012 4102
4 1015 1467 4040 4063
4 486 2308 3997 4052
4 29 3073 3940 4021
4 512 3460 3934 4027
4 607 2731 3976 4060
4 620 1054 3925 4004
4 1264 2981 3946 4024
4 49 3187 3958 4115
4 2803 3322 3652 4153
4 177 3148 3819 4092
4 2502 2713 3761 4199
4 2223 2511 3392 4144
4 2663 3309 3959 4048
4 503 3361 3955 4119
4 1119 3668 3763 3831
4 1751 2591 2670 3874
4 1236 3293 3414 4127
4 69 3054 3949 4033
4 478 2809 3931 4034
4 460 2847 4003 4057
4 2505 2817 3085 3825
4 950 1494 3235 3698
4 710 1124 1982 3731
4 2038 3584 3776 4145
4 1986 3458 3554 4147
4 592 1043 3937 4015
4 3450 3759 3964 4051
4 1047 1326 3973 4118
4 2875 3676 3692 3807
4 1618 2547 3428 3847
4 9 3638 3991 4143
4 2774 3630 3660 3871
4 2627 3773 3922 4030
4 1861 1915 2778 4137
4 1636 3155 3493 4123
4 162 2937 3359 3857
4 201 1926 2659 3682
4 426 2400 2887 3810
4 404 1748 2545 4125
4 804 2261 2935 4134
4 1232 3294 3527 4181
4 1487 1595 1863 4182
4 575 1703 3988 4069
4 2238 3513 3625 3694
4 1249 2570 3542 3916
4 382 2496 3498 4151
4 79 3160 3952 4110
4 1499 2243 3620 4079
4 795 999 3968 4107
4 523 3465 3967 4112
4 2488 3504 3648 3918
4 2063 2579 3095 4091
4 929 1853 3727 4075
4 2076 2998 3982 3994
4 823 2389 3598 3892
4 2066 2958 3038 4089
4 1397 2446 3558 3845
4 811 2891 3599 4191
4 39 3194 3985 4140
4 189 1530 2951 4149
4 1945 2359 3560 3876
4 1612 2101 3942 4039
4 2068 2747 3297 4194
4 393 965 1246 3914
4 2734 3183 3979 4007
4 3041 3537 3894 4085
4 1405 3255 3781 4077
4 1351 2633 2738 4072
4 2806 2985 3928 4018
4 2920 3475 3665 3901
4 956 1648 2305 4164
4 305 1932 3895 4081
4 694 1781 3375 3840
4 1765 2821 3615 4175
4 685 2900 3108 4071
4 157 3248 3511 4087
4 321 1609 3733 4082
