# Generated using Miratope v0.5.0 (https://github.com/galoomba1/miratope-rs)
4OFF

# Vertices, Faces, Edges, Cells
120 4920 1200 1320

# Vertices
1.3090169943749 0 0.8090169943749 0.5 
1.3090169943749 0.5 0 -0.8090169943749 
1.3090169943749 0.8090169943749 -0.5 0 
0.809016994375 -0.8090169943749 0.8090169943749 -0.8090169943749 
0.5 -1.3090169943749 0.8090169943749 0 
0.809016994375 0 -0.5 1.3090169943749 
0.5 -0.8090169943749 0 1.3090169943749 
1.3090169943749 -0 0.8090169943749 -0.5 
1.3090169943749 0.5 0 0.8090169943749 
0.809016994375 -0.8090169943749 0.8090169943749 0.8090169943749 
0.809016994375 0 -0.5 -1.3090169943749 
0.5 -0.8090169943749 0 -1.3090169943749 
0.809016994375 0.5 -1.3090169943749 0 
0.5 0 -1.3090169943749 0.8090169943749 
0.5 0 -1.3090169943749 -0.8090169943749 
0 -1.3090169943749 -0.5 0.8090169943749 
0 -1.6180339887499 0 0 
0 -1.3090169943749 -0.5 -0.8090169943749 
0 -0.8090169943749 -1.3090169943749 0.5 
0 -0.8090169943749 -1.3090169943749 -0.5 
1.3090169943749 -0.5 0 -0.8090169943749 
1.3090169943749 -0.8090169943749 -0.5 0 
0.809016994375 0.8090169943749 0.8090169943749 -0.8090169943749 
0.5 1.3090169943749 0.8090169943749 0 
0.5 0.8090169943749 0 1.3090169943749 
1.3090169943749 -0.5 0 0.8090169943749 
0.809016994375 0.8090169943749 0.8090169943749 0.8090169943749 
0.5 0.8090169943749 0 -1.3090169943749 
0.809016994375 -0.5 -1.3090169943749 0 
0 1.3090169943749 -0.5 0.8090169943749 
0 1.6180339887499 0 0 
0 1.3090169943749 -0.5 -0.8090169943749 
0 0.8090169943749 -1.3090169943749 0.5 
0 0.8090169943749 -1.3090169943749 -0.5 
1.3090169943749 0 -0.8090169943749 0.5 
0.809016994375 1.3090169943749 0 0.5 
0.5 0 1.3090169943749 -0.8090169943749 
1.3090169943749 -0.8090169943749 0.5 0 
0.809016994375 0.5 1.3090169943749 0 
0.5 1.3090169943749 -0.8090169943749 0 
0.809016994375 -0.8090169943749 -0.8090169943749 -0.8090169943749 
0 0.5 0.8090169943749 -1.3090169943749 
0 1.3090169943749 0.5 -0.8090169943749 
0 0 0 -1.6180339887499 
0 0.5 -0.8090169943749 -1.3090169943749 
1.3090169943749 0 -0.8090169943749 -0.5 
0.5 0 1.3090169943749 0.8090169943749 
0.809016994375 1.3090169943749 0 -0.5 
0.809016994375 -0.8090169943749 -0.8090169943749 0.8090169943749 
0 0.5 0.8090169943749 1.3090169943749 
0 1.3090169943749 0.5 0.8090169943749 
0 0 0 1.6180339887499 
0 0.5 -0.8090169943749 1.3090169943749 
0.809016994375 -1.3090169943749 0 0.5 
1.3090169943749 0.8090169943749 0.5 0 
0.809016994375 -0.5 1.3090169943749 0 
0.5 -1.3090169943749 -0.8090169943749 0 
0.809016994375 0.8090169943749 -0.8090169943749 -0.8090169943749 
0 -0.5 0.8090169943749 -1.3090169943749 
0 -1.3090169943749 0.5 -0.8090169943749 
0 -0.5 -0.8090169943749 -1.3090169943749 
0.809016994375 -1.3090169943749 0 -0.5 
0 0 1.6180339887499 0 
0 0.8090169943749 1.3090169943749 -0.5 
0 -0.8090169943749 1.3090169943749 -0.5 
0.809016994375 0.8090169943749 -0.8090169943749 0.8090169943749 
0 -0.5 0.8090169943749 1.3090169943749 
0 -1.3090169943749 0.5 0.8090169943749 
0 -0.5 -0.8090169943749 1.3090169943749 
0.809016994375 -0 0.5 1.3090169943749 
0 0 -1.6180339887499 0 
0 0.8090169943749 1.3090169943749 0.5 
0 -0.8090169943749 1.3090169943749 0.5 
0.809016994375 -0 0.5 -1.3090169943749 
-0.8090169943749 0.8090169943749 0.809016994375 0.8090169943749 
-0.8090169943749 0.5 1.309016994375 0 
-0.8090169943749 0.8090169943749 0.809016994375 -0.8090169943749 
-0.8090169943749 1.309016994375 0 0.5 
-0.8090169943749 1.309016994375 0 -0.5 
1.6180339887499 0 -0 0 
-0.5 1.3090169943749 0.809016994375 0 
-0.5 0 1.309016994375 -0.8090169943749 
-0.5 0.8090169943749 0 -1.3090169943749 
-0.5 0 1.309016994375 0.8090169943749 
-0.5 0.8090169943749 0 1.3090169943749 
-0.5 1.309016994375 -0.8090169943749 0 
-0.8090169943749 -0.8090169943749 0.809016994375 0.8090169943749 
-0.8090169943749 -0.5 1.309016994375 0 
-0.8090169943749 -0.8090169943749 0.809016994375 -0.8090169943749 
-0.8090169943749 -1.309016994375 0 0.5 
-0.8090169943749 -1.309016994375 0 -0.5 
-0.5 -1.3090169943749 0.809016994375 0 
-0.5 -0.8090169943749 0 -1.309016994375 
-0.5 -0.8090169943749 0 1.309016994375 
-0.5 -1.309016994375 -0.8090169943749 0 
-0.8090169943749 0 0.5 1.309016994375 
-0.8090169943749 0 -0.5 1.309016994375 
-0.8090169943749 -0.8090169943749 -0.8090169943749 0.809016994375 
-0.5 0 -1.3090169943749 0.809016994375 
-1.3090169943749 0 0.809016994375 0.5 
-1.3090169943749 0 0.809016994375 -0.5 
-0.8090169943749 0 0.5 -1.309016994375 
-1.3090169943749 0.809016994375 0.5 0 
-0.8090169943749 0 -0.5 -1.309016994375 
-0.8090169943749 -0.8090169943749 -0.8090169943749 -0.809016994375 
-0.5 0 -1.3090169943749 -0.809016994375 
-0.8090169943749 0.809016994375 -0.8090169943749 0.809016994375 
-1.3090169943749 0.5 0 0.809016994375 
-1.3090169943749 -0.809016994375 0.5 0 
-0.8090169943749 0.5 -1.309016994375 0 
-0.8090169943749 -0.5 -1.309016994375 0 
-0.8090169943749 0.809016994375 -0.8090169943749 -0.809016994375 
-1.3090169943749 0.5 0 -0.809016994375 
-1.3090169943749 -0.5 0 0.809016994375 
-1.3090169943749 0.809016994375 -0.5 0 
-1.3090169943749 -0.5 0 -0.809016994375 
-1.3090169943749 -0.809016994375 -0.5 0 
-1.3090169943749 -0 -0.809016994375 0.5 
-1.6180339887499 0 0 0 
-1.3090169943749 -0 -0.809016994375 -0.5 

# Faces
5 1 8 7 2 0
3 0 1 3
3 2 5 0
5 0 4 7 9 3
3 0 4 6
5 5 9 8 6 0
3 7 9 8
3 2 10 7
3 7 4 11
5 10 3 1 11 7
3 8 12 1
3 8 6 13
5 2 13 8 12 5
3 11 14 1
5 1 12 10 2 14
3 2 14 13
3 9 16 3
3 5 15 9
5 9 16 6 4 15
3 3 17 10
5 3 16 11 4 17
3 4 17 15
3 12 18 5
5 5 15 13 6 18
3 6 16 18
3 12 19 10
5 10 17 14 11 19
3 16 19 11
5 12 19 13 14 18
3 15 19 13
3 14 17 18
5 15 17 18 16 19
5 7 21 0 20 25
3 0 22 20
3 0 21 5
5 22 26 7 23 0
3 0 24 23
5 25 24 0 5 26
3 7 26 25
3 7 10 21
3 7 27 23
5 22 10 7 27 20
3 25 28 20
3 25 13 24
5 5 28 25 13 21
3 20 14 27
5 21 14 20 28 10
3 26 30 22
3 26 5 29
5 23 29 26 30 24
3 13 21 14
3 22 10 31
5 30 27 23 31 22
3 23 29 31
3 5 32 28
5 13 29 5 32 24
3 10 33 28
5 31 14 27 33 10
3 24 30 32
3 30 33 27
5 13 14 32 28 33
3 13 29 33
3 31 32 14
5 29 33 30 32 31
5 37 34 0 21 8
3 0 21 3
3 0 35 34
5 23 8 38 35 0
3 0 36 23
5 3 38 37 36 0
3 37 38 8
3 8 12 21
3 8 39 23
5 8 39 34 35 12
3 34 40 37
3 36 11 37
5 37 11 21 3 40
3 11 21 14
5 21 14 34 40 12
3 34 14 39
3 38 42 35
3 3 41 38
5 41 23 36 42 38
3 31 41 23
5 31 35 42 39 23
3 35 31 12
5 3 41 11 36 43
3 40 43 3
3 42 43 36
3 11 41 44
5 40 44 11 14 43
3 40 44 12
5 14 39 44 12 31
5 41 31 43 42 44
3 39 44 42
3 14 43 31
3 9 21 7
5 7 45 37 1 21
5 7 9 38 37 46
3 7 23 46
5 7 47 38 1 23
3 45 47 7
3 37 1 38
3 12 1 21
3 39 1 23
5 1 39 45 47 12
3 37 45 48
3 37 46 6
5 9 48 37 6 21
3 13 21 6
5 13 45 48 12 21
3 38 9 49
3 38 47 50
5 38 50 46 23 49
5 9 49 6 46 51
3 48 51 9
3 29 49 23
5 50 39 23 29 47
3 45 13 39
3 46 51 50
3 12 29 47
3 6 49 52
5 51 13 6 52 48
5 50 52 49 29 51
3 48 12 52
5 13 29 12 52 39
3 13 51 29
3 50 39 52
5 25 2 0 34 54
3 0 22 2
3 0 53 34
5 0 36 54 55 22
5 55 53 0 4 25
3 0 36 4
3 28 2 25
3 25 54 55
3 25 56 4
5 25 28 53 34 56
5 2 22 57 54 27
3 2 27 14
5 34 14 2 28 57
3 34 57 54
3 14 56 34
3 55 58 22
3 22 43 57
5 43 22 58 27 36
3 54 36 27
3 55 53 59
5 58 4 36 59 55
3 4 58 17
5 59 56 4 17 53
3 53 17 28
3 43 59 36
5 14 27 60 57 43
3 27 58 60
3 57 60 28
5 17 14 56 60 28
3 14 43 17
5 59 60 58 17 43
3 56 59 60
3 8 9 21
5 8 21 2 25 45
5 8 9 26 25 46
3 23 8 46
5 8 23 2 26 47
3 45 8 47
3 26 2 25
3 25 61 45
3 25 4 46
5 9 61 25 4 21
3 10 21 2
3 23 2 27
5 45 27 2 10 47
3 9 62 26
3 26 63 47
5 62 23 46 63 26
3 4 21 11
5 45 11 21 10 61
5 4 62 9 64 46
3 9 61 64
3 23 62 41
5 47 41 23 27 63
3 11 27 45
3 46 64 63
3 4 58 62
5 11 64 61 58 4
3 47 41 10
5 62 58 63 64 41
3 61 10 58
5 58 10 41 11 27
3 11 41 64
3 27 63 58
3 2 26 7
5 2 20 54 45 7
5 55 26 7 46 54
3 45 7 61
3 4 46 7
5 7 4 20 55 61
3 20 2 28
5 26 2 24 54 65
3 13 24 2
5 13 2 28 65 45
3 55 20 54
3 4 56 20
5 45 56 20 28 61
3 26 66 55
3 65 51 26
5 66 24 46 51 26
3 54 65 45
3 54 46 24
3 45 56 13
3 55 67 61
5 46 67 55 66 4
3 46 67 51
3 4 15 66
5 4 56 67 61 15
3 61 15 28
5 24 68 65 51 13
3 24 68 66
3 28 68 65
3 15 51 13
5 15 28 68 56 13
5 66 68 67 51 15
3 67 56 68
5 0 1 37 54 20
3 1 35 0
3 0 53 20
5 0 35 69 54 24
5 0 53 69 37 6
3 6 24 0
3 37 40 1
5 1 39 54 57 35
5 1 40 57 20 14
3 14 39 1
3 54 20 57
5 20 53 40 37 56
3 20 56 14
3 37 54 69
3 37 56 6
3 54 24 39
3 35 52 69
3 35 32 57
5 39 24 32 35 52
3 53 68 69
3 53 18 40
5 18 53 68 56 6
5 68 69 52 6 24
3 18 52 6
3 24 32 68
3 40 70 57
5 18 40 70 56 14
5 32 57 70 39 14
3 52 70 39
3 18 32 14
3 68 70 56
5 52 18 32 68 70
5 1 34 20 2 21
3 1 21 3
3 35 1 34
5 23 2 22 35 1
3 36 1 23
5 1 3 22 20 36
3 22 20 2
3 5 2 21
3 24 2 23
5 2 5 35 34 24
3 53 34 20
5 3 53 20 4 21
3 4 36 20
3 6 4 21
5 21 5 53 34 6
3 24 34 6
3 35 71 22
3 22 62 3
5 36 71 22 62 23
3 49 62 23
5 23 49 35 71 24
3 5 49 35
3 3 72 53
5 3 62 4 36 72
5 6 72 53 66 4
3 4 62 66
3 5 66 53
5 6 24 66 5 49
3 71 72 36
3 49 72 6
5 72 49 62 66 71
3 24 66 71
3 1 38 8
5 54 45 8 1 34
5 38 69 54 46 8
3 48 8 45
3 6 46 8
5 34 6 8 48 69
3 34 1 40
5 54 73 38 1 36
3 1 36 11
5 11 45 73 40 1
3 34 69 54
3 56 6 34
5 34 40 48 45 56
3 45 73 54
3 54 46 36
3 69 72 38
3 38 64 73
5 36 46 64 38 72
3 45 11 56
5 46 67 69 72 6
3 46 64 67
5 36 59 73 64 11
3 36 72 59
3 69 67 48
3 6 16 72
5 6 56 67 48 16
3 73 59 40
3 11 16 64
5 11 56 59 40 16
3 48 40 16
5 67 59 72 16 64
3 59 67 56
5 7 8 37 54 25
3 7 8 47
3 7 61 25
5 27 7 47 73 54
5 11 37 73 61 7
3 7 27 11
3 37 8 48
5 8 47 65 54 39
5 8 13 25 65 48
3 8 13 39
3 25 65 54
5 25 56 37 48 61
3 25 13 56
3 54 37 73
3 37 56 11
3 27 39 54
3 73 44 47
3 47 65 33
5 39 27 33 47 44
3 73 60 61
3 61 48 19
5 19 61 60 56 11
5 11 27 60 73 44
3 11 44 19
3 48 65 70
5 19 48 70 56 13
3 33 60 27
5 13 33 65 70 39
3 19 33 13
3 44 70 39
3 60 70 56
5 44 19 33 60 70
5 25 45 37 34 20
3 20 55 25
3 45 25 65
5 37 69 55 25 46
3 24 46 25
5 25 65 69 34 24
3 57 20 34
5 37 73 55 20 36
3 27 36 20
5 45 27 20 57 73
3 37 69 34
3 37 73 45
3 37 36 46
3 39 34 24
5 34 39 45 65 57
3 39 27 45
3 55 71 69
5 36 46 63 55 71
3 55 73 63
5 46 50 69 71 24
3 46 63 50
3 36 42 71
5 42 73 63 27 36
3 65 50 69
3 24 30 71
5 71 30 63 50 42
5 30 65 50 39 24
3 57 42 73
3 30 63 27
5 27 39 42 57 30
3 65 30 57
3 42 50 39
3 0 1 36
3 2 24 0
5 0 62 7 46 36
3 49 0 62
5 8 49 0 24 46
3 8 46 7
3 7 2 27
3 41 7 62
5 7 41 1 36 27
3 8 39 1
3 49 29 8
5 8 39 24 2 29
3 41 31 1
5 1 39 27 2 31
3 29 31 2
3 46 36 75
3 46 24 74
5 62 74 46 75 49
3 27 76 36
5 62 76 36 75 41
3 74 76 62
3 39 77 24
5 24 74 29 49 77
3 75 77 49
3 39 78 27
5 31 76 27 78 41
3 41 75 78
5 77 31 29 78 39
3 29 74 78
3 31 77 76
5 77 76 74 78 75
3 0 2 20
5 0 35 79 26 2
5 20 0 3 79 55
3 35 71 0
3 3 0 62
5 26 62 0 71 55
5 10 2 20 57 79
3 26 30 2
3 10 2 31
5 31 2 30 57 35
3 55 58 20
3 57 20 43
5 58 10 3 43 20
3 26 79 55
3 26 80 62
5 26 30 71 35 80
3 57 79 35
3 35 80 31
3 10 79 3
5 55 81 3 62 58
3 3 43 81
3 55 81 71
3 62 76 58
5 62 80 81 71 76
3 71 30 76
3 10 82 58
5 31 10 82 57 43
3 30 82 57
5 76 43 81 82 58
5 76 31 80 82 30
3 31 43 76
3 80 82 81
3 7 2 25
5 7 25 55 79 9
5 7 47 79 22 2
3 9 7 62
3 7 63 47
5 55 22 62 7 63
5 5 2 25 65 79
3 55 25 66
3 65 51 25
5 5 9 51 25 66
3 22 30 2
3 5 29 2
5 47 29 2 30 65
3 55 79 22
3 22 80 62
5 47 80 22 30 63
3 9 5 79
5 66 62 9 83 55
3 51 83 9
3 47 79 65
3 55 63 83
3 47 80 29
3 66 84 5
5 51 29 5 84 65
3 62 74 66
5 62 80 83 63 74
3 63 30 74
3 65 84 30
5 66 84 83 51 74
3 51 74 29
5 29 80 84 30 74
3 80 84 83
3 1 34 0
5 1 38 79 22 0
5 5 79 69 34 0
3 22 71 0
3 0 49 5
5 38 49 0 71 69
5 57 34 1 12 79
3 42 1 38
3 12 1 31
5 22 57 42 1 31
3 52 34 69
3 34 32 57
5 12 5 32 34 52
3 57 79 22
5 22 80 38 42 71
3 22 80 31
3 38 69 79
3 38 49 80
3 5 12 79
5 52 69 84 5 49
3 5 84 32
3 69 84 71
3 42 77 71
5 80 49 77 71 84
3 52 77 49
5 32 57 85 12 31
3 12 52 85
3 57 42 85
5 77 42 85 80 31
3 31 32 77
5 52 85 84 32 77
3 80 85 84
3 8 1 37
5 35 1 8 47 79
5 8 9 79 69 37
3 9 49 8
3 47 8 50
5 35 49 8 50 69
5 3 1 37 73 79
3 35 42 1
3 1 41 3
5 73 47 41 1 42
3 69 72 37
3 73 64 37
5 9 3 72 37 64
3 3 79 9
5 9 49 72 69 83
3 9 83 64
3 35 79 69
3 35 49 80
5 47 80 35 42 50
3 72 81 3
5 3 81 73 64 41
3 47 73 79
3 47 80 41
3 50 83 69
3 42 81 73
3 72 75 49
5 75 50 83 80 49
5 81 83 64 75 72
3 41 64 75
5 41 80 81 42 75
3 42 75 50
3 80 83 81
5 8 38 79 26 7
3 8 45 7
3 26 63 7
5 7 45 73 79 10
3 10 7 41
5 38 73 63 7 41
3 38 8 50
5 8 12 79 65 45
3 8 29 12
5 26 29 8 50 65
3 65 79 26
5 26 63 50 38 80
3 29 80 26
3 38 79 73
3 38 80 41
3 73 44 45
3 65 45 33
5 10 12 44 45 33
3 12 79 10
5 44 73 82 10 41
3 10 82 33
3 73 82 63
3 63 78 50
5 82 63 78 41 80
5 12 29 33 65 85
3 44 85 12
3 50 85 65
3 41 44 78
5 78 50 85 80 29
3 29 78 33
3 80 85 82
5 44 85 82 33 78
3 26 55 22
5 26 47 38 35 22
5 9 38 69 55 26
3 5 9 26
3 47 65 26
5 26 5 35 69 65
3 22 35 57
5 38 3 22 55 73
3 3 22 10
5 22 10 47 73 57
3 3 9 38
3 35 38 69
3 38 47 73
5 53 3 9 61 55
5 5 53 69 48 9
3 9 48 61
3 5 35 12
5 35 57 65 47 12
3 40 53 3
5 10 3 40 73 61
3 55 69 53
3 55 73 61
3 12 10 47
3 5 53 28
5 53 28 61 48 40
5 12 48 65 28 5
3 48 69 65
3 28 61 10
5 10 12 40 57 28
3 57 73 40
3 12 48 40
3 28 57 65
3 0 36 20
3 6 21 0
5 0 66 25 46 6
3 62 0 66
3 7 25 46
3 7 21 11
3 62 7 58
5 11 36 20 58 7
3 25 56 20
3 66 15 25
5 25 56 6 21 15
3 58 17 20
5 11 56 20 17 21
3 15 17 21
3 46 87 36
3 6 86 46
5 62 86 46 87 66
3 11 88 36
5 36 88 62 58 87
3 6 89 56
5 66 89 6 86 15
3 86 88 62
3 11 56 90
5 11 88 17 58 90
3 66 89 87
3 58 87 90
5 17 89 56 90 15
3 86 90 15
3 17 89 88
5 89 88 86 90 87
3 0 1 21
5 0 21 9 79 53
3 22 62 0
3 53 0 72
5 62 9 38 72 0
5 21 1 40 79 10
3 38 1 41
5 41 10 22 43 1
3 43 1 40
3 16 21 9
3 10 17 21
5 53 17 21 16 40
3 22 79 10
5 41 62 22 81 38
3 22 81 43
3 9 38 79
3 72 38 81
3 9 62 91
5 9 91 53 72 16
3 40 79 53
3 53 17 91
3 62 88 41
5 72 88 62 91 81
3 10 41 92
5 17 43 40 92 10
3 72 88 16
5 88 43 81 92 41
3 40 92 16
3 17 43 88
5 88 17 91 92 16
3 81 91 92
3 8 21 7
3 26 62 7
5 7 21 3 79 61
5 62 3 38 64 7
3 64 7 61
5 21 5 79 48 8
3 8 49 38
5 5 26 51 8 49
3 48 51 8
3 26 79 5
5 49 62 26 83 38
3 26 83 51
3 3 21 16
3 15 21 5
5 61 48 16 21 15
3 3 38 79
3 38 83 64
3 62 91 3
5 64 16 3 91 61
3 48 79 61
3 5 49 93
5 48 93 5 15 51
3 62 86 49
5 86 64 83 91 62
3 61 15 91
5 83 93 49 86 51
3 48 93 16
3 16 86 64
3 15 86 51
5 86 15 91 93 16
3 83 93 91
3 0 34 20
3 3 0 72
3 0 66 5
5 66 55 69 72 0
5 20 34 40 79 28
3 59 20 55
3 28 17 20
5 17 20 59 40 3
3 69 68 34
3 40 18 34
5 5 18 34 68 28
3 3 40 79
5 3 91 55 59 72
3 17 91 3
3 69 79 55
3 5 79 28
3 55 66 91
5 68 69 93 5 66
3 18 93 5
3 72 93 69
3 72 59 89
5 93 91 66 89 72
3 66 89 68
3 59 94 40
5 17 28 94 40 18
3 28 68 94
5 89 59 94 91 17
3 17 18 89
5 68 94 93 18 89
3 93 94 91
3 25 54 20
5 25 61 79 53 20
5 54 25 26 79 69
3 26 66 25
3 61 25 67
5 53 66 25 67 69
5 20 22 79 73 54
3 22 20 58
3 59 20 53
5 61 73 59 20 58
3 26 79 22
5 22 26 63 54 71
3 63 83 26
5 66 26 83 69 71
3 71 81 22
5 58 22 81 73 63
3 69 54 71
3 73 54 63
3 53 79 69
3 73 79 61
3 66 91 53
5 53 91 61 67 59
3 69 83 67
3 61 58 91
3 66 87 71
5 71 81 83 63 87
3 73 59 81
3 63 87 58
5 66 91 83 67 87
5 81 91 58 87 59
3 59 87 67
3 83 91 81
3 25 45 7
3 9 7 64
3 10 7 58
5 58 55 73 64 7
5 25 45 48 79 28
3 55 25 67
3 25 15 28
5 9 15 25 67 48
3 9 48 79
5 9 91 55 67 64
3 9 91 15
3 73 60 45
3 45 19 48
5 10 28 60 45 19
3 55 73 79
3 10 28 79
3 55 58 91
5 60 73 92 10 58
3 10 92 19
3 73 64 92
3 48 67 94
5 15 19 48 94 28
3 64 67 90
5 90 64 92 91 58
3 28 94 60
3 58 60 90
5 91 15 90 67 94
3 19 90 15
3 91 92 94
5 90 19 92 94 60
3 0 4 21
3 0 34 24
5 46 4 0 72 37
3 49 72 0
3 37 46 8
3 8 21 13
3 49 8 52
5 8 52 34 24 13
3 37 56 34
3 16 37 72
5 56 4 21 16 37
5 34 56 13 21 18
3 16 21 18
3 18 34 52
3 4 86 46
3 24 95 46
5 86 49 72 95 46
3 56 89 4
5 16 86 4 89 72
3 13 96 24
5 95 52 49 96 24
3 49 86 96
3 72 89 95
3 56 97 13
5 13 97 52 18 96
5 18 89 56 97 16
3 52 95 97
3 86 97 16
3 18 89 96
5 95 97 86 96 89
3 0 21 2
3 0 49 35
3 53 66 0
5 26 9 49 0 66
3 26 29 2
5 2 21 12 79 28
3 28 32 2
5 12 29 2 32 35
3 26 9 79
3 66 84 26
5 29 26 84 35 49
3 15 21 9
3 18 21 12
5 28 15 21 18 53
3 9 93 49
5 15 9 93 53 66
3 35 79 12
3 32 35 84
3 53 28 79
3 18 53 93
3 49 96 29
5 93 84 66 96 49
3 12 98 29
5 18 32 28 98 12
3 66 96 15
3 28 98 15
5 32 96 29 98 84
5 18 96 15 98 93
3 32 96 18
3 84 93 98
3 34 37 54
5 37 34 53 79 48
5 38 79 55 54 37
3 37 72 38
3 37 67 48
5 55 53 72 37 67
5 34 54 65 79 35
3 34 52 35
3 53 68 34
5 68 34 52 48 65
3 54 71 55
5 38 35 71 54 50
3 65 50 54
3 35 38 79
5 71 55 83 38 72
3 50 83 38
3 71 84 35
5 52 50 65 84 35
3 55 79 53
3 65 48 79
3 55 67 83
3 72 93 53
5 68 53 93 48 67
3 72 95 71
5 84 71 95 50 83
3 48 93 52
5 72 93 83 67 95
3 68 84 65
3 52 95 50
3 68 95 67
5 84 93 52 95 68
3 84 93 83
3 8 45 37
3 9 8 51
3 8 52 12
5 65 69 52 8 51
5 40 37 45 61 79
3 69 67 37
3 40 37 16
5 61 9 16 37 67
3 9 79 61
5 67 51 9 93 69
3 9 93 16
3 45 19 61
3 45 70 65
5 19 12 40 70 45
3 65 69 79
3 40 79 12
3 69 52 93
3 61 94 67
5 16 40 94 61 19
5 52 12 98 65 70
3 12 19 98
3 65 98 51
3 40 70 94
3 51 97 67
5 93 94 67 97 16
5 52 93 98 51 97
3 52 70 97
3 19 97 16
3 93 94 98
5 70 97 19 98 94
3 0 22 3
3 23 0 49
3 4 66 0
3 7 26 9
3 23 7 41
3 4 58 7
5 58 7 41 3 22
3 26 22 80
3 66 74 26
5 49 80 26 74 23
3 58 76 22
5 80 41 23 76 22
3 3 91 9
3 49 9 86
5 66 91 9 86 4
3 74 76 23
3 41 88 3
5 58 91 3 88 4
3 88 4 86
3 49 99 80
5 74 86 49 99 66
3 41 100 80
5 58 100 41 88 76
3 66 91 99
3 58 91 100
5 74 100 80 99 76
3 86 100 74
5 86 100 91 99 88
3 88 99 76
3 0 23 1
3 4 20 0
5 46 23 0 71 54
3 72 0 71
3 11 37 1
5 23 27 54 42 1
5 20 43 1 11 27
3 42 43 1
3 27 54 20
5 20 4 11 37 59
3 59 20 43
3 46 54 37
3 59 37 72
3 71 54 42
3 23 75 46
3 23 76 27
5 71 76 23 75 42
3 46 87 4
5 46 87 71 72 75
3 11 4 88
5 72 59 87 4 88
3 71 87 76
3 11 27 101
5 43 88 11 101 59
3 72 88 75
5 76 43 42 101 27
3 75 101 42
3 87 101 59
3 43 88 76
5 88 76 87 101 75
3 8 23 7
3 7 25 4
5 7 23 36 54 63
5 37 64 7 4 36
3 63 64 7
3 8 37 6
5 24 23 8 50 54
5 8 51 25 24 6
3 51 8 50
3 25 24 54
5 4 25 67 37 6
3 67 25 51
3 36 54 37
3 67 37 64
3 63 50 54
3 36 75 23
3 24 23 74
5 63 50 75 23 74
3 36 4 87
3 6 86 4
5 67 64 86 4 87
5 36 87 63 64 75
3 6 95 24
5 67 95 6 86 51
5 50 95 24 74 51
3 74 87 63
3 50 75 95
3 75 86 64
3 67 87 95
3 51 86 74
5 86 75 95 87 74
3 0 35 22
3 36 72 0
3 24 0 66
5 42 54 30 22 35
3 55 81 22
3 30 76 22
5 36 76 22 81 42
3 55 69 54
3 42 54 36
3 30 54 24
3 35 84 69
3 42 77 35
5 84 30 24 77 35
3 66 87 55
5 55 87 36 72 81
3 36 76 87
3 72 95 69
5 84 66 24 95 69
3 24 77 95
3 81 99 72
5 95 87 66 99 72
3 66 84 99
3 81 102 42
5 76 77 42 102 30
3 30 102 84
5 99 76 87 102 81
3 76 77 99
5 99 77 95 102 84
3 87 95 102
3 7 26 47
3 7 64 46
3 7 58 27
3 55 83 26
5 50 54 30 26 47
3 30 74 26
5 50 83 26 74 46
3 54 55 73
3 50 54 46
3 30 54 27
3 58 87 55
5 83 64 46 87 55
3 46 74 87
3 73 82 47
3 50 78 47
5 30 27 78 47 82
3 64 101 73
5 58 82 73 101 27
3 27 78 101
3 83 102 50
5 74 30 102 50 78
3 64 83 100
5 87 101 64 100 58
3 82 100 58
3 30 102 82
5 100 83 102 87 74
3 74 78 100
3 87 102 101
5 82 102 101 78 100
3 7 21 4
3 27 45 7
3 41 7 64
3 37 1 36
3 14 21 1
3 44 1 41
5 45 27 14 1 44
3 45 56 37
3 64 37 16
5 14 56 45 19 21
3 16 21 19
3 19 45 44
3 4 88 36
3 4 90 56
5 16 88 4 90 64
3 27 101 36
5 41 88 36 101 64
3 14 103 27
5 44 101 27 103 41
3 41 88 103
3 64 90 101
3 56 104 14
5 44 104 14 103 19
5 90 19 16 104 56
3 16 88 104
3 44 104 101
3 90 103 19
5 103 90 101 104 88
3 7 2 21
3 47 41 7
3 61 58 7
3 31 2 22
3 33 2 28
5 47 12 31 2 33
3 17 21 3
3 12 19 21
5 28 17 21 19 61
3 3 79 22
3 22 82 58
5 31 41 47 82 22
3 41 92 3
5 3 92 61 58 17
3 47 79 12
3 61 28 79
3 33 82 47
3 19 61 92
3 31 105 12
5 12 19 33 28 105
3 41 31 103
5 58 103 41 92 82
3 17 105 28
3 58 17 103
5 31 105 82 33 103
5 17 103 19 92 105
3 33 103 19
3 92 105 82
3 37 54 45
3 38 37 64
3 37 59 40
5 64 61 55 59 37
5 54 45 47 79 57
3 54 63 55
5 47 38 42 54 63
3 57 54 42
3 47 79 38
5 63 55 81 38 64
3 38 81 42
3 47 45 44
3 61 60 45
5 40 57 60 45 44
3 55 61 79
3 57 40 79
3 55 81 59
3 63 82 47
5 42 57 82 47 44
3 61 92 64
5 59 60 61 92 40
3 64 101 63
5 81 82 63 101 42
3 40 92 44
5 81 92 64 101 59
3 60 82 57
3 42 101 44
3 59 60 101
5 92 44 101 60 82
3 81 92 82
3 37 34 1
3 3 1 43
3 12 1 44
5 73 57 43 1 44
3 59 37 73
3 37 16 48
5 16 3 53 59 37
3 34 18 53
3 57 70 34
5 18 12 48 70 34
3 53 79 3
5 59 43 3 92 73
3 16 92 3
3 57 79 73
3 12 48 79
3 53 94 59
5 48 16 18 53 94
3 73 92 44
3 70 94 48
5 12 105 57 70 44
3 18 105 12
3 43 105 57
3 59 104 43
5 59 104 16 92 94
5 92 44 104 43 105
3 18 104 16
3 44 70 104
5 94 105 18 104 70
3 92 105 94
3 0 2 23
3 0 6 34
3 71 0 66
3 13 25 2
3 54 46 25
5 6 13 25 68 34
3 66 25 68
5 39 23 2 30 54
5 34 32 2 13 39
3 30 32 2
3 39 54 34
3 32 68 34
3 71 30 54
3 23 74 46
3 39 77 23
5 30 71 77 23 74
3 46 95 6
5 71 95 46 74 66
3 13 96 6
5 66 68 95 6 96
3 77 95 71
3 13 106 39
5 68 106 13 96 32
3 66 96 74
5 77 32 30 106 39
3 30 74 106
5 96 77 95 106 74
3 68 95 106
3 77 96 32
3 26 25 51
3 54 45 25
3 28 25 68
5 51 25 68 69 48
3 26 47 79
5 50 51 26 84 69
3 30 26 84
3 69 50 54
3 57 54 30
3 47 33 45
3 48 70 45
5 28 33 45 70 57
3 48 79 69
3 57 28 79
3 50 85 47
5 30 57 85 47 33
3 69 84 68
3 48 98 51
5 28 68 70 48 98
3 50 51 106
5 30 106 50 85 84
3 33 98 28
3 57 85 70
5 98 84 68 106 51
3 30 33 106
3 68 70 106
5 70 106 33 98 85
3 84 85 98
3 23 0 62
3 0 35 5
3 6 72 0
3 8 38 9
3 29 8 23
3 6 52 8
5 35 5 29 8 52
3 38 80 35
3 38 75 72
5 23 75 38 80 62
3 5 9 93
3 62 9 86
5 72 6 86 9 93
5 80 29 23 77 35
3 75 77 23
3 35 77 52
3 29 96 5
5 6 96 5 93 52
3 86 6 96
3 80 99 62
5 72 99 62 86 75
3 72 93 99
3 80 107 29
5 96 77 52 107 29
3 52 93 107
5 75 107 80 99 77
3 86 107 75
5 86 96 99 93 107
3 99 96 77
3 8 47 38
3 46 51 8
3 39 52 8
3 46 54 63
3 54 65 69
3 42 54 39
3 69 38 83
3 42 75 38
5 83 63 46 75 38
5 46 95 69 83 51
3 46 95 75
3 63 47 78
3 65 85 47
5 39 42 85 47 78
3 69 95 52
3 83 102 63
5 78 63 102 42 75
3 65 106 51
5 39 52 85 65 106
3 39 106 78
3 42 85 102
3 51 83 107
5 95 52 107 51 106
3 85 107 52
5 102 95 75 107 83
3 75 107 78
3 95 102 106
5 102 106 78 107 85
3 3 53 0
3 0 71 36
3 6 0 49
3 37 69 38
3 36 37 59
3 6 16 37
3 3 38 81
3 49 75 38
5 81 71 36 75 38
3 16 3 88
5 81 59 36 88 3
3 53 93 69
3 59 53 89
5 93 16 6 89 53
3 36 88 75
3 71 95 69
5 49 93 69 95 6
3 89 6 95
3 81 99 71
5 75 95 71 99 49
3 49 93 99
3 81 108 59
5 88 16 108 59 89
3 16 93 108
5 99 81 108 75 88
3 75 95 108
5 89 99 93 108 95
3 88 89 99
3 9 7 61
3 7 63 46
3 11 7 41
3 38 73 37
3 37 67 46
3 11 37 16
3 38 83 9
3 41 38 75
5 9 86 46 67 83
3 9 86 16
3 46 86 75
3 73 61 92
3 67 90 61
5 11 16 92 61 90
3 63 101 73
5 41 11 101 73 92
3 11 90 101
3 83 63 100
5 75 41 100 63 101
3 41 100 92
3 67 83 108
5 90 86 16 108 67
5 86 100 83 108 75
3 16 92 108
3 75 108 101
3 90 100 86
5 100 90 101 108 92
3 8 21 6
3 8 45 39
3 29 8 51
3 24 2 25
3 25 45 56
3 51 25 15
3 14 2 21
5 2 33 45 39 14
3 29 2 33
3 15 19 21
3 33 45 19
3 24 6 96
3 56 97 6
5 15 51 97 6 96
3 39 106 24
5 51 106 24 96 29
3 39 109 14
5 106 33 29 109 39
3 56 110 14
5 33 110 14 109 19
3 96 109 29
3 97 106 51
5 56 97 19 15 110
3 15 110 96
3 33 110 106
3 97 109 19
5 106 110 96 109 97
3 8 21 1
3 47 29 8
3 48 52 8
3 31 1 35
3 44 1 40
5 31 1 44 47 10
3 5 21 18
3 10 19 21
5 40 48 19 21 18
3 35 79 5
5 47 29 31 35 85
3 35 85 52
3 10 47 79
3 40 48 79
3 44 85 47
3 29 98 5
5 5 98 48 52 18
3 31 105 10
5 19 44 40 105 10
3 19 98 48
3 18 40 105
3 31 109 29
5 29 109 52 85 98
5 105 85 44 109 31
3 18 109 52
3 44 109 19
5 98 105 18 109 19
3 85 105 98
3 20 2 25
3 25 15 61
3 68 25 65
5 53 5 15 25 68
3 5 2 32
3 2 33 10
5 65 57 32 2 33
3 17 20 53
3 60 20 57
5 61 10 17 20 60
3 53 79 5
3 10 61 79
3 57 79 65
5 17 53 94 61 15
3 53 94 68
3 5 98 15
5 32 68 65 98 5
3 60 94 61
3 17 10 105
5 33 60 57 105 10
3 65 33 98
3 57 32 105
3 15 17 110
5 15 98 94 68 110
5 60 110 17 105 94
3 68 32 110
5 98 33 110 32 105
3 60 110 33
3 94 105 98
3 2 23 7
3 11 45 7
3 63 58 7
3 14 2 20
3 33 2 30
3 54 36 20
5 11 14 20 60 45
3 60 20 58
3 39 54 45
3 63 30 54
3 36 23 76
3 39 78 23
5 30 63 78 23 76
3 33 45 60
3 36 101 11
5 63 101 36 76 58
3 14 11 103
5 58 103 11 101 60
3 63 101 78
3 14 111 39
5 33 78 39 111 30
5 14 111 60 33 103
3 58 76 103
3 30 76 111
5 76 103 78 101 111
3 78 103 33
3 60 101 111
3 54 20 34
3 22 43 20
3 28 60 20
5 43 40 73 60 20
3 35 34 32
3 40 34 70
5 32 34 70 65 28
3 35 22 79
3 30 82 22
5 43 42 73 82 22
3 73 54 42
3 54 30 65
3 42 85 35
5 30 65 85 35 32
3 40 79 73
3 65 79 28
3 73 60 82
3 70 85 65
3 43 105 40
5 70 60 28 105 40
3 28 105 32
3 43 111 42
5 30 111 42 85 82
3 30 32 111
5 60 82 105 43 111
5 85 105 32 111 70
3 60 70 111
3 82 85 105
3 23 7 62
3 7 10 47
3 11 64 7
3 3 1 38
3 31 1 23
3 1 44 11
3 38 80 47
3 38 75 64
5 80 31 23 78 47
3 75 23 78
3 62 3 88
3 3 92 10
5 11 88 3 92 64
3 47 78 44
3 62 100 80
5 64 75 88 62 100
3 31 10 103
5 10 103 11 44 92
3 88 11 103
3 92 100 64
3 31 112 80
5 31 103 78 44 112
5 80 100 78 75 112
3 44 112 92
3 75 88 112
5 100 103 88 112 92
3 78 103 100
3 35 1 38
3 43 1 36
3 44 1 39
3 54 71 36
3 54 73 57
3 50 54 39
3 38 81 73
3 50 38 75
3 71 35 77
3 57 85 35
5 50 85 35 77 39
5 36 101 73 81 43
3 36 101 75
3 81 102 71
5 77 75 50 102 71
3 44 101 73
3 50 102 85
5 44 85 57 111 39
3 39 77 111
3 57 111 43
3 81 112 43
5 44 112 43 111 101
3 44 112 85
5 75 101 102 81 112
3 75 112 77
5 102 111 77 112 85
3 102 111 101
3 4 0 62
3 0 5 53
3 24 71 0
3 25 55 26
3 15 25 4
3 24 25 68
3 5 84 26
3 62 74 26
5 84 71 24 74 26
3 53 55 91
3 55 87 71
5 62 91 55 87 4
5 53 89 4 15 91
3 89 87 4
3 68 89 53
3 5 96 15
5 24 96 5 84 68
5 62 99 71 87 74
3 62 99 91
3 71 99 84
3 24 96 74
3 91 113 15
5 89 68 113 15 96
3 74 113 87
5 74 96 99 84 113
3 68 113 84
5 89 99 91 113 87
3 96 99 89
3 25 55 61
3 46 25 51
3 56 68 25
3 46 64 37
3 37 48 69
3 56 37 59
3 55 83 69
3 59 87 55
3 46 95 87
3 68 95 69
3 61 94 48
3 64 61 90
5 59 56 90 61 94
3 51 97 48
5 68 56 97 48 94
3 83 64 108
5 87 59 108 64 90
3 83 113 51
5 97 51 113 68 95
3 90 97 56
3 59 108 94
5 95 87 113 83 108
3 94 113 68
3 90 113 87
3 95 97 108
5 108 97 90 113 94
3 9 8 48
3 50 8 46
3 13 29 8
3 25 65 26
3 25 67 46
3 13 25 15
3 9 83 26
3 29 74 26
3 15 9 86
3 46 74 86
3 48 98 65
3 48 97 67
5 15 98 48 97 13
3 50 65 106
5 98 29 13 106 65
3 13 97 106
3 50 107 83
5 29 74 106 50 107
3 98 107 29
3 67 113 83
5 15 86 97 67 113
3 15 113 98
5 107 86 74 113 83
3 74 113 106
3 86 107 97
5 98 113 106 97 107
3 1 21 11
3 39 1 34
3 31 43 1
3 27 2 20
3 2 21 13
3 32 2 31
3 56 34 20
3 43 17 20
3 17 21 18
3 18 34 32
3 27 11 103
3 11 104 56
5 17 103 11 104 43
3 27 111 39
5 103 31 43 111 27
3 13 109 39
3 56 13 110
5 18 109 13 110 32
5 109 31 32 111 39
5 18 104 56 110 17
3 31 103 109
3 43 111 104
3 103 110 17
3 110 111 32
3 104 109 18
5 103 109 104 111 110
3 8 49 23
3 12 8 47
3 8 51 13
3 2 26 5
3 31 2 23
3 13 33 2
3 26 47 80
3 51 26 74
3 74 78 23
3 47 78 33
3 49 5 96
3 12 5 98
5 13 96 5 98 51
3 80 49 107
5 74 96 49 107 51
3 31 12 109
5 98 33 13 109 12
3 13 109 96
3 51 107 98
3 31 114 80
5 33 114 31 109 78
5 74 114 80 107 78
3 74 96 114
3 33 98 114
3 107 109 78
5 98 114 96 109 107
3 22 26 2
3 24 2 32
3 33 2 27
3 26 74 63
3 26 84 65
3 22 76 71
3 57 22 82
5 27 63 82 22 76
3 54 71 24
3 27 54 63
3 54 57 65
5 76 74 63 102 71
3 71 102 84
3 74 106 24
5 84 32 24 106 65
3 63 102 82
3 76 111 27
5 27 111 57 82 33
3 65 106 33
3 32 57 111
3 76 114 74
5 74 106 102 84 114
3 84 114 32
5 111 106 33 114 32
5 76 111 102 82 114
3 82 114 33
3 102 111 106
3 1 23 8
3 8 45 13
3 52 8 50
3 1 34 14
3 44 1 42
3 34 24 54
5 45 13 14 34 70
3 70 34 52
3 27 45 54
3 42 54 50
3 23 77 24
3 23 78 27
5 42 77 23 78 50
3 44 45 70
3 24 106 13
5 24 106 50 52 77
3 14 111 27
5 42 44 78 27 111
3 14 109 13
5 52 109 13 106 70
3 50 78 106
5 109 44 70 111 14
3 77 111 42
3 77 109 52
3 78 109 44
5 78 106 111 77 109
3 70 106 111
3 4 62 7
3 7 61 10
3 27 63 7
3 20 55 22
3 17 20 4
3 27 60 20
3 62 76 22
3 10 82 22
3 55 91 61
3 63 55 87
5 17 4 90 61 91
3 87 90 4
3 91 100 62
5 76 87 63 100 62
3 60 90 61
3 17 10 103
5 27 103 10 82 60
3 63 100 82
3 27 103 76
3 91 115 17
5 103 90 60 115 17
5 100 90 87 115 91
3 87 115 76
5 76 103 100 82 115
3 82 115 60
3 90 100 103
3 55 20 53
3 36 43 20
3 56 60 20
3 36 37 72
3 40 73 37
3 56 67 37
3 55 81 73
3 67 87 55
3 53 89 72
3 40 94 53
5 56 89 53 94 67
3 87 101 36
3 73 101 60
3 72 108 81
5 89 72 108 67 87
3 43 104 40
5 40 104 56 60 94
3 67 94 108
3 89 104 56
3 81 115 43
5 101 60 115 43 104
5 108 101 87 115 81
3 60 94 115
3 87 115 89
5 108 104 89 115 94
3 101 104 108
3 9 26 51
3 63 55 26
3 80 26 84
3 38 64 9
3 50 69 38
3 80 81 38
3 9 93 91
3 55 69 67
3 81 91 55
3 69 93 84
3 50 102 63
3 63 100 64
5 80 100 63 102 81
3 50 107 51
5 84 102 50 107 80
3 67 108 64
5 81 108 64 100 91
3 51 67 113
5 91 93 108 67 113
5 107 93 84 113 51
3 80 107 100
3 81 108 102
3 100 113 91
3 102 113 84
3 93 108 107
5 102 113 100 107 108
3 1 40 3
3 42 1 36
3 14 1 31
3 22 20 57
3 59 20 36
3 17 20 14
3 22 81 3
3 31 76 22
3 17 88 3
3 76 88 36
3 57 40 105
3 59 40 104
5 105 17 14 104 40
3 42 111 57
5 14 111 57 105 31
3 14 111 104
3 81 42 112
5 111 76 31 112 42
3 31 112 105
3 81 115 59
5 88 17 115 59 104
3 105 115 17
5 88 112 81 115 76
3 76 115 111
3 88 104 112
5 111 115 105 112 104
3 23 41 1
3 12 35 1
3 14 1 43
3 10 2 22
3 29 2 23
3 14 32 2
3 35 80 22
3 43 76 22
3 76 77 23
3 32 35 77
3 10 105 12
3 10 103 41
5 14 103 10 105 43
3 29 109 12
5 105 32 14 109 12
3 41 112 80
5 43 76 103 41 112
3 14 103 109
3 80 29 114
5 29 114 32 77 109
3 43 112 105
5 76 114 80 112 77
3 32 114 105
3 103 114 76
3 77 109 112
5 103 109 112 105 114
3 4 25 66
3 25 28 61
3 25 51 13
3 5 21 9
3 4 21 17
3 13 21 19
3 61 91 9
3 9 86 51
3 90 4 86
3 66 5 96
3 5 98 28
3 61 90 19
5 19 98 28 110 13
3 13 110 96
3 91 66 113
5 51 113 66 96 86
3 17 110 28
3 51 113 98
3 91 116 17
5 110 90 19 116 17
5 90 113 91 116 86
3 86 116 96
3 19 98 116
5 96 116 98 113 110
3 90 113 110
3 6 72 37
3 11 37 64
3 40 48 37
3 3 21 9
3 6 21 18
3 11 21 19
3 48 93 9
3 64 86 9
3 72 3 88
3 40 92 3
5 48 97 6 18 93
3 86 97 6
5 92 19 11 104 40
3 11 104 88
3 19 97 48
3 93 72 108
5 86 64 108 72 88
3 18 104 40
3 64 108 92
3 18 93 116
5 19 116 18 104 97
3 88 116 86
5 93 116 86 97 108
3 19 92 116
5 92 116 88 104 108
3 108 97 104
3 20 4 25
3 25 45 13
3 67 25 68
3 14 34 20
3 59 60 20
3 37 6 34
3 37 45 11
3 67 37 59
3 70 34 68
3 70 45 60
3 6 89 4
3 4 90 11
5 59 89 4 90 67
3 13 97 6
5 89 68 67 97 6
3 14 11 104
5 60 90 11 104 59
3 14 13 110
5 97 70 68 110 13
5 14 104 70 60 110
3 90 97 67
3 59 104 89
3 68 89 110
3 60 90 110
3 70 97 104
5 104 97 90 110 89
3 6 8 49
3 12 48 8
3 39 8 50
3 35 69 34
3 6 34 18
3 39 34 70
3 49 77 35
3 12 35 85
3 48 93 69
3 50 69 95
3 95 97 6
3 93 107 49
5 50 95 77 49 107
3 70 48 97
3 18 12 109
5 39 70 85 12 109
3 85 50 107
3 39 109 77
3 18 93 117
5 97 109 18 117 70
5 93 107 97 95 117
3 77 95 117
5 107 85 117 77 109
3 85 117 70
3 97 107 109
3 24 66 25
3 28 65 25
3 56 25 67
3 53 34 69
3 24 32 34
3 34 70 56
3 66 89 53
3 28 53 94
3 65 84 69
3 67 69 95
3 95 106 24
3 70 65 106
3 66 113 84
5 66 113 67 95 89
3 32 110 28
5 70 94 28 110 56
3 94 113 67
3 89 110 56
3 84 117 32
5 70 117 32 110 106
5 113 106 95 117 84
3 70 117 94
3 95 89 117
5 113 110 89 117 94
3 106 113 110
3 3 22 43
3 22 71 55
3 82 22 80
3 3 72 38
3 42 73 38
3 80 83 38
3 92 3 91
3 59 55 73
3 55 91 83
3 72 71 99
3 71 102 42
5 83 80 99 71 102
3 82 92 73
3 59 108 72
5 91 83 108 72 99
3 42 112 43
5 80 112 42 102 82
3 43 115 59
5 108 92 91 115 59
3 102 108 83
5 82 115 43 112 92
3 99 112 80
3 91 99 115
3 102 115 82
3 92 112 108
5 102 115 99 112 108
3 5 28 2
3 24 2 30
3 2 31 14
3 34 35 57
3 68 34 24
3 18 34 14
3 5 35 84
3 35 77 31
3 5 96 18
3 77 96 24
3 28 57 105
3 28 110 68
5 105 18 14 110 28
3 57 111 30
3 14 111 110
3 84 114 30
5 31 114 30 111 77
3 31 114 105
3 84 68 117
5 18 117 68 110 96
3 18 117 105
5 114 96 77 117 84
3 77 111 117
3 96 110 114
5 110 114 105 117 111
3 4 20 58
3 28 53 20
3 14 20 43
3 3 21 10
3 4 21 15
3 14 21 18
3 53 3 91
3 43 88 3
3 89 4 88
3 18 53 89
3 28 105 10
3 10 103 58
3 15 28 110
3 14 110 103
3 91 115 58
5 43 88 103 58 115
3 91 15 116
5 15 116 18 89 110
3 105 115 43
5 89 115 91 116 88
3 105 116 18
3 88 103 116
3 115 110 89
5 103 116 105 115 110
3 26 62 66
3 26 30 63
3 29 51 26
3 23 24 46
3 62 23 76
3 29 78 23
3 46 87 63
3 46 86 51
3 86 100 62
3 66 96 24
3 24 106 30
3 78 100 63
3 66 113 87
5 78 106 30 114 29
3 96 29 114
3 51 113 106
3 76 114 30
3 76 118 87
5 114 100 78 118 76
3 86 96 118
5 100 113 87 118 86
3 106 118 78
5 96 114 113 106 118
3 100 114 113
3 38 72 49
3 41 64 38
3 38 50 42
3 36 46 23
3 49 23 77
3 41 78 23
3 46 50 95
3 64 86 46
3 36 88 72
3 36 101 42
3 86 107 49
3 95 72 108
3 41 112 88
5 78 101 42 112 41
3 78 50 107
3 64 108 101
3 77 42 112
3 86 88 118
5 86 107 108 95 118
3 77 95 118
5 77 118 78 107 112
5 88 118 101 108 112
3 101 118 78
3 108 112 107
3 26 22 62
3 29 26 47
3 84 26 83
3 31 35 22
3 81 82 22
3 38 49 35
3 38 41 47
3 81 83 38
3 84 85 35
3 82 47 85
3 62 99 49
3 62 100 41
5 83 81 99 62 100
3 49 107 29
5 84 99 49 107 83
3 31 112 41
5 100 82 81 112 41
3 31 114 29
5 84 114 29 107 85
5 31 112 85 82 114
3 83 100 107
3 81 112 99
3 99 114 84
3 100 114 82
3 85 112 107
5 100 107 112 99 114
3 1 41 11
3 12 40 1
3 39 1 42
3 47 73 45
3 19 45 11
3 45 70 39
3 47 85 12
3 41 78 47
3 40 92 73
3 42 101 73
3 11 104 101
3 12 109 19
3 41 112 92
3 70 104 40
3 39 78 109
3 85 42 112
3 19 119 92
5 104 109 19 119 70
3 70 85 119
5 92 112 104 101 119
3 101 119 78
5 78 109 112 85 119
3 104 109 112
3 27 58 20
3 28 20 57
3 56 59 20
3 45 73 61
3 33 45 27
3 56 45 70
3 61 94 28
3 58 61 90
3 57 82 73
3 73 101 59
3 101 111 27
3 33 110 28
3 70 57 111
3 82 115 58
5 58 115 59 101 90
3 56 110 90
3 94 115 59
3 82 119 33
5 110 111 70 119 33
3 94 119 70
5 101 119 82 115 111
3 90 119 101
5 110 115 94 119 90
3 111 115 110
3 26 5 66
3 26 65 30
3 80 26 83
3 32 35 5
3 35 71 69
3 80 85 35
3 93 98 5
3 65 69 68
3 69 93 83
3 66 99 71
3 30 102 71
3 85 98 65
3 68 66 113
5 83 93 99 66 113
3 32 30 114
5 85 102 30 114 80
3 102 113 83
3 99 114 80
3 32 117 68
5 93 98 113 68 117
5 114 98 85 117 32
3 93 99 117
3 85 117 102
3 113 114 98
5 102 117 99 114 113
3 10 2 28
3 27 2 30
3 2 29 13
3 45 47 65
3 27 45 60
3 13 45 19
3 47 82 10
3 29 47 78
3 19 10 103
3 27 78 103
3 65 98 28
3 65 106 30
3 106 110 13
3 60 110 28
3 98 114 29
3 30 114 82
3 60 119 82
5 19 103 110 60 119
3 98 119 19
5 78 119 82 114 103
3 78 106 119
5 106 119 98 114 110
3 103 110 114
3 5 21 12
3 16 21 6
3 17 21 14
3 34 40 53
3 52 34 6
3 32 34 14
3 5 93 53
3 53 89 17
3 32 5 96
3 89 6 96
3 12 105 40
3 52 109 12
3 40 104 16
3 14 109 104
3 52 117 93
5 109 96 32 117 52
3 93 16 116
5 89 104 16 116 17
3 105 116 17
3 32 105 117
5 89 117 93 116 96
3 104 117 89
3 96 109 116
5 105 116 109 104 117
3 22 62 58
3 22 71 30
3 22 43 31
3 27 36 23
3 62 23 74
3 23 77 31
3 36 87 71
3 43 88 36
3 88 62 99
3 77 99 71
3 27 103 58
3 27 111 30
3 87 115 58
3 74 114 30
3 31 103 114
3 43 111 115
3 87 118 74
5 77 118 74 114 99
5 88 118 87 115 99
3 77 118 111
3 88 103 118
3 115 114 99
5 115 114 103 118 111
3 9 49 62
3 9 16 64
3 9 15 51
3 4 46 6
3 46 75 64
3 46 74 51
3 62 4 88
3 4 90 15
3 49 96 6
3 16 97 6
3 74 100 62
3 49 107 75
3 64 100 90
3 97 107 51
3 96 15 116
5 97 90 15 116 16
3 88 116 16
3 96 118 74
5 74 118 75 107 100
3 75 118 88
5 116 100 90 118 88
5 97 118 96 116 107
3 90 118 97
3 100 107 116
3 66 55 71
3 58 63 55
3 55 67 59
3 36 46 4
3 46 63 74
3 46 67 95
3 66 89 4
3 58 4 90
3 71 76 36
3 59 101 36
3 95 102 71
3 102 63 101
3 74 113 66
3 76 115 58
3 90 67 113
3 89 59 115
3 74 118 76
5 102 113 74 118 95
5 102 115 76 118 101
3 95 118 89
5 90 118 89 115 113
3 101 118 90
3 113 115 102
3 3 62 9
3 15 61 9
3 83 93 9
3 3 53 17
3 81 92 3
3 55 66 53
3 55 61 58
3 55 81 83
3 94 53 93
3 62 99 66
3 58 100 62
3 94 92 61
3 66 113 15
3 17 115 58
5 92 100 58 115 81
3 17 116 15
5 15 116 93 94 113
3 83 113 100
5 94 115 17 116 92
3 81 115 99
3 93 99 116
3 100 116 92
5 100 116 99 115 113
3 94 113 115
3 40 57 34
3 34 52 39
3 56 34 68
3 45 65 48
3 39 45 44
3 60 45 56
3 40 48 94
3 48 97 52
3 57 65 85
3 68 65 106
3 44 104 40
3 106 111 39
3 60 111 57
3 56 104 97
3 85 52 117
5 97 106 68 117 52
3 85 119 44
5 111 104 44 119 60
3 94 117 68
3 60 119 94
5 106 119 85 117 111
5 97 119 94 117 104
3 106 119 97
3 104 117 111
3 22 10 58
3 22 57 30
3 80 22 81
3 10 47 33
3 47 63 73
3 80 47 85
3 92 10 105
3 60 73 57
3 73 92 81
3 58 100 63
3 30 63 102
3 57 85 105
3 60 58 115
3 33 114 30
3 80 114 100
3 81 115 102
3 60 119 33
5 105 114 33 119 85
5 92 105 115 60 119
3 92 100 119
3 85 102 119
3 105 115 114
5 115 114 100 119 102
3 9 49 5
3 9 48 16
3 9 91 83
3 18 53 5
3 69 72 53
3 53 94 91
3 84 5 98
3 52 69 48
3 84 69 83
3 49 99 72
3 52 107 49
3 94 98 48
3 72 108 16
3 52 117 18
5 98 107 52 117 84
3 107 108 83
3 18 116 16
5 16 116 91 94 108
3 91 99 116
5 98 116 18 117 94
3 84 99 117
3 98 107 116
5 107 108 117 99 116
3 94 108 117
3 10 12 21
3 11 16 21
3 15 21 13
3 45 61 48
3 11 45 44
3 33 45 13
3 61 92 10
3 15 61 90
3 33 103 10
3 90 11 103
3 12 48 98
3 48 97 16
3 44 12 109
3 97 109 13
3 15 116 98
3 92 116 16
3 92 119 44
5 109 103 33 119 44
3 33 98 119
5 103 116 92 119 90
5 97 119 98 116 109
3 90 119 97
3 103 109 116
3 24 39 23
3 49 75 23
3 31 76 23
3 42 71 35
3 52 49 35
3 32 35 31
3 24 71 95
3 76 99 71
3 24 96 32
3 49 99 96
3 39 42 111
3 39 52 109
3 75 112 42
3 31 109 112
3 52 117 95
3 32 117 111
3 95 118 75
5 76 99 112 75 118
3 111 118 76
5 117 99 96 118 95
3 109 118 96
3 99 112 117
5 112 117 111 118 109
3 41 62 3
3 16 72 3
3 3 43 17
3 11 4 36
3 4 86 62
3 17 89 4
3 36 75 72
3 43 76 36
3 62 99 76
3 11 103 41
3 11 104 16
3 89 99 72
3 75 112 41
3 104 112 43
3 86 116 16
3 17 116 103
3 86 75 118
3 76 118 103
5 86 116 99 89 118
3 89 104 118
3 99 112 116
5 103 116 112 104 118
3 46 24 6
3 46 75 50
3 67 87 46
3 72 69 71
3 52 50 69
3 68 69 67
3 72 89 6
3 52 97 6
3 24 71 77
3 87 102 71
3 68 106 24
3 75 72 108
3 50 106 102
3 67 97 108
3 77 117 52
3 89 68 117
3 75 118 77
5 75 118 87 102 108
3 87 89 118
5 106 118 77 117 102
5 117 108 97 118 89
3 106 97 118
3 102 117 108
3 35 52 12
3 35 57 42
3 35 84 80
3 12 47 44
3 50 65 47
3 80 47 82
3 98 105 12
3 70 57 65
3 84 65 98
3 42 102 50
3 52 50 107
3 82 105 57
3 44 112 42
3 70 117 52
3 107 112 80
3 70 44 119
5 82 119 44 112 105
3 84 102 117
5 70 119 98 105 117
3 102 119 82
3 98 107 119
3 112 117 105
5 102 119 107 112 117
3 3 10 41
3 3 16 40
3 81 3 91
3 10 19 61
3 61 73 64
3 91 61 94
3 82 105 10
3 40 73 44
3 81 73 82
3 41 64 100
3 41 112 44
3 40 105 94
3 16 108 64
3 16 116 19
3 19 119 44
3 108 112 81
3 100 116 91
5 105 116 19 119 94
3 82 119 100
3 108 119 94
3 105 112 116
5 100 116 112 108 119
3 27 39 23
3 41 23 75
3 29 23 74
3 47 50 63
3 41 44 47
3 33 47 29
3 63 101 27
3 74 63 100
3 33 103 27
3 41 100 103
3 39 106 50
3 75 107 50
3 44 109 39
3 29 107 109
3 106 118 74
3 44 119 101
3 75 118 101
3 106 119 33
5 100 119 101 118 103
3 103 109 118
5 109 118 106 119 107
3 107 119 100
3 6 56 4
3 4 87 66
3 17 88 4
3 53 59 72
3 68 53 66
3 18 53 17
3 6 95 72
3 18 96 6
3 72 99 88
3 66 99 96
3 56 104 59
3 56 110 68
3 87 115 59
3 17 115 110
3 95 68 117
3 104 117 18
3 87 118 95
3 88 104 118
3 96 118 110
3 99 117 115
5 115 117 104 118 110
3 29 5 49
3 5 66 15
3 18 32 5
3 13 6 24
3 49 86 6
3 18 89 6
3 24 74 66
3 24 32 77
3 49 99 77
3 29 109 13
3 15 110 13
3 66 89 99
3 74 114 29
3 86 15 116
3 74 118 86
3 32 114 110
3 18 116 109
3 77 109 118
3 89 110 118
3 99 116 114
5 109 118 110 114 116
3 36 11 27
3 36 42 75
3 59 87 36
3 63 73 64
3 42 73 44
3 60 73 59
3 64 90 11
3 44 11 104
3 63 78 27
3 87 102 63
3 60 111 27
3 75 64 108
3 102 111 42
3 104 108 59
3 78 119 44
3 78 75 118
3 60 119 90
3 90 118 87
5 118 111 102 119 78
5 108 119 90 118 104
3 102 119 108
3 104 118 111
3 53 40 59
3 53 68 28
3 91 93 53
3 67 48 61
3 28 60 61
3 92 61 91
3 40 48 70
3 48 98 93
3 92 105 40
3 28 98 105
3 59 108 67
3 68 113 67
3 59 115 60
3 68 117 70
3 113 115 91
3 70 60 119
3 108 117 93
3 108 119 92
3 98 113 119
3 105 117 115
5 115 117 108 119 113
3 12 29 5
3 5 28 15
3 5 84 93
3 12 19 48
3 51 48 65
3 93 94 48
3 85 105 12
3 33 65 28
3 84 65 85
3 28 105 94
3 29 107 51
3 33 29 114
3 15 113 51
3 19 116 15
3 19 33 119
3 113 114 84
3 107 116 93
3 107 119 85
3 113 119 94
3 105 114 116
5 116 114 113 119 107
3 4 11 56
3 58 4 87
3 15 86 4
3 61 67 64
3 58 61 60
3 19 61 15
3 11 64 101
3 11 103 19
3 86 64 100
3 100 103 58
3 67 97 56
3 67 113 87
3 56 110 60
3 15 110 113
3 97 118 86
3 101 60 119
3 101 118 87
3 19 97 119
3 103 118 110
5 97 119 113 110 118
3 100 113 119
3 62 49 80
3 66 91 62
3 62 76 88
3 72 81 71
3 71 84 66
3 77 71 76
3 49 72 93
3 77 96 49
3 88 72 89
3 89 96 66
3 81 112 80
3 84 114 80
3 91 115 81
3 93 116 91
3 76 115 114
3 93 117 84
3 112 117 77
3 88 112 116
3 115 117 89
3 96 114 116
5 112 117 115 114 116
3 31 10 41
3 17 58 10
3 10 33 19
3 14 27 11
3 11 41 88
3 11 90 19
3 27 58 76
3 27 78 33
3 78 100 41
3 14 109 31
3 17 110 14
3 58 90 100
3 31 114 76
3 88 116 17
3 76 88 118
3 33 114 110
3 109 116 19
3 109 118 78
3 110 118 90
3 100 116 114
3 24 39 13
3 24 30 74
3 24 68 95
3 51 65 50
3 33 30 65
3 68 70 65
3 13 51 97
3 33 13 110
3 39 50 78
3 95 50 102
3 39 111 70
3 51 113 74
3 30 102 111
3 78 118 74
3 110 113 68
3 78 33 119
3 70 119 97
3 97 118 95
3 102 119 113
3 111 118 110
3 71 81 42
3 30 84 71
3 71 87 95
3 63 83 50
3 30 63 82
3 87 101 63
3 50 85 42
3 95 106 50
3 101 111 42
3 30 111 106
3 81 83 108
3 83 113 84
3 82 115 81
3 85 117 84
3 87 113 115
3 85 82 119
3 108 117 95
3 101 108 119
3 106 113 119
3 111 115 117
3 12 31 10
3 10 28 17
3 10 82 92
3 12 18 40
3 12 85 98
3 43 40 57
3 40 92 94
3 32 57 28
3 28 98 94
3 82 85 57
3 31 112 43
3 32 114 31
3 17 43 115
3 18 116 17
3 32 117 18
3 114 115 82
3 92 116 112
3 112 117 85
3 98 114 116
3 94 115 117
3 13 6 56
3 52 95 6
3 6 16 86
3 51 48 67
3 48 70 52
3 16 19 48
3 13 51 106
3 19 13 109
3 67 90 56
3 67 108 95
3 51 107 86
3 70 104 56
3 107 109 52
3 16 108 104
3 86 118 90
3 19 90 119
3 106 119 70
3 106 95 118
3 104 118 109
3 108 119 107
3 62 80 41
3 62 91 58
3 62 86 74
3 63 83 64
3 63 82 58
3 74 63 78
3 41 64 92
3 41 78 103
3 90 64 86
3 58 103 90
3 83 107 80
3 91 113 83
3 82 114 80
3 74 113 114
3 92 116 91
3 107 116 86
3 92 82 119
3 78 119 107
3 113 119 90
3 103 116 114
3 31 29 12
3 18 52 12
3 19 44 12
3 14 39 13
3 29 96 13
3 13 97 19
3 39 52 77
3 44 78 39
3 14 31 103
3 18 104 14
3 78 107 29
3 77 112 31
3 97 107 52
3 44 104 112
3 96 18 116
3 103 116 19
3 96 118 77
3 78 103 118
3 104 118 97
3 107 112 116
3 14 39 27
3 27 76 30
3 60 101 27
3 39 77 42
3 70 106 39
3 43 57 42
3 32 57 30
3 57 60 70
3 43 104 14
3 14 32 110
3 101 102 42
3 30 106 102
3 76 115 43
3 32 117 77
3 76 77 118
3 110 115 60
3 70 104 117
3 101 118 104
3 106 118 110
3 102 115 117
3 72 81 59
3 72 93 16
3 72 75 95
3 64 83 67
3 16 92 64
3 75 64 101
3 59 67 94
3 95 67 97
3 59 104 101
3 83 102 81
3 83 107 93
3 16 97 104
3 81 112 92
3 75 112 107
3 94 117 93
3 95 102 117
3 94 119 92
3 102 119 101
3 97 119 107
3 112 117 104
3 11 56 14
3 11 88 16
3 11 44 101
3 40 59 43
3 18 40 16
3 44 70 40
3 43 111 14
3 14 18 109
3 56 59 89
3 70 97 56
3 59 101 108
3 88 112 43
3 16 97 108
3 44 109 112
3 89 117 18
3 88 89 118
3 70 117 111
3 101 111 118
3 97 118 109
3 108 117 112
3 29 49 80
3 52 93 49
3 75 86 49
3 51 83 50
3 50 85 52
3 75 50 78
3 29 51 98
3 29 78 109
3 86 97 51
3 97 109 52
3 80 100 83
3 83 108 93
3 80 85 112
3 75 108 112
3 86 116 100
3 98 116 93
3 100 119 78
3 98 119 85
3 97 108 119
3 112 116 109
3 14 56 13
3 13 96 15
3 33 106 13
3 15 28 17
3 32 68 28
3 28 33 60
3 17 103 14
3 14 32 111
3 56 68 89
3 56 90 60
3 15 113 90
3 17 115 89
3 68 113 106
3 96 114 32
3 103 114 33
3 111 115 60
3 89 118 96
3 103 118 90
3 111 118 106
3 114 115 113
3 66 91 15
3 66 74 87
3 68 84 66
3 51 83 67
3 68 67 94
3 87 67 90
3 51 98 15
3 51 106 74
3 90 110 15
3 83 100 91
3 84 102 83
3 74 114 100
3 68 110 106
3 91 115 94
3 84 114 98
3 87 102 115
3 94 119 98
3 100 119 90
3 106 119 102
3 114 115 110
3 41 80 31
3 44 92 41
3 75 88 41
3 43 81 42
3 42 44 85
3 77 75 42
3 31 43 105
3 77 109 31
3 43 104 88
3 81 99 80
3 85 107 80
3 104 109 44
3 81 108 92
3 107 108 75
3 77 117 99
3 88 99 116
3 92 105 116
3 85 117 105
3 107 116 109
3 108 117 104
3 31 29 80
3 74 96 29
3 29 98 33
3 76 74 30
3 30 32 84
3 30 82 33
3 31 32 105
3 31 103 76
3 80 99 84
3 82 100 80
3 74 100 113
3 96 110 32
3 76 115 99
3 33 103 110
3 98 113 84
3 82 105 115
3 96 116 99
3 98 105 116
3 103 116 100
3 110 113 115
3 58 91 17
3 58 87 76
3 58 60 82
3 43 81 59
3 59 94 60
3 89 59 87
3 17 105 43
3 43 111 76
3 17 89 110
3 91 81 99
3 81 102 82
3 91 113 94
3 76 114 99
3 60 111 110
3 102 113 87
3 82 114 105
3 89 117 99
3 94 117 105
3 102 117 111
3 113 114 110
3 15 91 17
3 86 96 15
3 15 98 19
3 18 93 16
3 86 16 88
3 16 92 19
3 17 18 105
3 17 103 88
3 93 99 91
3 92 100 91
3 18 109 96
3 86 100 107
3 93 107 98
3 19 103 109
3 88 112 99
3 92 105 112
3 96 114 99
3 105 114 98
3 100 114 103
3 109 107 112
3 18 52 93
3 77 95 52
3 52 85 70
3 32 84 68
3 70 94 68
3 68 95 89
3 18 32 105
3 32 111 77
3 89 104 18
3 84 99 93
3 85 102 84
3 94 108 93
3 77 99 112
3 70 104 111
3 102 108 95
3 99 115 89
3 85 112 105
3 94 115 105
3 102 115 111
3 108 112 104
3 74 87 76
3 86 74 96
3 78 106 74
3 88 75 86
3 77 95 75
3 78 101 75
3 76 77 111
3 88 103 76
3 86 97 90
3 89 95 87
3 90 101 87
3 96 77 109
3 88 104 89
3 97 106 95
3 103 109 78
3 96 110 89
3 101 104 111
3 90 110 103
3 110 106 111
3 97 104 109
3 19 44 92
3 70 85 44
3 44 101 78
3 60 82 33
3 19 33 98
3 33 78 106
3 70 94 60
3 90 101 60
3 19 90 97
3 97 106 70
3 100 92 82
3 85 102 82
3 92 94 108
3 78 100 107
3 98 107 85
3 101 108 102
3 94 113 98
3 90 100 113
3 106 102 113
3 97 108 107
4 0 1 39 24
4 21 0 24 13
4 1 21 13 39
4 7 46 24 2
4 7 46 6 21
4 21 2 24 6
4 1 36 46 8
4 21 4 46 8
4 21 4 36 1
4 0 2 27 36
4 0 21 11 36
4 11 27 2 21
4 8 39 27 7
4 7 27 14 21
4 21 14 39 8
4 25 7 11 56
4 7 11 14 2
4 2 14 56 25
4 0 6 13 2
4 20 0 6 56
4 2 13 56 20
4 23 2 25 46
4 25 46 36 20
4 36 20 2 23
4 1 11 4 0
4 0 34 56 4
4 1 34 56 11
4 37 1 23 46
4 23 1 34 24
4 37 34 24 46
4 1 8 13 14
4 8 37 56 13
4 14 1 37 56
4 8 23 36 37
4 23 8 45 27
4 36 27 45 37
4 8 6 4 7
4 7 4 56 45
4 6 56 45 8
4 20 14 13 25
4 25 54 39 13
4 20 54 39 14
4 20 27 23 0
4 23 39 34 0
4 20 34 39 27
4 4 20 34 6
4 46 54 20 4
4 54 46 6 34
4 7 23 24 25
4 23 39 45 7
4 25 45 39 24
4 25 4 36 54
4 4 25 45 11
4 11 45 54 36
4 14 34 37 11
4 27 11 37 54
4 14 34 54 27
4 54 37 6 24
4 37 6 13 45
4 24 54 45 13
4 8 12 10 7
4 7 10 31 23
4 12 31 23 8
4 1 0 5 12
4 0 5 29 23
4 29 12 1 23
4 2 7 9 5
4 9 7 23 49
4 2 23 49 5
4 8 9 3 1
4 9 8 23 62
4 1 23 62 3
4 0 2 10 3
4 0 23 41 3
4 10 41 23 2
4 49 0 2 29
4 0 22 80 49
4 22 80 29 2
4 21 2 26 9
4 2 21 3 22
4 22 3 9 26
4 2 31 41 7
4 26 80 41 7
4 2 31 80 26
4 29 8 1 31
4 8 38 80 29
4 38 80 31 1
4 62 0 1 41
4 35 80 62 0
4 1 35 80 41
4 21 9 38 1
4 5 35 1 21
4 9 38 35 5
4 49 8 7 62
4 47 80 62 7
4 8 49 80 47
4 21 3 38 8
4 21 10 47 8
4 3 10 47 38
4 21 10 22 0
4 0 35 12 21
4 10 12 35 22
4 35 22 62 49
4 62 22 79 9
4 9 79 35 49
4 22 31 29 26
4 29 12 79 26
4 31 12 79 22
4 7 26 5 21
4 21 7 47 12
4 12 5 26 47
4 62 26 79 3
4 47 41 62 26
4 3 79 47 41
4 38 41 31 35
4 10 41 38 79
4 31 10 79 35
4 49 5 79 38
4 38 49 29 47
4 29 5 79 47
4 5 28 20 0
4 4 15 5 0
4 15 28 20 4
4 26 7 4 66
4 21 4 66 5
4 20 25 26 22
4 26 25 4 62
4 20 4 62 22
4 22 0 4 58
4 4 21 10 58
4 7 25 28 10
4 7 4 17 10
4 28 17 4 25
4 58 7 21 17
4 9 91 58 7
4 9 91 17 21
4 15 21 0 66
4 0 3 91 66
4 3 21 15 91
4 58 20 0 62
4 53 0 62 91
4 53 91 58 20
4 2 26 55 20
4 2 5 53 20
4 26 55 53 5
4 15 25 20 17
4 55 91 15 25
4 20 17 91 55
4 25 2 22 55
4 10 61 25 2
4 22 55 61 10
4 25 66 62 7
4 7 61 91 62
4 61 25 66 91
4 9 15 17 3
4 9 15 28 79
4 3 79 28 17
4 0 2 28 53
4 10 3 53 28
4 26 66 53 79
4 3 53 66 62
4 2 28 61 7
4 5 28 61 9
4 22 58 61 79
4 9 61 58 62
4 55 79 10 58
4 10 79 53 17
4 55 53 17 58
4 66 55 79 5
4 15 5 79 61
4 61 15 66 55
4 8 37 40 12
4 8 12 18 6
4 37 6 18 40
4 34 0 3 40
4 3 16 6 0
4 34 6 16 40
4 8 6 72 38
4 3 21 6 72
4 34 37 38 35
4 38 49 6 37
4 35 49 6 34
4 6 52 35 0
4 21 6 52 12
4 72 0 21 16
4 0 72 93 5
4 21 5 93 16
4 8 52 18 21
4 8 52 93 9
4 93 9 21 18
4 1 0 53 40
4 40 12 5 53
4 16 9 79 40
4 5 18 16 9
4 5 18 40 79
4 72 53 79 38
4 5 53 72 49
4 16 37 34 18
4 16 37 69 93
4 34 69 93 18
4 0 49 52 34
4 53 93 49 0
4 34 52 93 53
4 34 1 38 69
4 1 34 53 3
4 3 53 69 38
4 72 37 8 49
4 8 48 93 49
4 48 93 72 37
4 37 1 35 69
4 37 1 12 48
4 35 69 48 12
4 8 1 40 48
4 3 9 48 40
4 49 9 48 52
4 35 52 48 79
4 12 18 53 79
4 69 52 12 79
4 69 52 18 53
4 72 69 79 3
4 3 79 48 16
4 48 16 72 69
4 7 27 30 26
4 7 27 76 62
4 30 76 62 26
4 0 24 30 22
4 24 74 62 0
4 22 62 74 30
4 24 66 62 23
4 23 62 58 27
4 66 0 23 74
4 0 36 87 66
4 23 36 87 74
4 76 23 7 58
4 46 87 58 7
4 23 46 87 76
4 74 26 22 76
4 26 74 87 55
4 22 55 87 76
4 4 87 71 0
4 58 22 71 87
4 24 71 55 25
4 22 71 24 2
4 7 63 87 4
4 63 87 66 26
4 2 27 63 26
4 20 27 63 55
4 46 74 30 54
4 76 36 54 30
4 36 76 74 46
4 2 30 71 0
4 27 36 71 30
4 25 66 71 54
4 36 71 66 4
4 7 63 30 2
4 63 30 24 46
4 63 54 20 58
4 4 58 63 46
4 55 54 27 58
4 27 76 71 54
4 58 76 71 55
4 55 66 24 54
4 24 54 63 74
4 63 55 66 74
4 7 45 48 9
4 9 16 11 7
4 45 11 16 48
4 11 7 47 44
4 11 44 12 21
4 1 11 64 38
4 21 9 64 11
4 37 38 47 45
4 37 11 41 38
4 45 11 41 47
4 1 12 19 11
4 11 19 48 37
4 44 1 21 19
4 3 92 44 1
4 3 92 19 21
4 64 7 21 16
4 10 92 64 7
4 21 10 92 16
4 3 10 19 16
4 10 19 48 79
4 64 38 79 61
4 10 61 64 41
4 7 61 48 8
4 10 61 48 12
4 7 41 44 45
4 41 7 61 92
4 45 61 92 44
4 38 8 45 73
4 8 45 61 9
4 38 73 61 9
4 45 19 16 37
4 37 16 92 73
4 73 92 19 45
4 8 37 73 47
4 40 73 47 12
4 64 37 1 41
4 1 40 92 41
4 40 92 64 37
4 41 44 40 3
4 44 47 79 40
4 19 12 79 61
4 12 44 73 79
4 73 61 19 44
4 9 64 73 79
4 73 64 16 40
4 0 34 57 22
4 24 34 57 30
4 54 55 53 34
4 66 53 34 24
4 24 68 53 0
4 24 2 28 68
4 25 28 57 54
4 25 24 32 28
4 24 54 57 32
4 26 30 57 79
4 5 26 30 32
4 32 57 79 5
4 0 20 57 35
4 28 5 35 57
4 71 35 79 55
4 5 35 71 66
4 5 0 71 84
4 2 30 84 5
4 2 32 68 25
4 25 68 84 26
4 2 32 84 26
4 34 68 66 0
4 35 84 66 0
4 34 68 84 35
4 30 54 34 32
4 34 69 84 32
4 69 84 30 54
4 35 22 20 34
4 34 20 55 69
4 69 55 22 35
4 54 69 53 20
4 28 65 54 20
4 53 28 65 69
4 25 65 84 66
4 65 54 71 84
4 28 79 35 32
4 69 35 32 68
4 69 68 28 79
4 20 57 65 25
4 22 57 65 26
4 65 68 66 26
4 65 68 53 79
4 22 71 69 79
4 30 22 79 65
4 71 30 65 69
4 35 0 36 42
4 0 49 75 36
4 35 42 75 49
4 23 49 72 36
4 23 49 52 39
4 8 38 42 39
4 8 49 77 39
4 38 42 77 49
4 77 23 8 52
4 46 95 52 8
4 46 95 77 23
4 72 0 23 75
4 24 0 72 95
4 24 23 75 95
4 75 46 54 42
4 54 42 77 24
4 46 24 77 75
4 42 1 0 71
4 39 42 71 24
4 54 71 72 37
4 24 71 72 6
4 54 39 52 69
4 39 77 71 54
4 52 77 71 69
4 0 71 95 6
4 35 52 95 71
4 35 71 36 1
4 36 71 69 37
4 38 75 77 35
4 75 38 69 95
4 69 35 77 95
4 1 39 50 38
4 39 50 69 34
4 50 8 6 95
4 38 50 95 72
4 1 42 50 8
4 42 50 46 36
4 34 52 50 54
4 6 52 50 46
4 36 72 69 54
4 36 54 50 75
4 69 50 75 72
4 6 0 62 86
4 3 62 86 16
4 6 49 62 4
4 11 4 62 41
4 62 7 11 88
4 16 88 62 9
4 46 7 41 75
4 7 41 88 4
4 46 4 88 75
4 4 86 49 0
4 36 75 86 4
4 9 38 75 86
4 3 88 75 38
4 86 9 3 88
4 41 75 72 3
4 37 11 88 72
4 38 41 88 72
4 11 16 72 36
4 75 23 7 64
4 9 49 75 64
4 46 86 16 37
4 36 37 16 88
4 36 88 86 46
4 6 86 64 37
4 38 49 86 64
4 23 41 64 46
4 6 46 64 16
4 19 61 25 13
4 2 13 19 10
4 47 26 25 45
4 25 26 29 13
4 47 29 13 45
4 13 2 26 51
4 21 13 51 9
4 9 8 13 15
4 15 61 45 13
4 8 47 33 13
4 21 10 33 13
4 51 8 21 15
4 8 51 98 12
4 12 21 15 98
4 19 21 2 33
4 5 98 33 2
4 21 19 98 5
4 5 12 19 15
4 48 79 26 51
4 48 51 29 12
4 19 45 25 15
4 15 25 65 98
4 45 65 98 19
4 8 29 33 45
4 29 8 48 98
4 45 48 98 33
4 26 65 45 7
4 9 26 65 48
4 29 2 25 51
4 28 98 51 25
4 2 29 98 28
4 51 65 79 9
4 65 51 15 28
4 33 47 79 28
4 5 28 33 29
4 7 47 65 25
4 10 47 65 28
4 33 10 79 65
4 65 48 19 33
4 27 33 28 20
4 54 27 33 65
4 55 61 45 54
4 58 61 45 27
4 27 45 65 30
4 7 27 60 61
4 2 28 60 27
4 7 10 82 63
4 2 10 82 30
4 47 79 55 63
4 10 47 63 58
4 10 22 30 33
4 33 2 20 60
4 22 82 33 2
4 82 22 20 60
4 54 30 33 45
4 73 82 30 54
4 45 33 82 73
4 45 60 58 7
4 7 58 82 47
4 47 45 60 82
4 55 73 45 25
4 26 47 73 55
4 57 82 58 20
4 82 57 54 63
4 25 54 73 61
4 57 73 61 28
4 60 28 79 73
4 73 47 33 60
4 22 57 60 58
4 60 57 79 61
4 63 73 79 26
4 63 73 57 30
4 41 1 39 78
4 38 50 78 41
4 46 7 47 50
4 47 50 75 41
4 41 44 39 23
4 27 101 64 7
4 23 75 101 27
4 78 23 1 44
4 36 1 44 101
4 36 101 78 23
4 27 54 50 78
4 36 75 78 27
4 7 63 50 8
4 50 63 27 39
4 63 54 37 64
4 27 63 64 11
4 7 63 101 11
4 44 47 63 101
4 44 73 54 39
4 78 39 54 63
4 44 78 63 73
4 8 46 63 47
4 37 46 63 73
4 75 38 47 78
4 73 101 75 38
4 73 101 78 47
4 11 1 42 101
4 38 42 101 64
4 42 73 45 39
4 46 64 73 54
4 64 75 42 73
4 45 44 42 54
4 11 44 42 36
4 57 40 37 54
4 36 43 40 37
4 54 36 43 57
4 36 59 53 0
4 1 36 59 40
4 42 57 20 36
4 20 36 72 53
4 3 22 57 40
4 38 42 43 3
4 57 42 38 79
4 43 57 79 3
4 3 72 71 22
4 0 3 81 71
4 1 42 81 3
4 0 72 59 20
4 72 0 22 81
4 20 22 81 59
4 43 40 79 22
4 55 22 43 59
4 55 59 40 79
4 1 43 59 37
4 81 38 1 43
4 81 38 37 59
4 42 54 20 43
4 20 43 81 55
4 55 54 42 81
4 37 73 81 72
4 81 73 54 71
4 34 40 73 54
4 55 73 40 53
4 34 57 73 37
4 38 35 57 73
4 73 38 72 59
4 59 53 79 73
4 35 79 73 42
4 71 55 73 42
4 25 55 59 56
4 66 25 56 89
4 59 89 66 55
4 59 87 66 53
4 4 66 68 56
4 68 95 72 53
4 56 59 72 6
4 68 69 37 56
4 56 37 72 89
4 69 68 89 72
4 4 87 95 6
4 25 68 95 46
4 68 25 4 89
4 4 46 95 89
4 87 46 37 59
4 6 37 59 89
4 46 6 89 87
4 89 53 55 87
4 87 55 69 95
4 95 69 53 89
4 25 67 95 24
4 71 55 67 95
4 55 20 56 67
4 34 69 67 56
4 25 67 59 20
4 59 67 46 36
4 37 67 68 34
4 46 67 68 24
4 36 87 67 37
4 67 87 71 69
4 13 96 49 8
4 9 15 96 49
4 6 49 29 13
4 5 49 86 15
4 5 29 74 66
4 25 66 96 13
4 66 26 29 96
4 24 13 15 66
4 24 74 86 6
4 46 8 29 74
4 8 6 96 29
4 46 6 96 74
4 46 25 15 86
4 24 96 15 25
4 46 24 96 86
4 26 9 86 74
4 5 96 74 26
4 86 9 5 96
4 8 51 74 23
4 62 9 51 74
4 4 86 51 25
4 26 62 86 51
4 4 46 51 15
4 23 29 51 46
4 1 3 17 14
4 14 34 53 17
4 14 32 35 1
4 21 14 32 5
4 22 31 14 20
4 14 34 35 31
4 2 22 43 14
4 21 3 43 14
4 2 14 18 5
4 20 14 18 53
4 18 21 2 32
4 2 32 105 10
4 10 105 18 21
4 17 21 1 43
4 12 1 43 105
4 12 105 17 21
4 12 40 43 31
4 12 18 17 10
4 32 34 1 31
4 40 105 31 1
4 34 32 105 40
4 18 34 20 17
4 17 20 57 105
4 34 18 105 57
4 31 2 20 43
4 2 31 105 28
4 28 105 43 20
4 10 28 32 31
4 28 57 43 17
4 57 32 18 40
4 47 63 74 29
4 27 33 29 23
4 27 2 29 78
4 26 63 78 29
4 78 23 2 33
4 2 33 106 24
4 78 23 24 106
4 39 8 51 106
4 39 23 74 106
4 13 106 30 2
4 30 26 51 106
4 51 65 54 46
4 65 51 74 30
4 13 33 30 24
4 24 74 78 39
4 54 50 51 25
4 39 13 51 50
4 8 13 106 50
4 50 47 33 106
4 78 47 26 74
4 65 106 74 26
4 47 65 106 78
4 50 65 25 46
4 50 65 33 78
4 45 48 69 54
4 48 45 39 52
4 39 8 48 70
4 1 39 70 40
4 34 40 44 39
4 35 42 44 12
4 50 69 79 47
4 12 52 50 47
4 8 50 85 12
4 1 42 85 12
4 34 70 44 1
4 44 1 35 85
4 70 34 35 85
4 8 52 70 45
4 47 85 52 8
4 47 45 70 85
4 54 42 85 65
4 65 85 44 45
4 45 37 69 65
4 47 65 69 38
4 48 65 54 37
4 57 65 48 40
4 65 50 38 79
4 50 42 57 65
4 34 57 85 52
4 57 85 50 54
4 57 70 52 35
4 70 57 79 48
4 40 79 65 70
4 47 44 70 65
4 46 7 61 67
4 58 87 67 61
4 58 60 56 4
4 56 90 58 20
4 55 67 90 58
4 56 37 73 60
4 56 37 64 90
4 73 64 90 60
4 61 64 101 60
4 25 46 64 61
4 7 64 67 25
4 64 67 56 11
4 90 4 20 60
4 36 101 60 20
4 36 101 90 4
4 4 87 101 11
4 11 90 67 37
4 36 11 90 87
4 20 59 101 27
4 59 101 63 55
4 56 45 73 59
4 63 73 59 87
4 59 37 45 60
4 36 59 60 27
4 90 61 55 87
4 101 73 55 87
4 61 90 101 73
4 37 46 51 48
4 46 67 48 8
4 38 50 51 9
4 7 9 83 63
4 9 83 50 8
4 26 9 64 63
4 26 55 67 51
4 67 55 79 48
4 7 64 83 26
4 26 83 67 25
4 67 37 8 51
4 8 51 83 38
4 37 67 83 38
4 69 38 64 67
4 67 69 79 61
4 55 83 51 25
4 83 55 54 50
4 69 83 64 37
4 83 69 54 63
4 55 69 48 61
4 69 55 63 50
4 71 81 91 66
4 26 55 81 80
4 66 26 80 99
4 66 99 81 55
4 62 66 84 80
4 84 69 38 80
4 72 99 80 38
4 69 72 99 84
4 72 81 80 49
4 72 93 84 71
4 49 62 91 93
4 38 9 91 81
4 38 81 99 49
4 49 9 91 99
4 55 91 93 69
4 71 99 91 55
4 93 69 71 99
4 9 26 84 93
4 26 62 99 84
4 9 93 99 62
4 55 83 80 22
4 35 69 83 80
4 26 5 93 83
4 53 93 83 55
4 22 81 83 26
4 9 83 81 3
4 38 83 84 35
4 9 5 84 83
4 3 91 83 38
4 69 83 91 53
4 10 41 88 17
4 14 103 41 1
4 17 103 41 3
4 14 11 41 31
4 14 103 58 20
4 31 103 58 22
4 14 27 58 17
4 31 76 58 10
4 1 31 76 36
4 1 31 103 11
4 11 103 76 36
4 27 76 88 11
4 36 20 17 88
4 20 27 103 17
4 36 88 103 27
4 3 88 76 22
4 10 103 76 22
4 88 3 10 103
4 43 1 23 76
4 62 3 43 76
4 4 88 43 20
4 22 62 88 43
4 36 23 31 43
4 43 17 4 36
4 2 24 77 31
4 31 77 71 22
4 35 31 76 71
4 24 32 31 23
4 39 1 43 111
4 23 76 111 39
4 77 23 2 32
4 27 111 32 2
4 27 111 77 23
4 57 43 76 30
4 27 14 32 30
4 14 2 30 111
4 30 22 43 111
4 27 76 77 39
4 14 39 42 43
4 35 77 76 22
4 76 22 57 111
4 35 77 111 57
4 1 14 111 42
4 35 32 111 42
4 32 77 42 57
4 11 21 15 90
4 9 15 90 64
4 64 86 15 61
4 4 11 19 15
4 48 51 86 16
4 13 6 16 19
4 13 21 16 97
4 16 97 51 9
4 25 51 97 56
4 4 56 97 86
4 90 4 21 19
4 21 19 97 6
4 4 90 97 6
4 56 6 86 90
4 51 67 56 13
4 9 86 90 61
4 86 9 48 97
4 61 48 97 90
4 25 67 97 13
4 67 61 19 97
4 48 67 90 19
4 57 60 56 34
4 45 56 68 65
4 56 70 65 25
4 57 20 56 70
4 28 68 67 61
4 25 28 94 67
4 20 28 94 59
4 53 59 60 28
4 40 70 68 53
4 40 59 67 48
4 94 40 37 67
4 34 68 94 40
4 70 34 20 60
4 53 94 60 20
4 70 34 53 94
4 48 70 60 61
4 37 59 94 48
4 48 94 60 45
4 25 68 70 45
4 68 25 61 94
4 61 45 70 94
4 56 97 52 34
4 69 67 97 52
4 52 95 67 48
4 56 6 52 70
4 68 95 50 65
4 68 70 39 24
4 39 34 68 106
4 68 106 50 69
4 48 70 106 51
4 65 70 97 51
4 13 106 95 6
4 34 70 97 6
4 34 70 106 24
4 24 6 97 106
4 13 24 95 97
4 69 95 97 48
4 95 69 65 106
4 48 97 106 65
4 22 80 100 58
4 55 58 100 83
4 58 82 80 62
4 83 63 58 91
4 64 83 80 41
4 38 41 100 83
4 3 41 100 91
4 62 41 92 91
4 63 82 92 64
4 80 38 73 82
4 64 100 80 38
4 73 82 100 64
4 73 92 91 55
4 55 91 100 63
4 63 100 92 73
4 3 92 82 22
4 82 22 62 100
4 3 62 100 92
4 73 81 91 61
4 38 81 82 47
4 3 81 82 10
4 81 73 47 80
4 10 22 81 92
4 61 92 81 55
4 2 14 109 29
4 5 29 109 18
4 13 14 31 29
4 12 29 96 18
4 13 39 77 96
4 31 2 13 109
4 24 77 109 13
4 12 52 77 31
4 34 14 109 52
4 31 35 52 109
4 14 18 52 39
4 34 18 96 24
4 34 18 109 39
4 24 39 109 96
4 32 34 6 96
4 35 49 96 32
4 18 32 24 6
4 32 77 49 5
4 35 77 96 5
4 35 12 109 77
4 5 96 109 12
4 53 72 88 17
4 4 6 18 17
4 21 6 89 17
4 3 72 89 17
4 21 16 104 14
4 16 104 43 3
4 14 11 16 18
4 40 16 88 43
4 4 89 18 21
4 11 104 18 21
4 4 89 104 11
4 56 104 43 20
4 56 4 88 104
4 56 11 88 89
4 59 40 18 89
4 20 59 104 14
4 59 53 18 104
4 14 56 59 43
4 89 53 3 88
4 40 104 88 3
4 40 104 89 53
4 63 74 86 64
4 41 78 74 62
4 41 100 74 23
4 46 74 100 64
4 23 75 107 29
4 46 75 107 51
4 49 75 78 29
4 51 86 75 50
4 100 62 23 78
4 107 49 23 78
4 49 107 100 62
4 26 80 107 51
4 80 62 86 107
4 51 83 80 29
4 80 49 86 100
4 29 26 83 107
4 83 107 78 63
4 46 86 100 63
4 50 107 86 46
4 63 100 107 50
4 50 83 100 78
4 65 84 80 47
4 80 26 65 85
4 57 85 80 22
4 57 82 80 35
4 71 81 82 30
4 30 84 83 63
4 26 30 102 83
4 30 102 81 22
4 42 102 83 38
4 35 84 102 42
4 50 42 81 83
4 71 84 85 42
4 22 82 85 35
4 71 102 82 22
4 85 35 71 102
4 63 82 85 50
4 81 38 50 102
4 47 82 102 50
4 26 84 85 47
4 84 26 63 102
4 47 85 102 63
4 44 101 59 40
4 11 56 70 44
4 45 56 104 44
4 59 104 44 73
4 39 45 60 111
4 73 42 111 60
4 60 101 42 57
4 27 39 70 60
4 57 70 104 43
4 40 70 111 43
4 70 45 11 104
4 45 27 111 70
4 27 11 104 111
4 14 11 101 111
4 27 14 104 101
4 73 40 104 101
4 101 73 57 111
4 57 111 104 40
4 83 50 52 93
4 35 52 107 80
4 69 52 107 83
4 49 80 85 52
4 35 84 98 12
4 48 98 84 69
4 65 84 93 48
4 12 85 84 5
4 29 5 93 107
4 49 93 98 29
4 51 107 85 65
4 50 85 98 51
4 65 98 93 69
4 69 93 107 50
4 65 98 107 50
4 35 85 98 5
4 85 35 49 107
4 5 98 107 49
4 19 12 31 103
4 19 10 31 109
4 27 14 109 78
4 39 14 103 78
4 45 13 109 44
4 29 47 44 109
4 13 39 44 19
4 12 44 78 29
4 33 78 41 10
4 45 11 103 33
4 47 41 103 33
4 11 27 33 19
4 27 45 19 103
4 45 39 109 19
4 39 109 103 27
4 47 78 103 10
4 47 78 109 12
4 103 10 12 109
4 28 15 96 32
4 14 110 15 21
4 5 15 110 32
4 13 15 17 14
4 18 89 66 5
4 53 66 96 18
4 13 110 17 21
4 13 6 89 110
4 56 13 96 89
4 14 110 68 34
4 17 110 68 53
4 56 14 32 68
4 28 68 89 17
4 34 56 110 32
4 56 6 96 110
4 53 89 96 5
4 28 110 89 53
4 5 96 110 28
4 49 99 76 23
4 72 99 76 36
4 71 72 88 76
4 49 62 76 77
4 42 75 88 43
4 41 75 77 31
4 31 112 75 23
4 43 112 75 36
4 22 43 112 80
4 80 112 88 62
4 62 99 77 23
4 77 23 41 112
4 41 112 99 62
4 41 80 99 88
4 22 31 112 81
4 81 112 77 71
4 43 31 80 81
4 81 42 77 99
4 88 36 71 99
4 36 88 112 42
4 42 71 99 112
4 4 58 100 86
4 62 58 90 86
4 67 87 74 51
4 66 15 90 87
4 46 87 113 51
4 4 87 113 15
4 9 91 113 51
4 74 113 91 62
4 66 91 100 74
4 51 83 91 15
4 4 90 100 62
4 4 66 113 90
4 100 62 66 113
4 46 74 113 67
4 64 67 113 100
4 15 113 83 9
4 64 83 113 90
4 83 100 90 67
4 40 92 91 53
4 61 91 93 48
4 91 9 48 94
4 3 91 94 40
4 16 9 83 108
4 3 81 108 16
4 16 92 81 72
4 16 93 83 64
4 59 81 83 67
4 59 94 93 72
4 59 108 83 55
4 53 93 108 59
4 55 81 108 67
4 67 61 92 108
4 67 94 92 64
4 61 94 93 9
4 93 9 64 108
4 64 108 94 61
4 92 3 53 94
4 72 108 92 3
4 53 72 108 94
4 56 110 33 45
4 33 65 68 110
4 13 56 60 33
4 28 33 106 68
4 28 32 111 60
4 57 60 110 32
4 57 30 106 70
4 65 70 111 30
4 13 14 111 106
4 45 60 110 13
4 39 13 110 111
4 39 14 110 106
4 106 65 28 110
4 57 111 106 65
4 57 28 110 111
4 44 112 80 47
4 44 73 81 112
4 85 44 41 80
4 44 92 81 42
4 57 82 92 40
4 10 82 85 12
4 47 12 105 82
4 82 73 40 105
4 10 31 112 92
4 31 105 92 41
4 43 105 85 42
4 57 85 112 43
4 73 57 105 92
4 42 112 92 73
4 57 42 112 105
4 10 105 85 47
4 47 41 112 85
4 10 105 112 41
4 53 68 113 91
4 69 83 113 68
4 68 94 91 66
4 84 68 67 83
4 28 5 93 94
4 53 28 98 93
4 15 5 84 113
4 15 66 84 98
4 67 94 98 51
4 51 48 94 113
4 69 67 113 84
4 48 98 113 67
4 53 94 98 5
4 53 66 113 94
4 98 5 66 113
4 33 10 17 110
4 28 33 103 17
4 61 58 103 19
4 10 19 90 58
4 14 103 90 56
4 14 110 90 11
4 28 15 90 60
4 61 15 110 60
4 56 11 103 110
4 10 103 90 61
4 28 61 90 110
4 28 110 103 10
4 31 23 74 114
4 32 114 74 24
4 31 76 74 29
4 30 32 96 74
4 66 71 77 96
4 66 24 77 99
4 80 99 96 29
4 29 114 76 23
4 29 49 99 114
4 30 84 99 76
4 31 114 84 35
4 71 84 114 76
4 31 32 84 80
4 35 80 114 32
4 80 49 96 114
4 71 99 96 24
4 30 71 99 114
4 30 114 96 24
4 66 62 88 89
4 4 66 99 88
4 4 87 115 17
4 43 115 87 36
4 17 58 87 89
4 59 87 76 43
4 43 17 91 81
4 3 43 115 91
4 76 115 91 62
4 76 99 91 58
4 62 4 89 99
4 4 58 115 89
4 62 58 115 99
4 59 89 99 81
4 17 115 81 3
4 81 115 89 72
4 59 115 76 36
4 59 72 99 115
4 49 86 97 52
4 6 52 107 86
4 95 46 64 108
4 16 6 95 108
4 67 95 75 64
4 72 95 97 16
4 75 107 93 72
4 75 49 93 108
4 83 51 97 108
4 67 108 75 46
4 67 108 107 51
4 49 107 97 6
4 97 6 72 108
4 49 72 108 107
4 67 97 107 83
4 63 87 95 50
4 87 46 50 102
4 36 87 102 42
4 71 87 101 42
4 59 101 75 72
4 36 59 108 75
4 71 81 108 95
4 72 81 102 95
4 64 101 102 83
4 83 108 101 63
4 46 63 102 95
4 63 102 108 64
4 101 36 71 102
4 72 108 101 36
4 72 71 102 108
4 19 97 52 12
4 52 109 19 48
4 44 40 18 109
4 12 18 104 44
4 16 104 70 48
4 16 40 70 97
4 14 13 97 104
4 14 56 97 109
4 56 104 109 13
4 48 97 109 12
4 48 97 104 40
4 40 104 109 12
4 33 98 84 30
4 33 114 80 47
4 65 84 114 33
4 29 80 82 33
4 57 82 114 32
4 30 82 105 32
4 65 28 105 85
4 57 85 98 28
4 31 29 98 105
4 12 98 114 31
4 29 114 82 47
4 29 114 105 12
4 65 98 105 57
4 65 30 114 98
4 57 30 114 105
4 82 60 59 81
4 61 60 115 91
4 60 73 81 115
4 91 58 60 94
4 28 61 92 105
4 28 94 92 10
4 58 17 105 82
4 10 82 115 17
4 43 40 94 115
4 59 43 105 94
4 82 73 59 115
4 40 105 115 59
4 10 105 94 61
4 61 58 115 94
4 10 105 115 58
4 84 102 87 66
4 84 113 87 71
4 68 113 74 24
4 66 68 106 74
4 30 106 95 71
4 24 95 102 30
4 51 50 102 113
4 51 106 102 83
4 50 106 113 83
4 24 106 102 71
4 71 102 113 66
4 24 66 113 106
4 33 103 76 30
4 27 33 114 76
4 27 78 100 58
4 63 58 103 78
4 31 41 100 114
4 31 103 100 80
4 63 82 114 74
4 82 100 74 30
4 41 80 114 103
4 27 63 100 103
4 30 63 100 114
4 27 103 114 30
4 18 96 86 16
4 4 86 116 17
4 18 116 86 6
4 17 15 86 88
4 49 6 89 99
4 72 49 96 89
4 15 116 88 4
4 66 99 116 15
4 91 99 96 15
4 17 53 93 116
4 93 72 88 116
4 17 91 93 18
4 88 99 93 16
4 6 72 99 96
4 6 96 116 16
4 72 16 116 99
4 53 91 116 18
4 91 66 96 116
4 32 77 95 68
4 18 6 95 117
4 24 32 117 95
4 52 18 89 95
4 32 117 93 5
4 49 77 117 93
4 77 52 93 99
4 18 93 84 32
4 89 6 52 117
4 52 117 99 49
4 18 117 84 5
4 84 117 89 66
4 68 84 99 89
4 77 24 68 117
4 68 117 99 66
4 44 11 88 112
4 41 88 104 44
4 64 101 104 16
4 16 11 101 108
4 75 108 92 41
4 64 75 112 92
4 59 108 112 43
4 81 108 104 43
4 11 41 112 104
4 64 11 104 108
4 41 64 108 112
4 59 81 112 104
4 52 50 78 109
4 39 78 107 52
4 39 77 112 44
4 44 109 77 42
4 85 107 75 42
4 75 50 85 112
4 80 107 109 31
4 29 107 112 31
4 29 109 112 80
4 39 109 107 50
4 50 107 112 42
4 42 39 109 112
4 61 19 116 91
4 48 93 116 19
4 15 91 92 19
4 16 19 98 93
4 18 105 92 16
4 18 116 92 40
4 40 12 98 94
4 12 105 94 48
4 28 98 116 17
4 15 98 105 17
4 61 15 116 92
4 15 116 105 28
4 40 48 98 105
4 48 16 116 98
4 40 105 116 16
4 48 93 117 70
4 65 70 117 84
4 52 93 94 70
4 68 84 85 70
4 12 18 117 85
4 52 85 105 18
4 68 94 105 32
4 28 94 117 32
4 85 65 68 117
4 28 105 117 68
4 48 52 117 94
4 12 105 117 52
4 63 82 115 87
4 82 102 87 58
4 27 60 115 76
4 58 60 111 76
4 30 27 101 102
4 63 101 111 30
4 81 102 111 43
4 43 115 102 42
4 81 115 111 42
4 27 111 102 63
4 102 63 58 115
4 27 111 115 58
4 11 88 116 19
4 19 16 88 103
4 64 41 103 90
4 11 41 100 90
4 91 17 103 100
4 17 58 100 116
4 86 16 92 100
4 86 116 92 64
4 64 100 103 11
4 103 11 16 116
4 64 100 116 16
4 58 103 116 91
4 62 86 118 76
4 86 49 77 118
4 88 76 74 86
4 86 75 77 96
4 89 87 74 96
4 88 62 74 118
4 66 89 118 74
4 89 88 75 95
4 76 71 95 118
4 72 95 118 88
4 87 76 77 95
4 75 118 96 49
4 75 72 89 118
4 71 87 118 77
4 87 66 96 118
4 11 101 119 19
4 33 119 101 27
4 19 44 101 90
4 33 60 101 78
4 19 92 82 33
4 92 10 33 119
4 78 119 92 41
4 44 92 100 78
4 11 90 119 44
4 41 100 119 44
4 90 100 82 60
4 19 10 82 119
4 58 90 119 82
4 27 78 119 60
4 58 60 119 100
4 13 96 114 33
4 29 33 110 96
4 15 110 106 51
4 15 113 106 13
4 29 98 113 74
4 51 98 114 74
4 32 110 113 84
4 68 113 114 32
4 29 114 110 13
4 51 113 110 13
4 51 113 114 29
4 84 114 110 68
4 56 68 113 90
4 68 110 90 67
4 60 59 89 110
4 60 56 89 115
4 87 67 94 115
4 59 94 113 87
4 15 17 115 113
4 91 113 110 17
4 91 15 110 115
4 67 56 110 113
4 67 113 115 59
4 56 110 115 59
4 75 78 106 95
4 63 87 118 78
4 78 50 95 118
4 78 101 87 74
4 42 101 118 77
4 75 101 111 77
4 39 111 102 50
4 39 106 102 42
4 76 111 106 74
4 76 30 106 118
4 63 101 118 74
4 74 118 111 30
4 50 42 111 106
4 50 106 118 75
4 111 42 75 118
4 60 82 85 70
4 70 119 92 40
4 70 119 82 57
4 44 92 94 70
4 60 119 98 28
4 85 57 60 119
4 60 94 98 33
4 44 85 98 19
4 19 12 85 119
4 28 33 119 94
4 44 119 98 12
4 94 40 44 119
4 95 50 85 117
4 95 52 85 102
4 70 111 77 52
4 39 77 117 70
4 32 117 102 30
4 32 84 102 111
4 30 84 117 111
4 50 52 117 102
4 52 117 111 39
4 19 15 96 109
4 19 13 96 116
4 29 13 97 107
4 51 97 109 29
4 18 52 107 116
4 18 93 107 109
4 86 51 98 116
4 86 15 98 107
4 13 51 107 109
4 15 116 109 13
4 51 107 116 15
4 52 109 116 93
4 75 78 103 88
4 41 78 118 88
4 76 58 90 118
4 87 76 103 90
4 86 64 101 118
4 101 90 86 75
4 41 103 118 75
4 64 90 118 75
4 58 87 118 103
4 70 106 78 44
4 19 119 106 13
4 39 44 119 106
4 33 106 97 19
4 29 98 119 78
4 78 107 98 33
4 33 119 97 13
4 33 29 107 119
4 52 85 119 97
4 85 70 97 107
4 70 119 78 39
4 70 119 107 52
4 31 32 110 103
4 14 32 114 103
4 14 111 115 17
4 17 43 111 110
4 43 105 114 76
4 31 105 115 76
4 33 114 115 60
4 82 115 110 33
4 31 114 110 14
4 43 115 110 14
4 31 43 115 114
4 60 110 114 82
4 67 59 104 97
4 59 56 97 108
4 68 95 108 94
4 95 67 94 117
4 56 70 117 89
4 68 89 104 70
4 93 18 104 108
4 18 117 108 16
4 93 117 104 16
4 56 104 108 67
4 67 68 117 108
4 68 117 104 56
4 83 100 114 84
4 80 100 113 84
4 82 115 99 80
4 81 82 114 99
4 81 102 113 91
4 91 83 102 115
4 76 87 113 114
4 76 115 113 74
4 74 87 115 114
4 83 80 114 113
4 83 81 115 113
4 81 115 114 80
4 90 118 95 67
4 97 90 87 95
4 87 89 104 101
4 89 118 101 59
4 16 88 118 97
4 86 88 104 97
4 86 16 104 118
4 67 87 118 97
4 87 118 104 59
4 85 119 101 42
4 101 44 85 102
4 30 82 119 106
4 82 33 106 102
4 30 102 119 33
4 42 44 119 102
4 14 103 116 18
4 18 17 103 109
4 43 104 109 31
4 14 104 112 31
4 92 112 109 19
4 19 116 112 44
4 88 17 105 112
4 88 43 105 116
4 43 112 109 14
4 17 116 109 14
4 17 43 112 116
4 92 116 109 44
4 78 29 96 118
4 74 78 109 96
4 97 95 77 109
4 77 118 97 52
4 97 106 74 86
4 51 86 118 106
4 74 29 109 118
4 51 74 118 97
4 95 52 109 118
4 14 18 117 111
4 18 104 111 32
4 77 117 105 31
4 77 32 105 112
4 44 104 117 85
4 44 112 117 70
4 14 32 117 104
4 31 112 117 32
4 104 112 85 70
4 60 56 97 119
4 60 70 97 90
4 70 94 113 106
4 94 68 106 119
4 90 119 98 15
4 19 90 113 98
4 15 113 119 19
4 56 70 119 90
4 70 119 113 68
4 59 101 119 94
4 94 108 101 60
4 92 108 97 19
4 92 16 97 119
4 19 119 108 16
4 59 108 119 60
4 80 107 108 81
4 81 112 107 83
4 93 83 102 117
4 84 102 108 93
4 84 99 112 85
4 85 80 99 117
4 77 75 108 117
4 77 112 108 95
4 95 117 112 75
4 83 80 112 108
4 83 108 117 84
4 84 80 112 117
4 93 91 100 107
4 93 116 100 83
4 81 92 116 99
4 92 112 99 91
4 88 86 107 112
4 75 107 116 88
4 86 75 112 116
4 83 91 116 107
4 91 116 112 81
4 90 110 96 86
4 15 96 118 90
4 106 68 89 118
4 95 106 110 89
4 86 15 110 118
4 95 68 110 118
4 19 33 114 116
4 98 19 103 114
4 96 116 105 32
4 96 114 105 18
4 32 18 116 114
4 33 98 116 103
4 77 109 103 76
4 77 118 103 31
4 78 118 104 44
4 101 104 109 78
4 88 118 111 43
4 88 104 111 76
4 76 31 109 118
4 76 118 104 43
4 44 101 118 109
4 60 111 117 94
4 94 115 111 70
4 17 89 117 105
4 89 115 105 18
4 18 117 115 17
4 70 117 115 60
4 85 107 100 82
4 82 80 107 119
4 98 119 102 84
4 98 85 102 113
4 106 74 100 119
4 78 106 113 100
4 78 74 113 119
4 80 85 119 100
4 84 113 119 85
4 102 108 92 82
4 81 102 119 92
4 75 107 119 101
4 78 101 108 107
4 75 78 119 108
4 82 119 108 81
4 91 99 117 94
4 93 99 115 94
4 89 115 102 95
4 89 117 102 87
4 87 95 117 115
4 91 93 117 115
4 93 98 114 99
4 84 99 116 98
4 100 116 96 74
4 96 114 100 86
4 86 116 114 74
4 93 116 114 84
4 17 89 118 103
4 103 88 89 110
4 101 111 110 90
4 60 90 118 111
4 17 110 118 88
4 101 118 110 60
4 78 103 110 106
4 33 110 118 78
4 96 77 111 110
4 96 32 111 118
4 32 77 118 110
4 33 106 118 103
4 85 105 115 102
4 82 105 117 102
4 111 76 99 117
4 77 99 115 111
4 76 115 117 77
4 85 117 115 82
4 91 113 119 92
4 92 100 113 94
4 98 94 108 107
4 98 119 108 93
4 97 119 100 86
4 90 100 107 97
4 90 86 107 119
4 94 119 100 91
4 93 94 119 107
4 102 113 90 101
4 87 101 119 113
4 87 102 119 90
4 82 100 116 105
4 92 105 114 100
4 103 88 99 114
4 103 76 99 116
4 88 116 114 76
4 82 114 116 92
4 109 96 89 104
4 89 118 109 18
4 111 70 97 118
4 97 104 111 106
4 70 104 118 106
4 18 96 118 104
4 19 109 118 90
4 109 103 90 97
4 19 103 118 97
4 92 108 117 105
4 105 94 108 112
4 89 99 112 104
4 88 104 117 99
4 89 88 112 117
4 94 117 112 92
4 95 108 119 106
4 106 102 108 97
4 97 119 102 95
4 105 98 107 112
4 105 85 107 116
4 109 77 99 116
4 96 109 112 99
4 85 98 116 112
4 96 77 112 116
4 103 109 107 100
4 100 116 109 78
4 78 103 116 107
4 105 94 113 114
4 105 98 113 115
4 96 99 115 110
4 89 110 114 99
4 98 114 115 94
4 96 114 115 89
4 102 108 104 111
4 101 111 117 108
4 102 101 104 117
4 100 114 110 90
4 103 100 113 110
4 103 114 113 90
4 111 106 113 115
4 102 111 110 113
4 106 110 115 102
4 104 109 107 108
4 112 107 97 104
4 109 112 108 97

# Cells
32 0 1 2 3 4 5 6 7 8 9 10 11 12 13 14 15 16 17 18 19 20 21 22 23 24 25 26 27 28 29 30 31
32 32 33 34 35 36 37 38 39 40 41 42 43 44 45 46 47 48 49 50 51 52 53 54 55 56 57 58 59 60 61 62 63
32 64 65 66 67 68 69 70 71 72 73 74 75 76 77 78 79 80 81 82 83 84 85 86 87 88 89 90 91 92 93 94 95
32 96 97 98 99 100 101 102 103 104 105 106 107 108 109 110 111 112 113 114 115 116 117 118 119 120 121 122 123 124 125 126 127
32 128 129 130 131 132 133 134 135 136 137 138 139 140 141 142 143 144 145 146 147 148 149 150 151 152 153 154 155 156 157 158 159
32 160 161 162 163 164 165 166 167 168 169 170 171 172 173 174 175 176 177 178 179 180 181 182 183 184 185 186 187 188 189 190 191
32 192 193 194 195 196 197 198 199 200 201 202 203 204 205 206 207 208 209 210 211 212 213 214 215 216 217 218 219 220 221 222 223
32 224 225 226 227 228 229 230 231 232 233 234 235 236 237 238 239 240 241 242 243 244 245 246 247 248 249 250 251 252 253 254 255
32 256 257 258 259 260 261 262 263 264 265 266 267 268 269 270 271 272 273 274 275 276 277 278 279 280 281 282 283 284 285 286 287
32 288 289 290 291 292 293 294 295 296 297 298 299 300 301 302 303 304 305 306 307 308 309 310 311 312 313 314 315 316 317 318 319
32 320 321 322 323 324 325 326 327 328 329 330 331 332 333 334 335 336 337 338 339 340 341 342 343 344 345 346 347 348 349 350 351
32 352 353 354 355 356 357 358 359 360 361 362 363 364 365 366 367 368 369 370 371 372 373 374 375 376 377 378 379 380 381 382 383
32 0 384 385 386 387 388 389 390 391 392 393 394 395 396 397 398 399 400 401 402 403 404 405 406 407 408 409 410 411 412 413 414
32 415 416 417 418 419 420 421 422 423 424 425 426 427 428 429 430 431 432 433 434 435 436 437 438 439 440 441 442 443 444 445 446
32 447 448 449 450 451 452 453 454 455 456 457 458 459 460 461 462 463 464 465 466 467 468 469 470 471 472 473 474 475 476 477 478
32 479 480 481 482 483 484 485 486 487 488 489 490 491 492 493 494 495 496 497 498 499 500 501 502 503 504 505 506 507 508 509 510
32 511 512 513 514 515 516 517 518 519 520 521 522 523 524 525 526 527 528 529 530 531 532 533 534 535 536 537 538 539 540 541 542
32 543 544 545 546 547 548 549 550 551 552 553 554 555 556 557 558 559 560 561 562 563 564 565 566 567 568 569 570 571 572 573 574
32 575 576 577 578 579 580 581 582 583 584 585 586 587 588 589 590 591 592 593 594 595 596 597 598 599 600 601 602 603 604 605 606
32 32 386 607 608 609 610 611 612 613 614 615 616 617 618 619 620 621 622 623 624 625 626 627 628 629 630 631 632 633 634 635 636
32 480 637 638 639 640 641 642 643 644 645 646 647 648 649 650 651 652 653 654 655 656 657 658 659 660 661 662 663 664 665 666 667
32 543 668 669 670 671 672 673 674 675 676 677 678 679 680 681 682 683 684 685 686 687 688 689 690 691 692 693 694 695 696 697 698
32 417 481 699 700 701 702 703 704 705 706 707 708 709 710 711 712 713 714 715 716 717 718 719 720 721 722 723 724 725 726 727 728
32 729 730 731 732 733 734 735 736 737 738 739 740 741 742 743 744 745 746 747 748 749 750 751 752 753 754 755 756 757 758 759 760
32 448 546 761 762 763 764 765 766 767 768 769 770 771 772 773 774 775 776 777 778 779 780 781 782 783 784 785 786 787 788 789 790
32 64 388 791 792 793 794 795 796 797 798 799 800 801 802 803 804 805 806 807 808 809 810 811 812 813 814 815 816 817 818 819 820
32 416 638 821 822 823 824 825 826 827 828 829 830 831 832 833 834 835 836 837 838 839 840 841 842 843 844 845 846 847 848 849 850
32 851 852 853 854 855 856 857 858 859 860 861 862 863 864 865 866 867 868 869 870 871 872 873 874 875 876 877 878 879 880 881 882
32 513 550 883 884 885 886 887 888 889 890 891 892 893 894 895 896 897 898 899 900 901 902 903 904 905 906 907 908 909 910 911 912
32 3 35 824 913 914 915 916 917 918 919 920 921 922 923 924 925 926 927 928 929 930 931 932 933 934 935 936 937 938 939 940 941
32 224 793 942 943 944 945 946 947 948 949 950 951 952 953 954 955 956 957 958 959 960 961 962 963 964 965 966 967 968 969 970 971
32 320 972 973 974 975 976 977 978 979 980 981 982 983 984 985 986 987 988 989 990 991 992 993 994 995 996 997 998 999 1000 1001 1002
32 131 227 702 1003 1004 1005 1006 1007 1008 1009 1010 1011 1012 1013 1014 1015 1016 1017 1018 1019 1020 1021 1022 1023 1024 1025 1026 1027 1028 1029 1030 1031
32 194 323 764 1032 1033 1034 1035 1036 1037 1038 1039 1040 1041 1042 1043 1044 1045 1046 1047 1048 1049 1050 1051 1052 1053 1054 1055 1056 1057 1058 1059 1060
32 97 392 801 975 1061 1062 1063 1064 1065 1066 1067 1068 1069 1070 1071 1072 1073 1074 1075 1076 1077 1078 1079 1080 1081 1082 1083 1084 1085 1086 1087 1088
32 449 670 826 919 1089 1090 1091 1092 1093 1094 1095 1096 1097 1098 1099 1100 1101 1102 1103 1104 1105 1106 1107 1108 1109 1110 1111 1112 1113 1114 1115 1116
32 853 887 1117 1118 1119 1120 1121 1122 1123 1124 1125 1126 1127 1128 1129 1130 1131 1132 1133 1134 1135 1136 1137 1138 1139 1140 1141 1142 1143 1144 1145 1146
32 485 517 852 1147 1148 1149 1150 1151 1152 1153 1154 1155 1156 1157 1158 1159 1160 1161 1162 1163 1164 1165 1166 1167 1168 1169 1170 1171 1172 1173 1174 1175
32 128 609 944 1176 1177 1178 1179 1180 1181 1182 1183 1184 1185 1186 1187 1188 1189 1190 1191 1192 1193 1194 1195 1196 1197 1198 1199 1200 1201 1202 1203 1204
32 731 765 1036 1121 1205 1206 1207 1208 1209 1210 1211 1212 1213 1214 1215 1216 1217 1218 1219 1220 1221 1222 1223 1224 1225 1226 1227 1228 1229 1230 1231 1232
32 5 67 641 1233 1234 1235 1236 1237 1238 1239 1240 1241 1242 1243 1244 1245 1246 1247 1248 1249 1250 1251 1252 1253 1254 1255 1256 1257 1258 1259 1260 1261
32 290 327 886 1123 1262 1263 1264 1265 1266 1267 1268 1269 1270 1271 1272 1273 1274 1275 1276 1277 1278 1279 1280 1281 1282 1283 1284 1285 1286 1287 1288 1289
32 69 228 484 1153 1290 1291 1292 1293 1294 1295 1296 1297 1298 1299 1300 1301 1302 1303 1304 1305 1306 1307 1308 1309 1310 1311 1312 1313 1314 1315 1316 1317
32 98 324 548 890 1270 1318 1319 1320 1321 1322 1323 1324 1325 1326 1327 1328 1329 1330 1331 1332 1333 1334 1335 1336 1337 1338 1339 1340 1341 1342 1343 1344
32 161 395 617 979 1070 1345 1346 1347 1348 1349 1350 1351 1352 1353 1354 1355 1356 1357 1358 1359 1360 1361 1362 1363 1364 1365 1366 1367 1368 1369 1370 1371
32 512 642 673 1239 1372 1373 1374 1375 1376 1377 1378 1379 1380 1381 1382 1383 1384 1385 1386 1387 1388 1389 1390 1391 1392 1393 1394 1395 1396 1397 1398 1399
32 421 453 730 1400 1401 1402 1403 1404 1405 1406 1407 1408 1409 1410 1411 1412 1413 1414 1415 1416 1417 1418 1419 1420 1421 1422 1423 1424 1425 1426 1427 1428
32 193 614 974 1183 1352 1429 1430 1431 1432 1433 1434 1435 1436 1437 1438 1439 1440 1441 1442 1443 1444 1445 1446 1447 1448 1449 1450 1451 1452 1453 1454 1455
32 703 735 857 1006 1456 1457 1458 1459 1460 1461 1462 1463 1464 1465 1466 1467 1468 1469 1470 1471 1472 1473 1474 1475 1476 1477 1478 1479 1480 1481 1482 1483
32 9 100 671 1242 1377 1484 1485 1486 1487 1488 1489 1490 1491 1492 1493 1494 1495 1496 1497 1498 1499 1500 1501 1502 1503 1504 1505 1506 1507 1508 1509 1510
32 231 295 862 1150 1298 1511 1512 1513 1514 1515 1516 1517 1518 1519 1520 1521 1522 1523 1524 1525 1526 1527 1528 1529 1530 1531 1532 1533 1534 1535 1536 1537
32 37 132 420 1403 1538 1539 1540 1541 1542 1543 1544 1545 1546 1547 1548 1549 1550 1551 1552 1553 1554 1555 1556 1557 1558 1559 1560 1561 1562 1563 1564 1565
32 331 355 1043 1120 1208 1271 1566 1567 1568 1569 1570 1571 1572 1573 1574 1575 1576 1577 1578 1579 1580 1581 1582 1583 1584 1585 1586 1587 1588 1589 1590 1591
32 162 328 552 768 1038 1326 1592 1593 1594 1595 1596 1597 1598 1599 1600 1601 1602 1603 1604 1605 1606 1607 1608 1609 1610 1611 1612 1613 1614 1615 1616 1617
32 256 397 619 802 948 1184 1618 1619 1620 1621 1622 1623 1624 1625 1626 1627 1628 1629 1630 1631 1632 1633 1634 1635 1636 1637 1638 1639 1640 1641 1642 1643
32 12 164 675 922 1094 1492 1644 1645 1646 1647 1648 1649 1650 1651 1652 1653 1654 1655 1656 1657 1658 1659 1660 1661 1662 1663 1664 1665 1666 1667 1668 1669
32 138 199 740 1406 1546 1670 1671 1672 1673 1674 1675 1676 1677 1678 1679 1680 1681 1682 1683 1684 1685 1686 1687 1688 1689 1690 1691 1692 1693 1694 1695 1696
32 289 798 947 978 1067 1697 1698 1699 1700 1701 1702 1703 1704 1705 1706 1707 1708 1709 1710 1711 1712 1713 1714 1715 1716 1717 1718 1719 1720 1721 1722 1723
32 41 197 452 1409 1549 1677 1724 1725 1726 1727 1728 1729 1730 1731 1732 1733 1734 1735 1736 1737 1738 1739 1740 1741 1742 1743 1744 1745 1746 1747 1748 1749
32 235 359 856 1017 1459 1522 1750 1751 1752 1753 1754 1755 1756 1757 1758 1759 1760 1761 1762 1763 1764 1765 1766 1767 1768 1769 1770 1771 1772 1773 1774 1775
32 554 577 770 892 1126 1210 1776 1777 1778 1779 1780 1781 1782 1783 1784 1785 1786 1787 1788 1789 1790 1791 1792 1793 1794 1795 1796 1797 1798 1799 1800 1801
32 232 261 488 706 1009 1300 1802 1803 1804 1805 1806 1807 1808 1809 1810 1811 1812 1813 1814 1815 1816 1817 1818 1819 1820 1821 1822 1823 1824 1825 1826 1827
32 14 259 644 828 924 1246 1828 1829 1830 1831 1832 1833 1834 1835 1836 1837 1838 1839 1840 1841 1842 1843 1844 1845 1846 1847 1848 1849 1850 1851 1852 1853
32 44 169 456 927 1097 1656 1734 1854 1855 1856 1857 1858 1859 1860 1861 1862 1863 1864 1865 1866 1867 1868 1869 1870 1871 1872 1873 1874 1875 1876 1877 1878
32 76 108 523 1245 1380 1496 1879 1880 1881 1882 1883 1884 1885 1886 1887 1888 1889 1890 1891 1892 1893 1894 1895 1896 1897 1898 1899 1900 1901 1902 1903 1904
32 352 951 982 1181 1435 1703 1905 1906 1907 1908 1909 1910 1911 1912 1913 1914 1915 1916 1917 1918 1919 1920 1921 1922 1923 1924 1925 1926 1927 1928 1929 1930
32 73 293 516 1156 1306 1521 1889 1931 1932 1933 1934 1935 1936 1937 1938 1939 1940 1941 1942 1943 1944 1945 1946 1947 1948 1949 1950 1951 1952 1953 1954 1955
32 137 357 734 1020 1462 1684 1760 1956 1957 1958 1959 1960 1961 1962 1963 1964 1965 1966 1967 1968 1969 1970 1971 1972 1973 1974 1975 1976 1977 1978 1979 1980
32 493 582 711 865 1158 1465 1981 1982 1983 1984 1985 1986 1987 1988 1989 1990 1991 1992 1993 1994 1995 1996 1997 1998 1999 2000 2001 2002 2003 2004 2005 2006
32 140 265 424 709 1015 1554 1816 2007 2008 2009 2010 2011 2012 2013 2014 2015 2016 2017 2018 2019 2020 2021 2022 2023 2024 2025 2026 2027 2028 2029 2030 2031
32 46 267 427 834 930 1550 1840 2019 2032 2033 2034 2035 2036 2037 2038 2039 2040 2041 2042 2043 2044 2045 2046 2047 2048 2049 2050 2051 2052 2053 2054 2055
32 49 175 207 623 1360 1441 1737 1869 2056 2057 2058 2059 2060 2061 2062 2063 2064 2065 2066 2067 2068 2069 2070 2071 2072 2073 2074 2075 2076 2077 2078 2079
32 82 113 305 807 1077 1709 1895 1943 2080 2081 2082 2083 2084 2085 2086 2087 2088 2089 2090 2091 2092 2093 2094 2095 2096 2097 2098 2099 2100 2101 2102 2103
32 576 650 678 831 1100 1382 2104 2105 2106 2107 2108 2109 2110 2111 2112 2113 2114 2115 2116 2117 2118 2119 2120 2121 2122 2123 2124 2125 2126 2127 2128 2129
32 105 297 520 896 1275 1333 1891 1946 2093 2130 2131 2132 2133 2134 2135 2136 2137 2138 2139 2140 2141 2142 2143 2144 2145 2146 2147 2148 2149 2150 2151 2152
32 204 361 738 1049 1216 1578 1687 1971 2153 2154 2155 2156 2157 2158 2159 2160 2161 2162 2163 2164 2165 2166 2167 2168 2169 2170 2171 2172 2173 2174 2175 2176
32 430 580 716 742 1416 1469 1992 2177 2178 2179 2180 2181 2182 2183 2184 2185 2186 2187 2188 2189 2190 2191 2192 2193 2194 2195 2196 2197 2198 2199 2200 2201
32 172 201 459 774 1047 1606 1740 1866 2069 2202 2203 2204 2205 2206 2207 2208 2209 2210 2211 2212 2213 2214 2215 2216 2217 2218 2219 2220 2221 2222 2223 2224
32 78 270 491 648 1250 1303 1814 1842 2225 2226 2227 2228 2229 2230 2231 2232 2233 2234 2235 2236 2237 2238 2239 2240 2241 2242 2243 2244 2245 2246 2247 2248
32 52 145 274 625 1191 1555 1632 2023 2047 2249 2250 2251 2252 2253 2254 2255 2256 2257 2258 2259 2260 2261 2262 2263 2264 2265 2266 2267 2268 2269 2270 2271
32 18 114 178 401 1075 1358 1499 1658 2272 2273 2274 2275 2276 2277 2278 2279 2280 2281 2282 2283 2284 2285 2286 2287 2288 2289 2290 2291 2292 2293 2294 2295
32 148 212 369 1193 1444 1681 1917 1969 2167 2296 2297 2298 2299 2300 2301 2302 2303 2304 2305 2306 2307 2308 2309 2310 2311 2312 2313 2314 2315 2316 2317 2318
32 434 464 588 836 1102 1413 2116 2190 2319 2320 2321 2322 2323 2324 2325 2326 2327 2328 2329 2330 2331 2332 2333 2334 2335 2336 2337 2338 2339 2340 2341 2342
32 300 366 860 1130 1280 1528 1580 1766 2343 2344 2345 2346 2347 2348 2349 2350 2351 2352 2353 2354 2355 2356 2357 2358 2359 2360 2361 2362 2363 2364 2365 2366
32 462 584 744 778 1220 1419 1788 2192 2333 2367 2368 2369 2370 2371 2372 2373 2374 2375 2376 2377 2378 2379 2380 2381 2382 2383 2384 2385 2386 2387 2388 2389
32 498 525 589 655 1163 1388 1995 2118 2390 2391 2392 2393 2394 2395 2396 2397 2398 2399 2400 2401 2402 2403 2404 2405 2406 2407 2408 2409 2410 2411 2412 2413
32 110 177 560 682 1331 1501 1604 1660 2287 2414 2415 2416 2417 2418 2419 2420 2421 2422 2423 2424 2425 2426 2427 2428 2429 2430 2431 2432 2433 2434 2435 2436
32 84 242 276 811 958 1309 1636 1819 2240 2437 2438 2439 2440 2441 2442 2443 2444 2445 2446 2447 2448 2449 2450 2451 2452 2453 2454 2455 2456 2457 2458 2459
32 20 86 279 403 809 1253 1630 1844 2242 2454 2460 2461 2462 2463 2464 2465 2466 2467 2468 2469 2470 2471 2472 2473 2474 2475 2476 2477 2478 2479 2480 2481
32 246 307 371 960 1525 1712 1764 1919 2358 2482 2483 2484 2485 2486 2487 2488 2489 2490 2491 2492 2493 2494 2495 2496 2497 2498 2499 2500 2501 2502 2503 2504
32 529 592 868 902 1135 1166 1790 1997 2404 2505 2506 2507 2508 2509 2510 2511 2512 2513 2514 2515 2516 2517 2518 2519 2520 2521 2522 2523 2524 2525 2526 2527
32 531 562 594 686 901 1390 1792 2120 2407 2521 2528 2529 2530 2531 2532 2533 2534 2535 2536 2537 2538 2539 2540 2541 2542 2543 2544 2545 2546 2547 2548 2549
32 117 181 338 989 1079 1336 1362 1609 2290 2431 2550 2551 2552 2553 2554 2555 2556 2557 2558 2559 2560 2561 2562 2563 2564 2565 2566 2567 2568 2569 2570 2571
32 150 245 280 962 1023 1195 1637 1822 2026 2267 2456 2572 2573 2574 2575 2576 2577 2578 2579 2580 2581 2582 2583 2584 2585 2586 2587 2588 2589 2590 2591 2592
32 23 55 283 406 627 933 1635 1847 2049 2266 2478 2593 2594 2595 2596 2597 2598 2599 2600 2601 2602 2603 2604 2605 2606 2607 2608 2609 2610 2611 2612 2613
32 309 342 374 993 1278 1582 1714 1921 2360 2499 2614 2615 2616 2617 2618 2619 2620 2621 2622 2623 2624 2625 2626 2627 2628 2629 2630 2631 2632 2633 2634 2635
32 599 750 873 1137 1223 1475 1794 1999 2196 2385 2523 2636 2637 2638 2639 2640 2641 2642 2643 2644 2645 2646 2647 2648 2649 2650 2651 2652 2653 2654 2655 2656
32 470 567 600 689 782 1108 1795 2122 2335 2384 2545 2657 2658 2659 2660 2661 2662 2663 2664 2665 2666 2667 2668 2669 2670 2671 2672 2673 2674 2675 2676 2677
32 185 215 341 992 1054 1367 1446 1612 2076 2219 2568 2678 2679 2680 2681 2682 2683 2684 2685 2686 2687 2688 2689 2690 2691 2692 2693 2694 2695 2696 2697 2698
32 286 438 502 659 720 842 1824 1849 2028 2051 2245 2699 2700 2701 2702 2703 2704 2705 2706 2707 2708 2709 2710 2711 2712 2713 2714 2715 2716 2717 2718 2719
32 26 57 189 409 630 935 1364 1664 1873 2074 2292 2613 2720 2721 2722 2723 2724 2725 2726 2727 2728 2729 2730 2731 2732 2733 2734 2735 2736 2737 2738 2739
32 217 347 378 996 1052 1449 1584 1923 2171 2313 2632 2697 2740 2741 2742 2743 2744 2745 2746 2747 2748 2749 2750 2751 2752 2753 2754 2755 2756 2757 2758 2759
32 377 754 875 1139 1225 1478 1587 1771 1976 2173 2363 2656 2760 2761 2762 2763 2764 2765 2766 2767 2768 2769 2770 2771 2772 2773 2774 2775 2776 2777 2778 2779
32 441 504 603 661 723 844 2001 2123 2197 2337 2409 2719 2780 2781 2782 2783 2784 2785 2786 2787 2788 2789 2790 2791 2792 2793 2794 2795 2796 2797 2798 2799
32 122 313 345 995 1084 1284 1339 1716 2098 2147 2570 2633 2800 2801 2802 2803 2804 2805 2806 2807 2808 2809 2810 2811 2812 2813 2814 2815 2816 2817 2818 2819
32 187 472 566 691 784 1110 1614 1665 1874 2221 2433 2677 2820 2821 2822 2823 2824 2825 2826 2827 2828 2829 2830 2831 2832 2833 2834 2835 2836 2837 2838 2839
32 28 92 125 411 815 1083 1256 1505 1899 2100 2293 2481 2840 2841 2842 2843 2844 2845 2846 2847 2848 2849 2850 2851 2852 2853 2854 2855 2856 2857 2858 2859
32 153 251 381 967 1026 1200 1770 1924 1975 2314 2501 2592 2860 2861 2862 2863 2864 2865 2866 2867 2868 2869 2870 2871 2872 2873 2874 2875 2876 2877 2878 2879
32 318 538 877 907 1141 1170 1286 1534 1951 2149 2364 2527 2880 2881 2882 2883 2884 2885 2886 2887 2888 2889 2890 2891 2892 2893 2894 2895 2896 2897 2898 2899
32 90 250 316 816 965 1312 1532 1718 1950 2101 2459 2502 2900 2901 2902 2903 2904 2905 2906 2907 2908 2909 2910 2911 2912 2913 2914 2915 2916 2917 2918 2919
32 123 537 571 693 908 1340 1394 1506 1901 2151 2434 2549 2920 2921 2922 2923 2924 2925 2926 2927 2928 2929 2930 2931 2932 2933 2934 2935 2936 2937 2938 2939
32 60 156 221 633 1198 1450 1560 1693 1744 2078 2271 2316 2940 2941 2942 2943 2944 2945 2946 2947 2948 2949 2950 2951 2952 2953 2954 2955 2956 2957 2958 2959
32 222 475 757 787 1057 1228 1423 1691 1745 2175 2223 2389 2960 2961 2962 2963 2964 2965 2966 2967 2968 2969 2970 2971 2972 2973 2974 2975 2976 2977 2978 2979
32 93 507 540 663 1171 1258 1314 1395 1903 1953 2248 2412 2980 2981 2982 2983 2984 2985 2986 2987 2988 2989 2990 2991 2992 2993 2994 2995 2996 2997 2998 2999
32 63 444 477 847 938 1113 1426 1562 1747 1877 2055 2341 3000 3001 3002 3003 3004 3005 3006 3007 3008 3009 3010 3011 3012 3013 3014 3015 3016 3017 3018 3019
32 158 443 725 758 1028 1424 1480 1564 1694 1979 2031 2201 3020 3021 3022 3023 3024 3025 3026 3027 3028 3029 3030 3031 3032 3033 3034 3035 3036 3037 3038 3039
32 31 666 697 848 940 1114 1260 1398 1509 1669 1853 2129 3040 3041 3042 3043 3044 3045 3046 3047 3048 3049 3050 3051 3052 3053 3054 3055 3056 3057 3058 3059
32 255 509 727 881 1030 1174 1316 1481 1536 1774 1827 2006 3060 3061 3062 3063 3064 3065 3066 3067 3068 3069 3070 3071 3072 3073 3074 3075 3076 3077 3078 3079
32 414 636 820 971 1002 1088 1202 1371 1453 1643 1722 1930 3080 3081 3082 3083 3084 3085 3086 3087 3088 3089 3090 3091 3092 3093 3094 3095 3096 3097 3098 3099
32 351 574 790 912 1060 1145 1231 1289 1344 1591 1617 1801 3100 3101 3102 3103 3104 3105 3106 3107 3108 3109 3110 3111 3112 3113 3114 3115 3116 3117 3118 3119
5 637 2740 3120 3121 3122
5 1089 2482 3123 3124 3125
5 1372 2299 3126 3127 3128
5 821 2614 3129 3130 3131
5 668 2860 3132 3133 3134
5 447 2900 3135 3136 3137
5 415 2800 3138 3139 3140
5 1400 2083 3141 3142 3143
5 479 2678 3144 3145 3146
5 1147 2059 3147 3148 3149
5 511 2940 3150 3151 3152
5 883 2252 3153 3154 3155
5 544 2572 3156 3157 3158
5 729 2843 3159 3160 3161
5 699 2550 3162 3163 3164
5 1456 2275 3165 3166 3167
5 761 2437 3168 3169 3170
5 1206 2463 3171 3172 3173
5 851 2723 3174 3175 3176
5 1117 2596 3177 3178 3179
5 972 2780 3180 3181 3182
5 942 2657 3183 3184 3185
5 1429 2390 3186 3187 3188
5 1697 2319 3189 3190 3191
5 1176 2528 3192 3193 3194
5 129 2920 3195 3196 3197
5 1670 1882 3198 3199 3200
5 192 2980 3201 3202 3203
5 288 3000 3204 3205 3206
5 225 2820 3207 3208 3209
5 1511 1857 3210 3211 3212
5 321 2699 3213 3214 3215
5 1262 2035 3216 3217 3218
5 1003 2414 3219 3220 3221
5 1463 2272 3222 3223 3224
5 739 2840 3225 3226 3227
5 1032 2225 3228 3229 3230
5 1209 2460 3231 3232 3233
5 864 2720 3234 3235 3236
5 1125 2593 3237 3238 3239
5 943 2658 3240 3241 3242
5 1061 2177 3228 3243 3244
5 1905 2104 3245 3246 3247
5 791 2367 3219 3248 3249
5 973 2781 3250 3251 3252
5 96 3020 3253 3254 3255
5 65 2960 3256 3257 3258
5 226 2821 3259 3260 3261
5 1647 1750 3262 3263 3264
5 353 3040 3265 3266 3267
5 1566 1831 3268 3269 3270
5 322 2700 3271 3272 3273
5 524 2943 3274 3275 3276
5 1290 2202 3192 3277 3278
5 1157 2056 3231 3279 3280
5 1318 2007 3186 3281 3282
5 891 2249 3223 3283 3284
5 869 2721 3285 3286 3287
5 1131 2594 3288 3289 3290
5 977 2783 3291 3292 3293
5 1177 2529 3294 3295 3296
5 1345 1984 3216 3297 3298
5 1910 2109 3299 3300 3301
5 608 2505 3220 3302 3303
5 34 2881 3304 3305 3306
5 160 3060 3307 3308 3309
5 1539 2131 3183 3310 3311
5 463 2904 3312 3313 3314
5 1410 2080 3237 3315 3316
5 362 3043 3317 3318 3319
5 130 2921 3320 3321 3322
5 1487 1959 3323 3324 3325
5 326 2705 3326 3327 3328
5 1570 1829 3329 3330 3331
5 1592 1802 3189 3332 3333
5 769 2441 3224 3334 3335
5 747 2841 3336 3337 3338
5 1217 2461 3339 3340 3341
5 669 2861 3342 3343 3344
5 639 2741 3345 3346 3347
5 1484 1956 3168 3271 3348
5 1233 2153 3162 3259 3349
5 68 2961 3350 3351 3352
5 99 3021 3353 3354 3355
5 575 3080 3356 3357 3358
5 482 2679 3248 3359 3360
5 1348 1982 3268 3361 3362
5 545 2573 3243 3363 3364
5 1621 1777 3262 3365 3366
5 302 3003 3367 3368 3369
5 1291 2203 3129 3370 3371
5 1514 1854 3171 3372 3373
5 1319 2008 3123 3374 3375
5 1265 2032 3166 3376 3377
5 861 2726 3378 3379 3380
5 1122 2599 3381 3382 3383
5 1430 2391 3384 3385 3386
5 612 2508 3229 3387 3388
5 1618 1779 3210 3389 3390
5 1911 2110 3391 3392 3393
5 946 2660 3330 3394 3395
5 257 3100 3396 3397 3398
5 39 2884 3399 3400 3401
5 433 2805 3340 3402 3403
5 1411 2081 3235 3404 3405
5 1725 1932 3180 3406 3407
5 195 2981 3408 3409 3410
5 1236 2156 3411 3412 3413
5 363 3045 3414 3415 3416
5 1645 1754 3291 3417 3418
5 230 2826 3419 3420 3421
5 710 2554 3233 3422 3423
5 748 2842 3424 3425 3426
5 1470 2273 3312 3427 3428
5 792 2368 3345 3429 3430
5 1702 2324 3381 3431 3432
5 385 2637 3277 3433 3434
5 981 2787 3435 3436 3437
5 677 2866 3438 3439 3440
5 1234 2154 3240 3441 3442
5 1381 2296 3288 3443 3444
5 2 2761 3370 3445 3446
5 166 3063 3447 3448 3449
5 66 2962 3450 3451 3452
5 298 3004 3453 3454 3455
5 1727 1934 3456 3457 3458
5 1266 2033 3459 3460 3461
5 330 2703 3372 3462 3463
5 527 2944 3464 3465 3466
5 1595 1805 3245 3467 3468
5 553 2576 3279 3469 3470
5 897 2250 3471 3472 3473
5 822 2615 3474 3475 3476
5 1644 1753 3153 3326 3477
5 914 2344 3163 3320 3478
5 674 2863 3479 3480 3481
5 163 3061 3482 3483 3484
5 36 2882 3485 3486 3487
5 209 2985 3488 3489 3490
5 1540 2132 3120 3491 3492
5 1678 1879 3177 3493 3494
5 745 2846 3495 3496 3497
5 418 2801 3302 3498 3499
5 1064 2181 3329 3500 3501
5 586 3084 3502 3503 3504
5 1619 1780 3323 3505 3506
5 549 2578 3297 3507 3508
5 1593 1803 3126 3509 3510
5 1040 2229 3167 3511 3512
5 1212 2466 3513 3514 3515
5 419 2802 3295 3516 3517
5 1724 1931 3156 3213 3518
5 1538 2130 3144 3207 3519
5 450 2901 3385 3520 3521
5 196 2982 3522 3523 3524
5 133 2922 3475 3525 3526
5 585 3083 3527 3528 3529
5 700 2551 3193 3485 3530
5 854 2724 3392 3531 3532
5 1004 2415 3130 3304 3533
5 762 2438 3187 3534 3535
5 364 3044 3536 3537 3538
5 1118 2597 3300 3539 3540
5 1569 1828 3147 3419 3541
5 1033 2226 3124 3399 3542
5 1179 2531 3269 3543 3544
5 1906 2105 3545 3546 3547
5 1622 1776 3198 3548 3549
5 1698 2320 3412 3550 3551
5 796 2370 3217 3552 3553
5 71 2966 3554 3555 3556
5 263 3104 3557 3558 3559
5 497 2683 3289 3424 3560
5 1161 2058 3226 3561 3562
5 354 3042 3563 3564 3565
5 291 3002 3566 3567 3568
5 916 2346 3384 3569 3570
5 134 2926 3571 3572 3573
5 1471 2274 3275 3574 3575
5 714 2555 3239 3576 3577
5 1485 1957 3250 3578 3579
5 870 2722 3403 3580 3581
5 950 2664 3460 3582 3583
5 1705 2325 3378 3584 3585
5 1062 2178 3342 3569 3586
5 390 2640 3281 3587 3588
5 7 2764 3374 3589 3590
5 1384 2297 3285 3591 3592
5 649 2744 3472 3580 3593
5 262 3103 3594 3595 3596
5 301 3005 3597 3598 3599
5 101 3022 3600 3601 3602
5 1541 2133 3545 3603 3604
5 234 2824 3376 3605 3606
5 1515 1855 3435 3607 3608
5 532 2945 3576 3609 3610
5 492 2682 3283 3611 3612
5 1160 2057 3438 3613 3614
5 643 2748 3505 3615 3616
5 1090 2483 3522 3617 3618
5 917 2347 3169 3408 3619
5 40 2885 3534 3620 3621
5 260 3102 3622 3623 3624
5 146 2925 3514 3625 3626
5 1726 1933 3132 3627 3628
5 1679 1880 3175 3629 3630
5 451 2902 3387 3631 3632
5 746 2847 3633 3634 3635
5 795 2371 3417 3636 3637
5 587 3085 3638 3639 3640
5 486 2684 3389 3641 3642
5 1346 1985 3411 3479 3643
5 1466 2276 3488 3644 3645
5 1011 2418 3173 3646 3647
5 984 2785 3648 3649 3650
5 384 2636 3310 3651 3652
5 607 2506 3441 3474 3653
5 1434 2394 3459 3513 3654
5 913 2343 3294 3429 3655
5 683 2865 3656 3657 3658
5 1098 2485 3339 3471 3659
5 1 2760 3491 3660 3661
5 33 2880 3662 3663 3664
5 460 2903 3665 3666 3667
5 102 3023 3668 3669 3670
5 202 2983 3671 3672 3673
5 333 2702 3493 3674 3675
5 1039 2228 3431 3676 3677
5 1321 2010 3299 3678 3679
5 556 2575 3315 3680 3681
5 775 2440 3443 3682 3683
5 454 2908 3684 3685 3686
5 823 2616 3351 3651 3687
5 915 2345 3145 3450 3688
5 640 2742 3433 3486 3689
5 1235 2155 3139 3662 3690
5 521 2948 3691 3692 3693
5 4 2762 3359 3498 3694
5 168 3065 3695 3696 3697
5 107 3025 3698 3699 3700
5 595 3089 3701 3702 3703
5 766 2443 3361 3704 3705
5 1624 1783 3457 3706 3707
5 1596 1806 3142 3708 3709
5 1322 2011 3149 3710 3711
5 888 2255 3501 3712 3713
5 514 2941 3550 3714 3715
5 1292 2204 3138 3195 3716
5 483 2680 3241 3525 3717
5 701 2552 3184 3350 3718
5 732 2844 3546 3719 3720
5 1005 2416 3121 3256 3721
5 229 2822 3346 3516 3722
5 292 3001 3723 3724 3725
5 356 3041 3726 3727 3728
5 578 3081 3729 3730 3731
5 884 2253 3190 3732 3733
5 1205 2464 3246 3734 3735
5 1263 2036 3127 3554 3736
5 1567 1832 3141 3571 3737
5 1700 2322 3324 3738 3739
5 1065 2180 3211 3740 3741
5 1908 2107 3456 3742 3743
5 1351 1981 3199 3744 3745
5 1432 2393 3263 3746 3747
5 170 3066 3748 3749 3750
5 103 3026 3751 3752 3753
5 898 2251 3227 3665 3754
5 561 2577 3286 3336 3755
5 294 3006 3756 3757 3758
5 358 3046 3759 3760 3761
5 198 2986 3762 3763 3764
5 776 2442 3236 3464 3765
5 1218 2462 3276 3658 3766
5 1132 2595 3314 3440 3767
5 1373 2300 3636 3723 3768
5 1237 2157 3154 3566 3769
5 825 2622 3365 3770 3771
5 264 3105 3772 3773 3774
5 72 2967 3732 3775 3776
5 422 2806 3548 3777 3778
5 1467 2277 3367 3779 3780
5 1012 2419 3179 3597 3781
5 239 2825 3382 3634 3782
5 1516 1856 3160 3783 3784
5 515 2942 3552 3785 3786
5 579 3082 3787 3788 3789
5 611 2509 3578 3617 3790
5 863 2727 3583 3625 3791
5 1437 2397 3495 3792 3793
5 393 2642 3332 3794 3795
5 1186 2535 3633 3676 3796
5 837 2618 3425 3682 3797
5 1103 2486 3337 3798 3799
5 10 2766 3509 3800 3801
5 258 3101 3802 3803 3804
5 165 3062 3805 3806 3807
5 208 2984 3646 3808 3809
5 1293 2205 3391 3810 3811
5 1680 1881 3648 3812 3813
5 1412 2082 3657 3814 3815
5 141 2924 3511 3816 3817
5 431 2804 3335 3818 3819
5 466 2905 3423 3820 3821
5 1091 2484 3354 3822 3823
5 918 2348 3157 3600 3824
5 425 2808 3706 3825 3826
5 522 2949 3827 3828 3829
5 672 2862 3587 3620 3830
5 1180 2532 3607 3644 3831
5 1486 1958 3135 3832 3833
5 268 3107 3834 3835 3836
5 8 2765 3363 3631 3837
5 75 2965 3712 3838 3839
5 704 2556 3366 3840 3841
5 1349 1988 3603 3684 3842
5 1151 2062 3637 3698 3843
5 1294 2206 3155 3844 3845
5 596 3090 3846 3847 3848
5 953 2661 3779 3812 3849
5 389 2639 3406 3822 3850
5 652 2743 3574 3814 3851
5 6 2763 3627 3852 3853
5 829 2617 3427 3613 3854
5 428 2803 3561 3855 3856
5 38 2883 3832 3857 3858
5 70 2963 3859 3860 3861
5 495 2681 3404 3862 3863
5 135 2923 3783 3864 3865
5 237 2823 3629 3866 3867
5 1010 2417 3584 3792 3868
5 713 2553 3591 3798 3869
5 1178 2530 3257 3660 3870
5 205 2989 3871 3872 3873
5 610 2507 3208 3451 3874
5 303 3008 3875 3876 3877
5 794 2369 3196 3663 3878
5 945 2659 3305 3445 3879
5 387 2638 3260 3321 3880
5 111 3029 3881 3882 3883
5 368 3048 3884 3885 3886
5 173 3069 3887 3888 3889
5 1572 1834 3458 3890 3891
5 1035 2231 3264 3892 3893
5 1598 1808 3200 3894 3895
5 1324 2013 3212 3896 3897
5 1268 2038 3325 3898 3899
5 547 2574 3251 3523 3900
5 519 2946 3738 3901 3902
5 1320 2009 3136 3201 3903
5 736 2848 3742 3904 3905
5 1034 2227 3133 3253 3906
5 763 2439 3181 3353 3907
5 296 3007 3908 3909 3910
5 325 2701 3343 3520 3911
5 360 3047 3912 3913 3914
5 583 3087 3915 3916 3917
5 1148 2060 3191 3918 3919
5 1457 2278 3247 3920 3921
5 1648 1751 3143 3762 3922
5 1512 1858 3128 3751 3923
5 1092 2490 3362 3924 3925
5 1375 2304 3500 3908 3926
5 1488 1960 3148 3756 3927
5 104 3027 3918 3928 3929
5 171 3067 3930 3931 3932
5 1213 2467 3368 3650 3933
5 1041 2230 3176 3453 3934
5 457 2906 3744 3935 3936
5 335 2704 3379 3496 3937
5 1267 2034 3161 3671 3938
5 581 3086 3939 3940 3941
5 518 2947 3740 3942 3943
5 1124 2600 3437 3489 3944
5 832 2620 3390 3945 3946
5 1401 2087 3726 3831 3947
5 1542 2134 3172 3563 3948
5 1152 2063 3536 3849 3949
5 1295 2207 3178 3414 3950
5 646 2746 3549 3951 3952
5 136 2928 3734 3953 3954
5 269 3108 3955 3956 3957
5 238 2828 3539 3828 3958
5 1646 1755 3151 3859 3959
5 590 3088 3960 3961 3962
5 733 2845 3543 3963 3964
5 855 2725 3395 3838 3965
5 799 2374 3678 3827 3966
5 1068 2184 3691 3810 3967
5 615 2512 3467 3968 3969
5 1104 2487 3466 3863 3970
5 42 2886 3708 3971 3972
5 839 2619 3609 3681 3973
5 656 2745 3470 3820 3974
5 1385 2298 3667 3856 3975
5 74 2964 3710 3976 3977
5 266 3106 3978 3979 3980
5 687 2867 3612 3819 3981
5 106 3024 3844 3982 3983
5 167 3064 3984 3985 3986
5 489 2688 3707 3987 3988
5 1374 2301 3483 3850 3989
5 1238 2158 3158 3805 3990
5 1402 2086 3695 3790 3991
5 1543 2135 3170 3984 3992
5 707 2560 3506 3993 3994
5 676 2864 3775 3794 3995
5 455 2909 3953 3968 3996
5 11 2767 3507 3785 3997
5 271 3109 3998 3999 4000
5 43 2887 3704 3963 4001
5 601 3093 4002 4003 4004
5 143 2930 3890 4005 4006
5 613 2510 3214 3601 4007
5 1431 2392 3254 3852 4008
5 1063 2179 3202 3857 4009
5 81 2969 3898 4010 4011
5 391 2641 3272 3409 4012
5 976 2782 3400 3589 4013
5 304 3009 4014 4015 4016
5 370 3049 4017 4018 4019
5 273 3110 4020 4021 4022
5 1517 1860 3413 3881 4023
5 1296 2208 3218 4024 4025
5 1650 1756 3604 3871 4026
5 1007 2420 3270 4027 4028
5 458 2907 3746 4029 4030
5 1594 1804 3150 3204 4031
5 551 2579 3292 3724 4032
5 329 2706 3480 3714 4033
5 200 2987 3924 4034 4035
5 885 2254 3182 3482 4036
5 858 2729 3743 4037 4038
5 1264 2037 3134 3307 4039
5 365 3050 4040 4041 4042
5 1460 2280 3301 4043 4044
5 1671 1883 3125 3748 4045
5 1404 2084 3188 3930 4046
5 591 3091 4047 4048 4049
5 1407 2088 3654 3912 4050
5 1728 1935 3165 3759 4051
5 1095 2488 3298 4052 4053
5 680 2868 3745 4054 4055
5 1323 2012 3174 3317 4056
5 889 2256 3537 3649 4057
5 176 3068 4058 4059 4060
5 203 2988 3920 4061 4062
5 334 2707 3531 3692 4063
5 1119 2598 3293 3699 4064
5 737 2849 3747 4065 4066
5 1571 1830 3152 3668 4067
5 593 3092 4068 4069 4070
5 1673 1886 3729 3854 4071
5 1545 2137 3232 3787 4072
5 1189 2537 3541 4073 4074
5 956 2667 3737 4075 4076
5 1297 2209 3238 3638 4077
5 1518 1861 3527 3851 4078
5 275 3113 4079 4080 4081
5 429 2810 3735 4082 4083
5 1347 1986 3205 3860 4084
5 496 2686 3540 4015 4085
5 741 2850 3771 4086 4087
5 372 3051 4088 4089 4090
5 866 2728 3616 4010 4091
5 1490 1964 3811 3875 4092
5 920 2351 3468 4093 4094
5 1240 2161 3679 4014 4095
5 1188 2536 3598 3675 4096
5 1438 2398 3455 3867 4097
5 47 2889 3894 4098 4099
5 80 2970 3896 4100 4101
5 1706 2326 3673 3865 4102
5 955 2665 3463 3808 4103
5 272 3111 4104 4105 4106
5 986 2789 3606 3817 4107
5 112 3030 4024 4108 4109
5 174 3070 4110 4111 4112
5 1376 2305 3623 3652 4113
5 1489 1961 3146 3802 4114
5 558 2582 3842 4115 4116
5 772 2447 3643 4117 4118
5 1408 2089 3653 3835 4119
5 1729 1936 3164 3978 4120
5 426 2811 3969 4061 4121
5 645 2750 3795 3928 4122
5 182 3073 4123 4124 4125
5 13 2768 3641 3942 4126
5 45 2888 3840 4065 4127
5 604 3096 4128 4129 4130
5 1699 2321 3308 3853 4131
5 240 2830 3891 4132 4133
5 797 2372 3215 3806 4134
5 1013 2424 3331 4135 4136
5 1674 1885 3570 3887 4137
5 1544 2136 3230 4110 4138
5 48 2890 3892 4086 4139
5 394 2643 3327 3567 4140
5 206 2990 4082 4093 4141
5 980 2784 3555 3800 4142
5 375 3052 4143 4144 4145
5 277 3114 4146 4147 4148
5 487 2685 3394 3909 4149
5 423 2807 3544 4034 4150
5 139 2927 3770 4029 4151
5 233 2827 3615 3901 4152
5 1128 2602 3547 4153 4154
5 1513 1859 3122 3396 4155
5 1149 2061 3185 3622 4156
5 1405 2085 3194 3772 4157
5 1214 2469 3393 4158 4159
5 1672 1884 3131 3557 4160
5 367 3053 4161 4162 4163
5 597 3094 4164 4165 4166
5 767 2445 3436 3727 4167
5 681 2869 3741 4168 4169
5 1597 1807 3159 3265 4170
5 1378 2302 3244 4058 4171
5 1154 2065 3432 4040 4172
5 109 3028 4052 4173 4174
5 332 2708 3685 3719 4175
5 859 2730 3739 4176 4177
5 1568 1833 3137 3447 4178
5 1207 2465 3252 3696 4179
5 299 3011 4043 4180 4181
5 598 3095 4182 4183 4184
5 1439 2399 3477 4185 4186
5 1675 1887 3659 3915 4187
5 1730 1937 3222 3939 4188
5 1269 2039 3528 3656 4189
5 1325 2014 3234 3502 4190
5 987 2790 3922 4191 4192
5 461 2911 3921 4193 4194
5 180 3072 4195 4196 4197
5 557 2580 3532 3876 4198
5 743 2851 3925 4199 4200
5 1620 1781 3206 3669 4201
5 1127 2601 3481 3882 4202
5 373 3054 4203 4204 4205
5 805 2376 3377 4088 4206
5 1244 2160 3284 3960 4207
5 1651 1757 3357 3855 4208
5 1016 2421 3290 3846 4209
5 959 2669 3736 4210 4211
5 654 2751 3733 4212 4213
5 715 2557 3383 4018 4214
5 1350 1989 3266 3864 4215
5 281 3117 4216 4217 4218
5 308 3010 4074 4219 4220
5 526 2950 3946 4221 4222
5 871 2731 3826 4006 4223
5 1547 2138 3677 4017 4224
5 1732 1939 3868 3884 4225
5 925 2349 3333 4226 4227
5 16 2770 3895 4228 4229
5 800 2375 3415 3674 4230
5 1069 2185 3318 3866 4231
5 1912 2111 3670 3861 4232
5 954 2662 3328 3982 4233
5 147 2931 3893 4234 4235
5 211 2992 4028 4236 4237
5 985 2786 3421 3976 4238
5 179 3071 4239 4240 4241
5 278 3112 4242 4243 4244
5 559 2583 3967 4245 4246
5 1649 1752 3140 3594 4247
5 1093 2492 3434 3773 4248
5 827 2624 3588 3931 4249
5 490 2690 3966 4180 4250
5 1155 2066 3430 3999 4251
5 895 2260 3586 4124 4252
5 15 2769 3777 3935 4253
5 118 3033 4117 4254 4255
5 79 2972 3993 4176 4256
5 606 3098 4257 4258 4259
5 336 2709 4026 4260 4261
5 1066 2182 3209 3803 4262
5 1701 2323 3397 3661 4263
5 1676 1888 3655 4020 4264
5 1731 1938 3221 4104 4265
5 1045 2235 3418 4266 4267
5 51 2892 4027 4199 4268
5 396 2644 3420 3757 4269
5 949 2663 3752 3801 4270
5 144 2932 4094 4193 4271
5 379 3055 4272 4273 4274
5 186 3076 4275 4276 4277
5 243 2831 3899 4278 4279
5 1182 2533 3273 3985 4280
5 1907 2106 3448 3858 4281
5 1243 2159 3282 4239 4282
5 1301 2212 3461 4143 4283
5 17 2771 3897 4221 4284
5 616 2513 3462 3564 4285
5 983 2788 3572 3971 4286
5 115 3031 4212 4226 4287
5 311 3014 4136 4288 4289
5 282 3116 4290 4291 4292
5 647 2747 3553 4173 4293
5 705 2558 3582 3913 4294
5 894 2259 3585 4161 4295
5 1379 2303 3249 3955 4296
5 236 2829 3825 3904 4297
5 77 2968 3945 4168 4298
5 1458 2279 3242 3834 4299
5 1129 2603 3551 4254 4300
5 306 3013 4158 4245 4301
5 602 3097 4302 4303 4304
5 988 2791 3927 4305 4306
5 1599 1809 3225 3356 4307
5 1037 2233 3439 3730 4308
5 1519 1863 3444 4047 4309
5 1707 2328 3348 4195 4310
5 555 2581 3720 3872 4311
5 116 3032 4185 4312 4313
5 1211 2468 3344 3888 4314
5 867 2732 3926 4315 4316
5 1623 1778 3203 3449 4317
5 528 2953 4044 4318 4319
5 376 3056 4320 4321 4322
5 1494 1962 3280 4068 4323
5 1073 2186 3373 4203 4324
5 990 2792 3923 4325 4326
5 1042 2232 3287 3701 4327
5 1573 1835 3358 3666 4328
5 1625 1784 3267 3672 4329
5 685 2872 3919 4330 4331
5 777 2444 3380 3885 4332
5 184 3075 4333 4334 4335
5 1133 2604 3686 3873 4336
5 530 2951 4053 4337 4338
5 310 3012 4186 4339 4340
5 926 2350 3334 3961 4341
5 622 2515 3512 4089 4342
5 1192 2540 3542 4343 4344
5 1491 1965 3503 3862 4345
5 1019 2425 3341 4002 4346
5 718 2561 3515 4144 4347
5 835 2625 3535 4240 4348
5 465 2912 3952 4228 4349
5 213 2993 4076 4350 4351
5 285 3119 4352 4353 4354
5 751 2852 3988 4133 4355
5 1733 1940 3702 3869 4356
5 621 2514 3510 4357 4358
5 1548 2139 3683 3847 4359
5 1241 2162 3639 3680 4360
5 399 2646 3709 4350 4361
5 436 2809 3705 4236 4362
5 653 2749 3508 4108 4363
5 684 2870 3642 4100 4364
5 467 2910 3841 4234 4365
5 183 3074 4343 4366 4367
5 284 3115 4368 4369 4370
5 1096 2489 3303 3956 4371
5 773 2448 3793 4162 4372
5 708 2562 3796 4041 4373
5 833 2621 3388 4059 4374
5 1215 2470 3386 4123 4375
5 1461 2281 3296 3998 4376
5 50 2891 3951 4054 4377
5 142 2929 3987 4037 4378
5 210 2991 4115 4153 4379
5 605 3099 4380 4381 4382
5 1433 2396 3446 3558 4383
5 337 2710 4092 4384 4385
5 1353 1983 3197 3595 4386
5 241 2832 4095 4318 4387
5 1185 2534 3590 3749 4388
5 1274 2042 3579 4275 4389
5 1520 1864 3442 4146 4390
5 398 2645 3573 3763 4391
5 85 2974 4135 4315 4392
5 120 3035 4266 4393 4394
5 382 3057 4395 4396 4397
5 1909 2108 3596 3664 4398
5 339 2711 4023 4399 4400
5 1436 2395 3261 3979 4401
5 1329 2017 3608 4272 4402
5 1495 1963 3278 4242 4403
5 618 2516 3605 3760 4404
5 19 2772 4025 4337 4405
5 87 2973 4227 4330 4406
5 952 2666 3764 3972 4407
5 314 3015 4267 4408 4409
5 188 3077 4410 4411 4412
5 830 2623 3364 4111 4413
5 500 2689 3713 4288 4414
5 400 2647 3711 4219 4415
5 921 2352 3469 3788 4416
5 1305 2213 3473 4003 4417
5 806 2377 3375 4366 4418
5 119 3034 4210 4357 4419
5 679 2871 3778 4098 4420
5 534 2952 3994 4279 4421
5 287 3118 4422 4423 4424
5 1008 2422 3593 3916 4425
5 957 2668 3769 4312 4426
5 1708 2329 3349 4079 4427
5 1273 2043 3592 4164 4428
5 83 2971 4073 4305 4429
5 494 2687 3905 4005 4430
5 1134 2605 3768 4393 4431
5 1464 2282 3347 4021 4432
5 533 2954 4159 4384 4433
5 380 3058 4434 4435 4436
5 1327 2015 3313 3731 4437
5 991 2793 4051 4438 4439
5 1600 1810 3274 3529 4440
5 1915 2114 3518 4333 4441
5 1654 1758 3316 4182 4442
5 214 2995 4324 4443 4444
5 771 2446 3715 3883 4445
5 872 2733 4050 4446 4447
5 1626 1782 3255 3309 4448
5 893 2257 3521 3889 4449
5 312 3016 4450 4451 4452
5 749 2854 4172 4453 4454
5 1356 1990 3494 4320 4450
5 1575 1837 3465 3504 4455
5 994 2794 4045 4456 4457
5 1276 2041 3338 3703 4458
5 688 2873 4046 4459 4460
5 899 2258 3497 3886 4461
5 1627 1785 3319 3454 4462
5 121 3036 4441 4463 4464
5 469 2914 4171 4465 4466
5 1221 2471 3693 3877 4467
5 218 2994 4310 4468 4469
5 624 2517 3647 4204 4470
5 929 2353 3422 4069 4471
5 1048 2237 3428 4128 4472
5 1443 2402 3533 4369 4473
5 1101 2493 3530 4243 4474
5 780 2449 3645 4273 4475
5 152 2933 4192 4361 4476
5 435 2813 4055 4229 4477
5 190 3079 4478 4479 4480
5 755 2853 4116 4261 4481
5 1046 2236 3799 4165 4482
5 1440 2400 3478 4080 4483
5 1190 2538 3619 4196 4484
5 1014 2426 3797 4048 4485
5 1468 2283 3476 4147 4486
5 1219 2472 3618 4276 4487
5 432 2812 4038 4132 4488
5 53 2893 4075 4191 4489
5 468 2913 4154 4260 4490
5 383 3059 4491 4492 4493
5 340 2712 4225 4494 4495
5 1354 1987 3258 3398 4496
5 1071 2183 3306 3559 4497
5 803 2373 3401 3750 4498
5 244 2834 4224 4453 4499
5 1655 1759 3311 4290 4500
5 1576 1838 3407 4410 4501
5 151 2935 4283 4446 4502
5 620 2511 3556 3753 4503
5 216 2996 4402 4504 4505
5 317 3017 4506 4507 4508
5 344 2714 4137 4509 4510
5 1704 2327 3322 3980 4511
5 1913 2112 3452 3804 4512
5 1602 1812 3813 4395 4506
5 22 2773 4138 4465 4513
5 804 2378 3761 3816 4514
5 1187 2539 3758 3977 4515
5 54 2894 4282 4459 4516
5 219 2997 4389 4517 4518
5 124 3037 4501 4519 4520
5 564 2584 3843 4408 4521
5 1099 2491 3360 4105 4522
5 402 2648 3845 4339 4523
5 923 2355 3611 3940 4524
5 1076 2187 3371 4368 4525
5 1332 2020 3614 4129 4526
5 651 2752 3936 4099 4527
5 88 2975 4326 4358 4528
5 535 2955 4118 4400 4529
5 191 3078 4530 4531 4532
5 961 2670 3948 4443 4533
5 1299 2210 3402 3917 4534
5 1577 1839 3405 4302 4535
5 1916 2115 3519 4216 4536
5 712 2559 3902 4011 4537
5 149 2934 4206 4438 4538
5 1159 2064 3517 4022 4539
5 1136 2606 3947 4504 4540
5 315 3018 4541 4542 4543
5 752 2855 4295 4494 4544
5 690 2874 4188 4545 4546
5 1601 1811 3369 3538 4547
5 1328 2016 3490 3728 4548
5 1044 2234 3700 3725 4549
5 471 2915 4323 4550 4551
5 1272 2040 3524 3697 4552
5 874 2734 4187 4553 4554
5 1574 1836 3355 3484 4555
5 536 2956 4442 4556 4557
5 753 2856 4309 4558 4559
5 1628 1787 3630 4434 4541
5 964 2671 4160 4560 4561
5 1526 1865 3426 3848 4562
5 1653 1762 3610 3640 4563
5 1355 1993 3416 3599 4564
5 660 2755 4157 4565 4566
5 1164 2067 3635 4019 4567
5 89 2977 4536 4568 4569
5 1472 2284 3829 4016 4570
5 440 2815 4296 4571 4572
5 154 2936 4427 4573 4574
5 810 2380 3781 4322 4575
5 1249 2164 3577 4184 4576
5 1279 2044 3575 4257 4577
5 1711 2331 3721 4424 4578
5 1387 2308 3718 4292 4579
5 904 2262 3780 4396 4580
5 499 2691 4169 4284 4581
5 248 2833 4306 4415 4582
5 126 3039 4583 4584 4585
5 878 2735 4246 4385 4586
5 1074 2189 3688 4217 4587
5 1330 2018 3970 4303 4588
5 1302 2215 3973 4183 4589
5 808 2379 3824 4334 4590
5 900 2261 3823 4411 4591
5 1162 2068 3687 4291 4592
5 21 2774 4211 4325 4593
5 657 2754 4177 4278 4594
5 692 2875 4300 4399 4595
5 319 3019 4596 4597 4598
5 1493 1966 3487 3774 4599
5 565 2588 4356 4600 4601
5 1652 1761 3352 3624 4602
5 501 2694 4359 4558 4603
5 1247 2163 3621 3932 4604
5 1631 1786 3628 4530 4605
5 1359 1991 3492 4422 4606
5 928 2354 3776 3929 4607
5 439 2817 4417 4553 4608
5 473 2917 4526 4609 4610
5 541 2958 4611 4612 4613
5 1914 2113 3602 3807 4614
5 249 2836 4264 4615 4616
5 1710 2330 3410 3986 4617
5 155 2937 4390 4618 4619
5 1442 2401 3568 3983 4620
5 1072 2188 3565 3809 4621
5 25 2775 4265 4571 4622
5 56 2896 4403 4565 4623
5 91 2976 4500 4624 4625
5 569 2586 3991 4517 4626
5 1383 2306 3499 4106 4627
5 1248 2165 3818 3941 4628
5 405 2649 3992 4468 4629
5 1605 1815 3815 4258 4611
5 58 2895 4418 4457 4630
5 838 2626 3943 4101 4631
5 474 2916 4252 4510 4632
5 127 3038 4605 4633 4634
5 1553 2141 3560 4049 4635
5 1194 2541 3950 4451 4636
5 1918 2117 3716 4352 4637
5 1579 1841 3562 4380 4638
5 247 2835 4342 4439 4639
5 717 2563 4030 4139 4640
5 1222 2474 3949 4507 4641
5 1415 2090 3717 4148 4642
5 220 2998 4643 4644 4645
5 876 2736 4372 4495 4646
5 1304 2211 3626 3914 4647
5 658 2753 4072 4550 4648
5 437 2814 4207 4545 4649
5 1018 2423 3839 3910 4650
5 1138 2607 4071 4609 4651
5 1523 1862 3526 3836 4652
5 539 2957 4535 4653 4654
5 756 2857 4428 4600 4655
5 1633 1789 3784 4491 4643
5 1497 1967 3789 3821 4656
5 1197 2542 4155 4657 4658
5 1688 1893 3581 4004 4659
5 843 2628 4156 4624 4660
5 1420 2094 3791 4145 4661
5 61 2898 4637 4662 4663
5 505 2695 4371 4622 4664
5 1473 2285 3996 4141 4665
5 252 2837 4483 4666 4667
5 1500 1970 3765 4304 4668
5 1078 2191 3934 4436 4669
5 1713 2332 3906 4532 4670
5 1530 1870 3766 4259 4671
5 1168 2072 3933 4397 4672
5 1389 2309 3907 4412 4673
5 346 2713 4426 4523 4674
5 563 2585 4293 4405 4675
5 95 2979 4676 4677 4678
5 1142 2608 4250 4387 4679
5 1603 1813 3975 4381 4680
5 1357 1994 3690 4353 4681
5 1414 2091 3689 4244 4682
5 781 2451 3989 4519 4683
5 626 2518 3990 4463 4684
5 1552 2143 3974 4070 4685
5 840 2627 4066 4235 4686
5 24 2776 4344 4456 4687
5 694 2876 4375 4509 4688
5 223 2999 4689 4690 4691
5 1335 2022 4097 4435 4692
5 1498 1968 3874 4218 4693
5 1252 2166 4007 4335 4694
5 1308 2217 4096 4321 4695
5 1524 1868 3870 4423 4696
5 1277 2046 4008 4531 4697
5 963 2672 4316 4414 4698
5 404 2650 4213 4331 4699
5 997 2795 4431 4521 4700
5 542 2959 4701 4702 4703
5 783 2453 4345 4654 4704
5 1735 1941 3694 3957 4705
5 1551 2140 3837 4060 4706
5 719 2566 4360 4557 4707
5 1629 1791 3833 4479 4689
5 662 2757 4346 4554 4708
5 931 2356 3954 4062 4709
5 695 2877 4472 4651 4710
5 759 2858 4680 4711 4712
5 506 2693 4119 4619 4713
5 1386 2307 3632 4112 4714
5 408 2651 4120 4573 4666
5 442 2816 4251 4616 4715
5 1105 2494 3786 4109 4716
5 59 2897 4525 4561 4717
5 94 2978 4606 4658 4718
5 1445 2406 4056 4542 4719
5 1739 1945 3755 4166 4720
5 1659 1765 3754 4382 4721
5 1920 2119 3903 4478 4722
5 779 2450 4150 4268 4723
5 343 2716 4470 4533 4724
5 1418 2092 3900 4277 4725
5 1474 2288 4057 4508 4726
5 157 2939 4727 4728 4729
5 1140 2609 4373 4499 4730
5 841 2629 4077 4556 4731
5 1558 2144 3782 4042 4732
5 1021 2427 4001 4035 4733
5 503 2692 4341 4546 4734
5 1683 1890 3722 4000 4735
5 1224 2476 4078 4612 4736
5 476 2918 4638 4737 4738
5 879 2737 4482 4601 4739
5 1361 1996 3938 4493 4727
5 1448 2403 4039 4634 4740
5 1689 1896 3767 4130 4741
5 1107 2496 4036 4520 4742
5 1421 2096 3944 4274 4743
5 568 2587 4374 4513 4744
5 349 2715 4484 4629 4745
5 62 2899 4722 4746 4747
5 1227 2473 4121 4271 4748
5 1634 1793 3959 4584 4596
5 814 2383 4247 4662 4749
5 1738 1944 3962 3981 4750
5 1165 2071 3995 4287 4751
5 724 2567 4248 4623 4752
5 846 2630 4299 4618 4753
5 1391 2310 3965 4289 4754
5 29 2778 4578 4657 4755
5 254 2838 4587 4756 4757
5 722 2565 4113 4625 4758
5 1417 2095 3830 4241 4759
5 629 2520 4114 4568 4756
5 1106 2495 3964 4237 4760
5 664 2756 4376 4615 4761
5 27 2777 4473 4560 4762
5 159 2938 4681 4749 4763
5 1657 1763 3878 4354 4764
5 1608 1818 4102 4492 4765
5 1051 2239 4131 4633 4766
5 1682 1894 3879 4370 4767
5 1557 2145 4103 4205 4768
5 932 2357 4134 4464 4769
5 407 2652 4348 4460 4770
5 1196 2543 4200 4362 4771
5 998 2797 4487 4626 4772
5 478 2919 4773 4774 4775
5 1736 1942 3880 4081 4776
5 1053 2241 4231 4543 4777
5 1022 2429 4230 4452 4778
5 1556 2142 4012 4197 4779
5 1581 1843 4009 4480 4773
5 628 2519 4083 4194 4780
5 966 2673 4347 4447 4781
5 999 2796 4475 4540 4782
5 760 2859 4765 4783 4784
5 906 2265 4208 4711 4738
5 1251 2168 3958 4181 4785
5 845 2631 4209 4559 4786
5 721 2564 4416 4551 4787
5 1307 2214 3997 4174 4788
5 696 2878 4577 4736 4789
5 880 2738 4588 4704 4790
5 1715 2334 4170 4644 4728
5 1922 2121 4031 4583 4676
5 348 2718 4575 4636 4791
5 903 2263 4149 4392 4792
5 1476 2286 4167 4505 4793
5 1167 2070 4032 4394 4794
5 253 2839 4669 4719 4795
5 1226 2475 4294 4502 4796
5 1742 1948 3937 4163 4797
5 1109 2498 4190 4653 4798
5 570 2589 4471 4648 4799
5 1050 2238 4127 4151 4800
5 1477 2291 4189 4613 4801
5 1686 1892 3911 4125 4802
5 445 2818 4721 4803 4804
5 1143 2610 4485 4603 4805
5 1363 1998 4067 4598 4677
5 1082 2195 4178 4691 4746
5 785 2452 4249 4516 4806
5 905 2264 4122 4406 4807
5 1111 2497 4179 4518 4808
5 1392 2311 4064 4409 4809
5 30 2779 4670 4740 4810
5 350 2717 4590 4684 4811
5 1583 1846 4084 4585 4701
5 1741 1947 4090 4107 4812
5 1255 2170 4386 4663 4813
5 1027 2432 4383 4717 4814
5 1527 1871 4142 4419 4815
5 1201 2546 4432 4715 4816
5 1717 2336 4091 4421 4817
5 412 2654 4579 4660 4818
5 510 2698 4693 4819 4820
5 1685 1897 4013 4367 4821
5 1025 2430 4263 4718 4822
5 934 2359 4262 4569 4819
5 968 2674 4486 4713 4823
5 1447 2405 4087 4365 4824
5 410 2653 4474 4566 4825
5 446 2819 4764 4813 4826
5 1611 1821 4232 4597 4702
5 1338 2025 4281 4690 4774
5 936 2361 4280 4469 4827
5 1254 2169 4233 4340 4828
5 813 2382 4338 4363 4829
5 631 2522 4413 4466 4830
5 1000 2799 4591 4683 4831
5 698 2879 4697 4766 4832
5 1283 2048 4215 4645 4783
5 1310 2216 4140 4313 4833
5 1024 2428 4285 4444 4834
5 1199 2544 4214 4454 4835
5 812 2381 4085 4319 4836
5 1001 2798 4580 4641 4837
5 882 2739 4692 4777 4838
5 1169 2073 4328 4712 4804
5 1112 2500 4327 4655 4839
5 1502 1973 4063 4301 4840
5 1334 2021 4126 4298 4841
5 786 2455 4524 4649 4842
5 665 2759 4671 4801 4843
5 1144 2611 4589 4707 4844
5 1393 2312 4307 4737 4803
5 1281 2045 4152 4256 4845
5 572 2590 4576 4731 4846
5 1529 1867 4033 4255 4847
5 1479 2289 4308 4610 4848
5 508 2696 4668 4798 4849
5 1229 2477 4425 4608 4850
5 1663 1769 4201 4678 4703
5 1504 1974 4317 4747 4775
5 1282 2050 4270 4528 4851
5 1056 2244 4388 4630 4852
5 1452 2410 4314 4632 4853
5 1719 2338 4202 4529 4854
5 413 2655 4673 4742 4855
5 573 2591 4694 4769 4856
5 1559 2146 4496 4755 4857
5 1503 1972 4220 4238 4858
5 1662 1767 4286 4351 4859
5 1313 2220 4497 4762 4860
5 818 2386 4539 4761 4861
5 1925 2124 4223 4355 4862
5 634 2525 4642 4753 4863
5 728 2571 4776 4864 4865
5 1311 2218 4398 4763 4826
5 937 2362 4401 4574 4864
5 1081 2193 4222 4364 4866
5 969 2675 4592 4758 4867
5 632 2524 4522 4572 4868
5 667 2758 4696 4822 4857
5 1531 1872 4329 4729 4784
5 1055 2243 4404 4538 4869
5 1337 2024 4269 4429 4870
5 1080 2194 4198 4433 4871
5 1451 2408 4332 4544 4872
5 970 2676 4672 4726 4873
5 1146 2612 4695 4778 4874
5 1425 2099 4455 4790 4849
5 1661 1768 4175 4379 4875
5 1396 2315 4458 4739 4876
5 909 2268 4628 4734 4877
5 1607 1817 4253 4377 4878
5 1230 2479 4685 4787 4879
5 849 2635 4741 4848 4880
5 1422 2097 4440 4789 4843
5 1172 2075 4437 4710 4880
5 788 2457 4635 4786 4881
5 1585 1845 4297 4378 4882
5 910 2269 4534 4708 4883
5 726 2569 4720 4839 4876
5 1743 1949 4448 4810 4832
5 1341 2027 4498 4687 4884
5 1586 1848 4407 4476 4885
5 1926 2125 4336 4481 4886
5 1085 2198 4449 4688 4887
5 635 2526 4725 4808 4888
5 789 2458 4779 4827 4889
5 1561 2150 4602 4818 4867
5 1315 2222 4599 4825 4890
5 1366 2000 4349 4420 4891
5 1259 2174 4652 4823 4863
5 1031 2435 4705 4868 4892
5 939 2365 4735 4816 4861
5 1563 2148 4512 4757 4820
5 1257 2172 4511 4667 4865
5 1203 2547 4682 4752 4890
5 817 2387 4627 4664 4892
5 850 2634 4767 4814 4860
5 1692 1898 4462 4795 4838
5 1610 1820 4391 4489 4893
5 1285 2052 4514 4639 4894
5 1720 2339 4461 4646 4895
5 1365 2002 4311 4490 4896
5 1232 2480 4768 4834 4897
5 1204 2548 4743 4793 4898
5 1427 2102 4563 4844 4846
5 1397 2317 4562 4805 4881
5 1173 2077 4656 4799 4879
5 1115 2503 4659 4850 4883
5 1482 2294 4750 4842 4877
5 1690 1900 4547 4837 4873
5 1535 1875 4548 4782 4898
5 1638 1796 4430 4488 4899
5 1058 2247 4732 4835 4900
5 1287 2053 4647 4781 4901
5 1029 2436 4797 4872 4895
5 1588 1850 4515 4582 4902
5 1613 1823 4503 4593 4903
5 1368 2003 4445 4595 4904
5 1927 2126 4467 4586 4905
5 911 2270 4828 4833 4906
5 819 2388 4794 4809 4907
5 1746 1952 4555 4831 4855
5 1639 1797 4477 4527 4908
5 1342 2029 4604 4770 4909
5 1508 1978 4552 4772 4888
5 1059 2246 4706 4830 4910
5 941 2366 4802 4853 4887
5 1748 1954 4614 4811 4856
5 1507 1977 4617 4745 4889
5 1455 2413 4759 4806 4909
5 1086 2199 4714 4744 4910
5 1116 2504 4821 4852 4884
5 1695 1902 4564 4791 4874
5 1533 1876 4621 4724 4897
5 1721 2340 4567 4730 4900
5 1454 2411 4661 4796 4901
5 1483 2295 4812 4869 4894
5 1666 1773 4549 4700 4907
5 1343 2030 4785 4836 4911
5 1640 1798 4537 4594 4912
5 1589 1851 4650 4698 4913
5 1317 2224 4840 4871 4905
5 1667 1772 4620 4674 4906
5 1928 2127 4570 4679 4911
5 1087 2200 4754 4792 4913
5 1175 2079 4858 4870 4902
5 1615 1825 4607 4699 4914
5 1641 1799 4581 4631 4915
5 1288 2054 4788 4829 4916
5 1261 2176 4847 4854 4904
5 1723 2342 4751 4807 4914
5 1369 2004 4675 4716 4916
5 1399 2318 4815 4851 4903
5 1642 1800 4640 4686 4917
5 1616 1826 4709 4780 4918
5 1590 1852 4733 4771 4919
5 1565 2152 4875 4886 4896
5 1929 2128 4665 4748 4918
5 1370 2005 4723 4760 4919
5 1428 2103 4859 4885 4893
5 1510 1980 4817 4845 4912
5 1537 1878 4841 4866 4915
5 1668 1775 4800 4824 4917
5 1749 1955 4862 4882 4899
5 1696 1904 4878 4891 4908
