# Generated using Miratope v0.5.0 (https://github.com/galoomba1/miratope-rs)
4OFF

# Vertices, Faces, Edges, Cells
120 4920 1200 1320

# Vertices
0.809016994375 0 0.3090169943749 0.5 
0.809016994375 -0 0.3090169943749 -0.5 
0.809016994375 0.5 0 -0.3090169943749 
0.5 -0.8090169943749 0.3090169943749 0 
0.5 0.5 -0.5 0.5 
0.309016994375 -0.8090169943749 0 0.5 
0.309016994375 0 -0.5 0.8090169943749 
0.809016994375 0.5 0 0.3090169943749 
0.5 0.5 -0.5 -0.5 
0.309016994375 -0.8090169943749 0 -0.5 
0.309016994375 0 -0.5 -0.8090169943749 
0.809016994375 -0.3090169943749 0.5 -0 
0.5 -0.3090169943749 0 -0.8090169943749 
0.309016994375 0.5 -0.8090169943749 0 
0.5 -0.3090169943749 0 0.8090169943749 
0 -0.8090169943749 -0.5 0.3090169943749 
0 -0.809016994375 -0.5 -0.3090169943749 
0 -0.3090169943749 -0.8090169943749 0.5 
0 0 -1 0 
0 -0.3090169943749 -0.8090169943749 -0.5 
0.809016994375 -0.5 0 -0.3090169943749 
0.5 0.8090169943749 0.3090169943749 0 
0.309016994375 0.8090169943749 0 0.5 
0.5 -0.5 -0.5 0.5 
0.809016994375 -0.5 0 0.3090169943749 
0.309016994375 0.8090169943749 0 -0.5 
0.5 -0.5 -0.5 -0.5 
0.809016994375 0.3090169943749 0.5 -0 
0.5 0.3090169943749 0 -0.8090169943749 
0.309016994375 -0.5 -0.8090169943749 0 
0.5 0.3090169943749 0 0.8090169943749 
0 0.8090169943749 -0.5 0.3090169943749 
0 0.809016994375 -0.5 -0.3090169943749 
0 0.3090169943749 -0.8090169943749 0.5 
0 0.3090169943749 -0.8090169943749 -0.5 
0.809016994375 0.3090169943749 -0.5 0 
0.5 0 0.8090169943749 -0.3090169943749 
0.309016994375 -0.5 0.8090169943749 0 
0.809016994375 0 -0.3090169943749 0.5 
0.309016994375 0 0.5 -0.8090169943749 
0.5 0 -0.8090169943749 -0.3090169943749 
0.5 -0.5 0.5 0.5 
0 -0.8090169943749 0.5 -0.3090169943749 
0 -0.5 0.3090169943749 -0.8090169943749 
0 -1 0 0 
0 -0.5 -0.3090169943749 -0.8090169943749 
0.5 0 0.8090169943749 0.3090169943749 
0.809016994375 0 -0.3090169943749 -0.5 
0.309016994375 0 0.5 0.8090169943749 
0.5 -0 -0.8090169943749 0.3090169943749 
0.5 -0.5 0.5 -0.5 
0 -0.5 0.3090169943749 0.8090169943749 
0 -0.8090169943749 0.5 0.3090169943749 
0 -0.5 -0.3090169943749 0.8090169943749 
0.809016994375 -0.3090169943749 -0.5 0 
0.309016994375 0.5 0.8090169943749 0 
0.5 0.5 0.5 0.5 
0 0.8090169943749 0.5 -0.3090169943749 
0 0.5 0.3090169943749 -0.8090169943749 
0 1 0 0 
0 0.5 -0.3090169943749 -0.8090169943749 
0.5 -0.8090169943749 -0.3090169943749 0 
0.5 0.8090169943749 -0.3090169943749 0 
0 0 0 1 
0 0.5 -0.3090169943749 0.8090169943749 
0.5 0.5 0.5 -0.5 
0 0.5 0.3090169943749 0.8090169943749 
0 0.8090169943749 0.5 0.3090169943749 
0 0.3090169943749 0.8090169943749 -0.5 
0 -0.3090169943749 0.809016994375 -0.5 
0 0 0 -1 
0 -0.3090169943749 0.809016994375 0.5 
0 0 1 0 
0 0.3090169943749 0.8090169943749 0.5 
-0.5 0 0.809016994375 0.3090169943749 
-0.5 0 0.809016994375 -0.3090169943749 
-0.5 0.5 0.5 0.5 
-0.5 0.809016994375 0.309016994375 0 
-0.5 0.5 0.5 -0.5 
1 -0 -0 0 
-0.3090169943749 0.5 0.809016994375 0 
-0.3090169943749 0.809016994375 0 0.5 
-0.3090169943749 0.809016994375 0 -0.5 
-0.3090169943749 -0.5 0.809016994375 0 
-0.3090169943749 0 0.5 -0.8090169943749 
-0.3090169943749 0 0.5 0.8090169943749 
-0.5 -0.5 0.5 0.5 
-0.5 -0.809016994375 0.309016994375 0 
-0.5 -0.5 0.5 -0.5 
-0.3090169943749 -0.809016994375 0 0.5 
-0.3090169943749 -0.809016994375 0 -0.5 
-0.5 0.809016994375 -0.3090169943749 0 
-0.5 0.309016994375 0 0.809016994375 
-0.5 0.5 -0.5 0.5 
-0.3090169943749 0.5 -0.809016994375 0 
-0.3090169943749 0 -0.5 0.809016994375 
-0.5 0.309016994375 0 -0.809016994375 
-0.5 0.5 -0.5 -0.5 
-0.3090169943749 0 -0.5 -0.809016994375 
-0.5 -0.309016994375 0 0.809016994375 
-0.5 -0.809016994375 -0.3090169943749 0 
-0.5 -0.5 -0.5 0.5 
-0.3090169943749 -0.5 -0.809016994375 0 
-0.5 -0.309016994375 0 -0.809016994375 
-0.5 -0.5 -0.5 -0.5 
-0.5 0 -0.809016994375 0.309016994375 
-0.8090169943749 -0.309016994375 0.5 0 
-0.8090169943749 0 0.309016994375 0.5 
-0.8090169943749 0.309016994375 0.5 0 
-0.5 0 -0.809016994375 -0.309016994375 
-0.8090169943749 0 0.309016994375 -0.5 
-0.8090169943749 0.5 0 0.309016994375 
-0.8090169943749 0.5 0 -0.309016994375 
-0.8090169943749 -0.5 0 0.309016994375 
-0.8090169943749 -0.5 0 -0.309016994375 
-0.8090169943749 0 -0.309016994375 0.5 
-0.8090169943749 0.309016994375 -0.5 0 
-0.8090169943749 0 -0.309016994375 -0.5 
-0.8090169943749 -0.309016994375 -0.5 0 
-1 0 0 0 

# Faces
3 1 3 0
5 1 0 6 18 10
3 2 4 0
5 5 0 2 10 16
5 3 16 18 4 0
3 0 5 6
3 7 8 1
5 7 6 15 9 1
5 8 1 3 15 18
3 1 9 10
3 2 11 12
5 11 2 13 17 5
5 4 17 16 12 2
3 2 13 10
3 7 11 14
5 11 7 13 19 9
5 8 7 14 15 19
3 7 6 13
5 14 11 12 19 17
3 11 9 5
5 14 4 8 12 3
3 3 14 15
3 3 16 12
3 8 18 4
3 14 17 4
3 12 19 8
5 5 9 10 13 6
3 17 16 5
3 15 19 9
3 6 18 15
3 13 19 17
3 10 18 16
3 1 21 0
5 0 22 32 10 20
3 20 23 0
5 23 0 21 32 18
3 6 22 0
5 1 25 31 6 24
3 1 26 24
5 26 1 21 31 18
3 1 25 10
3 20 27 28
5 20 29 33 22 27
5 20 23 33 32 28
3 20 29 10
3 24 27 30
5 24 27 25 34 29
5 30 24 26 34 31
3 6 29 24
5 28 27 30 33 34
3 27 25 22
5 21 28 26 23 30
3 21 31 30
3 28 32 21
3 30 33 23
5 25 10 29 6 22
3 22 33 32
3 23 26 18
3 26 34 28
3 25 31 34
3 18 31 6
3 10 32 18
3 33 34 29
3 0 36 2
5 37 0 35 10 43
3 23 35 0
5 36 0 23 16 43
3 5 37 0
5 36 2 40 16 42
5 2 38 5 42 39
3 38 40 2
3 2 10 39
3 27 28 35
5 27 35 29 44 37
5 28 35 23 44 43
3 10 29 35
5 41 23 40 28 36
3 36 41 42
3 28 43 36
3 38 41 27
5 38 27 39 45 29
5 28 27 41 44 45
3 27 37 39
5 38 41 42 45 40
3 5 29 38
3 41 23 44
5 10 39 37 5 29
3 44 43 37
3 23 16 40
3 28 40 45
3 5 16 42
3 39 45 42
3 10 16 43
3 44 45 29
3 7 46 1
5 1 37 51 6 35
3 26 35 1
5 1 46 51 15 26
3 1 9 37
5 46 7 49 15 52
5 7 47 9 52 48
3 7 49 47
3 7 48 6
3 30 35 27
5 26 35 30 51 44
3 29 35 6
3 27 47 50
5 27 48 53 29 47
3 37 48 27
5 30 27 50 44 53
5 50 26 49 30 46
3 46 52 50
3 46 51 30
5 47 49 53 52 50
3 47 29 9
5 37 48 6 29 9
3 37 44 51
3 50 44 26
3 30 49 53
3 49 15 26
3 52 53 48
3 15 52 9
3 15 51 6
3 29 44 53
3 20 36 0
5 0 36 58 32 4
5 54 10 58 55 0
3 0 4 54
3 0 55 22
5 36 20 40 32 57
5 20 38 22 57 39
3 38 20 40
3 10 20 39
3 38 56 11
5 39 11 38 13 60
5 54 11 55 59 13
3 11 54 12
5 56 11 12 60 59
3 11 39 55
5 56 36 12 40 4
3 56 57 36
3 36 58 12
5 40 38 56 57 60
3 22 13 38
5 4 59 58 12 54
3 10 54 13
3 56 4 59
5 55 39 10 13 22
3 55 58 59
3 4 32 40
3 32 57 22
3 12 60 40
3 39 57 60
3 13 59 60
3 10 32 58
5 22 2 20 5 63
3 2 20 40
3 2 56 11
5 2 56 63 17 40
3 13 22 2
3 27 20 41
5 20 41 63 33 40
3 20 5 29
3 11 61 47
5 11 48 64 13 47
5 56 11 61 17 64
3 5 48 11
3 27 62 47
5 41 27 62 33 53
3 22 48 27
5 47 62 64 53 61
3 29 13 47
5 41 61 40 62 56
3 41 63 56
3 56 62 64
3 61 53 41
5 22 13 29 5 48
3 33 63 22
3 62 33 40
3 5 63 17
3 61 40 17
3 48 53 64
3 17 64 13
3 29 33 53
3 24 46 1
5 8 1 46 66 31
5 1 54 6 66 55
3 1 8 54
3 1 55 25
3 11 54 14
3 47 65 11
3 11 48 55
5 65 11 14 64 59
5 24 46 67 31 49
5 24 47 25 67 48
3 49 24 47
3 6 24 48
5 65 46 14 49 8
3 65 67 46
3 46 66 14
5 54 8 59 66 14
3 13 6 54
5 65 47 49 64 67
3 13 25 47
5 13 25 55 48 6
3 59 66 55
3 65 8 59
3 8 49 31
3 14 49 64
3 25 67 31
3 48 67 64
3 31 66 6
3 59 64 13
3 21 35 0
3 3 54 0
5 3 43 58 21 0
3 0 55 37
3 46 24 7
5 24 9 70 25 7
5 7 46 69 70 8
5 7 55 69 9 54
3 7 54 8
3 55 7 25
5 35 24 37 68 25
3 26 35 24
5 26 70 68 46 24
3 37 24 9
5 26 43 68 21 35
3 10 35 25
5 3 46 21 8 26
3 46 68 21
3 46 69 3
5 8 58 69 3 54
3 10 9 54
3 8 58 21
5 9 10 25 55 37
3 55 69 58
3 26 43 3
3 37 43 68
3 26 70 8
3 25 70 68
3 9 69 70
3 43 58 10
3 7 65 11
3 49 24 7
5 49 19 70 65 7
3 13 25 7
3 11 61 38
5 65 11 61 19 60
3 11 39 9
3 27 24 50
5 24 49 34 70 50
3 29 24 9
3 38 62 27
5 27 62 34 45 50
3 27 39 25
5 38 62 60 45 61
3 38 13 29
5 62 65 50 61 49
3 65 50 70
3 65 62 60
3 61 45 50
3 62 34 49
5 29 9 39 25 13
3 25 70 34
3 61 19 49
3 39 45 60
3 9 70 19
3 13 19 60
3 34 45 29
3 38 56 2
5 54 2 55 71 5
3 12 54 2
5 56 2 12 42 71
3 2 55 39
3 7 54 14
3 47 65 7
3 7 55 48
5 65 7 14 52 69
3 47 38 61
5 47 38 48 72 39
5 56 38 61 42 72
3 38 48 5
5 54 14 71 69 12
3 5 54 9
5 47 65 72 52 61
3 9 47 39
5 56 65 12 61 14
3 56 72 65
3 56 71 14
5 55 48 5 9 39
3 69 71 55
3 12 69 65
3 14 52 61
3 5 42 71
3 61 42 12
3 52 72 48
3 39 42 72
3 52 69 9
3 21 35 1
3 3 54 1
5 1 3 51 66 21
3 37 55 1
3 36 2 20
5 36 2 4 63 71
3 2 54 4
3 55 2 22
5 20 35 22 73 37
3 23 35 20
5 20 36 73 63 23
3 5 20 37
5 35 23 51 73 21
3 22 35 6
5 3 36 21 4 23
3 21 73 36
3 3 71 36
5 4 54 3 71 66
3 5 54 6
3 21 66 4
5 22 6 5 37 55
3 55 71 66
3 23 51 3
3 37 73 51
3 23 63 4
3 22 63 73
3 63 71 5
3 51 66 6
3 28 20 35
3 38 20 41
5 28 57 73 41 20
3 39 20 37
3 30 35 24
3 50 24 47
3 48 24 37
5 24 30 67 68 50
5 30 35 28 68 73
3 25 35 22
3 62 47 38
5 41 38 62 57 72
3 22 48 38
5 62 47 50 72 67
3 25 47 39
5 41 50 28 62 30
3 41 72 50
3 30 73 41
3 37 68 73
5 22 48 37 39 25
3 50 68 28
3 30 62 67
3 22 57 73
3 62 57 28
3 67 68 25
3 48 67 72
3 57 72 39
3 1 37 0
5 1 58 77 66 0
3 0 22 2
5 2 58 75 71 0
5 0 37 75 77 22
3 71 66 0
3 7 25 1
5 1 69 74 66 7
5 25 77 74 37 1
3 69 1 58
3 2 39 11
5 71 11 2 59 76
5 39 75 76 22 2
3 59 58 2
3 7 48 11
5 11 69 78 59 7
5 48 74 78 25 7
3 66 59 7
5 11 39 78 76 48
3 71 11 69
3 37 48 74
3 37 75 39
3 22 25 77
3 22 48 76
3 25 78 39
5 58 59 66 71 69
3 71 75 76
3 74 78 69
3 74 77 66
3 59 78 76
3 58 75 77
3 1 35 0
5 0 73 77 32 35
3 36 73 0
3 4 0 66
5 68 1 35 31 77
3 46 68 1
3 8 58 1
3 30 35 31
3 28 35 32
3 28 79 36
5 79 36 80 81 4
5 28 32 81 73 36
3 36 58 80
3 46 79 30
5 79 46 80 82 8
5 46 30 31 82 68
3 46 66 80
3 4 8 79
5 30 81 82 28 79
5 4 8 58 80 66
3 4 81 32
3 73 81 30
3 31 82 8
3 28 68 82
3 73 77 68
3 66 31 77
3 58 32 77
3 80 81 82
3 2 20 0
5 0 20 43 75 73
3 21 0 73
3 0 71 3
5 57 2 20 42 75
3 56 57 2
3 2 58 12
3 41 42 20
3 28 43 20
3 21 79 28
5 21 80 83 3 79
5 28 43 83 73 21
3 58 80 21
3 56 79 41
5 56 80 84 12 79
3 12 79 3
5 79 28 84 83 41
5 41 56 57 84 42
3 56 80 71
5 3 71 80 58 12
3 43 83 3
3 41 83 73
3 57 84 28
3 12 84 42
3 57 75 73
3 71 75 42
3 58 75 43
3 83 84 80
3 7 24 1
5 24 51 74 68 1
3 21 1 68
3 3 69 1
5 24 7 67 74 52
3 65 7 67
3 14 7 66
3 50 24 52
3 30 24 51
3 30 21 79
5 30 21 68 83 51
3 66 80 21
3 3 14 79
3 65 50 79
5 79 65 80 85 14
5 79 30 85 83 50
5 14 3 69 80 66
3 3 51 83
5 67 65 50 52 85
3 65 69 80
3 50 68 83
3 30 85 67
3 52 85 14
3 68 67 74
3 52 74 69
3 51 74 66
3 83 85 80
3 11 38 2
3 36 2 57
5 38 63 76 57 2
3 4 59 2
5 72 11 38 64 76
3 65 11 72
3 14 11 71
3 41 79 36
5 36 57 81 63 41
3 36 80 71
3 41 63 38
3 62 64 38
3 62 79 65
5 41 79 62 81 85
3 4 14 79
5 62 65 72 85 64
3 65 59 80
3 41 72 85
5 4 14 71 80 59
3 63 81 4
3 57 81 62
3 64 85 14
3 71 76 63
3 72 76 57
3 59 76 64
3 80 85 81
3 11 47 7
3 46 7 67
5 67 7 47 70 78
3 8 59 7
5 47 60 78 72 11
3 56 72 11
3 12 69 11
3 50 79 46
5 50 46 67 82 70
3 69 80 46
3 62 79 56
5 79 62 82 84 50
3 12 79 8
3 50 47 70
3 62 60 47
5 62 56 72 84 60
3 59 80 56
3 72 84 50
5 8 12 69 80 59
3 70 82 8
3 62 67 82
3 60 84 12
3 67 78 72
3 70 78 69
3 60 78 59
3 80 84 82
3 28 21 36
3 36 56 41
3 3 36 12
3 30 46 21
3 14 3 46
3 50 65 46
3 8 21 4
3 62 56 65
3 4 14 56
3 26 23 3
3 8 65 12
3 61 41 50
3 30 41 23
3 40 23 4
3 26 50 28
3 30 62 49
3 26 8 49
3 28 62 40
3 14 61 49
3 12 61 40
3 0 55 1
5 1 0 51 87 43
3 5 20 0
5 0 5 87 75 55
3 73 0 51
3 1 24 9
5 1 55 74 87 9
3 68 1 43
3 27 39 20
5 20 44 86 73 27
5 39 20 5 86 75
3 44 20 43
3 24 48 27
5 24 44 88 68 27
5 24 9 88 74 48
3 51 24 44
3 73 68 27
5 27 39 88 86 48
3 55 74 48
3 39 55 75
3 5 48 86
3 5 87 9
5 44 51 73 68 43
3 73 86 75
3 9 88 39
3 74 88 68
3 51 87 74
3 86 88 44
3 75 87 43
3 0 1 54
3 36 71 0
5 0 71 87 16 54
3 0 51 23
3 46 1 69
5 54 15 87 69 1
3 1 43 26
3 36 79 12
5 23 79 36 83 89
5 12 36 71 89 16
3 43 83 36
3 14 79 46
5 46 79 26 90 83
5 14 46 69 90 15
3 51 83 46
3 15 54 14
3 16 54 12
3 26 79 23
5 79 14 89 90 12
5 23 51 83 43 26
3 23 89 16
3 71 89 14
3 69 90 12
3 26 90 15
3 69 87 71
3 51 15 87
3 43 87 16
3 83 89 90
3 36 20 42
3 20 38 27
5 20 42 86 63 38
3 23 44 20
3 56 79 36
5 36 42 89 63 56
3 36 83 73
5 38 53 86 72 27
3 50 27 72
3 30 73 27
3 38 63 56
3 61 53 38
5 56 85 89 61 79
3 61 79 50
3 30 79 23
3 72 56 85
5 72 50 61 53 85
3 50 44 83
5 23 44 83 73 30
3 30 53 85
3 63 89 23
3 73 86 63
3 42 89 61
3 42 86 72
3 44 86 53
3 83 89 85
3 27 24 47
3 46 24 52
5 47 70 88 52 24
3 26 44 24
5 27 72 88 45 47
3 41 27 72
3 28 68 27
3 46 79 65
5 65 46 52 90 70
3 68 46 83
5 61 79 65 84 90
3 41 61 79
3 28 79 26
3 65 70 47
3 47 45 61
3 65 84 72
5 72 41 61 45 84
3 44 83 41
5 28 68 83 44 26
3 28 84 45
3 26 90 70
3 61 52 90
3 68 88 70
3 72 52 88
3 45 88 44
3 84 90 83
3 0 55 2
5 63 0 2 32 93
3 0 35 6
5 0 6 93 77 55
3 73 63 0
3 2 13 38
5 2 13 93 76 55
3 32 2 57
3 25 35 27
5 35 27 73 92 33
5 35 6 92 77 25
3 32 35 33
3 38 48 27
5 27 38 33 91 57
5 27 48 92 91 25
3 73 57 27
5 13 38 48 76 91
3 63 33 38
3 25 77 55
3 48 55 76
3 13 91 25
5 32 57 73 63 33
3 73 92 77
3 48 6 92
3 6 93 13
3 57 76 91
3 63 93 76
3 33 92 91
3 32 93 77
3 2 54 0
5 66 0 54 18 93
3 21 0 66
3 23 0 63
5 59 2 54 17 93
3 56 2 59
3 2 32 40
3 18 54 8
3 14 54 17
3 8 21 79
5 79 23 95 81 21
5 8 21 66 95 18
3 32 81 21
3 56 79 14
5 56 79 40 94 81
5 8 94 95 14 79
3 23 79 40
5 59 94 17 14 56
3 63 56 81
3 59 94 8
5 23 40 32 81 63
3 23 18 95
3 66 95 14
3 17 94 40
3 66 93 59
3 17 93 63
3 18 93 32
3 81 94 95
3 27 24 35
5 24 35 31 92 51
5 67 27 24 53 92
3 51 24 46
3 49 24 53
3 21 35 31
3 23 35 33
3 27 73 41
3 62 67 27
3 46 79 21
5 51 46 21 31 95
5 46 85 95 49 79
3 46 85 67
3 73 21 81
3 41 79 23
3 49 79 62
5 23 41 73 81 33
3 41 85 53
3 23 95 51
5 62 49 53 85 67
3 33 81 62
3 73 92 51
3 49 95 31
3 31 92 67
3 33 92 53
3 85 95 81
3 38 47 27
5 47 27 67 91 34
3 27 67 30
3 28 27 57
5 38 47 60 91 64
3 56 38 64
3 40 38 33
3 56 65 79
5 65 82 94 49 79
3 30 79 49
3 28 40 79
3 65 60 47
3 49 34 47
5 64 94 60 65 56
3 57 81 56
3 67 65 82
5 49 30 67 82 34
3 30 81 33
5 28 57 81 33 40
3 28 34 82
3 40 94 60
3 49 94 64
3 57 91 60
3 67 64 91
3 34 91 33
3 81 94 82
3 1 7 55
5 7 1 70 97 31
3 1 35 10
5 1 55 77 97 10
3 68 1 70
3 13 47 7
5 7 13 97 78 55
3 67 7 31
3 22 35 27
5 27 35 34 96 68
5 35 22 77 96 10
3 34 35 31
3 27 47 39
5 27 39 96 91 22
3 67 27 68
5 13 47 39 78 91
3 70 34 47
3 22 77 55
3 55 78 39
3 13 22 91
3 10 96 39
5 31 67 68 70 34
3 77 96 68
3 13 97 10
3 67 91 78
3 77 97 31
3 78 97 70
3 34 91 96
3 1 7 54
5 58 1 54 18 97
3 21 1 58
3 26 70 1
5 54 7 59 97 19
3 59 7 65
3 49 7 31
3 4 54 18
3 19 54 12
3 4 79 21
5 21 79 26 98 82
5 18 98 58 21 4
3 21 82 31
3 12 79 65
5 12 79 4 94 98
3 26 49 79
5 12 65 59 94 19
3 70 65 82
3 4 94 59
3 12 58 98
5 31 49 26 70 82
3 26 18 98
3 49 94 19
3 59 97 58
3 18 97 31
3 70 97 19
3 82 98 94
3 20 35 27
5 20 35 32 96 43
3 36 20 43
5 20 27 57 96 45
3 45 20 40
3 32 35 21
3 34 35 26
3 36 21 79
5 36 21 32 98 43
5 79 36 84 98 40
3 57 36 84
3 50 68 27
3 27 57 62
3 68 82 21
3 50 26 79
3 62 79 40
5 68 50 26 34 82
3 50 45 84
5 45 84 57 62 40
3 62 82 34
3 26 98 43
3 32 98 40
3 43 96 68
3 57 96 32
3 34 96 45
3 82 84 98
3 20 37 0
5 20 0 63 101 16
3 0 54 6
5 0 37 87 101 6
3 71 0 63
3 20 38 29
5 29 101 86 37 20
3 16 20 42
3 38 48 11
5 42 11 38 17 100
3 9 54 11
5 54 11 71 99 17
5 9 11 48 99 100
3 42 11 71
5 29 100 86 48 38
3 17 38 63
5 54 9 87 99 6
3 16 17 54
3 48 86 37
3 9 37 87
3 6 99 48
3 29 100 9
3 29 101 6
5 17 63 71 42 16
3 71 99 87
3 42 100 86
3 63 86 101
3 99 100 17
3 87 101 16
3 20 35 0
5 35 18 101 51 0
3 3 0 51
3 4 63 0
5 35 33 101 44 20
3 41 44 20
3 16 20 40
3 30 33 35
3 26 18 35
5 4 79 3 89 95
3 3 79 26
3 41 79 30
5 41 79 40 102 89
3 40 79 4
5 30 79 26 102 95
5 18 95 51 3 26
3 16 89 3
5 33 102 44 41 30
3 41 89 63
5 16 89 63 4 40
3 18 95 4
3 30 95 51
3 26 44 102
3 33 102 40
3 44 101 51
3 33 101 63
3 18 101 16
3 89 95 102
3 11 7 54
5 7 11 52 99 64
3 46 66 7
5 54 15 99 66 7
3 7 64 49
3 56 71 11
3 11 52 61
3 46 3 79
5 66 95 15 3 46
3 46 85 52
3 3 15 54
3 4 54 17
3 4 79 56
3 61 79 49
5 56 4 17 89 71
3 64 56 85
3 3 89 71
3 66 4 95
5 52 61 49 64 85
3 61 89 17
3 71 66 99
3 49 95 15
3 52 15 99
3 17 99 64
3 85 89 95
3 11 38 47
5 47 19 100 52 11
3 14 11 52
3 11 42 12
5 38 47 45 100 53
3 41 38 53
3 40 38 17
3 41 50 79
5 50 90 102 49 79
3 14 79 49
3 12 79 40
3 50 45 47
3 49 19 47
5 50 41 53 102 45
3 42 89 41
3 52 50 90
5 52 14 49 19 90
3 14 17 89
5 42 12 40 17 89
3 12 19 90
3 45 102 40
3 49 102 53
3 42 100 45
3 53 100 52
3 17 100 19
3 90 102 89
3 2 20 10
3 11 55 2
5 2 11 42 103 60
5 2 10 103 75 55
3 60 2 57
3 20 37 27
5 10 96 75 37 20
3 45 20 42
3 9 11 47
5 55 11 9 103 78
3 72 11 42
3 25 47 27
5 27 37 88 96 25
3 57 27 72
5 47 9 88 78 25
3 60 45 47
3 37 55 75
3 55 78 25
3 37 88 9
3 25 96 10
3 10 103 9
5 42 45 60 57 72
3 72 88 78
3 75 96 57
3 42 75 103
3 78 103 60
3 45 88 96
3 11 54 2
3 2 58 36
5 54 16 103 58 2
3 2 60 40
5 54 19 103 69 11
3 11 69 65
3 61 11 42
3 36 79 3
5 58 98 16 3 36
3 42 84 36
3 3 54 16
3 8 19 54
5 3 79 8 98 90
3 65 79 8
3 40 79 61
3 69 3 90
5 19 90 69 65 8
3 65 84 60
3 8 98 58
5 40 61 42 84 60
3 61 19 90
3 40 98 16
3 69 103 58
3 42 103 16
3 60 19 103
3 84 90 98
3 24 37 1
5 70 1 24 15 104
3 10 54 1
5 37 1 10 104 87
3 70 1 69
3 11 5 54
3 39 47 11
5 11 39 103 100 5
3 69 11 52
3 29 24 47
5 29 104 88 37 24
3 15 24 52
5 10 103 87 5 54
3 15 19 54
5 39 47 29 100 88
3 70 47 19
3 5 87 37
3 37 88 39
3 5 100 29
3 39 103 10
5 69 52 15 19 70
3 87 103 69
3 10 104 29
3 52 88 100
3 88 104 70
3 15 87 104
3 100 103 19
3 1 24 35
5 43 1 35 18 104
3 1 43 3
3 8 70 1
5 35 34 104 44 24
3 50 44 24
3 15 24 49
3 18 35 23
3 34 35 28
3 23 79 3
3 28 79 50
3 49 79 8
5 79 23 102 98 28
5 23 3 43 98 18
3 15 90 3
5 44 102 34 28 50
3 50 90 70
5 49 8 70 90 15
3 18 98 8
3 23 102 44
3 43 28 98
3 34 102 49
3 44 104 43
3 70 34 104
3 15 104 18
3 102 98 90
3 0 35 22
3 0 54 5
5 0 22 93 101 5
3 66 0 51
3 7 24 48
5 24 15 105 31 7
3 13 54 7
5 7 13 105 99 48
3 66 7 31
3 29 35 24
5 29 24 48 92 105
3 51 15 24
5 35 22 92 101 29
3 31 35 18
5 54 5 99 93 13
3 15 54 18
3 48 92 22
3 13 22 93
3 48 99 5
3 5 101 29
3 13 105 29
5 18 31 66 51 15
3 66 99 93
3 92 101 51
3 31 105 92
3 15 99 105
3 18 93 101
3 47 7 24
5 7 47 19 105 64
3 8 7 31
3 14 7 64
5 53 24 47 34 105
3 30 24 53
3 24 15 26
3 30 79 62
3 8 26 79
5 79 62 94 102 61
3 14 79 61
3 62 47 34
3 61 47 19
5 30 62 34 102 53
3 30 95 31
5 26 8 31 95 15
3 8 19 94
3 62 94 64
5 19 94 64 14 61
3 14 95 15
3 34 102 26
3 53 102 61
3 31 105 34
3 64 53 105
3 19 105 15
3 94 102 95
3 0 36 3
5 0 63 107 75 36
3 55 66 0
5 0 66 107 87 3
3 5 0 63
3 11 56 14
5 56 11 42 106 76
5 11 55 76 99 5
3 55 69 11
5 14 99 106 69 11
3 5 11 42
3 56 80 36
5 3 36 80 107 89
3 42 36 75
5 80 56 14 89 106
3 56 76 63
5 55 66 99 87 69
3 76 55 75
3 3 89 14
3 3 87 69
3 66 99 14
5 5 63 76 75 42
3 87 5 99
3 69 106 80
3 80 107 66
3 42 89 106
3 63 89 107
3 76 106 99
3 75 87 107
3 21 36 0
5 21 77 107 51 0
3 37 51 0
3 22 63 0
5 36 21 81 107 83
3 41 83 36
3 36 75 57
3 27 30 41
5 41 27 57 108 86
5 27 37 86 92 22
3 37 27 68
5 30 27 68 108 92
3 27 57 22
3 30 21 81
3 68 77 21
5 41 30 81 108 83
3 63 41 86
5 37 51 92 77 68
3 75 86 37
3 51 92 30
5 57 75 86 63 22
3 22 92 77
3 83 108 68
3 57 81 108
3 83 107 51
3 63 81 107
3 75 77 107
3 86 92 108
3 11 7 55
3 6 7 24
5 6 7 55 74 99
3 67 64 7
3 11 38 5
3 52 11 72
3 27 24 37
5 24 37 74 92 6
3 53 24 52
3 27 38 22
3 72 67 27
5 38 5 86 76 22
3 64 53 38
3 37 74 55
3 55 76 22
3 5 86 37
3 6 92 22
3 5 99 6
5 53 52 72 67 64
3 76 86 72
3 67 92 74
3 74 99 52
3 64 76 99
3 86 92 53
3 56 65 11
5 65 11 52 106 78
3 48 52 11
3 39 11 42
3 27 41 50
5 27 50 88 108 67
3 27 67 48
3 27 57 39
5 65 84 106 85 56
3 41 56 85
3 56 76 57
3 50 84 65
3 65 78 67
5 41 50 84 108 85
3 41 86 42
3 52 88 50
5 48 52 88 78 67
3 76 86 48
5 42 39 57 76 86
3 39 88 78
3 57 84 108
3 85 108 67
3 42 106 84
3 52 85 106
3 78 106 76
3 86 88 108
3 38 2 22
5 38 2 60 109 17
3 2 54 10
5 2 10 109 93 22
3 59 2 60
3 7 54 6
3 47 7 25
5 25 7 6 105 97
3 59 64 7
3 29 47 38
5 29 109 91 22 38
3 64 38 17
5 10 54 6 93 97
3 17 54 19
5 47 25 91 105 29
3 60 19 47
3 25 91 22
3 6 22 93
3 10 25 97
3 29 105 6
3 29 109 10
5 19 60 59 64 17
3 93 97 59
3 91 105 64
3 91 109 60
3 17 93 109
3 19 97 105
3 38 2 20
5 20 16 109 32 2
3 4 2 32
3 2 60 12
5 38 33 109 45 20
3 20 16 23
3 28 20 45
3 62 38 33
3 17 38 61
3 4 23 79
3 28 79 62
3 61 79 12
5 23 4 32 98 16
3 17 4 94
3 33 23 102
5 33 102 45 28 62
3 60 62 94
3 32 98 28
5 61 12 60 94 17
3 12 98 16
3 61 102 45
3 32 109 33
3 45 109 60
3 17 109 16
3 94 102 98
3 1 3 46
5 46 74 110 70 1
3 55 1 58
5 3 1 58 110 87
3 1 70 9
3 55 11 71
3 12 65 11
5 12 11 71 106 103
3 9 52 11
5 3 90 110 80 46
3 46 65 80
3 52 74 46
5 55 71 87 103 58
3 74 78 55
3 12 90 3
3 71 3 87
5 65 80 106 90 12
3 65 78 70
3 12 103 58
5 78 70 9 52 74
3 9 103 87
3 80 106 71
3 58 110 80
3 52 106 90
3 90 110 70
3 74 110 87
3 78 103 106
3 21 46 1
5 1 43 110 77 21
3 43 1 37
3 1 70 25
3 37 27 73
3 28 50 27
5 28 27 73 108 96
3 25 67 27
5 83 46 21 82 110
3 50 46 83
3 67 46 74
3 21 82 28
3 73 77 21
5 43 96 77 73 37
3 74 37 88
5 50 28 82 108 83
3 70 88 50
3 43 28 96
5 74 67 25 70 88
3 77 25 96
3 83 108 73
3 67 108 82
3 83 110 43
3 70 110 82
3 74 110 77
3 88 108 96
3 25 35 1
3 1 54 9
5 1 9 104 97 25
3 58 1 43
3 2 20 39
3 13 2 54
5 39 2 13 109 103
3 58 2 32
3 20 35 29
5 29 20 39 96 109
3 43 20 16
5 25 35 29 104 96
3 32 18 35
5 13 97 103 9 54
3 18 54 16
3 39 96 25
3 13 97 25
3 9 39 103
3 29 104 9
3 29 13 109
5 16 18 32 58 43
3 58 97 103
3 96 104 43
3 32 109 96
3 16 109 103
3 97 104 18
3 0 21 4
3 55 0 71
5 0 4 93 107 71
3 0 51 6
3 7 46 14
5 46 74 111 31 7
3 55 59 7
5 7 14 99 111 59
3 6 7 31
3 21 80 46
5 46 80 111 95 14
3 51 74 46
5 21 80 107 95 4
3 31 21 77
5 59 93 99 71 55
3 74 55 77
3 14 4 95
3 59 4 93
3 14 99 71
5 6 51 74 77 31
3 93 99 6
3 80 107 71
3 59 80 111
3 51 107 95
3 31 95 111
3 74 99 111
3 93 107 77
3 7 65 46
5 65 7 64 111 78
3 25 31 7
3 7 64 48
3 30 62 27
5 62 27 72 108 91
3 25 27 68
3 48 27 72
5 46 65 82 111 85
3 30 85 46
3 68 74 46
3 62 65 82
3 72 78 65
5 62 30 85 108 82
3 30 92 31
3 64 62 91
5 25 31 92 74 68
3 25 91 78
5 48 72 78 91 64
3 48 92 74
3 82 108 68
3 85 72 108
3 82 111 31
3 85 111 64
3 78 111 74
3 91 108 92
3 10 20 35
3 38 20 5
5 10 109 101 5 20
3 44 20 45
3 6 24 35
3 47 24 9
5 9 24 6 105 104
3 44 24 53
5 10 104 101 6 35
3 33 34 35
3 13 47 38
5 38 5 100 109 13
3 53 38 33
5 13 47 9 100 105
3 34 47 45
3 9 100 5
3 6 101 5
3 10 104 9
3 13 6 105
3 13 109 10
5 33 53 44 45 34
3 44 101 104
3 101 109 33
3 100 105 53
3 34 104 105
3 45 109 100
3 4 56 2
5 56 76 112 60 2
3 55 2 58
5 4 93 112 58 2
3 13 60 2
3 55 66 7
3 8 7 65
5 8 97 111 66 7
3 13 64 7
3 65 80 56
5 56 4 94 112 80
3 56 76 64
5 55 58 97 93 66
3 76 78 55
5 80 65 8 94 111
3 60 78 65
3 4 94 8
3 4 93 66
3 58 97 8
5 13 60 78 76 64
3 13 97 93
3 80 111 66
3 80 112 58
3 94 111 64
3 60 112 94
3 76 112 93
3 97 111 78
3 36 56 2
5 36 2 32 112 75
3 22 2 32
3 39 60 2
5 56 36 84 112 81
3 36 84 28
3 36 75 73
3 22 73 27
3 27 28 62
3 27 72 39
3 56 81 62
3 72 56 76
5 22 32 96 75 73
3 76 91 22
5 62 81 108 84 28
3 62 91 60
3 32 96 28
3 81 73 108
5 39 72 76 91 60
3 39 75 96
3 84 108 72
3 81 112 32
3 84 112 60
3 75 112 76
3 91 108 96
3 1 8 21
3 1 69 55
5 1 8 97 110 69
3 10 1 43
3 12 36 2
3 55 2 59
5 12 103 112 59 2
3 2 32 10
3 36 21 80
5 12 98 112 80 36
3 36 75 43
5 21 8 98 110 80
3 21 77 32
5 59 97 103 69 55
3 75 77 55
3 8 98 12
3 8 97 59
3 12 103 69
3 80 110 69
5 75 43 10 32 77
3 10 97 103
3 80 112 59
3 43 98 110
3 32 112 98
3 75 112 103
3 77 110 97
3 3 23 0
3 0 73 37
5 0 23 101 107 73
3 6 66 0
3 24 46 30
5 46 74 113 15 24
3 37 24 44
5 30 92 113 44 24
3 6 24 15
3 3 83 46
5 46 83 113 95 30
3 46 74 66
5 83 3 23 95 107
3 15 3 87
5 73 37 44 101 92
3 74 87 37
3 30 95 23
3 73 30 92
3 23 101 44
3 83 107 73
5 6 66 74 87 15
3 6 92 101
3 95 107 66
3 83 113 44
3 95 113 15
3 74 92 113
3 87 101 107
3 11 61 14
5 61 100 106 72 11
3 11 72 48
3 9 69 11
3 50 24 46
5 24 50 88 113 53
3 48 53 24
3 9 24 15
5 46 50 90 113 85
3 14 85 46
3 69 74 46
3 61 50 90
3 50 88 72
5 85 14 61 90 106
3 14 99 15
3 53 100 61
5 72 48 53 100 88
3 74 99 48
5 69 9 15 99 74
3 9 100 88
3 85 106 72
3 69 106 90
3 15 113 90
3 53 113 85
3 74 88 113
3 100 106 99
3 58 21 36
3 56 36 71
5 36 58 112 107 71
3 83 36 84
3 46 21 66
3 46 69 65
5 46 66 111 110 69
3 83 85 46
5 58 110 107 66 21
3 82 21 81
3 56 65 59
5 56 71 106 112 59
3 85 56 81
5 69 65 59 111 106
3 84 65 82
3 69 106 71
3 66 71 107
3 58 110 69
3 59 66 111
3 58 59 112
5 82 84 83 85 81
3 83 107 110
3 107 112 81
3 85 111 106
3 82 111 110
3 106 112 84
3 23 41 20
5 41 20 45 114 86
3 37 20 43
5 20 23 101 114 43
3 20 45 29
3 37 51 24
3 24 50 26
5 24 51 113 104 26
3 24 53 29
3 41 83 50
5 83 41 23 102 114
3 53 41 86
5 37 51 101 104 43
3 88 37 86
5 26 102 113 83 50
3 45 88 50
3 26 102 23
3 51 101 23
3 26 104 43
5 86 53 29 45 88
3 29 104 101
3 83 51 113
3 43 83 114
3 53 113 102
3 102 114 45
3 86 101 114
3 88 113 104
3 36 41 20
5 36 75 114 16 20
3 16 20 5
3 45 20 39
3 11 71 5
3 11 61 12
3 39 11 72
5 41 36 84 114 89
3 36 84 12
3 36 75 71
3 61 89 41
3 72 86 41
5 75 71 5 16 103
3 86 5 100
5 61 12 84 106 89
3 16 103 12
3 45 100 61
5 39 45 100 86 72
3 75 39 103
3 89 71 106
3 84 106 72
3 89 114 16
3 84 114 45
3 75 114 86
3 100 106 103
3 1 3 26
3 37 68 1
5 26 1 68 110 104
3 1 58 10
3 20 36 28
3 37 20 44
5 28 20 44 114 96
3 10 16 20
3 3 36 83
5 36 83 114 98 28
3 58 75 36
5 83 3 26 98 110
3 16 3 87
5 44 37 68 96 104
3 75 87 37
3 28 98 26
3 68 96 28
3 26 104 44
3 68 110 83
5 75 58 10 16 87
3 10 96 104
3 58 110 98
3 83 44 114
3 16 98 114
3 75 96 114
3 87 110 104
3 4 23 0
3 22 73 0
3 0 71 5
3 38 41 56
5 56 76 115 17 38
5 38 33 115 86 41
3 33 38 22
3 5 17 38
5 41 89 115 81 56
3 56 81 4
3 71 76 56
3 41 89 23
3 41 86 73
5 23 4 81 107 89
3 4 93 17
5 33 101 86 73 22
3 22 93 76
3 33 101 23
5 5 71 76 93 17
3 86 101 5
3 81 73 107
3 89 107 71
3 33 81 115
3 17 115 89
3 86 115 76
3 101 107 93
3 7 49 14
3 48 67 7
5 7 49 105 111 67
3 13 59 7
3 56 38 62
5 62 38 53 115 91
3 48 38 53
3 17 38 13
5 56 85 115 94 62
3 56 85 14
3 59 76 56
3 49 62 94
3 62 91 67
5 49 94 111 85 14
3 17 14 99
5 48 67 91 105 53
3 48 76 99
3 53 49 105
5 59 13 17 99 76
3 13 91 105
3 85 111 67
3 59 111 94
3 53 85 115
3 17 94 115
3 76 91 115
3 105 111 99
3 36 3 43
3 36 73 41
5 36 73 107 114 43
3 80 84 36
3 46 3 51
3 46 50 68
5 68 46 51 113 110
3 46 85 80
5 43 3 51 107 110
3 89 90 3
3 44 41 50
5 44 41 73 108 114
3 41 89 85
5 68 50 44 113 108
3 84 50 90
3 68 108 73
3 51 107 73
3 43 110 68
3 44 113 51
5 90 84 80 85 89
3 107 110 80
3 44 114 43
3 85 108 113
3 107 114 89
3 84 114 108
3 90 110 113
3 30 35 23
5 30 35 34 116 92
3 22 32 35
5 23 35 32 116 101
3 34 35 29
3 22 63 38
3 38 62 40
5 38 63 115 109 40
3 38 53 29
5 30 81 116 102 23
3 30 81 62
3 53 92 30
5 22 63 101 109 32
3 92 22 91
3 23 102 40
3 63 23 101
5 62 40 102 115 81
3 34 62 91
3 40 109 32
5 29 34 91 92 53
3 101 109 29
3 81 115 63
3 81 116 32
3 102 115 53
3 34 116 102
3 92 101 116
3 91 115 109
3 7 49 8
3 67 7 25
3 6 7 66
3 30 21 35
5 18 35 21 77 116
3 34 35 25
3 6 18 35
5 30 95 116 82 21
3 8 82 21
3 66 77 21
3 49 95 30
3 67 92 30
5 8 49 95 111 82
3 8 97 18
5 25 67 92 105 34
3 77 97 25
5 77 66 6 18 97
3 92 6 105
3 49 105 34
3 95 111 66
3 67 111 82
3 34 116 82
3 18 95 116
3 77 116 92
3 105 111 97
3 2 40 4
3 22 2 57
5 2 57 112 109 40
3 2 58 10
3 21 35 28
3 22 35 33
5 28 35 33 116 96
3 18 35 10
3 4 81 21
5 28 21 81 116 98
3 58 21 77
5 81 4 40 98 112
3 18 93 4
5 22 57 96 109 33
3 22 93 77
3 40 98 28
3 28 96 57
3 33 109 40
5 77 58 10 18 93
3 10 109 96
3 57 112 81
3 58 98 112
3 33 116 81
3 18 98 116
3 77 116 96
3 109 112 93
3 8 26 1
3 1 68 25
3 9 1 69
3 47 65 50
5 65 78 117 19 47
5 50 88 117 34 47
3 34 47 25
3 9 47 19
5 65 82 117 90 50
3 65 82 8
3 65 78 69
3 50 90 26
3 68 50 88
5 26 8 82 110 90
3 19 8 97
5 25 68 88 104 34
3 78 97 25
3 34 104 26
5 9 19 97 78 69
3 88 9 104
3 82 110 68
3 90 110 69
3 34 117 82
3 19 90 117
3 78 117 88
3 104 110 97
3 2 40 12
3 39 2 57
3 13 2 59
3 62 65 47
5 45 47 62 91 117
3 45 47 39
3 13 19 47
5 62 65 84 117 94
3 12 84 65
3 59 65 78
3 40 94 62
3 57 91 62
5 40 94 112 84 12
3 19 103 12
5 45 109 91 57 39
3 78 103 39
3 45 109 40
5 19 103 78 59 13
3 91 109 13
3 84 112 57
3 94 112 59
3 45 84 117
3 94 117 19
3 78 91 117
3 103 112 109
3 30 24 49
3 52 24 48
5 24 52 113 105 49
3 29 44 24
3 41 38 61
5 61 38 64 115 100
3 48 38 64
3 33 38 29
3 30 41 85
5 61 102 115 85 41
3 44 41 86
5 30 85 113 102 49
3 33 92 30
3 49 61 102
3 52 61 100
5 52 48 64 105 100
3 48 86 92
3 64 105 49
5 29 33 92 86 44
3 29 100 105
3 52 113 85
3 44 102 113
3 85 115 64
3 33 115 102
3 86 100 115
3 105 113 92
3 21 4 32
3 21 30 73
5 21 73 107 116 32
3 80 82 21
3 4 63 56
3 57 62 56
5 57 56 63 115 112
3 80 85 56
5 4 32 112 107 63
3 94 4 95
3 33 62 30
5 33 30 73 108 116
3 85 95 30
5 33 115 108 57 62
3 82 62 94
3 73 108 57
3 63 107 73
3 57 112 32
5 95 85 80 82 94
3 107 112 80
3 33 63 115
3 32 116 33
3 108 115 85
3 82 116 108
3 95 107 116
3 94 112 115
3 28 26 35
3 31 35 25
5 26 104 116 31 35
3 33 35 29
3 47 62 49
3 25 70 47
5 47 70 117 105 49
3 45 47 29
3 62 82 28
5 49 62 82 117 102
3 33 91 62
5 102 26 28 82 116
3 45 28 96
5 25 70 104 105 31
3 91 96 25
3 26 49 102
3 70 26 104
3 31 49 105
5 33 91 96 45 29
3 104 105 29
3 31 116 82
3 102 33 116
3 70 117 82
3 102 117 45
3 91 117 105
3 96 116 104
3 5 63 38
3 38 61 40
3 13 64 38
3 14 54 4
5 4 93 118 16 54
5 14 99 118 19 54
3 16 54 5
3 19 54 13
5 4 94 118 89 14
3 4 94 40
3 63 4 93
3 14 89 61
3 64 99 14
5 5 63 93 109 16
3 100 5 99
5 61 89 115 94 40
3 61 100 19
3 16 109 40
5 19 100 99 64 13
3 13 109 93
3 89 115 63
3 94 64 115
3 16 89 118
3 19 94 118
3 99 118 93
3 109 115 100
3 26 24 49
3 9 52 24
3 6 24 51
3 14 54 3
5 3 87 118 18 54
3 19 54 9
3 6 54 18
5 3 90 118 95 14
3 3 90 26
3 51 3 87
3 49 95 14
3 52 14 99
5 49 95 113 90 26
3 18 104 26
5 9 19 105 99 52
3 9 104 87
5 6 51 87 104 18
3 99 6 105
3 19 49 105
3 95 113 51
3 90 52 113
3 19 118 90
3 95 118 18
3 87 118 99
3 105 113 104
3 23 20 40
3 42 20 5
5 40 109 114 42 20
3 10 20 43
3 3 54 12
3 5 54 17
5 12 54 17 118 103
3 10 18 54
3 3 89 23
5 3 89 118 98 12
3 3 87 43
5 40 98 114 89 23
3 18 101 23
5 17 109 103 42 5
3 87 5 101
3 12 98 40
3 12 103 42
3 17 40 109
5 10 43 87 101 18
3 10 103 109
3 42 114 89
3 43 114 98
3 17 118 89
3 18 98 118
3 103 118 87
3 109 114 101
3 20 40 28
3 42 20 39
3 29 44 20
3 50 61 47
5 60 47 61 100 117
3 60 47 39
3 34 47 29
3 28 84 50
5 61 102 117 84 50
3 44 50 88
5 40 28 84 114 102
3 34 96 28
3 61 102 40
3 42 61 100
5 39 42 100 109 60
3 88 96 39
3 60 109 40
5 29 34 96 88 44
3 29 100 109
3 84 114 42
3 102 44 114
3 84 60 117
3 34 117 102
3 100 117 88
3 96 109 114
3 46 67 30
3 46 14 52
5 67 46 52 113 111
3 80 83 46
3 41 72 56
3 56 14 64
5 56 64 115 106 72
3 81 56 80
3 30 41 53
5 41 53 115 108 72
3 83 89 41
5 53 30 67 108 113
3 30 95 81
5 64 14 52 106 111
3 89 95 14
3 67 108 72
3 72 106 52
3 64 111 67
3 53 52 113
5 81 80 83 89 95
3 106 111 80
3 53 115 64
3 83 113 108
3 108 115 81
3 89 106 115
3 95 113 111
3 21 8 31
3 21 28 68
5 21 31 116 110 68
3 81 21 80
3 65 70 8
3 65 67 62
5 67 65 70 117 111
3 84 65 80
5 8 70 110 111 31
3 94 98 8
3 34 28 62
5 67 62 34 117 108
3 81 62 94
5 28 34 116 108 68
3 84 98 28
3 68 108 67
3 70 68 110
3 67 111 31
5 80 84 98 94 81
3 80 110 111
3 34 31 116
3 34 117 70
3 81 116 108
3 108 117 84
3 94 111 117
3 110 116 98
3 16 23 3
3 3 71 14
5 16 118 107 71 3
3 83 3 90
3 41 23 63
3 41 42 61
5 63 41 42 114 115
3 83 85 41
5 23 16 114 107 63
3 95 23 102
3 14 61 17
5 17 118 106 71 14
3 85 95 14
5 61 42 106 115 17
3 61 102 90
3 71 106 42
3 71 107 63
3 16 42 114
3 63 115 17
5 83 90 102 95 85
3 83 114 107
3 16 17 118
3 85 115 106
3 90 106 118
3 95 107 118
3 102 115 114
3 12 8 54
5 15 54 8 97 118
3 15 54 9
3 13 17 54
3 47 61 49
3 9 47 70
3 60 47 13
5 8 12 90 118 94
3 49 94 8
3 70 8 97
3 12 90 61
3 60 103 12
5 61 90 117 94 49
3 61 100 17
5 9 70 97 105 15
3 9 103 100
3 49 105 15
5 17 100 103 60 13
3 13 105 97
3 90 70 117
3 15 118 90
3 60 117 94
3 94 118 17
3 105 117 100
3 97 118 103
3 56 71 63
3 56 72 57
3 56 59 64
3 22 48 55
5 75 55 22 93 119
5 55 48 99 119 78
3 71 75 55
3 59 55 78
5 48 86 119 91 22
3 22 91 57
3 63 22 93
3 72 86 48
3 48 99 64
5 71 75 112 93 63
3 99 71 106
5 72 86 115 91 57
3 72 106 78
3 75 57 112
5 59 78 106 99 64
3 93 112 59
3 63 115 86
3 91 64 115
3 86 119 75
3 78 119 91
3 99 93 119
3 112 115 106
3 46 68 67
3 46 52 69
3 46 51 66
3 37 55 48
5 37 55 77 119 87
3 69 78 55
3 66 55 77
5 88 37 48 92 119
3 68 37 88
3 37 87 51
3 48 92 67
3 48 99 52
5 68 67 92 113 88
3 77 110 68
5 52 99 111 78 69
3 69 110 87
5 66 77 110 87 51
3 99 66 111
3 78 67 111
3 51 113 92
3 88 113 52
3 88 119 78
3 92 119 77
3 99 87 119
3 111 113 110
3 26 35 23
3 6 31 35
3 10 35 32
3 4 54 8
3 15 54 6
3 16 54 10
5 95 4 8 98 118
3 4 95 23
3 4 93 32
3 8 98 26
3 31 8 97
5 23 95 116 98 26
3 16 101 23
3 15 26 104
5 6 31 97 104 15
3 6 101 93
5 16 10 32 93 101
3 10 97 104
3 31 116 95
3 32 116 98
3 95 118 15
3 16 118 98
3 93 97 118
3 104 116 101
3 36 73 57
3 42 36 71
5 42 114 112 57 36
3 36 58 43
3 39 55 37
5 55 76 119 103 39
3 71 76 55
3 58 55 77
3 37 86 73
5 37 86 119 96 39
3 43 37 87
5 57 73 86 114 96
3 73 107 77
3 57 96 39
3 42 39 103
5 42 103 112 76 71
3 87 107 71
3 57 112 76
5 87 43 58 77 107
3 103 112 58
3 86 42 114
3 96 114 43
3 86 119 76
3 96 119 77
3 87 119 103
3 107 114 112
3 36 57 28
3 36 42 12
3 36 83 80
3 65 72 50
3 60 12 65
5 72 65 60 117 106
3 80 65 82
3 28 50 45
5 50 45 117 108 72
3 83 50 90
5 45 114 108 57 28
3 82 98 28
5 60 112 106 42 12
3 12 90 98
3 57 108 72
3 42 106 72
3 57 112 60
3 42 114 45
5 83 80 82 98 90
3 80 106 112
3 83 114 108
3 45 60 117
3 108 117 82
3 90 106 117
3 98 114 112
3 3 69 12
3 15 3 26
5 15 3 69 110 118
3 3 89 83
3 50 70 26
3 50 52 61
5 70 50 52 113 117
3 83 50 84
3 12 61 19
5 69 12 19 118 106
3 84 98 12
5 26 15 113 110 70
3 26 102 98
5 61 52 106 117 19
3 89 102 61
3 52 106 69
3 70 69 110
3 52 113 15
5 83 84 98 102 89
3 83 113 110
3 19 70 117
3 19 118 15
3 89 118 106
3 84 117 106
3 98 110 118
3 102 117 113
3 18 4 23
3 14 66 4
5 4 66 107 118 18
3 81 4 94
3 23 51 30
3 30 31 49
5 31 116 113 51 30
3 30 85 81
5 23 18 116 107 51
3 23 102 89
3 15 49 14
5 15 14 66 111 118
3 85 89 14
5 31 49 15 113 111
3 49 94 102
3 66 107 51
3 66 111 31
3 15 51 113
3 31 116 18
3 15 118 18
5 89 85 81 94 102
3 107 116 81
3 111 113 85
3 107 118 89
3 111 118 94
3 113 116 102
3 63 73 41
3 41 72 42
3 44 53 41
3 37 48 5
5 37 5 101 119 75
3 37 75 73
3 44 88 37
5 76 48 5 100 119
3 42 5 100
3 63 101 5
5 101 63 73 75 114
3 92 73 108
3 72 76 48
3 48 53 92
5 76 72 42 100 115
3 88 108 72
3 75 42 114
5 53 44 88 108 92
3 101 44 114
3 76 63 115
3 53 115 100
3 76 119 75
3 88 100 119
3 101 119 92
3 108 114 115
3 39 25 55
5 55 25 97 119 74
3 55 74 69
3 59 76 55
3 65 67 72
3 70 65 69
3 60 65 59
5 39 88 119 91 25
3 67 91 25
3 25 97 70
3 39 72 88
3 60 39 103
5 67 72 88 117 91
3 72 106 76
5 69 74 111 97 70
3 69 103 106
3 74 67 111
5 59 60 103 106 76
3 59 97 111
3 70 117 88
3 91 117 60
3 74 119 88
3 91 119 76
3 103 97 119
3 111 117 106
3 21 68 73
3 31 66 21
3 32 58 21
3 22 55 25
3 66 55 74
3 55 75 58
5 22 25 96 119 92
3 73 22 92
3 32 22 93
3 68 96 25
3 25 97 31
5 68 73 92 116 96
3 75 73 107
3 74 68 110
5 31 97 110 74 66
3 66 93 107
5 32 93 107 75 58
3 58 97 110
3 31 116 92
3 96 116 32
3 92 119 74
3 96 119 75
3 93 119 97
3 107 110 116
3 4 59 8
3 17 40 4
5 4 59 112 118 17
3 81 95 4
3 19 49 8
5 59 8 19 118 111
3 82 8 98
3 40 60 62
3 62 49 64
5 64 115 117 60 62
3 81 62 82
5 40 60 112 115 17
3 98 102 40
5 49 64 111 117 19
3 95 49 102
3 59 111 64
3 60 112 59
3 17 64 115
3 60 117 19
5 82 98 102 95 81
3 112 115 81
3 19 17 118
3 111 117 82
3 95 118 111
3 112 118 98
3 102 117 115
3 39 9 37
5 9 37 74 119 104
3 37 68 74
3 44 37 86
3 68 50 70
3 52 72 50
3 45 50 44
5 39 9 100 119 78
3 72 78 39
3 45 96 39
3 9 100 52
3 70 9 104
5 68 74 113 104 70
3 96 108 68
5 72 52 100 117 78
3 86 108 72
3 74 52 113
5 45 44 86 108 96
3 44 113 104
3 70 117 78
3 78 74 119
3 100 117 45
3 86 119 100
3 96 104 119
3 108 117 113
3 8 58 12
3 8 26 18
5 58 8 18 118 110
3 8 82 94
3 26 43 28
3 28 40 32
5 28 32 116 114 43
3 28 84 82
3 16 12 40
5 16 12 58 112 118
3 84 90 12
5 18 26 43 110 116
3 26 90 102
5 40 16 114 112 32
3 94 102 40
3 58 43 110
3 58 112 32
3 16 114 43
3 18 116 32
3 18 118 16
5 82 94 102 90 84
3 82 116 110
3 84 114 112
3 90 110 118
3 112 118 94
3 114 116 102
3 30 73 51
3 30 67 31
3 30 33 53
3 22 77 73
3 6 48 22
5 22 6 101 119 77
3 33 22 91
5 73 51 101 116 77
3 73 108 86
5 48 6 105 119 74
3 48 67 74
3 48 86 53
3 6 101 51
3 31 105 6
5 31 67 74 113 105
3 91 108 67
3 74 113 51
3 31 116 77
5 53 33 91 108 86
3 101 33 116
3 105 113 53
3 74 119 77
3 86 101 119
3 105 119 91
3 108 116 113
3 69 71 3
3 15 51 3
3 3 43 16
3 5 9 37
3 37 51 74
3 37 75 43
5 9 5 99 119 103
3 71 99 5
3 16 5 101
3 69 103 9
3 15 104 9
5 69 103 118 99 71
3 71 107 75
3 69 110 74
5 51 15 104 110 74
3 101 107 51
5 16 43 75 107 101
3 104 110 43
3 99 118 15
3 16 118 103
3 74 119 99
3 103 119 75
3 104 119 101
3 107 110 118
3 26 44 23
3 33 40 23
5 33 116 114 44 23
3 23 89 95
3 34 49 26
5 26 34 116 113 44
3 90 98 26
3 40 45 61
3 53 61 49
5 45 61 53 115 117
3 89 61 90
5 45 114 115 33 40
3 94 40 98
5 53 113 117 34 49
3 94 49 95
3 44 113 53
3 45 114 44
3 33 53 115
3 34 116 33
3 45 117 34
5 95 89 90 98 94
3 114 115 89
3 113 117 90
3 95 116 113
3 115 117 94
3 98 114 116
3 22 25 13
5 13 109 119 76 22
3 22 76 57
3 33 92 22
3 60 62 57
3 62 67 64
3 34 62 33
5 13 25 78 119 105
3 25 78 67
3 34 96 25
3 13 105 64
3 60 109 13
5 57 60 109 115 76
3 57 108 96
5 64 67 78 117 105
3 92 67 108
3 64 115 76
5 92 33 34 96 108
3 33 109 115
3 60 117 78
3 34 117 105
3 78 76 119
3 92 119 105
3 109 119 96
3 115 117 108
3 28 68 43
3 32 28 57
3 34 45 28
3 25 39 10
3 25 77 68
5 25 10 104 119 77
3 25 34 91
5 75 39 10 109 119
3 57 75 39
3 39 45 88
5 43 68 77 116 104
3 68 108 88
3 10 43 104
3 32 109 10
5 32 57 75 114 109
3 57 91 108
3 75 114 43
3 77 116 32
5 45 88 108 91 34
3 34 116 104
3 45 114 109
3 75 119 77
3 88 119 104
3 109 119 91
3 108 114 116
3 66 71 14
3 14 52 15
3 14 64 17
3 5 48 6
5 5 6 93 119 87
3 5 87 71
3 17 5 100
3 52 74 48
3 48 64 76
3 66 93 6
3 15 105 6
5 66 93 118 87 71
3 71 106 76
3 74 66 111
5 52 15 105 111 74
3 100 106 52
5 64 17 100 106 76
3 105 111 64
3 15 118 87
3 93 118 17
3 87 119 74
3 76 119 93
3 100 105 119
3 106 118 111
3 59 66 4
3 4 63 17
3 18 32 4
3 13 22 6
3 22 76 63
3 22 32 77
5 6 13 97 119 99
3 6 99 66
3 6 101 18
3 13 97 59
3 17 13 109
5 66 59 97 118 99
3 66 77 107
3 59 112 76
5 63 76 112 109 17
3 101 107 63
5 32 77 107 101 18
3 109 112 32
3 17 118 99
3 99 76 119
3 97 118 18
3 77 119 97
3 101 119 109
3 112 118 107
3 73 68 83
3 57 81 73
5 73 83 114 116 81
3 73 92 86
3 67 82 68
5 82 116 113 83 68
3 68 96 88
3 57 84 72
3 67 72 85
5 85 115 117 84 72
3 86 72 88
5 81 57 84 114 115
3 91 96 57
5 82 67 85 113 117
3 92 67 91
3 85 113 83
3 83 84 114
3 81 115 85
3 81 82 116
3 82 117 84
5 88 96 91 92 86
3 114 115 86
3 88 117 113
3 92 116 113
3 91 117 115
3 96 116 114
3 5 9 29
5 5 29 109 119 86
3 5 42 86
3 17 99 5
3 45 42 61
3 53 52 61
3 17 19 61
5 29 9 88 119 105
3 9 52 88
3 9 19 103
3 53 105 29
3 45 109 29
5 45 42 86 115 109
3 42 106 103
5 53 105 117 88 52
3 99 106 52
3 86 53 115
5 19 103 106 99 17
3 109 115 17
3 88 117 45
3 19 105 117
3 88 119 86
3 105 119 99
3 103 119 109
3 115 117 106
3 58 69 12
3 16 42 12
3 12 19 60
3 10 9 39
3 39 42 75
3 60 78 39
3 69 87 9
5 9 87 119 97 10
3 9 100 19
5 87 69 58 97 118
3 69 78 106
3 58 97 10
3 16 109 10
3 58 75 112
5 42 16 109 112 75
3 42 106 100
5 19 100 106 78 60
3 109 112 60
3 87 118 16
3 19 97 118
3 75 119 87
3 78 119 97
3 100 119 109
3 112 118 106
3 59 8 58
3 18 31 8
3 8 70 19
3 10 13 25
3 25 31 77
3 70 78 25
5 10 103 119 93 13
3 13 59 93
3 13 105 19
3 58 103 10
3 10 104 18
5 58 103 118 93 59
3 59 111 78
3 58 77 110
5 77 31 18 104 110
3 31 111 105
5 19 70 78 111 105
3 104 110 70
3 19 118 103
3 18 118 93
3 78 103 119
3 77 119 93
3 105 119 104
3 111 118 110
3 23 51 44
3 33 23 63
3 16 23 18
3 6 29 5
3 63 86 5
3 5 87 16
5 6 29 104 119 92
3 51 92 6
3 6 18 93
3 44 104 29
3 29 109 33
5 92 51 44 104 116
3 87 107 51
3 86 114 44
5 33 63 86 114 109
3 93 107 63
3 33 116 92
5 18 16 87 107 93
3 16 114 109
3 18 104 116
3 86 119 92
3 104 119 87
3 93 119 109
3 114 116 107
3 71 80 69
3 71 42 89
5 80 112 118 89 71
3 71 76 99
3 42 84 72
3 72 85 52
3 78 72 76
3 69 52 90
5 90 69 80 111 118
3 78 69 103
5 84 112 115 89 42
3 100 103 42
5 85 52 90 117 111
3 100 52 99
3 85 111 80
3 80 112 84
3 89 85 115
3 90 118 89
5 78 103 100 99 76
3 112 115 76
3 84 117 90
3 78 111 117
3 99 118 111
3 100 117 115
3 103 112 118
3 6 13 29
3 6 31 92
3 6 99 15
3 31 49 34
3 49 64 53
3 19 49 15
5 91 13 29 100 119
3 13 64 91
3 19 97 13
3 29 100 53
3 29 104 34
5 34 31 92 113 104
3 31 111 97
5 91 64 53 100 117
3 99 64 111
5 19 15 99 111 97
3 104 113 15
3 92 113 53
3 91 117 34
3 19 100 117
3 92 119 91
3 99 119 100
3 104 119 97
3 113 117 111
3 44 43 26
3 26 34 70
3 18 15 26
3 9 29 10
3 9 88 70
3 9 15 87
5 10 29 101 119 96
3 10 43 96
3 18 97 10
3 44 101 29
3 34 105 29
5 43 44 101 116 96
3 88 113 44
3 43 110 87
5 70 34 105 113 88
3 70 97 110
5 15 18 97 110 87
3 15 113 105
3 96 116 34
3 101 18 116
3 96 119 88
3 87 101 119
3 97 119 105
3 113 116 110
3 51 83 73
3 73 81 63
3 77 73 75
3 71 80 66
3 63 89 71
3 75 87 71
3 66 51 95
5 80 66 95 118 110
3 66 93 77
5 95 51 83 110 116
3 87 101 51
3 83 110 80
3 81 112 80
5 81 112 114 89 63
3 63 101 93
3 89 114 83
3 81 95 116
3 89 95 118
5 77 75 87 101 93
3 75 114 112
3 110 116 77
3 110 118 87
3 112 118 93
3 101 116 114
3 66 80 59
3 31 95 66
3 74 99 66
3 31 67 82
3 67 64 85
3 74 67 78
5 80 106 118 94 59
3 59 64 94
3 78 59 97
3 80 106 85
3 80 82 110
5 82 110 113 95 31
3 97 105 31
5 64 94 117 106 85
3 64 105 99
5 99 74 78 97 105
3 74 113 110
3 85 113 95
3 82 117 94
3 94 118 95
3 78 117 106
3 106 118 99
3 110 118 97
3 113 117 105
3 33 40 32
3 40 45 60
3 16 17 40
3 10 13 29
3 60 91 13
3 13 93 17
3 10 32 96
3 10 16 103
3 29 101 33
3 29 100 45
5 33 32 96 114 101
3 33 91 115
3 93 112 32
5 60 45 100 115 91
3 60 103 112
5 17 93 112 103 16
3 17 115 100
3 101 114 16
3 96 114 45
3 96 119 91
3 93 119 101
3 100 119 103
3 115 114 112
3 43 68 83
3 68 82 70
3 77 74 68
3 58 80 69
3 69 90 70
3 74 87 69
5 80 58 98 118 107
3 43 98 58
3 58 97 77
3 83 107 80
3 80 82 111
5 83 107 116 98 43
3 87 104 43
3 83 113 90
5 70 82 111 113 90
3 70 97 104
5 74 77 97 104 87
3 111 113 74
3 82 116 98
3 90 118 98
3 107 116 77
3 87 107 118
3 97 111 118
3 104 116 113
3 57 81 32
3 60 84 57
3 76 57 75
3 58 80 59
3 59 94 60
3 59 93 76
3 32 98 58
3 58 103 75
3 80 107 81
3 80 84 106
5 98 32 81 107 114
3 93 109 32
5 60 84 106 115 94
3 60 109 103
3 81 94 115
5 76 93 109 103 75
3 76 106 115
3 75 114 107
3 84 114 98
3 94 98 118
3 107 118 93
3 103 118 106
3 115 114 109
3 44 83 51
3 51 95 15
3 74 92 51
3 52 90 15
3 52 53 85
3 74 88 52
5 44 83 108 116 102
3 53 102 44
3 88 44 104
3 83 108 85
3 90 110 83
5 15 90 110 111 95
3 15 104 105
5 85 53 102 117 108
3 92 53 105
5 92 74 88 104 105
3 74 111 110
3 95 111 85
3 90 117 102
3 95 116 102
3 108 117 88
3 92 116 108
3 111 117 105
3 110 116 104
3 16 42 89
3 42 84 45
3 75 86 42
3 44 83 43
3 44 45 102
3 86 101 44
3 43 16 98
3 75 96 43
3 89 107 83
3 84 108 83
5 89 16 98 112 107
3 101 109 16
5 84 45 102 115 108
3 45 109 96
3 102 115 89
5 96 75 86 101 109
3 75 107 112
3 84 112 98
3 86 115 108
3 98 116 102
3 96 116 108
3 107 116 101
3 115 112 109
3 33 81 63
3 63 17 89
3 63 86 76
3 64 53 85
3 64 94 17
3 76 91 64
3 33 102 53
5 33 81 108 114 102
3 33 109 91
3 53 100 86
3 81 85 108
3 81 112 94
5 94 112 106 89 17
3 100 109 17
3 89 106 85
3 89 114 102
5 91 109 100 86 76
3 76 112 106
3 86 114 108
3 102 117 94
3 108 117 91
3 100 106 117
3 112 114 109
3 34 82 31
3 18 31 95
3 31 92 77
3 32 81 33
3 34 102 33
3 33 101 92
3 18 32 98
3 32 96 77
3 81 82 108
3 95 107 81
5 82 108 113 102 34
3 96 104 34
3 98 110 82
5 95 18 98 110 107
3 18 101 104
3 95 113 102
5 92 101 104 96 77
3 77 110 107
3 98 114 102
3 92 108 113
3 108 114 96
3 107 114 101
3 104 113 110
3 70 34 82
3 70 19 90
3 78 88 70
3 60 45 84
3 60 94 19
3 60 91 78
3 45 102 34
3 34 91 105
3 88 100 45
3 84 108 82
3 94 111 82
5 19 90 106 111 94
3 19 105 100
3 84 106 90
3 102 113 90
5 91 105 100 88 78
3 78 106 111
3 102 115 94
3 108 113 88
3 91 115 108
3 100 106 115
3 105 111 113
3 19 90 15
3 18 95 15
3 87 99 15
3 17 89 16
3 17 19 94
3 17 99 93
3 16 98 18
3 16 87 103
3 89 90 106
3 95 107 89
3 19 103 97
3 93 97 18
3 90 98 110
3 94 111 95
3 94 112 98
5 87 99 93 97 103
3 107 110 87
3 99 111 106
3 107 112 93
3 103 106 112
3 97 110 111
3 78 88 74
3 77 74 92
3 74 99 87
3 76 86 75
3 76 78 91
3 93 76 99
3 77 75 96
3 87 103 75
3 88 100 86
3 86 92 101
3 78 103 97
3 77 93 97
3 88 96 104
3 92 91 105
3 101 104 87
3 91 96 109
3 99 100 105
3 93 101 109
3 100 109 103
3 97 105 104
4 0 1 9 5
4 35 0 5 29
4 35 1 9 29
4 1 7 13 10
4 1 10 29 24
4 7 24 29 13
4 11 7 6 5
4 7 6 29 47
4 11 47 29 5
4 11 9 10 2
4 2 38 29 10
4 38 11 9 29
4 0 2 13 6
4 6 29 20 0
4 13 29 20 2
4 0 22 25 1
4 0 54 13 22
4 54 1 25 13
4 27 22 6 24
4 6 13 47 24
4 27 22 13 47
4 20 27 25 10
4 13 38 20 10
4 27 25 13 38
4 0 2 39 37
4 37 9 54 0
4 9 39 2 54
4 38 5 37 27
4 27 47 9 37
4 5 9 47 38
4 10 9 24 35
4 24 27 39 9
4 35 10 39 27
4 7 1 37 48
4 5 54 1 37
4 48 5 54 7
4 5 20 35 6
4 20 5 48 27
4 35 27 48 6
4 0 55 39 20
4 55 0 35 25
4 20 35 25 39
4 11 38 22 55
4 11 55 25 47
4 22 38 47 25
4 11 7 25 39
4 10 54 7 25
4 10 54 11 39
4 11 2 22 48
4 22 2 54 6
4 11 48 6 54
4 1 55 48 24
4 1 55 22 35
4 22 35 24 48
4 7 24 37 55
4 47 39 55 7
4 37 24 47 39
4 37 20 2 55
4 2 55 48 38
4 20 37 48 38
4 69 1 0 71
4 0 71 80 21
4 21 80 69 1
4 1 58 59 7
4 46 1 58 80
4 7 46 80 59
4 71 11 7 66
4 65 80 66 7
4 11 65 80 71
4 2 58 69 11
4 58 2 56 80
4 11 56 80 69
4 0 66 59 2
4 36 80 66 0
4 2 59 80 36
4 1 8 4 0
4 4 59 55 0
4 55 1 8 59
4 46 79 4 66
4 65 59 66 46
4 59 4 79 65
4 36 79 8 58
4 36 56 59 58
4 59 56 79 8
4 2 12 3 0
4 0 55 69 3
4 12 69 55 2
4 71 56 79 3
4 69 65 79 3
4 56 71 69 65
4 21 46 69 58
4 46 79 12 69
4 58 21 79 12
4 7 14 3 1
4 1 3 71 55
4 14 71 55 7
4 21 36 71 66
4 71 36 79 14
4 66 14 79 21
4 0 36 12 54
4 54 0 21 8
4 12 8 21 36
4 11 56 4 54
4 11 65 8 54
4 8 4 56 65
4 11 12 8 7
4 7 55 58 8
4 12 58 55 11
4 11 14 4 2
4 2 55 66 4
4 14 66 55 11
4 46 14 54 1
4 1 54 4 21
4 14 4 21 46
4 46 3 54 7
4 12 65 7 54
4 12 65 46 3
4 2 54 3 36
4 2 54 14 56
4 3 36 56 14
4 0 73 68 1
4 3 0 73 83
4 3 1 68 83
4 24 44 43 1
4 43 1 46 83
4 24 46 83 44
4 73 27 24 51
4 50 83 51 24
4 27 73 83 50
4 68 27 20 43
4 41 83 43 20
4 83 41 27 68
4 0 51 44 20
4 36 83 51 0
4 20 44 83 36
4 1 26 23 0
4 23 44 37 0
4 44 26 1 37
4 51 46 79 23
4 46 51 44 50
4 44 50 79 23
4 43 36 79 26
4 36 43 44 41
4 41 79 26 44
4 0 20 28 21
4 21 0 37 68
4 68 28 20 37
4 21 73 41 79
4 68 50 79 21
4 41 50 68 73
4 68 46 79 28
4 3 43 68 46
4 43 3 79 28
4 24 1 21 30
4 21 1 37 73
4 24 30 73 37
4 73 30 79 36
4 3 51 73 36
4 51 30 79 3
4 0 36 28 35
4 35 0 3 26
4 28 26 3 36
4 27 41 23 35
4 35 26 50 27
4 26 23 41 50
4 24 27 28 26
4 43 26 24 37
4 27 28 43 37
4 20 23 30 27
4 23 51 37 20
4 27 30 51 37
4 1 35 30 46
4 35 1 3 23
4 30 46 3 23
4 35 24 46 21
4 35 28 50 24
4 21 46 50 28
4 36 21 35 20
4 35 20 41 30
4 36 21 30 41
4 0 73 57 2
4 0 73 81 4
4 2 57 81 4
4 32 2 38 33
4 32 2 56 81
4 56 81 33 38
4 38 63 73 27
4 73 27 62 81
4 62 81 63 38
4 27 57 32 35
4 30 35 32 81
4 30 27 57 81
4 35 33 63 0
4 63 0 21 81
4 21 81 33 35
4 2 40 23 0
4 22 0 23 33
4 2 22 33 40
4 56 79 23 63
4 62 33 23 79
4 56 62 33 63
4 32 40 79 21
4 30 33 32 21
4 30 33 40 79
4 0 36 57 22
4 22 35 28 57
4 36 79 62 57
4 62 30 73 57
4 28 57 56 79
4 32 4 79 28
4 4 32 57 56
4 36 2 38 41
4 36 73 22 2
4 41 73 22 38
4 21 73 63 4
4 41 79 4 63
4 0 20 40 4
4 21 4 40 28
4 20 40 62 27
4 23 40 62 30
4 27 38 40 28
4 22 32 28 27
4 32 40 38 22
4 22 35 23 63
4 27 22 63 41
4 20 41 56 2
4 4 23 20 2
4 4 23 41 56
4 20 38 56 36
4 20 28 62 38
4 36 56 62 28
4 1 68 67 7
4 8 82 68 1
4 8 82 67 7
4 67 27 35 31
4 28 35 31 82
4 28 82 67 27
4 47 34 31 7
4 7 31 82 65
4 65 47 34 82
4 47 70 68 27
4 27 68 82 62
4 62 82 70 47
4 34 35 1 70
4 21 82 70 1
4 35 34 82 21
4 1 7 49 26
4 1 25 34 26
4 25 7 49 34
4 21 31 49 79
4 28 34 31 21
4 34 49 79 28
4 70 65 79 26
4 26 79 62 34
4 62 34 70 65
4 1 46 67 25
4 25 35 30 67
4 67 46 79 62
4 28 68 67 62
4 67 30 79 65
4 31 30 79 8
4 8 65 67 31
4 35 26 70 25
4 27 25 70 50
4 21 68 70 8
4 70 8 79 50
4 46 50 47 7
4 46 68 25 7
4 50 68 25 47
4 24 1 8 49
4 30 49 8 21
4 27 62 49 24
4 28 62 49 26
4 47 27 30 49
4 27 25 31 30
4 31 49 47 25
4 7 24 50 65
4 7 24 26 8
4 26 8 65 50
4 46 24 47 65
4 24 47 62 30
4 46 65 62 30
4 20 42 71 0
4 23 0 71 89
4 20 42 89 23
4 17 38 20 16
4 16 20 41 89
4 41 38 17 89
4 71 11 38 63
4 11 61 89 71
4 61 38 63 89
4 11 42 16 54
4 14 11 42 89
4 14 89 16 54
4 17 54 0 63
4 0 63 89 3
4 3 54 17 89
4 0 5 17 4
4 17 40 20 5
4 4 79 61 17
4 41 61 17 63
4 16 40 79 3
4 17 40 79 14
4 3 16 17 14
4 5 42 36 0
4 12 42 5 54
4 42 36 79 61
4 14 71 42 61
4 42 12 79 41
4 16 12 79 23
4 41 42 16 23
4 20 5 71 36
4 38 5 71 56
4 3 71 63 23
4 23 3 12 40
4 11 2 40 61
4 4 40 61 14
4 12 40 38 11
4 5 11 12 16
4 5 16 40 38
4 11 56 63 5
4 63 4 54 5
4 12 61 38 2
4 41 61 12 36
4 57 2 11 72
4 12 2 57 84
4 12 11 72 84
4 72 27 20 42
4 20 28 84 42
4 84 28 27 72
4 47 60 57 27
4 84 50 27 57
4 47 60 84 50
4 11 42 45 47
4 42 11 65 84
4 65 47 45 84
4 20 45 60 2
4 84 36 2 60
4 20 45 84 36
4 39 2 40 45
4 11 39 45 61
4 36 42 45 28
4 28 79 61 45
4 60 40 79 65
4 45 50 79 40
4 65 60 45 50
4 39 20 40 60
4 39 60 62 27
4 12 60 57 36
4 12 60 62 79
4 39 72 56 2
4 39 72 41 20
4 72 56 79 50
4 50 72 57 28
4 72 65 79 41
4 65 72 42 12
4 47 11 56 62
4 11 56 57 39
4 57 62 47 39
4 27 38 61 50
4 28 50 61 40
4 27 47 61 41
4 27 41 42 39
4 39 47 61 42
4 38 11 65 62
4 40 12 65 62
4 56 65 47 38
4 41 50 47 38
4 56 65 50 41
4 1 69 52 24
4 1 26 90 69
4 26 24 52 90
4 52 11 54 15
4 90 12 11 52
4 12 90 15 54
4 69 11 47 70
4 11 69 90 61
4 61 47 70 90
4 15 24 47 19
4 90 50 24 15
4 50 90 19 47
4 1 70 19 54
4 90 3 1 70
4 3 90 19 54
4 1 9 19 8
4 9 24 49 19
4 3 15 49 79
4 19 49 79 12
4 3 12 19 15
4 8 79 61 19
4 50 70 19 61
4 46 1 9 52
4 9 54 14 52
4 52 61 79 46
4 61 12 69 52
4 50 52 14 79
4 15 14 79 26
4 26 50 52 15
4 9 11 65 70
4 8 70 9 54
4 3 69 70 26
4 11 47 49 14
4 14 11 9 15
4 9 15 49 47
4 24 9 69 46
4 47 65 69 9
4 49 14 3 26
4 11 61 49 7
4 8 12 61 49
4 7 47 61 14
4 46 14 61 50
4 35 31 66 0
4 0 23 95 66
4 35 31 95 23
4 51 0 54 15
4 0 4 95 51
4 54 15 95 4
4 18 35 24 15
4 30 95 15 24
4 35 18 95 30
4 51 24 7 66
4 49 95 66 7
4 49 95 51 24
4 18 54 7 31
4 7 31 95 14
4 14 54 18 95
4 3 15 6 0
4 35 6 15 26
4 30 51 15 49
4 4 79 26 18
4 4 14 15 18
4 0 6 31 21
4 31 8 54 6
4 14 49 31 66
4 18 23 79 8
4 23 18 31 30
4 6 66 46 24
4 35 6 66 21
4 23 51 66 4
4 4 23 26 8
4 7 6 18 8
4 18 26 24 6
4 46 7 6 51
4 6 51 3 54
4 5 86 73 0
4 42 86 73 36
4 36 75 76 56
4 36 75 86 41
4 41 56 76 86
4 5 86 72 11
4 72 56 63 86
4 55 75 42 11
4 86 48 11 42
4 55 48 86 75
4 0 63 76 55
4 86 37 0 63
4 37 86 76 55
4 22 76 71 0
4 36 57 76 71
4 27 72 76 22
4 41 63 76 72
4 27 57 75 37
4 48 76 57 27
4 37 48 76 75
4 42 71 55 39
4 5 48 72 42
4 39 27 73 75
4 41 73 75 42
4 37 73 63 5
4 37 73 57 39
4 22 48 72 57
4 39 75 71 11
4 57 75 71 56
4 55 22 63 71
4 67 7 11 72
4 7 14 85 67
4 11 14 85 72
4 72 27 24 52
4 30 24 52 85
4 30 85 72 27
4 64 38 27 67
4 27 67 85 41
4 41 85 64 38
4 53 38 11 52
4 52 11 56 85
4 56 85 53 38
4 64 7 24 53
4 85 46 7 64
4 85 46 24 53
4 48 53 49 7
4 48 11 61 53
4 46 52 53 30
4 53 30 79 61
4 56 64 49 79
4 53 41 79 49
4 56 41 53 64
4 48 64 49 24
4 62 27 48 64
4 14 46 67 64
4 14 64 62 79
4 27 50 52 48
4 38 48 52 61
4 14 52 72 56
4 48 72 65 7
4 48 24 50 72
4 41 72 67 30
4 11 48 67 65
4 67 62 38 48
4 49 61 41 30
4 49 62 56 14
4 59 2 38 64
4 40 94 59 2
4 38 40 94 64
4 47 60 59 7
4 49 94 59 7
4 49 47 60 94
4 17 54 7 64
4 7 64 94 8
4 8 94 17 54
4 47 19 17 38
4 62 94 17 38
4 19 47 62 94
4 54 19 60 2
4 94 4 2 60
4 4 54 19 94
4 12 2 13 19
4 13 19 61 38
4 8 19 17 4
4 49 62 60 19
4 7 14 17 13
4 47 13 17 61
4 40 17 64 62
4 13 64 56 2
4 13 64 14 54
4 49 8 59 64
4 7 13 60 65
4 54 12 60 13
4 4 40 60 59
4 56 38 13 59
4 13 47 65 59
4 9 1 68 88
4 46 68 88 52
4 11 52 74 55
4 39 11 52 88
4 39 55 74 88
4 11 9 88 72
4 70 88 72 65
4 74 46 65 78
4 50 88 74 46
4 65 78 88 50
4 1 70 78 55
4 1 70 88 37
4 37 88 78 55
4 25 78 69 1
4 67 78 69 46
4 74 37 27 67
4 78 39 27 67
4 37 74 78 39
4 78 25 27 72
4 50 72 78 70
4 48 55 69 52
4 9 39 72 52
4 48 27 68 74
4 68 50 52 74
4 55 25 70 69
4 37 9 70 68
4 11 48 74 69
4 67 74 69 65
4 37 48 67 68
4 67 72 39 25
4 35 32 58 1
4 1 58 98 26
4 35 26 98 32
4 2 58 43 20
4 2 58 98 40
4 40 98 43 20
4 54 16 43 1
4 1 8 98 43
4 54 16 98 8
4 18 54 2 32
4 12 98 32 2
4 54 18 98 12
4 18 35 20 16
4 20 28 98 16
4 98 28 35 18
4 1 10 16 3
4 10 35 23 16
4 40 28 43 16
4 12 8 18 16
4 2 4 18 10
4 23 18 10 20
4 26 28 32 18
4 1 10 32 21
4 54 10 32 4
4 12 40 32 58
4 2 36 43 10
4 10 43 3 54
4 26 8 58 43
4 10 58 36 20
4 10 35 21 58
4 0 6 92 73
4 31 92 73 21
4 74 55 0 51
4 0 22 92 51
4 22 55 74 92
4 46 74 77 21
4 92 30 46 74
4 92 30 21 77
4 7 6 92 67
4 51 92 67 46
4 55 77 31 7
4 48 7 31 92
4 55 77 92 48
4 37 0 66 74
4 21 68 74 66
4 30 51 74 67
4 22 27 68 77
4 48 22 77 74
4 25 55 66 31
4 31 67 48 6
4 25 77 73 27
4 31 77 73 30
4 22 6 51 73
4 25 77 66 7
4 46 66 77 68
4 25 22 73 68
4 51 66 55 37
4 38 53 44 20
4 40 20 44 102
4 38 40 102 53
4 47 45 44 24
4 44 24 49 102
4 49 47 45 102
4 24 53 33 35
4 24 26 102 53
4 26 35 33 102
4 47 34 33 38
4 38 61 102 33
4 47 34 102 61
4 20 45 34 35
4 23 102 45 20
4 35 23 102 34
4 28 34 29 20
4 34 62 38 29
4 23 26 34 33
4 49 34 45 61
4 30 33 29 24
4 47 29 33 62
4 40 61 53 33
4 29 45 50 24
4 28 35 29 45
4 23 40 45 44
4 41 44 29 38
4 50 44 29 47
4 26 44 53 49
4 29 53 41 20
4 35 29 53 30
4 2 13 91 57
4 57 91 64 56
4 7 67 91 13
4 67 91 60 65
4 76 55 7 64
4 7 64 91 25
4 25 91 76 55
4 65 78 76 56
4 56 76 91 62
4 62 91 78 65
4 2 60 78 55
4 22 91 60 2
4 22 55 78 91
4 2 59 78 39
4 59 78 72 56
4 22 76 78 25
4 67 62 60 78
4 7 48 76 59
4 65 72 76 59
4 62 64 76 57
4 55 48 64 59
4 13 25 67 64
4 39 60 59 55
4 22 13 60 57
4 1 68 96 10
4 68 21 32 96
4 10 2 57 96
4 57 36 43 96
4 1 43 75 55
4 25 96 43 1
4 55 25 96 75
4 32 2 55 77
4 39 96 32 2
4 55 77 96 39
4 75 36 21 77
4 75 36 28 96
4 77 21 28 96
4 1 37 75 58
4 21 58 75 73
4 28 57 75 43
4 39 75 77 25
4 2 58 77 22
4 36 58 77 73
4 32 77 68 28
4 32 58 55 22
4 10 32 57 39
4 37 55 58 43
4 10 43 68 25
4 6 99 71 0
4 3 71 99 15
4 66 0 5 99
4 37 5 99 74
4 3 87 74 46
4 14 99 74 46
4 87 3 14 99
4 24 6 99 52
4 66 46 52 99
4 15 24 37 87
4 48 99 15 24
4 37 87 99 48
4 3 69 74 51
4 66 74 52 14
4 11 5 87 69
4 48 74 87 5
4 15 51 37 9
4 15 52 48 6
4 9 11 71 87
4 14 71 87 15
4 6 66 71 5
4 9 87 51 24
4 46 69 87 51
4 5 9 69 71
4 85 56 36 83
4 57 36 83 108
4 56 57 108 85
4 83 46 65 84
4 46 67 108 83
4 65 67 108 84
4 21 81 85 46
4 46 68 108 85
4 21 68 108 81
4 56 81 82 65
4 72 108 81 56
4 82 65 72 108
4 82 21 36 84
4 73 108 84 36
4 73 21 82 108
4 36 28 82 80
4 82 62 56 80
4 68 82 81 73
4 67 72 84 82
4 46 80 81 30
4 62 81 80 65
4 57 81 85 72
4 46 80 84 50
4 28 84 80 21
4 57 84 83 73
4 41 56 80 83
4 83 50 65 80
4 67 85 83 68
4 36 41 85 80
4 30 85 80 21
4 29 100 42 20
4 41 53 100 42
4 29 100 52 24
4 50 52 100 45
4 86 37 24 53
4 24 9 100 53
4 37 9 100 86
4 88 50 41 86
4 41 86 100 61
4 100 61 50 88
4 37 88 45 20
4 45 20 5 100
4 37 88 100 5
4 39 20 44 88
4 41 72 88 44
4 9 88 86 5
4 61 52 88 45
4 48 86 44 24
4 44 50 72 86
4 53 86 42 61
4 37 48 53 44
4 29 53 52 9
4 39 45 44 37
4 29 45 42 5
4 1 10 103 69
4 3 16 103 69
4 20 42 103 10
4 36 42 103 58
4 9 1 58 103
4 9 37 75 103
4 16 20 37 87
4 39 103 16 20
4 39 37 87 103
4 36 75 87 3
4 12 103 75 36
4 3 87 103 12
4 71 3 43 75
4 12 58 75 42
4 9 87 75 39
4 5 20 43 87
4 43 36 71 87
4 69 12 16 87
4 37 5 16 43
4 10 39 42 16
4 10 58 69 9
4 4 17 99 66
4 6 99 76 22
4 4 93 76 56
4 56 76 99 14
4 4 93 99 14
4 64 38 5 99
4 56 64 99 71
4 38 17 93 22
4 38 17 99 48
4 48 22 93 99
4 4 59 76 63
4 71 14 64 76
4 6 7 59 93
4 48 6 93 76
4 17 63 22 13
4 5 17 64 48
4 7 66 93 13
4 66 14 17 93
4 13 93 63 38
4 59 93 63 56
4 13 59 66 6
4 36 80 106 42
4 42 106 85 41
4 52 106 80 46
4 50 84 106 52
4 89 3 46 85
4 46 85 106 69
4 69 3 89 106
4 89 41 50 90
4 89 41 72 106
4 50 90 106 72
4 3 90 84 36
4 84 36 71 106
4 3 90 106 71
4 12 36 83 90
4 41 61 90 83
4 69 90 89 71
4 52 90 84 72
4 14 89 83 46
4 50 61 89 83
4 42 89 85 72
4 12 84 83 3
4 42 71 80 84
4 69 80 85 52
4 14 85 83 3
4 35 31 105 29
4 31 30 53 105
4 29 105 64 38
4 64 105 34 62
4 38 53 92 22
4 38 53 105 13
4 13 105 92 22
4 92 30 62 91
4 30 92 105 49
4 105 49 62 91
4 22 91 34 35
4 35 6 105 34
4 6 22 91 105
4 25 35 33 91
4 33 91 67 30
4 6 92 91 13
4 49 34 91 64
4 48 92 33 38
4 33 92 67 62
4 49 53 92 31
4 33 53 48 22
4 53 64 13 29
4 22 33 34 25
4 6 29 34 31
4 2 59 97 10
4 4 59 97 18
4 10 97 31 35
4 31 21 58 97
4 13 97 58 2
4 13 22 77 97
4 93 22 35 18
4 25 97 18 35
4 22 93 97 25
4 93 4 21 77
4 97 8 21 77
4 93 4 8 97
4 6 93 32 35
4 32 93 66 21
4 18 93 59 8
4 25 13 93 77
4 4 32 77 66
4 8 58 77 31
4 6 18 32 22
4 10 18 31 25
4 10 13 59 58
4 19 103 58 8
4 25 78 103 10
4 65 78 97 8
4 78 65 12 103
4 12 8 97 103
4 47 60 103 9
4 65 60 103 69
4 19 47 25 97
4 39 103 19 47
4 25 39 103 97
4 58 12 19 97
4 47 70 97 13
4 65 59 97 70
4 10 97 78 39
4 59 78 70 8
4 60 78 69 12
4 13 25 70 19
4 19 60 39 9
4 33 92 51 23
4 6 92 86 5
4 30 41 86 92
4 23 101 86 41
4 101 23 30 92
4 73 41 53 92
4 38 5 101 33
4 48 5 101 92
4 44 86 63 23
4 30 73 86 53
4 6 24 44 101
4 48 6 101 86
4 5 29 33 63
4 24 29 101 51
4 30 33 101 51
4 29 38 63 101
4 41 63 101 44
4 6 51 44 29
4 31 111 80 21
4 31 111 85 30
4 56 80 111 64
4 62 82 111 64
4 56 4 95 85
4 56 59 111 85
4 59 111 95 4
4 30 95 94 62
4 67 111 95 30
4 62 94 111 67
4 4 94 82 21
4 21 82 111 66
4 66 4 94 111
4 21 81 94 8
4 49 94 81 30
4 66 95 94 59
4 64 67 82 94
4 14 56 81 95
4 81 62 49 95
4 67 31 95 85
4 4 81 82 8
4 66 80 82 31
4 59 80 85 64
4 4 14 85 81
4 35 29 109 32
4 28 45 109 32
4 47 29 109 60
4 62 60 109 33
4 47 25 96 45
4 13 109 45 47
4 13 25 96 109
4 62 91 96 28
4 91 62 40 109
4 96 28 40 109
4 35 33 109 10
4 10 109 91 25
4 34 91 57 28
4 40 60 91 33
4 13 91 96 10
4 39 47 34 96
4 62 57 96 34
4 40 45 96 32
4 25 39 45 34
4 29 13 60 45
4 29 10 32 33
4 54 15 105 13
4 14 15 105 64
4 53 105 19 61
4 5 29 105 99
4 14 99 100 61
4 99 14 49 105
4 100 61 49 105
4 54 5 100 19
4 6 105 19 54
4 5 6 105 100
4 9 54 17 100
4 14 17 100 52
4 53 49 19 100
4 6 99 100 29
4 61 52 99 17
4 64 49 15 99
4 9 5 17 19
4 6 15 19 13
4 10 20 44 104
4 18 104 44 23
4 54 15 104 10
4 3 43 104 15
4 20 43 104 29
4 5 87 104 29
4 54 18 101 5
4 54 18 104 9
4 9 5 101 104
4 3 87 101 23
4 87 3 26 104
4 26 104 101 23
4 54 6 101 16
4 3 51 101 16
4 26 44 101 18
4 29 101 87 9
4 16 87 51 23
4 15 87 43 26
4 6 5 16 18
4 10 9 15 18
4 10 43 44 29
4 34 96 43 26
4 45 96 68 50
4 9 10 96 88
4 96 28 50 88
4 50 88 104 26
4 28 26 104 96
4 47 34 104 9
4 39 9 104 96
4 34 104 43 28
4 47 29 104 70
4 44 104 70 50
4 10 104 88 39
4 45 88 68 28
4 26 70 88 44
4 34 70 9 29
4 73 81 95 51
4 71 66 95 89
4 41 89 95 30
4 89 41 73 107
4 73 107 95 30
4 41 23 95 85
4 81 56 71 107
4 14 71 107 95
4 73 83 89 63
4 23 89 85 30
4 66 46 83 107
4 14 89 107 66
4 63 81 80 71
4 46 51 107 80
4 30 51 107 81
4 56 63 107 80
4 63 107 83 41
4 66 80 83 51
4 21 80 112 32
4 28 32 112 84
4 65 80 112 60
4 60 112 81 62
4 84 65 8 98
4 65 59 112 84
4 59 8 98 112
4 98 28 62 94
4 62 57 112 94
4 98 28 57 112
4 21 58 112 81
4 58 112 94 8
4 28 40 94 82
4 60 94 81 57
4 58 98 94 59
4 12 98 82 65
4 40 98 82 62
4 57 84 98 32
4 80 58 32 81
4 60 84 80 59
4 8 82 84 12
4 3 15 113 83
4 14 85 113 15
4 41 53 113 83
4 61 90 113 53
4 41 85 113 44
4 44 23 95 113
4 14 61 102 95
4 14 52 113 95
4 102 61 52 113
4 90 3 23 102
4 90 3 51 113
4 23 51 113 102
4 26 102 89 3
4 14 49 102 89
4 44 102 95 51
4 53 52 90 102
4 49 95 89 61
4 15 95 85 52
4 23 89 90 26
4 51 83 90 15
4 85 53 44 83
4 16 54 13 109
4 12 16 109 60
4 17 109 45 61
4 29 9 103 109
4 61 100 103 12
4 40 109 103 12
4 109 40 61 100
4 10 54 17 109
4 10 9 100 109
4 12 42 100 19
4 45 100 17 40
4 10 29 100 103
4 42 61 19 103
4 40 60 103 16
4 13 10 16 17
4 59 111 74 55
4 48 74 111 64
4 72 85 111 78
4 80 111 99 71
4 72 106 99 48
4 48 67 111 99
4 67 111 106 72
4 55 78 106 71
4 55 78 111 66
4 71 66 111 106
4 69 106 76 55
4 48 76 106 52
4 67 78 106 85
4 66 99 106 80
4 72 76 99 52
4 64 99 74 67
4 71 69 78 76
4 59 66 74 78
4 33 109 16 23
4 4 32 109 17
4 6 93 109 29
4 6 13 109 101
4 4 93 101 23
4 93 4 40 109
4 40 109 101 23
4 18 101 63 4
4 40 16 101 33
4 29 13 93 101
4 63 23 18 93
4 40 17 93 32
4 36 83 110 58
4 73 83 110 77
4 55 58 110 74
4 37 74 110 43
4 36 80 110 43
4 80 71 87 110
4 71 107 77 55
4 69 110 77 55
4 71 69 110 107
4 37 73 107 87
4 87 37 68 110
4 73 107 110 68
4 66 107 75 55
4 37 75 107 51
4 68 77 107 83
4 69 80 107 87
4 73 51 87 75
4 68 43 87 74
4 71 66 77 75
4 58 77 74 69
4 80 58 43 83
4 82 68 43 98
4 26 50 84 98
4 69 58 98 90
4 50 90 98 28
4 68 110 90 50
4 98 28 68 110
4 65 82 110 69
4 69 110 98 12
4 43 28 82 110
4 65 70 110 80
4 70 50 83 110
4 58 110 90 12
4 26 28 84 90
4 68 70 90 83
4 69 80 82 70
4 3 83 114 16
4 16 12 84 114
4 50 45 114 83
4 45 61 89 114
4 84 50 44 114
4 26 98 114 44
4 12 61 102 98
4 12 98 114 42
4 61 42 114 102
4 3 89 114 43
4 26 102 114 43
4 12 90 102 40
4 42 45 102 89
4 44 102 98 43
4 61 40 98 90
4 42 84 98 16
4 16 89 83 43
4 83 44 45 84
4 4 81 115 17
4 17 115 85 14
4 53 115 81 30
4 53 115 94 49
4 33 30 85 115
4 23 89 115 33
4 14 64 115 89
4 64 115 102 49
4 23 102 94 4
4 4 63 115 94
4 63 115 102 23
4 40 102 95 4
4 63 33 102 89
4 64 53 102 94
4 64 17 89 85
4 40 23 95 94
4 63 81 94 17
4 81 33 53 85
4 44 113 74 37
4 53 113 74 48
4 85 113 88 72
4 83 113 92 73
4 48 72 108 92
4 92 48 52 113
4 52 113 108 72
4 37 88 108 73
4 37 88 113 51
4 73 51 113 108
4 37 86 108 68
4 67 108 86 48
4 52 88 108 85
4 83 108 92 51
4 72 86 92 67
4 53 52 74 92
4 73 68 88 86
4 51 74 88 44
4 18 104 70 8
4 49 15 104 34
4 29 13 97 104
4 8 97 104 26
4 49 105 97 8
4 49 105 104 26
4 13 10 104 105
4 8 31 105 19
4 26 15 105 34
4 29 10 97 105
4 31 97 19 49
4 18 97 70 26
4 59 112 75 55
4 39 60 112 75
4 72 84 112 76
4 80 69 103 112
4 39 103 106 72
4 57 112 103 39
4 106 72 57 112
4 58 55 76 112
4 58 69 106 112
4 42 106 78 39
4 57 84 106 76
4 80 106 103 58
4 42 103 78 72
4 57 75 103 60
4 59 76 75 58
4 81 73 75 112
4 22 32 112 76
4 66 80 112 93
4 66 107 112 59
4 73 107 93 22
4 57 112 93 22
4 57 112 107 73
4 22 77 107 63
4 57 75 107 81
4 59 80 107 93
4 63 73 77 93
4 32 93 76 57
4 4 81 116 18
4 82 8 18 116
4 34 116 81 62
4 34 116 95 49
4 62 82 116 33
4 40 33 116 98
4 49 8 98 102
4 8 31 116 98
4 49 102 116 31
4 32 116 95 4
4 40 32 116 102
4 8 94 102 26
4 31 34 102 95
4 32 98 102 33
4 49 94 98 26
4 82 31 18 98
4 18 95 81 32
4 33 81 82 34
4 37 75 114 44
4 45 114 75 39
4 86 72 84 114
4 83 114 96 68
4 39 72 108 96
4 42 114 96 39
4 42 114 108 72
4 37 43 114 86
4 68 108 114 43
4 39 88 108 57
4 86 42 84 108
4 83 43 96 108
4 72 88 96 57
4 45 96 75 42
4 44 86 75 43
4 19 117 82 8
4 19 12 84 117
4 82 28 45 117
4 40 94 117 45
4 34 28 84 117
4 26 90 117 34
4 60 117 90 12
4 40 102 117 60
4 8 94 117 70
4 70 117 102 26
4 90 70 34 102
4 45 60 94 102
4 19 90 84 60
4 19 94 82 70
4 45 84 82 34
4 22 76 115 33
4 53 115 76 48
4 85 67 91 115
4 81 73 86 115
4 64 115 86 48
4 67 108 115 64
4 73 22 91 108
4 22 63 115 91
4 63 115 108 73
4 22 92 108 57
4 64 85 108 91
4 81 108 86 63
4 53 64 76 86
4 73 92 91 57
4 63 76 91 33
4 70 25 77 110
4 74 67 82 110
4 59 97 110 80
4 25 97 110 68
4 67 111 97 25
4 68 110 111 67
4 58 59 111 110
4 25 31 111 78
4 68 74 111 82
4 58 97 111 80
4 31 97 78 67
4 70 68 77 97
4 75 114 89 71
4 16 114 86 5
4 51 101 114 83
4 51 44 114 107
4 71 5 101 107
4 5 42 114 101
4 71 107 114 42
4 63 5 87 107
4 75 107 89 42
4 44 83 107 101
4 71 87 101 63
4 42 16 101 86
4 89 23 18 118
4 18 118 90 26
4 61 89 118 19
4 19 118 95 49
4 17 118 90 61
4 17 118 98 40
4 16 118 95 23
4 16 40 94 118
4 15 118 98 26
4 49 94 118 15
4 19 94 95 15
4 17 16 98 94
4 15 18 98 90
4 89 17 19 90
4 18 95 89 16
4 22 33 116 77
4 25 34 116 77
4 67 92 116 82
4 81 116 96 57
4 67 25 96 108
4 31 116 96 25
4 108 67 31 116
4 32 116 92 22
4 32 116 108 57
4 25 68 108 91
4 31 92 108 82
4 32 96 108 81
4 67 68 96 91
4 31 34 96 77
4 33 32 77 92
4 34 25 78 117
4 45 117 78 39
4 57 84 117 91
4 68 88 117 82
4 60 117 88 39
4 57 60 117 108
4 91 25 70 117
4 70 68 108 117
4 84 108 91 60
4 82 108 88 70
4 45 88 78 60
4 34 91 78 70
4 17 5 86 115
4 52 100 115 85
4 71 89 115 76
4 53 115 106 52
4 5 100 106 71
4 5 63 115 100
4 63 115 106 71
4 42 5 99 106
4 85 53 100 106
4 89 63 76 106
4 71 99 100 42
4 63 17 100 86
4 70 110 87 9
4 74 110 90 52
4 83 110 104 44
4 69 9 104 110
4 52 113 104 9
4 110 69 52 113
4 43 110 113 44
4 9 15 113 88
4 69 74 113 90
4 43 104 113 83
4 52 88 104 15
4 69 87 104 70
4 66 95 116 77
4 6 92 116 18
4 63 101 116 81
4 33 116 107 63
4 6 101 107 66
4 101 6 31 116
4 107 66 31 116
4 6 93 107 51
4 31 95 107 77
4 33 101 107 81
4 51 101 93 66
4 18 101 92 31
4 73 86 119 77
4 77 119 88 68
4 72 86 119 78
4 67 78 119 92
4 76 119 88 72
4 57 76 119 96
4 75 73 92 119
4 57 91 119 75
4 74 119 96 68
4 74 119 91 67
4 78 91 92 74
4 75 96 91 76
4 74 88 96 77
4 86 76 78 88
4 77 92 86 75
4 5 17 118 87
4 9 87 118 19
4 90 118 99 52
4 89 118 103 42
4 9 103 106 52
4 103 9 15 118
4 15 118 106 52
4 16 118 99 5
4 42 106 118 16
4 69 106 100 9
4 15 90 106 99
4 16 89 106 103
4 52 100 103 69
4 19 103 87 15
4 17 99 87 16
4 19 9 88 117
4 84 42 100 117
4 69 90 117 78
4 42 45 117 106
4 9 70 117 100
4 69 106 117 70
4 84 106 100 45
4 70 78 106 90
4 70 88 100 19
4 15 6 92 113
4 85 113 105 64
4 66 95 113 74
4 64 53 113 111
4 6 66 111 105
4 51 6 105 113
4 51 66 111 113
4 31 111 99 6
4 53 85 111 105
4 51 74 111 95
4 66 31 105 99
4 15 105 92 51
4 13 60 112 93
4 76 112 94 64
4 81 33 109 112
4 59 112 109 13
4 13 109 115 64
4 59 112 115 64
4 32 33 115 112
4 17 115 91 13
4 76 115 94 59
4 32 109 115 81
4 17 64 91 109
4 60 109 93 59
4 58 98 116 77
4 10 96 116 18
4 70 82 116 104
4 34 116 110 70
4 58 110 104 10
4 10 32 116 104
4 58 110 116 32
4 43 10 97 110
4 32 77 110 98
4 34 82 110 104
4 43 104 97 58
4 18 32 96 104
4 51 95 118 87
4 6 18 118 99
4 89 118 93 63
4 63 107 118 17
4 93 6 15 118
4 51 107 118 15
4 15 95 107 87
4 17 93 107 89
4 15 99 93 18
4 71 87 119 76
4 78 69 87 119
4 52 88 119 99
4 86 119 103 42
4 71 99 119 75
4 42 75 119 100
4 69 103 119 74
4 74 119 100 52
4 100 88 74 99
4 75 86 100 103
4 74 87 103 78
4 75 76 99 87
4 13 93 118 19
4 64 99 118 94
4 95 118 97 31
4 13 64 111 97
4 17 13 97 118
4 64 17 118 111
4 31 18 118 111
4 13 59 111 105
4 99 17 94 111
4 95 111 97 18
4 64 105 97 59
4 17 93 97 19
4 19 117 91 13
4 82 117 105 31
4 78 59 94 117
4 31 34 117 111
4 60 117 105 13
4 60 117 111 59
4 60 94 111 78
4 82 111 105 34
4 60 19 105 91
4 16 10 96 114
4 84 114 109 60
4 75 114 98 58
4 45 114 112 60
4 10 109 112 58
4 10 109 114 43
4 43 58 112 114
4 32 112 103 10
4 45 84 112 109
4 75 112 98 43
4 32 109 103 58
4 43 16 109 96
4 45 29 101 114
4 86 114 102 53
4 89 17 109 114
4 29 109 114 44
4 53 29 109 115
4 44 114 115 53
4 17 16 114 115
4 33 115 100 29
4 44 86 115 102
4 89 115 109 16
4 53 33 109 100
4 44 101 109 45
4 43 87 118 98
4 18 10 103 118
4 90 70 97 118
4 70 110 118 19
4 10 97 118 16
4 16 118 110 43
4 87 16 98 110
4 90 19 97 110
4 18 97 103 16
4 87 119 92 51
4 99 66 77 119
4 63 86 119 93
4 63 76 119 101
4 66 93 119 74
4 74 119 101 51
4 101 87 74 92
4 86 76 93 101
4 93 77 74 99
4 78 119 93 59
4 91 64 99 119
4 31 92 119 97
4 31 105 119 77
4 59 76 119 97
4 76 64 105 119
4 91 105 99 76
4 77 92 105 97
4 76 78 97 93
4 94 60 103 118
4 93 118 98 32
4 60 19 118 112
4 32 112 118 18
4 93 112 98 18
4 19 103 112 94
4 34 29 101 116
4 53 92 116 102
4 95 116 104 15
4 33 29 104 116
4 53 113 104 29
4 53 33 116 113
4 18 116 113 15
4 44 29 105 113
4 92 33 102 113
4 95 18 104 113
4 53 105 104 44
4 33 34 104 101
4 34 117 100 29
4 90 117 105 15
4 44 102 117 88
4 19 117 113 15
4 45 117 105 29
4 44 45 117 113
4 88 113 102 45
4 19 105 113 90
4 34 45 100 105
4 80 84 114 107
4 85 108 114 89
4 76 112 114 86
4 80 112 114 83
4 85 115 112 80
4 83 85 115 114
4 75 114 115 76
4 81 80 106 115
4 83 108 115 89
4 86 75 112 115
4 85 106 112 81
4 84 112 107 83
4 87 43 96 119
4 58 103 119 77
4 70 97 119 88
4 70 104 119 78
4 75 58 97 119
4 43 75 119 104
4 75 87 104 96
4 97 104 88 78
4 77 97 103 75
4 60 103 119 91
4 32 93 119 96
4 32 77 119 109
4 78 119 109 60
4 77 96 109 93
4 78 91 109 103
4 44 101 119 88
4 92 53 100 119
4 99 119 104 15
4 87 119 105 15
4 86 44 104 119
4 53 105 119 86
4 100 105 92 86
4 87 104 105 99
4 86 101 104 88
4 45 96 116 102
4 16 98 116 101
4 34 45 114 116
4 18 116 114 16
4 34 102 114 96
4 101 18 98 114
4 80 82 116 107
4 85 95 116 108
4 74 92 116 110
4 81 116 110 80
4 85 113 110 80
4 85 113 116 81
4 77 74 113 116
4 83 113 111 80
4 81 95 113 108
4 77 92 113 110
4 85 111 110 83
4 81 107 110 82
4 17 100 117 94
4 91 33 102 117
4 17 19 117 115
4 33 115 117 34
4 91 34 102 115
4 19 94 115 100
4 80 82 117 106
4 88 74 111 117
4 83 108 117 90
4 78 74 113 117
4 84 117 111 80
4 84 117 113 83
4 84 90 113 108
4 78 111 113 88
4 82 111 106 84
4 45 96 119 100
4 16 103 119 101
4 16 87 119 109
4 88 45 109 119
4 101 109 103 87
4 96 109 100 88
4 33 101 119 91
4 17 109 119 99
4 93 17 100 119
4 92 119 109 33
4 99 93 109 100
4 91 92 101 109
4 83 107 118 90
4 95 118 106 85
4 99 74 110 118
4 74 87 118 111
4 89 83 110 118
4 89 118 111 85
4 95 111 106 89
4 99 87 110 111
4 89 90 110 107
4 98 116 108 84
4 75 107 116 96
4 82 84 114 116
4 75 114 116 77
4 82 98 114 108
4 77 96 114 107
4 76 91 117 106
4 94 81 108 117
4 76 78 117 115
4 81 115 117 82
4 82 108 115 94
4 91 115 106 78
4 34 105 119 96
4 18 97 119 101
4 18 93 119 104
4 34 91 119 104
4 101 104 97 93
4 91 96 104 105
4 98 118 106 84
4 103 75 107 118
4 75 112 118 87
4 90 84 112 118
4 98 112 106 90
4 87 107 112 103
4 19 103 119 105
4 97 119 100 19
4 100 105 97 103
4 94 118 107 81
4 99 118 112 76
4 93 118 106 76
4 81 112 118 95
4 99 106 112 93
4 94 95 107 112
4 100 86 108 117
4 102 89 106 117
4 86 88 117 115
4 89 90 117 115
4 102 115 106 90
4 88 108 115 100
4 82 98 118 111
4 77 97 118 107
4 77 93 118 110
4 94 82 110 118
4 94 98 110 111
4 97 93 107 110
4 78 103 118 111
4 78 97 118 106
4 97 103 106 111
4 102 89 107 116
4 92 116 114 86
4 101 86 108 116
4 95 89 114 116
4 101 92 108 114
4 95 102 114 107
4 92 105 117 108
4 95 111 117 102
4 92 91 117 113
4 95 94 117 113
4 94 111 113 102
4 105 113 108 91
4 90 113 116 98
4 107 87 104 116
4 101 116 110 87
4 90 102 116 110
4 102 98 110 113
4 107 101 104 110
4 96 88 113 116
4 88 104 116 108
4 96 108 113 104
4 96 109 115 108
4 102 98 112 115
4 96 91 115 114
4 94 98 114 115
4 94 112 114 102
4 91 108 114 109
4 99 106 117 105
4 100 117 111 99
4 100 106 111 105
4 107 93 109 114
4 93 112 114 101
4 109 112 107 101
4 106 115 109 103
4 103 112 115 100
4 106 100 109 112
4 104 113 111 97
4 97 110 113 105
4 105 111 110 104

# Cells
32 0 1 2 3 4 5 6 7 8 9 10 11 12 13 14 15 16 17 18 19 20 21 22 23 24 25 26 27 28 29 30 31
32 1 32 33 34 35 36 37 38 39 40 41 42 43 44 45 46 47 48 49 50 51 52 53 54 55 56 57 58 59 60 61 62
32 3 63 64 65 66 67 68 69 70 71 72 73 74 75 76 77 78 79 80 81 82 83 84 85 86 87 88 89 90 91 92 93
32 7 73 94 95 96 97 98 99 100 101 102 103 104 105 106 107 108 109 110 111 112 113 114 115 116 117 118 119 120 121 122 123
32 33 124 125 126 127 128 129 130 131 132 133 134 135 136 137 138 139 140 141 142 143 144 145 146 147 148 149 150 151 152 153 154
32 11 42 107 155 156 157 158 159 160 161 162 163 164 165 166 167 168 169 170 171 172 173 174 175 176 177 178 179 180 181 182 183
32 37 135 164 184 185 186 187 188 189 190 191 192 193 194 195 196 197 198 199 200 201 202 203 204 205 206 207 208 209 210 211 212
32 64 126 213 214 215 216 217 218 219 220 221 222 223 224 225 226 227 228 229 230 231 232 233 234 235 236 237 238 239 240 241 242
32 15 46 80 134 218 243 244 245 246 247 248 249 250 251 252 253 254 255 256 257 258 259 260 261 262 263 264 265 266 267 268 269
32 69 100 220 270 271 272 273 274 275 276 277 278 279 280 281 282 283 284 285 286 287 288 289 290 291 292 293 294 295 296 297 298
32 95 155 186 271 299 300 301 302 303 304 305 306 307 308 309 310 311 312 313 314 315 316 317 318 319 320 321 322 323 324 325 326
32 130 194 223 280 307 327 328 329 330 331 332 333 334 335 336 337 338 339 340 341 342 343 344 345 346 347 348 349 350 351 352 353
32 346 354 355 356 357 358 359 360 361 362 363 364 365 366 367 368 369 370 371 372 373 374 375 376 377 378 379 380 381 382 383 384
32 125 185 335 355 385 386 387 388 389 390 391 392 393 394 395 396 397 398 399 400 401 402 403 404 405 406 407 408 409 410 411 412
32 215 273 329 357 413 414 415 416 417 418 419 420 421 422 423 424 425 426 427 428 429 430 431 432 433 434 435 436 437 438 439 440
32 278 301 334 361 423 441 442 443 444 445 446 447 448 449 450 451 452 453 454 455 456 457 458 459 460 461 462 463 464 465 466 467
32 192 304 338 365 395 455 468 469 470 471 472 473 474 475 476 477 478 479 480 481 482 483 484 485 486 487 488 489 490 491 492 493
32 137 219 340 369 399 427 494 495 496 497 498 499 500 501 502 503 504 505 506 507 508 509 510 511 512 513 514 515 516 517 518 519
32 20 51 76 110 139 172 197 229 258 287 313 342 520 521 522 523 524 525 526 527 528 529 530 531 532 533 534 535 536 537 538 539
32 290 414 442 540 541 542 543 544 545 546 547 548 549 550 551 552 553 554 555 556 557 558 559 560 561 562 563 564 565 566 567 568
32 66 97 283 541 569 570 571 572 573 574 575 576 577 578 579 580 581 582 583 584 585 586 587 588 589 590 591 592 593 594 595 596
32 109 281 309 456 549 577 597 598 599 600 601 602 603 604 605 606 607 608 609 610 611 612 613 614 615 616 617 618 619 620 621 622
32 81 225 285 429 553 581 623 624 625 626 627 628 629 630 631 632 633 634 635 636 637 638 639 640 641 642 643 644 645 646 647 648
32 204 386 470 649 650 651 652 653 654 655 656 657 658 659 660 661 662 663 664 665 666 667 668 669 670 671 672 673 674 675 676 677
32 35 158 200 650 678 679 680 681 682 683 684 685 686 687 688 689 690 691 692 693 694 695 696 697 698 699 700 701 702 703 704 705
32 168 193 311 481 658 688 706 707 708 709 710 711 712 713 714 715 716 717 718 719 720 721 722 723 724 725 726 727 728 729 730 731
32 49 142 202 403 662 692 732 733 734 735 736 737 738 739 740 741 742 743 744 745 746 747 748 749 750 751 752 753 754 755 756 757
32 147 389 496 733 758 759 760 761 762 763 764 765 766 767 768 769 770 771 772 773 774 775 776 777 778 779 780 781 782 783 784 785
32 39 144 245 740 759 786 787 788 789 790 791 792 793 794 795 796 797 798 799 800 801 802 803 804 805 806 807 808 809 810 811 812
32 129 227 254 505 767 796 813 814 815 816 817 818 819 820 821 822 823 824 825 826 827 828 829 830 831 832 833 834 835 836 837 838
32 115 571 599 839 840 841 842 843 844 845 846 847 848 849 850 851 852 853 854 855 856 857 858 859 860 861 862 863 864 865 866 867
32 4 104 161 840 868 869 870 871 872 873 874 875 876 877 878 879 880 881 882 883 884 885 886 887 888 889 890 891 892 893 894 895
32 99 165 316 609 717 850 877 896 897 898 899 900 901 902 903 904 905 906 907 908 909 910 911 912 913 914 915 916 917 918 919 920
32 18 83 113 587 848 880 921 922 923 924 925 926 927 928 929 930 931 932 933 934 935 936 937 938 939 940 941 942 943 944 945 946
32 235 417 498 627 816 947 948 949 950 951 952 953 954 955 956 957 958 959 960 961 962 963 964 965 966 967 968 969 970 971 972 973
32 68 232 248 633 822 949 974 975 976 977 978 979 980 981 982 983 984 985 986 987 988 989 990 991 992 993 994 995 996 997 998 999
32 86 574 625 922 978 1000 1001 1002 1003 1004 1005 1006 1007 1008 1009 1010 1011 1012 1013 1014 1015 1016 1017 1018 1019 1020 1021 1022 1023 1024 1025 1026
32 8 74 251 929 986 1001 1027 1028 1029 1030 1031 1032 1033 1034 1035 1036 1037 1038 1039 1040 1041 1042 1043 1044 1045 1046 1047 1048 1049 1050 1051 1052
32 176 679 707 869 899 1053 1054 1055 1056 1057 1058 1059 1060 1061 1062 1063 1064 1065 1066 1067 1068 1069 1070 1071 1072 1073 1074 1075 1076 1077 1078 1079
32 16 47 170 693 882 1058 1080 1081 1082 1083 1084 1085 1086 1087 1088 1089 1090 1091 1092 1093 1094 1095 1096 1097 1098 1099 1100 1101 1102 1103 1104 1105
32 457 543 602 1106 1107 1108 1109 1110 1111 1112 1113 1114 1115 1116 1117 1118 1119 1120 1121 1122 1123 1124 1125 1126 1127 1128 1129 1130 1131 1132 1133 1134
32 358 451 476 1107 1135 1136 1137 1138 1139 1140 1141 1142 1143 1144 1145 1146 1147 1148 1149 1150 1151 1152 1153 1154 1155 1156 1157 1158 1159 1160 1161 1162
32 319 445 472 604 708 897 1113 1144 1163 1164 1165 1166 1167 1168 1169 1170 1171 1172 1173 1174 1175 1176 1177 1178 1179 1180 1181 1182 1183 1184 1185 1186
32 372 430 459 557 1112 1143 1187 1188 1189 1190 1191 1192 1193 1194 1195 1196 1197 1198 1199 1200 1201 1202 1203 1204 1205 1206 1207 1208 1209 1210 1211 1212
32 55 682 736 790 1081 1213 1214 1215 1216 1217 1218 1219 1220 1221 1222 1223 1224 1225 1226 1227 1228 1229 1230 1231 1232 1233 1234 1235 1236 1237 1238 1239
32 12 43 256 800 1039 1089 1214 1240 1241 1242 1243 1244 1245 1246 1247 1248 1249 1250 1251 1252 1253 1254 1255 1256 1257 1258 1259 1260 1261 1262 1263 1264
32 432 546 631 956 1188 1265 1266 1267 1268 1269 1270 1271 1272 1273 1274 1275 1276 1277 1278 1279 1280 1281 1282 1283 1284 1285 1286 1287 1288 1289 1290 1291
32 362 424 502 959 1192 1266 1292 1293 1294 1295 1296 1297 1298 1299 1300 1301 1302 1303 1304 1305 1306 1307 1308 1309 1310 1311 1312 1313 1314 1315 1316 1317
32 263 787 814 976 1028 1241 1318 1319 1320 1321 1322 1323 1324 1325 1326 1327 1328 1329 1330 1331 1332 1333 1334 1335 1336 1337 1338 1339 1340 1341 1342 1343
32 486 652 716 1136 1165 1344 1345 1346 1347 1348 1349 1350 1351 1352 1353 1354 1355 1356 1357 1358 1359 1360 1361 1362 1363 1364 1365 1366 1367 1368 1369 1370
32 370 400 483 663 1146 1349 1371 1372 1373 1374 1375 1376 1377 1378 1379 1380 1381 1382 1383 1384 1385 1386 1387 1388 1389 1390 1391 1392 1393 1394 1395 1396
32 26 872 925 1031 1084 1244 1397 1398 1399 1400 1401 1402 1403 1404 1405 1406 1407 1408 1409 1410 1411 1412 1413 1414 1415 1416 1417 1418 1419 1420 1421 1422
32 404 655 745 764 1372 1423 1424 1425 1426 1427 1428 1429 1430 1431 1432 1433 1434 1435 1436 1437 1438 1439 1440 1441 1442 1443 1444 1445 1446 1447 1448 1449
32 366 396 509 771 1298 1376 1424 1450 1451 1452 1453 1454 1455 1456 1457 1458 1459 1460 1461 1462 1463 1464 1465 1466 1467 1468 1469 1470 1471 1472 1473 1474
32 512 761 821 950 1293 1451 1475 1476 1477 1478 1479 1480 1481 1482 1483 1484 1485 1486 1487 1488 1489 1490 1491 1492 1493 1494 1495 1496 1497 1498 1499 1500
32 615 842 904 1109 1170 1501 1502 1503 1504 1505 1506 1507 1508 1509 1510 1511 1512 1513 1514 1515 1516 1517 1518 1519 1520 1521 1522 1523 1524 1525 1526 1527
32 554 582 613 851 1115 1506 1528 1529 1530 1531 1532 1533 1534 1535 1536 1537 1538 1539 1540 1541 1542 1543 1544 1545 1546 1547 1548 1549 1550 1551 1552 1553
32 379 1139 1195 1300 1379 1454 1554 1555 1556 1557 1558 1559 1560 1561 1562 1563 1564 1565 1566 1567 1568 1569 1570 1571 1572 1573 1574 1575 1576 1577 1578 1579
32 588 845 934 1010 1533 1580 1581 1582 1583 1584 1585 1586 1587 1588 1589 1590 1591 1592 1593 1594 1595 1596 1597 1598 1599 1600 1601 1602 1603 1604 1605 1606
32 550 578 639 1007 1272 1529 1581 1607 1608 1609 1610 1611 1612 1613 1614 1615 1616 1617 1618 1619 1620 1621 1622 1623 1624 1625 1626 1627 1628 1629 1630 1631
32 641 953 982 1003 1268 1608 1632 1633 1634 1635 1636 1637 1638 1639 1640 1641 1642 1643 1644 1645 1646 1647 1648 1649 1650 1651 1652 1653 1654 1655 1656 1657
32 722 910 1055 1174 1346 1503 1658 1659 1660 1661 1662 1663 1664 1665 1666 1667 1668 1669 1670 1671 1672 1673 1674 1675 1676 1677 1678 1679 1680 1681 1682 1683
32 665 695 725 1060 1351 1662 1684 1685 1686 1687 1688 1689 1690 1691 1692 1693 1694 1695 1696 1697 1698 1699 1700 1701 1702 1703 1704 1705 1706 1707 1708 1709
32 562 1118 1200 1274 1536 1614 1710 1711 1712 1713 1714 1715 1716 1717 1718 1719 1720 1721 1722 1723 1724 1725 1726 1727 1728 1729 1730 1731 1732 1733 1734 1735
32 698 1065 1093 1223 1689 1736 1737 1738 1739 1740 1741 1742 1743 1744 1745 1746 1747 1748 1749 1750 1751 1752 1753 1754 1755 1756 1757 1758 1759 1760 1761 1762
32 659 689 748 1220 1430 1686 1737 1763 1764 1765 1766 1767 1768 1769 1770 1771 1772 1773 1774 1775 1776 1777 1778 1779 1780 1781 1782 1783 1784 1785 1786 1787
32 750 768 797 1216 1426 1767 1788 1789 1790 1791 1792 1793 1794 1795 1796 1797 1798 1799 1800 1801 1802 1803 1804 1805 1806 1807 1808 1809 1810 1811 1812 1813
32 829 961 990 1320 1477 1634 1814 1815 1816 1817 1818 1819 1820 1821 1822 1823 1824 1825 1826 1827 1828 1829 1830 1831 1832 1833 1834 1835 1836 1837 1838 1839
32 773 802 831 1324 1481 1790 1818 1840 1841 1842 1843 1844 1845 1846 1847 1848 1849 1850 1851 1852 1853 1854 1855 1856 1857 1858 1859 1860 1861 1862 1863 1864
32 853 885 914 1063 1508 1663 1865 1866 1867 1868 1869 1870 1871 1872 1873 1874 1875 1876 1877 1878 1879 1880 1881 1882 1883 1884 1885 1886 1887 1888 1889 1890
32 670 1356 1384 1433 1692 1770 1891 1892 1893 1894 1895 1896 1897 1898 1899 1900 1901 1902 1903 1904 1905 1906 1907 1908 1909 1910 1911 1912 1913 1914 1915 1916
32 806 1227 1255 1329 1794 1844 1917 1918 1919 1920 1921 1922 1923 1924 1925 1926 1927 1928 1929 1930 1931 1932 1933 1934 1935 1936 1937 1938 1939 1940 1941 1942
32 887 1067 1098 1408 1743 1870 1943 1944 1945 1946 1947 1948 1949 1950 1951 1952 1953 1954 1955 1956 1957 1958 1959 1960 1961 1962 1963 1964 1965 1966 1967 1968
32 855 883 937 1403 1587 1867 1948 1969 1970 1971 1972 1973 1974 1975 1976 1977 1978 1979 1980 1981 1982 1983 1984 1985 1986 1987 1988 1989 1990 1991 1992 1993
32 939 1012 1040 1399 1583 1973 1994 1995 1996 1997 1998 1999 2000 2001 2002 2003 2004 2005 2006 2007 2008 2009 2010 2011 2012 2013 2014 2015 2016 2017 2018 2019
32 993 1014 1042 1327 1638 1819 1996 2020 2021 2022 2023 2024 2025 2026 2027 2028 2029 2030 2031 2032 2033 2034 2035 2036 2037 2038 2039 2040 2041 2042 2043 2044
32 1120 1150 1181 1354 1511 1666 2045 2046 2047 2048 2049 2050 2051 2052 2053 2054 2055 2056 2057 2058 2059 2060 2061 2062 2063 2064 2065 2066 2067 2068 2069 2070
32 779 1437 1464 1486 1797 1847 2071 2072 2073 2074 2075 2076 2077 2078 2079 2080 2081 2082 2083 2084 2085 2086 2087 2088 2089 2090 2091 2092 2093 2094 2095 2096
32 862 1513 1541 1590 1874 1976 2097 2098 2099 2100 2101 2102 2103 2104 2105 2106 2107 2108 2109 2110 2111 2112 2113 2114 2115 2116 2117 2118 2119 2120 2121 2122
32 1044 1258 1331 1410 1923 2000 2024 2123 2124 2125 2126 2127 2128 2129 2130 2131 2132 2133 2134 2135 2136 2137 2138 2139 2140 2141 2142 2143 2144 2145 2146 2147
32 1155 1358 1389 1565 1897 2051 2148 2149 2150 2151 2152 2153 2154 2155 2156 2157 2158 2159 2160 2161 2162 2163 2164 2165 2166 2167 2168 2169 2170 2171 2172 2173
32 1122 1152 1203 1560 1716 2047 2153 2174 2175 2176 2177 2178 2179 2180 2181 2182 2183 2184 2185 2186 2187 2188 2189 2190 2191 2192 2193 2194 2195 2196 2197 2198
32 1095 1225 1252 1405 1739 1919 1947 2124 2199 2200 2201 2202 2203 2204 2205 2206 2207 2208 2209 2210 2211 2212 2213 2214 2215 2216 2217 2218 2219 2220 2221 2222
32 1205 1277 1305 1556 1712 2178 2223 2224 2225 2226 2227 2228 2229 2230 2231 2232 2233 2234 2235 2236 2237 2238 2239 2240 2241 2242 2243 2244 2245 2246 2247 2248
32 968 1281 1307 1484 1641 1822 2225 2249 2250 2251 2252 2253 2254 2255 2256 2257 2258 2259 2260 2261 2262 2263 2264 2265 2266 2267 2268 2269 2270 2271 2272 2273
32 1020 1594 1621 1643 2003 2028 2274 2275 2276 2277 2278 2279 2280 2281 2282 2283 2284 2285 2286 2287 2288 2289 2290 2291 2292 2293 2294 2295 2296 2297 2298 2299
32 1074 1671 1697 1745 1876 1951 2300 2301 2302 2303 2304 2305 2306 2307 2308 2309 2310 2311 2312 2313 2314 2315 2316 2317 2318 2319 2320 2321 2322 2323 2324 2325
32 1127 1515 1544 1721 2054 2103 2181 2326 2327 2328 2329 2330 2331 2332 2333 2334 2335 2336 2337 2338 2339 2340 2341 2342 2343 2344 2345 2346 2347 2348 2349 2350
32 1310 1468 1488 1567 2077 2228 2254 2351 2352 2353 2354 2355 2356 2357 2358 2359 2360 2361 2362 2363 2364 2365 2366 2367 2368 2369 2370 2371 2372 2373 2374 2375
32 1387 1435 1462 1562 1893 2073 2152 2352 2376 2377 2378 2379 2380 2381 2382 2383 2384 2385 2386 2387 2388 2389 2390 2391 2392 2393 2394 2395 2396 2397 2398 2399
32 1234 1752 1775 1799 1926 2205 2400 2401 2402 2403 2404 2405 2406 2407 2408 2409 2410 2411 2412 2413 2414 2415 2416 2417 2418 2419 2420 2421 2422 2423 2424 2425
32 1284 1624 1645 1723 2232 2257 2280 2426 2427 2428 2429 2430 2431 2432 2433 2434 2435 2436 2437 2438 2439 2440 2441 2442 2443 2444 2445 2446 2447 2448 2449 2450
32 1338 1827 1852 1928 2030 2130 2451 2452 2453 2454 2455 2456 2457 2458 2459 2460 2461 2462 2463 2464 2465 2466 2467 2468 2469 2470 2471 2472 2473 2474 2475 2476
32 1363 1673 1699 1902 2056 2156 2306 2477 2478 2479 2480 2481 2482 2483 2484 2485 2486 2487 2488 2489 2490 2491 2492 2493 2494 2495 2496 2497 2498 2499 2500 2501
32 1546 1592 1619 1718 2099 2276 2330 2427 2502 2503 2504 2505 2506 2507 2508 2509 2510 2511 2512 2513 2514 2515 2516 2517 2518 2519 2520 2521 2522 2523 2524 2525
32 1417 1958 1981 2005 2135 2210 2526 2527 2528 2529 2530 2531 2532 2533 2534 2535 2536 2537 2538 2539 2540 2541 2542 2543 2544 2545 2546 2547 2548 2549 2550 2551
32 1442 1777 1801 1904 2082 2382 2409 2552 2553 2554 2555 2556 2557 2558 2559 2560 2561 2562 2563 2564 2565 2566 2567 2568 2569 2570 2571 2572 2573 2574 2575 2576
32 1494 1829 1854 2084 2259 2358 2457 2577 2578 2579 2580 2581 2582 2583 2584 2585 2586 2587 2588 2589 2590 2591 2592 2593 2594 2595 2596 2597 2598 2599 2600 2601
32 1521 1676 1880 2058 2108 2311 2333 2486 2602 2603 2604 2605 2606 2607 2608 2609 2610 2611 2612 2613 2614 2615 2616 2617 2618 2619 2620 2621 2622 2623 2624 2625
32 1702 1748 1779 1899 2302 2402 2482 2553 2626 2627 2628 2629 2630 2631 2632 2633 2634 2635 2636 2637 2638 2639 2640 2641 2642 2643 2644 2645 2646 2647 2648 2649
32 1574 2163 2186 2234 2363 2387 2650 2651 2652 2653 2654 2655 2656 2657 2658 2659 2660 2661 2662 2663 2664 2665 2666 2667 2668 2669 2670 2671 2672 2673 2674 2675
32 1599 1983 2007 2110 2287 2508 2535 2676 2677 2678 2679 2680 2681 2682 2683 2684 2685 2686 2687 2688 2689 2690 2691 2692 2693 2694 2695 2696 2697 2698 2699 2700
32 1651 1832 2034 2261 2283 2433 2460 2584 2701 2702 2703 2704 2705 2706 2707 2708 2709 2710 2711 2712 2713 2714 2715 2716 2717 2718 2719 2720 2721 2722 2723 2724
32 1806 1857 1930 2079 2405 2453 2559 2582 2725 2726 2727 2728 2729 2730 2731 2732 2733 2734 2735 2736 2737 2738 2739 2740 2741 2742 2743 2744 2745 2746 2747 2748
32 1883 1956 1985 2105 2308 2528 2606 2677 2749 2750 2751 2752 2753 2754 2755 2756 2757 2758 2759 2760 2761 2762 2763 2764 2765 2766 2767 2768 2769 2770 2771 2772
32 1729 2188 2238 2340 2440 2513 2659 2773 2774 2775 2776 2777 2778 2779 2780 2781 2782 2783 2784 2785 2786 2787 2788 2789 2790 2791 2792 2793 2794 2795 2796 2797
32 1755 1961 2213 2313 2413 2539 2632 2755 2798 2799 2800 2801 2802 2803 2804 2805 2806 2807 2808 2809 2810 2811 2812 2813 2814 2815 2816 2817 2818 2819 2820 2821
32 2012 2037 2137 2285 2462 2531 2683 2708 2822 2823 2824 2825 2826 2827 2828 2829 2830 2831 2832 2833 2834 2835 2836 2837 2838 2839 2840 2841 2842 2843 2844 2845
32 2064 2161 2190 2336 2484 2613 2652 2775 2846 2847 2848 2849 2850 2851 2852 2853 2854 2855 2856 2857 2858 2859 2860 2861 2862 2863 2864 2865 2866 2867 2868 2869
32 1909 2166 2390 2491 2566 2637 2663 2853 2870 2871 2872 2873 2874 2875 2876 2877 2878 2879 2880 2881 2882 2883 2884 2885 2886 2887 2888 2889 2890 2891 2892 2893
32 1935 2140 2215 2411 2464 2537 2731 2804 2828 2894 2895 2896 2897 2898 2899 2900 2901 2902 2903 2904 2905 2906 2907 2908 2909 2910 2911 2912 2913 2914 2915 2916
32 2241 2267 2365 2438 2587 2655 2710 2781 2917 2918 2919 2920 2921 2922 2923 2924 2925 2926 2927 2928 2929 2930 2931 2932 2933 2934 2935 2936 2937 2938 2939 2940
32 2089 2368 2392 2564 2591 2661 2736 2876 2923 2941 2942 2943 2944 2945 2946 2947 2948 2949 2950 2951 2952 2953 2954 2955 2956 2957 2958 2959 2960 2961 2962 2963
32 2116 2343 2516 2616 2690 2760 2785 2855 2964 2965 2966 2967 2968 2969 2970 2971 2972 2973 2974 2975 2976 2977 2978 2979 2980 2981 2982 2983 2984 2985 2986 2987
32 2292 2443 2518 2688 2715 2783 2833 2928 2970 2988 2989 2990 2991 2992 2993 2994 2995 2996 2997 2998 2999 3000 3001 3002 3003 3004 3005 3006 3007 3008 3009 3010
32 2320 2495 2618 2640 2763 2811 2859 2883 2977 3011 3012 3013 3014 3015 3016 3017 3018 3019 3020 3021 3022 3023 3024 3025 3026 3027 3028 3029 3030 3031 3032 3033
32 2419 2569 2642 2739 2809 2881 2904 2951 3018 3034 3035 3036 3037 3038 3039 3040 3041 3042 3043 3044 3045 3046 3047 3048 3049 3050 3051 3052 3053 3054 3055 3056
32 2471 2595 2717 2741 2836 2907 2931 2953 3000 3044 3057 3058 3059 3060 3061 3062 3063 3064 3065 3066 3067 3068 3069 3070 3071 3072 3073 3074 3075 3076 3077 3078
32 2546 2693 2766 2813 2838 2909 2975 2998 3023 3047 3068 3079 3080 3081 3082 3083 3084 3085 3086 3087 3088 3089 3090 3091 3092 3093 3094 3095 3096 3097 3098 3099
32 2670 2791 2864 2885 2933 2956 2979 3003 3027 3050 3072 3094 3100 3101 3102 3103 3104 3105 3106 3107 3108 3109 3110 3111 3112 3113 3114 3115 3116 3117 3118 3119
5 385 2676 3120 3121 3122
5 441 2897 3123 3124 3125
5 494 2752 3126 3127 3128
5 468 2825 3129 3130 3131
5 413 2798 3132 3133 3134
5 569 2552 3135 3136 3137
5 623 2629 3138 3139 3140
5 598 2728 3141 3142 3143
5 678 2426 3144 3145 3146
5 732 2505 3147 3148 3149
5 706 2704 3150 3151 3152
5 786 2329 3153 3154 3155
5 813 2605 3156 3157 3158
5 868 2351 3159 3160 3161
5 921 2379 3162 3163 3164
5 896 2580 3165 3166 3167
5 974 2481 3168 3169 3170
5 1027 2151 3171 3172 3173
5 1080 2227 3174 3175 3176
5 1240 2177 3177 3178 3179
5 32 2773 3180 3181 3182
5 94 2944 3183 3184 3185
5 243 2849 3186 3187 3188
5 157 2920 3189 3190 3191
5 63 2870 3192 3193 3194
5 540 2400 3195 3196 3197
5 630 2626 3198 3199 3200
5 601 2725 3201 3202 3203
5 649 2274 3204 3205 3206
5 739 2502 3207 3208 3209
5 715 2701 3210 3211 3212
5 758 2098 3213 3214 3215
5 820 2602 3216 3217 3218
5 1135 2123 3219 3220 3221
5 1187 2202 3222 3223 3224
5 1163 2451 3225 3226 3227
5 948 2301 3228 3229 3230
5 1292 1946 3231 3232 3233
5 1371 1998 3234 3235 3236
5 1450 1972 3237 3238 3239
5 0 2650 3240 3241 3242
5 184 2991 3243 3244 3245
5 250 2846 3246 3247 3248
5 160 2917 3249 3250 3251
5 124 2964 3252 3253 3254
5 354 2526 3255 3256 3257
5 501 2749 3258 3259 3260
5 475 2822 3261 3262 3263
5 839 2072 3264 3265 3266
5 928 2376 3267 3268 3269
5 903 2577 3270 3271 3272
5 1000 1892 3273 3274 3275
5 981 2477 3276 3277 3278
5 1106 1917 3279 3280 3281
5 1191 2199 3282 3283 3284
5 1169 2455 3285 3286 3287
5 952 2304 3288 3289 3290
5 1265 1736 3291 3292 3293
5 1532 1792 3294 3295 3296
5 1607 1766 3297 3298 3299
5 2 2651 3300 3301 3302
5 270 3037 3303 3304 3305
5 253 2847 3306 3307 3308
5 103 2941 3309 3310 3311
5 213 3011 3312 3313 3314
5 356 2527 3315 3316 3317
5 504 2750 3318 3319 3320
5 450 2894 3321 3322 3323
5 1053 2249 3279 3324 3325
5 1087 2223 3276 3326 3327
5 908 2578 3328 3329 3330
5 1213 1711 3331 3332 3333
5 795 2326 3267 3334 3335
5 1344 2020 3264 3336 3337
5 1375 1994 3288 3338 3339
5 1172 2456 3340 3341 3342
5 766 2101 3282 3343 3344
5 1423 1580 3345 3346 3347
5 1636 1688 3348 3349 3350
5 6 2654 3351 3352 3353
5 72 2873 3354 3355 3356
5 276 3034 3357 3358 3359
5 167 2918 3360 3361 3362
5 299 3057 3363 3364 3365
5 360 2530 3366 3367 3368
5 422 2801 3369 3370 3371
5 480 2823 3372 3373 3374
5 1318 2045 3291 3375 3376
5 1250 2174 3270 3377 3378
5 987 2478 3379 3380 3381
5 657 2278 3283 3382 3383
5 687 2430 3268 3384 3385
5 1219 1715 3386 3387 3388
5 1475 1865 3273 3389 3390
5 1458 1969 3285 3391 3392
5 958 2305 3393 3394 3395
5 1429 1586 3396 3397 3398
5 1505 1843 3399 3400 3401
5 34 2774 3402 3403 3404
5 328 3082 3405 3406 3407
5 247 2850 3408 3409 3410
5 189 2988 3411 3412 3413
5 214 3012 3414 3415 3416
5 542 2401 3336 3417 3418
5 634 2627 3335 3419 3420
5 453 2896 3421 3422 3423
5 1054 2250 3219 3424 3425
5 1090 2224 3217 3426 3427
5 720 2702 3428 3429 3430
5 1398 1555 3348 3431 3432
5 1036 2148 3207 3318 3433
5 1501 1840 3204 3315 3434
5 1528 1788 3228 3435 3436
5 1167 2459 3437 3438 3439
5 1005 1895 3222 3440 3441
5 1479 1869 3331 3442 3443
5 10 2657 3444 3445 3446
5 41 2777 3447 3448 3449
5 106 2942 3450 3451 3452
5 190 2989 3453 3454 3455
5 303 3060 3456 3457 3458
5 364 2533 3435 3459 3460
5 394 2680 3426 3461 3462
5 454 2895 3463 3464 3465
5 548 2407 3338 3466 3467
5 576 2556 3326 3468 3469
5 1322 2049 3345 3470 3471
5 1037 2149 3328 3472 3473
5 799 2327 3428 3474 3475
5 1006 1896 3476 3477 3478
5 1297 1944 3340 3479 3480
5 770 2102 3481 3482 3483
5 1271 1742 3437 3484 3485
5 1661 1817 3486 3487 3488
5 38 2780 3489 3490 3491
5 136 2967 3492 3493 3494
5 163 2921 3495 3496 3497
5 332 3079 3498 3499 3500
5 300 3058 3501 3502 3503
5 545 2404 3389 3504 3505
5 428 2803 3506 3507 3508
5 610 2727 3385 3509 3510
5 1319 2046 3231 3511 3512
5 1251 2175 3211 3513 3514
5 827 2603 3515 3516 3517
5 849 2075 3223 3518 3519
5 878 2356 3208 3372 3520
5 955 2310 3521 3522 3523
5 1402 1559 3399 3524 3525
5 1632 1684 3213 3366 3526
5 1612 1763 3225 3527 3528
5 1348 2023 3386 3529 3530
5 65 2871 3531 3532 3533
5 127 2965 3534 3535 3536
5 331 3080 3537 3538 3539
5 244 2852 3540 3541 3542
5 275 3035 3543 3544 3545
5 651 2275 3280 3546 3547
5 741 2503 3278 3506 3548
5 482 2824 3516 3549 3550
5 841 2071 3220 3551 3552
5 930 2377 3218 3369 3553
5 611 2726 3380 3554 3555
5 1401 1558 3294 3556 3557
5 1249 2176 3198 3258 3558
5 1658 1814 3195 3255 3559
5 1164 2452 3397 3560 3561
5 1218 1714 3234 3562 3563
5 387 2678 3424 3564 3565
5 521 3103 3566 3567 3568
5 499 2753 3440 3569 3570
5 191 2990 3571 3572 3573
5 216 3013 3574 3575 3576
5 570 2554 3324 3577 3578
5 628 2630 3344 3579 3580
5 108 2943 3581 3582 3583
5 1345 2021 3159 3402 3584
5 1378 1995 3157 3447 3585
5 713 2705 3482 3586 3587
5 1296 1943 3147 3306 3588
5 1502 1841 3144 3300 3589
5 1530 1789 3168 3444 3590
5 901 2585 3477 3591 3592
5 1270 1741 3162 3408 3593
5 14 2658 3594 3595 3596
5 45 2778 3597 3598 3599
5 79 2874 3600 3601 3602
5 133 2968 3603 3604 3605
5 217 3014 3606 3607 3608
5 368 2534 3527 3609 3610
5 398 2681 3513 3611 3612
5 426 2802 3613 3614 3615
5 552 2408 3391 3616 3617
5 580 2557 3377 3618 3619
5 661 2279 3479 3620 3621
5 691 2431 3472 3515 3622
5 1057 2252 3396 3623 3624
5 879 2355 3379 3474 3625
5 847 2076 3484 3626 3627
5 1142 2127 3393 3481 3628
5 1111 1921 3476 3521 3629
5 70 2877 3630 3631 3632
5 101 2945 3633 3634 3635
5 221 3015 3636 3637 3638
5 337 3083 3639 3640 3641
5 305 3061 3642 3643 3644
5 654 2282 3442 3645 3646
5 402 2682 3419 3509 3647
5 721 2703 3469 3507 3648
5 763 2107 3529 3649 3650
5 828 2604 3422 3619 3651
5 1323 2050 3238 3652 3653
5 1038 2150 3203 3613 3654
5 1059 2253 3235 3655 3656
5 881 2357 3200 3463 3657
5 1407 1564 3486 3658 3659
5 390 2684 3511 3660 3661
5 138 2969 3662 3663 3664
5 473 2826 3518 3665 3666
5 525 3100 3667 3668 3669
5 302 3059 3670 3671 3672
5 573 2560 3375 3673 3674
5 82 2875 3675 3676 3677
5 605 2730 3383 3678 3679
5 1476 1866 3171 3489 3680
5 1459 1970 3151 3597 3681
5 824 2609 3620 3682 3683
5 1114 1922 3163 3495 3684
5 1145 2128 3148 3360 3685
5 979 2487 3626 3686 3687
5 1633 1685 3153 3351 3688
5 1613 1764 3165 3594 3689
5 96 2947 3690 3691 3692
5 156 2924 3693 3694 3695
5 187 2994 3696 3697 3698
5 272 3040 3699 3700 3701
5 327 3085 3702 3703 3704
5 760 2097 3292 3705 3706
5 742 2504 3272 3421 3707
5 506 2751 3429 3554 3708
5 947 2300 3346 3709 3710
5 635 2628 3329 3549 3711
5 1002 1891 3232 3712 3713
5 931 2378 3212 3321 3714
5 1215 1710 3237 3715 3716
5 1088 2226 3201 3261 3717
5 1397 1554 3297 3718 3719
5 415 2799 3551 3720 3721
5 128 2966 3722 3723 3724
5 523 3101 3725 3726 3727
5 495 2756 3562 3728 3729
5 277 3036 3730 3731 3732
5 680 2428 3265 3733 3734
5 734 2506 3290 3675 3735
5 169 2919 3682 3736 3737
5 1108 1918 3160 3531 3738
5 1193 2200 3158 3354 3739
5 606 2729 3394 3740 3741
5 1457 1971 3138 3246 3742
5 898 2581 3387 3743 3744
5 1659 1815 3135 3240 3745
5 1428 1585 3174 3540 3746
5 131 2971 3747 3748 3749
5 195 2992 3750 3751 3752
5 224 3017 3753 3754 3755
5 279 3038 3756 3757 3758
5 308 3063 3759 3760 3761
5 844 2081 3349 3762 3763
5 586 2558 3319 3373 3764
5 909 2579 3371 3462 3765
5 1009 1901 3400 3766 3767
5 988 2479 3323 3612 3768
5 1062 2256 3295 3769 3770
5 694 2432 3260 3464 3771
5 1222 1720 3487 3772 3773
5 801 2328 3263 3614 3774
5 1326 2053 3298 3775 3776
5 418 2805 3652 3777 3778
5 446 2898 3655 3779 3780
5 222 3016 3781 3782 3783
5 527 3104 3784 3785 3786
5 306 3062 3787 3788 3789
5 683 2434 3470 3790 3791
5 50 2779 3579 3678 3792
5 714 2706 3467 3676 3793
5 791 2338 3623 3794 3795
5 825 2610 3582 3617 3796
5 1480 1871 3178 3630 3797
5 1299 1945 3143 3600 3798
5 1350 2025 3175 3633 3799
5 1147 2129 3140 3450 3800
5 443 2900 3712 3801 3802
5 469 2829 3715 3803 3804
5 188 2995 3805 3806 3807
5 274 3041 3808 3809 3810
5 520 3106 3811 3812 3813
5 788 2331 3274 3814 3815
5 735 2507 3287 3581 3816
5 255 2848 3586 3740 3817
5 975 2480 3332 3818 3819
5 629 2631 3341 3736 3820
5 1267 1738 3172 3690 3821
5 1194 2201 3152 3309 3822
5 1425 1582 3177 3693 3823
5 1377 1997 3141 3249 3824
5 416 2800 3546 3825 3826
5 67 2872 3733 3827 3828
5 524 3102 3829 3830 3831
5 624 2633 3556 3832 3833
5 333 3081 3834 3835 3836
5 870 2353 3205 3722 3837
5 923 2380 3230 3662 3838
5 166 2922 3686 3839 3840
5 1137 2125 3145 3534 3841
5 1189 2203 3170 3492 3842
5 474 2827 3522 3843 3844
5 1611 1765 3126 3186 3845
5 709 2707 3524 3846 3847
5 1660 1816 3120 3180 3848
5 140 2973 3849 3850 3851
5 198 2997 3852 3853 3854
5 230 3021 3855 3856 3857
5 288 3042 3858 3859 3860
5 314 3066 3861 3862 3863
5 1117 1925 3350 3864 3865
5 556 2410 3307 3361 3866
5 1173 2458 3356 3449 3867
5 1275 1746 3401 3868 3869
5 960 2307 3311 3599 3870
5 1353 2027 3296 3871 3872
5 664 2281 3248 3451 3873
5 1432 1589 3488 3874 3875
5 772 2104 3251 3601 3876
5 1483 1873 3299 3877 3878
5 420 2807 3775 3879 3880
5 448 2903 3769 3881 3882
5 226 3020 3883 3884 3885
5 531 3108 3886 3887 3888
5 310 3065 3889 3890 3891
5 873 2361 3471 3892 3893
5 19 2660 3569 3665 3894
5 902 2586 3460 3663 3895
5 1032 2159 3624 3896 3897
5 980 2488 3572 3610 3898
5 1637 1690 3179 3747 3899
5 1273 1744 3131 3603 3900
5 1507 1845 3176 3750 3901
5 1116 1924 3128 3453 3902
5 444 2901 3705 3903 3904
5 597 2734 3718 3905 3906
5 98 2948 3814 3907 3908
5 330 3086 3909 3910 3911
5 522 3107 3912 3913 3914
5 1029 2154 3214 3805 3915
5 924 2381 3227 3571 3916
5 249 2851 3591 3843 3917
5 815 2607 3431 3918 3919
5 500 2754 3438 3839 3920
5 1294 1949 3154 3696 3921
5 1190 2204 3167 3411 3922
5 1531 1791 3129 3189 3923
5 388 2679 3417 3827 3924
5 36 2776 3577 3825 3925
5 528 3105 3926 3927 3928
5 737 2509 3432 3929 3930
5 339 3084 3931 3932 3933
5 871 2354 3196 3574 3934
5 1083 2229 3215 3781 3935
5 102 2946 3794 3936 3937
5 1138 2126 3136 3414 3938
5 1374 1999 3155 3636 3939
5 447 2899 3649 3940 3941
5 607 2732 3658 3942 3943
5 1504 1842 3132 3192 3944
5 77 2879 3877 3945 3946
5 111 2950 3871 3947 3948
5 231 3025 3949 3950 3951
5 343 3087 3952 3953 3954
5 315 3070 3955 3956 3957
5 1140 2133 3443 3958 3959
5 373 2536 3409 3496 3960
5 1168 2461 3446 3493 3961
5 1301 1954 3530 3962 3963
5 957 2312 3412 3596 3964
5 1510 1848 3236 3852 3965
5 852 2078 3188 3454 3966
5 1008 1898 3191 3604 3967
5 1640 1693 3239 3849 3968
5 392 2686 3776 3969 3970
5 479 2832 3763 3971 3972
5 143 2978 3973 3974 3975
5 535 3113 3976 3977 3978
5 312 3064 3979 3980 3981
5 875 2359 3376 3982 3983
5 17 2664 3728 3779 3984
5 900 2583 3368 3782 3985
5 1247 2184 3627 3986 3987
5 792 2339 3609 3731 3988
5 1534 1793 3173 3753 3989
5 1431 1588 3125 3606 3990
5 1664 1820 3164 3756 3991
5 1352 2026 3127 3357 3992
5 471 2830 3709 3993 3994
5 711 2712 3719 3995 3996
5 159 2925 3818 3997 3998
5 336 3090 3999 4000 4001
5 526 3111 4002 4003 4004
5 818 2611 3557 4005 4006
5 497 2757 3560 3936 4007
5 246 2854 3743 3940 4008
5 1242 2180 3229 3808 4009
5 1082 2230 3226 3730 4010
5 1452 1975 3169 3699 4011
5 1373 2001 3166 3543 4012
5 1635 1687 3123 3183 4013
5 391 2685 3504 3907 4014
5 40 2782 3673 3903 4015
5 530 3110 4016 4017 4018
5 743 2511 3525 4019 4020
5 341 3089 4021 4022 4023
5 419 2806 3645 3997 4024
5 636 2635 3659 4025 4026
5 71 2878 3790 3993 4027
5 1030 2155 3197 3670 4028
5 1243 2179 3206 3787 4029
5 1295 1950 3137 3501 4030
5 1453 1974 3146 3642 4031
5 572 2555 3316 3723 4032
5 5 2653 3564 3720 4033
5 532 3109 4034 4035 4036
5 926 2383 3333 3973 4037
5 282 3039 3986 4038 4039
5 681 2429 3256 3575 4040
5 1085 2231 3275 3883 4041
5 196 2993 3896 4042 4043
5 1110 1920 3121 3312 4044
5 449 2902 3766 4045 4046
5 478 2831 3772 4047 4048
5 1347 2022 3133 3252 4049
5 52 2787 3878 4050 4051
5 174 2927 3865 4052 4053
5 146 2981 4054 4055 4056
5 348 3092 4057 4058 4059
5 318 3067 4060 4061 4062
5 1148 2131 3390 4063 4064
5 371 2540 3541 3634 4065
5 1166 2454 3353 3637 4066
5 1460 1979 3629 4067 4068
5 765 2109 3544 3595 4069
5 1667 1823 3224 3858 4070
5 1061 2255 3187 3358 4071
5 1221 1717 3185 3607 4072
5 1537 1796 3233 3855 4073
5 393 2687 3770 4074 4075
5 508 2759 3767 4076 4077
5 203 3001 4078 4079 4080
5 537 3115 4081 4082 4083
5 228 3019 3982 4084 4085
5 1035 2157 3325 3979 4086
5 977 2483 3317 3788 4087
5 13 2662 3777 3803 4088
5 1091 2236 3478 4089 4090
5 684 2435 3459 3809 4091
5 1610 1768 3161 3759 4092
5 1427 1584 3134 3456 4093
5 1482 1872 3130 3303 4094
5 584 2562 3653 4095 4096
5 608 2733 3646 3974 4097
5 84 2884 3929 3971 4098
5 538 3116 4099 4100 4101
5 317 3069 4102 4103 4104
5 686 2436 3512 4105 4106
5 710 2709 3505 3884 4107
5 48 2786 3832 3881 4108
5 1248 2185 3621 3932 4109
5 1033 2160 3616 3835 4110
5 1665 1821 3149 3639 4111
5 1509 1846 3139 3498 4112
5 600 2735 3710 4113 4114
5 906 2589 3716 4115 4116
5 162 2929 3918 4117 4118
5 284 3048 4119 4120 4121
5 529 3114 4122 4123 4124
5 984 2489 3563 4125 4126
5 626 2634 3561 4042 4127
5 252 2856 3846 4045 4128
5 1245 2183 3289 3909 4129
5 1086 2233 3286 3834 4130
5 1609 1769 3156 3702 4131
5 1535 1795 3150 3537 4132
5 1478 1868 3124 3243 4133
5 575 2561 3367 3806 4134
5 932 2385 3388 4078 4135
5 9 2656 3660 3801 4136
5 534 3112 4137 4138 4139
5 286 3045 4089 4140 4141
5 421 2808 3762 4117 4142
5 507 2758 3773 4143 4144
5 132 2972 3892 4113 4145
5 1246 2182 3266 3889 4146
5 789 2332 3257 3671 4147
5 1269 1740 3122 3363 4148
5 544 2403 3301 3535 4149
5 359 2529 3403 3532 4150
5 344 3088 4151 4152 4153
5 1196 2206 3347 4054 4154
5 289 3043 4067 4155 4156
5 653 2277 3241 3415 4157
5 1380 2002 3293 3949 4158
5 199 2996 3962 4159 4160
5 843 2074 3181 3313 4161
5 112 2949 3868 4162 4163
5 173 2926 3874 4164 4165
5 1056 2251 3193 3253 4166
5 53 2788 3872 4167 4168
5 260 2858 3869 4169 4170
5 206 3005 4171 4172 4173
5 350 3093 4174 4175 4176
5 234 3022 4063 4177 4178
5 1303 1952 3337 4060 4179
5 951 2303 3302 3643 4180
5 367 2538 3631 3694 4181
5 1382 2009 3485 4182 4183
5 656 2284 3445 3700 4184
5 1325 2052 3190 3304 4185
5 1217 1713 3194 3457 4186
5 1615 1771 3221 3861 4187
5 21 2665 3968 4188 4189
5 175 2930 3959 4190 4191
5 85 2887 4154 4192 4193
5 293 3049 4194 4195 4196
5 321 3071 4197 4198 4199
5 1124 1932 3526 4200 4201
5 555 2414 3542 3751 4202
5 1171 2463 3491 3754 4203
5 1617 1773 3628 4151 4204
5 1011 1903 3538 3598 4205
5 1669 1825 3284 3952 4206
5 1064 2258 3247 3499 4207
5 1404 1561 3245 3608 4208
5 585 2563 3656 4209 4210
5 637 2636 3650 4079 4211
5 114 2954 4019 4076 4212
5 539 3118 4213 4214 4215
5 233 3024 4105 4216 4217
5 794 2334 3425 4102 4218
5 817 2608 3418 3890 4219
5 44 2784 3879 3905 4220
5 1092 2237 3483 4022 4221
5 874 2362 3466 3910 4222
5 1639 1691 3142 3405 4223
5 558 2415 3797 4224 4225
5 612 2737 3791 4055 4226
5 431 2812 3930 4052 4227
5 352 3096 4228 4229 4230
5 320 3073 4231 4232 4233
5 668 2289 3680 4234 4235
5 718 2711 3674 3950 4236
5 401 2691 3833 3947 4237
5 1461 1980 3622 3927 4238
5 1302 1955 3618 3830 4239
5 1668 1824 3209 3784 4240
5 1512 1849 3199 3667 4241
5 712 2713 3706 4084 4242
5 907 2590 3713 4216 4243
5 105 2952 4005 4074 4244
5 201 2999 4125 4209 4245
5 533 3117 4246 4247 4248
5 793 2335 3441 4119 4249
5 738 2510 3439 4038 4250
5 257 2860 3942 4047 4251
5 1034 2158 3343 3999 4252
5 927 2384 3342 3931 4253
5 603 2738 3819 4254 4255
5 1176 2466 3823 4256 4257
5 477 2835 3919 4258 4259
5 291 3051 4260 4261 4262
5 345 3095 4263 4264 4265
5 963 2315 3746 4266 4267
5 632 2638 3744 4159 4268
5 503 2761 3847 4162 4269
5 1456 1978 3277 3912 4270
5 1381 2004 3271 3829 4271
5 1616 1772 3216 3811 4272
5 1538 1798 3210 3725 4273
5 1321 2048 3184 3244 4274
5 547 2406 3352 3697 4275
5 1198 2208 3398 4171 4276
5 363 2532 3490 3691 4277
5 347 3091 4278 4279 4280
5 292 3046 4182 4281 4282
5 78 2880 3864 4258 4283
5 259 2857 3875 4284 4285
5 141 2974 3958 4254 4286
5 1455 1977 3281 3955 4287
5 762 2100 3242 3502 4288
5 1004 1894 3182 3364 4289
5 22 2666 3965 4290 4291
5 261 2861 3963 4292 4293
5 117 2959 4276 4294 4295
5 295 3052 4296 4297 4298
5 237 3026 4200 4299 4300
5 1279 1750 3434 4197 4301
5 954 2309 3404 3760 4302
5 551 2412 3695 3748 4303
5 1539 1803 3480 4278 4304
5 846 2085 3448 3703 4305
5 1328 2055 3250 3406 4306
5 1400 1557 3254 3458 4307
5 24 2667 4073 4308 4309
5 118 2955 4064 4310 4311
5 54 2789 4158 4312 4313
5 208 3002 4201 4314 4315
5 323 3074 4316 4317 4318
5 1360 2032 3436 4194 4319
5 666 2288 3410 3757 4320
5 1175 2465 3632 3749 4321
5 1224 1722 3407 3602 4322
5 1517 1850 3339 4057 4323
5 854 2083 3308 3640 4324
5 1409 1566 3305 3605 4325
5 374 2541 3899 4326 4327
5 485 2834 3893 4192 4328
5 434 2815 4037 4190 4329
5 296 3053 4330 4331 4332
5 322 3075 4333 4334 4335
5 857 2086 3688 4336 4337
5 905 2588 3661 3856 4338
5 583 2567 3729 3853 4339
5 1618 1774 3625 4034 4340
5 1276 1747 3611 3726 4341
5 1670 1826 3269 3886 4342
5 1355 2029 3259 3668 4343
5 685 2437 3519 4120 4344
5 744 2512 3523 4140 4345
5 171 2932 4025 4143 4346
5 536 3119 4347 4348 4349
5 145 2976 4095 4115 4350
5 985 2490 3552 4103 4351
5 819 2612 3547 3980 4352
5 75 2882 3969 3995 4353
5 933 2386 3395 4021 4354
5 876 2360 3382 4000 4355
5 559 2416 3799 4356 4357
5 638 2639 3795 4172 4358
5 460 2908 4020 4169 4359
5 353 3098 4360 4361 4362
5 236 3028 4234 4363 4364
5 776 2112 3584 4231 4365
5 823 2614 3578 3956 4366
5 397 2689 3906 3945 4367
5 1383 2010 3475 4017 4368
5 1141 2134 3468 3913 4369
5 1642 1694 3202 3566 4370
5 719 2714 3815 4177 4371
5 1177 2467 3821 4363 4372
5 452 2906 4006 4167 4373
5 205 3004 4266 4356 4374
5 349 3097 4375 4376 4377
5 775 2113 3593 4260 4378
5 746 2514 3592 4155 4379
5 510 2764 3943 4164 4380
5 1304 1953 3334 4002 4381
5 1197 2207 3330 3926 4382
5 23 2668 4070 4383 4384
5 262 2862 4068 4385 4386
5 178 2935 4183 4387 4388
5 207 3007 4389 4390 4391
5 149 2983 4319 4392 4393
5 1439 1596 3559 4316 4394
5 769 2106 3533 3761 4395
5 660 2286 3692 3755 4396
5 1647 1695 3392 4174 4397
5 1066 2260 3355 3704 4398
5 1330 2057 3310 3539 4399
5 1406 1563 3314 3365 4400
5 375 2542 3901 4401 4402
5 511 2762 3897 4294 4403
5 461 2912 4135 4292 4404
5 297 3054 4405 4406 4407
5 238 3029 4336 4408 4409
5 1017 1906 3589 4333 4410
5 983 2485 3565 3862 4411
5 579 2565 3804 3850 4412
5 1540 1804 3473 4137 4413
5 1119 1929 3461 3812 4414
5 1485 1875 3262 3567 4415
5 25 2669 4187 4416 4417
5 89 2888 4179 4418 4419
5 58 2793 4287 4420 4421
5 151 2982 4301 4422 4423
5 239 3030 4394 4424 4425
5 1490 1878 3528 4296 4389
5 774 2111 3497 3758 4426
5 962 2314 3635 3752 4427
5 1228 1724 3452 3500 4428
5 1015 1905 3362 3641 4429
5 1411 1568 3359 3455 4430
5 377 2543 3989 4431 4432
5 462 2905 3983 4312 4433
5 406 2692 4041 4310 4434
5 210 3006 4337 4435 4436
5 324 3076 4437 4438 4439
5 1069 2263 3590 4330 4440
5 911 2592 3778 3851 4441
5 696 2441 3570 3859 4442
5 1434 1591 3568 3615 4443
5 1518 1851 3327 3976 4444
5 1121 1927 3320 3785 4445
5 667 2290 3684 4261 4446
5 747 2515 3687 4281 4447
5 484 2837 4026 4284 4448
5 351 3099 4449 4450 4451
5 148 2980 4224 4256 4452
5 964 2316 3738 4232 4453
5 826 2615 3734 4061 4454
5 425 2810 3996 4050 4455
5 1199 2209 3381 4016 4456
5 1149 2132 3384 4003 4457
5 912 2593 3915 4299 4458
5 1178 2468 3921 4408 4459
5 458 2911 4126 4290 4460
5 116 2958 4267 4401 4461
5 294 3055 4462 4463 4464
5 1016 1907 3588 4263 4465
5 935 2388 3587 4152 4466
5 640 2641 4048 4165 4467
5 1280 1751 3433 4122 4468
5 1201 2211 3430 4035 4469
5 57 2790 4206 4470 4471
5 265 2863 4204 4472 4473
5 180 2936 4304 4474 4475
5 88 2889 4323 4476 4477
5 119 2960 4397 4478 4479
5 1013 1900 3536 3644 4480
5 856 2080 3638 3698 4481
5 1068 2262 3494 3701 4482
5 1226 1719 3416 3503 4483
5 1332 2059 3413 3545 4484
5 376 2544 3991 4485 4486
5 514 2765 3987 4387 4487
5 488 2840 4090 4385 4488
5 209 3008 4489 4490 4491
5 150 2985 4440 4492 4493
5 1229 1725 3745 4437 4494
5 798 2337 3721 3863 4495
5 690 2439 3802 3857 4496
5 1648 1696 3378 4081 4497
5 1357 2031 3370 3813 4498
5 1487 1877 3322 3727 4499
5 378 2545 4092 4500 4501
5 435 2816 4086 4420 4502
5 408 2695 4146 4418 4503
5 152 2984 4410 4504 4505
5 240 3031 4494 4506 4507
5 1333 2060 3689 4405 4489
5 991 2492 3780 3854 4508
5 803 2341 3666 3860 4509
5 1438 1595 3465 3669 4510
5 1282 1753 3374 3786 4511
5 560 2417 3939 4435 4512
5 463 2910 4106 4309 4513
5 590 2568 3935 4314 4514
5 120 2957 4235 4432 4515
5 325 3077 4516 4517 4518
5 1071 2264 3585 4228 4519
5 723 2716 3880 3946 4520
5 886 2364 3580 3953 4521
5 1362 2033 3427 4099 4522
5 1151 2136 3420 3887 4523
5 858 2087 3685 4264 4524
5 936 2389 3683 4279 4525
5 614 2742 4144 4285 4526
5 298 3056 4527 4528 4529
5 87 2886 4257 4326 4530
5 965 2317 3841 4334 4531
5 989 2493 3837 4198 4532
5 433 2814 4116 4188 4533
5 1202 2212 3517 4138 4534
5 1125 1933 3520 4123 4535
5 913 2594 4009 4392 4536
5 1179 2469 4011 4492 4537
5 487 2841 4249 4383 4538
5 177 2937 4378 4485 4539
5 211 3009 4540 4541 4542
5 1230 1726 3742 4375 4543
5 1094 2235 3741 4153 4544
5 749 2517 4046 4163 4545
5 1440 1597 3558 4246 4546
5 1385 2006 3555 4036 4547
5 409 2697 4342 4548 4549
5 516 2769 4340 4550 4551
5 491 2842 4413 4552 4553
5 437 2818 4444 4554 4555
5 464 2913 4497 4556 4557
5 1278 1749 3724 3789 4558
5 1123 1931 3783 3807 4559
5 1359 2035 3664 3810 4560
5 1436 1593 3576 3672 4561
5 1489 1881 3573 3732 4562
5 561 2421 4111 4563 4564
5 644 2644 4109 4474 4565
5 619 2743 4221 4472 4566
5 121 2962 4567 4568 4569
5 90 2891 4519 4570 4571
5 1412 1569 3848 4516 4572
5 1041 2162 3826 3957 4573
5 884 2366 3904 3951 4574
5 1492 1879 3514 4213 4575
5 1514 1853 3508 3914 4576
5 1644 1698 3423 3831 4577
5 564 2418 4031 4504 4578
5 436 2817 4218 4417 4579
5 591 2571 4029 4422 4580
5 91 2890 4365 4501 4581
5 241 3032 4572 4582 4583
5 1335 2061 3681 4360 4567
5 830 2617 3882 3948 4584
5 1043 2164 3679 3954 4585
5 1308 1959 3510 3888 4586
5 672 2291 3842 4331 4587
5 489 2839 4096 4189 4588
5 700 2442 3838 4195 4589
5 181 2934 4225 4327 4590
5 326 3078 4591 4592 4593
5 859 2088 3739 4229 4594
5 616 2740 3970 4051 4595
5 889 2367 3735 4058 4596
5 1126 1934 3553 4100 4597
5 1154 2139 3548 3977 4598
5 1070 2265 3800 4376 4599
5 1097 2240 3796 4175 4600
5 726 2718 4077 4170 4601
5 212 3010 4602 4603 4604
5 56 2792 4372 4431 4605
5 777 2115 3938 4438 4606
5 804 2345 3934 4317 4607
5 405 2694 4243 4308 4608
5 1386 2011 3651 4082 4609
5 1361 2036 3657 4247 4610
5 992 2494 4010 4390 4611
5 966 2318 4012 4490 4612
5 513 2768 4344 4384 4613
5 264 2866 4446 4486 4614
5 154 2987 4615 4616 4617
5 1231 1727 3824 4449 4618
5 1257 2187 3820 4280 4619
5 751 2519 4142 4283 4620
5 1441 1598 3717 4347 4621
5 1466 1982 3711 4139 4622
5 724 2719 4129 4476 4623
5 1180 2470 4131 4570 4624
5 617 2744 4252 4470 4625
5 179 2938 4465 4563 4626
5 122 2961 4543 4627 4628
5 1413 1570 3845 4462 4540
5 1099 2239 3844 4156 4629
5 938 2391 3941 4160 4630
5 1542 1800 3550 3928 4631
5 593 2573 4240 4632 4633
5 646 2645 4238 4552 4634
5 620 2745 4368 4550 4635
5 438 2819 4522 4636 4637
5 465 2915 4575 4638 4639
5 1306 1957 3828 3891 4640
5 1153 2138 3885 3908 4641
5 1516 1855 3677 3911 4642
5 1646 1700 3583 3836 4643
5 673 2295 4112 4627 4644
5 753 2520 4110 4479 4645
5 728 2720 4354 4473 4646
5 182 2939 4647 4648 4649
5 60 2795 4594 4624 4650
5 1415 1572 3944 4591 4651
5 1253 2191 3924 4062 4652
5 888 2369 3994 4056 4653
5 1491 1882 3654 4348 4654
5 1672 1828 3647 4004 4655
5 669 2294 4030 4506 4656
5 407 2696 4351 4416 4657
5 697 2445 4028 4424 4658
5 59 2794 4453 4500 4659
5 153 2986 4651 4660 4661
5 1334 2062 3798 4450 4647
5 1256 2192 3793 4059 4662
5 832 2619 3972 4053 4663
5 1465 1987 3648 3978 4664
5 778 2114 3922 4406 4665
5 515 2767 4210 4291 4666
5 805 2342 3916 4297 4667
5 266 2865 4357 4402 4668
5 242 3033 4669 4670 4671
5 1019 1908 3822 4361 4672
5 642 2643 4075 4168 4673
5 1047 2165 3816 4176 4674
5 1283 1754 3714 4214 4675
5 1309 1960 3707 4083 4676
5 1072 2266 3902 4463 4677
5 1101 2243 3898 4298 4678
5 915 2597 4211 4293 4679
5 123 2963 4680 4681 4682
5 27 2671 4459 4512 4683
5 1018 1911 4044 4517 4684
5 1046 2168 4040 4318 4685
5 589 2570 4242 4313 4686
5 1543 1805 3768 4215 4687
5 1519 1856 3771 4248 4688
5 833 2620 4130 4478 4689
5 967 2319 4132 4568 4690
5 643 2646 4355 4471 4691
5 267 2867 4524 4564 4692
5 92 2892 4618 4693 4694
5 1414 1571 3923 4527 4615
5 1259 2189 3920 4282 4695
5 940 2393 4024 4286 4696
5 1622 1776 3708 4018 4697
5 727 2721 4270 4554 4698
5 916 2598 4272 4636 4699
5 618 2746 4381 4548 4700
5 490 2843 4468 4632 4701
5 466 2914 4546 4702 4703
5 1390 2008 3840 4039 4704
5 1204 2214 3937 4043 4705
5 1545 1802 3737 3933 4706
5 702 2446 4241 4702 4707
5 755 2522 4239 4557 4708
5 729 2722 4456 4551 4709
5 410 2698 4597 4699 4710
5 492 2844 4654 4711 4712
5 1463 1986 3925 3981 4713
5 1156 2141 3975 3998 4714
5 1674 1830 3792 4001 4715
5 781 2118 4223 4648 4693
5 752 2521 4222 4477 4716
5 834 2621 4253 4475 4717
5 268 2868 4599 4644 4718
5 61 2797 4672 4690 4719
5 1416 1573 4013 4602 4669
5 1045 2167 4007 4173 4720
5 1096 2242 4014 4178 4721
5 861 2091 3992 4541 4722
5 942 2394 3988 4391 4723
5 917 2596 4345 4386 4724
5 183 2940 4725 4726 4727
5 29 2673 4537 4587 4728
5 1232 1728 4049 4592 4729
5 1254 2193 4032 4199 4730
5 699 2444 4114 4193 4731
5 1649 1701 3774 4349 4732
5 1675 1831 3764 4124 4733
5 860 2092 4148 4582 4734
5 592 2572 4352 4421 4735
5 890 2370 4147 4425 4736
5 28 2672 4531 4578 4737
5 93 2893 4729 4738 4739
5 1336 2063 3900 4528 4726
5 1260 2194 3895 4196 4740
5 994 2497 4097 4191 4741
5 1623 1781 3765 4101 4742
5 1365 2039 3966 4464 4743
5 1392 2014 3964 4407 4744
5 1182 2473 4358 4403 4745
5 467 2916 4746 4747 4748
5 380 2547 4458 4514 4749
5 1286 1757 4161 4518 4750
5 1312 1963 4157 4439 4751
5 563 2420 4371 4434 4752
5 1548 1808 3870 4362 4753
5 1520 1859 3873 4377 4754
5 835 2622 4271 4556 4755
5 996 2498 4273 4638 4756
5 645 2647 4457 4549 4757
5 517 2770 4535 4633 4758
5 439 2820 4621 4759 4760
5 1469 1984 3917 4141 4761
5 1206 2216 4027 4145 4762
5 1625 1778 3817 4023 4763
5 809 2347 4370 4711 4759
5 754 2523 4369 4555 4764
5 836 2623 4382 4553 4765
5 411 2699 4675 4756 4766
5 518 2771 4610 4707 4767
5 1311 1962 4008 4080 4768
5 1388 2013 4015 4085 4769
5 892 2372 4343 4703 4770
5 944 2396 4341 4639 4771
5 918 2599 4534 4634 4772
5 594 2574 4598 4698 4773
5 621 2747 4732 4774 4775
5 1620 1780 4033 4104 4776
5 1128 1936 4098 4118 4777
5 1677 1833 3894 4121 4778
5 1022 1912 4094 4616 4725
5 941 2395 4091 4393 4779
5 995 2496 4250 4388 4780
5 269 2869 4677 4722 4781
5 31 2675 4612 4665 4782
5 1233 1731 4133 4670 4680
5 1100 2244 4134 4300 4783
5 807 2344 4127 4295 4784
5 1130 1937 4071 4542 4785
5 1208 2217 4069 4491 4786
5 1183 2472 4447 4487 4787
5 493 2845 4788 4789 4790
5 382 2549 4536 4589 4791
5 1444 1601 4166 4593 4792
5 1467 1988 4149 4335 4793
5 671 2293 4255 4329 4794
5 1650 1704 3876 4451 4795
5 1678 1834 3866 4265 4796
5 1073 2270 4093 4660 4738
5 701 2447 4219 4419 4797
5 891 2371 4087 4423 4798
5 30 2674 4606 4656 4799
5 62 2796 4684 4734 4800
5 1337 2066 3990 4603 4681
5 1048 2169 3985 4315 4801
5 808 2346 4107 4311 4802
5 1129 1939 4289 4583 4803
5 565 2422 4454 4503 4804
5 1157 2142 4288 4507 4805
5 381 2548 4532 4580 4806
5 440 2821 4792 4807 4808
5 1493 1885 3967 4529 4789
5 1470 1989 3961 4332 4809
5 969 2322 4226 4328 4810
5 1627 1783 3867 4230 4811
5 1049 2170 4415 4760 4774
5 943 2397 4414 4637 4812
5 997 2499 4469 4635 4813
5 595 2575 4676 4755 4814
5 647 2648 4688 4770 4815
5 1285 1756 4128 4212 4816
5 1547 1807 4136 4217 4817
5 893 2373 4445 4701 4818
5 1103 2245 4443 4712 4775
5 919 2600 4609 4708 4819
5 703 2448 4523 4700 4820
5 730 2723 4687 4771 4821
5 1364 2038 4108 4244 4822
5 1522 1858 3984 4245 4823
5 1159 2143 4207 4628 4824
5 1210 2219 4205 4569 4825
5 1184 2474 4525 4565 4826
5 566 2423 4596 4623 4827
5 622 2748 4795 4828 4829
5 1626 1782 4150 4233 4830
5 863 2090 4227 4259 4831
5 1679 1835 3960 4262 4832
5 1287 1758 4185 4617 4788
5 1207 2218 4184 4493 4833
5 970 2321 4379 4488 4834
5 519 2772 4743 4785 4835
5 384 2551 4611 4667 4836
5 1445 1602 4274 4671 4746
5 1391 2015 4275 4409 4837
5 780 2117 4268 4404 4838
5 1366 2041 4186 4661 4807
5 674 2297 4366 4502 4839
5 1158 2144 4180 4505 4840
5 383 2550 4607 4658 4841
5 412 2700 4750 4803 4842
5 1496 1887 4072 4604 4747
5 1313 1964 4066 4436 4843
5 782 2119 4236 4433 4844
5 1261 2196 4499 4766 4821
5 1102 2246 4498 4710 4845
5 810 2349 4547 4709 4846
5 704 2449 4622 4765 4847
5 756 2524 4733 4818 4848
5 1443 1600 4251 4346 4849
5 1652 1703 4088 4350 4850
5 1314 1965 4306 4694 4828
5 1209 2220 4305 4571 4851
5 971 2323 4466 4566 4852
5 568 2424 4674 4689 4853
5 648 2649 4754 4824 4854
5 1549 1809 4277 4364 4855
5 1021 1910 4269 4359 4856
5 1050 2171 4511 4758 4848
5 1262 2195 4510 4767 4815
5 998 2500 4664 4764 4857
5 811 2348 4586 4757 4858
5 837 2624 4742 4812 4845
5 1495 1884 4220 4353 4859
5 1160 2145 4324 4626 4860
5 1394 2016 4322 4649 4829
5 1185 2475 4600 4645 4861
5 675 2296 4521 4625 4862
5 731 2724 4753 4825 4863
5 1075 2268 4237 4373 4864
5 1523 1860 4065 4374 4865
5 1524 1861 4307 4739 4808
5 864 2094 4411 4579 4866
5 1131 1940 4302 4581 4867
5 567 2425 4685 4736 4868
5 596 2576 4751 4805 4869
5 1654 1706 4208 4682 4748
5 1288 1759 4203 4515 4870
5 1023 1913 4338 4513 4871
5 1263 2197 4577 4814 4819
5 1104 2247 4576 4773 4857
5 1051 2172 4631 4772 4847
5 894 2374 4697 4813 4846
5 945 2398 4655 4820 4858
5 1471 1991 4399 4719 4863
5 1393 2017 4398 4650 4872
5 783 2121 4544 4646 4873
5 677 2298 4619 4717 4874
5 757 2525 4796 4860 4875
5 1653 1705 4181 4452 4876
5 1235 1730 4380 4448 4877
5 1315 1966 4429 4692 4875
5 1472 1990 4428 4718 4854
5 972 2324 4662 4716 4878
5 784 2120 4585 4691 4879
5 838 2625 4811 4851 4872
5 1339 2065 4367 4455 4880
5 1132 1938 4320 4539 4881
5 1551 1810 4325 4727 4790
5 1186 2476 4678 4723 4882
5 865 2093 4442 4538 4883
5 920 2601 4744 4786 4884
5 1076 2269 4339 4460 4885
5 1367 2040 4202 4461 4886
5 1680 1836 4400 4800 4842
5 1077 2271 4495 4657 4887
5 1368 2042 4395 4659 4888
5 676 2299 4730 4798 4889
5 705 2450 4793 4840 4890
5 1446 1603 4321 4590 4891
5 1236 1732 4441 4588 4892
5 1473 1992 4643 4853 4861
5 1395 2018 4642 4827 4878
5 1316 1967 4706 4826 4874
5 1161 2147 4763 4852 4873
5 1211 2221 4715 4862 4879
5 1628 1785 4484 4782 4884
5 1550 1811 4482 4728 4893
5 1025 1915 4629 4724 4894
5 867 2096 4695 4780 4895
5 946 2399 4832 4881 4896
5 1497 1886 4303 4530 4897
5 1418 1575 4467 4526 4898
5 1289 1760 4426 4614 4896
5 1629 1784 4430 4781 4835
5 973 2325 4740 4779 4899
5 1024 1914 4509 4613 4900
5 999 2501 4809 4833 4893
5 1340 2067 4412 4533 4901
5 1341 2068 4496 4608 4902
5 1498 1888 4396 4605 4903
5 785 2122 4783 4801 4904
5 812 2350 4837 4843 4905
5 1447 1604 4427 4668 4906
5 1237 1734 4508 4666 4907
5 1681 1837 4483 4799 4869
5 1078 2272 4573 4735 4908
5 1525 1862 4480 4737 4890
5 866 2095 4652 4797 4909
5 895 2375 4830 4867 4888
5 1420 1577 4520 4595 4910
5 1630 1786 4562 4836 4882
5 1552 1812 4560 4791 4899
5 1290 1761 4704 4787 4895
5 1134 1942 4761 4834 4894
5 1212 2222 4778 4883 4900
5 1655 1707 4481 4683 4905
5 1238 1733 4630 4679 4911
5 1079 2273 4720 4784 4912
5 1105 2248 4865 4886 4906
5 1419 1576 4545 4601 4913
5 1342 2069 4574 4686 4914
5 1026 1916 4721 4802 4915
5 1052 2173 4855 4870 4903
5 1422 1579 4584 4673 4916
5 1682 1838 4561 4841 4868
5 1369 2043 4640 4804 4909
5 1526 1863 4558 4806 4889
5 1133 1941 4713 4839 4908
5 1162 2146 4776 4866 4887
5 1656 1708 4559 4749 4904
5 1448 1605 4705 4745 4912
5 1370 2044 4768 4838 4911
5 1396 2019 4823 4885 4907
5 1343 2070 4653 4731 4917
5 1239 1735 4696 4741 4918
5 1264 2198 4876 4891 4897
5 1421 1578 4620 4663 4919
5 1499 1889 4641 4752 4915
5 1291 1762 4769 4844 4914
5 1317 1968 4817 4871 4902
5 1500 1890 4714 4794 4918
5 1449 1606 4762 4810 4917
5 1474 1993 4850 4892 4901
5 1527 1864 4816 4856 4913
5 1553 1813 4822 4864 4916
5 1657 1709 4777 4831 4919
5 1631 1787 4859 4880 4910
5 1683 1839 4849 4877 4898
