# Generated using Miratope v0.5.0 (https://github.com/galoomba1/miratope-rs)
4OFF

# Vertices, Faces, Edges, Cells
120 4200 1200 1320

# Vertices
1.3090169943749 0 0.8090169943749 0.5 
1.3090169943749 0.5 0 -0.8090169943749 
1.3090169943749 -0.8090169943749 -0.5 0 
0.5 1.3090169943749 0.8090169943749 0 
0.5 -0.8090169943749 0 1.3090169943749 
0 0.5 0.8090169943749 1.3090169943749 
0.5 0 -1.3090169943749 -0.8090169943749 
0 1.3090169943749 -0.5 -0.8090169943749 
0 -0.8090169943749 -1.3090169943749 0.5 
-0.8090169943749 1.309016994375 0 0.5 
-0.8090169943749 0 -0.5 1.309016994375 
-0.8090169943749 0.5 -1.309016994375 0 
1.3090169943749 -0 0.8090169943749 -0.5 
1.3090169943749 0.8090169943749 -0.5 0 
0.5 -1.3090169943749 0.8090169943749 0 
0 0 1.6180339887499 0 
0.5 0 -1.3090169943749 0.8090169943749 
0 1.3090169943749 -0.5 0.8090169943749 
0 -1.3090169943749 -0.5 0.8090169943749 
-0.8090169943749 0.8090169943749 0.809016994375 0.8090169943749 
-0.8090169943749 -0.8090169943749 0.809016994375 0.8090169943749 
1.3090169943749 0.5 0 0.8090169943749 
0.5 -0.8090169943749 0 -1.3090169943749 
0 0.5 0.8090169943749 -1.3090169943749 
0 -1.6180339887499 0 0 
-0.8090169943749 0.5 1.309016994375 0 
-0.8090169943749 -0.8090169943749 0.809016994375 -0.8090169943749 
0 -1.3090169943749 -0.5 -0.8090169943749 
-0.8090169943749 0.8090169943749 0.809016994375 -0.8090169943749 
-0.8090169943749 0 -0.5 -1.309016994375 
0 -0.8090169943749 -1.3090169943749 -0.5 
-0.8090169943749 1.309016994375 0 -0.5 
1.3090169943749 -0.5 0 0.8090169943749 
0.5 0.8090169943749 0 -1.3090169943749 
0 -0.5 0.8090169943749 -1.3090169943749 
0 0.8090169943749 -1.3090169943749 -0.5 
-0.8090169943749 -1.309016994375 0 -0.5 
-0.8090169943749 -0.5 -1.309016994375 0 
1.3090169943749 -0.5 0 -0.8090169943749 
0.5 0.8090169943749 0 1.3090169943749 
0 -0.5 0.8090169943749 1.3090169943749 
0 0.8090169943749 -1.3090169943749 0.5 
-0.8090169943749 -1.309016994375 0 0.5 
0 1.6180339887499 0 0 
-0.8090169943749 -0.5 1.309016994375 0 
1.3090169943749 0 -0.8090169943749 0.5 
0.5 0 1.3090169943749 -0.8090169943749 
0 -0.8090169943749 1.3090169943749 0.5 
0 0 0 -1.6180339887499 
-0.8090169943749 -0.8090169943749 -0.8090169943749 -0.809016994375 
1.3090169943749 -0.8090169943749 0.5 0 
0.5 1.3090169943749 -0.8090169943749 0 
0 1.3090169943749 0.5 -0.8090169943749 
0 0.5 -0.8090169943749 1.3090169943749 
-0.8090169943749 0 0.5 1.309016994375 
0 0.5 -0.8090169943749 -1.3090169943749 
-0.8090169943749 -0.8090169943749 -0.8090169943749 0.809016994375 
1.3090169943749 0 -0.8090169943749 -0.5 
0.5 0 1.3090169943749 0.8090169943749 
0 1.3090169943749 0.5 0.8090169943749 
0 -0.8090169943749 1.3090169943749 -0.5 
-0.8090169943749 0 0.5 -1.309016994375 
0 0 0 1.6180339887499 
1.3090169943749 0.8090169943749 0.5 0 
0.5 -1.3090169943749 -0.8090169943749 0 
0 -0.5 -0.8090169943749 1.3090169943749 
0 -0.5 -0.8090169943749 -1.3090169943749 
-0.8090169943749 0.809016994375 -0.8090169943749 0.809016994375 
-0.8090169943749 0.809016994375 -0.8090169943749 -0.809016994375 
0 0.8090169943749 1.3090169943749 0.5 
0 -1.3090169943749 0.5 -0.8090169943749 
0 0.8090169943749 1.3090169943749 -0.5 
0 -1.3090169943749 0.5 0.8090169943749 
0 0 -1.6180339887499 0 
0.809016994375 0.8090169943749 0.8090169943749 -0.8090169943749 
0.809016994375 0 -0.5 1.3090169943749 
-1.3090169943749 0 0.809016994375 0.5 
-1.3090169943749 0.809016994375 -0.5 0 
0.809016994375 0.8090169943749 0.8090169943749 0.8090169943749 
0.809016994375 0 -0.5 -1.3090169943749 
0.809016994375 -0.5 -1.3090169943749 0 
-0.5 -1.3090169943749 0.809016994375 0 
-1.3090169943749 0 0.809016994375 -0.5 
0.809016994375 0.5 1.3090169943749 0 
0.809016994375 0.5 -1.3090169943749 0 
-1.3090169943749 0.5 0 0.809016994375 
-1.3090169943749 0.5 0 -0.809016994375 
0.809016994375 1.3090169943749 0 0.5 
0.809016994375 -0.8090169943749 0.8090169943749 -0.8090169943749 
0.809016994375 -0.8090169943749 -0.8090169943749 -0.8090169943749 
-0.5 -0.8090169943749 0 1.309016994375 
0.809016994375 -0.8090169943749 0.8090169943749 0.8090169943749 
0.809016994375 1.3090169943749 0 -0.5 
0.809016994375 -0.8090169943749 -0.8090169943749 0.8090169943749 
-0.5 -0.8090169943749 0 -1.309016994375 
0.809016994375 -1.3090169943749 0 0.5 
-0.5 0 -1.3090169943749 -0.809016994375 
1.6180339887499 0 -0 0 
-0.5 1.3090169943749 0.809016994375 0 
-0.5 0 1.309016994375 -0.8090169943749 
-0.5 0.8090169943749 0 1.3090169943749 
-0.5 0.8090169943749 0 -1.3090169943749 
-0.5 0 -1.3090169943749 0.809016994375 
0.809016994375 -1.3090169943749 0 -0.5 
-0.5 0 1.309016994375 0.8090169943749 
-0.5 1.309016994375 -0.8090169943749 0 
-1.3090169943749 -0.809016994375 -0.5 0 
-1.3090169943749 -0.5 0 -0.809016994375 
0.809016994375 -0.5 1.3090169943749 0 
0.809016994375 0.8090169943749 -0.8090169943749 -0.8090169943749 
-1.3090169943749 -0.5 0 0.809016994375 
0.809016994375 0.8090169943749 -0.8090169943749 0.8090169943749 
-0.5 -1.309016994375 -0.8090169943749 0 
0.809016994375 -0 0.5 1.3090169943749 
-1.3090169943749 -0.809016994375 0.5 0 
-1.3090169943749 -0 -0.809016994375 0.5 
0.809016994375 -0 0.5 -1.3090169943749 
-1.6180339887499 0 0 0 
-1.3090169943749 0.809016994375 0.5 0 
-1.3090169943749 -0 -0.809016994375 -0.5 

# Faces
3 0 1 2
3 0 1 3
3 0 2 4
3 0 3 5
3 0 4 5
3 1 6 2
3 3 7 1
3 1 6 7
3 4 8 2
3 6 8 2
3 3 9 5
3 7 9 3
3 4 5 10
3 4 10 8
3 9 10 5
3 6 7 11
3 6 11 8
3 7 11 9
3 8 11 10
3 9 10 11
3 13 2 12
3 12 3 13
3 12 2 14
3 12 3 15
3 14 15 12
3 13 2 16
3 3 17 13
3 13 16 17
3 14 18 2
3 2 16 18
3 3 15 19
3 3 19 17
3 14 15 20
3 14 18 20
3 15 19 20
3 16 10 17
3 16 18 10
3 17 19 10
3 18 20 10
3 20 10 19
3 2 21 1
3 1 3 21
3 4 21 2
3 5 21 3
3 4 5 21
3 2 22 1
3 1 3 23
3 22 23 1
3 4 24 2
3 2 22 24
3 5 25 3
3 3 25 23
3 4 5 20
3 24 20 4
3 22 26 23
3 22 26 24
3 5 25 20
3 25 26 23
3 24 26 20
3 20 26 25
3 0 13 2
3 0 13 3
3 0 14 2
3 3 15 0
3 14 0 15
3 2 13 6
3 7 13 3
3 6 7 13
3 14 27 2
3 2 27 6
3 15 28 3
3 3 28 7
3 14 26 15
3 14 26 27
3 15 26 28
3 6 29 7
3 6 29 27
3 28 29 7
3 27 29 26
3 26 29 28
3 12 21 2
3 3 21 12
3 12 22 2
3 3 23 12
3 22 12 23
3 16 21 2
3 17 21 3
3 16 17 21
3 2 30 22
3 16 30 2
3 23 31 3
3 3 31 17
3 23 29 22
3 22 30 29
3 16 11 17
3 16 11 30
3 31 29 23
3 17 31 11
3 30 29 11
3 31 29 11
3 12 32 13
3 12 32 14
3 12 33 13
3 14 34 12
3 33 34 12
3 16 32 13
3 14 32 18
3 16 18 32
3 33 35 13
3 16 35 13
3 34 36 14
3 18 36 14
3 33 34 29
3 35 29 33
3 16 18 37
3 16 37 35
3 34 29 36
3 18 36 37
3 35 29 37
3 36 37 29
3 0 13 38
3 0 13 39
3 0 14 38
3 0 14 40
3 0 39 40
3 13 38 6
3 39 41 13
3 13 6 41
3 27 38 14
3 27 38 6
3 14 40 42
3 14 27 42
3 39 10 40
3 41 10 39
3 40 10 42
3 6 27 37
3 6 41 37
3 27 42 37
3 41 10 37
3 10 37 42
3 13 38 32
3 13 39 32
3 14 32 38
3 14 32 40
3 40 32 39
3 13 33 38
3 39 43 13
3 33 43 13
3 14 38 34
3 33 38 34
3 40 44 14
3 14 44 34
3 39 19 40
3 39 19 43
3 33 34 28
3 43 28 33
3 40 19 44
3 34 28 44
3 19 28 43
3 19 44 28
3 1 45 0
3 0 46 1
3 4 45 0
3 46 47 0
3 0 47 4
3 6 45 1
3 46 48 1
3 1 6 48
3 4 45 8
3 6 45 8
3 46 26 47
3 46 26 48
3 4 47 42
3 4 8 42
3 47 26 42
3 6 49 48
3 6 8 49
3 26 49 48
3 42 49 8
3 26 49 42
3 1 45 50
3 46 50 1
3 1 45 51
3 1 46 52
3 1 52 51
3 45 50 4
3 46 47 50
3 4 47 50
3 45 4 53
3 51 53 45
3 46 47 25
3 46 52 25
3 4 47 54
3 4 53 54
3 47 54 25
3 51 9 52
3 51 9 53
3 52 25 9
3 53 9 54
3 25 9 54
3 21 50 1
3 1 51 21
3 21 50 4
3 21 53 4
3 53 21 51
3 22 50 1
3 1 55 22
3 1 55 51
3 4 50 24
3 22 50 24
3 4 56 53
3 4 24 56
3 22 24 49
3 55 49 22
3 53 11 51
3 51 55 11
3 56 11 53
3 24 49 56
3 11 49 55
3 56 11 49
3 50 57 21
3 21 50 58
3 21 57 51
3 58 59 21
3 51 59 21
3 50 57 22
3 58 60 50
3 22 60 50
3 55 57 22
3 55 57 51
3 59 25 58
3 60 25 58
3 60 61 22
3 55 61 22
3 51 31 59
3 25 31 59
3 60 61 25
3 55 31 51
3 55 31 61
3 25 31 61
3 12 57 21
3 21 58 12
3 12 57 22
3 60 12 58
3 22 60 12
3 21 57 16
3 21 58 62
3 21 62 16
3 22 57 30
3 16 57 30
3 58 60 20
3 58 62 20
3 60 36 22
3 30 36 22
3 16 56 62
3 16 56 30
3 60 36 20
3 62 56 20
3 20 56 36
3 30 56 36
3 32 63 38
3 32 38 64
3 32 63 39
3 39 65 32
3 32 64 65
3 33 63 38
3 38 33 66
3 38 64 66
3 43 63 39
3 43 63 33
3 39 67 43
3 65 67 39
3 33 68 43
3 33 68 66
3 43 67 68
3 64 65 37
3 66 37 64
3 67 37 65
3 66 68 37
3 68 37 67
3 0 45 38
3 38 46 0
3 39 45 0
3 46 69 0
3 0 69 39
3 38 45 6
3 46 48 38
3 38 48 6
3 41 45 39
3 41 45 6
3 69 28 46
3 46 28 48
3 69 39 9
3 69 28 9
3 39 41 9
3 6 48 68
3 41 68 6
3 48 28 68
3 41 68 9
3 9 68 28
3 63 45 38
3 64 45 38
3 38 63 46
3 38 70 46
3 64 70 38
3 39 45 63
3 39 65 45
3 64 45 65
3 46 63 69
3 39 63 69
3 69 44 46
3 46 44 70
3 69 39 54
3 69 54 44
3 39 54 65
3 64 42 70
3 64 42 65
3 70 44 42
3 65 42 54
3 54 42 44
3 32 57 12
3 32 58 12
3 33 57 12
3 12 58 71
3 12 71 33
3 16 32 57
3 58 32 62
3 16 32 62
3 35 57 33
3 16 35 57
3 58 19 71
3 62 19 58
3 71 33 31
3 19 31 71
3 33 35 31
3 16 67 62
3 16 67 35
3 62 19 67
3 19 67 31
3 35 31 67
3 32 57 63
3 32 63 58
3 64 57 32
3 32 72 58
3 32 72 64
3 33 63 57
3 58 71 63
3 63 71 33
3 33 57 66
3 64 66 57
3 71 44 58
3 72 44 58
3 71 33 61
3 71 44 61
3 33 66 61
3 72 64 36
3 72 44 36
3 64 66 36
3 66 36 61
3 44 36 61
3 50 63 45
3 45 64 50
3 50 63 46
3 46 50 70
3 64 70 50
3 45 63 51
3 51 73 45
3 64 73 45
3 46 63 52
3 51 52 63
3 46 52 61
3 70 61 46
3 52 68 51
3 73 68 51
3 61 68 52
3 70 49 64
3 64 49 73
3 70 49 61
3 73 68 49
3 61 49 68
3 57 63 50
3 58 50 63
3 57 64 50
3 58 50 72
3 64 72 50
3 57 63 51
3 58 63 59
3 59 63 51
3 57 73 51
3 57 73 64
3 58 59 54
3 72 54 58
3 59 67 51
3 59 54 67
3 73 67 51
3 64 56 72
3 72 56 54
3 64 73 56
3 73 67 56
3 54 56 67
3 0 13 74
3 0 13 75
3 0 15 74
3 0 75 40
3 15 40 0
3 13 7 74
3 13 41 75
3 7 41 13
3 28 74 15
3 28 74 7
3 10 75 40
3 41 75 10
3 40 76 15
3 28 76 15
3 40 10 76
3 7 77 41
3 7 77 28
3 41 10 77
3 28 76 77
3 10 77 76
3 13 78 74
3 75 78 13
3 74 79 13
3 13 80 75
3 13 79 80
3 74 78 15
3 75 40 78
3 15 78 40
3 74 34 15
3 74 79 34
3 75 40 18
3 80 18 75
3 15 40 81
3 15 34 81
3 80 27 79
3 79 34 27
3 40 18 81
3 80 18 27
3 27 81 34
3 18 81 27
3 12 78 13
3 13 12 79
3 12 78 15
3 15 34 12
3 34 79 12
3 17 78 13
3 13 79 35
3 17 35 13
3 15 19 78
3 17 78 19
3 15 34 82
3 19 82 15
3 29 79 34
3 35 79 29
3 19 77 17
3 17 77 35
3 34 82 29
3 19 82 77
3 29 77 35
3 29 82 77
3 21 83 1
3 21 84 1
3 5 83 21
3 21 53 5
3 53 84 21
3 1 23 83
3 1 55 84
3 1 23 55
3 5 25 83
3 23 83 25
3 53 85 5
3 25 85 5
3 11 84 53
3 55 84 11
3 23 86 55
3 23 86 25
3 11 85 53
3 11 86 55
3 85 86 25
3 11 85 86
3 1 87 0
3 1 88 0
3 5 87 0
3 47 88 0
3 0 5 47
3 7 87 1
3 1 88 48
3 1 48 7
3 5 9 87
3 9 87 7
3 47 88 26
3 26 88 48
3 5 76 47
3 5 9 76
3 26 76 47
3 7 48 86
3 7 86 9
3 48 26 86
3 76 86 9
3 76 86 26
3 83 87 1
3 83 88 1
3 84 87 1
3 88 89 1
3 84 89 1
3 5 83 87
3 47 83 88
3 5 83 47
3 5 87 53
3 53 87 84
3 88 47 24
3 88 24 89
3 47 90 5
3 53 90 5
3 24 90 47
3 84 8 89
3 84 8 53
3 24 8 89
3 53 8 90
3 24 8 90
3 12 91 21
3 12 21 92
3 60 91 12
3 12 92 23
3 23 60 12
3 21 91 62
3 17 92 21
3 17 62 21
3 60 91 20
3 20 91 62
3 31 92 23
3 17 31 92
3 23 60 82
3 23 82 31
3 20 82 60
3 62 85 17
3 31 85 17
3 62 20 85
3 82 85 20
3 82 85 31
3 83 91 21
3 83 92 21
3 21 93 91
3 21 84 92
3 21 93 84
3 91 60 83
3 23 92 83
3 83 60 23
3 91 24 93
3 91 24 60
3 84 55 92
3 23 55 92
3 93 84 30
3 93 30 24
3 55 30 84
3 60 94 23
3 23 94 55
3 60 94 24
3 30 94 24
3 55 94 30
3 0 74 87
3 0 88 74
3 0 87 75
3 0 88 95
3 0 75 95
3 7 74 87
3 88 48 74
3 74 48 7
3 75 41 87
3 41 87 7
3 95 27 88
3 88 27 48
3 95 75 8
3 95 8 27
3 41 8 75
3 48 96 7
3 41 96 7
3 48 27 96
3 27 96 8
3 41 8 96
3 74 97 87
3 74 98 87
3 74 88 97
3 74 99 88
3 74 99 98
3 87 97 75
3 87 75 100
3 98 100 87
3 88 95 97
3 88 95 81
3 88 81 99
3 75 97 95
3 95 90 75
3 81 90 95
3 75 100 90
3 98 76 99
3 100 76 98
3 81 76 99
3 81 76 90
3 90 76 100
3 74 78 97
3 78 98 74
3 78 97 75
3 75 78 100
3 98 78 100
3 74 97 79
3 79 101 74
3 74 101 98
3 80 97 75
3 79 97 80
3 80 102 75
3 75 102 100
3 80 96 79
3 101 96 79
3 80 96 102
3 98 100 77
3 101 77 98
3 100 77 102
3 101 96 77
3 96 77 102
3 12 91 78
3 12 92 78
3 91 103 12
3 79 92 12
3 12 103 79
3 91 78 62
3 78 92 17
3 17 78 62
3 91 18 103
3 62 18 91
3 79 35 92
3 35 92 17
3 79 30 103
3 18 30 103
3 35 30 79
3 17 62 102
3 17 102 35
3 62 102 18
3 30 102 18
3 30 102 35
3 78 97 91
3 78 104 91
3 97 92 78
3 78 92 98
3 98 104 78
3 91 97 103
3 103 81 91
3 91 104 81
3 79 97 92
3 79 103 97
3 79 101 92
3 98 101 92
3 103 94 79
3 103 94 81
3 79 101 94
3 104 82 98
3 81 82 104
3 98 82 101
3 94 82 81
3 94 82 101
3 87 83 97
3 83 98 87
3 88 97 83
3 83 99 88
3 98 99 83
3 87 84 97
3 87 84 105
3 87 105 98
3 88 97 89
3 89 94 88
3 99 94 88
3 89 97 84
3 84 96 89
3 84 105 96
3 89 94 96
3 99 86 98
3 105 86 98
3 99 94 86
3 96 86 94
3 105 86 96
3 91 97 83
3 91 83 104
3 83 97 92
3 92 98 83
3 104 83 98
3 91 93 97
3 91 90 93
3 104 90 91
3 92 97 84
3 84 97 93
3 92 105 84
3 98 92 105
3 93 102 84
3 90 102 93
3 105 102 84
3 104 98 85
3 90 85 104
3 98 85 105
3 102 85 90
3 105 102 85
3 2 91 12
3 2 79 12
3 12 15 91
3 12 23 15
3 23 79 12
3 2 91 18
3 30 79 2
3 2 30 18
3 20 15 91
3 18 91 20
3 82 15 23
3 15 20 82
3 29 79 23
3 30 79 29
3 29 82 23
3 18 106 20
3 18 106 30
3 20 106 82
3 30 29 106
3 29 82 106
3 0 88 2
3 2 75 0
3 0 15 88
3 0 5 75
3 5 15 0
3 2 88 27
3 2 75 8
3 2 8 27
3 26 88 15
3 26 88 27
3 10 5 75
3 10 8 75
3 15 5 76
3 15 76 26
3 10 76 5
3 8 106 27
3 26 106 27
3 8 106 10
3 76 106 26
3 76 106 10
3 91 88 2
3 2 75 91
3 2 79 88
3 2 84 75
3 2 84 79
3 15 91 88
3 75 91 5
3 15 91 5
3 23 88 15
3 79 23 88
3 75 5 17
3 75 17 84
3 15 98 5
3 23 98 15
3 84 7 79
3 23 7 79
3 17 98 5
3 84 7 17
3 23 7 98
3 17 98 7
3 38 74 0
3 38 95 0
3 0 69 74
3 0 95 40
3 0 40 69
3 48 38 74
3 38 95 27
3 38 27 48
3 28 74 69
3 48 74 28
3 40 42 95
3 42 95 27
3 40 69 76
3 28 69 76
3 40 42 76
3 48 107 27
3 48 107 28
3 27 42 107
3 76 107 28
3 42 107 76
3 38 74 108
3 38 109 74
3 38 108 95
3 38 95 80
3 38 109 80
3 74 108 69
3 74 43 69
3 109 43 74
3 40 108 95
3 69 108 40
3 40 65 95
3 95 65 80
3 69 40 100
3 43 100 69
3 65 100 40
3 80 41 109
3 80 41 65
3 109 41 43
3 43 41 100
3 41 100 65
3 38 108 32
3 38 32 80
3 40 32 108
3 32 40 65
3 65 80 32
3 38 34 108
3 66 80 38
3 34 66 38
3 40 108 44
3 44 108 34
3 40 65 110
3 40 110 44
3 37 80 65
3 66 80 37
3 34 66 107
3 34 107 44
3 37 110 65
3 37 107 66
3 110 107 44
3 110 107 37
3 32 78 108
3 32 78 111
3 32 103 108
3 32 80 103
3 32 80 111
3 108 71 78
3 71 43 78
3 111 43 78
3 108 34 103
3 34 71 108
3 80 103 66
3 34 66 103
3 71 34 101
3 71 43 101
3 111 35 80
3 111 43 35
3 80 35 66
3 66 101 34
3 43 35 101
3 35 101 66
3 32 78 12
3 12 103 32
3 12 71 78
3 34 103 12
3 34 71 12
3 62 32 78
3 18 103 32
3 32 62 18
3 19 78 71
3 19 62 78
3 34 103 36
3 36 103 18
3 34 71 82
3 19 82 71
3 36 82 34
3 62 110 18
3 62 19 110
3 18 36 110
3 19 110 82
3 36 110 82
3 97 88 91
3 88 91 81
3 75 91 97
3 90 75 91
3 90 91 81
3 88 79 97
3 79 88 94
3 81 88 94
3 97 84 75
3 97 84 79
3 75 84 102
3 75 102 90
3 96 79 84
3 79 96 94
3 102 84 96
3 81 106 90
3 94 106 81
3 90 106 102
3 94 106 96
3 96 106 102
3 97 108 74
3 74 97 109
3 74 108 99
3 74 101 109
3 74 99 101
3 95 108 97
3 95 80 97
3 97 109 80
3 81 108 95
3 99 108 81
3 95 80 112
3 81 112 95
3 96 109 80
3 80 96 112
3 101 109 96
3 99 81 107
3 101 107 99
3 112 107 81
3 96 107 101
3 96 107 112
3 78 97 108
3 97 111 78
3 78 104 108
3 78 100 111
3 78 104 100
3 97 108 103
3 97 103 80
3 80 111 97
3 103 108 81
3 81 108 104
3 103 112 80
3 103 112 81
3 80 102 111
3 102 111 100
3 102 112 80
3 104 81 110
3 100 110 104
3 81 112 110
3 100 110 102
3 112 110 102
3 21 2 91
3 21 2 84
3 21 91 5
3 5 17 21
3 17 84 21
3 2 91 24
3 2 84 30
3 2 30 24
3 20 5 91
3 20 24 91
3 85 17 5
3 5 85 20
3 17 84 11
3 11 30 84
3 11 85 17
3 20 106 24
3 30 24 106
3 85 106 20
3 30 106 11
3 11 106 85
3 45 113 50
3 50 45 89
3 50 47 113
3 50 47 70
3 50 70 89
3 45 113 53
3 45 89 73
3 53 73 45
3 47 113 54
3 53 113 54
3 47 70 114
3 47 54 114
3 70 49 89
3 73 89 49
3 53 73 115
3 53 115 54
3 70 114 49
3 49 115 73
3 114 115 54
3 49 114 115
3 45 87 0
3 0 95 45
3 0 69 87
3 0 47 95
3 47 69 0
3 41 45 87
3 8 95 45
3 45 41 8
3 69 87 9
3 9 87 41
3 47 95 42
3 8 95 42
3 76 47 69
3 9 69 76
3 42 76 47
3 41 8 115
3 41 9 115
3 8 42 115
3 76 115 9
3 76 115 42
3 113 87 45
3 87 109 45
3 45 113 95
3 45 89 95
3 45 89 109
3 87 113 69
3 87 52 69
3 87 109 52
3 47 113 95
3 47 70 95
3 89 95 70
3 47 69 113
3 69 99 47
3 69 99 52
3 47 99 70
3 109 48 89
3 70 48 89
3 109 48 52
3 52 99 48
3 70 99 48
3 50 83 21
3 21 50 93
3 21 59 83
3 53 93 21
3 21 59 53
3 50 83 60
3 24 50 93
3 50 60 24
3 25 59 83
3 60 83 25
3 56 93 53
3 56 93 24
3 85 59 53
3 25 85 59
3 24 114 60
3 60 114 25
3 56 85 53
3 24 114 56
3 85 114 25
3 56 114 85
3 50 113 83
3 50 83 116
3 50 93 113
3 89 116 50
3 50 89 93
3 83 113 59
3 83 116 52
3 83 52 59
3 113 93 53
3 113 59 53
3 89 55 116
3 116 52 55
3 73 93 89
3 73 93 53
3 89 73 55
3 52 105 59
3 59 53 105
3 52 105 55
3 53 105 73
3 55 105 73
3 97 113 87
3 87 109 97
3 87 113 100
3 105 109 87
3 87 100 105
3 95 97 113
3 95 89 97
3 89 109 97
3 90 113 95
3 112 89 95
3 95 112 90
3 90 113 100
3 96 89 109
3 96 112 89
3 105 109 96
3 90 115 100
3 105 115 100
3 90 115 112
3 105 96 115
3 112 96 115
3 97 113 83
3 83 97 116
3 104 113 83
3 99 116 83
3 99 104 83
3 93 113 97
3 89 116 97
3 97 89 93
3 93 113 90
3 104 113 90
3 89 94 116
3 99 94 116
3 89 93 112
3 90 112 93
3 89 112 94
3 99 114 104
3 104 114 90
3 94 114 99
3 90 112 114
3 94 112 114
3 0 46 3
3 3 39 0
3 14 46 0
3 4 14 0
3 0 4 39
3 3 46 28
3 9 39 3
3 9 28 3
3 26 46 14
3 42 14 4
3 26 42 14
3 26 28 46
3 10 39 4
3 10 42 4
3 9 39 10
3 28 9 117
3 28 26 117
3 10 117 9
3 26 117 42
3 42 117 10
3 3 46 58
3 3 39 58
3 3 33 46
3 3 39 51
3 33 51 3
3 14 46 58
3 14 58 4
3 39 58 4
3 14 46 22
3 14 4 64
3 14 22 64
3 46 22 33
3 4 16 39
3 4 16 64
3 16 51 39
3 22 6 33
3 22 6 64
3 33 51 6
3 16 51 6
3 16 6 64
3 12 58 3
3 12 3 33
3 12 14 58
3 14 22 12
3 22 33 12
3 19 58 3
3 31 3 33
3 19 31 3
3 14 58 20
3 20 19 58
3 14 22 36
3 14 36 20
3 29 22 33
3 29 22 36
3 29 31 33
3 19 20 117
3 31 117 19
3 20 36 117
3 29 117 31
3 36 29 117
3 78 108 74
3 74 78 43
3 40 78 108
3 40 100 78
3 78 43 100
3 74 34 108
3 74 34 101
3 101 43 74
3 81 108 40
3 81 108 34
3 40 110 81
3 100 110 40
3 34 107 81
3 34 107 101
3 100 77 43
3 77 43 101
3 110 81 107
3 100 77 110
3 101 77 107
3 110 77 107
3 46 58 63
3 63 58 39
3 63 46 33
3 63 51 39
3 33 51 63
3 44 58 46
3 54 58 39
3 44 54 58
3 61 46 33
3 44 61 46
3 67 39 51
3 67 54 39
3 68 51 33
3 68 61 33
3 68 51 67
3 44 117 54
3 61 117 44
3 54 67 117
3 68 117 61
3 67 117 68
3 38 108 63
3 38 109 63
3 38 108 70
3 66 109 38
3 38 70 66
3 63 108 69
3 43 69 63
3 63 109 43
3 44 108 69
3 70 108 44
3 43 118 69
3 69 118 44
3 43 109 68
3 68 109 66
3 43 68 118
3 107 70 66
3 44 107 70
3 66 107 68
3 107 118 44
3 118 107 68
3 32 108 63
3 63 111 32
3 32 72 108
3 32 111 65
3 32 72 65
3 71 108 63
3 63 71 43
3 43 111 63
3 44 108 71
3 44 108 72
3 71 118 43
3 71 118 44
3 67 111 43
3 65 111 67
3 65 110 72
3 72 110 44
3 67 118 43
3 67 110 65
3 44 118 110
3 118 110 67
3 2 88 1
3 1 84 2
3 1 23 88
3 7 84 1
3 7 23 1
3 2 88 24
3 2 84 8
3 2 8 24
3 23 88 26
3 26 88 24
3 11 84 7
3 8 84 11
3 23 7 86
3 23 26 86
3 11 86 7
3 8 24 106
3 26 24 106
3 8 11 106
3 26 86 106
3 86 106 11
3 12 57 92
3 12 57 103
3 12 71 92
3 12 60 103
3 12 60 71
3 35 57 92
3 30 57 103
3 30 35 57
3 31 71 92
3 35 92 31
3 36 103 60
3 30 36 103
3 60 71 82
3 31 71 82
3 60 82 36
3 35 119 30
3 31 119 35
3 30 119 36
3 82 119 31
3 36 82 119
3 57 116 92
3 57 92 111
3 57 103 116
3 57 93 103
3 57 111 93
3 71 116 92
3 71 59 92
3 92 59 111
3 103 60 116
3 93 72 103
3 103 72 60
3 71 116 60
3 111 62 93
3 93 62 72
3 59 104 71
3 60 104 71
3 111 59 62
3 59 104 62
3 72 104 60
3 62 104 72
3 57 116 50
3 50 93 57
3 50 116 60
3 72 93 50
3 60 72 50
3 57 116 55
3 73 93 57
3 57 73 55
3 60 116 61
3 55 61 116
3 72 93 56
3 56 73 93
3 114 72 60
3 60 61 114
3 56 114 72
3 55 119 73
3 61 119 55
3 56 119 73
3 61 114 119
3 56 119 114
3 50 83 1
3 50 89 1
3 1 52 83
3 1 89 55
3 52 55 1
3 50 83 47
3 47 24 50
3 24 89 50
3 47 83 25
3 25 83 52
3 47 24 114
3 47 114 25
3 49 89 24
3 55 89 49
3 86 52 55
3 52 86 25
3 49 24 114
3 49 86 55
3 25 86 114
3 49 86 114
3 97 92 116
3 92 111 97
3 97 116 103
3 97 93 103
3 93 111 97
3 92 116 101
3 92 111 105
3 92 105 101
3 94 116 103
3 103 93 112
3 103 112 94
3 94 116 101
3 102 111 93
3 93 112 102
3 102 111 105
3 94 119 101
3 101 105 119
3 94 119 112
3 102 119 105
3 102 119 112
3 13 78 32
3 13 32 80
3 40 78 32
3 32 40 18
3 18 80 32
3 13 43 78
3 35 80 13
3 35 43 13
3 40 19 78
3 19 78 43
3 40 110 18
3 19 110 40
3 18 37 80
3 37 80 35
3 43 77 19
3 35 43 77
3 37 110 18
3 77 110 19
3 37 77 35
3 110 37 77
3 63 113 45
3 45 63 109
3 45 113 65
3 45 73 109
3 65 73 45
3 69 63 113
3 69 52 63
3 52 63 109
3 54 113 69
3 54 65 113
3 69 118 52
3 54 118 69
3 52 109 68
3 73 109 68
3 68 118 52
3 115 65 73
3 54 65 115
3 68 115 73
3 54 118 115
3 68 115 118
3 63 113 108
3 108 116 63
3 111 113 63
3 63 109 116
3 63 111 109
3 72 113 108
3 70 116 108
3 70 72 108
3 111 113 65
3 65 72 113
3 109 116 66
3 70 116 66
3 109 111 73
3 65 111 73
3 66 73 109
3 70 112 72
3 65 112 72
3 70 112 66
3 73 112 65
3 73 112 66
3 108 113 97
3 97 108 116
3 111 113 97
3 97 116 109
3 97 111 109
3 104 113 108
3 108 116 99
3 108 104 99
3 111 113 100
3 100 113 104
3 101 116 109
3 99 116 101
3 105 109 111
3 100 105 111
3 109 105 101
3 104 99 118
3 104 100 118
3 101 118 99
3 100 105 118
3 105 118 101
3 3 58 21
3 3 51 21
3 21 58 4
3 21 16 4
3 16 51 21
3 3 58 25
3 31 51 3
3 3 31 25
3 4 58 20
3 25 20 58
3 4 16 56
3 4 56 20
3 11 51 16
3 11 16 56
3 11 31 51
3 20 117 25
3 31 25 117
3 20 117 56
3 31 11 117
3 56 117 11
3 87 113 83
3 87 52 83
3 83 113 47
3 47 99 83
3 83 52 99
3 53 87 113
3 87 105 52
3 87 53 105
3 47 113 90
3 53 113 90
3 47 99 114
3 90 114 47
3 99 52 86
3 105 52 86
3 90 115 53
3 53 105 115
3 99 86 114
3 115 90 114
3 105 115 86
3 115 86 114
3 50 63 113
3 63 116 50
3 50 72 113
3 50 116 70
3 70 72 50
3 59 63 113
3 63 116 52
3 63 52 59
3 59 113 54
3 54 113 72
3 52 61 116
3 61 116 70
3 52 118 59
3 59 118 54
3 52 61 118
3 70 72 114
3 54 114 72
3 70 114 61
3 54 114 118
3 61 118 114
3 88 91 83
3 83 91 5
3 83 23 88
3 83 98 5
3 83 98 23
3 88 91 24
3 90 5 91
3 90 91 24
3 23 88 94
3 24 88 94
3 5 98 85
3 5 90 85
3 23 98 86
3 23 86 94
3 90 24 106
3 24 106 94
3 86 98 85
3 85 106 90
3 94 86 106
3 85 106 86
3 50 46 58
3 50 4 58
3 50 22 46
3 50 64 4
3 50 22 64
3 25 58 46
3 4 58 54
3 25 58 54
3 61 46 22
3 25 46 61
3 4 64 56
3 54 56 4
3 22 64 49
3 49 61 22
3 49 64 56
3 54 25 117
3 61 117 25
3 54 117 56
3 61 49 117
3 56 117 49
3 13 75 2
3 13 79 2
3 13 75 17
3 7 79 13
3 13 17 7
3 2 75 18
3 27 79 2
3 2 18 27
3 10 17 75
3 18 75 10
3 7 79 29
3 27 29 79
3 7 17 77
3 10 17 77
3 29 77 7
3 18 106 27
3 18 10 106
3 27 106 29
3 77 106 10
3 29 106 77
3 32 103 57
3 57 111 32
3 72 103 32
3 62 111 32
3 32 72 62
3 57 103 66
3 35 111 57
3 35 66 57
3 36 72 103
3 66 36 103
3 62 111 67
3 67 111 35
3 110 72 62
3 36 110 72
3 62 67 110
3 66 119 35
3 67 119 35
3 36 119 66
3 110 119 36
3 67 110 119
3 21 92 57
3 21 93 57
3 21 92 59
3 21 62 93
3 59 62 21
3 57 92 55
3 30 93 57
3 57 30 55
3 59 92 31
3 31 92 55
3 62 93 56
3 30 93 56
3 62 59 85
3 59 85 31
3 56 85 62
3 30 55 119
3 31 119 55
3 30 56 119
3 85 119 31
3 85 119 56
3 13 74 38
3 13 80 38
3 43 74 13
3 13 41 80
3 13 43 41
3 34 74 38
3 27 80 38
3 27 34 38
3 28 74 34
3 43 74 28
3 27 80 37
3 41 80 37
3 34 107 27
3 28 107 34
3 41 77 43
3 28 43 77
3 27 37 107
3 41 77 37
3 28 107 77
3 107 37 77
3 57 116 63
3 63 57 111
3 63 116 71
3 71 59 63
3 59 111 63
3 66 116 57
3 57 73 111
3 57 73 66
3 61 116 71
3 61 66 116
3 71 118 59
3 71 61 118
3 67 111 59
3 67 73 111
3 59 118 67
3 73 66 119
3 66 119 61
3 73 67 119
3 119 118 61
3 67 118 119
3 3 46 1
3 1 51 3
3 1 22 46
3 6 22 1
3 1 6 51
3 25 46 3
3 9 3 51
3 9 25 3
3 26 22 46
3 25 46 26
3 49 6 22
3 26 49 22
3 11 51 6
3 9 11 51
3 6 11 49
3 9 25 117
3 25 117 26
3 9 117 11
3 49 117 26
3 11 117 49
3 83 92 116
3 92 59 83
3 83 60 116
3 83 104 59
3 60 104 83
3 55 92 116
3 92 59 105
3 55 105 92
3 60 116 94
3 55 116 94
3 85 104 59
3 105 59 85
3 114 60 104
3 60 94 114
3 85 104 114
3 55 119 94
3 105 119 55
3 114 119 94
3 105 119 85
3 114 85 119
3 32 14 58
3 32 58 39
3 14 64 32
3 32 39 16
3 32 64 16
3 44 58 14
3 39 58 19
3 44 58 19
3 14 64 36
3 14 36 44
3 67 16 39
3 19 67 39
3 37 16 64
3 16 67 37
3 36 64 37
3 44 117 19
3 19 67 117
3 36 117 44
3 37 117 36
3 67 117 37
3 95 113 108
3 108 70 95
3 69 108 113
3 108 69 99
3 99 108 70
3 95 113 65
3 112 70 95
3 95 65 112
3 100 113 69
3 100 65 113
3 69 99 118
3 69 118 100
3 107 70 99
3 112 70 107
3 100 115 65
3 115 65 112
3 99 118 107
3 115 100 118
3 107 115 112
3 107 115 118
3 75 91 78
3 15 91 78
3 78 75 17
3 15 98 78
3 17 98 78
3 18 75 91
3 15 91 81
3 81 91 18
3 102 17 75
3 75 102 18
3 15 98 82
3 15 82 81
3 77 98 17
3 77 17 102
3 81 106 18
3 102 106 18
3 77 98 82
3 82 81 106
3 77 106 102
3 82 106 77
3 1 87 45
3 45 89 1
3 1 52 87
3 48 89 1
3 48 52 1
3 45 87 53
3 45 89 8
3 8 53 45
3 9 52 87
3 53 87 9
3 49 89 48
3 8 89 49
3 48 86 52
3 9 86 52
3 53 8 115
3 9 115 53
3 49 86 48
3 49 115 8
3 9 115 86
3 115 86 49
3 38 45 95
3 38 109 45
3 38 95 70
3 38 109 48
3 38 70 48
3 65 95 45
3 45 109 41
3 41 65 45
3 70 95 42
3 42 95 65
3 48 68 109
3 41 109 68
3 107 70 48
3 70 107 42
3 48 107 68
3 41 115 65
3 42 115 65
3 41 115 68
3 42 115 107
3 68 107 115
3 13 39 3
3 13 33 3
3 16 39 13
3 13 6 33
3 16 6 13
3 19 3 39
3 28 33 3
3 3 28 19
3 16 39 10
3 19 39 10
3 6 33 29
3 29 33 28
3 37 16 6
3 10 37 16
3 29 37 6
3 28 117 19
3 19 117 10
3 29 117 28
3 10 117 37
3 37 117 29
3 78 71 92
3 92 111 78
3 104 71 78
3 78 111 62
3 78 104 62
3 101 92 71
3 35 111 92
3 35 101 92
3 104 71 82
3 82 71 101
3 102 111 62
3 35 111 102
3 110 62 104
3 102 110 62
3 82 110 104
3 35 119 101
3 102 119 35
3 82 101 119
3 110 119 102
3 82 119 110
3 14 46 38
3 38 64 14
3 38 46 33
3 6 33 38
3 38 6 64
3 44 46 14
3 42 14 64
3 42 44 14
3 33 46 28
3 28 44 46
3 33 6 68
3 33 68 28
3 37 6 64
3 37 68 6
3 37 42 64
3 28 117 44
3 28 117 68
3 42 117 44
3 37 117 42
3 68 37 117
3 108 116 103
3 108 103 72
3 71 108 116
3 108 71 104
3 108 72 104
3 103 66 116
3 103 112 72
3 103 112 66
3 71 101 116
3 101 116 66
3 118 104 71
3 101 118 71
3 110 104 72
3 112 72 110
3 110 118 104
3 101 66 119
3 112 66 119
3 101 119 118
3 110 119 112
3 118 119 110
3 74 15 88
3 74 88 79
3 74 98 15
3 74 7 79
3 7 98 74
3 81 88 15
3 79 88 27
3 27 81 88
3 76 98 15
3 76 81 15
3 96 79 7
3 27 96 79
3 77 98 7
3 77 96 7
3 77 98 76
3 81 106 27
3 27 96 106
3 81 106 76
3 76 77 106
3 77 106 96
3 74 87 69
3 74 109 87
3 74 99 69
3 74 109 48
3 74 99 48
3 100 69 87
3 87 109 41
3 41 100 87
3 99 69 76
3 100 69 76
3 96 109 48
3 41 96 109
3 48 99 107
3 96 107 48
3 99 107 76
3 41 115 100
3 41 115 96
3 76 100 115
3 76 107 115
3 107 115 96
3 2 14 4
3 14 22 2
3 4 16 2
3 6 22 2
3 2 16 6
3 20 4 14
3 22 14 26
3 20 26 14
3 10 4 16
3 10 20 4
3 29 6 22
3 26 22 29
3 11 6 16
3 10 16 11
3 6 29 11
3 26 117 20
3 20 117 10
3 26 117 29
3 10 11 117
3 11 117 29
3 93 103 91
3 91 103 60
3 91 62 93
3 91 60 104
3 91 62 104
3 93 103 30
3 60 103 94
3 30 103 94
3 62 93 102
3 30 102 93
3 60 104 82
3 82 94 60
3 62 104 85
3 62 85 102
3 85 104 82
3 30 119 94
3 102 119 30
3 94 119 82
3 102 85 119
3 82 119 85
3 45 39 4
3 4 64 45
3 51 39 45
3 45 6 51
3 45 6 64
3 54 39 4
3 4 64 42
3 4 42 54
3 9 51 39
3 54 39 9
3 68 51 6
3 9 68 51
3 49 64 6
3 6 49 68
3 42 49 64
3 54 117 9
3 9 68 117
3 54 117 42
3 49 117 42
3 49 117 68
3 113 111 93
3 93 72 113
3 113 111 59
3 113 104 59
3 113 72 104
3 73 111 93
3 93 112 72
3 93 73 112
3 59 105 111
3 105 111 73
3 104 118 59
3 105 118 59
3 104 114 72
3 112 72 114
3 104 114 118
3 105 119 73
3 119 73 112
3 105 119 118
3 112 119 114
3 114 118 119
3 87 75 5
3 87 84 75
3 87 98 5
3 87 84 7
3 87 98 7
3 90 5 75
3 8 84 75
3 8 75 90
3 76 5 98
3 5 90 76
3 96 84 7
3 84 96 8
3 7 98 86
3 7 86 96
3 76 98 86
3 90 106 8
3 8 106 96
3 76 106 90
3 76 86 106
3 96 106 86
3 88 95 47
3 89 95 88
3 47 99 88
3 88 48 89
3 88 48 99
3 90 95 47
3 8 89 95
3 8 95 90
3 47 99 76
3 47 76 90
3 96 89 48
3 8 96 89
3 48 99 86
3 48 86 96
3 86 99 76
3 90 115 8
3 8 96 115
3 76 90 115
3 76 86 115
3 96 86 115
3 5 15 3
3 3 23 15
3 3 5 17
3 3 23 7
3 3 7 17
3 15 5 20
3 26 15 23
3 15 26 20
3 10 17 5
3 10 5 20
3 29 23 7
3 23 29 26
3 11 17 7
3 10 17 11
3 7 29 11
3 26 106 20
3 20 106 10
3 29 26 106
3 11 106 10
3 29 106 11
3 58 71 59
3 58 71 60
3 59 62 58
3 60 72 58
3 58 72 62
3 31 59 71
3 61 71 60
3 31 71 61
3 62 59 67
3 31 67 59
3 60 72 36
3 61 36 60
3 56 72 62
3 36 72 56
3 56 67 62
3 31 119 61
3 31 119 67
3 36 119 61
3 56 119 36
3 56 67 119
3 57 33 22
3 57 22 64
3 51 33 57
3 57 51 16
3 57 64 16
3 22 33 61
3 36 22 64
3 22 61 36
3 31 33 51
3 31 61 33
3 67 16 51
3 16 64 56
3 56 67 16
3 51 67 31
3 36 64 56
3 31 61 117
3 67 117 31
3 36 117 61
3 56 117 36
3 67 117 56
3 89 109 116
3 70 116 89
3 109 116 52
3 52 99 116
3 99 116 70
3 89 73 109
3 70 112 89
3 73 112 89
3 52 109 105
3 73 109 105
3 99 118 52
3 52 105 118
3 114 99 70
3 70 112 114
3 99 118 114
3 73 115 105
3 115 73 112
3 115 105 118
3 115 112 114
3 115 114 118
3 92 84 79
3 23 79 92
3 92 17 84
3 92 23 98
3 92 17 98
3 30 84 79
3 94 79 23
3 30 94 79
3 102 84 17
3 30 102 84
3 82 23 98
3 23 94 82
3 85 98 17
3 17 102 85
3 85 98 82
3 94 106 30
3 102 106 30
3 82 94 106
3 102 106 85
3 82 106 85
3 75 40 95
3 80 95 75
3 40 95 81
3 80 95 27
3 81 95 27
3 75 100 40
3 75 41 80
3 75 41 100
3 76 81 40
3 76 40 100
3 80 96 27
3 96 80 41
3 81 107 27
3 27 107 96
3 77 41 100
3 77 96 41
3 76 107 81
3 76 100 77
3 76 107 77
3 96 77 107
3 46 47 69
3 52 69 46
3 47 70 46
3 48 52 46
3 46 48 70
3 54 69 47
3 9 52 69
3 54 69 9
3 47 70 42
3 47 42 54
3 68 48 52
3 52 68 9
3 49 70 48
3 49 70 42
3 49 68 48
3 54 115 9
3 9 68 115
3 54 42 115
3 49 115 42
3 49 115 68
3 14 40 15
3 15 34 14
3 18 40 14
3 14 27 34
3 14 18 27
3 15 40 19
3 28 34 15
3 15 28 19
3 10 40 18
3 10 40 19
3 29 27 34
3 28 34 29
3 37 27 18
3 18 37 10
3 27 37 29
3 28 19 77
3 10 77 19
3 28 77 29
3 37 77 10
3 29 37 77
3 80 111 109
3 80 111 65
3 109 111 43
3 43 111 100
3 65 111 100
3 80 66 109
3 80 65 112
3 80 66 112
3 43 101 109
3 66 109 101
3 43 100 118
3 43 101 118
3 65 110 100
3 65 112 110
3 107 101 66
3 66 112 107
3 110 100 118
3 107 118 101
3 110 112 107
3 107 110 118
3 80 103 79
3 34 103 79
3 80 103 18
3 81 103 34
3 81 103 18
3 79 80 35
3 34 101 79
3 79 101 35
3 80 18 102
3 80 35 102
3 34 82 81
3 82 34 101
3 81 110 18
3 18 102 110
3 82 81 110
3 77 101 35
3 77 102 35
3 77 101 82
3 102 77 110
3 82 77 110
3 40 69 39
3 39 43 69
3 40 69 44
3 28 69 43
3 28 69 44
3 39 65 40
3 39 41 43
3 39 65 41
3 42 40 65
3 40 44 42
3 68 41 43
3 43 28 68
3 37 65 41
3 42 65 37
3 41 68 37
3 28 44 107
3 28 68 107
3 44 107 42
3 37 107 42
3 37 68 107
3 5 47 4
3 4 53 5
3 4 47 24
3 4 8 53
3 8 24 4
3 25 5 47
3 9 5 53
3 9 25 5
3 26 24 47
3 26 25 47
3 8 53 11
3 9 11 53
3 49 24 8
3 26 49 24
3 9 86 25
3 25 86 26
3 8 49 11
3 11 86 9
3 49 86 26
3 11 86 49
3 89 93 84
3 53 93 84
3 89 93 24
3 53 93 90
3 24 93 90
3 84 89 55
3 53 105 84
3 84 105 55
3 24 94 89
3 94 55 89
3 53 90 85
3 85 105 53
3 90 114 24
3 94 114 24
3 55 94 86
3 55 105 86
3 85 114 90
3 94 114 86
3 86 85 105
3 85 86 114
3 33 34 71
3 33 43 71
3 44 34 71
3 19 43 71
3 19 71 44
3 34 66 33
3 33 43 35
3 35 66 33
3 34 66 36
3 36 44 34
3 43 19 67
3 43 35 67
3 19 110 44
3 19 67 110
3 37 35 66
3 37 35 67
3 37 66 36
3 44 36 110
3 36 110 37
3 37 110 67
3 22 23 60
3 23 55 22
3 22 60 24
3 22 30 24
3 22 30 55
3 25 23 60
3 31 23 55
3 23 25 31
3 20 60 24
3 20 60 25
3 24 20 56
3 56 30 24
3 11 55 30
3 11 31 55
3 25 20 85
3 25 85 31
3 20 56 85
3 11 56 30
3 31 85 11
3 11 56 85
3 51 59 52
3 51 53 59
3 25 59 52
3 53 59 54
3 54 59 25
3 51 52 55
3 51 53 73
3 51 55 73
3 61 52 55
3 52 61 25
3 53 73 56
3 53 54 56
3 55 73 49
3 55 49 61
3 54 114 25
3 61 114 25
3 49 56 73
3 56 114 54
3 61 114 49
3 49 56 114
3 17 62 16
3 16 35 17
3 18 62 16
3 16 18 30
3 30 35 16
3 19 62 17
3 17 19 31
3 31 17 35
3 20 18 62
3 20 62 19
3 20 36 18
3 36 30 18
3 19 82 20
3 19 82 31
3 36 82 20
3 30 35 29
3 29 35 31
3 29 36 30
3 31 82 29
3 36 82 29
3 64 72 70
3 65 72 64
3 70 72 44
3 65 72 54
3 54 72 44
3 64 66 70
3 65 73 64
3 64 73 66
3 61 70 66
3 44 61 70
3 67 65 73
3 65 54 67
3 66 73 68
3 68 61 66
3 54 118 44
3 61 118 44
3 67 73 68
3 54 118 67
3 61 118 68
3 68 67 118
3 6 7 48
3 7 41 6
3 27 48 6
3 6 27 8
3 8 41 6
3 7 48 28
3 9 41 7
3 9 28 7
3 26 27 48
3 26 48 28
3 42 27 8
3 27 42 26
3 8 41 10
3 10 9 41
3 10 8 42
3 28 76 9
3 28 76 26
3 10 76 9
3 42 76 26
3 42 76 10
3 98 99 104
3 98 100 104
3 81 99 104
3 81 104 90
3 100 104 90
3 99 101 98
3 100 105 98
3 101 105 98
3 99 94 81
3 94 101 99
3 90 112 81
3 81 112 94
3 90 102 100
3 100 105 102
3 90 112 102
3 96 94 101
3 101 105 96
3 96 112 94
3 96 105 102
3 96 102 112
4 1 51 39 0
4 0 2 16 39
4 2 16 51 1
4 12 58 39 13
4 2 12 58 4
4 2 13 39 4
4 1 46 58 21
4 2 14 58 21
4 1 46 14 2
4 0 46 33 13
4 0 46 22 2
4 2 22 33 13
4 12 33 51 21
4 6 33 12 2
4 6 51 21 2
4 12 32 64 22
4 12 13 6 22
4 32 13 6 64
4 13 0 4 16
4 0 4 64 38
4 13 16 64 38
4 3 58 32 13
4 32 58 46 38
4 38 13 3 46
4 1 22 14 0
4 14 64 45 0
4 1 45 64 22
4 3 58 50 1
4 1 45 39 3
4 45 50 58 39
4 6 16 21 1
4 16 64 50 21
4 50 1 6 64
4 3 46 50 21
4 21 57 33 3
4 50 57 33 46
4 12 21 4 14
4 12 57 64 14
4 21 4 64 57
4 38 32 16 6
4 32 63 51 16
4 63 38 6 51
4 38 0 3 33
4 45 0 3 51
4 45 38 33 51
4 38 45 4 14
4 14 58 63 38
4 4 58 63 45
4 12 32 39 3
4 3 51 57 12
4 32 57 51 39
4 32 14 46 63
4 32 57 22 14
4 46 22 57 63
4 45 6 22 50
4 50 63 33 22
4 63 45 6 33
4 39 4 50 63
4 4 16 57 50
4 57 63 39 16
4 12 21 84 79
4 12 3 7 79
4 3 21 84 7
4 1 84 75 0
4 0 3 17 75
4 1 3 17 84
4 13 75 91 12
4 3 5 91 12
4 5 75 13 3
4 21 91 88 1
4 21 3 15 91
4 3 15 88 1
4 13 79 88 0
4 0 88 23 3
4 13 3 23 79
4 17 5 0 13
4 74 0 5 98
4 13 17 98 74
4 13 78 91 2
4 2 88 74 13
4 74 88 91 78
4 13 12 23 7
4 12 23 98 78
4 13 7 98 78
4 7 17 21 1
4 17 98 83 21
4 1 83 98 7
4 1 0 15 23
4 87 0 15 98
4 1 23 98 87
4 83 1 2 91
4 1 87 75 2
4 83 87 75 91
4 21 12 15 5
4 15 98 92 12
4 92 21 5 98
4 21 83 88 2
4 2 79 92 21
4 83 88 79 92
4 2 79 74 0
4 0 2 84 87
4 84 79 74 87
4 5 15 74 87
4 74 15 91 97
4 87 5 91 97
4 74 7 17 78
4 78 97 84 17
4 7 84 97 74
4 78 12 2 75
4 12 2 84 92
4 75 84 92 78
4 15 88 97 78
4 78 92 23 15
4 23 88 97 92
4 23 7 87 83
4 23 79 97 83
4 7 79 97 87
4 97 83 5 75
4 83 92 17 5
4 75 17 92 97
4 0 75 80 38
4 0 14 18 75
4 18 14 38 80
4 40 14 12 78
4 14 40 75 2
4 38 74 78 32
4 15 78 32 14
4 15 74 38 14
4 0 14 34 74
4 14 2 79 34
4 80 32 12 79
4 14 27 79 12
4 14 32 80 27
4 2 12 34 27
4 12 91 81 34
4 2 91 81 27
4 0 40 18 2
4 40 0 88 81
4 2 88 81 18
4 15 34 38 0
4 15 81 95 0
4 34 38 95 81
4 13 38 108 78
4 75 13 38 95
4 75 95 108 78
4 32 38 27 18
4 18 81 108 32
4 27 81 108 38
4 74 13 32 108
4 13 32 103 79
4 79 74 108 103
4 12 32 40 15
4 12 103 81 15
4 40 81 103 32
4 27 18 91 88
4 18 80 97 91
4 80 97 88 27
4 0 95 80 13
4 79 88 95 80
4 97 78 40 95
4 88 15 40 95
4 13 12 103 80
4 103 80 75 91
4 74 34 103 97
4 15 91 103 34
4 79 97 108 34
4 27 79 97 95
4 34 108 95 27
4 75 97 108 40
4 75 18 103 97
4 40 108 103 18
4 21 84 89 50
4 4 8 84 21
4 8 4 50 89
4 88 0 45 89
4 0 88 24 4
4 24 89 45 4
4 21 83 47 4
4 4 2 88 47
4 50 83 87 45
4 4 50 83 5
4 5 87 45 4
4 4 53 87 0
4 4 2 84 53
4 2 24 47 0
4 47 0 75 90
4 24 90 75 2
4 2 8 53 21
4 53 90 91 21
4 2 91 90 8
4 0 95 89 1
4 84 75 95 89
4 89 97 91 24
4 8 75 91 24
4 8 89 97 75
4 47 95 97 83
4 95 47 5 75
4 45 50 24 8
4 50 113 90 24
4 45 8 90 113
4 0 45 53 5
4 5 90 95 0
4 90 53 45 95
4 1 83 113 45
4 45 95 88 1
4 83 113 95 88
4 50 21 5 47
4 5 90 93 21
4 50 93 90 47
4 50 113 87 1
4 1 50 93 84
4 87 84 93 113
4 21 93 89 1
4 89 93 91 88
4 93 53 5 91
4 97 87 53 93
4 8 95 97 84
4 53 84 97 113
4 53 113 95 8
4 47 88 97 113
4 88 97 93 24
4 24 47 113 93
4 12 78 43 33
4 15 12 33 28
4 28 15 78 43
4 0 39 43 74
4 0 15 19 39
4 15 19 43 74
4 40 15 3 39
4 33 3 15 34
4 3 19 40 0
4 40 0 46 44
4 3 46 44 19
4 12 34 28 3
4 12 34 44 58
4 28 44 58 3
4 19 78 74 28
4 44 108 78 19
4 28 44 108 74
4 14 0 69 44
4 44 69 74 34
4 39 69 108 32
4 13 39 69 74
4 14 12 71 44
4 44 40 78 71
4 33 13 78 71
4 38 108 71 33
4 43 19 58 63
4 43 28 46 63
4 28 46 58 19
4 13 43 69 0
4 46 33 43 69
4 63 32 40 69
4 40 69 46 14
4 12 71 43 13
4 39 58 71 43
4 38 63 71 34
4 71 34 14 58
4 33 63 108 34
4 33 28 69 63
4 34 108 69 28
4 40 108 63 39
4 39 19 71 63
4 40 108 71 19
4 12 91 93 57
4 22 12 91 24
4 24 93 57 22
4 22 55 92 12
4 22 2 84 55
4 1 83 60 22
4 2 91 60 22
4 83 50 57 92
4 23 83 50 22
4 23 22 57 92
4 22 30 84 1
4 30 93 50 22
4 2 30 55 1
4 1 88 94 55
4 2 88 94 30
4 12 2 24 60
4 60 94 79 12
4 2 79 94 24
4 30 24 88 79
4 30 79 97 93
4 60 103 97 83
4 103 60 23 79
4 21 12 103 93
4 103 93 84 79
4 12 57 55 23
4 12 103 94 23
4 55 94 103 57
4 21 83 116 57
4 21 57 103 91
4 83 116 103 91
4 57 50 24 30
4 50 116 94 24
4 57 116 94 30
4 21 50 116 92
4 84 92 116 89
4 23 60 50 1
4 1 89 94 23
4 60 94 89 50
4 55 89 88 23
4 92 55 89 97
4 84 97 103 30
4 84 97 116 55
4 30 103 116 55
4 91 97 116 60
4 24 89 116 60
4 45 109 74 0
4 43 109 45 39
4 108 63 45 95
4 39 40 95 45
4 39 65 95 0
4 39 13 80 65
4 32 80 109 63
4 41 80 32 39
4 39 63 109 41
4 109 97 78 43
4 75 41 43 78
4 75 41 109 97
4 38 109 87 0
4 75 80 109 87
4 69 87 97 108
4 40 75 87 69
4 0 75 100 69
4 43 100 75 13
4 13 41 65 32
4 78 32 65 100
4 13 78 100 41
4 0 45 65 40
4 0 87 100 40
4 65 100 87 45
4 41 43 63 45
4 45 41 100 113
4 43 63 113 100
4 87 45 38 74
4 45 113 108 38
4 74 87 113 108
4 95 38 63 113
4 38 80 111 63
4 95 80 111 113
4 32 111 100 40
4 63 111 100 69
4 41 80 97 87
4 87 41 65 113
4 97 113 65 80
4 38 109 111 32
4 78 111 109 74
4 40 65 111 78
4 97 95 65 111
4 97 113 69 74
4 43 74 97 111
4 43 111 113 69
4 46 52 87 0
4 5 0 46 25
4 25 5 87 52
4 5 47 46 3
4 3 51 53 5
4 21 51 52 83
4 9 5 21 51
4 5 9 52 83
4 9 53 21 3
4 53 54 58 21
4 54 9 3 58
4 3 0 47 25
4 39 54 47 0
4 25 54 39 3
4 52 63 58 25
4 63 52 9 39
4 25 9 39 58
4 0 69 52 1
4 51 39 69 52
4 47 69 63 50
4 4 39 69 47
4 53 113 63 51
4 9 69 63 51
4 53 9 69 113
4 0 4 54 69
4 53 54 69 87
4 1 46 69 87
4 50 113 69 46
4 25 83 87 9
4 54 25 83 113
4 54 9 87 113
4 1 83 59 51
4 51 59 113 45
4 21 59 54 4
4 47 54 59 83
4 1 52 59 21
4 46 58 59 52
4 63 45 53 59
4 58 4 53 59
4 46 63 113 47
4 25 59 63 46
4 47 113 59 25
4 4 20 15 0
4 20 15 88 24
4 5 15 14 4
4 14 22 23 15
4 22 12 15 26
4 24 26 15 91
4 23 25 58 12
4 14 26 23 12
4 25 58 14 26
4 5 20 14 0
4 14 46 25 20
4 20 91 83 25
4 25 83 88 26
4 26 20 91 88
4 23 88 47 25
4 26 22 50 47
4 23 83 47 26
4 24 47 46 22
4 25 3 12 60
4 25 60 91 5
4 20 58 50 24
4 26 46 50 24
4 26 20 58 46
4 4 50 60 20
4 5 20 60 83
4 60 23 3 58
4 58 4 24 60
4 30 103 32 16
4 16 13 79 30
4 92 57 32 78
4 17 16 32 78
4 17 92 57 16
4 13 78 62 16
4 62 16 2 91
4 16 18 91 21
4 18 16 57 103
4 16 35 92 21
4 16 35 79 2
4 2 18 62 21
4 62 21 84 102
4 18 2 84 102
4 13 2 30 35
4 75 13 35 102
4 30 102 75 2
4 18 30 84 75
4 78 62 93 97
4 84 17 62 93
4 32 57 30 18
4 18 32 111 102
4 57 111 102 30
4 21 17 35 57
4 17 102 93 21
4 102 35 57 93
4 12 57 111 78
4 91 93 111 78
4 13 17 62 32
4 80 32 62 102
4 13 17 102 80
4 62 111 97 91
4 80 111 62 18
4 80 35 92 97
4 75 17 35 80
4 32 111 92 12
4 79 80 111 92
4 79 35 111 97
4 93 111 35 30
4 38 33 35 80
4 35 33 63 111
4 63 108 103 57
4 33 34 103 57
4 33 43 111 57
4 12 33 66 103
4 13 33 66 80
4 71 101 79 12
4 13 43 101 79
4 92 71 108 97
4 34 71 92 79
4 79 74 43 35
4 13 38 66 35
4 35 101 74 13
4 74 38 66 101
4 43 35 57 63
4 43 101 116 63
4 57 116 101 35
4 12 34 66 57
4 34 101 92 12
4 66 101 92 57
4 32 108 116 57
4 92 78 108 116
4 34 38 109 101
4 71 101 109 63
4 32 103 116 63
4 109 116 103 80
4 80 66 116 97
4 92 35 66 116
4 74 34 66 109
4 97 109 66 103
4 78 71 116 97
4 109 116 71 43
4 1 51 31 23
4 31 23 83 59
4 58 59 92 12
4 25 23 92 59
4 3 51 55 23
4 33 61 60 12
4 61 25 3 33
4 1 55 31 3
4 1 46 61 55
4 31 3 46 61
4 31 33 63 59
4 25 46 33 31
4 12 21 59 71
4 33 51 59 71
4 71 60 50 63
4 22 33 71 60
4 22 12 71 61
4 55 61 71 92
4 55 51 63 116
4 31 71 63 51
4 31 71 116 55
4 21 58 71 92
4 50 116 71 58
4 31 25 83 92
4 25 61 116 83
4 31 92 116 61
4 22 61 52 1
4 61 52 83 60
4 51 57 116 52
4 58 60 116 63
4 52 25 60 116
4 57 55 52 63
4 46 22 55 52
4 50 63 109 89
4 46 50 89 48
4 46 63 109 48
4 46 0 95 70
4 46 70 89 1
4 46 38 109 52
4 38 46 47 95
4 89 109 74 88
4 88 48 52 83
4 97 109 52 83
4 97 88 48 109
4 47 69 74 88
4 0 69 99 88
4 52 99 88 1
4 0 38 70 47
4 0 47 99 74
4 38 74 99 70
4 74 48 89 97
4 74 108 70 48
4 89 70 108 97
4 1 50 70 48
4 83 1 48 99
4 70 99 83 50
4 38 63 52 48
4 38 48 99 108
4 99 52 63 108
4 50 47 99 116
4 99 69 63 116
4 45 63 116 89
4 108 116 89 95
4 45 50 116 109
4 83 87 109 116
4 83 116 70 47
4 95 97 116 70
4 87 52 116 97
4 69 52 116 108
4 64 70 108 32
4 40 42 64 32
4 42 40 108 70
4 44 70 95 40
4 64 14 40 65
4 65 54 47 95
4 47 70 64 4
4 64 50 113 65
4 47 42 64 50
4 47 113 65 42
4 4 14 44 54
4 32 65 54 58
4 14 32 65 42
4 42 14 58 54
4 70 50 58 44
4 42 70 50 4
4 42 4 58 44
4 44 108 95 42
4 44 54 113 108
4 54 42 95 113
4 32 72 54 39
4 54 72 108 69
4 64 38 108 72
4 45 64 72 113
4 32 72 70 38
4 58 46 70 72
4 50 72 65 45
4 39 58 72 65
4 50 72 44 46
4 44 69 113 72
4 5 21 16 10
4 10 5 91 18
4 17 5 4 16
4 20 18 75 5
4 40 19 17 75
4 16 10 40 32
4 10 40 78 17
4 40 18 16 39
4 19 20 4 39
4 17 19 58 21
4 4 10 17 21
4 10 19 58 4
4 20 18 32 58
4 10 18 32 39
4 20 58 39 10
4 19 78 91 20
4 19 78 75 10
4 20 10 75 91
4 3 19 62 21
4 19 62 91 15
4 20 62 32 14
4 15 20 62 78
4 14 58 62 18
4 62 17 3 58
4 6 1 88 27
4 6 45 95 27
4 1 87 41 6
4 6 41 75 2
4 7 6 38 74
4 7 87 45 6
4 13 74 48 6
4 6 2 88 48
4 8 75 13 6
4 6 38 95 8
4 2 8 41 13
4 41 13 79 96
4 8 96 79 2
4 1 2 27 48
4 48 96 84 1
4 27 2 84 96
4 84 7 48 89
4 84 79 27 8
4 7 41 45 1
4 1 7 96 89
4 96 41 45 89
4 38 45 8 27
4 38 109 96 27
4 45 109 96 8
4 38 13 7 48
4 7 13 80 96
4 48 38 80 96
4 79 7 41 80
4 27 80 109 48
4 8 89 109 41
4 19 71 92 17
4 35 17 3 33
4 13 17 31 33
4 31 17 78 71
4 13 3 31 35
4 13 35 67 39
4 39 3 31 67
4 21 62 67 51
4 19 67 51 3
4 13 43 67 16
4 67 62 78 43
4 62 111 63 58
4 19 62 111 43
4 43 35 16 39
4 31 19 39 51
4 63 59 62 32
4 59 62 16 51
4 21 59 67 16
4 67 35 92 59
4 31 92 78 19
4 19 78 111 67
4 67 31 92 111
4 32 58 59 111
4 31 59 111 35
4 57 93 113 63
4 53 51 57 93
4 51 73 93 21
4 1 89 73 51
4 51 45 89 55
4 87 84 55 52
4 113 97 92 59
4 53 59 92 84
4 84 21 59 105
4 1 52 105 84
4 45 73 55 1
4 1 55 105 87
4 105 73 45 87
4 21 53 73 57
4 21 92 105 53
4 73 105 92 57
4 63 111 105 52
4 57 55 105 111
4 57 50 113 111
4 92 83 113 111
4 50 93 111 63
4 93 89 109 111
4 97 111 59 83
4 52 109 111 59
4 53 105 109 45
4 59 63 109 105
4 87 109 73 53
4 93 97 109 73
4 89 97 111 73
4 92 111 73 55
4 12 58 72 103
4 44 34 103 72
4 14 64 66 34
4 36 64 38 34
4 34 36 72 108
4 64 50 116 66
4 60 36 64 50
4 36 66 116 60
4 61 66 103 60
4 60 103 32 58
4 32 12 60 72
4 22 64 72 60
4 14 38 66 36
4 66 61 46 38
4 36 14 46 61
4 14 22 61 44
4 36 22 50 72
4 44 36 22 46
4 38 70 61 33
4 61 70 108 71
4 64 57 116 70
4 70 116 71 44
4 57 50 70 66
4 70 66 33 46
4 44 108 103 36
4 61 116 108 44
4 103 36 61 116
4 50 58 62 93
4 21 58 72 93
4 83 91 62 59
4 12 91 104 71
4 21 59 104 91
4 91 78 71 60
4 108 78 62 72
4 108 97 93 72
4 12 78 104 60
4 72 104 78 32
4 21 62 72 50
4 83 21 62 104
4 72 104 83 50
4 60 83 113 72
4 103 97 113 72
4 108 32 62 104
4 104 59 63 108
4 60 104 113 50
4 63 113 104 71
4 103 93 113 108
4 71 59 113 108
4 81 99 69 40
4 99 108 78 98
4 40 78 98 76
4 76 40 108 99
4 40 100 98 15
4 100 113 83 98
4 47 76 98 83
4 76 100 113 47
4 98 5 47 99
4 90 47 69 100
4 90 81 15 5
4 83 99 81 91
4 5 83 99 76
4 5 91 81 76
4 81 90 113 108
4 76 69 108 81
4 76 69 113 90
4 78 100 90 91
4 15 76 100 78
4 76 15 91 90
4 98 104 108 74
4 98 87 113 104
4 78 75 90 104
4 90 95 108 104
4 74 99 104 78
4 88 91 104 99
4 87 83 104 100
4 100 104 91 75
4 88 83 104 81
4 95 81 104 113
4 23 79 27 26
4 6 29 23 1
4 29 23 88 27
4 7 23 22 6
4 29 6 38 34
4 7 29 34 74
4 6 33 34 27
4 7 79 34 28
4 1 46 28 7
4 7 29 22 1
4 29 28 46 22
4 26 22 33 28
4 27 38 46 26
4 27 38 33 29
4 29 33 46 26
4 28 26 88 74
4 28 29 79 74
4 29 79 88 26
4 3 1 48 28
4 15 88 48 28
4 14 26 48 38
4 26 48 74 15
4 7 48 46 3
4 48 27 14 46
4 9 39 13 7
4 7 9 69 74
4 28 69 87 7
4 41 7 3 39
4 48 1 51 68
4 28 68 51 3
4 13 3 9 41
4 33 68 41 13
4 3 33 68 9
4 43 109 48 28
4 33 6 41 43
4 43 13 6 68
4 68 48 74 43
4 33 51 9 28
4 6 51 52 48
4 9 28 74 87
4 74 28 68 109
4 9 68 109 87
4 1 52 68 6
4 41 68 52 87
4 41 9 52 109
4 18 2 22 36
4 36 18 91 60
4 18 20 60 103
4 18 30 22 14
4 20 62 93 24
4 16 4 24 30
4 2 16 56 24
4 24 91 62 56
4 32 62 56 64
4 20 14 64 56
4 2 30 36 14
4 4 56 30 2
4 56 36 14 4
4 20 36 64 4
4 16 64 72 62
4 20 91 103 36
4 56 93 91 20
4 56 36 103 93
4 16 56 72 32
4 56 72 103 30
4 36 72 93 30
4 45 64 66 109
4 65 111 57 64
4 64 32 111 73
4 38 64 73 109
4 80 65 72 103
4 80 32 72 112
4 38 80 112 70
4 80 95 70 66
4 95 89 73 65
4 89 70 72 93
4 50 89 112 72
4 89 45 65 112
4 38 66 73 45
4 95 38 66 112
4 112 73 45 95
4 66 73 93 103
4 50 93 112 70
4 66 112 93 57
4 65 73 57 32
4 103 32 65 112
4 73 112 103 57
4 45 64 56 53
4 53 113 72 56
4 54 72 93 53
4 4 64 73 53
4 65 54 59 111
4 65 73 51 39
4 67 51 45 65
4 65 113 59 67
4 67 62 93 73
4 56 73 111 62
4 54 67 16 4
4 4 56 73 45
4 39 67 73 45
4 56 67 39 4
4 39 16 56 54
4 54 113 93 56
4 67 54 113 111
4 67 111 93 56
4 34 74 98 82
4 82 104 108 34
4 15 98 101 34
4 34 81 104 71
4 60 104 98 23
4 23 83 104 82
4 82 81 88 23
4 23 15 81 94
4 60 71 101 94
4 101 116 83 98
4 82 60 83 98
4 60 82 101 116
4 94 81 108 116
4 81 108 71 82
4 94 116 71 82
4 101 74 88 94
4 74 15 82 101
4 82 94 88 15
4 81 99 116 103
4 83 92 101 99
4 79 88 99 101
4 98 92 116 99
4 79 94 99 74
4 103 94 99 108
4 6 13 17 11
4 8 75 17 11
4 7 17 16 6
4 8 84 17 10
4 9 51 16 10
4 13 7 11 16
4 11 16 39 9
4 7 84 53 9
4 6 11 53 45
4 11 7 87 53
4 51 6 8 53
4 8 45 39 10
4 11 51 45 8
4 10 11 51 39
4 10 41 45 4
4 10 41 87 5
4 4 39 41 8
4 9 5 75 41
4 10 75 87 9
4 11 84 87 9
4 10 11 84 75
4 27 95 47 26
4 8 27 14 4
4 2 27 42 4
4 47 42 27 88
4 2 24 49 6
4 48 49 24 88
4 22 6 8 24
4 26 24 89 48
4 2 14 42 8
4 8 2 22 49
4 49 42 14 22
4 38 48 49 64
4 26 49 64 14
4 26 42 64 22
4 42 8 89 70
4 38 6 49 70
4 8 95 70 49
4 48 70 64 6
4 88 26 42 95
4 26 49 89 88
4 42 49 89 95
4 19 71 60 20
4 19 31 23 15
4 3 19 82 23
4 58 19 82 60
4 25 3 17 85
4 25 85 62 58
4 5 17 31 25
4 20 62 59 25
4 3 31 82 15
4 5 85 31 3
4 85 82 15 5
4 98 85 62 78
4 20 15 98 85
4 104 62 17 98
4 82 20 5 98
4 78 104 85 17
4 71 104 85 31
4 20 58 71 82
4 58 20 85 59
4 85 82 71 59
4 59 104 82 31
4 100 98 92 111
4 98 78 111 105
4 98 74 109 105
4 87 109 101 98
4 69 99 101 43
4 100 104 71 43
4 78 43 118 104
4 99 118 43 74
4 83 52 118 104
4 87 52 118 100
4 99 52 59 104
4 52 69 100 105
4 74 101 105 87
4 69 74 101 118
4 105 118 69 87
4 59 71 101 105
4 99 118 59 83
4 101 118 59 92
4 100 105 92 78
4 100 118 71 78
4 71 92 105 118
4 55 89 70 61
4 64 22 55 73
4 49 64 57 55
4 55 116 70 49
4 57 66 68 51
4 52 68 66 116
4 61 66 109 52
4 33 51 73 66
4 49 48 109 73
4 73 68 48 89
4 22 49 73 57
4 33 68 73 57
4 49 68 33 22
4 22 6 68 61
4 6 33 61 49
4 49 61 116 89
4 61 116 109 68
4 68 109 89 49
4 53 59 104 90
4 53 85 98 87
4 85 104 113 53
4 105 53 5 98
4 100 87 84 102
4 102 93 113 100
4 90 100 111 93
4 105 100 75 84
4 90 85 17 75
4 102 90 5 17
4 62 111 105 85
4 62 59 105 102
4 102 111 113 90
4 90 113 59 85
4 102 111 59 85
4 87 105 102 75
4 87 5 85 105
4 75 5 85 102
4 30 29 7 84
4 7 79 30 11
4 6 33 31 11
4 29 31 51 6
4 55 11 16 57
4 11 17 92 55
4 30 55 51 16
4 55 31 17 84
4 31 35 79 23
4 22 29 35 57
4 29 35 92 23
4 35 30 22 33
4 29 30 57 33
4 30 57 51 11
4 29 33 51 11
4 29 79 92 31
4 31 92 84 11
4 29 79 84 11
4 10 41 80 18
4 2 18 37 6
4 37 41 75 18
4 16 6 27 18
4 42 40 75 8
4 8 10 40 95
4 2 27 37 16
4 42 37 16 4
4 16 64 42 10
4 37 65 45 6
4 37 65 95 27
4 41 65 64 6
4 42 27 80 65
4 41 37 64 45
4 37 10 4 64
4 75 10 42 95
4 42 95 80 37
4 75 10 37 80
4 28 3 5 76
4 47 76 28 46
4 28 26 47 69
4 28 9 5 15
4 25 52 48 26
4 7 23 25 9
4 3 25 86 7
4 46 25 86 48
4 74 48 86 98
4 26 15 98 86
4 3 15 76 9
4 3 9 86 23
4 86 76 15 23
4 23 98 76 26
4 7 86 99 74
4 69 99 86 9
4 98 7 48 99
4 9 52 99 76
4 46 69 76 26
4 46 26 86 52
4 86 52 69 76
4 14 34 82 20
4 34 15 20 36
4 44 72 62 19
4 18 40 44 36
4 62 110 44 58
4 44 14 18 110
4 62 91 81 110
4 19 110 81 15
4 19 82 81 40
4 18 81 104 62
4 14 36 82 15
4 14 36 110 40
4 40 110 82 15
4 19 58 72 110
4 110 82 60 72
4 91 18 110 104
4 36 110 104 60
4 82 36 72 104
4 94 81 95 89
4 81 90 93 103
4 91 93 112 81
4 89 112 81 88
4 24 114 104 91
4 88 24 114 99
4 94 24 47 99
4 90 24 60 104
4 99 70 72 104
4 90 47 70 112
4 114 104 108 70
4 114 90 95 70
4 108 72 114 99
4 103 72 114 94
4 94 112 72 60
4 103 112 90 91
4 60 91 90 114
4 103 60 114 112
4 95 112 94 88
4 47 114 94 88
4 47 95 112 114
4 35 37 64 57
4 37 35 111 65
4 64 16 35 66
4 65 80 35 67
4 68 41 80 66
4 37 66 109 41
4 43 67 73 109
4 43 111 73 68
4 67 68 6 16
4 16 57 66 37
4 37 68 51 16
4 37 6 51 67
4 80 37 67 111
4 68 67 111 109
4 68 109 80 37
4 55 92 98 86
4 86 55 116 99
4 105 55 23 98
4 99 94 55 52
4 101 109 89 94
4 84 79 101 105
4 101 92 84 96
4 101 116 89 96
4 94 86 7 79
4 94 96 7 23
4 96 48 52 105
4 86 105 109 48
4 96 109 116 94
4 52 86 94 116
4 96 86 52 109
4 79 96 105 92
4 23 92 105 86
4 86 96 79 23
4 95 81 110 65
4 110 104 113 65
4 81 40 65 112
4 100 65 72 104
4 75 90 112 80
4 95 80 102 90
4 75 100 110 18
4 100 40 18 102
4 62 102 112 72
4 110 62 93 112
4 100 113 72 110
4 110 102 93 72
4 95 112 102 75
4 40 110 112 95
4 75 40 110 102
4 35 79 27 37
4 29 35 80 27
4 30 103 34 29
4 36 30 79 34
4 6 64 36 29
4 37 6 22 36
4 18 36 66 80
4 37 18 103 66
4 37 29 22 64
4 29 36 103 79
4 36 103 80 37
4 80 37 29 79
4 7 77 19 3
4 39 19 77 41
4 28 19 17 7
4 19 10 41 43
4 9 10 40 69
4 39 9 76 40
4 10 17 98 76
4 3 17 77 28
4 77 17 5 76
4 76 28 43 100
4 77 100 87 7
4 77 28 69 100
4 7 98 100 41
4 77 98 87 41
4 10 5 98 77
4 10 76 69 39
4 69 76 77 43
4 39 43 77 10
4 42 26 15 40
4 40 14 26 76
4 14 27 107 44
4 48 107 44 46
4 44 42 27 34
4 44 28 48 70
4 27 81 99 48
4 48 107 81 88
4 15 28 107 81
4 28 34 81 76
4 15 14 42 76
4 42 14 34 107
4 15 76 107 34
4 76 42 70 99
4 27 88 99 107
4 42 107 99 47
4 28 46 70 107
4 76 107 70 47
4 53 5 20 56
4 20 85 53 4
4 58 54 114 60
4 4 54 114 24
4 25 60 72 54
4 54 56 24 47
4 47 90 85 25
4 5 25 114 90
4 56 62 104 114
4 25 114 72 58
4 85 114 72 62
4 5 85 56 4
4 47 4 56 114
4 5 47 114 85
4 72 104 85 56
4 54 44 71 59
4 59 118 44 58
4 44 46 52 118
4 69 52 61 44
4 47 70 61 25
4 46 25 114 70
4 54 114 99 69
4 54 47 99 118
4 104 60 61 118
4 114 61 71 104
4 58 71 118 54
4 71 60 114 118
4 46 69 118 61
4 47 46 61 114
4 47 69 118 114
4 56 30 84 53
4 11 30 93 53
4 8 89 55 11
4 49 55 84 8
4 24 49 73 93
4 56 24 89 73
4 56 49 6 16
4 11 56 64 6
4 49 11 16 64
4 11 84 93 56
4 56 49 89 93
4 49 89 84 11
4 100 43 35 102
4 35 92 98 77
4 35 77 100 111
4 35 101 98 17
4 77 101 109 41
4 41 43 101 96
4 96 80 111 105
4 102 105 109 80
4 7 17 102 96
4 77 7 84 102
4 77 17 92 101
4 77 17 84 96
4 96 102 111 109
4 102 111 43 77
4 43 77 96 109
4 99 101 66 70
4 66 103 81 107
4 107 99 116 66
4 34 81 112 66
4 96 94 103 80
4 79 80 112 94
4 96 27 34 101
4 79 101 107 27
4 107 112 89 48
4 96 112 70 48
4 107 101 116 70
4 89 70 107 96
4 96 79 103 112
4 107 34 103 112
4 79 34 107 96
4 40 100 118 44
4 69 44 110 100
4 39 19 110 65
4 19 67 65 40
4 54 67 43 69
4 39 54 118 43
4 110 62 59 118
4 67 62 104 118
4 59 104 110 67
4 69 39 67 118
4 69 40 110 118
4 40 110 67 39
4 28 43 35 29
4 35 77 28 33
4 33 31 82 34
4 29 34 71 31
4 77 7 23 82
4 29 7 98 82
4 19 77 101 71
4 19 43 101 82
4 23 98 77 29
4 33 71 82 29
4 82 71 43 77
4 33 43 77 29
4 10 20 24 8
4 14 27 106 20
4 20 4 8 106
4 18 27 26 20
4 5 76 42 4
4 10 5 47 42
4 14 18 106 26
4 18 40 76 106
4 18 81 76 10
4 27 95 90 106
4 47 90 106 26
4 81 90 8 27
4 26 24 90 76
4 10 4 47 76
4 10 106 24 4
4 47 24 106 76
4 95 8 106 81
4 10 40 81 106
4 9 41 65 54
4 8 115 54 4
4 41 115 54 39
4 54 42 8 53
4 41 115 90 75
4 5 90 115 9
4 9 53 90 76
4 90 100 41 8
4 4 42 115 53
4 53 115 76 5
4 8 115 100 75
4 40 100 115 42
4 42 76 100 65
4 9 39 65 115
4 40 76 115 65
4 22 55 86 26
4 26 49 55 23
4 24 60 61 49
4 22 24 114 61
4 23 25 114 94
4 60 94 86 25
4 48 70 114 86
4 48 99 114 49
4 23 86 49 22
4 49 22 60 114
4 60 23 86 114
4 99 70 49 86
4 31 59 53 11
4 51 31 85 53
4 51 9 86 55
4 11 55 52 9
4 25 52 105 85
4 25 59 105 86
4 11 85 98 7
4 86 85 17 7
4 17 98 86 11
4 11 51 59 85
4 85 59 52 86
4 51 11 86 52
4 30 106 81 103
4 93 30 106 90
4 81 94 30 18
4 90 102 30 24
4 8 24 94 96
4 8 106 94 89
4 84 102 112 89
4 96 84 93 112
4 27 80 102 106
4 96 27 18 102
4 103 18 106 94
4 80 96 106 18
4 102 93 89 96
4 24 106 102 93
4 96 89 24 106
4 115 90 93 73
4 111 73 115 100
4 90 53 73 112
4 105 100 65 73
4 8 115 105 84
4 8 96 105 53
4 41 65 112 96
4 41 80 112 115
4 115 65 111 105
4 80 96 115 65
4 115 53 93 112
4 53 84 96 115
4 44 71 101 107
4 44 118 101 34
4 33 66 107 28
4 28 68 66 34
4 33 61 118 43
4 43 71 61 68
4 48 99 118 68
4 107 118 52 48
4 99 52 68 107
4 33 68 118 71
4 34 107 118 71
4 34 107 68 33
4 26 106 30 22
4 26 29 30 24
4 29 23 60 36
4 22 23 82 36
4 29 27 81 82
4 82 34 27 106
4 24 94 82 20
4 60 94 106 20
4 22 60 82 29
4 24 106 29 22
4 60 82 106 24
4 29 34 81 106
4 28 15 20 117
4 9 117 20 5
4 19 28 26 20
4 10 20 25 9
4 10 19 44 42
4 19 117 26 15
4 42 40 19 117
4 25 54 42 26
4 28 117 54 69
4 26 117 54 47
4 54 44 28 9
4 10 117 25 5
4 42 117 25 47
4 69 9 117 44
4 40 44 117 10
4 22 61 119 30
4 35 119 61 33
4 61 36 30 55
4 31 35 66 61
4 30 35 101 94
4 79 94 119 35
4 23 31 119 94
4 31 82 94 55
4 22 36 119 55
4 55 119 82 23
4 66 101 82 36
4 101 119 30 79
4 36 34 101 119
4 33 31 119 66
4 82 119 66 34
4 16 35 77 10
4 35 17 10 37
4 37 67 62 18
4 18 110 67 16
4 17 102 110 19
4 19 62 102 77
4 41 100 110 37
4 77 110 65 41
4 16 37 77 17
4 37 16 62 110
4 62 17 77 110
4 65 100 77 37
4 64 65 110 36
4 37 36 72 65
4 42 37 66 70
4 64 66 107 42
4 107 44 72 112
4 70 112 110 44
4 27 107 110 18
4 27 81 110 37
4 37 107 81 18
4 64 37 110 72
4 110 107 70 72
4 37 107 70 64
4 25 54 67 31
4 31 71 44 117
4 59 54 117 31
4 44 61 31 19
4 9 52 61 117
4 9 25 61 68
4 68 51 59 118
4 51 52 118 67
4 28 68 67 19
4 43 67 117 28
4 71 61 117 19
4 43 19 117 68
4 67 68 52 59
4 59 25 117 67
4 68 52 25 117
4 66 73 105 101
4 94 119 73 89
4 101 119 73 109
4 94 112 73 55
4 102 119 66 80
4 109 105 119 66
4 102 112 66 35
4 30 55 105 102
4 84 105 119 30
4 35 119 112 80
4 84 55 119 102
4 89 55 119 112
4 59 105 115 54
4 54 118 105 53
4 68 9 53 73
4 51 73 115 9
4 43 118 115 41
4 41 68 118 100
4 43 100 115 68
4 53 59 118 115
4 51 68 115 53
4 11 10 18 30
4 16 10 106 30
4 17 85 56 16
4 11 56 62 17
4 53 85 106 8
4 11 8 90 85
4 20 106 102 62
4 20 85 102 18
4 11 16 62 85
4 18 106 11 16
4 62 18 106 85
4 90 53 11 106
4 26 29 31 25
4 26 23 31 117
4 34 36 117 28
4 28 44 36 29
4 61 117 20 60
4 20 36 61 25
4 29 23 25 117
4 36 60 25 117
4 29 34 44 117
4 31 67 73 55
4 16 67 119 30
4 55 51 67 119
4 56 67 35 30
4 17 102 119 31
4 35 102 85 31
4 35 16 56 119
4 35 119 85 17
4 56 119 105 53
4 105 73 56 85
4 51 31 119 73
4 53 73 119 85
4 29 7 41 37
4 6 29 77 41
4 27 107 68 6
4 37 27 48 68
4 48 96 77 28
4 28 7 96 107
4 107 77 35 66
4 37 35 101 107
4 7 6 37 77
4 48 6 37 107
4 48 7 77 107
4 37 77 101 66
4 56 72 70 49
4 64 56 114 70
4 54 65 112 114
4 54 72 112 115
4 73 64 42 115
4 42 65 73 49
4 8 90 114 49
4 24 114 115 8
4 49 115 90 24
4 64 49 114 72
4 115 65 72 114
4 64 65 115 49
4 77 100 104 82
4 98 82 110 100
4 76 107 101 98
4 77 101 99 76
4 110 81 99 118
4 81 104 118 107
4 44 28 77 110
4 28 19 110 107
4 19 77 107 44
4 98 77 110 104
4 107 110 104 99
4 99 98 77 107
4 72 36 117 54
4 56 54 44 36
4 44 42 49 61
4 42 70 61 117
4 26 117 56 24
4 49 26 20 56
4 24 49 117 20
4 72 56 117 44
4 44 117 49 70
4 52 61 119 105
4 55 61 118 105
4 101 43 67 119
4 35 101 118 67
4 43 118 119 35
4 52 118 119 55
4 29 6 8 106
4 27 8 11 29
4 7 48 49 11
4 7 86 49 6
4 11 30 94 86
4 86 106 30 55
4 26 27 96 86
4 26 106 96 48
4 6 11 86 48
4 6 27 106 11
4 86 106 27 48
4 55 11 106 94
4 17 31 117 10
4 10 11 31 19
4 11 56 54 9
4 53 9 117 56
4 19 67 56 20
4 20 62 67 117
4 17 19 117 11
4 62 19 117 56
4 54 117 11 53
4 8 115 68 6
4 68 49 8 41
4 7 96 115 9
4 41 9 86 96
4 49 115 105 55
4 73 55 86 115
4 49 6 41 115
4 41 7 86 115
4 73 105 86 49
4 66 119 56 64
4 36 66 73 56
4 67 110 112 73
4 67 119 112 65
4 18 102 119 36
4 36 30 102 110
4 18 110 119 30
4 36 119 73 64
4 73 65 110 119
4 70 112 119 61
4 114 61 66 112
4 30 56 114 94
4 24 94 119 56
4 24 114 119 30
4 114 70 66 119
4 99 114 85 98
4 85 86 99 104
4 90 104 118 115
4 100 90 114 118
4 86 105 100 76
4 76 115 105 98
4 114 25 9 115
4 9 54 114 86
4 25 86 115 54
4 104 98 86 114
4 104 114 115 100
4 98 100 115 86
4 82 81 90 85
4 82 104 90 106
4 76 106 94 99
4 76 81 94 86
4 86 26 20 85
4 26 25 85 106
4 20 25 86 106
4 104 85 106 81
4 99 81 106 86
4 36 20 10 37
4 18 10 117 36
4 42 65 67 117
4 37 42 54 67
4 20 117 37 18
4 65 37 117 54
4 35 77 106 30
4 29 30 102 77
4 41 10 106 96
4 10 8 96 77
4 8 41 77 106
4 35 29 106 102
4 28 9 11 29
4 9 7 29 117
4 55 49 117 31
4 11 49 61 31
4 48 68 117 26
4 28 26 49 68
4 7 11 117 28
4 48 28 117 49
4 61 55 11 117
4 115 68 66 112
4 73 112 107 68
4 42 27 96 115
4 8 96 107 42
4 27 8 115 107
4 66 73 115 107
4 82 101 105 85
4 98 85 119 101
4 102 100 118 119
4 102 110 118 105
4 19 82 119 67
4 67 110 82 31
4 31 19 110 119
4 82 119 105 98
4 100 105 119 110
4 94 114 118 101
4 94 99 118 119
4 25 61 119 85
4 31 85 114 61
4 31 119 114 25
4 99 101 119 114
4 76 81 112 115
4 90 112 107 76
4 42 54 118 107
4 44 42 115 118
4 44 107 115 54
4 90 81 107 115
4 77 76 90 102
4 100 102 106 76
4 10 106 82 19
4 77 10 20 82
4 20 106 77 19
4 100 90 106 77
4 29 117 42 27
4 29 26 42 37
4 36 37 68 61
4 66 36 117 68
4 26 117 37 27
4 66 61 117 37
4 37 29 31 67
4 35 31 117 37
4 10 37 68 9
4 41 10 117 68
4 37 117 9 41
4 29 117 67 35
4 105 118 107 96
4 96 101 118 115
4 76 28 68 115
4 68 107 76 9
4 28 9 115 107
4 107 115 105 101
4 81 94 119 110
4 82 94 112 110
4 102 112 114 85
4 90 114 119 102
4 56 119 82 20
4 85 56 36 82
4 20 85 119 36
4 81 82 119 112
4 85 119 112 90
4 36 110 118 61
4 44 110 119 61
4 36 119 118 44
4 96 106 82 101
4 82 94 96 77
4 76 26 29 77
4 29 28 76 106
4 26 28 77 106
4 77 106 94 101
4 10 11 49 42
4 8 42 117 11
4 68 117 56 73
4 49 68 67 56
4 67 73 49 117
4 8 49 117 10
4 30 36 117 11
4 29 36 56 11
4 30 56 117 29
4 115 96 94 114
4 96 86 114 112
4 86 49 42 76
4 26 49 115 76
4 42 26 86 115
4 115 86 94 112
4 54 114 119 67
4 67 56 114 118
4 54 118 119 56
4 102 85 86 96
4 96 105 85 106
4 11 106 76 9
4 10 76 86 11
4 105 86 106 102
4 9 10 106 86
4 11 85 82 29
4 11 106 82 31
4 29 31 85 106
4 112 96 77 110
4 110 102 96 107
4 37 107 76 10
4 37 77 76 42
4 102 112 107 77
4 42 107 77 10
4 68 49 114 118
4 68 115 114 61
4 49 115 118 61
4 77 37 36 82
4 37 29 82 110
4 29 36 110 77
4 67 110 107 68
4 68 37 110 118
4 37 107 118 67
4 11 49 114 85
4 86 49 56 85
4 11 56 114 86

# Cells
20 0 1 2 3 4 5 6 7 8 9 10 11 12 13 14 15 16 17 18 19
20 20 21 22 23 24 25 26 27 28 29 30 31 32 33 34 35 36 37 38 39
20 40 41 42 43 44 45 46 47 48 49 50 51 52 53 54 55 56 57 58 59
20 60 61 62 63 64 65 66 67 68 69 70 71 72 73 74 75 76 77 78 79
20 80 81 82 83 84 85 86 87 88 89 90 91 92 93 94 95 96 97 98 99
20 100 101 102 103 104 105 106 107 108 109 110 111 112 113 114 115 116 117 118 119
20 120 121 122 123 124 125 126 127 128 129 130 131 132 133 134 135 136 137 138 139
20 140 141 142 143 144 145 146 147 148 149 150 151 152 153 154 155 156 157 158 159
20 160 161 162 163 164 165 166 167 168 169 170 171 172 173 174 175 176 177 178 179
20 180 181 182 183 184 185 186 187 188 189 190 191 192 193 194 195 196 197 198 199
20 200 201 202 203 204 205 206 207 208 209 210 211 212 213 214 215 216 217 218 219
20 220 221 222 223 224 225 226 227 228 229 230 231 232 233 234 235 236 237 238 239
20 240 241 242 243 244 245 246 247 248 249 250 251 252 253 254 255 256 257 258 259
20 260 261 262 263 264 265 266 267 268 269 270 271 272 273 274 275 276 277 278 279
20 280 281 282 283 284 285 286 287 288 289 290 291 292 293 294 295 296 297 298 299
20 300 301 302 303 304 305 306 307 308 309 310 311 312 313 314 315 316 317 318 319
20 320 321 322 323 324 325 326 327 328 329 330 331 332 333 334 335 336 337 338 339
20 340 341 342 343 344 345 346 347 348 349 350 351 352 353 354 355 356 357 358 359
20 360 361 362 363 364 365 366 367 368 369 370 371 372 373 374 375 376 377 378 379
20 380 381 382 383 384 385 386 387 388 389 390 391 392 393 394 395 396 397 398 399
20 400 401 402 403 404 405 406 407 408 409 410 411 412 413 414 415 416 417 418 419
20 420 421 422 423 424 425 426 427 428 429 430 431 432 433 434 435 436 437 438 439
20 440 441 442 443 444 445 446 447 448 449 450 451 452 453 454 455 456 457 458 459
20 460 461 462 463 464 465 466 467 468 469 470 471 472 473 474 475 476 477 478 479
20 480 481 482 483 484 485 486 487 488 489 490 491 492 493 494 495 496 497 498 499
20 500 501 502 503 504 505 506 507 508 509 510 511 512 513 514 515 516 517 518 519
20 520 521 522 523 524 525 526 527 528 529 530 531 532 533 534 535 536 537 538 539
20 540 541 542 543 544 545 546 547 548 549 550 551 552 553 554 555 556 557 558 559
20 560 561 562 563 564 565 566 567 568 569 570 571 572 573 574 575 576 577 578 579
20 580 581 582 583 584 585 586 587 588 589 590 591 592 593 594 595 596 597 598 599
20 600 601 602 603 604 605 606 607 608 609 610 611 612 613 614 615 616 617 618 619
20 620 621 622 623 624 625 626 627 628 629 630 631 632 633 634 635 636 637 638 639
20 640 641 642 643 644 645 646 647 648 649 650 651 652 653 654 655 656 657 658 659
20 660 661 662 663 664 665 666 667 668 669 670 671 672 673 674 675 676 677 678 679
20 680 681 682 683 684 685 686 687 688 689 690 691 692 693 694 695 696 697 698 699
20 700 701 702 703 704 705 706 707 708 709 710 711 712 713 714 715 716 717 718 719
20 720 721 722 723 724 725 726 727 728 729 730 731 732 733 734 735 736 737 738 739
20 740 741 742 743 744 745 746 747 748 749 750 751 752 753 754 755 756 757 758 759
20 760 761 762 763 764 765 766 767 768 769 770 771 772 773 774 775 776 777 778 779
20 780 781 782 783 784 785 786 787 788 789 790 791 792 793 794 795 796 797 798 799
20 800 801 802 803 804 805 806 807 808 809 810 811 812 813 814 815 816 817 818 819
20 820 821 822 823 824 825 826 827 828 829 830 831 832 833 834 835 836 837 838 839
20 840 841 842 843 844 845 846 847 848 849 850 851 852 853 854 855 856 857 858 859
20 860 861 862 863 864 865 866 867 868 869 870 871 872 873 874 875 876 877 878 879
20 880 881 882 883 884 885 886 887 888 889 890 891 892 893 894 895 896 897 898 899
20 900 901 902 903 904 905 906 907 908 909 910 911 912 913 914 915 916 917 918 919
20 920 921 922 923 924 925 926 927 928 929 930 931 932 933 934 935 936 937 938 939
20 940 941 942 943 944 945 946 947 948 949 950 951 952 953 954 955 956 957 958 959
20 960 961 962 963 964 965 966 967 968 969 970 971 972 973 974 975 976 977 978 979
20 980 981 982 983 984 985 986 987 988 989 990 991 992 993 994 995 996 997 998 999
20 1000 1001 1002 1003 1004 1005 1006 1007 1008 1009 1010 1011 1012 1013 1014 1015 1016 1017 1018 1019
20 1020 1021 1022 1023 1024 1025 1026 1027 1028 1029 1030 1031 1032 1033 1034 1035 1036 1037 1038 1039
20 1040 1041 1042 1043 1044 1045 1046 1047 1048 1049 1050 1051 1052 1053 1054 1055 1056 1057 1058 1059
20 1060 1061 1062 1063 1064 1065 1066 1067 1068 1069 1070 1071 1072 1073 1074 1075 1076 1077 1078 1079
20 1080 1081 1082 1083 1084 1085 1086 1087 1088 1089 1090 1091 1092 1093 1094 1095 1096 1097 1098 1099
20 1100 1101 1102 1103 1104 1105 1106 1107 1108 1109 1110 1111 1112 1113 1114 1115 1116 1117 1118 1119
20 1120 1121 1122 1123 1124 1125 1126 1127 1128 1129 1130 1131 1132 1133 1134 1135 1136 1137 1138 1139
20 1140 1141 1142 1143 1144 1145 1146 1147 1148 1149 1150 1151 1152 1153 1154 1155 1156 1157 1158 1159
20 1160 1161 1162 1163 1164 1165 1166 1167 1168 1169 1170 1171 1172 1173 1174 1175 1176 1177 1178 1179
20 1180 1181 1182 1183 1184 1185 1186 1187 1188 1189 1190 1191 1192 1193 1194 1195 1196 1197 1198 1199
20 1200 1201 1202 1203 1204 1205 1206 1207 1208 1209 1210 1211 1212 1213 1214 1215 1216 1217 1218 1219
20 1220 1221 1222 1223 1224 1225 1226 1227 1228 1229 1230 1231 1232 1233 1234 1235 1236 1237 1238 1239
20 1240 1241 1242 1243 1244 1245 1246 1247 1248 1249 1250 1251 1252 1253 1254 1255 1256 1257 1258 1259
20 1260 1261 1262 1263 1264 1265 1266 1267 1268 1269 1270 1271 1272 1273 1274 1275 1276 1277 1278 1279
20 1280 1281 1282 1283 1284 1285 1286 1287 1288 1289 1290 1291 1292 1293 1294 1295 1296 1297 1298 1299
20 1300 1301 1302 1303 1304 1305 1306 1307 1308 1309 1310 1311 1312 1313 1314 1315 1316 1317 1318 1319
20 1320 1321 1322 1323 1324 1325 1326 1327 1328 1329 1330 1331 1332 1333 1334 1335 1336 1337 1338 1339
20 1340 1341 1342 1343 1344 1345 1346 1347 1348 1349 1350 1351 1352 1353 1354 1355 1356 1357 1358 1359
20 1360 1361 1362 1363 1364 1365 1366 1367 1368 1369 1370 1371 1372 1373 1374 1375 1376 1377 1378 1379
20 1380 1381 1382 1383 1384 1385 1386 1387 1388 1389 1390 1391 1392 1393 1394 1395 1396 1397 1398 1399
20 1400 1401 1402 1403 1404 1405 1406 1407 1408 1409 1410 1411 1412 1413 1414 1415 1416 1417 1418 1419
20 1420 1421 1422 1423 1424 1425 1426 1427 1428 1429 1430 1431 1432 1433 1434 1435 1436 1437 1438 1439
20 1440 1441 1442 1443 1444 1445 1446 1447 1448 1449 1450 1451 1452 1453 1454 1455 1456 1457 1458 1459
20 1460 1461 1462 1463 1464 1465 1466 1467 1468 1469 1470 1471 1472 1473 1474 1475 1476 1477 1478 1479
20 1480 1481 1482 1483 1484 1485 1486 1487 1488 1489 1490 1491 1492 1493 1494 1495 1496 1497 1498 1499
20 1500 1501 1502 1503 1504 1505 1506 1507 1508 1509 1510 1511 1512 1513 1514 1515 1516 1517 1518 1519
20 1520 1521 1522 1523 1524 1525 1526 1527 1528 1529 1530 1531 1532 1533 1534 1535 1536 1537 1538 1539
20 1540 1541 1542 1543 1544 1545 1546 1547 1548 1549 1550 1551 1552 1553 1554 1555 1556 1557 1558 1559
20 1560 1561 1562 1563 1564 1565 1566 1567 1568 1569 1570 1571 1572 1573 1574 1575 1576 1577 1578 1579
20 1580 1581 1582 1583 1584 1585 1586 1587 1588 1589 1590 1591 1592 1593 1594 1595 1596 1597 1598 1599
20 1600 1601 1602 1603 1604 1605 1606 1607 1608 1609 1610 1611 1612 1613 1614 1615 1616 1617 1618 1619
20 1620 1621 1622 1623 1624 1625 1626 1627 1628 1629 1630 1631 1632 1633 1634 1635 1636 1637 1638 1639
20 1640 1641 1642 1643 1644 1645 1646 1647 1648 1649 1650 1651 1652 1653 1654 1655 1656 1657 1658 1659
20 1660 1661 1662 1663 1664 1665 1666 1667 1668 1669 1670 1671 1672 1673 1674 1675 1676 1677 1678 1679
20 1680 1681 1682 1683 1684 1685 1686 1687 1688 1689 1690 1691 1692 1693 1694 1695 1696 1697 1698 1699
20 1700 1701 1702 1703 1704 1705 1706 1707 1708 1709 1710 1711 1712 1713 1714 1715 1716 1717 1718 1719
20 1720 1721 1722 1723 1724 1725 1726 1727 1728 1729 1730 1731 1732 1733 1734 1735 1736 1737 1738 1739
20 1740 1741 1742 1743 1744 1745 1746 1747 1748 1749 1750 1751 1752 1753 1754 1755 1756 1757 1758 1759
20 1760 1761 1762 1763 1764 1765 1766 1767 1768 1769 1770 1771 1772 1773 1774 1775 1776 1777 1778 1779
20 1780 1781 1782 1783 1784 1785 1786 1787 1788 1789 1790 1791 1792 1793 1794 1795 1796 1797 1798 1799
20 1800 1801 1802 1803 1804 1805 1806 1807 1808 1809 1810 1811 1812 1813 1814 1815 1816 1817 1818 1819
20 1820 1821 1822 1823 1824 1825 1826 1827 1828 1829 1830 1831 1832 1833 1834 1835 1836 1837 1838 1839
20 1840 1841 1842 1843 1844 1845 1846 1847 1848 1849 1850 1851 1852 1853 1854 1855 1856 1857 1858 1859
20 1860 1861 1862 1863 1864 1865 1866 1867 1868 1869 1870 1871 1872 1873 1874 1875 1876 1877 1878 1879
20 1880 1881 1882 1883 1884 1885 1886 1887 1888 1889 1890 1891 1892 1893 1894 1895 1896 1897 1898 1899
20 1900 1901 1902 1903 1904 1905 1906 1907 1908 1909 1910 1911 1912 1913 1914 1915 1916 1917 1918 1919
20 1920 1921 1922 1923 1924 1925 1926 1927 1928 1929 1930 1931 1932 1933 1934 1935 1936 1937 1938 1939
20 1940 1941 1942 1943 1944 1945 1946 1947 1948 1949 1950 1951 1952 1953 1954 1955 1956 1957 1958 1959
20 1960 1961 1962 1963 1964 1965 1966 1967 1968 1969 1970 1971 1972 1973 1974 1975 1976 1977 1978 1979
20 1980 1981 1982 1983 1984 1985 1986 1987 1988 1989 1990 1991 1992 1993 1994 1995 1996 1997 1998 1999
20 2000 2001 2002 2003 2004 2005 2006 2007 2008 2009 2010 2011 2012 2013 2014 2015 2016 2017 2018 2019
20 2020 2021 2022 2023 2024 2025 2026 2027 2028 2029 2030 2031 2032 2033 2034 2035 2036 2037 2038 2039
20 2040 2041 2042 2043 2044 2045 2046 2047 2048 2049 2050 2051 2052 2053 2054 2055 2056 2057 2058 2059
20 2060 2061 2062 2063 2064 2065 2066 2067 2068 2069 2070 2071 2072 2073 2074 2075 2076 2077 2078 2079
20 2080 2081 2082 2083 2084 2085 2086 2087 2088 2089 2090 2091 2092 2093 2094 2095 2096 2097 2098 2099
20 2100 2101 2102 2103 2104 2105 2106 2107 2108 2109 2110 2111 2112 2113 2114 2115 2116 2117 2118 2119
20 2120 2121 2122 2123 2124 2125 2126 2127 2128 2129 2130 2131 2132 2133 2134 2135 2136 2137 2138 2139
20 2140 2141 2142 2143 2144 2145 2146 2147 2148 2149 2150 2151 2152 2153 2154 2155 2156 2157 2158 2159
20 2160 2161 2162 2163 2164 2165 2166 2167 2168 2169 2170 2171 2172 2173 2174 2175 2176 2177 2178 2179
20 2180 2181 2182 2183 2184 2185 2186 2187 2188 2189 2190 2191 2192 2193 2194 2195 2196 2197 2198 2199
20 2200 2201 2202 2203 2204 2205 2206 2207 2208 2209 2210 2211 2212 2213 2214 2215 2216 2217 2218 2219
20 2220 2221 2222 2223 2224 2225 2226 2227 2228 2229 2230 2231 2232 2233 2234 2235 2236 2237 2238 2239
20 2240 2241 2242 2243 2244 2245 2246 2247 2248 2249 2250 2251 2252 2253 2254 2255 2256 2257 2258 2259
20 2260 2261 2262 2263 2264 2265 2266 2267 2268 2269 2270 2271 2272 2273 2274 2275 2276 2277 2278 2279
20 2280 2281 2282 2283 2284 2285 2286 2287 2288 2289 2290 2291 2292 2293 2294 2295 2296 2297 2298 2299
20 2300 2301 2302 2303 2304 2305 2306 2307 2308 2309 2310 2311 2312 2313 2314 2315 2316 2317 2318 2319
20 2320 2321 2322 2323 2324 2325 2326 2327 2328 2329 2330 2331 2332 2333 2334 2335 2336 2337 2338 2339
20 2340 2341 2342 2343 2344 2345 2346 2347 2348 2349 2350 2351 2352 2353 2354 2355 2356 2357 2358 2359
20 2360 2361 2362 2363 2364 2365 2366 2367 2368 2369 2370 2371 2372 2373 2374 2375 2376 2377 2378 2379
20 2380 2381 2382 2383 2384 2385 2386 2387 2388 2389 2390 2391 2392 2393 2394 2395 2396 2397 2398 2399
5 0 1114 2400 2401 2402
5 20 1107 2403 2404 2405
5 40 1105 2406 2407 2408
5 60 1111 2409 2410 2411
5 80 1117 2412 2413 2414
5 100 1116 2415 2416 2417
5 120 1113 2418 2419 2420
5 140 1100 2421 2422 2423
5 160 1110 2424 2425 2426
5 180 1101 2427 2428 2429
5 200 1119 2430 2431 2432
5 220 1102 2433 2434 2435
5 240 1109 2436 2437 2438
5 260 1118 2439 2440 2441
5 280 1104 2442 2443 2444
5 300 1106 2445 2446 2447
5 320 1103 2448 2449 2450
5 340 1108 2451 2452 2453
5 360 1115 2454 2455 2456
5 380 1112 2457 2458 2459
5 81 754 2460 2461 2462
5 1 751 2463 2464 2465
5 21 746 2466 2467 2468
5 41 745 2469 2470 2471
5 61 749 2472 2473 2474
5 400 756 2475 2476 2477
5 420 740 2478 2479 2480
5 440 758 2481 2482 2483
5 460 759 2484 2485 2486
5 480 753 2487 2488 2489
5 500 741 2490 2491 2492
5 521 752 2493 2494 2495
5 541 742 2496 2497 2498
5 560 744 2499 2500 2501
5 580 747 2502 2503 2504
5 600 757 2505 2506 2507
5 621 743 2508 2509 2510
5 642 748 2511 2512 2513
5 660 755 2514 2515 2516
5 682 750 2517 2518 2519
5 122 431 2520 2521 2522
5 22 426 2508 2523 2524
5 142 425 2525 2526 2527
5 62 429 2499 2528 2529
5 101 434 2530 2531 2532
5 438 700 2533 2534 2535
5 436 720 2536 2537 2538
5 433 761 2539 2540 2541
5 421 782 2542 2543 2544
5 439 800 2545 2546 2547
5 422 822 2548 2549 2550
5 432 841 2551 2552 2553
5 437 860 2554 2555 2556
5 424 563 2472 2557 2558
5 427 588 2511 2559 2560
5 423 622 2466 2561 2562
5 428 645 2503 2563 2564
5 435 885 2565 2566 2567
5 430 905 2568 2569 2570
5 202 515 2571 2572 2573
5 162 511 2574 2575 2576
5 42 506 2496 2577 2578
5 185 505 2579 2580 2581
5 2 509 2500 2582 2583
5 514 721 2584 2585 2586
5 518 920 2587 2588 2589
5 504 564 2463 2590 2591
5 517 862 2592 2593 2594
5 507 591 2517 2595 2596
5 519 940 2597 2598 2599
5 513 961 2600 2601 2602
5 501 982 2603 2604 2605
5 512 1001 2606 2607 2608
5 502 1022 2609 2610 2611
5 503 542 2469 2612 2613
5 508 685 2504 2614 2615
5 516 1045 2616 2617 2618
5 510 1065 2619 2620 2621
5 155 442 2622 2623 2624
5 153 402 2625 2626 2627
5 23 144 2448 2551 2628
5 63 149 2442 2539 2629
5 156 1080 2630 2631 2632
5 157 1120 2633 2634 2635
5 159 1140 2636 2637 2638
5 151 762 2528 2639 2640
5 141 785 2548 2641 2642
5 150 842 2523 2643 2644
5 145 825 2542 2645 2646
5 158 1160 2647 2648 2649
5 147 283 2409 2650 2651
5 143 308 2451 2652 2653
5 146 323 2403 2654 2655
5 148 346 2446 2656 2657
5 154 1185 2658 2659 2660
5 152 1205 2661 2662 2663
5 242 548 2664 2665 2666
5 82 550 2509 2667 2668
5 45 545 2490 2669 2670
5 225 546 2671 2672 2673
5 205 552 2610 2674 2675
5 559 1220 2676 2677 2678
5 557 701 2679 2680 2681
5 553 865 2620 2682 2683
5 547 649 2515 2684 2685
5 544 624 2460 2686 2687
5 556 1241 2688 2689 2690
5 540 1262 2691 2692 2693
5 558 1280 2694 2695 2696
5 543 1023 2571 2697 2698
5 555 1301 2699 2700 2701
5 551 668 2513 2702 2703
5 554 1322 2704 2705 2706
5 549 1066 2592 2707 2708
5 282 787 2625 2709 2710
5 305 788 2661 2711 2712
5 121 791 2557 2713 2714
5 262 795 2715 2716 2717
5 602 797 2718 2719 2720
5 562 784 2520 2721 2722
5 585 789 2568 2723 2724
5 401 793 2650 2725 2726
5 799 1340 2727 2728 2729
5 794 960 2730 2731 2732
5 798 1360 2733 2734 2735
5 780 980 2736 2737 2738
5 783 1382 2739 2740 2741
5 792 1201 2652 2742 2743
5 796 1040 2744 2745 2746
5 781 821 2525 2747 2748
5 790 901 2559 2749 2750
5 786 1402 2751 2752 2753
5 191 482 2754 2755 2756
5 43 186 2433 2606 2757
5 3 189 2443 2600 2758
5 195 462 2759 2760 2761
5 198 1420 2762 2763 2764
5 194 1081 2765 2766 2767
5 197 1161 2768 2769 2770
5 184 284 2400 2771 2772
5 187 309 2457 2773 2774
5 196 1365 2775 2776 2777
5 193 962 2582 2778 2779
5 181 985 2609 2780 2781
5 199 1440 2782 2783 2784
5 182 1025 2603 2785 2786
5 192 1002 2577 2787 2788
5 183 223 2406 2789 2790
5 188 386 2447 2791 2792
5 190 1465 2793 2794 2795
5 53 722 2575 2796 2797
5 24 44 2436 2493 2798
5 47 64 2424 2487 2799
5 55 702 2665 2800 2801
5 57 1122 2802 2803 2804
5 56 1082 2755 2805 2806
5 59 1480 2807 2808 2809
5 51 483 2473 2765 2810
5 54 1305 2672 2811 2812
5 49 163 2410 2584 2813
5 50 522 2467 2814 2815
5 58 1500 2816 2817 2818
5 52 1005 2580 2819 2820
5 46 226 2427 2699 2821
5 48 243 2404 2679 2822
5 105 632 2549 2823 2824
5 325 626 2825 2826 2827
5 25 625 2478 2828 2829
5 245 628 2692 2830 2831
5 85 630 2497 2832 2833
5 637 921 2834 2835 2836
5 639 1520 2837 2838 2839
5 633 868 2569 2704 2840
5 627 689 2506 2841 2842
5 638 1541 2843 2844 2845
5 636 1561 2846 2847 2848
5 620 1264 2664 2849 2850
5 635 1341 2851 2852 2853
5 629 907 2555 2854 2855
5 608 631 2519 2856 2857
5 623 824 2530 2858 2859
5 634 1324 2683 2860 2861
5 265 834 2740 2862 2863
5 345 828 2658 2864 2865
5 322 827 2622 2849 2866
5 102 830 2561 2867 2868
5 441 833 2654 2869 2870
5 648 829 2565 2871 2872
5 605 835 2752 2860 2873
5 839 1580 2874 2875 2876
5 838 1600 2877 2878 2879
5 837 1240 2880 2881 2882
5 820 1260 2825 2883 2884
5 832 1181 2656 2885 2886
5 823 1383 2715 2887 2888
5 836 1320 2856 2889 2890
5 831 881 2563 2891 2892
5 826 1403 2718 2893 2894
5 234 465 2785 2895 2896
5 230 523 2802 2897 2898
5 83 229 2449 2688 2899
5 236 1121 2814 2900 2901
5 238 1620 2902 2903 2904
5 235 1162 2794 2905 2906
5 224 324 2412 2907 2908
5 227 347 2455 2909 2910
5 233 1242 2667 2911 2912
5 237 1602 2913 2914 2915
5 221 1265 2697 2916 2917
5 239 1640 2918 2919 2920
5 232 1302 2669 2921 2922
5 222 1026 2691 2759 2923
5 231 1466 2768 2924 2925
5 228 368 2453 2926 2927
5 362 995 2928 2929 2930
5 161 990 2590 2931 2932
5 281 987 2721 2754 2933
5 302 988 2739 2793 2934
5 561 984 2574 2709 2935
5 662 997 2936 2937 2938
5 582 991 2619 2751 2939
5 481 993 2771 2940 2941
5 760 994 2942 2943 2944
5 880 996 2945 2946 2947
5 999 1300 2948 2949 2950
5 998 1180 2951 2952 2953
5 992 1461 2773 2954 2955
5 983 1381 2711 2956 2957
5 981 1021 2579 2958 2959
5 989 1061 2595 2960 2961
5 986 1401 2723 2962 2963
5 315 802 2964 2965 2966
5 311 763 2631 2931 2967
5 123 307 2425 2730 2968
5 314 963 2713 2766 2969
5 164 304 2419 2942 2970
5 316 942 2971 2972 2973
5 313 1083 2639 2778 2974
5 318 1660 2975 2976 2977
5 317 1501 2978 2979 2980
5 319 1680 2981 2982 2983
5 312 1202 2641 2984 2985
5 301 1385 2737 2986 2987
5 303 343 2422 2988 2989
5 306 383 2429 2990 2991
5 310 1462 2781 2992 2993
5 36 922 2830 2994 2995
5 4 27 2418 2475 2996
5 33 723 2521 2805 2997
5 31 403 2464 2630 2998
5 35 1342 2826 2999 3000
5 29 124 2401 2536 3001
5 34 1084 2626 2796 3002
5 37 1422 3003 3004 3005
5 38 1661 3006 3007 3008
5 39 1700 3009 3010 3011
5 30 525 2470 3012 3013
5 32 845 2526 3014 3015
5 28 246 2407 2834 3016
5 26 326 2421 2851 3017
5 165 570 2604 3018 3019
5 5 568 2491 3020 3021
5 285 565 2736 3022 3023
5 65 566 2479 3024 3025
5 125 572 2543 3026 3027
5 579 1521 3028 3029 3030
5 577 1221 3031 3032 3033
5 567 671 2507 2945 3034
5 573 869 2566 2616 3035
5 576 1721 3036 3037 3038
5 578 1741 3039 3040 3041
5 575 1581 3042 3043 3044
5 569 609 2516 2744 3045
5 571 887 2556 2938 3046
5 574 1047 2594 2720 3047
5 330 526 2916 3003 3048
5 86 328 2434 2846 3049
5 332 445 2645 3050 3051
5 339 1760 3052 3053 3054
5 337 1421 3012 3055 3056
5 335 1345 2828 3057 3058
5 331 1207 2647 3059 3060
5 268 329 2459 2877 3061
5 333 1163 2662 2914 3062
5 327 387 2440 3063 3064
5 336 1562 2832 3065 3066
5 338 1781 3067 3068 3069
5 321 1267 2858 2897 3070
5 334 1604 2863 2905 3071
5 385 1028 2775 3072 3073
5 201 1032 2612 3074 3075
5 365 1030 2913 2956 3076
5 665 1031 2705 2962 3077
5 688 1029 2617 3078 3079
5 461 1035 2789 3080 3081
5 1039 1720 3082 3083 3084
5 1038 1560 3085 3086 3087
5 1037 1601 2926 3088 3089
5 1020 1261 2671 3090 3091
5 1024 1384 2928 3092 3093
5 1027 1404 2937 3094 3095
5 1036 1361 2791 3096 3097
5 1033 1041 2615 3098 3099
5 1034 1321 2703 3100 3101
5 351 843 2634 3102 3103
5 103 349 2437 2880 3104
5 355 805 2986 3105 3106
5 357 1282 3107 3108 3109
5 354 1243 2867 2900 3110
5 341 1268 2887 2924 3111
5 244 344 2415 3112 3113
5 358 1800 3114 3115 3116
5 353 1123 2643 2911 3117
5 356 1502 2992 3118 3119
5 352 1182 2646 3120 3121
5 342 1386 2883 2964 3122
5 350 1463 2917 2978 3123
5 348 363 2435 3124 3125
5 359 1820 3126 3127 3128
5 381 1272 3059 3092 3129
5 241 1269 2686 3102 3130
5 680 1276 2854 3094 3131
5 520 1274 2907 3132 3133
5 640 1271 2707 2893 3134
5 900 1273 2841 3135 3136
5 840 1278 3112 3137 3138
5 1000 1279 3139 3140 3141
5 1060 1270 2684 3142 3143
5 1200 1277 3063 3144 3145
5 1275 1460 2909 3146 3147
5 1263 1380 2864 3072 3148
5 1266 1400 2871 3078 3149
5 590 764 2537 2940 3150
5 595 1142 3151 3152 3153
5 404 587 2488 2731 3154
5 596 1442 3155 3156 3157
5 484 584 2476 2943 3158
5 594 964 2585 2725 3159
5 593 724 2540 2601 3160
5 597 1481 3161 3162 3163
5 598 1682 3164 3165 3166
5 599 1701 3167 3168 3169
5 581 1405 2738 3170 3171
5 592 902 2544 3172 3173
5 583 641 2480 3174 3175
5 586 681 2492 3176 3177
5 589 1062 2605 3178 3179
5 73 704 2531 2803 3180
5 76 1222 3018 3181 3182
5 67 84 2416 2481 3183
5 75 1585 3022 3184 3185
5 69 104 2413 2533 3186
5 71 444 2461 2633 3187
5 77 1622 3188 3189 3190
5 74 1124 2623 2800 3191
5 78 1802 3192 3193 3194
5 79 1841 3195 3196 3197
5 70 486 2471 3198 3199
5 72 765 2527 3200 3201
5 66 286 2423 3042 3202
5 68 166 2408 3031 3203
5 292 405 2642 3204 3205
5 290 485 2780 3188 3206
5 6 288 2428 3036 3207
5 297 1621 3198 3208 3209
5 298 1761 3210 3211 3212
5 291 1187 2648 2930 3213
5 269 289 2456 2733 3214
5 295 1582 3024 3215 3216
5 293 1164 2659 2776 3217
5 287 369 2441 2951 3218
5 299 1861 3219 3220 3221
5 296 1722 3020 3222 3223
5 294 1367 2717 2769 3224
5 252 705 2670 3225 3226
5 250 846 3006 3111 3227
5 106 248 2452 2843 3228
5 251 1006 2816 3129 3229
5 208 249 2458 2694 3230
5 254 925 2829 3231 3232
5 257 1662 3014 3233 3234
5 259 1880 3235 3236 3237
5 256 1503 2819 3108 3238
5 247 384 2431 3139 3239
5 258 1900 3240 3241 3242
5 255 1542 2823 3243 3244
5 253 1283 2675 3118 3245
5 361 1390 2958 3107 3246
5 382 1388 2971 3090 3247
5 261 1392 2747 3248 3249
5 906 1389 2746 3143 3250
5 801 1395 2988 3251 3252
5 886 1391 2889 2961 3253
5 1046 1393 2750 3100 3254
5 1067 1387 2947 3136 3255
5 941 1396 2990 3256 3257
5 1399 1740 3258 3259 3260
5 1323 1394 2892 3099 3261
5 1281 1397 3124 3262 3263
5 1398 1540 3264 3265 3266
5 395 945 2987 3267 3268
5 391 1003 2763 3130 3269
5 203 389 2438 3085 3270
5 390 1203 2975 3070 3271
5 263 388 2450 3264 3272
5 392 1362 2786 3273 3274
5 394 1563 3055 3074 3275
5 397 1543 3233 3248 3276
5 393 1423 2787 3065 3277
5 398 1920 3278 3279 3280
5 396 1663 2984 3243 3281
5 399 1940 3282 3283 3284
5 655 1145 3170 3285 3286
5 443 651 2494 2881 3287
5 647 844 2534 3132 3288
5 524 644 2482 3137 3289
5 656 1482 3178 3290 3291
5 653 703 2552 2689 3292
5 654 1244 2680 2869 3293
5 657 1642 3294 3295 3296
5 658 1822 3297 3298 3299
5 659 1840 3300 3301 3302
5 646 1063 2693 3161 3303
5 650 663 2498 3304 3305
5 643 1406 2884 3151 3306
5 652 882 2550 3307 3308
5 16 1522 3026 3309 3310
5 7 87 2430 2484 3311
5 13 924 2572 3004 3312
5 14 1424 2760 2994 3313
5 17 1762 3204 3314 3315
5 11 464 2462 2762 3316
5 15 1725 3023 3317 3318
5 9 204 2414 2587 3319
5 18 1922 3320 3321 3322
5 12 965 2581 3323 3324
5 8 126 2405 3028 3325
5 10 406 2468 3210 3326
5 19 1961 3327 3328 3329
5 170 766 2934 3192 3330
5 128 168 2445 3039 3331
5 172 725 2578 3332 3333
5 175 1225 3025 3334 3335
5 169 209 2454 2597 3336
5 171 1307 2817 2929 3337
5 178 1881 3338 3339 3340
5 177 1801 3200 3341 3342
5 174 1504 2811 2972 3343
5 173 944 2573 2979 3344
5 176 1742 3027 3345 3346
5 167 364 2432 2948 3347
5 179 1981 3348 3349 3350
5 528 848 3009 3134 3351
5 448 530 2512 3067 3352
5 532 1125 2821 3353 3354
5 535 1425 3017 3355 3356
5 468 531 2518 2918 3357
5 529 1008 2807 3131 3358
5 539 2000 3359 3360 3361
5 537 1703 3015 3362 3363
5 527 684 2485 3140 3364
5 534 1483 2820 3295 3365
5 536 1782 3051 3366 3367
5 538 2020 3368 3369 3370
5 533 1643 2896 3290 3371
5 683 1408 3091 3155 3372
5 601 1412 2748 3373 3374
5 661 1410 2959 3294 3375
5 1186 1411 2878 2955 3376
5 1206 1409 2735 3147 3377
5 1141 1415 3174 3378 3379
5 1416 1441 3176 3380 3381
5 1407 1467 2953 3145 3382
5 1366 1413 2743 3088 3383
5 1419 1860 3384 3385 3386
5 1414 1603 2886 3097 3387
5 1417 1641 3304 3388 3389
5 1418 1780 3390 3391 3392
5 371 1303 2903 2932 3393
5 206 367 2426 3082 3394
5 375 1285 3122 3395 3396
5 372 1605 2923 3397 3398
5 370 1183 2933 3115 3399
5 266 366 2444 3258 3400
5 376 1743 3249 3341 3401
5 373 1723 3075 3208 3402
5 378 2040 3403 3404 3405
5 374 1623 2921 3222 3406
5 377 1803 3120 3345 3407
5 379 2060 3408 3409 3410
5 687 1004 2588 3133 3411
5 695 1445 3171 3412 3413
5 463 691 2495 3086 3414
5 692 1042 2611 3415 3416
5 686 903 2850 3167 3417
5 603 690 2510 3390 3418
5 696 1702 3172 3366 3419
5 693 923 2607 2847 3420
5 697 1783 3362 3373 3421
5 694 1564 2835 3080 3422
5 698 1942 3423 3424 3425
5 699 1960 3426 3427 3428
5 93 1223 2674 3189 3429
5 95 1523 2824 3314 3430
5 97 1763 3050 3309 3431
5 96 1624 2895 3181 3432
5 94 1565 2827 3433 3434
5 89 207 2402 2676 3435
5 91 466 2465 2902 3436
5 90 446 2474 3052 3437
5 92 1245 2673 3438 3439
5 88 108 2411 2837 3440
5 98 2042 3441 3442 3443
5 99 2080 3444 3445 3446
5 133 1344 2716 3007 3447
5 136 1525 3021 3448 3449
5 107 129 2439 2545 3450
5 130 726 2524 3338 3451
5 132 966 2712 3320 3452
5 137 1882 3332 3453 3454
5 134 1664 2965 2999 3455
5 135 1745 3019 3456 3457
5 127 264 2417 2727 3458
5 131 804 2532 2976 3459
5 138 1921 3323 3460 3461
5 139 2101 3462 3463 3464
5 492 1085 2757 3465 3466
5 490 768 2939 3195 3467
5 408 488 2502 3219 3468
5 491 1309 2808 2936 3469
5 469 489 2514 2782 3470
5 495 1625 3202 3471 3472
5 497 1842 3201 3473 3474
5 498 2001 3475 3476 3477
5 494 1484 2812 3156 3478
5 496 1862 3205 3479 3480
5 487 664 2486 2949 3481
5 493 1444 2761 3162 3482
5 499 2121 3483 3484 3485
5 852 1128 2657 3368 3486
5 708 850 2564 3240 3487
5 849 1209 2637 3135 3488
5 808 851 2570 3126 3489
5 855 1665 3016 3490 3491
5 856 1706 3013 3492 3493
5 853 1148 2663 3298 3494
5 847 909 2546 3144 3495
5 859 2140 3496 3497 3498
5 858 2023 3354 3499 3500
5 857 1903 3226 3501 3502
5 854 1824 3106 3286 3503
5 888 1070 2957 3297 3504
5 908 1068 3148 3164 3505
5 861 1072 2613 3506 3507
5 1075 1485 3175 3508 3509
5 1071 1306 2695 2954 3510
5 1007 1069 2598 3146 3511
5 1064 1464 2950 3141 3512
5 943 1073 2608 3262 3513
5 1076 1681 3173 3514 3515
5 1077 1821 3308 3516 3517
5 1074 1284 2701 3256 3518
5 1078 1901 3519 3520 3521
5 1079 1980 3522 3523 3524
5 275 1546 3247 3525 3526
5 109 267 2420 2874 3527
5 271 1346 2714 3053 3528
5 273 1583 2868 3211 3529
5 276 1746 3246 3460 3530
5 270 1363 2710 3279 3531
5 272 1606 2866 3404 3532
5 274 1764 3057 3215 3533
5 278 2043 3397 3534 3535
5 277 1923 3273 3456 3536
5 279 2160 3537 3538 3539
5 675 1645 3306 3540 3541
5 467 667 2489 3083 3542
5 670 1304 2677 2941 3543
5 669 883 2935 3300 3544
5 606 666 2501 3384 3545
5 672 1325 2698 3546 3547
5 677 1843 3307 3479 3548
5 674 1224 2700 3037 3549
5 673 1724 3032 3081 3550
5 676 1863 3374 3473 3551
5 678 2062 3552 3553 3554
5 679 2081 3555 3556 3557
5 915 1685 3179 3558 3559
5 803 911 2553 3265 3560
5 904 1204 2728 3138 3561
5 863 910 2562 3519 3562
5 912 1048 2741 3423 3563
5 916 1705 3177 3501 3564
5 913 1343 2742 2844 3565
5 914 1544 2852 3251 3566
5 917 1902 3492 3506 3567
5 918 1941 3416 3568 3569
5 919 2100 3570 3571 3572
5 115 1526 2833 3453 3573
5 113 1586 2862 3193 3574
5 112 1246 2865 3441 3575
5 110 706 2529 3235 3576
5 116 1804 3105 3184 3577
5 117 1883 3225 3448 3578
5 111 806 2522 3114 3579
5 114 1545 2831 3534 3580
5 118 2041 3438 3525 3581
5 119 2180 3582 3583 3584
5 415 1765 3207 3585 3586
5 409 449 2505 2636 3587
5 411 1349 2719 3010 3588
5 410 968 2724 3327 3589
5 412 1086 2628 3475 3590
5 414 1704 3000 3152 3591
5 418 2002 3465 3592 3593
5 413 1144 2624 3168 3594
5 416 1865 3206 3595 3596
5 407 604 2483 2729 3597
5 417 1962 3324 3598 3599
5 419 2201 3600 3601 3602
5 728 770 2560 3348 3603
5 772 1088 2653 3483 3604
5 775 1805 3203 3605 3606
5 771 809 2567 2981 3607
5 769 1189 2638 2946 3608
5 767 889 2547 2952 3609
5 776 1845 3199 3610 3611
5 773 1149 2660 3165 3612
5 779 2141 3613 3614 3615
5 774 1684 2966 3153 3616
5 777 1982 3333 3617 3618
5 778 2122 3466 3619 3620
5 928 1010 2614 3241 3621
5 1012 1428 2792 3369 3622
5 1014 1506 2822 3623 3624
5 1009 1469 2783 3142 3625
5 948 1011 2621 3282 3626
5 1013 1448 2795 3424 3627
5 1015 1486 2815 3520 3628
5 1017 1904 3232 3508 3629
5 1018 2024 3356 3630 3631
5 1019 2220 3632 3633 3634
5 1016 1944 3268 3413 3635
5 1208 1468 2982 3149 3636
5 1165 1472 2790 3637 3638
5 1188 1470 2963 3127 3639
5 1308 1471 2919 2960 3640
5 1475 1505 2989 3630 3641
5 1476 1683 2985 3516 3642
5 1443 1473 2788 3388 3643
5 1474 1644 2922 3380 3644
5 1477 1823 3121 3514 3645
5 1478 2021 3623 3646 3647
5 1479 2120 3648 3649 3650
5 210 926 2583 3236 3651
5 214 1566 3073 3442 3652
5 215 1726 3076 3321 3653
5 213 1226 2668 3339 3654
5 212 1286 2666 3403 3655
5 211 946 2576 3278 3656
5 217 1884 3231 3334 3657
5 216 1924 3267 3317 3658
5 218 2044 3395 3433 3659
5 219 2240 3660 3661 3662
5 611 1347 2726 2838 3663
5 615 1786 3372 3664 3665
5 447 607 2477 2875 3666
5 616 1866 3375 3598 3667
5 613 1584 2870 3029 3668
5 612 1326 2859 3555 3669
5 610 1043 2722 3426 3670
5 614 1524 2853 3043 3671
5 617 1963 3415 3595 3672
5 618 2082 3546 3673 3674
5 619 2162 3675 3676 3677
5 884 1184 2876 2944 3678
5 895 1825 3303 3679 3680
5 807 891 2541 3259 3681
5 892 1328 2888 3552 3682
5 866 890 2558 3522 3683
5 894 1587 2885 3040 3684
5 896 1846 3305 3617 3685
5 897 1983 3507 3610 3686
5 893 1744 3044 3252 3687
5 898 2061 3547 3688 3689
5 899 2181 3690 3691 3692
5 1143 1211 2644 3391 3693
5 1215 1688 2993 3568 3694
5 1214 1666 2991 3499 3695
5 1213 1348 2749 3068 3696
5 1212 1368 2753 3283 3697
5 1166 1210 2655 3646 3698
5 1218 2022 3490 3637 3699
5 1216 1784 3058 3378 3700
5 1217 1943 3274 3559 3701
5 1219 2200 3702 3703 3704
5 453 1589 2873 3196 3705
5 455 1766 3049 3592 3706
5 450 1126 2629 3359 3707
5 452 1248 2872 3444 3708
5 457 2003 3353 3585 3709
5 456 1844 3185 3285 3710
5 454 1785 3048 3673 3711
5 451 1147 2627 3301 3712
5 458 2083 3439 3664 3713
5 459 2261 3714 3715 3716
5 731 929 2593 3011 3717
5 735 1885 3331 3718 3719
5 709 729 2554 2809 3720
5 732 1089 2798 3613 3721
5 730 970 2596 3462 3722
5 738 2142 3604 3723 3724
5 734 1707 2995 3163 3725
5 736 1985 3330 3726 3727
5 727 864 2535 2589 3728
5 733 1487 2801 3169 3729
5 739 2222 3730 3731 3732
5 737 2102 3452 3733 3734
5 972 1092 2774 3600 3730
5 969 1369 2745 2784 3735
5 975 1925 3325 3736 3737
5 949 971 2618 2983 3738
5 976 1965 3326 3739 3740
5 973 1449 2777 3166 3741
5 967 1051 2599 2734 3742
5 979 2221 3721 3743 3744
5 977 2105 3451 3745 3746
5 974 1689 2973 3157 3747
5 978 2205 3590 3748 3749
5 1314 1628 2927 3484 3750
5 1228 1313 2702 3349 3751
5 1288 1312 2708 3408 3752
5 1310 1508 2813 3649 3753
5 1311 1488 2810 3523 3754
5 1315 1648 2925 3553 3755
5 1318 2124 3472 3641 3756
5 1316 1984 3335 3509 3757
5 1319 2280 3758 3759 3760
5 1317 2064 3396 3541 3761
5 472 1568 3079 3445 3762
5 470 1426 2758 3360 3763
5 474 1626 2899 3476 3764
5 473 1728 3077 3328 3765
5 471 1446 2756 3427 3766
5 475 1646 2898 3556 3767
5 476 1964 3318 3412 3768
5 478 2004 3355 3471 3769
5 477 2084 3434 3540 3770
5 479 2300 3771 3772 3773
5 875 1905 3505 3774 3775
5 707 867 2538 2678 3776
5 871 927 2586 2839 3777
5 873 1227 2681 3030 3778
5 876 1986 3504 3733 3779
5 870 1049 2591 3570 3780
5 872 1329 2687 3690 3781
5 877 2103 3563 3726 3782
5 874 1527 2836 3033 3783
5 878 2182 3682 3784 3785
5 879 2242 3786 3787 3788
5 1055 1945 3417 3789 3790
5 947 1050 2602 3260 3791
5 1044 1364 2732 3084 3792
5 1052 1332 3093 3675 3786
5 1056 1966 3418 3745 3793
5 1054 1727 3041 3096 3794
5 1053 1747 3038 3257 3795
5 1057 2106 3562 3739 3796
5 1058 2161 3669 3797 3798
5 1059 2241 3781 3799 3800
5 1196 1828 3123 3688 3801
5 1146 1191 2640 3385 3802
5 1195 1808 3125 3619 3803
5 1193 1588 2891 3220 3804
5 1168 1190 2651 3648 3805
5 1192 1608 2894 3409 3806
5 1194 1864 3216 3379 3807
5 1198 2123 3606 3638 3808
5 1197 2063 3398 3680 3809
5 1199 2260 3810 3811 3812
5 716 1886 3228 3723 3813
5 713 1229 2682 3197 3814
5 712 1250 2685 3582 3815
5 710 1130 2799 3496 3816
5 714 1847 3182 3291 3817
5 717 2143 3486 3718 3818
5 711 1489 2797 3302 3819
5 715 1906 3227 3784 3820
5 719 2282 3821 3822 3823
5 718 2183 3575 3774 3824
5 1095 2005 3468 3825 3826
5 1091 1129 2649 2818 3827
5 1094 1429 2770 3008 3828
5 1093 1667 2980 3005 3829
5 1098 2145 3603 3830 3831
5 1090 1507 2804 2977 3832
5 1096 2125 3467 3833 3834
5 1087 1167 2635 2764 3835
5 1099 2225 3722 3836 3837
5 1097 2202 3589 3838 3839
5 1132 1252 2910 3714 3821
5 1255 2045 3440 3840 3841
5 1251 1289 2706 3128 3842
5 1249 1609 2890 2920 3843
5 1247 1331 2696 2879 3844
5 1256 2086 3437 3845 3846
5 1253 1649 2915 3299 3847
5 1259 2281 3816 3848 3849
5 1254 1829 3109 3296 3850
5 1257 2186 3576 3851 3852
5 1258 2265 3707 3853 3854
5 1355 1768 3061 3602 3855
5 1353 1528 2857 3464 3856
5 1352 1550 2855 3537 3857
5 1350 1670 3001 3704 3858
5 1351 1708 2998 3572 3859
5 1354 1790 3060 3676 3860
5 1356 2107 3449 3564 3861
5 1357 2207 3586 3695 3862
5 1359 2320 3863 3864 3865
5 1358 2164 3526 3665 3866
5 810 1668 2968 3497 3867
5 812 1548 3250 3583 3868
5 813 1748 3253 3463 3869
5 814 1806 3104 3614 3870
5 815 1826 3103 3691 3871
5 811 1686 2967 3571 3872
5 818 2144 3491 3605 3873
5 816 2104 3457 3558 3874
5 817 2184 3580 3679 3875
5 819 2340 3876 3877 3878
5 1171 1427 2767 3054 3879
5 1175 2025 3636 3880 3881
5 1127 1169 2632 2904 3882
5 1176 2126 3639 3838 3883
5 1173 1627 2901 3212 3884
5 1172 1610 2908 3810 3885
5 1170 1370 2772 3702 3886
5 1174 1767 3056 3209 3887
5 1177 2203 3697 3833 3888
5 1178 2263 3806 3889 3890
5 1179 2302 3891 3892 3893
5 1327 1607 2882 3087 3894
5 1335 2065 3544 3895 3896
5 1287 1330 2690 3266 3897
5 1338 2165 3670 3898 3899
5 1333 1547 2848 3263 3900
5 1334 1567 2845 3089 3901
5 1336 2085 3545 3851 3902
5 1337 2185 3683 3845 3903
5 1339 2245 3780 3904 3905
5 1376 1948 3271 3797 3906
5 1371 1447 2779 3386 3907
5 1373 1729 3098 3221 3908
5 1375 1928 3272 3748 3909
5 1372 1612 3095 3538 3891
5 1378 2206 3698 3737 3910
5 1374 1867 3223 3381 3911
5 1377 2163 3532 3790 3912
5 1379 2301 3885 3913 3914
5 933 1529 2840 3329 3915
5 936 1888 3230 3731 3916
5 930 1430 2996 3632 3917
5 932 1570 2842 3660 3918
5 937 2223 3622 3719 3919
5 934 1967 3310 3419 3920
5 935 1908 3229 3787 3921
5 931 1709 2997 3428 3922
5 939 2322 3923 3924 3925
5 938 2243 3652 3775 3926
5 1134 1629 2906 3194 3927
5 1136 2006 3352 3830 3928
5 1137 2146 3487 3825 3929
5 1133 1809 3119 3190 3930
5 1135 2026 3351 3889 3931
5 1131 1509 2806 3116 3932
5 1139 2285 3815 3933 3934
5 1138 2262 3708 3880 3935
5 1432 1572 3064 3771 3923
5 1569 1613 3069 3101 3936
5 1575 2050 3435 3937 3938
5 1551 1571 2861 3284 3939
5 1576 2088 3436 3904 3940
5 1573 1791 3071 3425 3941
5 1579 2321 3917 3942 3943
5 1577 2246 3651 3902 3944
5 1574 1949 3276 3421 3945
5 1578 2306 3763 3946 3947
5 1530 1591 3045 3584 3948
5 1594 1770 3214 3716 3949
5 1592 1810 3186 3812 3950
5 1590 1750 3046 3539 3951
5 1595 1870 3213 3677 3952
5 1593 1850 3187 3692 3953
5 1598 2267 3706 3803 3954
5 1596 2187 3573 3685 3955
5 1599 2360 3956 3957 3958
5 1597 2169 3530 3667 3959
5 952 1290 3255 3661 3960
5 950 1510 2970 3633 3961
5 951 1687 2969 3524 3962
5 955 1946 3269 3799 3963
5 954 1926 3270 3743 3964
5 953 1749 3254 3350 3965
5 956 1987 3346 3515 3966
5 958 2224 3624 3736 3967
5 957 2244 3655 3789 3968
5 959 2341 3969 3970 3971
5 1154 1788 3377 3715 3972
5 1151 1710 3154 3498 3973
5 1153 1848 3287 3615 3974
5 1155 1868 3376 3601 3975
5 1150 1690 3150 3703 3976
5 1152 1830 3288 3811 3977
5 1157 2204 3596 3694 3978
5 1156 2147 3493 3611 3979
5 1158 2264 3711 3801 3980
5 1159 2380 3981 3982 3983
5 1515 2030 3625 3934 3984
5 1511 1669 2974 3237 3985
5 1513 1807 3117 3340 3986
5 1516 2128 3640 3837 3987
5 1292 1512 3113 3759 3969
5 1517 2228 3626 3834 3988
5 1514 1887 3234 3342 3989
5 1518 2288 3752 3931 3990
5 1519 2342 3960 3991 3992
5 1616 2068 3399 3899 3993
5 1611 1647 2912 3392 3994
5 1615 2048 3400 3853 3946
5 1617 2168 3531 3896 3995
5 1614 1787 3066 3389 3996
5 1618 2266 3805 3841 3997
5 1619 2305 3886 3938 3998
5 1235 1890 3336 3822 3999
5 1231 1531 3035 3446 4000
5 1230 1730 3034 3662 4001
5 1232 1630 3183 3758 4002
5 1234 2087 3430 3548 4003
5 1238 2284 3750 3813 4004
5 1233 1851 3180 3557 4005
5 1236 1990 3337 3788 4006
5 1239 2362 4007 4008 4009
5 1237 2249 3653 3779 4010
5 1436 2008 3357 3836 4011
5 1434 1769 3062 3322 4012
5 1433 1929 3281 3315 4013
5 1437 2226 3621 3826 4014
5 1431 1671 3002 3280 4015
5 1435 2028 3358 3892 4016
5 1439 2325 3918 4017 4018
5 1438 2303 3762 3881 4019
5 1632 1732 3218 3773 4007
5 1734 1930 3319 3914 4020
5 1731 1751 3047 3410 4021
5 1735 1970 3316 3800 4022
5 1733 1871 3224 3554 4023
5 1737 2247 3654 3793 4024
5 1738 2307 3764 3909 4025
5 1739 2361 4002 4026 4027
5 1736 2069 3401 3551 4028
5 1552 1672 3239 3864 3876
5 1555 2051 3527 3942 4029
5 1291 1549 3242 3261 4030
5 1554 1947 3275 3567 4031
5 1556 2166 3528 3903 4032
5 1557 2188 3579 3898 4033
5 1553 1909 3245 3569 4034
5 1559 2323 3858 3937 4035
5 1558 2346 3867 4036 4037
5 1296 2066 3393 3905 4038
5 1293 1827 3110 3521 4039
5 1295 2046 3394 3848 4036
5 1294 1907 3244 3517 4040
5 1297 2248 3656 3895 4041
5 1298 2283 3753 3840 4042
5 1299 2345 3961 4029 4043
5 1450 1490 3158 3634 4044
5 1452 1650 3382 3772 4045
5 1454 1950 3411 3913 4046
5 1451 1691 3159 3650 4047
5 1453 1869 3383 3485 4048
5 1455 1968 3414 3744 4049
5 1457 2227 3628 3740 4050
5 1456 2127 3480 3642 4051
5 1458 2304 3767 3906 4052
5 1459 2381 4053 4054 4055
5 1491 1711 3160 3361 4056
5 1494 1910 3511 3823 4057
5 1495 1988 3510 3732 4058
5 1493 1849 3292 3477 4059
5 1492 1652 3289 3760 4053
5 1496 2007 3363 3474 4060
5 1497 2229 3627 3727 4061
5 1498 2289 3755 3820 4062
5 1499 2382 4045 4063 4064
5 1675 2032 3488 3991 4018
5 1674 1889 3238 3461 4065
5 1677 2148 3489 3839 4066
5 1676 2208 3696 3831 4067
5 1673 1927 3277 3454 4068
5 1679 2328 3857 4016 4069
5 1678 2343 3868 3984 4070
5 1535 1892 3450 3924 4008
5 1532 1772 3311 3863 3956
5 1538 2324 3855 3916 4071
5 1534 2089 3429 3672 4072
5 1536 2111 3447 3785 4073
5 1533 1971 3312 3674 4074
5 1539 2364 3949 3999 4075
5 1537 2189 3574 3782 4076
5 1633 1771 3217 3443 4077
5 1635 2010 3470 3933 4078
5 1638 2286 3751 3928 4079
5 1634 2049 3407 3431 4080
5 1636 2130 3469 3893 4081
5 1631 1811 3191 3405 4082
5 1639 2365 4001 4083 4084
5 1637 2308 3765 3883 4085
5 1752 1812 3347 3878 3957
5 1755 1932 3458 3971 4026
5 1757 2167 3529 3796 4086
5 1754 2067 3402 3686 4087
5 1756 2110 3459 3798 4088
5 1753 1991 3344 3689 4089
5 1759 2363 3950 4020 4090
5 1758 2347 3870 3964 4091
5 1712 1792 3364 3865 3981
5 1651 1789 3370 3387 4092
5 1795 2092 3666 3943 4093
5 1796 2170 3663 3997 4094
5 1793 1951 3422 3699 4095
5 1797 2270 3712 3995 4096
5 1794 2029 3371 3701 4097
5 1798 2326 3859 3940 4098
5 1799 2386 3973 4099 4100
5 1653 1831 3293 3647 4101
5 1655 2070 3543 3998 4102
5 1656 2090 3542 3849 4099
5 1658 2309 3766 3993 4103
5 1654 2027 3367 3645 4104
5 1657 2287 3754 3846 4105
5 1659 2385 4044 4093 4106
5 1692 1832 3512 3877 3982
5 1694 1952 3561 3970 4054
5 1695 2108 3560 3749 4107
5 1693 1989 3513 3620 4108
5 1696 2129 3618 3643 4109
5 1697 2209 3693 3746 4110
5 1698 2344 3871 3963 4111
5 1699 2383 3977 4046 4112
5 1714 1912 3495 3925 4063
5 1713 1969 3420 3593 4113
5 1715 2109 3565 3724 4114
5 1717 2149 3494 3734 4115
5 1716 2009 3365 3599 4116
5 1718 2329 3860 3921 4117
5 1719 2384 3972 4057 4118
5 1815 2132 3608 3992 4084
5 1817 2150 3607 3935 4119
5 1814 1891 3343 3581 4120
5 1813 2047 3406 3578 4121
5 1816 2268 3804 3929 4122
5 1819 2368 3951 4081 4123
5 1818 2348 3869 3987 4124
5 1775 2012 3587 4017 4083
5 1774 2053 3432 3536 4125
5 1778 2327 3856 4011 4126
5 1773 1931 3313 3535 4127
5 1776 2210 3588 3890 4128
5 1779 2366 3948 4078 4129
5 1777 2271 3705 3888 4130
5 1852 1872 3481 3958 3983
5 1875 1972 3597 4027 4055
5 1873 2071 3550 3808 4131
5 1876 2171 3668 3910 4132
5 1877 2211 3594 3912 4133
5 1874 2131 3482 3809 4134
5 1879 2367 3953 4022 4135
5 1878 2387 3974 4049 4136
5 1915 2192 3776 4035 4137
5 1833 1911 3500 3518 4138
5 1913 1953 3566 3631 4139
5 1916 2252 3777 4042 4140
5 1917 2290 3819 4041 4141
5 1914 2033 3503 3635 4142
5 1918 2330 3922 4033 4143
5 1919 2390 4056 4144 4145
5 1835 2072 3678 4043 4106
5 1836 2190 3681 3854 4144
5 1834 2031 3502 3644 4146
5 1838 2349 3872 4038 4147
5 1837 2269 3802 3852 4148
5 1839 2388 3976 4102 4137
5 1855 1992 3609 4009 4064
5 1856 2191 3684 3818 4149
5 1853 2091 3549 3709 4150
5 1854 2011 3478 3713 4151
5 1857 2151 3612 3824 4152
5 1859 2369 3952 4006 4153
5 1858 2389 3975 4058 4154
5 1935 2212 3735 4070 4129
5 1893 1934 3455 3659 4155
5 1937 2230 3738 4019 4156
5 1936 2310 3908 4014 4157
5 1933 2052 3533 3657 4158
5 1938 2350 3965 4067 4159
5 1939 2372 4021 4128 4160
5 1895 2152 3720 4069 4123
5 1896 2232 3717 3990 4160
5 1898 2331 3915 4066 4161
5 1894 2054 3577 3658 4162
5 1897 2291 3814 3988 4163
5 1899 2370 4000 4119 4156
5 1995 2112 3728 4090 4112
5 1996 2253 3778 3967 4164
5 1993 2073 3687 3756 4165
5 1994 2133 3616 3761 4166
5 1997 2233 3729 3968 4167
5 1999 2371 4005 4088 4168
5 1998 2391 4059 4107 4169
5 2035 2272 3882 4098 4147
5 2036 2314 3879 4105 4170
5 1954 2034 3629 3700 4171
5 2037 2294 3932 4103 4143
5 2038 2354 3985 4148 4172
5 2039 2332 4015 4096 4141
5 1955 2172 3792 4037 4100
5 1956 2250 3791 3947 4145
5 1958 2351 3962 4032 4170
5 1957 2311 3907 3944 4172
5 1959 2392 4047 4094 4140
5 1975 2114 3742 4075 4118
5 1973 2093 3671 3769 4173
5 1976 2251 3794 3919 4174
5 1977 2231 3741 3926 4175
5 1974 2013 3591 3770 4176
5 1978 2393 4048 4114 4177
5 1979 2373 4023 4073 4178
5 2055 2274 3843 4124 4126
5 2057 2292 3842 4085 4161
5 2056 2312 3936 4079 4159
5 2059 2335 3939 4130 4163
5 2058 2352 4030 4122 4157
5 2015 2155 3827 4117 4153
5 2016 2234 3828 4062 4178
5 2014 2094 3710 3768 4179
5 2018 2333 4012 4115 4180
5 2017 2295 3927 4061 4181
5 2019 2375 4077 4152 4175
5 2115 2173 3795 3862 4182
5 2113 2193 3783 3873 4183
5 2116 2153 3725 3875 4184
5 2117 2213 3747 3866 4185
5 2118 2394 4108 4113 4186
5 2119 2374 4074 4089 4187
5 2135 2215 3835 4111 4135
5 2074 2134 3757 3807 4188
5 2136 2315 3884 4050 4189
5 2137 2235 3832 4052 4168
5 2138 2355 3986 4110 4190
5 2139 2376 4082 4133 4167
5 2075 2174 3894 4091 4136
5 2076 2254 3897 4025 4169
5 2078 2353 4039 4086 4189
5 2077 2313 3994 4024 4190
5 2079 2395 4101 4132 4164
5 2095 2195 3844 4071 4154
5 2096 2255 3901 4004 4177
5 2097 2293 3847 4010 4180
5 2098 2336 3941 4076 4181
5 2099 2396 4092 4149 4174
5 2156 2217 3829 3980 4187
5 2158 2334 4065 4116 4191
5 2154 2194 3817 3874 4192
5 2157 2277 3930 3978 4193
5 2159 2378 4120 4151 4185
5 2175 2196 3900 3954 4186
5 2197 2276 3850 3959 4191
5 2198 2337 4034 4072 4193
5 2199 2397 4138 4150 4182
5 2216 2273 3887 3979 4194
5 2176 2214 3861 3911 4195
5 2218 2357 4068 4109 4196
5 2219 2377 4127 4134 4184
5 2178 2356 4031 4087 4194
5 2177 2275 3955 3996 4196
5 2179 2398 4095 4131 4183
5 2236 2256 3920 3966 4197
5 2238 2296 3989 4060 4198
5 2237 2317 4013 4051 4199
5 2239 2379 4155 4166 4176
5 2258 2316 3945 4028 4198
5 2257 2297 4003 4040 4199
5 2259 2399 4139 4165 4173
5 2279 2338 4097 4125 4192
5 2278 2358 4121 4146 4195
5 2298 2318 4080 4104 4197
5 2299 2339 4142 4162 4179
5 2319 2359 4158 4171 4188
