# Generated using Miratope v0.5.0 (https://github.com/galoomba1/miratope-rs)
4OFF

# Vertices, Faces, Edges, Cells
120 4920 1200 1320

# Vertices
0.809016994374945 0.809016994374945 0.809016994374945 0.809016994374945 
0.809016994374945 0.809016994374945 0.809016994374945 -0.809016994374945 
0.809016994374945 0.809016994374945 -0.809016994374945 0.809016994374945 
0.809016994374945 -0.809016994374945 0.809016994374945 0.809016994374945 
0.809016994374945 1.30901699437495 0 -0.5 
0.809016994374945 -0.5 1.30901699437495 0 
0.809016994374945 0 -0.5 1.30901699437495 
0.809016994374945 0.809016994374945 -0.809016994374945 -0.809016994374945 
0.809016994374945 -0.809016994374945 0.809016994374945 -0.809016994374945 
0.809016994374945 1.30901699437495 0 0.5 
0.809016994374945 0 -0.5 -1.30901699437495 
0.809016994374945 -0.809016994374945 -0.809016994374945 0.809016994374945 
0.809016994374945 0 0.5 1.30901699437495 
0.809016994374945 -0.5 -1.30901699437495 0 
0.809016994374945 0.5 1.30901699437495 0 
0.809016994374945 -1.30901699437495 0 -0.5 
0.809016994374945 -0.809016994374945 -0.809016994374945 -0.809016994374945 
0.809016994374945 0 0.5 -1.30901699437495 
0.809016994374945 0.5 -1.30901699437495 0 
0.809016994374945 -1.30901699437495 0 0.5 
0 -1.61803398874989 0 0 
1.30901699437495 0.5 0 0.809016994374945 
1.30901699437495 0 -0.809016994374945 -0.5 
0 -1.30901699437495 0.5 0.809016994374945 
1.30901699437495 0.5 0 -0.809016994374945 
1.30901699437495 0 -0.809016994374945 0.5 
0 -1.30901699437495 0.5 -0.809016994374945 
0.5 -0.809016994374945 0 1.30901699437495 
0 -0.809016994374945 1.30901699437495 0.5 
0 -0.809016994374945 1.30901699437495 -0.5 
0.5 -0.809016994374945 0 -1.30901699437495 
1.30901699437495 0.809016994374945 0.5 0 
0.5 0 1.30901699437495 0.809016994374945 
0.5 0 1.30901699437495 -0.809016994374945 
0.5 -1.30901699437495 -0.809016994374945 0 
0 0 1.61803398874989 0 
1.30901699437495 0.809016994374945 -0.5 0 
1.30901699437495 -0.5 0 0.809016994374945 
0 0.809016994374945 1.30901699437495 -0.5 
1.30901699437495 -0.809016994374945 -0.5 0 
0.5 1.30901699437495 0.809016994374945 0 
0.5 -1.30901699437495 0.809016994374945 0 
0 0.5 0.809016994374945 -1.30901699437495 
0 -0.5 0.809016994374945 -1.30901699437495 
0.5 0.809016994374945 0 -1.30901699437495 
0 0 0 1.61803398874989 
-0.5 1.30901699437495 0.809016994374945 0 
-0.5 0.809016994374945 0 1.30901699437495 
-0.5 -0.809016994374945 0 1.30901699437495 
-0.5 -1.30901699437495 0.809016994374945 0 
0 1.30901699437495 0.5 0.809016994374945 
-1.30901699437495 0.5 0 0.809016994374945 
-1.30901699437495 -0.5 0 0.809016994374945 
-0.5 0 1.30901699437495 -0.809016994374945 
-1.30901699437495 0.809016994374945 0.5 0 
-1.30901699437495 0 0.809016994374945 -0.5 
-1.30901699437495 -0.809016994374945 0.5 0 
-0.809016994374945 0.809016994374945 0.809016994374945 0.809016994374945 
1.30901699437495 0 0.809016994374945 -0.5 
0 -0.5 0.809016994374945 1.30901699437495 
-0.809016994374945 0.809016994374945 0.809016994374945 -0.809016994374945 
1.30901699437495 0 0.809016994374945 0.5 
-0.809016994374945 -0.809016994374945 0.809016994374945 0.809016994374945 
0 0.5 0.809016994374945 1.30901699437495 
-0.809016994374945 -0.809016994374945 0.809016994374945 -0.809016994374945 
-1.30901699437495 0 0.809016994374945 0.5 
-0.809016994374945 0.5 1.30901699437495 0 
-0.809016994374945 -1.30901699437495 0 0.5 
1.30901699437495 -0.809016994374945 0.5 0 
0 0.809016994374945 1.30901699437495 0.5 
-0.809016994374945 0 0.5 1.30901699437495 
-0.5 0 1.30901699437495 0.809016994374945 
0 1.30901699437495 -0.5 0.809016994374945 
-0.809016994374945 0.809016994374945 -0.809016994374945 0.809016994374945 
-0.5 0 -1.30901699437495 0.809016994374945 
0 -1.30901699437495 -0.5 0.809016994374945 
-0.809016994374945 -0.809016994374945 -0.809016994374945 0.809016994374945 
0.5 0 -1.30901699437495 0.809016994374945 
1.61803398874989 0 0 0 
0 0.809016994374945 -1.30901699437495 0.5 
-0.809016994374945 0 -0.5 1.30901699437495 
0 -0.809016994374945 -1.30901699437495 0.5 
0 0.5 -0.809016994374945 1.30901699437495 
0.5 0.809016994374945 0 1.30901699437495 
-0.5 1.30901699437495 -0.809016994374945 0 
0.5 1.30901699437495 -0.809016994374945 0 
-0.809016994374945 1.30901699437495 0 -0.5 
0 1.30901699437495 0.5 -0.809016994374945 
0 1.30901699437495 -0.5 -0.809016994374945 
-0.809016994374945 1.30901699437495 0 0.5 
0 1.61803398874989 0 0 
0 -0.5 -0.809016994374945 1.30901699437495 
-1.30901699437495 0.809016994374945 -0.5 0 
-1.30901699437495 0 -0.809016994374945 0.5 
-1.61803398874989 0 0 0 
-0.809016994374945 -0.5 1.30901699437495 0 
1.30901699437495 -0.5 0 -0.809016994374945 
-0.5 0.809016994374945 0 -1.30901699437495 
-0.809016994374945 0 0.5 -1.30901699437495 
-1.30901699437495 0.5 0 -0.809016994374945 
0 0 -1.61803398874989 0 
0 0.809016994374945 -1.30901699437495 -0.5 
0.5 0 -1.30901699437495 -0.809016994374945 
-0.809016994374945 0.809016994374945 -0.809016994374945 -0.809016994374945 
-0.809016994374945 0 -0.5 -1.30901699437495 
-0.809016994374945 -0.5 -1.30901699437495 0 
-0.809016994374945 -1.30901699437495 0 -0.5 
-0.809016994374945 -0.809016994374945 -0.809016994374945 -0.809016994374945 
-0.809016994374945 0.5 -1.30901699437495 0 
-1.30901699437495 0 -0.809016994374945 -0.5 
-0.5 -0.809016994374945 0 -1.30901699437495 
-0.5 -1.30901699437495 -0.809016994374945 0 
-1.30901699437495 -0.5 0 -0.809016994374945 
-1.30901699437495 -0.809016994374945 -0.5 0 
0 0 0 -1.61803398874989 
-0.5 0 -1.30901699437495 -0.809016994374945 
0 -1.30901699437495 -0.5 -0.809016994374945 
0 -0.809016994374945 -1.30901699437495 -0.5 
0 0.5 -0.809016994374945 -1.30901699437495 
0 -0.5 -0.809016994374945 -1.30901699437495 

# Faces
5 0 1 9 14 4
3 0 5 1
3 0 2 4
5 0 2 12 9 6
5 14 3 0 5 12
3 0 6 3
3 1 7 9
5 7 1 10 4 17
5 14 8 1 5 17
3 1 8 10
5 2 7 9 18 4
3 2 7 13
3 2 11 12
5 2 13 6 18 11
5 11 3 6 19 12
3 3 15 11
3 8 14 3
5 8 19 5 15 3
3 16 17 7
5 16 18 10 13 7
3 16 18 11
5 16 19 13 15 11
3 8 16 19
5 8 16 17 15 10
3 14 12 9
3 9 18 6
3 14 4 17
3 12 19 5
3 18 10 4
3 5 15 17
3 6 13 19
3 13 10 15
3 11 16 20
5 16 25 34 22 11
5 11 23 34 27 20
5 11 21 27 25 12
3 11 22 21
3 12 23 11
5 20 16 26 34 30
3 24 25 16
5 24 16 17 22 30
3 17 26 16
3 20 27 28
5 28 20 29 23 26
3 20 30 29
5 14 21 32 31 12
3 31 25 12
3 32 33 31
5 24 25 31 22 21
5 17 31 33 24 14
3 22 17 31
3 21 24 14
3 21 32 27
3 12 28 14
5 33 28 14 29 32
3 17 29 14
5 12 28 27 32 23
3 32 23 29
3 33 30 24
3 25 34 27
3 33 26 28
5 29 30 33 26 17
3 22 30 34
3 23 26 34
3 0 3 35
5 0 3 21 32 37
5 0 35 40 32 38
3 36 37 0
5 21 4 0 36 40
3 4 38 0
5 35 3 29 32 41
3 21 39 3
5 15 37 41 39 3
3 3 29 15
3 35 40 42
3 35 43 41
5 35 42 29 38 43
3 21 40 32
3 22 4 21
5 22 37 36 39 21
3 40 36 44
5 40 44 38 4 42
3 37 41 32
3 32 29 38
3 39 10 36
5 36 10 4 22 44
3 37 22 15
3 4 10 42
3 44 43 38
3 41 30 39
5 22 15 10 39 30
3 22 44 30
3 30 42 29
5 29 15 43 41 30
5 42 30 44 43 10
3 15 43 10
3 3 45 0
5 0 45 50 12 47
3 5 38 0
3 46 47 0
5 0 38 50 14 46
5 3 45 23 12 48
3 3 29 14
3 3 48 49
5 3 29 23 5 49
3 50 51 45
5 51 48 47 52 45
3 45 52 23
3 14 50 12
3 14 46 53
5 29 14 53 5 38
3 12 5 23
3 47 48 12
3 50 38 54
5 54 47 46 51 50
3 5 49 53
5 53 54 38 55 46
3 51 55 46
3 47 54 52
3 38 55 29
3 51 56 48
5 48 56 23 52 49
3 54 56 53
5 49 55 29 56 53
3 23 56 29
5 55 52 54 56 51
3 52 49 55
5 61 1 0 58 40
3 1 46 0
3 0 3 58
5 3 0 59 61 63
5 0 46 63 40 57
3 0 59 57
3 1 8 61
5 1 43 58 42 8
5 1 60 40 42 46
3 60 43 1
5 61 8 3 58 41
3 3 49 8
3 3 63 62
5 3 49 59 41 62
3 57 40 60
5 57 55 46 65 60
5 57 62 63 65 59
3 57 55 62
3 8 64 42
5 43 49 8 64 41
3 60 64 65
5 60 43 55 42 64
3 64 41 62
5 55 62 64 65 49
3 61 63 40
3 61 41 59
3 40 42 58
3 63 65 46
3 43 58 41
3 46 42 55
3 65 49 59
3 55 43 49
3 64 20 8
5 8 53 26 33 64
5 8 20 68 26 19
5 14 8 61 33 68
3 8 19 61
3 14 53 8
5 64 67 26 56 20
3 64 33 66
5 53 65 64 66 56
3 64 67 65
3 20 68 27
5 20 27 67 19 48
3 48 20 56
5 14 63 61 69 12
3 61 33 69
3 63 27 61
5 61 19 12 68 27
3 12 68 14
3 63 66 14
5 14 53 69 33 66
3 69 70 12
5 48 63 27 70 12
3 12 48 19
5 65 69 70 66 63
3 69 65 53
3 63 65 48
3 33 68 26
3 66 70 56
3 70 27 67
5 70 56 48 65 67
3 53 26 56
3 19 26 67
3 0 2 37
5 0 72 21 50 2
3 3 71 0
5 57 32 50 71 0
3 0 57 72
5 2 37 77 21 11
3 2 11 74
3 2 73 50
5 73 77 72 74 2
3 11 21 3
5 3 75 37 23 11
5 3 71 23 32 62
3 62 75 3
5 50 73 57 72 51
3 57 73 52
3 57 62 32
5 62 57 52 71 51
3 11 76 23
5 11 74 75 77 76
3 76 77 73
5 73 52 74 51 76
3 62 51 76
5 62 75 52 23 76
3 21 32 50
3 21 77 72
3 23 37 32
3 50 51 71
3 37 77 75
3 52 71 23
3 51 74 72
3 52 74 75
3 0 3 78
5 78 0 36 61 9
3 36 72 0
5 0 47 9 63 72
3 0 47 59
5 39 61 19 78 3
3 48 63 3
3 3 75 39
5 48 3 75 59 19
3 9 78 18
3 19 78 13
5 78 13 36 39 18
3 63 9 61
3 39 61 36
3 61 19 59
3 47 79 9
5 9 18 72 36 79
3 63 72 80
5 63 48 47 59 80
3 79 13 36
3 47 74 48
5 74 47 79 80 72
3 72 18 74
3 80 75 59
3 39 18 81
5 75 13 19 81 39
3 80 79 81
5 75 80 81 48 74
3 19 81 48
5 18 81 79 13 74
3 74 75 13
3 76 20 62
5 76 70 67 80 62
5 41 67 28 20 62
5 63 28 70 32 62
3 32 62 41
3 63 62 80
5 76 34 67 81 20
3 76 82 70
5 81 82 76 77 80
3 77 34 76
3 28 68 20
5 39 20 68 34 41
3 39 20 81
5 61 63 21 32 83
3 21 32 68
3 63 82 21
5 39 61 25 68 21
5 25 82 21 77 83
3 21 77 39
3 61 25 83
3 63 28 61
5 61 41 32 68 28
3 41 61 39
3 83 32 70
5 83 80 63 82 70
3 83 77 80
3 25 68 34
3 82 81 25
5 39 77 34 25 81
3 70 28 67
3 81 67 80
3 67 34 41
3 2 45 73
5 85 73 2 84 82
5 2 12 82 21 45
3 2 31 12
5 4 21 85 31 2
3 2 4 84
5 45 51 82 70 73
3 73 54 70
3 73 86 85
5 86 73 54 84 51
3 21 45 32
5 32 70 12 71 45
3 45 71 51
3 32 31 38
5 14 87 31 38 4
3 31 85 87
3 14 21 4
3 82 85 21
3 12 71 14
5 38 71 14 66 32
3 66 87 14
3 70 82 12
3 70 32 66
3 4 86 38
5 85 86 4 84 87
3 38 54 71
5 66 51 71 54 70
5 54 87 66 86 38
3 66 86 51
3 87 54 84
3 82 84 51
3 7 78 1
5 1 88 24 87 7
5 24 61 1 78 14
3 61 69 1
5 46 14 87 69 1
3 1 88 46
5 78 7 25 24 18
3 7 25 79
3 87 7 84
5 18 84 7 79 88
3 14 78 12
5 78 12 25 61 6
3 6 78 18
3 61 6 63
3 24 61 25
3 46 63 14
3 24 87 14
3 12 47 69
5 47 6 63 82 12
3 12 82 25
5 69 47 46 63 89
3 69 87 89
3 82 89 63
3 47 79 6
5 6 18 82 25 79
3 47 84 46
5 84 46 88 89 87
5 79 89 82 84 47
3 24 88 18
3 88 79 89
3 84 18 82
3 57 60 35
5 66 89 60 57 86
5 57 35 63 66 32
3 32 57 83
5 57 83 89 63 72
3 57 86 72
5 66 42 35 60 33
3 89 60 88
3 33 44 60
5 88 42 86 44 60
3 61 35 63
5 33 61 35 58 32
3 42 58 35
3 32 58 21
3 72 63 21
5 21 24 61 36 58
5 72 21 85 83 36
3 21 85 24
3 61 83 36
3 33 61 24
3 83 89 85
3 32 66 33
3 63 89 66
3 36 44 58
3 36 72 88
5 36 88 24 85 44
5 58 44 33 24 42
5 89 85 86 72 88
3 24 42 88
3 66 42 86
3 86 44 85
3 0 90 2
5 46 9 69 90 0
3 0 6 59
3 46 71 0
5 12 71 0 59 69
5 2 90 79 9 84
3 12 91 2
3 74 84 2
5 74 6 79 91 2
3 90 69 54
5 90 54 84 46 92
3 90 92 79
3 12 69 9
3 9 79 6
3 84 9 46
3 12 71 48
5 48 6 59 91 12
3 65 59 69
5 71 46 65 69 54
3 74 6 48
3 46 65 92
5 59 52 71 48 65
3 52 71 54
3 59 52 91
3 84 54 93
5 84 93 79 92 74
3 48 65 93
5 48 74 52 91 93
3 91 79 93
5 54 93 65 92 52
3 74 92 52
3 73 76 94
5 76 73 91 93 82
5 73 54 93 89 94
5 89 82 50 73 83
3 73 83 91
3 50 54 73
5 56 76 94 67 93
3 82 27 76
5 27 76 23 91 67
3 23 56 76
3 66 94 89
5 66 56 54 95 94
3 94 67 95
5 12 69 83 32 50
3 50 82 12
3 12 28 69
5 82 27 83 91 12
3 23 91 12
3 32 83 27
3 89 69 83
3 50 66 32
5 66 28 69 95 32
3 23 95 32
5 54 69 89 66 50
3 54 95 69
3 82 93 89
3 66 28 56
3 27 67 28
5 23 95 67 28 56
3 91 93 67
3 54 93 56
5 0 90 83 40 72
3 0 90 38
3 0 59 35
3 0 72 45
5 0 59 83 32 45
5 38 90 60 40 86
3 92 60 90
3 40 35 60
5 35 55 38 95 60
3 95 60 94
5 94 86 55 92 60
3 73 90 83
5 86 72 92 90 73
5 73 83 80 72 45
3 52 73 45
3 86 94 73
5 73 52 92 80 94
5 62 32 95 59 35
3 62 35 55
3 62 45 32
5 45 62 80 59 52
3 62 94 80
5 95 52 55 62 94
3 32 83 40
3 72 40 86
3 80 83 59
3 32 95 38
3 80 92 72
3 55 86 38
3 52 95 59
3 55 92 52
3 0 2 45
5 2 0 36 83 31
3 0 36 58
5 31 5 0 58 32
3 5 59 0
5 45 77 83 91 2
3 22 2 31
5 13 36 77 22 2
3 2 13 91
3 23 45 32
3 75 45 77
5 45 75 59 91 23
3 32 83 31
3 31 5 96
5 36 96 31 22 58
3 83 77 36
3 59 83 91
3 41 58 32
5 32 23 5 59 41
3 36 13 96
3 15 58 22
5 15 58 41 96 5
3 15 23 5
3 59 75 41
3 41 96 34
5 13 96 34 22 15
3 22 77 34
3 23 91 34
5 75 77 34 91 13
5 23 34 41 75 15
3 13 15 75
3 1 78 0
5 0 38 31 69 1
5 12 78 0 37 31
3 0 59 37
3 0 38 71
5 31 96 1 78 17
3 69 1 53
3 1 96 43
5 38 43 1 53 17
3 19 12 78
5 78 15 37 96 19
3 17 15 78
3 31 69 12
3 31 37 96
3 17 38 31
3 23 71 12
5 19 12 23 37 59
3 69 95 59
5 69 53 71 38 95
3 37 15 23
3 49 71 53
5 49 71 23 95 59
3 38 95 43
3 59 49 19
3 19 96 26
5 15 43 96 26 17
3 26 95 23
5 49 53 26 95 43
3 17 53 26
5 19 26 23 15 49
3 15 49 43
3 2 7 90
5 7 2 22 85 25
5 50 85 83 90 2
3 2 50 12
5 2 37 83 25 12
3 37 22 2
5 7 87 85 44 90
3 25 96 7
3 7 87 17
5 17 7 96 44 22
3 90 83 69
5 87 50 38 90 69
3 38 44 90
3 12 5 69
5 37 5 12 68 32
3 25 68 12
3 32 83 37
3 83 85 25
3 38 32 50
5 38 32 33 69 5
3 32 68 33
3 87 50 85
3 69 87 33
3 96 5 37
5 37 96 25 68 22
3 5 38 17
5 17 68 33 96 5
5 44 33 87 17 38
3 22 17 68
3 44 22 85
3 44 96 33
3 0 90 57
5 31 90 0 4 50
3 4 58 0
3 5 71 0
5 54 90 57 86 50
3 32 57 95
3 57 55 86
5 71 55 57 95 54
3 44 31 90
3 90 54 97
5 4 97 90 44 86
3 32 31 50
3 17 31 5
5 4 58 44 31 17
3 32 29 58
5 5 95 32 29 71
3 86 50 4
3 50 54 71
5 17 29 58 43 5
3 44 58 43
3 4 97 17
3 95 5 43
3 29 71 55
3 86 98 44
5 97 55 86 98 54
3 54 98 95
5 43 55 29 98 95
3 29 98 17
5 44 98 17 97 43
3 55 43 97
3 64 94 62
5 56 28 64 62 29
5 56 51 62 94 70
3 32 29 62
3 62 63 51
5 64 94 98 56 99
3 28 64 33
5 29 98 33 64 42
3 64 99 42
3 94 70 89
5 51 99 89 94 86
3 86 94 98
5 50 32 40 63 14
3 50 87 14
3 28 63 14
5 42 14 87 33 40
3 29 14 42
3 32 40 33
3 63 89 40
5 87 50 86 40 89
3 42 40 86
3 32 70 50
5 63 51 50 70 89
3 50 86 51
3 89 87 99
3 70 28 56
3 33 98 87
5 42 99 87 98 86
3 29 56 98
3 56 99 51
3 1 35 0
5 35 63 14 71 0
3 0 72 4
3 47 71 0
5 53 1 35 42 14
3 9 88 1
3 1 53 97
5 42 88 1 97 4
3 63 65 35
5 53 65 35 55 71
3 35 55 42
3 9 63 14
3 9 84 47
5 84 4 72 88 9
3 4 42 14
3 14 71 53
3 72 51 63
5 65 47 71 51 63
3 4 97 84
5 51 72 92 47 84
3 92 47 65
3 51 71 55
3 72 92 88
3 51 84 99
5 92 97 84 99 88
3 53 99 65
5 42 55 97 53 99
3 42 88 99
5 51 55 92 65 99
3 55 92 97
5 0 78 14 21 58
3 6 78 0
3 35 58 0
5 0 45 21 63 6
3 0 71 45
5 78 11 21 39 6
3 15 11 78
3 11 45 21
5 6 75 45 11 48
3 11 48 20
5 39 20 11 15 75
3 14 8 78
5 8 78 15 58 39
5 58 29 14 8 35
3 8 35 49
3 20 39 8
5 49 15 29 20 8
3 63 62 35
5 71 49 35 62 29
5 63 48 71 45 62
3 75 45 62
3 20 62 29
5 48 20 62 75 49
3 14 21 63
3 21 58 39
3 14 71 29
3 48 6 63
3 29 58 15
3 75 6 39
3 49 71 48
3 75 49 15
3 3 11 45
5 68 11 3 39 27
5 27 63 3 45 32
3 14 63 3
5 3 14 68 32 58
3 3 58 39
5 45 11 82 27 77
3 22 68 11
3 18 82 11
5 11 18 39 77 22
3 50 32 45
5 63 72 45 50 82
3 77 45 72
3 4 50 14
5 40 24 14 4 58
3 14 68 24
3 40 58 32
3 40 72 63
5 50 4 72 40 85
3 24 85 40
3 27 68 32
3 82 50 85
3 63 82 27
3 22 4 58
5 22 68 24 39 58
3 18 4 72
5 18 24 85 22 4
5 77 85 82 18 72
3 18 24 39
3 22 77 85
3 39 27 77
3 4 78 0
3 0 90 47
3 37 45 0
5 7 31 22 4 78
3 7 78 13
3 90 7 31
5 84 7 90 101 4
3 7 100 84
5 100 7 13 101 22
3 12 11 78
5 11 78 13 37 22
5 45 11 12 91 37
3 11 74 45
3 11 22 100
5 74 11 100 91 13
5 50 84 47 90 73
3 73 101 90
3 50 45 73
5 47 91 73 45 74
3 91 100 73
5 73 101 74 84 100
3 12 50 31
3 22 31 37
3 12 91 47
3 4 84 50
3 91 13 37
3 22 101 4
3 47 74 84
3 13 101 74
3 1 90 0
3 0 37 58
5 61 6 0 37 83
3 0 72 6
5 88 40 44 90 1
3 61 96 1
5 1 10 58 44 96
3 1 88 10
3 79 83 90
3 90 101 44
5 88 72 101 90 79
3 61 40 83
3 39 6 61
5 39 58 37 96 61
3 40 58 44
3 88 40 72
3 37 83 77
5 77 83 79 6 72
3 13 37 96
5 77 39 6 13 37
3 10 58 39
3 13 79 6
3 72 101 77
3 39 77 102
5 13 10 39 102 96
3 44 102 96
3 88 79 102
5 10 101 44 102 88
5 101 13 79 102 77
3 10 101 13
3 7 100 16
5 7 16 24 102 96
5 79 7 100 85 102
5 31 7 9 24 85
3 96 7 31
3 9 79 7
5 16 100 34 102 81
3 24 68 16
5 34 96 19 16 68
3 19 81 16
3 82 100 85
5 91 79 81 82 100
3 91 100 34
5 12 9 61 83 31
3 31 68 12
3 85 31 83
5 24 61 96 31 68
3 61 24 9
3 61 27 83
3 19 61 96
3 12 9 82
5 9 82 85 83 79
3 19 91 12
3 91 83 79
3 27 34 68
3 85 102 24
3 82 81 27
5 34 27 81 19 91
3 96 102 34
3 81 102 79
3 35 57 0
5 47 0 57 83 69
5 5 69 61 35 0
3 0 5 37
3 0 6 47
5 35 65 69 95 57
3 83 80 57
3 52 57 95
5 47 52 57 80 65
3 41 35 61
3 65 49 35
5 35 49 5 95 41
3 61 83 69
3 19 61 6
5 37 5 19 61 41
3 83 91 37
5 80 6 47 91 83
3 69 95 5
3 69 47 65
5 37 91 19 6 75
3 41 75 37
3 5 49 19
3 75 6 80
3 52 47 91
3 41 95 67
5 67 65 49 52 95
3 67 65 80
5 52 91 67 80 75
3 19 91 67
5 41 67 19 49 75
3 52 49 75
3 60 90 1
5 1 60 33 87 53
5 1 90 31 87 9
3 1 61 9
5 1 61 33 31 5
3 1 53 5
5 54 87 89 60 90
3 65 89 60
3 60 33 95
5 53 65 60 95 54
3 83 90 31
5 47 90 83 89 9
3 47 90 54
3 12 5 31
3 31 33 87
3 61 83 59
5 5 59 61 28 12
3 33 61 28
3 12 47 9
3 89 9 87
5 47 12 70 83 59
3 12 28 70
3 83 89 70
3 95 5 59
5 28 53 5 95 33
3 59 65 47
5 54 47 65 89 70
5 59 95 70 28 65
3 54 70 95
3 54 53 87
3 65 28 53
3 57 95 60
3 57 86 73
5 57 73 70 89 80
5 66 62 57 95 70
3 62 80 57
3 60 89 103
5 103 98 86 104 60
5 64 66 98 95 60
3 60 104 64
5 86 108 89 103 73
3 103 105 73
3 76 70 73
5 76 73 105 80 108
3 64 62 66
5 62 106 95 67 64
3 62 106 76
3 103 98 107
5 103 105 104 108 107
3 64 67 107
5 107 98 106 104 64
3 107 108 76
5 107 76 106 105 67
3 66 70 89
3 89 80 108
3 86 66 98
3 67 70 95
3 86 104 108
3 95 98 106
3 80 67 105
3 106 104 105
3 76 107 20
5 107 93 111 109 76
5 20 76 23 111 48
5 48 93 70 76 51
3 76 70 23
3 51 109 76
5 107 26 111 110 20
3 107 93 99
5 98 109 110 99 107
3 107 26 98
3 20 28 48
3 20 110 29
3 51 48 71
5 23 70 28 48 71
5 71 29 66 28 53
3 54 71 53
3 23 71 29
3 70 66 28
3 98 66 29
3 51 99 66
5 54 53 99 66 98
3 54 70 93
3 26 28 53
3 93 111 48
3 53 110 99
5 53 110 29 98 26
5 54 93 99 51 109
3 98 109 54
3 23 111 26
3 109 111 110
3 64 35 60
5 99 64 60 112 53
5 60 69 53 46 35
3 69 60 89
5 60 92 46 99 89
3 92 112 60
5 28 53 49 35 64
3 67 28 64
3 99 113 64
5 67 112 49 113 64
3 63 35 46
5 63 28 69 59 35
3 59 35 49
3 47 59 69
3 69 28 53
3 63 80 89
3 63 28 48
3 47 92 46
3 46 99 53
3 48 47 93
5 93 47 92 80 89
3 80 59 67
5 49 48 28 67 59
3 89 99 93
3 80 113 92
5 80 113 48 93 67
3 48 113 49
3 49 112 53
5 99 113 92 112 93
3 67 112 93
3 60 114 64
5 60 114 87 98 44
5 87 66 40 60 69
3 40 44 60
3 95 60 69
5 98 30 64 114 26
3 64 28 66
5 26 95 41 64 28
3 41 64 30
3 24 87 114
5 44 30 24 114 96
3 26 114 96
5 32 40 61 69 31
3 32 68 31
3 31 69 87
5 44 31 87 24 40
3 96 44 31
3 61 24 40
3 69 28 61
3 61 96 41
3 32 40 66
3 32 41 95
3 24 30 68
3 28 68 26
5 41 96 26 68 30
3 87 66 98
3 95 98 26
3 30 98 44
3 3 20 62
5 68 23 15 3 20
3 14 71 3
3 3 15 58
5 62 20 56 23 106
3 62 66 32
5 66 62 55 71 56
3 62 106 55
3 30 68 20
3 20 56 110
5 106 30 20 110 15
3 14 17 68
3 14 42 66
5 58 38 17 14 42
3 32 58 38
3 32 23 68
3 30 58 42
5 15 17 68 30 58
3 38 55 71
3 23 56 71
3 17 38 98
5 38 98 66 42 55
3 56 66 98
3 17 15 110
5 42 110 17 98 30
3 23 15 106
3 42 110 55
5 98 106 55 110 56
3 106 30 98
3 1 96 7
5 8 24 33 96 1
3 1 53 8
3 60 88 1
3 16 115 7
3 7 103 87
5 7 115 88 102 103
3 16 8 24
5 16 26 96 116 8
3 8 64 116
5 60 88 99 87 103
3 103 112 60
3 64 60 33
3 16 107 26
5 107 102 116 115 16
3 103 102 107
5 107 103 112 115 99
3 64 107 99
5 64 116 112 26 107
3 24 87 33
3 24 102 88
3 26 33 96
3 99 53 87
3 96 116 102
3 53 112 26
3 99 115 88
3 115 116 112
3 64 94 60
3 60 92 88
3 43 60 44
5 64 113 55 106 94
3 30 64 42
5 30 64 116 43 106
3 64 116 113
3 86 108 94
5 94 105 92 113 108
3 106 94 105
3 44 101 86
3 42 55 86
5 92 101 86 108 88
3 10 88 42
3 102 108 88
3 44 30 102
3 92 113 55
3 92 105 101
3 55 43 106
3 101 117 10
3 43 116 10
5 116 10 117 30 102
5 105 102 108 117 101
3 108 113 117
3 106 117 30
3 116 105 102
5 106 117 113 116 105
3 16 8 20
5 17 53 8 42 29
3 53 8 49
3 10 42 8
5 20 117 15 111 16
3 17 118 16
5 16 115 10 117 118
3 16 115 111
3 20 56 29
5 49 113 20 56 111
3 117 20 113
3 53 97 17
3 56 53 99
3 17 15 29
3 29 42 55
5 42 118 17 97 10
3 42 118 99
3 55 113 49
3 55 97 109
5 99 56 109 55 113
3 15 117 10
3 49 111 15
3 97 115 10
5 97 115 99 118 109
3 109 111 56
3 99 113 115
3 109 117 118
5 117 109 111 115 113
3 103 114 7
5 7 103 85 118 84
5 114 7 17 118 24
3 17 7 31
3 9 84 7
5 98 118 99 114 103
3 89 85 103
5 54 103 89 99 84
3 98 103 54
3 33 114 24
5 17 98 33 114 53
3 99 114 53
5 69 9 14 50 31
3 31 50 85
3 33 69 31
3 14 24 9
3 69 9 89
5 85 89 9 84 50
3 50 66 14
3 17 53 14
3 50 84 54
3 53 69 54
3 24 118 85
3 89 99 66
3 66 98 33
3 99 84 118
3 17 98 118
3 73 57 94
5 51 66 94 57 55
3 57 72 40
5 50 38 57 40 66
3 55 57 38
5 94 108 51 109 73
3 50 85 73
5 85 108 72 101 73
3 73 109 101
3 94 98 66
3 108 104 94
5 94 104 55 109 98
3 42 66 40
3 40 85 44
3 38 4 50
3 51 50 66
3 72 101 4
3 42 118 4
5 44 101 4 118 85
3 72 51 108
3 44 98 38
3 85 118 108
3 51 55 109
3 101 104 44
5 44 98 118 42 104
3 42 55 104
5 109 101 104 108 118
3 109 118 98
3 35 63 3
3 3 75 45
3 29 20 3
5 75 41 27 20 3
3 55 35 57
3 32 45 57
5 80 63 51 45 57
3 80 94 57
5 55 29 66 64 35
3 41 64 35
3 66 64 94
5 29 106 41 64 20
3 64 113 20
5 76 45 75 80 27
3 51 45 76
5 76 94 80 113 51
3 76 106 94
3 27 76 20
5 113 20 76 106 75
3 32 29 66
3 32 41 27
3 66 63 51
3 63 80 27
3 80 113 75
3 55 106 29
3 51 113 55
3 75 106 41
3 73 100 76
3 86 101 73
3 52 73 54
5 76 117 74 111 100
3 51 76 56
5 76 56 111 52 106
3 106 76 117
3 84 118 100
5 118 117 101 119 100
3 100 119 111
3 51 86 55
5 84 118 86 101 97
3 98 118 86
3 54 97 84
3 74 84 51
3 54 56 98
3 55 52 106
3 74 111 52
3 55 110 97
3 101 119 97
5 97 119 98 118 110
3 74 117 101
3 110 56 111
3 106 119 98
3 118 117 110
5 111 119 106 117 110
3 107 100 103
5 103 100 84 115 79
3 79 103 89
3 112 54 103
5 111 115 81 107 100
3 99 56 107
5 56 107 67 112 111
3 81 107 67
3 84 82 100
3 100 111 91
3 54 47 84
5 82 48 47 91 70
3 48 65 47
3 79 91 47
3 82 70 89
3 99 89 65
3 70 91 67
3 56 54 70
3 48 82 81
3 99 84 115
3 48 56 111
5 67 81 48 111 91
5 56 99 65 112 54
3 65 112 67
3 79 81 115
3 115 112 111
3 64 20 62
5 62 51 48 65 80
3 75 80 62
3 51 62 55
5 110 20 64 116 49
3 64 65 99
5 64 104 55 110 99
3 104 116 64
3 20 81 48
5 116 81 20 117 75
3 20 110 117
3 92 65 80
5 80 92 74 51 108
3 80 108 81
3 48 74 51
3 49 48 65
3 51 99 108
3 55 104 92
3 92 74 115
5 104 92 115 99 108
3 55 49 110
3 49 75 116
3 74 117 75
5 117 108 81 115 74
3 110 115 99
3 108 104 117
3 115 81 116
5 117 104 116 115 110
3 107 94 103
5 109 119 103 107 118
5 86 109 54 103 94
3 87 54 103
5 86 118 87 103 44
3 103 44 119
5 56 107 94 106 109
3 56 107 26
5 106 30 107 26 119
3 107 118 30
3 66 86 94
3 95 94 106
3 44 86 38
5 66 29 38 95 33
3 38 95 54
3 17 38 29
3 33 87 66
3 29 66 56
3 33 95 26
3 33 44 30
3 17 87 118
3 118 86 109
5 56 26 95 106 29
3 29 106 30
3 56 109 54
3 26 119 17
5 44 119 17 118 30
3 106 109 119
3 1 8 114
5 17 97 1 114 87
3 5 69 1
3 46 97 1
5 114 26 17 110 8
3 14 28 8
5 5 26 28 8 49
3 49 110 8
3 99 114 87
5 99 110 97 112 114
3 26 114 112
3 14 71 46
5 28 69 5 71 14
3 14 87 17
3 87 69 54
3 65 28 69
3 49 71 5
3 17 26 5
3 65 99 46
5 87 99 46 97 54
3 56 71 54
5 65 28 56 71 49
3 28 56 26
3 54 97 112
3 65 112 49
3 97 110 17
5 49 110 56 26 112
3 99 56 110
5 35 41 33 28 8
3 42 35 8
3 20 8 28
5 20 8 116 41 30
5 30 42 8 114 33
3 8 114 116
3 60 65 35
5 65 99 66 94 60
3 94 104 60
3 33 114 60
5 60 114 99 42 104
5 28 65 35 62 66
3 41 35 62
3 94 66 62
5 67 65 113 62 94
3 62 113 20
5 107 94 104 113 99
3 94 107 67
5 67 116 113 20 107
3 20 107 30
3 99 107 114
5 116 114 107 30 104
3 28 66 33
3 66 99 42
3 33 41 30
3 67 28 65
3 99 113 65
3 67 116 41
3 42 30 104
3 116 104 113
3 94 103 60
3 40 88 60
3 65 60 69
5 108 99 93 103 94
3 87 103 85
5 103 79 88 108 85
3 93 103 79
3 66 94 70
5 80 65 93 70 94
3 80 94 108
5 9 63 40 83 69
3 87 9 69
3 9 82 63
5 87 9 88 40 85
3 9 88 79
3 83 85 40
3 63 66 40
3 70 83 69
3 79 83 80
3 63 80 65
3 66 99 87
3 70 93 82
3 85 82 108
5 80 108 82 93 79
3 88 108 99
3 93 99 65
3 0 5 78
3 0 36 90
3 35 46 0
3 7 78 9
5 36 96 7 78 10
5 88 9 7 90 36
3 7 97 90
3 7 114 96
5 88 114 7 97 10
5 61 96 5 78 8
3 10 78 8
3 61 8 35
5 35 8 53 5 43
3 8 114 53
5 43 10 8 114 96
3 90 69 60
5 90 60 88 46 97
3 43 35 60
3 88 114 60
5 60 114 53 97 43
3 69 9 61
3 36 61 96
3 46 88 9
3 5 69 53
3 10 88 36
3 5 43 96
3 46 97 53
3 43 97 10
3 73 57 90
5 89 40 57 90 69
3 40 57 32
5 59 69 70 32 57
3 57 80 59
5 79 90 73 85 89
3 73 91 70
3 73 85 77
5 79 91 73 77 80
3 90 31 69
5 85 40 36 90 31
3 36 90 79
3 32 37 31
5 31 37 36 61 25
3 31 85 25
3 40 36 61
3 61 69 59
5 59 37 32 27 61
3 27 25 61
3 89 40 85
3 27 70 32
3 70 89 69
3 36 77 37
5 79 25 85 77 36
3 59 37 91
5 37 91 25 27 77
5 59 80 27 70 91
3 25 91 79
3 79 89 80
3 77 27 80
3 57 94 60
5 57 38 54 69 60
5 52 54 70 94 57
3 32 38 57
3 57 59 52
5 60 112 54 98 94
3 69 60 33
5 43 60 33 98 38
3 43 112 60
3 67 94 70
5 106 94 67 112 52
3 98 94 106
3 23 70 32
3 33 41 32
3 69 5 59
3 69 54 70
3 38 43 5
3 23 5 26
5 41 33 26 5 43
3 54 98 38
3 59 67 41
5 52 59 67 70 23
3 26 98 33
3 52 112 54
3 43 106 41
5 26 23 106 41 67
3 23 52 106
5 98 106 43 112 26
3 67 26 112
3 11 2 78
5 25 91 2 11 82
5 25 9 78 2 31
3 2 31 50
5 2 47 9 82 50
3 2 47 91
5 78 11 68 25 19
3 11 68 23
3 48 82 11
5 11 48 19 91 23
3 9 14 78
5 5 78 14 68 31
3 5 78 19
3 31 69 5
3 25 31 68
3 9 69 47
3 82 25 9
3 50 71 14
3 28 68 14
5 69 70 50 71 47
3 82 50 70
3 69 28 70
3 23 71 5
5 68 23 5 19 28
3 47 71 48
3 19 25 91
3 91 70 23
3 48 28 19
3 60 90 103
3 40 33 60
3 43 104 60
5 101 86 85 103 90
3 85 103 102
3 98 103 119
5 102 104 101 119 103
3 38 31 90
3 90 101 36
5 40 33 31 38 58
3 31 85 22
3 33 96 31
3 40 36 58
3 86 40 85
3 96 102 36
5 22 101 36 102 85
3 43 58 38
3 22 30 58
5 30 58 43 96 33
3 38 98 86
3 33 30 98
3 96 119 43
5 22 119 96 102 30
3 101 22 119
3 86 101 104
5 98 30 104 43 119
3 30 104 102
3 16 78 7
5 16 118 22 119 7
3 87 31 7
5 97 7 87 118 4
3 97 7 119
5 22 68 16 78 15
3 26 68 16
5 16 110 15 119 26
3 118 16 110
3 14 78 4
3 15 5 78
3 38 31 5
3 22 31 68
3 14 68 29
3 14 87 53
3 4 97 38
3 22 118 4
3 53 26 5
5 15 29 68 26 5
3 38 98 29
5 98 38 97 53 87
3 98 87 118
3 15 119 22
3 53 110 97
3 29 15 110
3 26 119 98
3 60 103 114
5 92 97 54 103 60
3 60 95 43
3 60 92 65
5 115 114 103 119 97
3 93 103 54
5 103 93 115 92 105
3 103 105 119
3 53 114 26
5 43 119 26 114 116
3 116 114 115
3 54 95 52
3 67 95 26
3 54 53 97
3 49 53 65
3 67 93 65
3 52 105 92
3 97 92 115
3 52 111 49
5 67 105 52 111 93
3 43 49 116
5 111 26 67 116 49
3 97 119 43
3 93 115 111
3 105 67 116
3 111 26 119
5 116 115 111 119 105
3 73 90 103
5 73 109 84 93 103
3 73 50 70
5 52 47 93 70 73
3 52 109 73
5 97 84 87 103 90
3 98 103 87
3 112 103 93
5 98 103 112 97 109
3 47 90 69
3 90 97 38
3 50 38 71
3 84 50 87
3 69 70 95
3 69 53 87
3 52 71 47
3 47 93 84
3 53 56 71
5 52 71 56 70 95
3 95 98 38
3 56 93 70
3 52 112 95
5 56 98 95 112 53
3 97 109 84
3 97 112 53
5 56 109 52 112 93
3 98 109 56
3 8 3 20
3 3 58 21
5 27 61 6 3 21
3 3 75 6
3 61 8 24
5 10 58 30 24 8
3 8 116 10
3 20 27 81
3 30 117 20
3 21 18 24
3 21 77 27
5 77 21 18 6 36
3 61 36 6
3 61 27 41
3 10 58 36
3 36 102 77
5 18 24 102 36 10
3 41 30 58
3 18 81 6
5 77 75 6 81 27
3 24 102 30
3 18 117 10
5 77 117 18 81 102
3 75 41 116
3 75 117 77
3 102 116 81
3 7 114 16
3 84 97 7
3 13 79 7
5 116 114 16 110 10
3 18 16 81
5 81 116 13 111 16
3 110 16 111
3 99 88 114
3 112 114 116
3 18 74 84
3 84 93 99
3 18 10 88
3 79 92 88
3 79 93 81
3 92 112 97
3 92 113 74
3 10 116 13
3 74 13 111
3 97 10 110
5 93 111 74 113 81
3 110 113 99
3 111 112 93
3 116 81 113
5 116 113 110 111 112
3 11 76 20
3 11 22 15
3 18 74 11
3 76 108 77
5 108 76 109 74 113
3 106 109 76
3 20 39 30
3 110 113 20
3 10 18 39
3 75 39 77
3 77 101 22
5 101 10 18 118 22
3 30 118 22
5 74 18 108 77 101
3 108 18 118
3 10 110 15
3 15 106 75
3 101 10 104
5 110 10 104 30 118
3 75 74 113
3 101 74 109
3 108 113 104
3 104 30 106
3 110 118 109
5 104 113 110 109 106
3 7 84 2
3 2 22 11
3 2 73 91
3 7 25 16
3 103 119 7
3 11 111 16
3 76 82 11
5 11 111 91 34 76
3 73 103 85
3 76 73 109
3 107 118 16
5 111 16 107 34 119
3 107 93 103
3 76 34 107
3 82 25 85
3 34 25 91
3 85 118 22
3 84 93 82
3 34 119 22
3 118 109 84
3 93 111 91
3 111 119 109
3 64 20 107
3 64 41 33
3 64 104 42
5 107 20 117 106 34
3 98 107 118
3 34 107 102
5 118 107 102 104 117
3 29 68 20
3 20 117 39
3 41 58 39
3 44 22 58
5 58 29 68 33 41
3 42 29 58
3 33 68 24
3 34 68 22
3 24 102 39
3 24 118 42
5 44 102 24 118 22
3 44 33 98
5 34 102 39 117 22
3 117 22 118
3 98 106 29
3 34 106 41
3 44 102 104
3 106 104 117
3 60 114 1
5 24 42 10 1 114
5 36 1 9 24 40
3 1 46 9
3 10 1 36
3 40 89 60
3 60 104 92
3 102 114 24
3 99 115 114
5 10 104 102 114 115
5 46 72 40 89 9
3 18 24 9
3 9 89 79
3 40 72 36
3 40 24 42
3 36 102 79
3 46 72 92
3 42 46 99
3 72 18 108
5 89 108 72 92 79
3 89 99 108
3 10 115 18
5 108 102 79 115 18
3 92 115 79
3 42 104 10
3 104 102 108
3 2 78 0
3 0 58 38
3 0 46 72
5 78 2 22 21 18
3 2 84 50
3 22 2 101
5 2 101 72 18 84
3 14 17 78
3 10 78 18
5 22 58 10 78 17
3 14 50 21
3 21 22 58
3 21 18 72
3 46 14 42
3 38 50 86
5 72 46 84 50 86
3 42 10 58
3 84 46 97
5 46 42 86 38 97
3 86 101 72
3 17 97 38
3 22 118 17
3 42 118 86
3 18 118 84
3 101 97 10
3 73 100 103
5 73 100 82 108 77
3 73 83 77
3 50 86 73
5 118 108 102 103 100
3 89 87 103
3 44 103 102
3 82 25 100
5 77 22 100 25 102
3 22 118 100
5 21 40 83 31 50
3 25 31 83
3 87 31 50
3 22 44 31
3 21 24 40
3 21 50 82
3 21 22 77
3 83 89 40
3 40 86 44
3 24 25 102
3 24 87 118
3 89 82 108
3 86 118 108
3 77 108 102
3 62 45 76
5 76 56 48 113 62
3 63 66 62
3 62 113 55
5 74 45 76 82 48
3 76 82 108
3 56 109 76
3 45 71 50
3 72 45 74
5 50 66 63 46 71
3 66 86 50
3 82 84 50
3 63 46 72
3 63 82 48
3 55 71 46
3 46 99 84
5 86 55 46 99 66
3 48 71 56
3 72 108 86
5 72 74 84 82 108
3 56 66 99
3 55 86 109
5 99 108 86 109 84
3 84 74 109
3 48 113 74
3 99 108 113
3 1 36 0
3 0 2 47
3 0 38 57
5 7 31 44 36 1
3 1 97 7
3 60 69 1
5 1 60 44 38 97
3 7 31 2
5 7 79 36 101 2
5 47 2 73 83 79
3 73 101 2
3 60 57 92
3 73 83 57
5 57 92 47 54 73
3 7 79 103
5 101 44 103 7 97
3 60 103 44
3 54 103 73
5 92 101 73 103 79
3 69 31 83
3 44 31 38
3 36 83 79
3 47 54 69
3 36 101 44
3 79 47 92
3 38 97 54
3 97 101 92
3 0 45 57
3 0 36 6
3 4 46 0
3 40 86 57
5 51 86 57 92 46
3 80 57 92
3 77 45 21
3 51 74 45
5 74 45 77 80 6
3 40 21 63
3 4 21 18
3 36 88 40
5 86 4 46 88 40
3 63 6 80
3 51 63 46
5 88 18 4 101 36
3 77 36 101
3 4 101 86
3 6 74 18
3 46 92 88
3 51 108 86
3 80 108 77
3 88 108 18
3 92 101 74
3 3 8 78
5 3 8 28 68 29
5 21 68 12 78 3
3 3 63 21
5 3 63 28 12 71
3 3 71 29
5 17 78 8 24 68
3 8 24 42
3 8 28 53
3 9 78 12
5 9 24 21 4 78
3 4 78 17
5 50 12 9 63 21
3 21 4 50
3 21 24 68
3 63 46 9
5 87 9 46 4 50
3 24 9 87
3 12 71 50
3 28 68 12
3 66 50 87
3 63 66 28
3 4 46 42
5 17 87 24 42 4
3 46 71 53
5 87 53 46 42 66
3 17 68 29
3 29 66 42
3 53 87 17
3 1 35 8
5 40 33 69 1 35
3 1 69 9
3 96 36 1
3 39 8 24
3 8 28 19
5 41 96 19 8 39
3 40 63 35
3 41 35 59
3 6 63 9
5 83 25 9 6 36
3 24 25 9
3 40 83 36
3 33 40 24
3 69 83 59
5 27 63 6 59 83
3 25 27 83
3 33 28 69
3 27 63 28
3 36 6 39
5 25 96 36 39 24
3 19 59 6
5 6 39 27 25 19
5 28 19 59 41 27
3 96 19 25
3 39 41 27
3 96 41 33
3 1 90 69
3 43 1 35
3 88 114 1
5 33 44 43 1 114
3 92 57 90
3 40 35 57
3 95 57 94
5 92 57 94 89 65
5 89 103 90 92 88
3 44 103 90
3 94 103 89
5 92 104 94 103 112
5 114 88 104 44 103
3 103 112 114
5 64 35 43 95 33
3 64 35 65
5 94 64 65 112 95
3 64 94 104
3 64 114 33
5 112 114 64 104 43
3 89 40 88
3 44 40 33
3 69 89 65
3 69 95 33
3 95 112 43
3 88 104 92
3 92 112 65
3 44 43 104
3 62 45 57
5 83 70 50 45 57
3 57 40 83
3 95 57 38
5 45 62 27 70 23
3 62 66 29
3 41 27 62
5 62 29 23 95 41
3 50 21 45
5 21 45 37 83 27
3 23 37 45
3 31 83 37
3 38 50 31
5 21 58 37 31 68
3 33 31 68
3 21 58 40
3 27 68 21
3 33 66 40
3 70 83 27
3 70 50 66
3 41 37 58
5 41 27 68 23 37
3 38 58 29
3 29 68 23
3 95 23 70
3 95 33 41
3 57 62 35
5 35 46 71 38 57
3 86 57 38
3 57 92 52
3 62 29 106
3 62 113 51
5 49 113 62 106 52
3 42 35 46
3 43 49 35
3 46 71 51
3 46 97 92
3 38 71 29
3 49 71 52
3 43 38 97
3 51 109 86
3 86 104 42
5 97 109 86 104 92
3 42 110 29
5 110 49 43 106 29
5 92 113 51 109 52
5 97 110 42 104 43
3 113 104 92
3 106 109 52
3 113 110 49
3 110 97 109
3 104 43 106
3 62 57 94
3 57 83 59
3 72 57 92
3 63 27 62
5 62 27 67 59 75
3 62 113 75
3 89 108 94
3 94 105 67
3 79 83 89
3 83 27 77
3 63 6 72
3 63 65 89
3 59 6 75
3 81 6 79
3 77 108 72
3 65 59 67
3 67 81 27
3 92 65 113
3 77 75 105
5 81 79 105 77 108
3 92 105 79
5 67 105 75 113 81
3 108 113 81
3 11 20 3
5 49 3 20 28 19
3 6 63 3
3 3 71 49
5 11 20 81 19 111
3 12 11 82
5 11 82 81 6 74
3 74 111 11
3 20 28 56
3 81 113 20
3 12 71 47
3 19 28 12
3 65 28 63
3 82 63 51
3 47 74 6
3 19 6 81
3 65 47 93
5 51 82 93 47 74
3 51 71 56
3 82 93 81
3 51 74 113
5 65 113 51 56 93
3 49 65 113
3 19 111 49
3 56 111 93
3 57 45 73
5 57 45 71 47 59
3 59 95 57
3 57 92 55
3 73 91 105
3 54 109 73
5 92 105 73 109 74
3 45 71 23
3 75 45 74
3 54 71 47
3 59 91 47
3 47 92 74
3 49 71 55
3 59 49 75
3 95 112 54
3 23 106 95
5 49 112 95 106 55
3 91 111 23
5 111 74 75 105 91
5 109 55 92 112 54
5 49 111 23 106 75
3 112 105 92
3 106 109 55
3 49 111 112
3 111 109 74
3 106 105 75
5 111 109 106 105 112
5 78 4 58 36 1
3 5 78 1
3 90 36 1
5 38 4 46 1 90
5 58 38 5 1 35
3 1 46 35
5 36 6 78 2 37
3 4 2 78
5 36 90 2 4 72
3 90 47 2
3 2 45 37
5 45 72 6 47 2
5 58 37 5 78 3
3 3 6 78
3 3 58 35
5 35 59 5 71 3
5 59 6 3 45 37
3 3 45 71
5 46 72 57 90 47
3 38 57 90
3 57 35 59
3 57 45 72
3 37 58 36
3 72 6 36
3 59 37 5
3 38 58 4
3 72 4 46
3 38 5 71
3 47 59 6
3 46 47 71
3 8 16 114
5 39 8 16 68 30
3 61 8 39
3 14 42 8
5 30 118 16 114 102
3 25 68 16
5 16 25 102 39 18
3 18 118 16
3 33 114 87
5 88 114 87 118 42
3 88 114 102
5 14 21 40 61 9
3 21 68 14
3 40 85 21
5 9 25 85 21 18
3 39 18 21
3 61 25 9
3 61 40 33
3 9 87 14
3 9 88 18
3 40 88 42
3 33 68 30
3 85 102 25
3 85 118 87
5 102 88 18 118 85
3 39 102 30
3 42 118 30
3 35 62 3
5 3 62 27 28 48
5 3 35 61 28 14
3 3 21 14
3 6 48 3
3 51 62 66
3 80 27 62
3 40 61 35
5 14 46 35 40 66
3 65 46 35
3 21 40 72
5 21 82 9 6 72
3 27 82 21
3 6 61 9
3 27 61 28
3 9 46 14
3 82 9 89
3 14 28 66
3 66 40 89
3 72 80 6
5 6 80 27 82 48
3 46 72 51
5 51 46 65 89 66
5 72 51 82 89 80
3 80 89 65
3 48 28 65
3 51 82 48
3 11 2 100
5 85 100 2 101 77
3 37 31 2
3 2 101 4
5 77 34 100 11 117
3 21 11 68
5 11 68 34 37 15
3 15 117 11
3 85 100 118
3 34 119 100
3 17 31 68
3 85 44 31
3 4 58 21
3 77 85 21
3 15 37 58
3 77 37 34
3 44 58 30
3 17 4 118
3 30 68 34
3 17 15 119
3 44 119 101
3 101 77 117
5 117 30 34 119 15
3 117 118 30
3 1 114 7
3 1 36 61
3 1 5 43
5 102 114 7 119 44
3 25 7 31
5 13 36 102 25 7
3 7 119 13
3 26 33 114
3 116 114 102
3 31 37 5
3 33 44 31
3 61 19 25
3 61 33 41
3 36 13 37
3 36 102 44
3 37 34 41
5 13 19 25 34 37
3 19 26 5
3 25 102 34
3 19 116 13
5 26 19 116 41 34
3 43 41 116
3 43 119 44
5 102 116 13 119 34
3 26 119 34
3 7 90 79
3 100 119 7
3 87 114 7
3 44 90 60
3 60 94 89
3 60 114 112
3 54 73 90
3 73 105 94
3 73 85 100
5 100 93 79 105 73
5 107 94 105 112 93
3 94 107 98
3 93 100 107
5 100 107 102 105 119
5 112 119 98 107 114
3 107 102 114
3 87 85 89
3 89 93 79
3 44 102 85
3 54 87 98
3 54 112 93
3 98 119 44
3 102 105 79
3 119 112 105
3 7 90 1
3 46 53 1
3 10 1 43
3 7 84 115
3 17 119 7
5 7 119 101 10 115
3 38 90 54
3 92 101 90
3 84 4 46
3 17 38 4
3 10 101 4
3 46 55 92
3 38 43 55
3 54 109 84
5 84 109 101 92 115
3 54 112 53
3 53 17 110
5 43 112 53 110 55
5 43 119 17 110 10
3 112 115 92
3 110 55 109
3 10 110 115
3 101 109 119
3 112 119 43
5 112 119 109 110 115
3 7 78 2
3 37 91 2
3 74 101 2
3 7 119 96
3 79 115 7
3 6 78 19
3 15 78 10
3 36 37 96
3 79 36 6
3 10 36 101
3 37 75 15
3 75 6 74
3 96 116 19
5 96 119 15 10 116
3 91 19 111
3 79 105 91
5 75 15 111 19 116
5 101 74 115 79 105
3 111 119 15
3 116 10 115
3 111 115 74
3 105 75 116
3 101 119 105
3 90 103 7
3 7 9 25
3 13 115 7
3 93 103 89
3 105 102 103
3 83 90 36
3 92 90 47
3 9 47 6
3 89 9 88
3 83 91 25
3 80 89 83
3 13 36 6
3 88 102 36
3 80 6 81
5 25 91 13 6 81
3 91 47 93
3 81 102 25
3 80 92 105
5 81 93 91 105 80
3 88 92 115
3 13 105 91
5 81 115 13 105 102
3 115 93 81
3 94 107 76
5 107 76 117 113 81
3 76 82 51
3 77 117 76
3 107 118 99
3 81 107 102
3 89 80 94
3 94 104 86
3 51 72 86
3 72 80 77
3 72 88 18
3 82 85 89
3 88 99 89
3 86 118 85
3 77 102 85
3 81 82 18
5 99 118 86 104 88
3 80 113 81
3 102 104 88
3 51 113 99
3 117 118 18
3 117 113 104
3 2 100 7
5 82 18 74 2 100
3 2 50 4
3 74 2 47
5 7 100 118 18 115
3 7 9 87
3 115 7 97
3 93 100 82
5 115 74 109 100 93
3 109 100 118
3 47 46 9
3 18 82 9
3 54 50 87
3 51 82 50
3 97 4 46
3 4 18 118
3 51 99 46
3 54 93 47
3 87 118 99
3 54 109 97
3 51 74 109
3 18 115 74
3 99 115 93
3 7 78 17
3 7 25 100
3 115 114 7
3 18 78 11
3 20 11 68
5 18 81 25 100 11
3 100 111 11
3 19 78 8
3 20 110 8
3 24 114 8
3 81 107 20
3 118 107 100
3 107 114 26
5 118 107 114 115 110
3 25 68 24
3 26 17 68
3 24 118 18
3 81 19 25
3 26 111 19
3 81 18 115
3 17 118 110
3 111 110 115
3 57 90 60
3 72 80 57
3 55 52 57
3 88 104 60
3 60 112 65
5 55 104 60 112 97
3 79 47 90
3 90 101 97
3 46 47 65
3 88 46 72
3 46 97 55
3 47 74 52
3 74 72 101
3 65 113 80
3 79 105 80
5 80 105 52 74 113
3 88 79 115
5 101 97 115 88 104
5 55 52 112 65 113
3 112 105 52
3 55 104 113
3 115 97 112
3 113 74 115
3 104 101 105
5 112 105 104 113 115
3 60 35 1
3 1 96 5
3 10 97 1
3 60 112 95
3 60 104 44
3 35 58 41
3 49 35 55
3 38 58 44
3 10 58 15
3 38 5 95
3 15 49 5
3 55 97 38
3 96 116 41
3 44 96 119
3 95 41 106
5 15 106 41 116 49
5 10 104 44 119 97
3 106 104 55
3 106 15 119
3 10 104 116
3 49 116 112
3 97 119 112
5 106 104 116 112 119
3 64 35 8
5 29 110 8 64 30
3 14 8 24
3 8 110 10
3 64 66 99
3 104 30 64
3 40 58 35
3 55 35 46
3 4 46 14
3 29 66 14
3 24 88 40
3 66 40 86
3 4 10 58
3 30 58 29
3 4 118 86
5 88 10 4 118 24
3 88 46 99
3 30 118 24
3 86 104 55
3 10 88 104
3 29 110 55
3 99 118 110
3 107 114 64
5 110 113 64 107 56
5 110 42 64 114 53
3 42 66 64
3 64 65 113
3 93 107 56
5 107 93 115 113 108
3 108 118 107
3 87 114 53
3 88 115 114
3 51 46 84
3 53 65 46
3 46 42 88
3 87 89 66
3 89 108 88
3 65 89 93
5 84 93 89 108 51
3 56 66 51
3 84 87 118
3 93 115 84
5 115 84 118 108 88
3 53 56 110
3 108 113 51
3 42 118 110
3 115 110 113
3 90 101 2
3 45 2 50
3 91 100 2
3 83 57 90
3 52 57 45
3 86 94 57
3 54 90 103
3 105 103 94
3 100 103 85
5 103 100 109 101 105
5 52 91 70 76 45
3 77 45 76
3 70 94 76
5 94 76 109 52 105
5 91 105 77 76 100
3 76 100 109
3 83 91 70
3 77 85 83
3 54 50 70
3 85 86 50
3 101 109 86
3 91 105 52
3 52 109 54
3 101 105 77
3 11 100 76
5 11 48 81 27 76
3 11 18 21
3 12 11 48
5 76 100 93 81 108
3 27 76 70
3 76 108 51
3 85 100 25
5 100 84 18 108 85
3 84 93 100
3 21 50 85
3 27 63 21
3 12 25 9
3 63 89 9
3 18 84 9
3 50 70 12
3 51 84 50
3 48 51 63
3 25 81 27
3 89 93 70
3 89 85 108
3 48 81 93
3 18 108 81
3 73 2 100
5 25 79 13 2 100
3 2 47 12
3 13 37 2
3 83 73 70
3 52 105 73
3 34 100 25
3 93 100 111
5 100 111 13 105 34
3 19 25 12
3 23 70 12
3 83 37 59
3 25 79 83
3 23 37 34
3 47 59 52
3 79 93 47
3 19 59 67
3 70 93 67
3 13 19 111
5 23 34 67 19 111
3 23 111 52
3 79 105 13
3 34 105 67
3 9 78 1
3 97 90 1
3 96 114 1
3 2 78 13
3 31 90 2
3 2 100 84
5 16 78 13 96 25
3 16 78 17
3 16 100 25
5 100 119 13 115 16
5 17 16 114 96 119
3 115 16 114
3 79 103 90
3 100 119 103
3 87 114 103
3 31 25 96
3 31 87 17
3 9 25 79
3 84 9 87
3 96 119 13
3 84 115 97
3 97 17 119
3 13 115 79
3 11 16 78
5 16 81 39 117 11
3 21 82 11
3 11 117 74
5 10 78 16 24 39
3 24 118 16
3 16 115 81
3 9 78 6
3 4 78 10
3 21 4 72
3 21 39 24
3 88 9 24
3 84 82 9
3 4 118 84
3 74 72 6
3 39 6 81
3 88 72 108
3 81 108 82
3 39 117 10
3 74 115 84
3 88 10 115
3 108 118 117
3 10 78 1
3 61 35 1
3 53 114 1
3 3 78 14
3 3 49 35
3 3 20 39
3 16 78 19
5 16 19 116 39 20
3 16 110 20
3 24 114 16
3 42 35 64
3 20 28 64
3 114 116 64
3 61 39 24
3 61 19 28
3 14 42 24
3 14 53 28
3 10 116 39
3 49 110 53
3 19 116 49
3 42 10 110
3 12 2 78
3 74 45 2
3 22 2 100
3 15 78 3
3 3 45 21
3 48 20 3
3 16 78 18
3 20 68 16
5 18 117 22 100 16
3 100 111 16
3 45 76 23
3 20 117 76
3 82 100 76
3 21 68 22
3 82 18 21
3 12 23 68
3 48 82 12
3 15 117 22
3 48 74 111
3 74 117 18
3 23 15 111
3 73 76 45
3 85 83 73
3 73 101 105
3 34 76 27
3 108 76 117
5 117 76 34 105 75
3 21 72 45
3 37 45 75
3 21 85 22
3 21 27 39
3 36 83 37
3 80 27 83
3 36 101 72
3 36 102 39
3 22 37 34
5 75 39 27 34 37
3 80 72 108
3 102 85 108
3 75 117 39
3 101 117 22
3 75 105 80
3 102 34 105
3 8 78 1
3 88 36 1
3 1 97 43
3 39 116 8
3 8 110 42
5 15 43 116 8 110
3 4 78 18
3 15 78 13
3 39 58 36
3 36 101 13
3 42 4 58
3 15 58 43
3 97 101 4
3 18 39 117
5 117 15 13 116 39
3 18 115 88
3 42 88 104
5 18 117 101 13 115
3 110 117 15
3 116 115 13
3 97 110 115
3 101 104 117
3 116 43 104
3 16 100 107
5 117 110 16 107 30
3 18 24 16
3 17 16 110
5 108 117 109 100 107
3 108 99 107
3 107 30 98
3 22 85 100
3 84 109 100
3 17 22 4
3 42 86 4
3 18 84 4
3 87 85 24
3 30 42 24
3 86 108 85
3 84 99 87
3 17 98 87
3 22 117 30
3 86 109 98
3 108 18 117
3 99 110 42
3 109 110 117
3 73 90 2
3 4 2 22
3 2 13 74
3 73 86 109
3 73 77 105
3 44 36 90
3 92 97 90
3 72 36 77
3 13 36 10
3 86 4 72
3 4 10 97
3 74 72 92
3 22 119 44
3 77 117 22
5 119 13 10 117 22
3 86 104 44
5 74 13 105 77 117
3 105 92 104
3 119 13 105
3 117 10 104
3 97 109 119
3 117 74 109
5 105 119 109 117 104
3 100 103 7
3 7 96 13
3 17 97 7
3 98 103 44
3 105 112 103
3 22 100 34
3 111 100 109
3 43 96 44
3 26 96 34
3 15 22 17
3 22 44 101
3 17 98 26
3 13 111 15
3 15 106 43
5 15 111 26 34 106
3 101 13 105
3 109 97 101
3 97 112 43
3 98 109 106
3 105 34 106
3 111 112 26
3 103 107 114
3 85 44 103
3 105 79 103
3 107 81 108
3 34 107 30
5 81 116 105 34 107
3 24 88 114
3 114 116 96
3 39 77 36
3 36 96 44
3 79 88 36
3 24 85 25
3 24 39 30
3 25 96 34
3 81 79 25
3 77 108 85
5 34 96 116 39 30
3 81 39 116
3 108 88 104
3 44 30 104
3 34 105 77
3 105 104 116
3 20 107 16
3 19 25 16
3 16 115 18
3 67 93 107
3 107 108 102
3 27 39 20
3 20 113 48
3 18 6 39
3 79 80 6
3 6 48 19
3 27 82 25
3 79 102 25
3 27 80 67
3 93 48 82
3 82 18 108
3 102 116 39
3 80 113 108
3 67 116 19
3 79 115 93
3 116 115 113
3 11 45 2
3 84 47 2
3 2 101 13
3 48 11 111
3 18 11 117
5 75 13 111 11 117
3 51 72 45
3 52 45 75
3 47 48 6
3 18 6 72
3 13 75 6
3 52 92 47
3 72 101 92
3 51 109 84
3 84 18 115
3 48 113 51
5 75 113 48 111 52
3 92 115 113
3 111 109 52
3 111 13 115
3 113 117 75
3 117 109 101
3 16 81 20
3 100 118 16
3 26 114 16
3 94 103 98
3 100 93 103
3 102 114 103
3 64 94 67
3 30 64 20
3 64 99 114
3 94 108 76
3 56 76 20
3 34 100 76
3 56 99 93
3 56 98 26
3 118 108 99
3 67 93 81
3 26 34 67
3 81 108 102
3 30 118 98
3 34 30 102
3 73 94 103
3 52 91 73
3 77 101 73
3 102 103 79
3 112 119 103
3 67 80 94
3 106 94 104
3 75 80 77
3 79 80 92
3 13 91 79
3 67 91 34
3 77 34 102
3 92 112 52
3 101 104 92
3 75 106 52
3 13 116 75
3 101 13 119
5 75 116 67 34 106
3 112 116 67
3 106 34 119
3 116 102 104
3 11 45 23
3 20 11 117
3 11 100 82
3 73 45 77
3 73 70 94
3 73 109 100
3 51 62 45
3 62 106 94
3 20 62 27
3 108 94 107
3 20 107 56
3 100 107 34
3 27 82 70
3 23 70 56
3 34 27 77
3 51 82 108
3 51 109 56
3 117 108 77
3 23 106 34
3 117 109 106
3 11 45 76
3 11 68 12
3 15 11 111
3 70 76 56
3 76 106 34
3 32 45 37
3 45 71 52
3 12 71 5
3 12 91 70
3 32 68 29
3 70 95 32
3 5 37 15
3 91 37 34
3 26 5 95
3 29 56 71
3 34 68 26
3 95 106 52
3 29 106 15
3 91 111 52
3 56 111 26
3 64 107 94
3 65 28 64
3 64 41 116
3 107 81 93
3 26 107 34
3 95 70 94
3 80 105 94
3 59 95 41
3 59 80 65
3 19 91 59
3 27 70 28
3 93 91 70
3 81 27 80
3 27 41 34
3 26 28 19
3 26 112 95
3 34 105 91
3 65 112 93
3 19 116 81
3 112 105 116
3 3 62 45
3 6 39 3
3 15 49 3
3 80 62 113
3 62 106 41
3 77 45 37
3 52 74 45
3 41 59 37
3 15 13 37
3 59 6 80
3 6 74 13
3 52 59 49
3 41 116 39
3 77 39 117
3 80 105 77
3 106 52 105
3 15 117 106
3 116 13 105
3 113 116 49
3 113 74 117
3 16 78 8
3 61 8 28
3 49 116 8
3 25 16 81
3 26 16 111
3 12 5 78
3 6 78 13
3 61 6 59
3 61 96 25
3 12 91 25
3 12 28 48
3 5 59 49
3 96 5 26
3 48 6 81
3 59 67 91
3 26 67 28
3 96 13 116
3 48 49 111
3 91 111 13
3 81 116 67
3 3 78 11
3 29 58 3
3 3 49 75
3 22 117 11
3 23 111 11
3 17 5 78
3 13 78 10
3 37 58 22
3 5 37 23
3 37 13 75
3 43 58 10
3 49 5 43
3 22 119 17
3 29 17 110
3 23 29 106
3 119 13 111
3 117 110 10
3 111 110 49
3 106 75 117
3 106 119 43
3 64 35 62
3 32 62 27
3 62 106 75
3 33 30 64
3 64 116 67
3 61 59 35
3 43 58 35
3 61 27 39
3 61 96 33
3 37 58 32
3 33 95 32
3 37 59 75
3 96 34 37
3 39 58 30
3 95 67 59
3 27 34 67
3 75 116 39
3 96 43 116
3 43 106 95
3 30 106 34
3 64 114 8
3 8 39 10
3 8 19 49
3 41 67 64
3 64 113 104
3 96 102 114
3 112 115 114
3 39 41 75
3 39 102 81
3 19 96 13
3 41 96 43
3 19 67 81
3 10 115 13
3 75 13 105
3 43 104 10
3 49 113 75
3 49 112 43
3 105 112 67
3 105 104 102
3 115 81 113
3 76 62 94
3 55 29 62
3 62 41 75
3 23 76 34
3 109 117 76
3 95 98 94
3 105 94 104
3 43 41 95
3 52 95 23
3 29 23 15
3 30 98 29
3 34 41 30
3 52 109 55
3 52 75 105
3 55 43 104
3 75 117 15
3 15 119 43
3 109 119 98
3 119 34 105
3 117 104 30
3 16 114 107
3 17 16 68
3 16 19 111
3 98 107 56
3 67 107 34
3 96 33 114
3 112 114 53
3 5 19 96
3 23 95 5
3 17 53 5
3 33 28 68
3 23 68 34
3 95 33 98
3 56 28 53
3 19 28 67
3 34 119 96
3 67 95 112
3 98 17 119
3 23 56 111
3 111 119 112
3 3 35 8
3 48 71 3
3 15 75 3
3 8 110 53
3 19 116 8
3 59 65 35
3 43 35 55
3 5 71 53
3 19 5 59
3 15 5 43
3 55 71 52
3 75 52 59
3 48 113 65
3 19 111 48
3 53 65 112
3 111 52 112
3 110 113 55
3 110 111 15
3 113 75 116
3 112 43 116
3 76 107 100
3 76 77 27
3 23 106 76
3 67 107 26
3 107 30 102
3 91 100 25
3 22 119 100
3 41 96 37
3 37 22 77
3 23 37 91
3 27 25 68
3 30 68 22
3 23 68 26
3 96 25 102
3 67 41 27
3 26 119 96
3 91 105 67
3 30 106 41
3 102 77 105
3 106 105 119
3 11 100 16
3 74 11 48
3 11 23 15
3 19 26 16
3 115 110 16
3 91 93 100
3 119 109 100
3 48 19 49
3 48 93 56
3 19 91 13
3 52 23 91
3 26 56 23
3 52 112 49
3 74 109 52
3 13 119 15
3 15 49 110
3 74 13 115
3 110 56 109
3 112 115 93
3 26 112 119
3 3 11 48
3 8 39 3
3 3 29 62
3 11 16 68
3 76 11 117
3 16 110 8
3 8 28 64
3 62 113 64
3 62 27 76
3 16 107 81
3 107 30 64
3 76 107 56
3 27 68 28
3 30 29 68
3 81 27 39
3 56 28 48
3 30 39 117
3 81 113 48
3 56 110 29
3 117 110 113
4 0 2 7 1
4 0 1 96 37
4 2 7 96 37
4 12 5 96 25
4 25 34 23 12
4 5 23 34 96
4 32 31 96 41
4 38 31 96 43
4 32 41 43 38
4 23 95 69 12
4 47 12 23 52
4 52 95 69 47
4 0 1 60 57
4 0 57 95 5
4 1 5 95 60
4 61 33 95 59
4 26 19 61 33
4 59 19 26 95
4 0 2 73 57
4 2 0 59 91
4 57 73 91 59
4 61 83 91 19
4 19 13 36 61
4 83 36 13 91
4 32 70 91 37
4 70 32 41 67
4 41 37 91 67
4 83 32 38 90
4 54 70 83 90
4 38 54 70 32
4 31 90 47 12
4 31 90 79 25
4 12 25 79 47
4 61 36 90 69
4 33 69 90 44
4 44 33 61 36
4 2 74 48 12
4 51 74 2 50
4 12 48 51 50
4 51 66 32 45
4 45 51 56 23
4 23 56 66 32
4 0 71 51 72
4 0 72 86 38
4 71 51 86 38
4 11 21 32 23
4 15 58 21 11
4 32 58 15 23
4 3 11 76 62
4 3 63 82 11
4 76 62 63 82
4 78 0 45 11
4 78 0 72 18
4 72 18 11 45
4 3 29 38 0
4 38 17 78 0
4 29 3 78 17
4 29 62 63 14
4 62 55 46 63
4 46 14 29 55
4 12 68 20 48
4 20 29 71 48
4 71 12 68 29
4 2 4 14 12
4 2 12 68 22
4 4 22 68 14
4 32 50 4 58
4 58 32 66 42
4 4 50 66 42
4 21 63 46 4
4 4 84 82 21
4 46 84 82 63
4 35 0 90 60
4 58 44 90 0
4 60 35 58 44
4 60 57 62 64
4 60 33 32 57
4 33 64 62 32
4 40 63 65 60
4 60 40 72 92
4 63 72 92 65
4 62 80 83 32
4 37 75 62 32
4 37 83 80 75
4 89 69 95 94
4 59 95 94 80
4 69 59 80 89
4 6 80 57 0
4 0 90 79 6
4 79 90 57 80
4 6 39 58 0
4 58 0 59 41
4 41 39 6 59
4 1 43 41 61
4 1 69 95 43
4 61 41 95 69
4 63 35 41 27
4 65 35 41 67
4 63 65 67 27
4 61 36 72 63
4 27 77 36 61
4 27 77 72 63
4 32 40 36 37
4 40 33 96 36
4 32 37 96 33
4 69 83 36 1
4 69 89 88 1
4 36 88 89 83
4 4 0 6 18
4 4 84 47 0
4 6 18 84 47
4 10 39 61 1
4 1 10 18 9
4 9 18 39 61
4 12 78 18 82
4 19 78 18 81
4 81 19 12 82
4 3 0 47 48
4 0 47 65 35
4 35 65 48 3
4 48 11 21 63
4 11 74 72 21
4 63 72 74 48
4 20 39 61 28
4 20 39 6 48
4 28 48 6 61
4 14 12 19 8
4 14 71 49 8
4 12 19 49 71
4 78 0 35 8
4 0 4 42 35
4 42 8 78 4
4 11 3 8 16
4 24 8 3 21
4 11 16 24 21
4 1 46 63 61
4 61 28 53 1
4 46 53 28 63
4 21 72 46 14
4 21 72 88 24
4 24 88 46 14
4 9 12 71 46
4 51 82 9 46
4 12 71 51 82
4 60 103 73 57
4 57 60 112 52
4 73 52 112 103
4 95 52 109 98
4 95 52 111 26
4 26 111 109 98
4 53 49 59 69
4 52 59 69 54
4 53 54 52 49
4 44 96 5 38
4 98 38 5 26
4 96 26 98 44
4 55 71 5 43
4 23 106 43 5
4 71 55 106 23
4 60 1 7 103
4 1 7 119 43
4 103 60 43 119
4 55 106 105 92
4 97 92 105 119
4 55 97 119 106
4 17 53 49 15
4 53 17 119 112
4 15 49 112 119
4 17 97 90 31
4 53 97 90 69
4 31 69 53 17
4 90 44 98 54
4 90 54 109 101
4 44 98 109 101
4 71 47 90 38
4 92 55 38 90
4 71 55 92 47
4 80 75 106 94
4 75 106 95 59
4 57 38 5 59
4 55 57 59 49
4 5 49 55 38
4 73 54 69 83
4 73 83 59 52
4 54 97 101 73
4 73 105 112 54
4 105 112 97 101
4 65 67 91 47
4 47 91 105 92
4 67 65 92 105
4 105 52 55 104
4 49 116 105 52
4 55 104 116 49
4 60 94 106 43
4 106 94 103 119
4 69 1 97 54
4 95 54 97 43
4 35 65 112 43
4 41 67 112 43
4 90 92 104 44
4 38 55 104 44
4 65 60 90 47
4 57 94 103 90
4 80 79 103 94
4 42 55 57 40
4 29 32 57 55
4 32 40 42 29
4 0 36 88 46
4 0 58 42 46
4 58 42 88 36
4 42 24 61 35
4 41 30 42 35
4 24 61 41 30
4 0 36 39 3
4 0 45 77 36
4 39 77 45 3
4 14 21 39 8
4 8 14 4 10
4 10 39 21 4
4 20 29 32 27
4 29 20 39 58
4 32 27 39 58
4 62 41 61 63
4 62 75 6 63
4 41 61 6 75
4 0 35 62 45
4 45 0 46 51
4 46 35 62 51
4 8 3 62 64
4 3 14 66 62
4 8 14 66 64
4 32 21 72 57
4 32 57 80 27
4 21 72 80 27
4 63 14 4 72
4 4 86 66 14
4 66 63 72 86
4 40 72 6 61
4 6 18 24 61
4 72 40 24 18
4 0 37 22 4
4 0 4 17 5
4 5 37 22 17
4 38 17 68 32
4 68 32 95 26
4 26 95 38 17
4 52 95 32 45
4 50 54 52 45
4 50 32 95 54
4 38 54 47 0
4 38 4 84 54
4 14 71 54 87
4 14 29 98 87
4 54 98 29 71
4 2 73 70 12
4 2 90 69 12
4 70 69 90 73
4 2 11 68 31
4 45 32 31 2
4 45 32 68 11
4 2 50 87 7
4 50 2 78 14
4 14 78 7 87
4 0 47 91 37
4 37 23 71 0
4 23 91 47 71
4 14 78 15 29
4 23 15 78 12
4 14 29 23 12
4 5 69 70 23
4 53 69 70 56
4 5 23 56 53
4 41 32 66 64
4 66 64 67 70
4 14 42 64 28
4 68 30 64 28
4 14 42 30 68
4 33 64 65 69
4 33 64 99 87
4 65 99 87 69
4 83 85 24 61
4 61 69 87 24
4 85 83 69 87
4 32 21 24 33
4 32 41 39 21
4 41 33 24 39
4 60 114 8 35
4 40 35 8 24
4 40 60 114 24
4 68 14 9 25
4 27 63 9 25
4 63 14 68 27
4 27 83 69 28
4 69 83 80 65
4 28 65 80 27
4 20 62 35 8
4 27 61 8 20
4 61 27 62 35
4 82 21 40 89
4 32 70 82 21
4 32 40 89 70
4 60 94 62 35
4 63 35 60 89
4 89 63 62 94
4 9 89 66 14
4 14 42 88 9
4 66 89 88 42
4 87 24 102 103
4 98 30 102 103
4 87 24 30 98
4 14 53 114 24
4 68 24 114 26
4 53 26 68 14
4 88 9 69 60
4 24 88 60 33
4 33 69 9 24
4 65 67 107 99
4 99 53 26 107
4 65 67 26 53
4 60 114 107 94
4 88 108 94 60
4 107 114 88 108
4 64 8 16 107
4 16 118 42 8
4 42 64 107 118
4 60 69 28 64
4 94 70 69 60
4 28 64 94 70
4 40 61 8 42
4 66 42 8 28
4 61 40 66 28
4 20 30 33 28
4 30 98 56 20
4 28 56 98 33
4 89 103 98 66
4 56 93 103 98
4 66 89 93 56
4 14 87 89 63
4 63 14 53 65
4 65 89 87 53
4 42 99 89 40
4 42 118 85 40
4 85 118 99 89
4 36 79 91 37
4 102 36 37 34
4 91 34 102 79
4 13 10 58 37
4 41 116 13 37
4 10 58 41 116
4 10 116 112 97
4 10 116 105 101
4 22 77 75 15
4 22 77 105 119
4 119 15 75 105
4 2 7 103 73
4 2 73 105 13
4 103 7 13 105
4 5 31 22 15
4 44 31 5 43
4 44 43 15 22
4 96 43 106 34
4 43 96 102 104
4 102 104 106 34
4 79 102 44 90
4 79 92 104 102
4 90 36 58 38
4 97 10 36 90
4 10 97 38 58
4 90 31 22 101
4 90 83 77 101
4 22 77 83 31
4 73 103 87 50
4 94 73 50 66
4 87 103 94 66
4 82 89 94 76
4 27 68 31 83
4 28 68 31 69
4 73 77 21 50
4 27 77 73 70
4 27 21 50 70
4 67 80 57 95
4 32 27 67 95
4 61 40 85 25
4 63 61 25 82
4 63 82 85 40
4 60 69 31 44
4 89 60 44 85
4 31 69 89 85
4 86 57 83 85
4 57 86 108 80
4 83 85 108 80
4 21 24 87 50
4 33 87 50 32
4 57 95 33 40
4 86 57 95 98
4 40 86 98 33
4 66 62 41 33
4 61 33 66 63
4 63 51 84 9
4 6 74 84 9
4 6 74 51 63
4 0 46 84 2
4 7 84 46 1
4 69 87 84 47
4 84 99 65 47
4 14 63 6 78
4 28 19 78 14
4 63 6 19 28
4 9 69 5 78
4 9 87 17 78
4 69 5 17 87
4 12 50 4 78
4 82 18 4 50
4 1 8 3 0
4 1 0 71 53
4 8 3 71 53
4 28 56 51 63
4 53 46 51 56
4 50 54 53 14
4 14 53 97 4
4 54 97 4 50
4 48 65 69 12
4 5 12 48 49
4 65 49 5 69
4 50 71 48 82
4 50 82 93 54
4 71 54 93 48
4 0 2 11 3
4 48 11 2 47
4 31 7 84 50
4 38 97 7 31
4 50 84 97 38
4 55 57 73 109
4 57 55 97 90
4 73 109 97 90
4 31 50 45 37
4 5 71 45 37
4 5 71 50 31
4 0 5 53 46
4 17 53 46 4
4 47 2 4 46
4 92 47 2 101
4 46 4 101 92
4 2 78 1 90
4 78 12 69 1
4 45 74 84 50
4 54 84 74 52
4 71 46 92 52
4 46 92 112 53
4 71 53 112 52
4 52 57 83 91
4 23 52 57 32
4 23 91 83 32
4 52 59 35 55
4 35 55 106 41
4 41 59 52 106
4 47 92 60 69
4 60 92 52 95
4 5 43 60 69
4 43 95 32 58
4 95 43 15 23
4 43 38 71 49
4 71 54 112 49
4 38 54 112 43
4 0 37 41 35
4 41 96 1 35
4 31 69 47 2
4 37 59 47 2
4 69 59 37 31
4 71 45 75 49
4 5 37 75 49
4 32 58 36 83
4 0 45 73 90
4 0 71 54 90
4 73 54 71 45
4 57 35 1 90
4 55 35 1 97
4 8 53 69 61
4 8 49 59 61
4 49 35 57 52
4 60 35 49 112
4 63 3 49 65
4 3 63 80 75
4 65 80 75 49
4 63 80 79 9
4 79 92 46 9
4 63 46 92 80
4 90 69 65 92
4 53 65 92 97
4 48 113 92 47
4 71 55 113 48
4 0 72 88 1
4 60 88 72 57
4 78 3 35 1
4 9 63 35 1
4 3 63 9 78
4 1 46 71 5
4 55 43 1 46
4 47 90 36 6
4 61 6 47 69
4 5 19 6 0
4 6 48 71 0
4 48 19 5 71
4 57 59 6 72
4 57 52 74 72
4 52 59 6 74
4 27 70 56 20
4 29 32 70 56
4 69 33 98 54
4 54 69 28 56
4 48 63 89 93
4 66 56 48 63
4 31 25 27 32
4 25 31 50 82
4 32 27 82 50
4 23 76 82 12
4 76 23 71 51
4 70 69 9 82
4 9 84 54 69
4 82 84 54 70
4 68 12 9 24
4 12 69 33 68
4 23 68 14 71
4 26 23 71 53
4 48 28 68 11
4 21 68 28 63
4 14 21 85 87
4 63 21 85 89
4 31 87 66 32
4 32 29 17 31
4 17 87 66 29
4 50 71 53 87
4 87 50 51 99
4 71 51 99 53
4 38 97 92 57
4 112 95 57 92
4 95 112 97 38
4 70 67 105 73
4 70 67 112 54
4 23 26 112 52
4 79 83 57 92
4 79 92 52 91
4 59 65 93 91
4 59 91 111 49
4 49 111 93 65
4 57 38 31 83
4 83 31 5 59
4 65 49 43 60
4 5 12 70 95
4 12 70 67 19
4 19 5 95 67
4 54 90 1 53
4 65 93 103 60
4 47 93 103 90
4 63 51 76 27
4 51 76 77 72
4 3 20 76 45
4 71 56 20 3
4 71 56 76 45
4 73 57 62 76
4 76 62 55 109
4 3 21 50 71
4 3 71 38 58
4 38 58 21 50
4 57 40 85 73
4 40 57 45 21
4 73 85 21 45
4 11 82 70 23
4 94 106 29 66
4 94 106 23 70
4 70 23 29 66
4 68 29 62 27
4 56 71 38 98
4 86 51 56 98
4 94 86 50 70
4 82 108 94 70
4 50 86 108 82
4 43 96 61 35
4 40 35 43 44
4 44 40 61 96
4 36 0 38 44
4 72 36 44 86
4 85 44 58 21
4 39 21 85 102
4 44 102 39 58
4 62 27 83 57
4 61 35 57 83
4 57 32 31 90
4 31 90 60 33
4 37 77 72 0
4 0 59 80 72
4 37 59 80 77
4 34 96 61 27
4 34 96 36 77
4 21 39 75 45
4 41 75 45 32
4 31 37 41 33
4 31 22 30 33
4 30 41 37 22
4 0 38 95 59
4 58 38 95 41
4 18 21 68 16
4 16 68 27 81
4 27 81 18 21
4 17 31 25 16
4 25 85 118 16
4 17 31 85 118
4 19 61 24 16
4 24 33 26 16
4 14 28 27 21
4 28 70 50 14
4 53 28 68 17
4 11 20 8 78
4 20 11 12 28
4 12 28 8 78
4 12 82 85 31
4 69 89 82 12
4 78 11 100 7
4 7 100 82 9
4 78 11 82 9
4 63 61 19 48
4 25 19 48 82
4 33 87 9 61
4 66 87 9 63
4 21 18 84 50
4 24 87 84 18
4 7 114 8 78
4 14 8 114 87
4 78 0 90 7
4 78 6 79 7
4 9 14 17 7
4 46 9 7 97
4 17 14 46 97
4 7 16 8 1
4 61 1 7 25
4 8 16 25 61
4 31 87 114 96
4 5 53 114 96
4 5 31 87 53
4 2 13 96 31
4 2 13 19 12
4 31 12 19 96
4 17 78 19 26
4 17 26 28 14
4 12 14 46 47
4 14 28 65 46
4 47 12 28 65
4 9 61 59 47
4 59 91 25 61
4 47 9 25 91
4 2 84 87 31
4 7 87 89 79
4 7 115 99 87
4 99 89 79 115
4 108 99 114 102
4 113 116 114 99
4 102 108 113 116
4 1 88 99 53
4 1 53 110 10
4 99 88 10 110
4 24 8 19 25
4 8 24 102 116
4 116 19 25 102
4 16 81 79 7
4 16 78 6 81
4 93 107 118 84
4 81 107 118 18
4 81 93 84 18
4 39 20 110 10
4 81 115 110 20
4 10 115 81 39
4 88 102 25 9
4 88 108 82 9
4 108 82 25 102
4 46 42 24 9
4 24 9 84 118
4 42 46 84 118
4 73 100 7 90
4 25 7 90 83
4 25 100 73 83
4 103 73 76 107
4 77 102 103 73
4 76 107 102 77
4 85 73 54 87
4 73 109 118 85
4 54 109 118 87
4 31 22 118 87
4 33 30 118 87
4 31 2 101 44
4 50 86 101 2
4 50 86 44 31
4 37 31 85 77
4 31 96 102 85
4 37 77 102 96
4 7 25 68 17
4 34 119 7 25
4 68 17 119 34
4 30 118 100 34
4 109 100 34 106
4 106 109 118 30
4 2 22 34 91
4 91 105 101 2
4 101 22 34 105
4 98 107 102 44
4 96 26 107 102
4 86 101 105 94
4 98 119 105 94
4 101 86 98 119
4 98 17 7 103
4 17 38 90 7
4 103 90 38 98
4 60 104 108 89
4 44 104 108 85
4 94 98 118 108
4 108 94 106 117
4 117 106 98 118
4 57 80 113 55
4 55 86 108 113
4 60 44 30 64
4 35 64 30 58
4 99 42 30 107
4 88 102 107 99
4 42 88 102 30
4 29 55 113 20
4 30 104 113 20
4 30 104 55 29
4 66 62 106 98
4 106 98 33 41
4 64 107 76 62
4 64 99 51 62
4 76 107 99 51
4 51 72 40 66
4 99 66 40 88
4 51 99 88 72
4 40 86 118 24
4 33 98 118 24
4 42 30 106 55
4 55 42 118 109
4 98 38 4 118
4 54 84 118 98
4 73 100 107 94
4 73 100 118 86
4 94 107 118 86
4 51 55 106 76
4 56 99 108 76
4 76 117 110 56
4 99 108 117 110
4 76 109 54 70
4 82 76 109 84
4 38 29 56 54
4 29 110 99 66
4 99 87 17 110
4 62 94 107 20
4 62 29 98 94
4 20 107 98 29
4 73 94 62 45
4 50 45 62 66
4 14 42 86 50
4 55 71 14 42
4 71 55 86 50
4 85 50 51 108
4 85 108 99 87
4 46 35 59 47
4 47 52 55 46
4 47 92 88 9
4 65 47 74 113
4 84 99 113 74
4 97 1 8 110
4 35 8 110 55
4 46 99 114 1
4 84 7 114 99
4 43 60 88 10
4 88 60 112 115
4 10 115 112 43
4 92 115 111 52
4 55 92 115 110
4 55 110 111 52
4 90 54 93 79
4 90 97 115 79
4 54 97 115 93
4 53 49 116 114
4 53 99 113 49
4 49 48 93 112
4 43 97 46 35
4 65 112 97 46
4 80 92 112 67
4 89 93 112 60
4 89 93 115 88
4 47 54 103 79
4 54 103 105 52
4 52 47 79 105
4 7 97 92 79
4 61 9 46 35
4 65 89 83 59
4 89 93 91 83
4 114 1 90 103
4 103 54 53 114
4 73 77 36 90
4 102 36 90 103
4 70 76 77 83
4 70 89 108 76
4 77 108 89 83
4 50 85 77 45
4 66 33 31 50
4 33 44 86 66
4 22 44 40 21
4 21 22 101 72
4 40 44 101 72
4 98 38 57 94
4 86 72 80 94
4 72 101 105 80
4 32 40 60 95
4 60 89 70 95
4 89 65 112 103
4 87 53 112 103
4 53 28 70 54
4 89 9 7 103
4 82 89 103 100
4 46 99 93 47
4 71 56 99 46
4 47 93 56 71
4 2 91 70 50
4 2 91 93 84
4 84 50 70 93
4 65 89 82 48
4 1 5 12 9
4 76 45 57 94
4 72 108 94 57
4 108 72 45 76
4 88 46 51 108
4 46 88 104 55
4 51 108 104 55
4 18 108 86 4
4 3 35 57 45
4 3 35 40 21
4 80 77 21 63
4 77 85 89 80
4 62 66 89 80
4 66 99 113 62
4 89 99 113 80
4 51 62 32 50
4 82 51 62 27
4 94 57 35 64
4 57 35 42 86
4 42 86 94 64
4 76 27 28 56
4 25 82 76 34
4 31 83 89 87
4 32 83 89 66
4 14 12 70 66
4 68 21 40 33
4 28 63 40 33
4 68 22 77 27
4 20 11 45 62
4 68 32 62 20
4 14 12 25 24
4 14 50 85 24
4 12 25 85 50
4 45 11 100 73
4 21 85 100 11
4 40 86 51 63
4 85 86 51 82
4 78 13 79 9
4 13 91 12 78
4 12 9 79 91
4 0 36 79 47
4 46 47 79 88
4 6 79 89 63
4 6 79 93 48
4 69 1 8 28
4 1 90 83 61
4 1 9 89 60
4 0 46 65 59
4 65 53 5 59
4 28 12 91 67
4 83 90 92 80
4 61 19 49 35
4 63 48 49 35
4 25 19 59 83
4 83 80 81 25
4 80 59 19 81
4 5 96 36 0
4 36 6 19 96
4 73 50 4 101
4 4 21 77 101
4 11 76 73 2
4 11 76 70 12
4 12 11 22 31
4 12 5 15 11
4 91 83 85 100
4 37 91 100 22
4 83 37 22 85
4 2 0 58 22
4 22 2 90 44
4 32 21 4 38
4 21 4 17 68
4 12 5 38 50
4 50 38 95 70
4 38 86 85 31
4 58 0 71 29
4 23 37 58 29
4 23 68 21 45
4 23 34 77 45
4 21 68 34 77
4 3 75 77 21
4 45 77 108 51
4 72 4 22 77
4 4 0 57 86
4 66 94 80 63
4 73 83 40 86
4 83 73 101 36
4 40 86 101 36
4 3 58 40 63
4 3 29 66 63
4 29 58 40 66
4 83 36 39 27
4 44 38 50 85
4 32 62 55 38
4 50 51 55 38
4 37 45 62 41
4 76 73 83 27
4 94 57 59 67
4 73 91 67 94
4 98 54 93 107
4 95 98 107 67
4 93 67 95 54
4 79 83 70 93
4 103 105 80 89
4 80 65 112 105
4 60 40 85 103
4 114 64 94 103
4 64 66 87 114
4 60 33 28 65
4 33 26 112 60
4 26 112 65 28
4 40 57 59 61
4 65 59 41 64
4 59 69 33 41
4 62 113 92 57
4 64 113 92 60
4 1 114 64 35
4 64 35 46 99
4 46 72 36 1
4 92 57 40 88
4 83 79 88 40
4 88 104 94 89
4 66 42 104 94
4 9 69 59 6
4 9 89 80 6
4 72 46 65 80
4 46 72 108 99
4 65 80 108 99
4 67 94 66 28
4 63 80 67 28
4 54 112 114 87
4 87 114 115 84
4 84 115 112 54
4 66 99 114 33
4 56 26 114 99
4 33 26 56 66
4 46 53 114 88
4 28 53 112 67
4 1 8 64 60
4 60 64 107 103
4 65 64 107 93
4 88 79 93 99
4 46 42 29 71
4 29 55 52 23
4 110 29 38 97
4 54 97 110 56
4 14 66 98 17
4 17 98 86 4
4 38 57 72 4
4 86 57 52 109
4 72 86 109 74
4 62 51 109 106
4 66 98 109 51
4 46 55 109 84
4 45 51 84 2
4 76 56 54 73
4 45 3 14 50
4 29 55 97 17
4 14 9 47 71
4 54 47 9 87
4 3 49 53 14
4 65 49 110 99
4 93 111 110 99
4 87 118 110 53
4 54 109 110 53
4 56 110 8 28
4 56 110 42 66
4 47 54 56 48
4 54 109 74 47
4 56 109 74 48
4 12 50 66 28
4 48 28 66 51
4 51 55 97 84
4 113 51 84 115
4 55 97 115 113
4 65 63 82 93
4 65 93 84 46
4 84 50 66 99
4 4 42 99 84
4 43 55 62 41
4 98 103 105 106
4 52 106 98 54
4 33 60 104 30
4 60 104 106 95
4 33 95 106 30
4 43 44 86 55
4 44 119 109 86
4 55 43 119 109
4 50 54 103 85
4 54 38 44 103
4 40 66 98 44
4 58 44 98 29
4 73 90 60 94
4 90 101 104 60
4 94 73 101 104
4 70 73 86 66
4 70 83 40 66
4 63 51 55 35
4 48 49 55 51
4 8 49 55 42
4 8 116 104 42
4 92 60 114 115
4 64 113 115 114
4 28 65 113 20
4 28 20 110 53
4 65 113 110 53
4 65 64 42 46
4 64 65 92 104
4 46 42 104 92
4 0 57 62 3
4 62 3 6 80
4 64 35 3 20
4 65 48 20 64
4 51 113 75 45
4 51 113 49 71
4 29 62 113 110
4 65 92 74 48
4 21 14 71 45
4 45 72 46 71
4 69 53 99 89
4 35 65 99 42
4 42 35 49 110
4 8 53 56 20
4 66 51 113 64
4 64 113 48 28
4 3 6 9 14
4 6 3 71 47
4 66 87 84 51
4 69 87 98 95
4 5 95 98 17
4 71 52 106 29
4 83 69 5 37
4 23 70 83 37
4 45 57 95 23
4 76 94 95 23
4 33 26 23 32
4 45 57 90 2
4 12 31 38 71
4 38 29 68 31
4 12 91 73 50
4 73 50 71 52
4 12 71 52 91
4 56 109 73 70
4 66 86 109 56
4 4 78 13 101
4 13 119 17 78
4 101 4 17 119
4 22 101 74 11
4 15 37 36 10
4 10 117 77 36
4 15 37 77 117
4 3 45 2 78
4 13 75 45 2
4 3 78 13 75
4 2 73 86 4
4 38 86 118 17
4 11 22 58 3
4 22 30 42 4
4 32 45 72 40
4 17 15 37 31
4 29 15 37 32
4 29 62 57 38
4 2 37 32 50
4 40 58 37 83
4 22 58 40 85
4 5 23 45 0
4 60 40 58 43
4 94 86 38 95
4 78 1 88 18
4 35 65 89 40
4 78 0 59 19
4 8 35 59 19
4 10 8 61 36
4 36 40 42 10
4 69 47 48 28
4 3 14 24 39
4 6 9 24 39
4 40 63 6 36
4 36 40 89 79
4 35 58 4 46
4 58 43 97 4
4 101 97 46 72
4 46 97 109 51
4 72 101 109 51
4 42 86 101 10
4 74 92 90 2
4 45 74 92 57
4 37 45 72 36
4 52 73 86 55
4 87 53 8 24
4 70 56 99 89
4 33 40 88 114
4 61 9 82 27
4 69 70 27 61
4 88 40 21 18
4 82 89 88 18
4 7 16 68 31
4 33 114 7 31
4 33 114 16 68
4 24 85 103 114
4 70 12 9 89
4 31 7 79 83
4 9 25 96 1
4 1 96 102 88
4 96 26 53 1
4 28 26 96 61
4 88 114 112 92
4 1 36 102 114
4 7 96 61 9
4 87 7 96 33
4 25 83 40 24
4 24 88 79 25
4 40 83 59 35
4 15 78 1 43
4 78 15 119 7
4 3 15 17 14
4 22 101 97 17
4 58 10 110 29
4 2 37 58 4
4 2 13 10 4
4 43 96 7 97
4 43 5 78 10
4 116 19 78 10
4 5 43 116 19
4 13 37 31 7
4 13 37 83 79
4 13 36 58 15
4 36 13 119 44
4 58 15 119 44
4 13 96 61 6
4 75 41 96 13
4 78 2 91 19
4 35 58 37 59
4 58 15 49 35
4 49 15 37 59
4 90 1 10 101
4 10 101 2 78
4 30 33 61 39
4 44 30 68 31
4 25 102 44 31
4 25 102 30 68
4 24 14 29 30
4 41 27 21 58
4 27 21 22 34
4 34 41 58 22
4 61 83 70 28
4 64 41 58 42
4 42 118 22 58
4 61 83 77 39
4 24 39 77 85
4 74 6 36 101
4 117 39 36 101
4 74 117 39 6
4 80 77 101 92
4 3 21 22 15
4 45 75 105 73
4 68 20 81 25
4 48 12 25 81
4 81 27 83 79
4 70 93 81 27
4 21 82 81 39
4 82 81 102 85
4 28 8 39 27
4 19 67 80 6
4 16 18 6 19
4 18 108 89 9
4 6 18 108 80
4 37 13 74 45
4 23 111 74 45
4 37 13 111 23
4 73 91 13 101
4 47 52 75 6
4 6 79 105 75
4 49 52 91 19
4 36 1 5 37
4 78 5 59 6
4 6 75 15 78
4 75 15 5 59
4 1 36 39 8
4 39 8 114 102
4 79 103 87 9
4 9 79 102 24
4 33 44 104 64
4 64 116 96 33
4 44 104 116 96
4 25 85 44 96
4 10 104 108 18
4 18 10 116 81
4 108 81 116 104
4 36 102 108 72
4 86 108 102 44
4 64 99 118 30
4 64 30 117 113
4 99 113 117 118
4 42 64 116 10
4 64 66 86 104
4 36 44 30 39
4 39 117 118 24
4 85 118 117 77
4 8 114 107 20
4 39 20 107 102
4 58 10 18 21
4 58 40 88 10
4 107 30 44 103
4 100 22 44 103
4 100 22 30 107
4 17 16 107 98
4 20 16 17 29
4 44 103 89 40
4 44 33 68 22
4 26 34 102 114
4 68 24 102 34
4 86 42 24 85
4 85 87 114 102
4 15 29 42 10
4 42 104 106 29
4 104 10 15 106
4 3 35 43 15
4 17 5 49 110
4 38 17 110 55
4 42 104 101 4
4 22 117 110 17
4 101 117 110 97
4 5 49 116 96
4 5 1 10 15
4 7 114 116 13
4 105 116 114 103
4 96 13 101 44
4 26 19 13 119
4 44 60 92 101
4 60 44 119 112
4 112 119 101 92
4 17 26 112 97
4 10 115 111 15
4 15 111 112 43
4 36 79 115 10
4 4 78 5 38
4 4 38 43 10
4 55 86 118 110
4 101 2 11 117
4 10 78 11 117
4 4 2 100 118
4 13 74 84 7
4 119 7 84 109
4 74 109 119 13
4 97 10 117 109
4 43 106 117 10
4 97 109 106 43
4 22 100 111 15
4 118 110 111 100
4 15 22 118 110
4 29 98 119 15
4 17 15 13 7
4 105 91 25 102
4 91 105 116 19
4 111 91 79 115
4 44 103 112 43
4 102 103 112 116
4 44 43 116 102
4 34 100 93 67
4 119 112 93 100
4 67 112 119 34
4 97 101 36 1
4 96 119 97 1
4 101 36 96 119
4 2 100 34 37
4 96 7 100 34
4 114 96 13 115
4 26 114 115 111
4 96 13 111 26
4 90 7 114 60
4 92 115 7 90
4 90 103 100 2
4 2 47 93 100
4 20 81 102 30
4 81 113 104 102
4 108 118 110 113
4 80 113 117 77
4 113 117 101 92
4 36 102 30 58
4 64 116 115 99
4 42 10 115 99
4 10 101 77 39
4 75 39 18 74
4 18 115 116 39
4 74 115 116 75
4 24 118 110 8
4 117 39 8 110
4 86 72 18 118
4 36 102 81 6
4 72 6 81 108
4 72 74 115 88
4 51 99 115 74
4 47 74 101 90
4 93 115 110 56
4 2 100 16 78
4 78 16 118 4
4 13 115 84 2
4 93 115 13 91
4 119 22 11 111
4 74 111 119 101
4 16 26 98 118
4 111 16 118 109
4 52 111 100 73
4 100 103 112 111
4 17 110 115 7
4 110 15 13 115
4 87 103 119 17
4 73 105 102 85
4 73 86 104 105
4 85 102 104 86
4 45 52 92 72
4 52 105 77 45
4 72 77 105 92
4 80 75 13 79
4 36 44 103 79
4 13 119 103 79
4 95 54 109 106
4 10 104 86 4
4 38 43 104 86
4 54 95 59 47
4 18 118 87 9
4 89 87 118 108
4 118 99 46 4
4 53 99 118 17
4 85 100 109 86
4 51 82 100 109
4 42 110 109 86
4 52 109 84 47
4 97 7 100 109
4 51 86 101 74
4 2 84 118 22
4 30 104 88 24
4 60 104 113 65
4 89 65 113 108
4 89 93 100 85
4 99 118 100 93
4 95 26 114 60
4 95 26 107 94
4 103 54 56 107
4 86 108 107 98
4 67 93 99 64
4 70 93 99 66
4 89 94 105 79
4 79 105 104 88
4 1 10 104 60
4 40 35 55 86
4 28 70 76 20
4 11 48 93 100
4 29 56 48 3
4 56 111 74 51
4 45 74 18 21
4 95 112 93 70
4 64 35 59 67
4 95 70 27 41
4 62 113 74 45
4 63 21 58 35
4 4 72 92 97
4 71 52 75 3
4 48 6 72 51
4 51 108 81 48
4 21 3 48 82
4 11 12 9 18
4 11 12 47 74
4 18 74 47 9
4 82 18 115 93
4 4 118 108 72
4 78 4 72 6
4 70 91 105 94
4 89 70 91 79
4 85 25 91 73
4 87 98 94 89
4 47 93 67 59
4 72 36 13 74
4 77 73 52 75
4 75 59 83 77
4 67 93 82 27
4 48 81 79 47
4 25 7 84 82
4 12 28 33 31
4 70 91 19 28
4 80 62 55 92
4 75 59 47 74
4 65 113 75 59
4 45 3 49 52
4 25 79 80 27
4 85 103 105 77
4 14 21 22 17
4 22 85 87 17
4 85 22 11 82
4 108 82 11 117
4 117 22 85 108
4 11 18 24 68
4 74 109 118 18
4 76 45 2 100
4 84 51 76 100
4 97 4 18 115
4 92 72 18 115
4 9 6 13 7
4 22 21 82 100
4 22 100 84 4
4 78 18 118 17
4 23 5 78 11
4 7 2 11 16
4 9 1 97 84
4 9 25 100 84
4 47 91 100 84
4 40 32 68 24
4 32 68 25 83
4 21 77 102 24
4 88 72 77 102
4 18 82 27 39
4 25 85 108 81
4 2 74 75 37
4 13 6 72 101
4 6 80 105 13
4 88 9 78 10
4 13 79 88 10
4 7 115 74 2
4 36 88 108 77
4 72 80 81 18
4 61 39 75 59
4 6 79 102 39
4 12 91 34 68
4 27 76 100 25
4 16 24 85 100
4 96 25 27 41
4 39 81 79 36
4 10 97 84 18
4 36 88 115 13
4 6 36 58 3
4 6 3 15 13
4 96 119 100 25
4 100 85 44 119
4 87 33 95 54
4 82 85 103 93
4 18 4 58 39
4 42 14 78 10
4 88 114 96 36
4 5 31 25 19
4 8 53 97 10
4 49 113 104 43
4 58 42 110 15
4 53 112 116 8
4 55 42 88 92
4 88 115 110 42
4 15 110 53 5
4 42 104 102 24
4 98 38 58 30
4 95 41 30 98
4 42 29 68 24
4 114 1 5 26
4 84 97 112 93
4 62 35 43 106
4 86 104 113 51
4 38 29 30 44
4 56 71 5 26
4 53 56 109 97
4 95 43 104 94
4 62 20 110 55
4 67 26 98 94
4 28 26 98 66
4 26 119 44 33
4 53 56 107 114
4 114 33 95 112
4 29 56 99 42
4 84 109 98 87
4 23 68 33 95
4 3 49 43 58
4 1 88 104 43
4 45 76 34 37
4 77 101 119 34
4 68 23 91 25
4 100 25 19 111
4 96 119 111 19
4 23 15 13 91
4 26 5 37 34
4 22 17 26 34
4 39 3 48 81
4 16 20 27 25
4 16 115 88 24
4 16 115 79 25
4 119 7 79 105
4 25 79 105 34
4 19 13 105 67
4 25 61 41 34
4 59 91 34 41
4 96 37 75 116
4 102 77 75 116
4 78 16 20 3
4 81 6 3 20
4 18 4 17 16
4 16 11 74 115
4 100 111 48 82
4 118 24 25 100
4 6 81 93 47
4 97 7 16 110
4 16 110 109 100
4 68 20 110 17
4 68 20 117 22
4 18 11 15 10
4 115 18 11 111
4 2 74 117 22
4 84 118 117 74
4 10 4 84 115
4 78 16 114 1
4 5 26 16 78
4 96 33 28 19
4 10 117 20 8
4 24 18 117 30
4 117 18 88 104
4 29 3 39 30
4 77 108 118 22
4 87 98 119 7
4 33 96 119 98
4 17 16 115 97
4 58 30 118 4
4 15 78 18 117
4 15 17 118 117
4 29 68 16 110
4 16 110 42 24
4 58 30 20 3
4 20 30 22 11
4 58 39 116 43
4 25 34 30 24
4 41 64 114 96
4 8 10 13 19
4 64 8 10 104
4 104 10 13 105
4 25 7 115 81
4 96 7 115 116
4 25 81 116 96
4 24 39 116 114
4 114 33 41 116
4 100 103 114 16
4 17 98 106 15
4 68 30 117 11
4 22 117 104 44
4 10 110 109 101
4 20 64 114 16
4 20 113 115 16
4 81 93 103 102
4 81 108 94 67
4 94 67 116 104
4 39 81 107 30
4 39 18 118 30
4 80 79 115 113
4 20 64 94 76
4 20 64 104 117
4 94 104 117 76
4 30 107 56 29
4 92 104 106 52
4 74 115 112 52
4 75 116 112 52
4 111 91 73 109
4 13 111 109 101
4 106 15 13 105
4 116 43 97 115
4 109 55 49 111
4 111 49 43 119
4 10 110 111 13
4 74 92 88 18
4 73 76 117 101
4 106 30 102 105
4 101 44 30 117
4 77 108 107 34
4 118 22 34 107
4 100 107 114 7
4 34 107 114 96
4 79 102 107 93
4 16 118 108 81
4 17 118 107 26
4 64 20 68 33
4 5 15 106 95
4 26 96 37 23
4 22 58 43 119
4 41 34 119 43
4 53 97 119 26
4 43 96 19 49
4 59 67 26 5
4 95 112 116 41
4 34 100 82 27
4 84 100 107 99
4 11 76 107 16
4 11 76 108 18
4 16 107 108 18
4 11 15 119 100
4 18 74 111 16
4 76 34 102 108
4 76 106 104 108
4 76 117 39 27
4 76 117 18 82
4 76 77 101 109
4 109 117 30 98
4 11 20 107 100
4 39 102 105 75
4 114 102 105 112
4 88 92 105 102
4 81 115 92 80
4 116 13 74 113
4 101 104 116 13
4 74 113 104 101
4 24 114 115 18
4 19 96 102 81
4 16 107 103 7
4 103 79 81 107
4 77 117 109 73
4 75 37 22 117
4 6 75 117 18
4 4 22 119 97
4 109 84 18 117
4 77 39 20 76
4 80 81 107 94
4 18 88 114 16
4 108 80 75 117
4 92 79 81 113
4 77 105 116 39
4 25 91 111 16
4 91 52 109 100
4 6 13 111 48
4 79 13 111 93
4 92 112 111 74
4 19 91 100 16
4 19 111 74 6
4 27 77 117 20
4 16 20 76 100
4 22 119 103 85
4 88 108 117 10
4 84 100 119 97
4 68 26 119 22
4 39 41 43 10
4 13 116 8 78
4 58 30 34 37
4 22 101 104 30
4 19 5 17 16
4 82 84 115 81
4 82 51 113 81
4 74 117 104 92
4 56 107 108 51
4 76 100 103 94
4 119 111 93 103
4 97 110 113 92
4 49 112 114 8
4 56 111 115 99
4 111 112 114 16
4 56 26 119 109
4 106 29 17 119
4 43 55 113 116
4 56 98 119 111
4 56 109 117 20
4 115 93 67 116
4 16 81 113 110
4 34 105 104 30
4 76 106 119 100
4 26 34 105 112
4 41 96 119 106
4 43 95 67 116
4 117 15 43 104
4 26 112 115 16
4 70 67 81 82
4 20 48 93 107
4 56 111 91 70
4 11 74 52 23
4 70 76 106 95
4 51 48 111 109
4 49 113 80 59
4 62 51 74 75
4 107 67 80 108
4 113 81 27 62
4 91 105 106 23
4 67 59 37 34
4 77 34 67 80
4 52 95 41 75
4 56 107 81 48
4 113 20 27 80
4 93 82 11 111
4 20 110 109 76
4 67 81 115 112
4 94 64 116 105
4 108 77 75 113
4 20 113 74 11
4 113 75 13 115
4 76 109 119 34
4 11 117 113 48
4 113 48 82 108
4 77 76 23 37
4 13 74 48 19
4 62 80 81 20
4 67 105 77 27
4 93 91 34 107
4 23 111 93 70
4 81 6 59 67
4 52 109 110 49
4 64 104 105 67
4 91 34 106 52
4 26 119 105 67
4 23 95 112 111
4 75 74 109 106
4 48 111 112 65
4 116 112 93 81
4 109 52 75 117
4 62 106 105 80
4 56 93 81 20
4 52 23 34 105
4 37 15 111 91
4 75 106 119 13
4 48 20 117 74
4 3 48 111 15
4 8 39 75 49
4 68 28 67 34
4 81 116 41 27
4 11 23 26 16
4 49 19 16 110
4 41 106 117 39
4 68 26 111 11
4 29 30 34 23
4 8 116 75 3
4 3 39 116 49
4 75 15 29 62
4 27 34 26 28
4 68 23 106 30
4 8 64 67 19
4 16 81 67 26
4 8 110 111 19
4 30 39 75 106
4 49 113 117 15
4 64 41 34 107
4 62 113 116 41
4 75 105 112 49
4 76 23 26 107
4 15 29 56 111
4 110 49 75 117
4 67 34 30 64
4 41 67 107 30
4 8 49 111 16
4 56 110 15 23
4 68 29 106 34
4 64 28 19 116
4 67 116 8 28
4 64 41 75 113
4 29 110 111 23
4 48 19 26 56
4 3 15 106 62
4 11 76 106 15
4 27 39 116 67
4 111 16 68 23
4 41 30 117 75
4 19 26 107 81
4 67 116 13 91
4 56 93 91 23
4 91 100 107 67
4 105 34 27 80
4 52 111 11 45
4 117 74 52 106
4 62 94 105 75
4 59 19 111 52
4 68 26 67 27
4 3 75 106 29
4 49 3 11 111
4 34 106 62 27
4 34 107 56 23
4 26 111 48 28
4 64 116 75 62
4 27 41 106 76
4 81 113 49 19
4 49 48 81 116
4 11 48 49 15
4 26 34 76 56
4 16 107 67 19
4 75 15 110 113
4 23 11 117 106
4 48 19 116 113
4 41 34 76 62
4 56 111 19 28
4 41 39 81 67
4 23 15 117 76

# Cells
32 0 1 2 3 4 5 6 7 8 9 10 11 12 13 14 15 16 17 18 19 20 21 22 23 24 25 26 27 28 29 30 31
32 32 33 34 35 36 37 38 39 40 41 42 43 44 45 46 47 48 49 50 51 52 53 54 55 56 57 58 59 60 61 62 63
32 64 65 66 67 68 69 70 71 72 73 74 75 76 77 78 79 80 81 82 83 84 85 86 87 88 89 90 91 92 93 94 95
32 4 96 97 98 99 100 101 102 103 104 105 106 107 108 109 110 111 112 113 114 115 116 117 118 119 120 121 122 123 124 125 126
32 127 128 129 130 131 132 133 134 135 136 137 138 139 140 141 142 143 144 145 146 147 148 149 150 151 152 153 154 155 156 157 158
32 159 160 161 162 163 164 165 166 167 168 169 170 171 172 173 174 175 176 177 178 179 180 181 182 183 184 185 186 187 188 189 190
32 65 191 192 193 194 195 196 197 198 199 200 201 202 203 204 205 206 207 208 209 210 211 212 213 214 215 216 217 218 219 220 221
32 130 222 223 224 225 226 227 228 229 230 231 232 233 234 235 236 237 238 239 240 241 242 243 244 245 246 247 248 249 250 251 252
32 253 254 255 256 257 258 259 260 261 262 263 264 265 266 267 268 269 270 271 272 273 274 275 276 277 278 279 280 281 282 283 284
32 45 285 286 287 288 289 290 291 292 293 294 295 296 297 298 299 300 301 302 303 304 305 306 307 308 309 310 311 312 313 314 315
32 172 316 317 318 319 320 321 322 323 324 325 326 327 328 329 330 331 332 333 334 335 336 337 338 339 340 341 342 343 344 345 346
32 266 347 348 349 350 351 352 353 354 355 356 357 358 359 360 361 362 363 364 365 366 367 368 369 370 371 372 373 374 375 376 377
32 3 378 379 380 381 382 383 384 385 386 387 388 389 390 391 392 393 394 395 396 397 398 399 400 401 402 403 404 405 406 407 408
32 56 409 410 411 412 413 414 415 416 417 418 419 420 421 422 423 424 425 426 427 428 429 430 431 432 433 434 435 436 437 438 439
32 66 440 441 442 443 444 445 446 447 448 449 450 451 452 453 454 455 456 457 458 459 460 461 462 463 464 465 466 467 468 469 470
32 444 471 472 473 474 475 476 477 478 479 480 481 482 483 484 485 486 487 488 489 490 491 492 493 494 495 496 497 498 499 500 501
32 382 502 503 504 505 506 507 508 509 510 511 512 513 514 515 516 517 518 519 520 521 522 523 524 525 526 527 528 529 530 531 532
32 422 533 534 535 536 537 538 539 540 541 542 543 544 545 546 547 548 549 550 551 552 553 554 555 556 557 558 559 560 561 562 563
32 194 474 564 565 566 567 568 569 570 571 572 573 574 575 576 577 578 579 580 581 582 583 584 585 586 587 588 589 590 591 592 593
32 54 256 594 595 596 597 598 599 600 601 602 603 604 605 606 607 608 609 610 611 612 613 614 615 616 617 618 619 620 621 622 623
32 0 225 624 625 626 627 628 629 630 631 632 633 634 635 636 637 638 639 640 641 642 643 644 645 646 647 648 649 650 651 652 653
32 625 654 655 656 657 658 659 660 661 662 663 664 665 666 667 668 669 670 671 672 673 674 675 676 677 678 679 680 681 682 683 684
32 606 685 686 687 688 689 690 691 692 693 694 695 696 697 698 699 700 701 702 703 704 705 706 707 708 709 710 711 712 713 714 715
32 97 504 565 716 717 718 719 720 721 722 723 724 725 726 727 728 729 730 731 732 733 734 735 736 737 738 739 740 741 742 743 744
32 127 440 745 746 747 748 749 750 751 752 753 754 755 756 757 758 759 760 761 762 763 764 765 766 767 768 769 770 771 772 773 774
32 175 425 775 776 777 778 779 780 781 782 783 784 785 786 787 788 789 790 791 792 793 794 795 796 797 798 799 800 801 802 803 804
32 747 805 806 807 808 809 810 811 812 813 814 815 816 817 818 819 820 821 822 823 824 825 826 827 828 829 830 831 832 833 834 835
32 788 836 837 838 839 840 841 842 843 844 845 846 847 848 849 850 851 852 853 854 855 856 857 858 859 860 861 862 863 864 865 866
32 254 348 867 868 869 870 871 872 873 874 875 876 877 878 879 880 881 882 883 884 885 886 887 888 889 890 891 892 893 894 895 896
32 43 311 897 898 899 900 901 902 903 904 905 906 907 908 909 910 911 912 913 914 915 916 917 918 919 920 921 922 923 924 925 926
32 240 336 927 928 929 930 931 932 933 934 935 936 937 938 939 940 941 942 943 944 945 946 947 948 949 950 951 952 953 954 955 956
32 274 430 791 874 957 958 959 960 961 962 963 964 965 966 967 968 969 970 971 972 973 974 975 976 977 978 979 980 981 982 983 984
32 202 304 689 985 986 987 988 989 990 991 992 993 994 995 996 997 998 999 1000 1001 1002 1003 1004 1005 1006 1007 1008 1009 1010 1011 1012 1013
32 160 317 776 837 928 1014 1015 1016 1017 1018 1019 1020 1021 1022 1023 1024 1025 1026 1027 1028 1029 1030 1031 1032 1033 1034 1035 1036 1037 1038 1039 1040
32 94 148 356 450 772 1041 1042 1043 1044 1045 1046 1047 1048 1049 1050 1051 1052 1053 1054 1055 1056 1057 1058 1059 1060 1061 1062 1063 1064 1065 1066 1067
32 23 123 650 670 1068 1069 1070 1071 1072 1073 1074 1075 1076 1077 1078 1079 1080 1081 1082 1083 1084 1085 1086 1087 1088 1089 1090 1091 1092 1093 1094 1095
32 49 178 432 778 917 1096 1097 1098 1099 1100 1101 1102 1103 1104 1105 1106 1107 1108 1109 1110 1111 1112 1113 1114 1115 1116 1117 1118 1119 1120 1121 1122
32 81 204 703 1006 1123 1124 1125 1126 1127 1128 1129 1130 1131 1132 1133 1134 1135 1136 1137 1138 1139 1140 1141 1142 1143 1144 1145 1146 1147 1148 1149 1150
32 70 349 687 1044 1124 1151 1152 1153 1154 1155 1156 1157 1158 1159 1160 1161 1162 1163 1164 1165 1166 1167 1168 1169 1170 1171 1172 1173 1174 1175 1176 1177
32 125 211 294 588 736 1012 1178 1179 1180 1181 1182 1183 1184 1185 1186 1187 1188 1189 1190 1191 1192 1193 1194 1195 1196 1197 1198 1199 1200 1201 1202 1203
32 188 343 786 862 1030 1103 1204 1205 1206 1207 1208 1209 1210 1211 1212 1213 1214 1215 1216 1217 1218 1219 1220 1221 1222 1223 1224 1225 1226 1227 1228 1229
32 150 249 652 676 1230 1231 1232 1233 1234 1235 1236 1237 1238 1239 1240 1241 1242 1243 1244 1245 1246 1247 1248 1249 1250 1251 1252 1253 1254 1255 1256 1257
32 61 312 420 560 1258 1259 1260 1261 1262 1263 1264 1265 1266 1267 1268 1269 1270 1271 1272 1273 1274 1275 1276 1277 1278 1279 1280 1281 1282 1283 1284 1285
32 8 320 396 1226 1286 1287 1288 1289 1290 1291 1292 1293 1294 1295 1296 1297 1298 1299 1300 1301 1302 1303 1304 1305 1306 1307 1308 1309 1310 1311 1312 1313
32 255 353 1314 1315 1316 1317 1318 1319 1320 1321 1322 1323 1324 1325 1326 1327 1328 1329 1330 1331 1332 1333 1334 1335 1336 1337 1338 1339 1340 1341 1342 1343
32 182 277 796 959 1024 1321 1344 1345 1346 1347 1348 1349 1350 1351 1352 1353 1354 1355 1356 1357 1358 1359 1360 1361 1362 1363 1364 1365 1366 1367 1368 1369
32 223 379 807 929 1370 1371 1372 1373 1374 1375 1376 1377 1378 1379 1380 1381 1382 1383 1384 1385 1386 1387 1388 1389 1390 1391 1392 1393 1394 1395 1396 1397
32 869 969 1398 1399 1400 1401 1402 1403 1404 1405 1406 1407 1408 1409 1410 1411 1412 1413 1414 1415 1416 1417 1418 1419 1420 1421 1422 1423 1424 1425 1426 1427
32 489 552 1401 1428 1429 1430 1431 1432 1433 1434 1435 1436 1437 1438 1439 1440 1441 1442 1443 1444 1445 1446 1447 1448 1449 1450 1451 1452 1453 1454 1455 1456
32 910 1108 1215 1298 1457 1458 1459 1460 1461 1462 1463 1464 1465 1466 1467 1468 1469 1470 1471 1472 1473 1474 1475 1476 1477 1478 1479 1480 1481 1482 1483 1484
32 445 485 873 1408 1435 1485 1486 1487 1488 1489 1490 1491 1492 1493 1494 1495 1496 1497 1498 1499 1500 1501 1502 1503 1504 1505 1506 1507 1508 1509 1510 1511
32 110 299 719 922 1198 1468 1512 1513 1514 1515 1516 1517 1518 1519 1520 1521 1522 1523 1524 1525 1526 1527 1528 1529 1530 1531 1532 1533 1534 1535 1536 1537
32 407 529 830 845 1389 1538 1539 1540 1541 1542 1543 1544 1545 1546 1547 1548 1549 1550 1551 1552 1553 1554 1555 1556 1557 1558 1559 1560 1561 1562 1563 1564
32 520 544 731 1476 1532 1565 1566 1567 1568 1569 1570 1571 1572 1573 1574 1575 1576 1577 1578 1579 1580 1581 1582 1583 1584 1585 1586 1587 1588 1589 1590 1591
32 137 362 1062 1154 1239 1317 1592 1593 1594 1595 1596 1597 1598 1599 1600 1601 1602 1603 1604 1605 1606 1607 1608 1609 1610 1611 1612 1613 1614 1615 1616 1617
32 19 251 325 403 648 955 1295 1378 1618 1619 1620 1621 1622 1623 1624 1625 1626 1627 1628 1629 1630 1631 1632 1633 1634 1635 1636 1637 1638 1639 1640 1641
32 90 209 664 694 995 1149 1169 1642 1643 1644 1645 1646 1647 1648 1649 1650 1651 1652 1653 1654 1655 1656 1657 1658 1659 1660 1661 1662 1663 1664 1665 1666
32 33 286 410 534 898 1097 1259 1458 1513 1566 1667 1668 1669 1670 1671 1672 1673 1674 1675 1676 1677 1678 1679 1680 1681 1682 1683 1684 1685 1686 1687 1688
32 264 373 601 709 886 1147 1162 1689 1690 1691 1692 1693 1694 1695 1696 1697 1698 1699 1700 1701 1702 1703 1704 1705 1706 1707 1708 1709 1710 1711 1712 1713
32 135 238 931 1249 1324 1608 1714 1715 1716 1717 1718 1719 1720 1721 1722 1723 1724 1725 1726 1727 1728 1729 1730 1731 1732 1733 1734 1735 1736 1737 1738 1739
32 100 192 654 998 1083 1189 1653 1740 1741 1742 1743 1744 1745 1746 1747 1748 1749 1750 1751 1752 1753 1754 1755 1756 1757 1758 1759 1760 1761 1762 1763 1764
32 48 270 412 613 876 972 1262 1706 1765 1766 1767 1768 1769 1770 1771 1772 1773 1774 1775 1776 1777 1778 1779 1780 1781 1782 1783 1784 1785 1786 1787 1788
32 673 696 991 1087 1646 1755 1789 1790 1791 1792 1793 1794 1795 1796 1797 1798 1799 1800 1801 1802 1803 1804 1805 1806 1807 1808 1809 1810 1811 1812 1813 1814
32 472 503 806 1429 1539 1815 1816 1817 1818 1819 1820 1821 1822 1823 1824 1825 1826 1827 1828 1829 1830 1831 1832 1833 1834 1835 1836 1837 1838 1839 1840 1841
32 68 131 657 1053 1157 1242 1603 1655 1842 1843 1844 1845 1846 1847 1848 1849 1850 1851 1852 1853 1854 1855 1856 1857 1858 1859 1860 1861 1862 1863 1864 1865
32 911 1069 1798 1866 1867 1868 1869 1870 1871 1872 1873 1874 1875 1876 1877 1878 1879 1880 1881 1882 1883 1884 1885 1886 1887 1888 1889 1890 1891 1892 1893 1894
32 938 1015 1314 1354 1716 1895 1896 1897 1898 1899 1900 1901 1902 1903 1904 1905 1906 1907 1908 1909 1910 1911 1912 1913 1914 1915 1916 1917 1918 1919 1920 1921
32 749 810 1399 1896 1922 1923 1924 1925 1926 1927 1928 1929 1930 1931 1932 1933 1934 1935 1936 1937 1938 1939 1940 1941 1942 1943 1944 1945 1946 1947 1948 1949
32 870 1126 1271 1494 1700 1775 1950 1951 1952 1953 1954 1955 1956 1957 1958 1959 1960 1961 1962 1963 1964 1965 1966 1967 1968 1969 1970 1971 1972 1973 1974 1975
32 76 207 672 1666 1758 1846 1976 1977 1978 1979 1980 1981 1982 1983 1984 1985 1986 1987 1988 1989 1990 1991 1992 1993 1994 1995 1996 1997 1998 1999 2000 2001
32 143 351 762 1049 1328 1611 1733 1910 1929 2002 2003 2004 2005 2006 2007 2008 2009 2010 2011 2012 2013 2014 2015 2016 2017 2018 2019 2020 2021 2022 2023 2024
32 14 334 641 1077 1307 1637 1870 2025 2026 2027 2028 2029 2030 2031 2032 2033 2034 2035 2036 2037 2038 2039 2040 2041 2042 2043 2044 2045 2046 2047 2048 2049
32 482 523 571 734 1828 2050 2051 2052 2053 2054 2055 2056 2057 2058 2059 2060 2061 2062 2063 2064 2065 2066 2067 2068 2069 2070 2071 2072 2073 2074 2075 2076
32 1977 2051 2077 2078 2079 2080 2081 2082 2083 2084 2085 2086 2087 2088 2089 2090 2091 2092 2093 2094 2095 2096 2097 2098 2099 2100 2101 2102 2103 2104 2105 2106
32 162 269 609 1318 1357 2107 2108 2109 2110 2111 2112 2113 2114 2115 2116 2117 2118 2119 2120 2121 2122 2123 2124 2125 2126 2127 2128 2129 2130 2131 2132 2133
32 1231 1325 1594 1724 2118 2134 2135 2136 2137 2138 2139 2140 2141 2142 2143 2144 2145 2146 2147 2148 2149 2150 2151 2152 2153 2154 2155 2156 2157 2158 2159 2160
32 196 289 577 1002 1141 1186 1284 1963 2161 2162 2163 2164 2165 2166 2167 2168 2169 2170 2171 2172 2173 2174 2175 2176 2177 2178 2179 2180 2181 2182 2183 2184
32 819 840 1411 1446 1547 1818 1925 2185 2186 2187 2188 2189 2190 2191 2192 2193 2194 2195 2196 2197 2198 2199 2200 2201 2202 2203 2204 2205 2206 2207 2208 2209
32 411 539 777 842 958 1403 1433 2188 2210 2211 2212 2213 2214 2215 2216 2217 2218 2219 2220 2221 2222 2223 2224 2225 2226 2227 2228 2229 2230 2231 2232 2233
32 7 116 388 510 722 2069 2080 2234 2235 2236 2237 2238 2239 2240 2241 2242 2243 2244 2245 2246 2247 2248 2249 2250 2251 2252 2253 2254 2255 2256 2257 2258
32 386 512 824 1374 1564 1823 2068 2083 2239 2259 2260 2261 2262 2263 2264 2265 2266 2267 2268 2269 2270 2271 2272 2273 2274 2275 2276 2277 2278 2279 2280 2281
32 821 847 947 1020 1375 1544 1905 1930 2190 2282 2283 2284 2285 2286 2287 2288 2289 2290 2291 2292 2293 2294 2295 2296 2297 2298 2299 2300 2301 2302 2303 2304
32 261 374 604 712 1166 1330 1614 1695 2131 2157 2305 2306 2307 2308 2309 2310 2311 2312 2313 2314 2315 2316 2317 2318 2319 2320 2321 2322 2323 2324 2325 2326
32 10 114 923 1091 1305 1461 1515 1882 2042 2327 2328 2329 2330 2331 2332 2333 2334 2335 2336 2337 2338 2339 2340 2341 2342 2343 2344 2345 2346 2347 2348 2349
32 161 322 903 1098 1208 1290 1463 1872 2029 2331 2350 2351 2352 2353 2354 2355 2356 2357 2358 2359 2360 2361 2362 2363 2364 2365 2366 2367 2368 2369 2370 2371
32 142 243 755 813 1386 2095 2276 2372 2373 2374 2375 2376 2377 2378 2379 2380 2381 2382 2383 2384 2385 2386 2387 2388 2389 2390 2391 2392 2393 2394 2395 2396
32 448 492 751 816 1821 2066 2081 2272 2377 2397 2398 2399 2400 2401 2402 2403 2404 2405 2406 2407 2408 2409 2410 2411 2412 2413 2414 2415 2416 2417 2418 2419
32 667 699 1159 1236 1597 1660 1805 1854 2142 2321 2420 2421 2422 2423 2424 2425 2426 2427 2428 2429 2430 2431 2432 2433 2434 2435 2436 2437 2438 2439 2440 2441
32 167 342 1891 2046 2116 2156 2363 2442 2443 2444 2445 2446 2447 2448 2449 2450 2451 2452 2453 2454 2455 2456 2457 2458 2459 2460 2461 2462 2463 2464 2465 2466
32 476 535 568 1260 1430 1488 1951 2162 2467 2468 2469 2470 2471 2472 2473 2474 2475 2476 2477 2478 2479 2480 2481 2482 2483 2484 2485 2486 2487 2488 2489 2490
32 35 180 616 900 1113 1878 2121 2355 2458 2491 2492 2493 2494 2495 2496 2497 2498 2499 2500 2501 2502 2503 2504 2505 2506 2507 2508 2509 2510 2511 2512 2513
32 518 537 856 1449 1557 1568 1824 2201 2219 2514 2515 2516 2517 2518 2519 2520 2521 2522 2523 2524 2525 2526 2527 2528 2529 2530 2531 2532 2533 2534 2535 2536
32 383 507 838 1205 1287 1459 1542 1570 2515 2537 2538 2539 2540 2541 2542 2543 2544 2545 2546 2547 2548 2549 2550 2551 2552 2553 2554 2555 2556 2557 2558 2559
32 637 659 1074 1253 1808 1876 2031 2145 2435 2462 2560 2561 2562 2563 2564 2565 2566 2567 2568 2569 2570 2571 2572 2573 2574 2575 2576 2577 2578 2579 2580 2581
32 227 318 628 933 1234 1621 1715 2026 2136 2444 2564 2582 2583 2584 2585 2586 2587 2588 2589 2590 2591 2592 2593 2594 2595 2596 2597 2598 2599 2600 2601 2602
32 101 287 899 986 1072 1181 1517 1743 1793 1868 2328 2603 2604 2605 2606 2607 2608 2609 2610 2611 2612 2613 2614 2615 2616 2617 2618 2619 2620 2621 2622 2623
32 79 363 453 879 1063 1130 1164 1500 1708 1959 2624 2625 2626 2627 2628 2629 2630 2631 2632 2633 2634 2635 2636 2637 2638 2639 2640 2641 2642 2643 2644 2645
32 134 233 631 666 1257 1857 1996 2077 2389 2646 2647 2648 2649 2650 2651 2652 2653 2654 2655 2656 2657 2658 2659 2660 2661 2662 2663 2664 2665 2666 2667 2668
32 40 309 621 711 905 1009 1811 1889 2499 2611 2669 2670 2671 2672 2673 2674 2675 2676 2677 2678 2679 2680 2681 2682 2683 2684 2685 2686 2687 2688 2689 2690
32 85 199 452 478 574 1992 2056 2085 2413 2691 2692 2693 2694 2695 2696 2697 2698 2699 2700 2701 2702 2703 2704 2705 2706 2707 2708 2709 2710 2711 2712 2713
32 496 527 542 592 724 1455 1573 1830 2076 2476 2522 2714 2715 2716 2717 2718 2719 2720 2721 2722 2723 2724 2725 2726 2727 2728 2729 2730 2731 2732 2733 2734
32 281 372 884 967 1335 1349 1421 1915 1934 2021 2735 2736 2737 2738 2739 2740 2741 2742 2743 2744 2745 2746 2747 2748 2749 2750 2751 2752 2753 2754 2755 2756
32 170 340 952 1028 1332 1367 1736 1917 2113 2154 2448 2589 2757 2758 2759 2760 2761 2762 2763 2764 2765 2766 2767 2768 2769 2770 2771 2772 2773 2774 2775 2776
32 13 106 643 662 1095 1746 1995 2088 2248 2663 2777 2778 2779 2780 2781 2782 2783 2784 2785 2786 2787 2788 2789 2790 2791 2792 2793 2794 2795 2796 2797 2798
32 38 165 259 415 599 781 962 1101 1347 1769 2111 2495 2799 2800 2801 2802 2803 2804 2805 2806 2807 2808 2809 2810 2811 2812 2813 2814 2815 2816 2817 2818
32 456 499 773 832 1406 1438 1491 1833 1933 2208 2419 2819 2820 2821 2822 2823 2824 2825 2826 2827 2828 2829 2830 2831 2832 2833 2834 2835 2836 2837 2838 2839
32 34 291 596 691 989 1128 1264 1692 1766 1954 2165 2673 2840 2841 2842 2843 2844 2845 2846 2847 2848 2849 2850 2851 2852 2853 2854 2855 2856 2857 2858 2859
32 296 547 579 727 1183 1280 1530 1583 1674 2167 2477 2728 2860 2861 2862 2863 2864 2865 2866 2867 2868 2869 2870 2871 2872 2873 2874 2875 2876 2877 2878 2879
32 802 863 964 1032 1352 1424 1918 1938 2205 2220 2300 2740 2880 2881 2882 2883 2884 2885 2886 2887 2888 2889 2890 2891 2892 2893 2894 2895 2896 2897 2898 2899
32 72 140 460 764 1067 1850 1982 2093 2387 2412 2660 2707 2900 2901 2902 2903 2904 2905 2906 2907 2908 2909 2910 2911 2912 2913 2914 2915 2916 2917 2918 2919
32 327 394 852 949 1022 1225 1292 1379 1559 1623 2296 2543 2920 2921 2922 2923 2924 2925 2926 2927 2928 2929 2930 2931 2932 2933 2934 2935 2936 2937 2938 2939
32 104 201 582 726 1203 1749 1994 2070 2089 2252 2705 2782 2940 2941 2942 2943 2944 2945 2946 2947 2948 2949 2950 2951 2952 2953 2954 2955 2956 2957 2958 2959
32 358 457 758 881 1046 1415 1503 1936 2006 2639 2751 2836 2960 2961 2962 2963 2964 2965 2966 2967 2968 2969 2970 2971 2972 2973 2974 2975 2976 2977 2978 2979
32 146 247 769 834 936 1384 1723 1901 1941 2023 2303 2396 2980 2981 2982 2983 2984 2985 2986 2987 2988 2989 2990 2991 2992 2993 2994 2995 2996 2997 2998 2999
32 93 213 462 500 590 1134 1510 1957 2183 2480 2629 2713 3000 3001 3002 3003 3004 3005 3006 3007 3008 3009 3010 3011 3012 3013 3014 3015 3016 3017 3018 3019
32 437 559 783 860 1106 1210 1480 1587 1678 2224 2533 2547 3020 3021 3022 3023 3024 3025 3026 3027 3028 3029 3030 3031 3032 3033 3034 3035 3036 3037 3038 3039
32 17 230 399 633 1382 1641 2092 2251 2275 2390 2651 2793 3040 3041 3042 3043 3044 3045 3046 3047 3048 3049 3050 3051 3052 3053 3054 3055 3056 3057 3058 3059
32 417 557 888 981 1266 1423 1453 1507 1773 1971 2223 2481 3060 3061 3062 3063 3064 3065 3066 3067 3068 3069 3070 3071 3072 3073 3074 3075 3076 3077 3078 3079
32 21 121 405 531 730 1312 1466 1519 1590 2258 2335 2546 3080 3081 3082 3083 3084 3085 3086 3087 3088 3089 3090 3091 3092 3093 3094 3095 3096 3097 3098 3099
32 595 686 1790 1867 2108 2135 2306 2421 2443 2492 2561 2670 3100 3101 3102 3103 3104 3105 3106 3107 3108 3109 3110 3111 3112 3113 3114 3115 3116 3117 3118 3119
5 191 1014 3120 3121 3122
5 111 2748 3123 3124 3125
5 298 2990 3126 3127 3128
5 333 3008 3129 3130 3131
5 1 867 3132 3133 3134
5 236 1276 3135 3136 3137
5 132 1669 3138 3139 3140
5 365 3089 3141 3142 3143
5 82 1220 3144 3145 3146
5 276 2240 3147 3148 3149
5 46 2378 3150 3151 3152
5 173 2696 3153 3154 3155
5 536 1244 3156 3157 3158
5 480 2459 3159 3160 3161
5 506 2313 3162 3163 3164
5 360 3082 3165 3166 3167
5 139 1673 3168 3169 3170
5 443 2353 3171 3172 3173
5 222 1273 3174 3175 3176
5 331 3001 3177 3178 3179
5 393 1696 3180 3181 3182
5 176 2692 3183 3184 3185
5 429 2656 3186 3187 3188
5 268 2242 3189 3190 3191
5 656 2213 3192 3193 3194
5 206 1026 3195 3196 3197
5 702 1541 3198 3199 3200
5 549 1232 3201 3202 3203
5 519 2311 3204 3205 3206
5 564 2765 3207 3208 3209
5 380 1698 3210 3211 3212
5 319 3007 3213 3214 3215
5 632 3074 3216 3217 3218
5 174 2698 3219 3220 3221
5 611 2266 3222 3223 3224
5 428 2647 3225 3226 3227
5 809 2680 3228 3229 3230
5 839 1650 3231 3232 3233
5 511 2320 3234 3235 3236
5 64 1216 3237 3238 3239
5 361 3081 3240 3241 3242
5 757 907 3243 3244 3245
5 303 2982 3246 3247 3248
5 716 1315 3249 3250 3251
5 200 1021 3252 3253 3254
5 273 2235 3255 3256 3257
5 51 2381 3258 3259 3260
5 795 1985 3261 3262 3263
5 205 1025 3264 3265 3266
5 983 2795 3267 3268 3269
5 1117 2911 3270 3271 3272
5 1143 2932 3273 3274 3275
5 1059 1479 3276 3277 3278
5 136 1671 3279 3280 3281
5 653 3079 3282 3283 3284
5 954 2180 3285 3286 3287
5 1079 1407 3288 3289 3290
5 754 924 3291 3292 3293
5 1003 2288 3294 3295 3296
5 245 1269 3205 3297 3298
5 1127 2931 3299 3300 3301
5 1180 1909 3271 3302 3303
5 1309 2626 3304 3305 3306
5 644 3076 3307 3308 3309
5 126 2756 3310 3311 3312
5 1344 2959 3281 3313 3314
5 433 2648 3214 3315 3316
5 75 1227 3217 3317 3318
5 545 1247 3295 3319 3320
5 717 1320 3192 3238 3321
5 1158 2549 3209 3322 3323
5 1082 1400 3324 3325 3326
5 473 2454 3327 3328 3329
5 814 2682 3330 3331 3332
5 96 2743 3333 3334 3335
5 301 2981 3336 3337 3338
5 578 2762 3339 3340 3341
5 329 3002 3342 3343 3344
5 1372 2846 3345 3346 3347
5 16 880 3348 3349 3350
5 52 2373 3351 3352 3353
5 177 2700 3354 3355 3356
5 974 2786 3357 3358 3359
5 808 2678 3360 3361 3362
5 466 2365 3363 3364 3365
5 695 1549 3366 3367 3368
5 69 1214 3229 3369 3370
5 679 2229 3371 3372 3373
5 179 2691 3374 3375 3376
5 970 2777 3377 3378 3379
5 607 2259 3380 3381 3382
5 627 3069 3383 3384 3385
5 326 3009 3386 3387 3388
5 1393 2853 3389 3390 3391
5 307 2983 3145 3392 3393
5 1045 1475 3394 3395 3396
5 555 1235 3397 3398 3399
5 817 2681 3400 3401 3402
5 1441 2570 3403 3404 3405
5 447 2359 3406 3407 3408
5 635 3070 3409 3410 3411
5 1301 2635 3412 3413 3414
5 1381 2848 3415 3416 3417
5 77 1218 3418 3419 3420
5 671 2214 3421 3422 3423
5 997 2290 3424 3425 3426
5 1571 1612 3427 3428 3429
5 700 1546 3430 3431 3432
5 1434 2571 3433 3434 3435
5 649 3063 3436 3437 3438
5 1388 2849 3439 3440 3441
5 145 1677 3442 3443 3444
5 1041 1478 3445 3446 3447
5 1135 2921 3448 3449 3450
5 1505 2033 3451 3452 3453
5 1007 2285 3454 3455 3456
5 1526 2013 3457 3458 3459
5 1084 1417 3460 3461 3462
5 1729 2872 3463 3464 3465
5 1634 1970 3466 3467 3468
5 1764 2899 3306 3469 3470
5 1534 2020 3471 3472 3473
5 11 877 3474 3475 3476
5 1778 3049 3477 3478 3479
5 803 2001 3480 3481 3482
5 389 1712 3319 3483 3484
5 1575 1606 3485 3486 3487
5 846 1652 3488 3489 3490
5 1886 2819 3491 3492 3493
5 338 3000 3170 3423 3494
5 1834 3112 3412 3495 3496
5 1567 1602 3497 3498 3499
5 569 2769 3352 3500 3501
5 151 1681 3502 3503 3504
5 930 2172 3505 3506 3507
5 811 2683 3508 3509 3510
5 214 1033 3403 3511 3512
5 1845 3032 3513 3514 3515
5 1791 2197 3342 3516 3517
5 1192 1904 3518 3519 3520
5 128 1667 3120 3521 3522
5 823 2684 3399 3523 3524
5 608 2264 3525 3526 3527
5 1355 2945 3528 3529 3530
5 423 2652 3234 3531 3532
5 193 1016 3533 3534 3535
5 1856 3033 3257 3536 3537
5 698 1551 3538 3539 3540
5 546 1245 3541 3542 3543
5 581 2770 3544 3545 3546
5 1816 3100 3237 3547 3548
5 1619 1962 3549 3550 3551
5 1086 1398 3552 3553 3554
5 1796 2194 3555 3556 3557
5 1844 3029 3361 3558 3559
5 944 2164 3560 3561 3562
5 1922 2603 3375 3563 3564
5 1116 2906 3367 3565 3566
5 1890 2831 3567 3568 3569
5 350 3090 3570 3571 3572
5 1194 1903 3573 3574 3575
5 961 2788 3131 3576 3577
5 1043 1470 3478 3505 3578
5 431 2657 3167 3579 3580
5 310 2996 3581 3582 3583
5 624 3067 3121 3584 3585
5 940 2163 3586 3587 3588
5 1302 2631 3556 3589 3590
5 999 2287 3147 3485 3591
5 658 2216 3592 3593 3594
5 1155 2538 3553 3595 3596
5 1070 1414 3270 3597 3598
5 347 3092 3265 3599 3600
5 1363 2942 3601 3602 3603
5 1881 2827 3604 3605 3606
5 183 2697 3289 3607 3608
5 1057 1481 3296 3609 3610
5 195 1017 3132 3611 3612
5 1151 2537 3613 3614 3615
5 1803 2187 3276 3616 3617
5 1574 1604 3153 3618 3619
5 567 2766 3620 3621 3622
5 1432 2574 3623 3624 3625
5 1076 1418 3339 3626 3627
5 1193 1912 3453 3628 3629
5 369 3088 3456 3630 3631
5 575 2767 3632 3633 3634
5 517 2307 3263 3635 3636
5 1443 2572 3637 3638 3639
5 390 1702 3435 3640 3641
5 639 3072 3432 3642 3643
5 943 2166 3240 3644 3645
5 677 2226 3457 3646 3647
5 1170 2553 3648 3649 3650
5 217 1036 3651 3652 3653
5 1632 1953 3654 3655 3656
5 292 2997 3305 3657 3658
5 219 1038 3569 3643 3659
5 798 1979 3570 3660 3661
5 157 1687 3662 3663 3664
5 1523 2003 3299 3665 3666
5 1346 2951 3543 3578 3667
5 27 892 3668 3669 3670
5 745 912 3534 3593 3671
5 1485 2041 3321 3672 3673
5 640 3061 3221 3674 3675
5 2094 2809 3676 3677 3678
5 144 1676 3552 3679 3680
5 1576 1593 3681 3682 3683
5 2050 2120 3684 3685 3686
5 1440 2562 3165 3419 3687
5 1351 2954 3688 3689 3690
5 1525 2005 3177 3411 3691
5 1504 2043 3164 3692 3693
5 1048 1477 3694 3695 3696
5 2141 2721 3697 3698 3699
5 224 1270 3163 3700 3701
5 678 2228 3702 3703 3704
5 793 1976 3417 3705 3706
5 47 2372 3196 3707 3708
5 505 2314 3709 3710 3711
5 1391 2854 3220 3712 3713
5 295 2987 3404 3714 3715
5 738 1338 3716 3717 3718
5 1741 2887 3211 3719 3720
5 1622 1966 3721 3722 3723
5 1073 1412 3724 3725 3726
5 366 3083 3136 3727 3728
5 1750 2890 3499 3729 3730
5 941 2171 3290 3496 3731
5 725 1316 3732 3733 3734
5 514 2316 3507 3735 3736
5 1373 2842 3737 3738 3739
5 1802 2196 3503 3740 3741
5 234 1274 3517 3742 3743
5 1577 1601 3511 3744 3745
5 665 2212 3382 3746 3747
5 655 2210 3208 3748 3749
5 2149 2716 3750 3751 3752
5 133 1670 3753 3754 3755
5 484 2450 3756 3757 3758
5 288 2989 3759 3760 3761
5 1747 2894 3526 3762 3763
5 53 2380 3764 3765 3766
5 2060 2123 3767 3768 3769
5 971 2778 3523 3586 3770
5 618 2263 3771 3772 3773
5 1814 2193 3774 3775 3776
5 752 921 3777 3778 3779
5 1784 3044 3780 3781 3782
5 1512 2015 3749 3783 3784
5 1763 2883 3785 3786 3787
5 265 2255 3788 3789 3790
5 1055 1473 3791 3792 3793
5 392 1705 3794 3795 3796
5 451 2351 3797 3798 3799
5 210 1029 3800 3801 3802
5 2055 2130 3803 3804 3805
5 850 1654 3717 3806 3807
5 1051 1460 3808 3809 3810
5 515 2319 3811 3812 3813
5 279 2238 3814 3815 3816
5 2336 2979 3817 3818 3819
5 1745 2896 3820 3821 3822
5 770 906 3275 3823 3824
5 605 2281 3825 3826 3827
5 1005 2282 3828 3829 3830
5 2401 2511 3506 3831 3832
5 1439 2581 3833 3834 3835
5 570 2773 3509 3836 3837
5 927 2177 3194 3838 3839
5 651 3064 3840 3841 3842
5 44 2392 3843 3844 3845
5 1120 2904 3516 3846 3847
5 212 1031 3848 3849 3850
5 760 916 3851 3852 3853
5 1190 1908 3515 3854 3855
5 2072 2133 3819 3856 3857
5 1447 2573 3370 3858 3859
5 455 2361 3860 3861 3862
5 645 3062 3278 3636 3863
5 1313 2628 3864 3865 3866
5 260 2247 3639 3867 3868
5 83 1221 3149 3627 3869
5 1364 2953 3650 3870 3871
5 675 2221 3872 3873 3874
5 733 1327 3492 3875 3876
5 1052 1474 3877 3878 3879
5 554 1246 3652 3880 3881
5 2427 2528 3573 3882 3883
5 1042 1472 3433 3576 3884
5 743 1340 3524 3885 3886
5 1196 1895 3596 3887 3888
5 1804 2185 3522 3889 3890
5 1436 2580 3891 3892 3893
5 470 2371 3894 3895 3896
5 573 2775 3897 3898 3899
5 1107 2918 3775 3900 3901
5 683 2230 3546 3582 3902
5 2143 2731 3317 3903 3904
5 1847 3036 3500 3655 3905
5 354 3098 3892 3906 3907
5 118 2737 3908 3909 3910
5 780 1986 3605 3751 3911
5 2337 2965 3767 3882 3912
5 487 2457 3662 3913 3914
5 2473 2584 3671 3915 3916
5 1565 1607 3801 3917 3918
5 858 1645 3919 3920 3921
5 1109 2905 3555 3811 3922
5 1799 2195 3810 3923 3924
5 2144 2724 3925 3926 3927
5 2096 2802 3322 3830 3928
5 1759 2886 3825 3929 3930
5 1719 2870 3420 3931 3932
5 1770 3054 3459 3933 3934
5 2485 2598 3538 3730 3935
5 2150 2714 3738 3936 3937
5 2106 2811 3938 3939 3940
5 1744 2891 3941 3942 3943
5 1944 2619 3541 3736 3944
5 1717 2867 3261 3616 3945
5 2098 2808 3946 3947 3948
5 117 2753 3949 3950 3951
5 580 2771 3532 3696 3952
5 1927 2607 3685 3953 3954
5 942 2174 3647 3955 3956
5 1119 2903 3957 3958 3959
5 2340 2961 3634 3960 3961
5 2472 2592 3962 3963 3964
5 1182 1913 3536 3674 3965
5 335 3003 3124 3635 3966
5 483 2455 3648 3967 3968
5 2429 2524 3388 3690 3969
5 1851 3030 3645 3970 3971
5 1524 2011 3490 3495 3972
5 459 2354 3379 3973 3974
5 108 2746 3975 3976 3977
5 661 2218 3686 3978 3979
5 1498 2038 3504 3980 3981
5 1875 2828 3982 3983 3984
5 99 2745 3327 3985 3986
5 680 2227 3630 3987 3988
5 424 2646 3564 3734 3989
5 272 2234 3754 3798 3990
5 2397 2504 3422 3614 3991
5 475 2453 3558 3992 3993
5 739 1339 3307 3766 3994
5 543 1241 3413 3607 3995
5 357 3087 3740 3996 3997
5 465 2367 3998 3999 4000
5 1843 3027 3620 4001 4002
5 1879 2821 3497 4003 4004
5 12 878 3374 4005 4006
5 849 1643 3477 4007 4008
5 820 2676 4009 4010 4011
5 378 1699 3193 4012 4013
5 267 2243 3363 4014 4015
5 2406 2506 3668 4016 4017
5 790 1978 3508 3665 4018
5 746 913 3384 4019 4020
5 1848 3031 4021 4022 4023
5 1869 2826 3602 3955 4024
5 105 2750 3880 3922 4025
5 626 3068 3360 3709 4026
5 805 2679 3250 3963 4027
5 239 1268 3356 3929 4028
5 1179 1907 4029 4030 4031
5 1360 2941 4032 4033 4034
5 427 2654 3341 3591 4035
5 2404 2501 3683 3702 4036
5 551 1233 3960 4037 4038
5 718 1326 3345 3584 4039
5 1827 3108 3679 3705 4040
5 1123 2934 3140 4041 4042
5 589 2760 4043 4044 4045
5 753 918 3148 3897 4046
5 2158 2718 3933 4047 4048
5 141 1675 3264 3684 4049
5 1161 2551 3493 4050 4051
5 60 2376 4052 4053 4054
5 2052 2124 3135 3513 4055
5 387 1707 3154 3291 3628
5 395 1690 3397 4056 4057
5 1826 3107 3195 4058 4059
5 2082 2807 3889 4060 4061
5 1801 2186 3219 3255 4062
5 1630 1952 3660 4063 4064
5 419 2662 3426 4065 4066
5 1112 2909 3206 4067 4068
5 1304 2640 4069 4070 4071
5 1887 2824 4028 4072 4073
5 314 2986 4074 4075 4076
5 1809 2192 4077 4078 4079
5 109 2741 3260 3430 4080
5 6 872 3279 3936 3991
5 282 2249 3658 3935 4081
5 1820 3106 3445 3989 4082
5 147 1679 3672 4083 4084
5 2436 2529 3938 3986 4085
5 381 1701 3328 4019 4086
5 57 2374 3325 3571 4087
5 1840 3118 3869 4088 4089
5 414 2658 3304 3540 4003
5 26 891 3355 4090 4091
5 1431 2569 3351 4014 4092
5 352 3093 3624 4093 4094
5 2139 2732 3846 4095 4096
5 156 1686 3796 3857 4097
5 471 2452 3346 3521 4098
5 1306 2624 3594 3678 4099
5 1114 2900 3349 3876 4100
5 55 2382 3179 3752 4101
5 2059 2125 3371 4102 4103
5 688 1552 3458 3601 4104
5 1369 2957 3664 4105 4106
5 865 1665 3805 4107 4108
5 435 2650 3449 4109 4110
5 242 1282 4111 4112 4113
5 1138 2930 3158 4114 4115
5 586 2763 3181 3610 3843
5 1176 2557 4116 4117 4118
5 154 1684 3191 4119 4120
5 740 1337 3188 4121 4122
5 257 2246 3128 4037 4123
5 1104 2915 3909 4124 4125
5 844 1664 4126 4127 4128
5 1810 2207 4129 4130 4131
5 113 2736 4036 4132 4133
5 759 915 4034 4134 4135
5 732 1322 4136 4137 4138
5 2431 2518 4029 4139 4140
5 2403 2508 3997 4141 4142
5 1148 2922 3312 4143 4144
5 957 2794 4059 4145 4146
5 866 1649 4147 4148 4149
5 398 1691 4150 4151 4152
5 2062 2110 3247 3878 4143
5 5 871 3207 4153 4154
5 1937 2608 3239 4155 4156
5 297 2995 3589 4157 4158
5 1638 1955 3870 3958 4159
5 184 2702 3200 3242 4160
5 1297 2630 3258 4161 4162
5 508 2317 3226 3777 4163
5 815 2689 4105 4164 4165
5 305 2980 3350 3747 4051
5 1582 1592 3535 3677 4166
5 963 2792 4115 4167 4168
5 987 2289 4102 4169 4170
5 1172 2555 3518 3743 4171
5 792 1983 3330 3794 3912
5 822 2685 3530 4172 4173
5 400 1710 3373 4125 4174
5 1361 2948 3389 4175 4176
5 1928 2613 3946 4177 4178
5 368 3091 3161 4079 4179
5 1156 2541 3378 3707 4180
5 789 1987 3182 4181 4182
5 1884 2820 4183 4184 4185
5 1300 2625 3302 3402 3803
5 186 2694 4139 4186 4187
5 1877 2835 4188 4189 4190
5 36 2384 3241 3926 4191
5 1088 1420 4192 4193 4194
5 1371 2843 3334 3592 3917
5 1152 2540 4195 4196 4197
5 2 868 3138 4027 4198
5 516 2318 3726 4018 4199
5 129 1668 3547 4012 4200
5 638 3071 3185 3396 4201
5 2057 2119 3642 4021 4161
5 977 2783 3159 3851 4202
5 1081 1410 3649 4203 4204
5 1817 3102 3174 4153 4205
5 98 2744 3273 3700 4001
5 615 2260 3144 3941 4206
5 1110 2907 3588 3716 4057
5 1359 2947 4011 4207 4208
5 1842 3028 3133 4177 4209
5 701 1540 3579 3931 4210
5 1754 2885 3694 4017 4211
5 502 2315 3172 3611 4212
5 74 1219 3460 4164 4213
5 1742 2888 3710 3992 4069
5 442 2357 3249 4214 4215
5 1071 1413 3448 4216 4217
5 975 2785 3245 3619 4218
5 1111 2901 4169 4219 4220
5 612 2267 3987 4221 4222
5 2341 2966 3903 4223 4224
5 2155 2730 4225 4226 4227
5 614 2268 4031 4217 4228
5 1926 2604 4180 4229 4230
5 1727 2865 3222 4202 4231
5 1768 3050 3879 4184 4232
5 1579 1596 3401 3597 4233
5 1080 1419 3390 4163 4234
5 1625 1967 3852 4077 4235
5 1753 2881 3394 3765 4150
5 1390 2852 3637 4236 4237
5 1942 2617 3418 4238 4239
5 1618 1964 4240 4241 4242
5 704 1538 3408 4049 4243
5 24 889 3424 3969 4244
5 1514 2010 3771 3967 4245
5 2422 2523 3246 3780 3975
5 629 3073 3791 4246 4247
5 750 919 3256 4248 4249
5 1486 2037 3198 3971 4052
5 1861 3026 3568 4080 4250
5 2079 2804 3915 3918 4251
5 2332 2968 3742 4252 4253
5 2430 2526 4064 4254 4255
5 1782 3045 3913 4213 4256
5 316 3016 3280 4257 4258
5 1115 2902 3285 4104 4259
5 50 2379 3288 3488 4260
5 1636 1972 3487 4088 4261
5 1492 2035 3150 3294 4181
5 2468 2585 3381 4100 4195
5 2432 2517 3466 4262 4263
5 779 1989 3127 3550 4264
5 1061 1469 4265 4266 4267
5 1620 1961 4245 4268 4269
5 370 3094 4270 4271 4272
5 976 2787 3344 4273 4274
5 1740 2889 3139 4214 4275
5 939 2175 4276 4277 4278
5 2467 2582 3563 4279 4280
5 853 1648 3243 3451 4281
5 1056 1471 4282 4283 4284
5 332 3010 3372 3429 4285
5 1751 2893 4286 4287 4288
5 756 914 3450 4140 4289
5 488 2445 3187 3392 4290
5 153 1683 3461 4208 4291
5 2484 2595 3400 4292 4293
5 1199 1914 4294 4295 4296
5 278 2241 3489 3995 4297
5 1781 3042 3471 4024 4298
5 285 2993 3475 4196 4299
5 548 1238 3180 4300 4301
5 1631 1968 4046 4302 4303
5 302 2988 3703 4304 4305
5 1291 2633 3336 3729 4306
5 1855 3034 3527 4073 4307
5 818 2671 3358 3727 4308
5 25 890 4068 4309 4310
5 1635 1960 4311 4312 4313
5 413 2655 3143 4030 4314
5 339 3013 3910 4315 4316
5 797 1988 3248 4185 4317
5 1288 2634 3225 4175 4318
5 1522 2014 4319 4320 4321
5 1286 2637 4251 4322 4323
5 1883 2822 3427 4324 4325
5 563 1237 4326 4327 4328
5 1136 2928 3502 3699 4329
5 2416 2513 4330 4331 4332
5 1807 2199 3701 4333 4334
5 935 2184 4335 4336 4337
5 1756 2882 3468 4290 4338
5 166 2706 3924 4326 4339
5 235 1277 3155 4281 4340
5 1118 2913 4293 4341 4342
5 669 2225 4323 4343 4344
5 1629 1965 4238 4345 4346
5 1762 2880 3444 3862 3964
5 91 1204 4347 4348 4349
5 591 2757 3874 4350 4351
5 2152 2717 3454 4134 4352
5 1943 2616 3925 3970 4353
5 1721 2875 3431 4354 4355
5 2486 2597 3877 3976 4356
5 1294 2641 3774 3881 4357
5 1738 2877 4358 4359 4360
5 1923 2606 3613 4257 4361
5 558 1250 3301 4362 4363
5 1888 2832 3562 4152 4364
5 1311 2643 4260 4365 4366
5 115 2742 3757 3900 4367
5 1718 2871 4192 4318 4368
5 1096 2917 3476 4369 4370
5 973 2779 3759 3808 4371
5 232 1283 3762 4189 4372
5 932 2181 4373 4374 4375
5 1760 2895 3365 3656 4376
5 95 1229 3893 4377 4378
5 1090 1409 3486 3898 4379
5 441 2350 3175 3748 3829
5 1444 2568 4265 4380 4381
5 468 2370 4199 4363 4382
5 1060 1457 4280 4383 4384
5 2434 2514 3861 4198 4385
5 1812 2191 4386 4387 4388
5 1397 2859 4389 4390 4391
5 1774 3057 4392 4393 4394
5 681 2231 4135 4272 4395
5 1099 2908 4203 4268 4396
5 1066 1482 3782 4397 4398
5 1737 2878 3661 3894 4399
5 1771 3059 4400 4401 4402
5 956 2170 4403 4404 4405
5 1197 1898 4406 4407 4408
5 2327 2972 3122 4409 4410
5 968 2796 4411 4412 4413
5 446 2352 4145 4414 4415
5 572 2768 3151 3483 4283
5 2086 2803 3673 4416 4417
5 1511 2034 3844 4418 4419
5 1787 3056 3837 4382 4420
5 951 2182 4297 4421 4422
5 1001 2294 3329 3842 4423
5 602 2278 4338 4424 4425
5 271 2244 3338 4004 4426
5 2348 2976 4427 4428 4429
5 1202 1899 4341 4430 4431
5 464 2366 3359 3854 4432
5 2100 2816 4333 4433 4434
5 220 1039 3853 4435 4436
5 848 1662 3292 4112 4437
5 439 2666 3899 4089 4438
5 2084 2800 4385 4439 4440
5 479 2461 3942 4441 4442
5 198 1019 3380 3474 3491
5 1508 2032 4191 4443 4444
5 1150 2924 3269 4445 4446
5 1765 3055 3266 4447 4448
5 1008 2284 4396 4449 4450
5 1894 2823 3286 3934 4451
5 293 2998 4452 4453 4454
5 697 1554 4455 4456 4457
5 1362 2949 3203 4269 4458
5 241 1263 4271 4459 4460
5 960 2789 3199 3927 4373
5 1289 2636 4062 4225 4406
5 2346 2978 3316 4391 4461
5 308 2994 4381 4462 4463
5 1730 2866 3567 4162 4455
5 2438 2519 3310 4232 4453
5 226 1272 3369 3719 4464
5 855 1656 4309 4465 4466
5 945 2178 3559 4467 4468
5 402 1693 3785 3859 4043
5 785 1990 3981 4469 4470
5 376 3097 4110 4187 4471
5 1734 2863 3864 3920 4234
5 341 3012 3883 4097 4472
5 1376 2845 3554 3797 4473
5 2428 2516 3183 3560 3764
5 617 2261 3157 3809 4474
5 477 2460 3770 3806 4475
5 1859 3037 3827 4091 4190
5 1777 3047 3557 3651 3758
5 58 2375 3434 4126 4476
5 2343 2960 3347 3849 4061
5 843 1663 3831 4477 4478
5 1392 2855 3262 3792 3949
5 950 2169 3462 4479 4480
5 449 2362 3439 4481 4482
5 1832 3111 3800 4099 4483
5 587 2761 3823 4334 4484
5 2424 2531 3393 4485 4486
5 2345 2963 3398 3807 4335
5 345 3006 4065 4487 4488
5 836 1659 4137 4279 4489
5 2470 2583 3595 3706 3990
5 1783 3046 3698 4129 4490
5 857 1642 3733 4006 4491
5 946 2161 3548 4417 4492
5 1356 2940 3169 3615 3739
5 228 1275 3631 4033 4493
5 1849 3038 3160 4312 4494
5 1627 1958 3565 3744 4495
5 2400 2510 3906 3932 4496
5 2097 2805 3962 4041 4497
5 1578 1605 3215 4237 4498
5 1633 1950 4058 4230 4499
5 937 2173 3189 4223 4500
5 1527 2004 3654 4092 4501
5 1580 1595 4170 4315 4502
5 1142 2933 4434 4503 4504
5 1780 3041 3544 3681 4505
5 854 1644 4506 4507 4508
5 434 2661 3907 4239 4509
5 2103 2813 4070 4467 4510
5 1521 2012 3354 3525 4511
5 603 2274 4487 4512 4513
5 1129 2929 3977 4183 4514
5 337 3005 3204 4172 4515
5 2344 2974 4045 4464 4516
5 2329 2969 3186 4206 4262
5 1797 2198 4231 4311 4517
5 1058 1462 3308 3561 3821
5 1767 3051 3303 4518 4519
5 1628 1969 3943 4121 4486
5 707 1553 3218 4119 4520
5 367 3085 3914 4009 4479
5 112 2749 3152 4301 4521
5 1800 2189 3549 3633 4522
5 737 1336 3923 4114 4523
5 1837 3115 3629 4111 4218
5 2483 2596 3141 4289 4524
5 237 1261 3908 4103 4324
5 258 2245 3178 3606 4525
5 1493 2039 3618 4294 4437
5 861 1661 3885 4526 4527
5 2426 2525 4207 4256 4276
5 2471 2586 3599 3953 4528
5 1428 2576 3440 3612 3947
5 1173 2554 3410 3604 4529
5 1102 2914 3956 4047 4530
5 1125 2927 3357 3623 4055
5 1299 2632 3646 4531 4532
5 1366 2943 4533 4534 4535
5 1725 2861 3640 4506 4536
5 244 1279 4094 4432 4537
5 1165 2542 4098 4538 4539
5 1137 2925 3531 4016 4380
5 2408 2507 3551 4038 4116
5 710 1555 4501 4540 4541
5 1100 2910 3519 4386 4542
5 78 1212 3190 4543 4544
5 2137 2723 4259 4298 4531
5 231 1278 3529 4465 4545
5 1370 2840 3171 4209 4546
5 1822 3103 3377 4240 4547
5 2398 2503 3123 3945 4246
5 1191 1897 3315 3638 4548
5 636 3065 3769 4549 4550
5 463 2364 4254 4551 4552
5 215 1034 3259 4553 4554
5 2338 2967 3233 4236 4555
5 550 1243 3510 3999 4556
5 990 2292 3201 3957 3968
5 2330 2971 3587 4526 4557
5 1442 2567 3528 4067 4319
5 2153 2729 3930 4558 4559
5 1358 2946 3982 4560 4561
5 533 1248 4229 4415 4562
5 486 2456 3227 3921 4563
5 1752 2892 3353 3723 4564
5 851 1651 4292 4519 4565
5 1815 3101 3333 3533 4322
5 391 1704 4220 4325 4566
5 2402 2502 3216 4286 4500
5 384 1703 3184 3820 4567
5 996 2283 3409 3750 3814
5 1178 1911 3799 4040 4568
5 364 3080 3254 3979 4569
5 80 1206 4222 4352 4459
5 1880 2830 4023 4355 4553
5 300 2985 3756 3812 4357
5 1171 2552 3126 3632 4570
5 1836 3114 4035 4302 4571
5 2399 2505 3232 4548 4572
5 2058 2122 3714 4427 4495
5 371 3096 4435 4517 4573
5 988 2293 4270 4574 4575
5 2410 2498 4329 4576 4577
5 2339 2970 3368 3512 4578
5 721 1323 3708 4241 4414
5 706 1543 3545 4132 4579
5 1385 2844 3376 3446 4136
5 1726 2868 3984 4244 4513
5 566 2764 3210 3228 4580
5 1054 1467 3425 4560 4581
5 1779 3040 3253 3407 3954
5 1188 1902 3980 4141 4490
5 748 909 3162 3621 4503
5 67 1217 3383 3463 3985
5 2147 2715 4252 4273 4542
5 1853 3025 3223 4235 4582
5 1776 3048 3666 3998 4583
5 164 2701 3337 3539 4584
5 1487 2047 3667 4477 4585
5 359 3095 4165 4277 4586
5 1589 1598 3469 4584 4587
5 1011 2301 3895 4588 4589
5 1140 2920 3251 3443 4440
5 541 1254 3772 3871 4449
5 841 1657 3778 4368 4590
5 800 1991 4356 4454 4591
5 1533 2008 3833 4466 4515
5 1893 2825 3688 4066 4359
5 1831 3110 3838 4083 4347
5 1584 1609 3720 4592 4593
5 1728 2869 3326 4551 4594
5 1714 2873 3134 4481 4595
5 1757 2897 3904 4120 4596
5 1345 2950 3891 4210 4346
5 1387 2847 3313 3421 4597
5 313 2984 4167 4339 4598
5 119 2754 3320 3845 4599
5 2104 2812 3274 3692 4600
5 1396 2856 3537 4226 4601
5 524 2312 4211 4463 4602
5 458 2358 3415 3888 4603
5 522 2324 3653 3901 4158
5 1132 2935 4072 4604 4605
5 355 3099 4053 4374 4606
5 122 2735 3916 4483 4607
5 2064 2115 4074 4578 4608
5 1731 2874 3939 4086 4609
5 982 2790 4096 4171 4610
5 2151 2725 3763 4090 4605
5 1945 2618 3129 3641 4611
5 1835 3113 4182 4282 4599
5 2053 2127 3324 4063 4588
5 1501 2028 3581 3682 4612
5 610 2265 3386 4358 4581
5 321 3014 3617 3950 4613
5 2087 2810 4409 4538 4614
5 1858 3035 3713 4408 4615
5 2054 2129 4397 4452 4514
5 1931 2605 4013 4348 4416
5 1000 2291 3572 4552 4616
5 1187 1919 4576 4617 4618
5 426 2653 3387 3983 4619
5 1303 2638 3362 4620 4621
5 71 1222 4304 4505 4622
5 1748 2898 3235 4266 4331
5 1068 1416 3416 3755 4623
5 39 2388 4255 4624 4625
5 323 3018 3815 4626 4627
5 30 895 4307 4559 4628
5 152 1682 3768 4629 4630
5 218 1037 3813 4631 4632
5 2090 2799 3784 4633 4634
5 1852 3021 3721 4015 4635
5 197 1018 4547 4562 4636
5 1772 3053 3741 4617 4637
5 1185 1906 3795 4549 4638
5 1581 1610 3230 3787 4639
5 775 2000 4473 4640 4641
5 561 1240 4365 4642 4643
5 1785 3043 4107 4233 4430
5 1735 2862 4377 4644 4645
5 385 1709 4475 4646 4647
5 87 1223 4122 4425 4648
5 2078 2801 4595 4649 4650
5 490 2451 4411 4573 4582
5 1496 2036 3761 4523 4651
5 491 2465 4291 4394 4586
5 1380 2841 3732 4384 4652
5 344 3019 4476 4653 4654
5 102 2747 4219 4285 4655
5 1497 2027 4032 4221 4574
5 1528 2016 4026 4510 4656
5 620 2262 4253 4657 4658
5 1153 2544 3176 4351 4633
5 584 2759 4540 4635 4659
5 2405 2493 3166 4345 4644
5 2102 2817 3858 4592 4660
5 513 2325 4545 4661 4662
5 782 1993 4594 4663 4664
5 1502 2025 4200 4665 4666
5 583 2772 3704 4402 4667
5 330 3011 3332 4629 4668
5 1160 2539 3585 4060 4669
5 163 2699 3142 4216 4670
5 9 875 4082 4489 4671
5 2439 2535 4488 4561 4672
5 540 1256 4673 4674 4675
5 1105 2912 3405 4676 4677
5 2475 2591 4243 4569 4678
5 765 908 3340 3788 4261
5 1122 2916 3835 4662 4679
5 979 2781 4536 4653 4680
5 562 1255 3832 4535 4681
5 2487 2602 4228 4471 4682
5 1163 2548 4146 4683 4684
5 1873 2839 3781 4144 4591
5 1489 2044 4305 4579 4685
5 1133 2939 4332 4686 4687
5 246 1267 3786 4688 4689
5 1093 1426 3773 3959 4690
5 1939 2614 4691 4692 4693
5 92 1209 3840 4609 4694
5 1720 2876 3577 4127 4695
5 221 1040 4429 4696 4697
5 1131 2938 4314 4698 4699
5 31 896 4360 4672 4700
5 2333 2977 4264 4674 4701
5 88 1207 3583 4133 4400
5 158 1688 4131 4702 4703
5 509 2323 3481 4247 4613
5 774 926 4682 4699 4704
5 1819 3105 3753 3887 4640
5 1139 2926 4188 4511 4558
5 2061 2126 3884 4508 4705
5 1121 2919 3886 4337 4647
5 409 2667 4138 4693 4706
5 1013 2286 3428 4124 4707
5 1838 3116 4295 4340 4708
5 497 2449 4656 4709 4710
5 1450 2565 3728 3855 4445
5 1377 2851 4410 4711 4712
5 771 904 3841 4085 4713
5 1144 2923 3725 4556 4714
5 530 2309 3437 4468 4715
5 375 3084 4589 4624 4664
5 1940 2610 4242 4683 4716
5 29 894 4173 4679 4717
5 216 1035 3224 4179 4718
5 155 1685 4288 4719 4720
5 2091 2806 3839 4155 4665
5 263 2250 3731 4148 4642
5 634 3077 3331 3574 3856
5 553 1230 3197 3974 4716
5 1531 2002 3873 3928 4205
5 630 3075 4248 4407 4721
5 794 1984 3697 3996 4722
5 1529 2017 3438 3993 4723
5 1626 1975 4608 4677 4724
5 2146 2719 4287 4543 4725
5 993 2298 4284 4300 4418
5 1761 2884 4621 4710 4715
5 723 1334 3890 4711 4726
5 20 887 4727 4728 4729
5 660 2211 3737 4258 4730
5 1825 3104 4005 4383 4706
5 1495 2030 3735 4007 4533
5 324 3017 4387 4610 4657
5 2074 2114 4446 4537 4731
5 1739 2864 3482 4732 4733
5 416 2659 4555 4734 4735
5 767 902 3675 4227 4736
5 984 2798 3293 4708 4737
5 2342 2973 4580 4660 4689
5 729 1333 4349 4666 4738
5 682 2232 4316 4566 4739
5 2071 2117 4250 4740 4741
5 467 2369 4541 4564 4742
5 744 1343 4743 4744 4745
5 713 1548 4428 4676 4746
5 1499 2040 4002 4433 4747
5 1829 3109 3783 4748 4749
5 1094 1405 3804 4342 4750
5 538 1252 4557 4646 4751
5 1732 2860 3173 3948 4728
5 28 893 3952 4330 4462
5 328 3015 4320 4661 4752
5 708 1560 4224 4719 4753
5 1588 1613 4389 4572 4754
5 768 897 3802 4344 4755
5 248 1258 3323 4749 4756
5 1864 3020 3441 4729 4757
5 2334 2975 4403 4520 4725
5 2437 2520 3817 4638 4668
5 827 2688 4310 4752 4758
5 804 1997 3484 4419 4759
5 2490 2599 3470 4426 4760
5 1075 1425 4399 4625 4761
5 828 2677 4472 4550 4762
5 766 920 3988 4763 4764
5 1865 3039 4375 4444 4765
5 2469 2588 4275 4439 4766
5 1860 3022 4308 4731 4767
5 1924 2609 4212 4649 4757
5 1794 2203 3793 3966 4732
5 169 2704 3972 4643 4768
5 346 3004 3868 4735 4754
5 1168 2545 4568 4623 4769
5 714 1545 3472 4530 4770
5 1348 2952 4451 4532 4770
5 1394 2857 4193 4563 4771
5 290 2992 4263 4441 4648
5 642 3066 4544 4753 4772
5 377 3086 4130 4469 4577
5 18 883 3828 4350 4748
5 185 2703 4353 4606 4773
5 275 2236 3213 3231 4774
5 720 1319 3746 4369 4775
5 84 1228 3790 4379 4571
5 2099 2818 3464 4423 4776
5 742 1342 4201 4364 4777
5 966 2791 3745 4075 4746
5 576 2758 3724 4583 4778
5 646 3078 4457 4554 4741
5 280 2237 4522 4673 4779
5 1516 2022 3283 3911 4626
5 1146 2936 4328 4371 4744
5 2418 2500 4404 4596 4772
5 315 2999 4117 4779 4780
5 1947 2622 4654 4705 4781
5 1862 3023 3693 4484 4782
5 1932 2615 3494 3937 4783
5 1509 2045 4474 4598 4745
5 1368 2956 3779 3866 4771
5 1350 2955 4460 4764 4784
5 1451 2579 3566 4076 4696
5 1535 2019 3608 4149 4785
5 668 2215 3406 3600 4786
5 1383 2850 4166 4343 4607
5 1722 2879 4078 4412 4787
5 1935 2612 4448 4678 4788
5 189 2711 4601 4721 4789
5 1175 2558 3284 4101 4790
5 812 2687 3267 3514 4093
5 593 2776 4118 4701 4791
5 647 3060 3850 4539 4726
5 1490 2049 3455 4784 4792
5 1591 1600 3452 4737 4793
5 2414 2497 3863 3951 4733
5 2349 2964 4424 4485 4794
5 1520 2024 4420 4714 4795
5 159 2710 4652 4671 4692
5 62 2395 3822 4777 4796
5 1167 2550 3314 4783 4797
5 1296 2645 4354 4740 4798
5 1201 1921 3847 4658 4799
5 421 2668 4602 4687 4800
5 1949 2620 3479 4681 4801
5 1841 3119 4366 4422 4785
5 41 2393 4376 4659 4802
5 2441 2521 4106 4393 4480
5 1437 2577 3695 4686 4803
5 404 1689 4084 4156 4804
5 1092 1404 4186 4698 4805
5 37 2383 3130 4507 4806
5 864 1647 3867 4461 4807
5 1145 2937 4142 4702 4808
5 1085 1402 3300 3836 4809
5 1839 3117 3609 4521 4759
5 598 2270 3343 3520 4810
5 831 2674 3436 4071 4811
5 2479 2593 3447 4491 4691
5 801 1981 3961 4780 4812
5 1050 1483 3689 4512 4813
5 948 2176 3711 4814 4815
5 978 2784 3366 3715 4816
5 306 2991 3236 3669 4803
5 120 2738 4504 4782 4817
5 42 2385 3414 4147 4818
5 693 1561 4509 4645 4819
5 2482 2590 4641 4769 4820
5 283 2253 3905 4742 4821
5 2474 2594 4050 4370 4822
5 1788 3058 3776 4632 4823
5 2160 2720 4470 4637 4808
5 32 2394 4636 4684 4824
5 1863 3024 4709 4811 4815
5 1174 2559 4458 4690 4825
5 262 2256 4615 4736 4826
5 1064 1465 4534 4827 4828
5 2478 2587 3335 3676 4755
5 761 901 3919 4176 4829
5 181 2693 3156 3760 4830
5 481 2464 4025 4157 4823
5 985 2295 4154 4634 4831
5 187 2695 3498 3657 4832
5 406 1694 3465 4713 4833
5 1365 2944 3687 4819 4834
5 2105 2814 4516 4639 4835
5 1786 3052 3944 4478 4828
5 728 1329 3973 4499 4824
5 1353 2958 3297 3834 4758
5 253 2254 3680 4603 4820
5 623 2279 4436 4494 4787
5 2489 2600 3272 4108 4836
5 168 2708 3309 4151 4837
5 787 1998 3818 4762 4838
5 1537 2009 3826 4604 4839
5 1639 1974 4496 4834 4840
5 461 2360 3872 4756 4831
5 2347 2962 4095 4810 4841
5 1948 2621 4160 4765 4842
5 1572 1617 4401 4685 4843
5 1569 1616 4518 4750 4844
5 992 2299 3282 4525 4845
5 994 2304 3789 4438 4846
5 107 2755 4022 4456 4847
5 86 1213 4010 4392 4848
5 252 1285 4388 4841 4849
5 663 2222 4492 4738 4804
5 397 1697 3244 4296 4850
5 2138 2726 4575 4763 4851
5 2063 2109 3598 4565 4852
5 1885 2829 3994 4567 4853
5 2409 2509 4570 4675 4854
5 1445 2560 4546 4650 4855
5 826 2672 4362 4778 4856
5 1452 2578 4390 4774 4857
5 692 1563 4443 4773 4858
5 2433 2527 4020 4776 4859
5 1866 2834 4197 4775 4860
5 690 1558 4612 4667 4861
5 597 2269 3202 4204 4862
5 2148 2722 3712 4249 4863
5 2065 2128 4128 4611 4864
5 2420 2530 4215 4497 4865
5 1456 2566 4802 4821 4866
5 2423 2532 4670 4704 4867
5 2075 2132 4707 4739 4868
5 532 2326 4585 4801 4869
5 495 2442 4669 4712 4870
5 1792 2206 4123 4791 4871
5 1310 2644 3603 4048 4872
5 528 2305 4178 4482 4873
5 622 2277 4395 4792 4874
5 835 2690 4836 4844 4875
5 2425 2536 4796 4837 4876
5 829 2675 4044 4593 4877
5 2073 2107 4786 4788 4878
5 493 2463 3391 4590 4879
5 1892 2838 3816 4790 4880
5 600 2271 4327 4651 4881
5 1874 2837 4081 4587 4882
5 494 2446 4056 4527 4883
5 2440 2534 3896 4087 4884
5 1806 2202 3622 4600 4885
5 2134 2727 4361 4597 4886
5 2415 2491 4730 4797 4887
5 715 1562 4760 4832 4888
5 2067 2112 4616 4761 4889
5 825 2686 3718 4751 4890
5 526 2310 3824 4747 4891
5 438 2665 4442 4794 4892
5 1004 2297 3385 3940 4893
5 1585 1599 3626 4303 4846
5 735 1331 3860 4042 4894
5 59 2386 4529 4627 4895
5 454 2356 3978 4447 4896
5 408 1713 4695 4781 4897
5 674 2217 3875 4299 4898
5 1078 1427 4421 4768 4818
5 171 2712 4113 4793 4850
5 1195 1916 3625 4767 4899
5 1586 1615 4697 4724 4816
5 2101 2815 4620 4723 4814
5 763 925 4313 4413 4718
5 1395 2858 3125 3277 3480
5 705 1550 3364 3501 4900
5 1177 2556 4274 4799 4849
5 284 2257 3318 4405 4720
5 859 1658 3298 4321 4717
5 1946 2623 3580 4378 4840
5 1871 2833 4174 4502 4901
5 1089 1422 3663 4278 4848
5 556 1251 3590 4367 4631
5 138 1672 3252 4878 4902
5 799 1980 3691 4880 4903
5 498 2447 4833 4893 4904
5 2159 2734 4054 4842 4905
5 594 2280 4822 4898 4906
5 2411 2496 4498 4807 4907
5 525 2322 4000 4809 4908
5 2417 2512 3902 4843 4909
5 469 2368 3137 3268 4899
5 2488 2601 3311 4317 4398
5 953 2168 4827 4869 4910
5 15 882 3168 4886 4887
5 401 1711 3575 4630 4838
5 1795 2209 4789 4826 4911
5 833 2669 4766 4894 4912
5 501 2466 4450 4825 4913
5 1454 2563 4806 4897 4914
5 1813 2204 4743 4830 4915
5 684 2233 3287 3473 4872
5 149 1680 3848 4870 4916
5 63 2391 3659 4798 4847
5 1506 2048 4618 4703 4722
5 965 2797 4336 4883 4890
5 1624 1973 4663 4884 4889
5 22 885 3442 4865 4912
5 190 2709 4372 4628 4839
5 124 2739 4694 4859 4904
5 1065 1464 4680 4864 4914
5 436 2649 4306 4882 4888
5 585 2774 3670 4267 4800
5 1200 1900 4109 4867 4917
5 2407 2494 3542 4008 4910
5 1293 2642 4431 4852 4875
5 934 2179 3395 4853 4876
5 203 1023 3348 4860 4906
5 229 1281 4655 4868 4901
5 980 2780 3644 4858 4905
5 685 1556 4528 4896 4902
5 2140 2733 4845 4895 4903
5 1448 2575 3212 4835 4918
5 521 2308 4194 4829 4919
5 250 1265 4817 4885 4891
5 1789 2200 4039 4614 4916
5 1010 2302 4619 4700 4813
5 418 2664 3865 4879 4919
5 1640 1956 4812 4854 4871
5 208 1027 4727 4855 4873
5 784 1999 4795 4856 4908
5 1536 2007 4159 4862 4913
5 619 2273 4524 4805 4917
5 73 1224 4493 4851 4874
5 89 1211 4688 4877 4918
5 741 1341 3146 3467 4892
5 103 2752 4622 4861 4909
5 1518 2018 3722 4866 4900
5 1184 1920 4734 4857 4907
5 1047 1484 4168 4881 4915
5 1308 2627 3965 4863 4911
