# Generated using Miratope v0.5.0 (https://github.com/galoomba1/miratope-rs)
4OFF

# Vertices, Faces, Edges, Cells
120 4920 1200 1320

# Vertices
1.3090169943749 0 0.8090169943749 0.5 
1.3090169943749 0.5 0 -0.8090169943749 
1.3090169943749 0.8090169943749 -0.5 0 
0.809016994375 -0.8090169943749 0.8090169943749 -0.8090169943749 
0.5 -1.3090169943749 0.8090169943749 0 
0.809016994375 0 -0.5 1.3090169943749 
0.5 -0.8090169943749 0 1.3090169943749 
1.3090169943749 -0 0.8090169943749 -0.5 
1.3090169943749 0.5 0 0.8090169943749 
0.809016994375 -0.8090169943749 0.8090169943749 0.8090169943749 
0.809016994375 0 -0.5 -1.3090169943749 
0.5 -0.8090169943749 0 -1.3090169943749 
0.809016994375 0.5 -1.3090169943749 0 
0.5 0 -1.3090169943749 0.8090169943749 
0.5 0 -1.3090169943749 -0.8090169943749 
0 -1.3090169943749 -0.5 0.8090169943749 
0 -1.6180339887499 0 0 
0 -1.3090169943749 -0.5 -0.8090169943749 
0 -0.8090169943749 -1.3090169943749 0.5 
0 -0.8090169943749 -1.3090169943749 -0.5 
1.3090169943749 -0.5 0 -0.8090169943749 
1.3090169943749 -0.8090169943749 -0.5 0 
0.809016994375 0.8090169943749 0.8090169943749 -0.8090169943749 
0.5 1.3090169943749 0.8090169943749 0 
0.5 0.8090169943749 0 1.3090169943749 
1.3090169943749 -0.5 0 0.8090169943749 
0.809016994375 0.8090169943749 0.8090169943749 0.8090169943749 
0.5 0.8090169943749 0 -1.3090169943749 
0.809016994375 -0.5 -1.3090169943749 0 
0 1.3090169943749 -0.5 0.8090169943749 
0 1.6180339887499 0 0 
0 1.3090169943749 -0.5 -0.8090169943749 
0 0.8090169943749 -1.3090169943749 0.5 
0 0.8090169943749 -1.3090169943749 -0.5 
1.3090169943749 0 -0.8090169943749 0.5 
0.809016994375 1.3090169943749 0 0.5 
0.5 0 1.3090169943749 -0.8090169943749 
1.3090169943749 -0.8090169943749 0.5 0 
0.809016994375 0.5 1.3090169943749 0 
0.5 1.3090169943749 -0.8090169943749 0 
0.809016994375 -0.8090169943749 -0.8090169943749 -0.8090169943749 
0 0.5 0.8090169943749 -1.3090169943749 
0 1.3090169943749 0.5 -0.8090169943749 
0 0 0 -1.6180339887499 
0 0.5 -0.8090169943749 -1.3090169943749 
1.3090169943749 0 -0.8090169943749 -0.5 
0.5 0 1.3090169943749 0.8090169943749 
0.809016994375 1.3090169943749 0 -0.5 
0.809016994375 -0.8090169943749 -0.8090169943749 0.8090169943749 
0 0.5 0.8090169943749 1.3090169943749 
0 1.3090169943749 0.5 0.8090169943749 
0 0 0 1.6180339887499 
0 0.5 -0.8090169943749 1.3090169943749 
0.809016994375 -1.3090169943749 0 0.5 
1.3090169943749 0.8090169943749 0.5 0 
0.809016994375 -0.5 1.3090169943749 0 
0.5 -1.3090169943749 -0.8090169943749 0 
0.809016994375 0.8090169943749 -0.8090169943749 -0.8090169943749 
0 -0.5 0.8090169943749 -1.3090169943749 
0 -1.3090169943749 0.5 -0.8090169943749 
0 -0.5 -0.8090169943749 -1.3090169943749 
0.809016994375 -1.3090169943749 0 -0.5 
0 0 1.6180339887499 0 
0 0.8090169943749 1.3090169943749 -0.5 
0 -0.8090169943749 1.3090169943749 -0.5 
0.809016994375 0.8090169943749 -0.8090169943749 0.8090169943749 
0 -0.5 0.8090169943749 1.3090169943749 
0 -1.3090169943749 0.5 0.8090169943749 
0 -0.5 -0.8090169943749 1.3090169943749 
0.809016994375 -0 0.5 1.3090169943749 
0 0 -1.6180339887499 0 
0 0.8090169943749 1.3090169943749 0.5 
0 -0.8090169943749 1.3090169943749 0.5 
0.809016994375 -0 0.5 -1.3090169943749 
-0.8090169943749 0.8090169943749 0.809016994375 0.8090169943749 
-0.8090169943749 0.5 1.309016994375 0 
-0.8090169943749 0.8090169943749 0.809016994375 -0.8090169943749 
-0.8090169943749 1.309016994375 0 0.5 
-0.8090169943749 1.309016994375 0 -0.5 
1.6180339887499 0 -0 0 
-0.5 1.3090169943749 0.809016994375 0 
-0.5 0 1.309016994375 -0.8090169943749 
-0.5 0.8090169943749 0 -1.3090169943749 
-0.5 0 1.309016994375 0.8090169943749 
-0.5 0.8090169943749 0 1.3090169943749 
-0.5 1.309016994375 -0.8090169943749 0 
-0.8090169943749 -0.8090169943749 0.809016994375 0.8090169943749 
-0.8090169943749 -0.5 1.309016994375 0 
-0.8090169943749 -0.8090169943749 0.809016994375 -0.8090169943749 
-0.8090169943749 -1.309016994375 0 0.5 
-0.8090169943749 -1.309016994375 0 -0.5 
-0.5 -1.3090169943749 0.809016994375 0 
-0.5 -0.8090169943749 0 -1.309016994375 
-0.5 -0.8090169943749 0 1.309016994375 
-0.5 -1.309016994375 -0.8090169943749 0 
-0.8090169943749 0 0.5 1.309016994375 
-0.8090169943749 0 -0.5 1.309016994375 
-0.8090169943749 -0.8090169943749 -0.8090169943749 0.809016994375 
-0.5 0 -1.3090169943749 0.809016994375 
-1.3090169943749 0 0.809016994375 0.5 
-1.3090169943749 0 0.809016994375 -0.5 
-0.8090169943749 0 0.5 -1.309016994375 
-1.3090169943749 0.809016994375 0.5 0 
-0.8090169943749 0 -0.5 -1.309016994375 
-0.8090169943749 -0.8090169943749 -0.8090169943749 -0.809016994375 
-0.5 0 -1.3090169943749 -0.809016994375 
-0.8090169943749 0.809016994375 -0.8090169943749 0.809016994375 
-1.3090169943749 0.5 0 0.809016994375 
-1.3090169943749 -0.809016994375 0.5 0 
-0.8090169943749 0.5 -1.309016994375 0 
-0.8090169943749 -0.5 -1.309016994375 0 
-0.8090169943749 0.809016994375 -0.8090169943749 -0.809016994375 
-1.3090169943749 0.5 0 -0.809016994375 
-1.3090169943749 -0.5 0 0.809016994375 
-1.3090169943749 0.809016994375 -0.5 0 
-1.3090169943749 -0.5 0 -0.809016994375 
-1.3090169943749 -0.809016994375 -0.5 0 
-1.3090169943749 -0 -0.809016994375 0.5 
-1.6180339887499 0 0 0 
-1.3090169943749 -0 -0.809016994375 -0.5 

# Faces
3 0 1 3
5 1 0 6 18 14
5 2 14 17 4 0
3 0 2 5
5 3 0 5 18 17
3 4 6 0
3 7 8 9
5 11 7 8 13 19
5 4 7 2 13 15
3 7 2 10
5 9 15 19 10 7
3 7 11 4
5 8 1 11 16 6
3 8 1 12
5 9 16 19 12 8
3 8 13 6
5 1 3 16 18 12
3 11 14 1
5 5 2 10 17 15
3 2 14 13
5 3 9 5 12 10
3 3 16 9
3 9 5 15
3 3 17 10
5 4 6 13 14 11
3 15 17 4
3 12 18 5
3 6 16 18
3 12 19 10
3 11 19 16
3 13 15 19
3 17 18 14
3 0 22 20
5 24 0 20 14 32
5 0 23 31 14 21
3 0 5 21
5 0 5 32 31 22
3 0 24 23
3 7 26 25
5 7 27 33 13 25
5 7 10 33 29 26
5 21 13 29 23 7
3 7 21 10
3 7 27 23
5 25 24 30 27 20
3 20 28 25
5 25 28 33 30 26
3 25 24 13
5 28 20 22 30 32
3 20 27 14
5 5 26 22 10 28
3 26 30 22
3 26 5 29
5 5 21 10 31 29
3 14 21 13
3 22 31 10
5 14 27 23 24 13
3 29 31 23
3 28 32 5
3 28 33 10
3 24 32 30
3 27 33 30
3 13 33 29
3 14 31 32
3 0 21 3
3 0 34 35
5 0 36 43 14 34
3 0 23 36
5 3 43 31 35 0
3 8 37 38
5 37 8 39 44 11
5 23 8 21 11 41
3 8 21 12
5 8 38 41 44 12
3 8 23 39
5 34 39 42 36 37
3 37 40 34
5 37 40 44 42 38
3 36 11 37
5 21 12 31 41 3
3 14 21 11
5 40 34 35 42 43
3 34 14 39
5 3 38 35 12 40
3 38 35 42
3 38 41 3
5 14 39 23 36 11
3 23 41 31
3 35 31 12
3 40 43 3
3 36 42 43
3 11 44 41
3 40 44 12
3 39 42 44
3 14 31 43
3 7 21 9
5 47 7 9 51 29
3 7 46 23
5 45 7 46 51 13
3 7 45 47
3 37 1 38
5 1 37 6 52 39
5 21 1 23 49 6
3 12 21 1
5 1 38 49 52 12
3 23 1 39
5 38 37 48 52 50
5 45 39 50 46 37
3 45 48 37
3 46 6 37
5 12 29 49 9 21
3 13 6 21
5 47 38 9 48 12
3 38 49 9
3 38 47 50
3 9 51 48
5 23 39 13 6 46
3 23 29 49
5 45 48 51 50 47
3 45 39 13
3 46 50 51
3 12 29 47
3 49 52 6
3 12 52 48
3 13 51 29
3 50 52 39
3 0 2 22
3 0 34 53
5 22 0 53 17 43
3 0 36 4
5 25 2 27 58 4
3 25 2 28
3 25 54 55
5 25 54 27 60 56
5 25 28 60 58 55
3 4 56 25
5 2 28 17 58 22
3 2 27 14
3 34 54 57
5 54 34 56 59 36
5 57 34 53 59 43
3 14 56 34
5 55 53 28 57 22
3 55 58 22
3 57 43 22
5 57 54 55 59 60
3 54 27 36
3 55 59 53
5 4 36 27 14 56
3 17 58 4
3 53 17 28
3 43 59 36
3 27 60 58
3 28 57 60
3 17 43 14
3 59 60 56
3 9 21 8
5 47 8 9 64 41
3 23 8 46
5 45 11 64 46 8
3 45 8 47
3 25 2 26
5 25 26 63 58 61
5 45 27 63 46 25
3 25 61 45
3 4 46 25
5 62 26 2 10 58
5 21 2 23 62 4
3 10 21 2
3 27 23 2
5 26 47 10 61 9
3 9 62 26
3 47 63 26
5 21 9 62 41 10
3 11 4 21
3 61 64 9
5 4 46 23 27 11
3 23 41 62
5 47 45 61 64 63
3 11 27 45
3 46 64 63
3 58 62 4
3 47 10 41
3 61 58 10
3 11 64 41
3 27 58 63
3 7 26 2
5 26 7 61 15 51
3 45 61 7
3 7 4 46
5 2 20 4 66 24
3 20 2 28
5 28 15 66 26 2
3 2 24 13
3 54 55 20
5 20 56 68 24 54
5 55 20 28 68 66
3 4 56 20
5 61 55 26 65 28
3 55 66 26
3 65 51 26
5 54 45 56 67 46
3 54 65 45
5 65 54 55 67 68
3 54 46 24
5 45 65 51 67 61
3 45 13 56
3 55 61 67
5 13 56 4 46 24
3 46 67 51
3 4 66 15
3 28 15 61
3 66 68 24
3 28 68 65
3 13 15 51
3 56 68 67
3 0 35 1
3 0 20 53
5 0 53 18 32 35
3 0 6 24
3 37 40 1
5 1 35 52 18 40
3 14 39 1
3 57 20 54
5 53 68 32 57 20
3 14 56 20
3 54 69 37
5 54 37 56 70 39
5 37 69 52 70 40
3 6 56 37
5 57 54 69 68 70
3 54 39 24
5 69 53 40 57 35
3 69 52 35
3 57 32 35
3 53 68 69
3 53 18 40
5 6 56 14 39 24
3 18 52 6
3 24 32 68
3 40 70 57
3 39 70 52
3 14 18 32
3 68 70 56
3 3 21 1
3 35 34 1
5 34 1 36 72 6
3 23 36 1
5 1 35 49 72 3
3 22 20 2
3 5 21 2
5 5 66 62 22 2
3 23 2 24
3 34 20 53
5 34 20 36 71 24
5 20 22 71 66 53
3 36 20 4
5 21 3 62 49 5
3 6 4 21
5 35 71 72 53 34
3 6 34 24
5 22 3 53 5 35
3 22 71 35
3 22 3 62
5 4 36 23 24 6
3 23 49 62
3 35 49 5
3 53 72 3
3 4 62 66
3 53 66 5
3 36 72 71
3 49 72 6
3 66 71 24
3 1 38 8
5 38 64 16 48 8
3 45 48 8
3 6 46 8
3 34 1 40
5 1 38 72 16 40
3 11 36 1
3 54 34 69
5 69 34 40 59 72
3 56 34 6
3 54 45 73
3 36 46 54
5 54 73 59 67 69
5 38 69 48 40 73
3 38 69 72
3 73 64 38
5 48 45 73 64 67
3 45 56 11
5 36 46 6 56 11
3 64 67 46
3 59 72 36
3 69 67 48
3 6 16 72
3 40 59 73
3 16 64 11
3 40 16 48
3 59 67 56
3 7 8 47
3 7 61 25
5 47 33 19 61 7
3 7 27 11
3 37 48 8
5 8 47 44 19 48
3 8 39 13
3 54 65 25
5 61 60 33 65 25
3 25 56 13
3 37 73 54
5 37 73 44 70 48
3 11 56 37
5 54 65 70 60 73
3 27 39 54
5 73 47 65 48 61
3 73 44 47
3 47 65 33
3 61 73 60
3 61 48 19
5 27 39 13 56 11
3 11 19 44
3 65 70 48
3 33 60 27
3 13 33 19
3 44 70 39
3 56 70 60
3 25 20 55
3 25 65 45
5 63 55 25 65 30
3 25 24 46
3 57 34 20
5 20 55 71 30 57
3 27 36 20
3 37 69 34
3 45 37 73
3 37 36 46
5 69 37 73 42 50
5 69 34 57 42 71
3 39 24 34
5 45 73 63 50 65
3 45 39 27
3 55 71 69
5 55 69 65 57 73
3 55 73 63
5 36 46 24 39 27
3 50 63 46
3 36 42 71
3 65 50 69
3 24 71 30
3 73 42 57
3 27 30 63
3 65 57 30
3 42 50 39
3 0 1 36
5 1 0 49 77 31
5 0 2 31 76 62
3 2 24 0
5 0 36 76 77 24
3 49 0 62
3 7 8 46
5 7 8 29 78 41
5 2 7 62 74 29
3 2 27 7
5 27 7 46 74 78
3 62 41 7
5 8 1 41 75 49
3 8 39 1
5 39 78 75 46 8
3 49 8 29
5 39 1 36 75 77
3 31 1 41
5 2 24 74 76 27
3 31 2 29
3 46 36 75
3 24 74 46
3 36 27 76
5 41 31 29 49 62
3 62 76 74
3 24 39 77
3 49 75 77
3 27 78 39
3 75 78 41
3 74 78 29
3 31 76 77
3 0 20 2
5 0 71 76 43 20
3 35 0 71
3 0 62 3
5 2 30 76 58 20
3 30 2 26
3 10 31 2
3 55 58 20
3 57 20 43
3 55 79 26
5 26 79 10 82 80
5 58 55 26 30 82
3 62 80 26
3 57 79 35
5 3 79 35 80 81
5 35 57 43 81 71
3 35 80 31
3 3 10 79
5 10 3 62 80 31
3 43 81 3
5 55 81 82 57 79
3 71 81 55
3 58 76 62
3 30 76 71
3 58 82 10
3 30 82 57
3 31 43 76
3 80 82 81
3 2 25 7
5 25 7 63 74 51
3 9 62 7
3 7 63 47
5 2 25 66 74 30
3 25 66 55
3 65 25 51
3 22 30 2
3 5 29 2
3 55 79 22
5 79 22 80 84 5
5 55 22 30 84 66
3 62 80 22
3 9 5 79
5 9 79 47 80 83
5 5 9 62 80 29
3 9 51 83
5 55 83 84 65 79
3 65 79 47
3 55 83 63
5 47 65 51 83 63
3 29 80 47
3 5 66 84
3 62 74 66
3 63 74 30
3 30 84 65
3 29 51 74
3 80 84 83
3 0 34 1
5 0 34 32 77 71
3 22 71 0
3 0 49 5
5 1 42 77 52 34
3 42 1 38
3 1 31 12
3 69 52 34
3 57 34 32
3 57 79 22
5 22 57 32 84 71
3 31 22 80
3 38 79 69
5 79 38 80 85 12
5 69 38 42 85 52
3 38 80 49
3 5 12 79
5 69 79 57 85 84
5 12 5 49 80 31
3 5 32 84
3 69 71 84
3 71 77 42
3 52 77 49
3 52 85 12
3 57 42 85
3 32 77 31
3 84 85 80
3 8 37 1
5 37 8 50 75 64
3 9 49 8
3 50 8 47
5 72 37 1 42 75
3 42 1 35
3 3 41 1
3 37 72 69
3 64 37 73
3 3 9 79
5 3 41 80 49 9
3 64 83 9
3 35 79 69
5 72 69 35 42 81
3 49 80 35
3 3 81 72
3 47 79 73
5 69 79 73 81 83
5 47 73 64 83 50
3 41 80 47
3 50 83 69
3 42 81 73
3 49 72 75
3 41 75 64
3 42 75 50
3 81 83 80
3 8 45 7
3 7 63 26
5 7 45 33 78 63
3 10 41 7
3 38 8 50
5 8 50 78 44 45
3 8 29 12
3 26 65 79
5 63 26 65 33 82
3 26 80 29
3 38 79 73
5 38 50 85 44 73
3 38 41 80
3 73 44 45
3 65 33 45
3 10 79 12
5 79 73 82 85 65
5 10 12 29 80 41
3 10 82 33
3 63 82 73
3 63 78 50
3 12 85 44
3 65 50 85
3 41 78 44
3 29 78 33
3 80 82 85
3 22 55 26
3 5 9 26
3 26 65 47
3 57 35 22
3 3 22 10
3 3 9 38
3 35 69 38
3 38 73 47
3 48 61 9
3 12 35 5
3 3 53 40
3 53 55 69
3 61 55 73
3 10 47 12
3 28 53 5
3 48 69 65
3 10 28 61
3 57 73 40
3 40 48 12
3 28 57 65
3 0 36 20
5 20 0 66 89 17
3 0 6 21
5 0 62 88 17 21
5 6 0 36 88 89
3 62 66 0
3 7 25 46
5 25 15 90 58 7
5 7 21 15 86 62
3 7 21 11
5 11 90 86 46 7
3 62 58 7
5 66 25 20 58 87
3 25 56 20
5 46 25 56 90 87
3 66 25 15
5 20 36 87 89 56
3 17 20 58
5 11 88 86 6 21
3 15 21 17
3 36 87 46
3 46 6 86
3 36 88 11
3 6 89 56
5 15 66 62 58 17
3 62 88 86
3 56 90 11
3 66 87 89
3 87 90 58
3 86 90 15
3 17 89 88
3 1 21 0
5 0 72 88 43 1
3 22 0 62
3 53 0 72
5 21 16 88 41 1
3 41 1 38
3 40 43 1
3 9 16 21
3 10 21 17
3 10 79 22
5 22 81 91 53 79
5 22 10 17 91 62
3 43 81 22
3 9 79 38
5 9 38 41 92 16
5 79 38 81 92 40
3 72 81 38
5 79 9 91 92 10
3 62 91 9
3 53 79 40
5 53 40 43 81 72
3 53 91 17
3 62 88 41
3 10 92 41
3 72 88 16
3 40 16 92
3 17 43 88
3 81 91 92
3 7 21 8
5 8 51 86 64 7
3 26 62 7
3 64 7 61
5 21 16 86 49 8
3 8 49 38
3 48 8 51
3 26 5 79
5 79 26 83 91 61
5 5 26 62 91 15
3 26 83 51
3 3 16 21
3 15 21 5
3 3 79 38
5 16 93 49 38 3
5 38 83 93 48 79
3 64 83 38
5 79 5 93 91 3
3 62 91 3
3 48 79 61
3 49 93 5
3 62 86 49
5 51 83 64 61 48
3 61 91 15
3 48 93 16
3 64 16 86
3 15 86 51
3 83 93 91
3 0 20 34
5 0 34 18 89 72
3 3 0 72
3 5 0 66
5 59 20 34 68 89
3 55 20 59
3 20 17 28
3 69 68 34
3 40 34 18
3 40 79 3
5 40 18 93 72 3
3 17 3 91
3 55 69 79
5 55 79 28 94 91
3 28 79 5
5 79 40 94 93 69
5 59 94 68 69 55
3 55 91 66
5 28 17 91 66 5
3 5 93 18
3 72 93 69
3 72 59 89
3 68 89 66
3 59 94 40
3 68 94 28
3 17 18 89
3 91 94 93
3 25 54 20
3 26 66 25
5 25 54 63 87 67
3 61 25 67
3 22 20 58
5 71 54 20 59 87
3 53 59 20
3 26 22 79
5 22 58 91 66 26
3 63 83 26
3 71 22 81
3 69 71 54
3 73 63 54
3 53 79 69
3 73 79 61
5 59 81 71 69 53
3 53 91 66
3 69 67 83
5 61 67 83 63 73
3 61 58 91
3 66 87 71
3 73 81 59
3 63 87 58
3 67 59 87
3 81 83 91
3 7 25 45
3 9 64 7
5 7 45 19 90 64
3 10 7 58
5 67 25 45 60 90
3 55 67 25
3 25 15 28
3 9 48 79
5 48 19 92 64 9
3 9 15 91
3 73 45 60
3 45 19 48
3 55 73 79
3 10 28 79
5 79 73 92 94 48
5 73 55 67 94 60
3 58 91 55
5 10 58 91 15 28
3 10 92 19
3 73 64 92
3 48 94 67
3 64 90 67
3 28 94 60
3 60 90 58
3 15 90 19
3 91 92 94
3 4 21 0
5 21 0 49 96 18
3 0 34 24
5 0 24 96 89 4
3 72 0 49
3 37 46 8
5 8 52 97 16 37
3 13 21 8
5 13 8 46 86 97
3 49 52 8
5 37 72 95 52 34
3 34 37 56
5 46 95 97 56 37
3 72 37 16
5 21 4 86 96 13
3 16 18 21
5 56 89 95 24 34
3 52 34 18
3 46 4 86
3 46 24 95
3 56 89 4
3 24 13 96
5 49 52 18 16 72
3 49 96 86
3 89 95 72
3 56 97 13
3 95 97 52
3 86 97 16
3 18 89 96
3 0 2 21
5 66 0 2 32 96
3 35 0 49
3 53 0 66
3 29 2 26
5 29 2 21 15 96
3 28 2 32
3 26 79 9
5 15 98 29 26 9
5 26 79 28 98 84
3 66 26 84
3 9 15 21
3 12 18 21
5 79 12 98 93 9
3 9 93 49
3 35 12 79
5 35 79 53 93 84
5 12 35 49 93 18
3 32 84 35
3 53 79 28
5 32 84 66 53 28
3 18 93 53
3 49 96 29
3 12 29 98
3 66 15 96
3 28 98 15
3 32 96 18
3 84 98 93
3 37 54 34
5 37 54 50 95 67
3 38 37 72
3 48 37 67
5 54 34 68 95 71
3 34 52 35
3 53 68 34
3 55 54 71
3 65 50 54
3 38 79 35
5 38 72 93 52 35
3 50 83 38
3 71 35 84
3 53 79 55
3 65 79 48
5 71 55 53 68 84
3 55 83 67
3 72 93 53
3 72 95 71
5 65 48 67 83 50
3 48 52 93
3 65 68 84
3 52 95 50
3 67 68 95
3 83 93 84
3 37 45 8
3 8 51 9
5 51 8 45 19 97
3 12 8 52
5 45 37 67 97 70
3 69 37 67
3 40 16 37
3 9 61 79
5 51 98 19 61 9
3 16 9 93
3 45 19 61
3 45 70 65
3 65 69 79
5 65 98 94 61 79
3 12 79 40
5 69 65 70 94 67
3 52 93 69
3 67 94 61
5 12 52 93 16 40
3 19 98 12
3 65 98 51
3 40 94 70
3 67 51 97
3 70 97 52
3 16 19 97
3 93 98 94
3 3 22 0
5 66 0 22 76 99
5 23 0 4 88 76
3 0 49 23
5 3 88 99 49 0
3 0 66 4
3 7 9 26
5 7 26 74 100 58
5 7 9 86 100 41
5 7 4 86 74 23
3 7 41 23
3 4 7 58
3 26 80 22
5 9 91 100 80 26
3 66 26 74
5 22 80 99 91 3
3 58 76 22
3 9 3 91
3 49 86 9
5 41 88 86 49 23
3 74 23 76
3 3 88 41
5 74 66 4 58 76
3 88 4 86
3 49 99 80
3 41 100 80
3 91 99 66
3 58 91 100
3 74 86 100
3 76 99 88
3 1 23 0
3 0 4 20
3 72 0 71
3 11 1 37
5 11 88 75 23 1
3 43 1 42
3 27 54 20
5 27 76 87 4 20
3 43 59 20
3 46 54 37
5 37 59 101 42 54
5 11 37 46 75 101
3 59 37 72
5 27 54 46 87 101
3 42 54 71
3 23 75 46
3 23 76 27
3 46 87 4
3 11 4 88
5 42 71 72 59 43
3 71 76 87
3 11 101 27
3 72 88 75
3 42 101 75
3 59 87 101
3 76 88 43
3 8 23 7
3 4 25 7
3 63 7 64
3 8 37 6
5 8 6 86 75 23
3 50 8 51
3 25 54 24
5 25 4 87 74 24
3 51 67 25
3 37 54 36
5 36 37 6 95 75
3 67 37 64
5 54 36 87 95 24
3 63 54 50
3 36 75 23
3 24 23 74
3 4 87 36
3 6 4 86
3 24 95 6
5 50 63 64 67 51
3 74 87 63
3 50 75 95
3 75 86 64
3 67 87 95
3 74 86 51
3 0 35 22
5 35 77 99 72 0
3 36 72 0
3 24 66 0
5 35 22 81 99 84
3 55 81 22
3 30 76 22
3 54 55 69
5 55 54 30 102 87
3 36 54 42
5 69 54 42 102 95
3 30 54 24
3 69 84 35
3 42 77 35
5 69 84 102 81 55
3 55 87 66
5 36 42 77 95 72
3 36 87 76
3 72 69 95
5 30 76 87 66 24
3 24 77 95
3 72 81 99
3 66 99 84
3 81 102 42
3 30 102 84
3 77 99 76
3 95 102 87
3 26 47 7
3 46 64 7
5 64 7 47 78 100
3 27 7 58
3 55 83 26
5 26 83 100 82 47
3 30 74 26
3 54 73 55
3 46 54 50
5 50 54 73 101 102
3 27 30 54
5 55 83 102 82 73
3 58 87 55
5 50 46 64 101 78
3 74 87 46
3 47 82 73
3 50 47 78
3 64 101 73
5 30 74 87 58 27
3 78 101 27
3 50 102 83
3 83 100 64
3 58 100 82
3 30 102 82
3 78 100 74
3 101 102 87
3 7 21 4
5 41 7 21 19 103
3 7 27 45
5 4 7 27 103 90
3 64 7 41
3 37 36 1
5 1 44 104 16 37
3 1 21 14
5 14 1 36 88 104
3 44 1 41
5 45 37 64 101 44
3 45 56 37
5 36 101 104 56 37
3 64 16 37
5 21 14 103 88 4
3 19 21 16
5 56 45 27 101 90
3 19 45 44
3 4 88 36
3 56 4 90
3 27 101 36
3 27 103 14
5 19 44 41 64 16
3 41 103 88
3 64 101 90
3 14 104 56
3 16 104 88
3 101 104 44
3 90 103 19
3 7 21 2
5 58 7 2 33 103
3 7 41 47
3 61 7 58
5 2 21 17 103 31
3 22 31 2
3 28 2 33
3 3 21 17
3 19 21 12
3 3 22 79
5 22 3 17 105 31
5 79 22 82 105 28
3 58 82 22
5 3 79 12 105 92
3 41 92 3
5 79 47 82 92 61
3 47 12 79
3 28 79 61
5 12 47 41 92 19
3 47 82 33
5 58 61 28 33 82
3 19 92 61
3 31 105 12
3 41 31 103
3 17 105 28
3 58 103 17
3 33 103 19
3 82 105 92
3 45 54 37
3 38 64 37
3 40 59 37
5 45 60 101 63 54
3 55 63 54
3 57 42 54
3 47 38 79
5 38 47 44 92 64
3 42 81 38
3 45 44 47
3 61 45 60
3 55 61 79
3 40 79 57
5 55 61 60 82 63
3 55 81 59
3 63 47 82
3 61 92 64
3 64 101 63
5 57 40 59 81 42
3 44 92 40
3 60 82 57
3 42 101 44
3 59 60 101
3 81 92 82
3 37 1 34
5 34 1 43 104 18
3 1 43 3
3 12 44 1
5 37 59 104 70 34
3 59 37 73
3 37 16 48
3 53 34 18
3 57 70 34
3 53 79 3
5 18 105 43 3 53
3 16 3 92
5 53 79 57 105 94
3 57 79 73
3 48 79 12
3 53 94 59
5 70 94 59 73 57
3 73 92 44
5 44 92 16 48 12
3 70 94 48
3 12 105 18
3 57 43 105
3 43 104 59
3 16 104 18
3 70 104 44
3 94 105 92
3 0 23 2
3 0 34 6
5 0 23 77 96 6
3 71 0 66
3 13 25 2
3 25 54 46
5 54 25 68 106 30
5 25 13 106 74 46
3 66 25 68
5 13 96 74 23 2
3 30 32 2
3 39 54 34
5 34 6 95 77 39
3 68 34 32
5 54 39 106 95 46
3 30 54 71
3 46 74 23
3 39 23 77
3 46 95 6
3 13 6 96
5 32 68 66 71 30
3 71 77 95
3 13 106 39
3 66 96 74
3 74 106 30
3 68 106 95
3 77 96 32
3 26 51 25
3 25 45 54
5 25 45 33 106 51
3 28 25 68
3 47 79 26
5 26 47 33 98 51
3 30 84 26
5 50 54 45 70 106
3 69 54 50
3 57 54 30
3 47 45 33
3 48 70 45
5 79 47 85 98 48
3 69 79 48
3 57 79 28
3 50 47 85
5 48 69 50 85 70
3 69 68 84
3 51 98 48
3 50 51 106
5 28 57 30 84 68
3 33 98 28
3 57 70 85
3 30 106 33
3 70 106 68
3 85 98 84
3 0 62 23
3 5 35 0
5 62 0 5 96 99
3 6 0 72
3 8 38 9
5 8 38 75 107 52
5 9 86 107 29 8
3 29 8 23
3 8 52 6
5 9 38 80 107 93
3 38 80 35
3 38 75 72
3 9 93 5
3 62 9 86
5 29 96 86 62 23
3 77 23 75
5 35 80 99 93 5
3 52 35 77
3 29 5 96
5 6 72 75 77 52
3 86 96 6
3 80 62 99
3 72 93 99
3 29 80 107
3 52 93 107
3 86 107 75
3 77 96 99
3 8 47 38
3 51 8 46
5 47 78 107 51 8
3 8 52 39
3 46 63 54
3 65 69 54
5 65 106 102 63 54
3 39 42 54
5 47 85 107 83 38
3 69 83 38
3 42 38 75
5 46 63 78 106 51
3 46 95 75
3 63 78 47
3 47 85 65
5 69 65 85 102 83
3 69 95 52
3 83 102 63
3 65 106 51
5 42 75 95 52 39
3 39 78 106
3 42 102 85
3 51 107 83
3 85 107 52
3 75 78 107
3 95 102 106
3 3 53 0
5 71 0 53 89 99
3 36 71 0
3 6 0 49
3 38 69 37
5 37 38 75 108 16
3 36 37 59
5 37 69 95 108 59
3 16 37 6
3 3 81 38
5 81 38 69 93 108
3 38 75 49
5 53 93 99 81 3
3 16 88 3
3 53 93 69
3 59 89 53
5 36 59 89 95 71
3 36 88 75
3 69 95 71
5 16 88 75 49 6
3 89 6 95
3 71 99 81
3 49 99 93
3 81 108 59
3 16 93 108
3 75 95 108
3 88 99 89
3 9 7 61
3 7 63 46
5 63 7 61 90 100
3 11 41 7
3 37 73 38
3 46 37 67
5 73 37 67 108 101
3 11 16 37
3 38 83 9
5 83 38 73 92 108
3 41 38 75
5 61 92 100 83 9
3 16 86 9
5 46 67 90 101 63
3 46 86 75
3 61 92 73
3 67 90 61
3 73 101 63
5 16 86 75 41 11
3 90 101 11
3 63 100 83
3 92 100 41
3 67 108 83
3 92 108 16
3 75 101 108
3 90 100 86
3 8 21 6
5 29 8 21 19 109
3 8 45 39
5 6 97 109 39 8
3 51 8 29
3 25 2 24
5 15 25 2 33 110
3 25 56 45
5 24 25 56 110 106
3 51 25 15
3 14 2 21
5 14 110 96 24 2
3 33 2 29
5 21 6 96 109 14
3 15 21 19
5 56 45 39 106 97
3 33 19 45
3 24 96 6
3 56 6 97
3 24 106 39
3 39 109 14
3 14 110 56
5 15 51 29 33 19
3 29 109 96
3 51 97 106
3 96 110 15
3 106 110 33
3 97 109 19
3 8 1 21
5 8 52 109 44 1
3 47 8 29
3 48 8 52
5 21 18 109 31 1
3 31 1 35
3 44 1 40
3 5 18 21
3 10 21 19
3 5 79 35
5 79 40 105 85 35
5 18 105 31 35 5
3 52 85 35
3 10 47 79
5 10 79 5 98 105
3 48 79 40
5 47 10 19 98 29
3 47 85 44
3 29 98 5
3 31 105 10
5 48 40 44 85 52
3 19 48 98
3 40 105 18
3 29 109 31
3 52 18 109
3 44 109 19
3 85 105 98
3 25 20 2
5 25 68 110 60 20
3 61 15 25
3 65 68 25
5 20 17 110 32 2
3 5 32 2
3 10 33 2
3 17 20 53
3 60 20 57
3 5 53 79
3 10 61 79
3 57 79 65
5 32 105 17 53 5
3 68 94 53
3 15 98 5
5 10 61 15 98 33
3 60 94 61
3 10 105 17
5 60 94 68 65 57
3 65 33 98
3 57 105 32
3 15 17 110
3 68 110 32
3 33 110 60
3 94 98 105
3 2 23 7
5 11 7 23 78 103
3 7 45 11
3 58 7 63
3 14 2 20
5 23 2 14 103 76
3 30 33 2
3 54 36 20
5 20 60 111 30 54
5 36 20 14 111 76
3 60 20 58
3 39 54 45
5 36 101 111 39 54
3 63 30 54
3 23 76 36
3 39 78 23
5 39 78 101 11 45
3 33 60 45
3 11 36 101
3 14 11 103
5 58 60 33 30 63
3 78 63 101
3 39 111 14
3 58 76 103
3 30 111 76
3 78 103 33
3 101 111 60
3 34 20 54
5 34 32 111 43 20
3 20 43 22
3 28 60 20
5 34 70 111 42 54
3 34 32 35
3 34 70 40
3 22 79 35
5 43 105 32 35 22
3 30 22 82
3 73 42 54
3 54 30 65
3 42 85 35
3 73 79 40
3 28 79 65
5 70 85 42 73 40
3 60 82 73
5 28 65 30 82 60
3 65 85 70
3 40 105 43
3 32 105 28
3 42 43 111
3 30 32 111
3 70 111 60
3 85 105 82
3 23 62 7
3 10 47 7
5 62 7 10 103 100
3 7 64 11
3 3 38 1
5 38 1 44 112 75
3 23 1 31
5 31 1 3 88 112
3 11 44 1
5 3 92 112 80 38
3 47 38 80
3 64 38 75
5 62 23 31 103 88
3 75 78 23
3 3 88 62
3 3 92 10
5 47 80 100 92 10
3 44 47 78
3 80 100 62
3 31 103 10
5 11 64 75 78 44
3 88 103 11
3 64 100 92
3 31 80 112
3 44 92 112
3 75 112 88
3 78 103 100
3 35 1 38
5 1 35 77 112 43
3 43 1 36
3 39 1 44
3 36 71 54
5 54 57 111 102 71
3 54 57 73
3 39 54 50
5 81 38 35 85 112
3 38 81 73
3 38 75 50
3 35 77 71
3 57 35 85
5 36 43 111 77 71
3 75 101 36
3 81 102 71
5 73 81 102 85 57
3 44 101 73
5 75 50 39 44 101
3 85 102 50
3 39 111 77
3 43 111 57
3 43 112 81
3 85 112 44
3 75 77 112
3 101 111 102
3 4 62 0
3 0 53 5
3 24 71 0
3 25 26 55
5 25 26 74 113 15
5 25 55 87 113 68
3 15 25 4
3 25 68 24
5 26 84 113 91 55
3 5 26 84
3 26 74 62
3 55 91 53
3 55 87 71
5 62 4 15 96 74
3 89 87 4
5 53 91 99 84 5
3 53 89 68
3 15 96 5
3 62 99 91
5 87 71 24 68 89
3 84 71 99
3 74 96 24
3 15 113 91
3 74 113 87
3 68 113 84
3 96 99 89
3 55 61 25
3 46 25 51
5 61 90 113 51 25
3 25 68 56
3 37 64 46
3 37 69 48
5 37 48 97 108 64
3 56 37 59
3 55 83 69
5 61 94 113 83 55
3 55 87 59
5 51 97 90 64 46
3 87 95 46
5 69 83 108 94 48
3 68 95 69
3 61 94 48
3 64 61 90
3 51 48 97
3 64 108 83
3 51 83 113
5 59 56 68 95 87
3 90 97 56
3 59 94 108
3 94 113 68
3 87 113 90
3 95 97 108
3 9 8 48
3 46 8 50
5 48 97 107 50 8
3 13 8 29
3 25 65 26
3 25 67 46
5 67 25 65 106 113
3 13 25 15
3 26 83 9
5 65 98 113 83 26
3 29 74 26
5 48 98 107 83 9
3 9 86 15
5 50 46 67 97 106
3 46 86 74
3 65 48 98
3 48 97 67
3 50 65 106
5 15 86 74 29 13
3 97 106 13
3 83 107 50
3 29 107 98
3 83 67 113
3 15 98 113
3 74 106 113
3 86 107 97
3 11 21 1
3 39 1 34
5 11 1 39 109 104
3 31 43 1
3 20 2 27
3 2 21 13
5 2 27 103 110 13
3 31 2 32
3 56 20 34
5 20 56 110 111 27
3 43 20 17
5 13 21 11 103 109
3 18 21 17
5 56 34 39 111 104
3 18 34 32
3 27 103 11
3 11 104 56
3 39 111 27
3 39 13 109
3 56 110 13
5 17 43 31 32 18
3 103 109 31
3 104 111 43
3 17 103 110
3 32 110 111
3 104 109 18
3 23 8 49
5 8 23 78 109 13
3 8 47 12
5 49 8 12 109 107
3 13 8 51
3 5 2 26
5 2 33 114 74 26
3 31 2 23
5 5 96 114 31 2
3 13 2 33
3 47 80 26
5 26 80 114 98 5
3 51 74 26
5 23 49 96 109 31
3 78 23 74
5 47 12 98 107 80
3 33 78 47
3 49 5 96
3 12 98 5
3 49 107 80
3 31 109 12
5 13 51 74 78 33
3 96 109 13
3 98 107 51
3 80 114 31
3 74 114 96
3 33 114 98
3 107 109 78
3 22 2 26
5 22 76 114 32 2
3 24 32 2
3 27 2 33
5 22 26 84 114 82
3 26 74 63
3 26 84 65
3 71 76 22
3 22 82 57
3 24 71 54
5 27 111 106 24 54
3 27 63 54
3 54 65 57
5 76 71 24 32 111
3 71 102 84
3 24 106 74
5 74 63 27 33 106
3 82 102 63
3 76 111 27
5 65 57 82 102 84
3 65 106 33
3 57 111 32
3 74 76 114
3 32 114 84
3 33 82 114
3 102 111 106
3 8 1 23
3 13 8 45
3 50 52 8
3 14 34 1
5 1 14 109 77 23
3 44 1 42
3 34 24 54
5 14 34 24 77 111
3 52 34 70
3 27 54 45
3 50 42 54
3 24 77 23
3 27 78 23
5 45 27 78 106 13
3 70 45 44
3 13 106 24
3 14 111 27
3 13 109 14
5 44 70 52 50 42
3 78 106 50
3 42 77 111
3 52 77 109
3 78 109 44
3 106 111 70
3 4 7 62
3 10 61 7
3 7 63 27
3 20 55 22
5 22 20 17 115 76
5 55 87 115 60 20
3 17 20 4
3 27 60 20
5 22 82 115 91 55
3 62 22 76
3 10 22 82
3 61 91 55
3 63 55 87
5 17 4 62 76 103
3 87 90 4
3 91 100 62
5 61 91 100 82 10
3 60 61 90
3 10 103 17
5 27 60 90 87 63
3 82 100 63
3 76 103 27
3 91 115 17
3 87 115 76
3 82 115 60
3 103 100 90
3 55 20 53
5 53 89 115 43 20
3 43 20 36
3 56 60 20
3 36 72 37
3 37 73 40
5 37 40 104 108 72
3 67 37 56
5 55 53 94 115 81
3 55 81 73
3 55 87 67
3 72 53 89
3 40 94 53
5 72 36 43 104 89
3 87 36 101
5 40 94 108 81 73
3 73 101 60
3 72 108 81
3 40 104 43
5 60 101 87 67 56
3 67 108 94
3 89 104 56
3 43 81 115
3 94 115 60
3 87 115 89
3 101 108 104
3 51 26 9
3 63 55 26
5 51 26 63 100 113
3 26 84 80
3 9 38 64
3 38 69 50
5 50 107 108 64 38
3 81 38 80
5 51 107 100 64 9
3 91 9 93
3 67 55 69
5 67 55 63 102 113
3 55 91 81
5 67 108 102 50 69
3 84 93 69
3 63 102 50
3 64 63 100
3 50 107 51
3 67 64 108
3 51 113 67
5 80 81 91 93 84
3 100 107 80
3 102 108 81
3 91 113 100
3 84 113 102
3 93 108 107
3 3 1 40
3 42 1 36
5 42 1 40 104 112
3 14 31 1
3 20 57 22
3 59 20 36
5 59 20 57 111 115
3 14 20 17
3 3 81 22
5 81 22 57 105 115
3 31 76 22
5 3 81 112 105 40
3 3 88 17
5 36 42 111 104 59
3 36 88 76
3 57 105 40
3 59 40 104
3 42 111 57
5 14 31 76 88 17
3 14 104 111
3 81 42 112
3 105 112 31
3 59 115 81
3 105 115 17
3 111 115 76
3 104 112 88
3 41 1 23
3 1 35 12
5 1 41 112 109 12
3 14 43 1
3 10 22 2
3 29 2 23
5 2 29 114 103 10
3 14 2 32
3 22 80 35
5 22 80 114 105 10
3 43 22 76
5 29 109 103 41 23
3 76 77 23
5 35 80 112 105 12
3 35 77 32
3 12 105 10
3 41 103 10
3 29 12 109
3 80 112 41
5 14 32 77 76 43
3 103 109 14
3 80 114 29
3 105 112 43
3 105 114 32
3 76 103 114
3 77 112 109
5 13 25 4 90 110
3 4 25 66
3 25 61 28
3 25 51 13
5 28 110 113 66 25
3 9 21 5
5 9 21 19 116 86
3 4 21 17
5 5 96 116 17 21
3 13 21 19
5 91 9 5 98 116
3 61 91 9
3 9 86 51
5 4 66 96 110 17
3 90 4 86
3 66 5 96
3 28 5 98
5 28 98 113 91 61
3 19 61 90
5 13 19 90 86 51
3 96 13 110
3 91 66 113
3 28 110 17
3 51 113 98
3 17 116 91
3 86 96 116
3 19 116 98
3 90 113 110
5 37 11 104 97 6
3 6 37 72
3 37 64 11
3 37 40 48
3 3 9 21
5 3 88 116 18 21
3 6 21 18
3 11 21 19
5 3 92 116 93 9
3 48 93 9
3 64 9 86
3 72 3 88
3 40 92 3
5 6 72 88 104 18
3 86 6 97
5 11 64 86 97 19
3 11 104 88
5 93 48 40 92 108
3 19 97 48
3 93 72 108
3 40 104 18
3 64 108 92
3 18 93 116
3 86 116 88
3 92 116 19
3 108 97 104
3 25 4 20
3 25 45 13
3 67 25 68
3 14 20 34
5 4 20 14 110 89
3 60 20 59
3 37 34 6
3 37 45 11
3 67 37 59
5 6 34 14 104 89
3 68 70 34
5 45 11 90 97 13
3 60 45 70
3 6 4 89
3 11 90 4
3 6 97 13
3 11 104 14
3 13 110 14
5 67 59 60 70 68
3 67 97 90
3 59 89 104
3 68 89 110
3 60 110 90
3 70 97 104
3 8 49 6
3 12 8 48
3 39 8 50
3 34 69 35
5 18 34 35 77 117
5 69 95 117 70 34
3 6 18 34
3 34 70 39
5 69 93 117 85 35
3 49 77 35
3 35 85 12
3 48 93 69
3 50 69 95
5 18 109 77 49 6
3 95 97 6
3 93 49 107
5 12 85 107 93 48
3 70 48 97
3 18 12 109
5 50 95 97 70 39
3 85 107 50
3 39 109 77
3 93 117 18
3 77 95 117
3 85 117 70
3 97 109 107
3 24 25 66
3 25 65 28
3 56 67 25
3 53 69 34
5 53 34 32 117 89
3 32 34 24
3 56 70 34
5 69 53 94 117 84
3 66 53 89
3 53 94 28
3 69 84 65
3 67 69 95
5 32 24 66 89 110
3 95 106 24
5 65 28 94 113 84
3 70 106 65
3 84 113 66
3 28 110 32
5 56 70 106 95 67
3 94 67 113
3 89 110 56
3 32 117 84
3 70 94 117
3 95 117 89
3 106 110 113
3 3 22 43
3 22 71 55
5 22 71 99 115 43
3 80 22 82
3 38 72 3
3 38 42 73
5 42 38 72 108 112
3 80 83 38
5 72 3 43 112 99
3 91 3 92
5 71 55 59 115 102
3 55 73 59
3 83 91 55
3 72 99 71
3 42 71 102
5 59 108 102 42 73
3 82 92 73
3 72 108 59
3 43 112 42
3 43 115 59
5 80 82 92 91 83
3 102 108 83
3 80 112 99
3 91 99 115
3 82 115 102
3 92 108 112
3 5 2 28
3 30 2 24
5 30 2 28 110 114
3 2 31 14
3 34 35 57
3 24 68 34
5 57 34 68 117 111
3 14 18 34
3 5 35 84
5 35 57 105 117 84
3 31 35 77
5 5 84 114 105 28
3 18 5 96
5 30 24 68 110 111
3 77 96 24
3 28 57 105
3 28 110 68
3 30 111 57
5 31 14 18 96 77
3 110 111 14
3 84 114 30
3 31 105 114
3 84 117 68
3 105 117 18
3 77 117 111
3 110 114 96
3 4 20 58
3 20 53 28
5 20 58 115 110 28
3 14 43 20
3 10 3 21
3 15 21 4
5 10 103 116 15 21
3 18 21 14
3 3 91 53
5 3 10 105 116 91
3 3 88 43
5 15 110 103 58 4
3 89 88 4
5 53 28 105 115 91
3 53 89 18
3 10 105 28
3 10 103 58
3 15 110 28
5 18 89 88 43 14
3 103 110 14
3 91 115 58
3 91 15 116
3 105 115 43
3 105 116 18
3 88 103 116
3 89 115 110
3 26 66 62
5 29 26 62 100 114
3 26 63 30
5 30 26 66 113 114
3 26 51 29
3 23 46 24
5 46 86 118 78 23
3 23 76 62
5 76 23 24 96 118
3 29 78 23
5 46 24 106 118 87
3 46 87 63
3 46 51 86
5 66 96 114 76 62
3 86 100 62
3 24 96 66
3 24 106 30
5 63 30 106 113 87
3 63 100 78
3 87 113 66
5 29 78 100 86 51
3 29 114 96
3 106 113 51
3 76 114 30
3 87 118 76
3 96 118 86
3 78 118 106
3 100 114 113
3 49 38 72
5 41 112 107 49 38
3 41 38 64
3 42 50 38
3 23 46 36
5 77 23 36 88 118
3 49 77 23
3 23 78 41
5 36 101 118 95 46
3 50 95 46
3 46 64 86
3 36 88 72
3 42 101 36
5 49 77 112 88 72
3 86 49 107
3 95 108 72
5 64 86 107 78 41
3 88 41 112
5 50 95 108 101 42
3 78 50 107
3 101 64 108
3 77 112 42
3 86 88 118
3 77 118 95
3 78 101 118
3 107 112 108
3 22 62 26
3 29 47 26
3 84 26 83
3 31 35 22
5 22 31 114 99 62
3 81 22 82
3 38 49 35
3 38 41 47
3 81 38 83
5 31 112 99 49 35
3 84 35 85
5 41 47 29 107 100
3 82 47 85
3 49 99 62
3 41 100 62
3 29 49 107
3 41 112 31
3 31 29 114
5 84 83 81 82 85
3 83 100 107
3 81 99 112
3 99 114 84
3 100 114 82
3 85 112 107
3 1 41 11
3 12 40 1
3 39 1 42
3 45 47 73
5 19 45 47 78 119
5 73 45 70 119 101
3 11 19 45
3 45 70 39
5 73 92 119 85 47
3 12 85 47
3 41 47 78
3 73 92 40
3 42 73 101
5 11 41 78 109 19
3 101 11 104
5 12 85 112 92 40
3 19 109 12
3 41 112 92
3 70 104 40
5 42 39 70 104 101
3 39 109 78
3 42 112 85
3 19 92 119
3 85 119 70
3 101 119 78
3 104 109 112
3 27 20 58
3 20 57 28
3 56 59 20
3 61 73 45
5 33 45 61 90 119
3 33 45 27
3 45 70 56
5 73 61 94 119 82
3 61 94 28
3 58 90 61
3 57 73 82
3 59 73 101
5 27 58 90 110 33
3 101 27 111
5 28 57 82 115 94
3 28 110 33
3 70 111 57
3 58 115 82
5 101 59 56 70 111
3 90 110 56
3 94 115 59
3 82 119 33
3 94 119 70
3 101 119 90
3 111 110 115
3 5 66 26
3 26 65 30
3 80 26 83
3 32 5 35
3 35 71 69
5 32 35 71 99 117
3 35 85 80
5 32 5 66 99 114
3 93 5 98
5 68 117 102 71 69
3 65 69 68
3 69 93 83
3 66 71 99
3 71 102 30
5 65 68 113 102 30
3 65 85 98
3 68 113 66
3 32 30 114
5 83 80 85 98 93
3 102 113 83
3 99 114 80
3 32 68 117
3 93 117 99
3 85 102 117
3 113 114 98
3 2 28 10
3 27 2 30
3 2 29 13
3 47 65 45
3 60 45 27
5 60 45 65 106 119
3 19 45 13
3 10 82 47
5 65 98 119 82 47
3 29 47 78
5 10 28 98 114 82
3 19 103 10
5 30 106 110 60 27
3 27 78 103
3 28 65 98
3 30 65 106
5 13 29 78 103 19
3 106 13 110
3 28 110 60
3 98 114 29
3 82 114 30
3 82 60 119
3 98 119 19
3 78 119 106
3 103 110 114
3 5 21 12
3 6 16 21
5 12 109 116 16 21
3 14 17 21
3 34 53 40
3 6 34 52
5 40 104 117 52 34
3 32 34 14
3 53 93 5
5 53 40 105 117 93
3 17 53 89
5 12 5 93 116 105
3 5 96 32
5 6 52 109 104 16
3 89 96 6
3 12 105 40
3 52 109 12
3 16 104 40
5 17 89 96 32 14
3 14 104 109
3 93 52 117
3 93 16 116
3 17 105 116
3 32 117 105
3 89 104 117
3 96 109 116
3 22 62 58
3 22 71 30
5 30 114 115 58 22
3 31 43 22
3 27 36 23
3 23 74 62
5 27 23 74 118 103
3 23 77 31
3 71 87 36
5 27 36 87 118 111
3 43 88 36
5 62 74 114 103 58
3 88 62 99
5 87 71 30 111 115
3 71 99 77
3 27 103 58
3 27 111 30
3 87 58 115
3 74 30 114
5 43 88 99 77 31
3 31 103 114
3 43 111 115
3 87 74 118
3 77 111 118
3 103 118 88
3 99 114 115
3 49 62 9
5 15 116 100 62 9
5 16 9 49 107 116
3 9 16 64
3 15 51 9
3 6 4 46
5 4 90 118 74 46
5 6 97 118 75 46
3 46 64 75
3 46 74 51
5 6 4 88 118 96
3 62 88 4
3 15 90 4
3 49 96 6
3 6 97 16
5 62 49 96 116 88
3 74 100 62
3 75 107 49
5 64 75 107 97 16
3 90 100 64
5 15 90 100 74 51
3 51 97 107
3 15 116 96
3 88 116 16
3 74 118 96
3 88 118 75
3 90 97 118
3 100 116 107
3 55 71 66
3 58 63 55
5 58 55 66 113 115
3 55 67 59
3 36 46 4
3 46 63 74
3 46 67 95
5 4 36 76 118 89
3 66 89 4
3 58 90 4
3 71 76 36
3 59 101 36
5 66 71 76 115 89
3 71 102 95
5 63 74 113 90 58
3 101 102 63
3 74 113 66
3 76 115 58
5 67 59 101 102 95
3 67 113 90
3 59 115 89
3 76 74 118
3 95 89 118
3 101 118 90
3 102 113 115
3 9 62 3
3 15 61 9
3 83 93 9
3 17 3 53
5 3 17 116 99 62
3 81 92 3
3 55 53 66
3 55 61 58
3 55 83 81
5 17 53 66 99 115
3 93 53 94
3 66 62 99
3 58 100 62
5 61 58 100 113 15
3 92 61 94
3 66 113 15
3 17 115 58
3 15 116 17
5 81 83 93 94 92
3 83 100 113
3 81 99 115
3 99 116 93
3 92 116 100
3 113 115 94
3 40 57 34
3 39 52 34
3 56 34 68
3 45 48 65
5 48 97 119 44 45
3 39 44 45
3 56 60 45
5 65 48 94 119 85
3 40 94 48
3 48 97 52
3 57 85 65
3 65 106 68
5 57 40 94 117 85
3 44 40 104
5 39 52 97 104 44
3 39 106 111
3 60 111 57
5 56 68 106 111 60
3 56 104 97
3 52 117 85
3 85 44 119
3 68 117 94
3 94 119 60
3 106 119 97
3 104 117 111
3 10 58 22
3 22 57 30
3 80 81 22
3 33 47 10
3 47 63 73
5 47 33 119 100 63
3 47 85 80
5 33 114 100 58 10
3 10 105 92
5 73 63 102 119 60
3 60 57 73
3 81 73 92
3 63 100 58
3 30 102 63
5 57 60 115 102 30
3 85 105 57
3 60 58 115
3 30 114 33
5 80 81 92 105 85
3 100 114 80
3 102 115 81
3 60 119 33
3 100 119 92
3 102 119 85
3 105 114 115
3 9 49 5
3 9 16 48
3 9 83 91
3 5 53 18
3 53 69 72
5 53 72 99 117 18
3 53 94 91
5 5 49 99 116 18
3 84 5 98
3 52 69 48
5 69 72 108 117 52
3 84 69 83
3 72 99 49
3 52 49 107
5 52 107 108 16 48
3 94 48 98
3 72 108 16
3 18 117 52
5 84 83 91 94 98
3 83 108 107
3 18 16 116
3 91 99 116
3 84 99 117
3 107 116 98
3 108 117 94
3 10 12 21
3 11 21 16
3 13 21 15
3 45 61 48
3 11 44 45
3 33 45 13
3 10 61 92
5 61 92 119 98 48
3 61 90 15
5 12 10 92 116 98
3 33 103 10
5 11 44 109 97 16
3 90 103 11
3 12 98 48
3 48 97 16
3 44 12 109
5 15 90 103 33 13
3 97 13 109
3 98 116 15
3 92 116 16
3 92 119 44
3 33 119 98
3 90 97 119
3 103 116 109
3 24 39 23
3 49 23 75
5 39 109 118 75 23
3 31 23 76
3 42 71 35
3 49 35 52
5 42 35 52 117 112
3 31 32 35
3 24 71 95
5 42 111 117 95 71
3 76 99 71
5 39 111 118 95 24
3 24 96 32
5 49 75 112 109 52
3 49 96 99
3 39 42 111
3 39 52 109
3 75 42 112
5 31 76 99 96 32
3 31 109 112
3 95 52 117
3 32 111 117
3 95 118 75
3 111 118 76
3 109 118 96
3 112 117 99
3 3 62 41
3 3 16 72
5 16 116 112 41 3
3 17 43 3
3 11 4 36
3 4 86 62
5 4 86 118 103 11
3 17 89 4
5 36 75 118 104 11
3 36 72 75
3 36 43 76
5 86 62 41 103 116
3 62 99 76
3 11 103 41
3 16 11 104
5 72 16 104 112 75
3 89 99 72
3 75 41 112
5 43 76 99 89 17
3 43 112 104
3 16 116 86
3 17 116 103
3 86 118 75
3 76 103 118
3 89 118 104
3 112 116 99
3 6 24 46
3 50 75 46
3 67 87 46
3 72 71 69
3 52 50 69
3 67 69 68
5 6 24 77 118 89
3 72 89 6
3 52 97 6
3 71 77 24
5 72 71 77 117 89
3 87 71 102
3 68 106 24
3 75 72 108
5 50 75 108 97 52
3 50 102 106
5 67 87 102 106 68
3 97 108 67
3 77 117 52
3 89 68 117
3 75 118 77
3 89 118 87
3 97 118 106
3 102 108 117
3 12 52 35
3 35 57 42
3 35 84 80
3 44 47 12
3 50 65 47
5 47 50 107 119 44
3 82 47 80
5 12 52 107 112 44
3 12 98 105
5 65 70 119 102 50
3 70 65 57
3 84 98 65
3 42 102 50
3 52 107 50
5 57 42 102 117 70
3 82 105 57
3 42 112 44
3 52 117 70
5 82 105 98 84 80
3 107 112 80
3 44 119 70
3 84 102 117
3 102 119 82
3 98 107 119
3 105 117 112
3 3 10 41
3 16 40 3
3 81 91 3
3 19 61 10
3 64 73 61
5 64 61 19 119 100
3 91 61 94
5 19 116 100 41 10
3 10 105 82
3 40 73 44
5 44 73 64 108 119
3 81 73 82
3 64 100 41
3 44 112 41
5 16 40 44 112 108
3 40 105 94
3 16 64 108
3 16 116 19
3 19 119 44
5 81 82 105 94 91
3 108 112 81
3 91 100 116
3 100 119 82
3 94 108 119
3 105 112 116
3 23 39 27
3 23 75 41
3 29 23 74
3 50 63 47
3 41 47 44
3 33 47 29
3 27 101 63
5 63 101 119 106 50
3 74 63 100
5 106 39 27 101 118
3 27 103 33
5 41 75 107 109 44
3 41 103 100
3 50 106 39
3 75 107 50
3 44 109 39
5 74 29 33 103 100
3 107 109 29
3 106 74 118
3 101 44 119
3 75 118 101
3 106 119 33
3 103 109 118
3 100 119 107
3 4 56 6
3 66 87 4
5 4 87 118 110 56
3 17 88 4
3 53 59 72
3 68 66 53
5 59 115 117 68 53
3 17 53 18
3 72 6 95
5 6 95 118 104 56
3 18 6 96
5 72 95 117 104 59
3 88 99 72
5 68 110 115 87 66
3 66 96 99
3 59 104 56
3 68 110 56
3 87 115 59
5 18 17 88 99 96
3 17 115 110
3 68 117 95
3 18 117 104
3 95 118 87
3 104 118 88
3 96 110 118
3 99 117 115
3 29 49 5
3 5 66 15
5 15 116 114 29 5
3 5 18 32
3 13 24 6
3 49 86 6
5 86 6 13 109 118
3 6 18 89
5 74 24 13 110 118
3 24 66 74
3 32 77 24
5 29 109 116 86 49
3 49 77 99
3 29 109 13
3 15 13 110
5 74 66 15 110 114
3 89 99 66
3 29 114 74
3 86 15 116
3 86 74 118
5 18 89 99 77 32
3 110 114 32
3 18 109 116
3 109 118 77
3 110 118 89
3 114 116 99
3 36 11 27
3 36 75 42
3 59 87 36
3 63 73 64
3 44 73 42
3 59 73 60
5 11 27 78 118 90
3 11 64 90
3 44 104 11
3 27 78 63
5 63 64 90 119 78
3 87 102 63
3 60 27 111
3 75 108 64
5 42 44 104 108 75
3 42 102 111
5 87 59 60 111 102
3 59 108 104
3 78 44 119
3 78 75 118
3 90 60 119
3 90 118 87
3 102 119 108
3 111 118 104
3 53 59 40
3 28 68 53
3 91 93 53
3 67 61 48
3 28 60 61
5 60 61 67 113 119
3 91 61 92
3 70 48 40
5 67 108 119 70 48
3 48 98 93
5 70 40 59 108 117
3 92 40 105
5 28 60 115 113 68
3 98 105 28
3 67 108 59
3 67 113 68
3 60 115 59
3 70 68 117
5 91 92 105 98 93
3 91 113 115
3 60 119 70
3 93 117 108
3 92 108 119
3 98 113 119
3 105 117 115
3 12 29 5
3 5 15 28
3 84 93 5
3 12 48 19
3 48 65 51
5 48 19 119 107 51
3 93 48 94
5 12 29 107 116 19
3 85 105 12
3 28 65 33
5 65 33 119 113 51
3 84 85 65
5 33 114 113 15 28
3 28 105 94
3 51 107 29
3 33 29 114
3 15 113 51
3 19 116 15
3 33 119 19
5 93 84 85 105 94
3 113 114 84
3 93 107 116
3 85 119 107
3 113 119 94
3 105 116 114
3 4 56 11
3 58 4 87
3 15 86 4
3 61 64 67
3 58 61 60
3 19 61 15
3 64 101 11
5 11 56 97 118 101
3 19 103 11
5 67 64 101 119 97
3 86 100 64
5 58 60 110 113 87
3 100 103 58
3 67 97 56
3 87 113 67
3 56 110 60
5 15 86 100 103 19
3 110 113 15
3 97 118 86
3 101 119 60
3 87 101 118
3 19 119 97
3 103 118 110
3 100 119 113
3 49 80 62
3 66 91 62
5 80 62 91 116 114
3 62 88 76
3 71 81 72
3 71 84 66
5 84 71 81 115 117
3 76 71 77
3 49 72 93
5 93 49 80 112 116
3 49 77 96
5 72 93 117 112 81
3 88 89 72
5 66 84 114 115 91
3 89 96 66
3 81 112 80
3 80 114 84
3 81 115 91
3 91 116 93
5 89 88 76 77 96
3 76 114 115
3 93 117 84
3 77 117 112
3 112 116 88
3 89 117 115
3 114 116 96
3 31 10 41
3 17 58 10
5 17 116 114 31 10
3 10 33 19
3 14 27 11
3 41 88 11
5 11 14 109 118 88
3 11 90 19
5 14 110 118 76 27
3 58 76 27
3 33 78 27
5 41 88 116 109 31
3 41 78 100
3 14 109 31
3 17 110 14
5 58 76 114 110 17
3 58 90 100
3 76 114 31
3 88 116 17
3 76 88 118
5 19 33 78 100 90
3 110 114 33
3 19 109 116
3 109 118 78
3 90 118 110
3 100 116 114
3 24 39 13
3 30 74 24
3 24 68 95
3 51 65 50
3 30 65 33
3 68 65 70
5 39 13 97 118 78
3 51 97 13
3 33 13 110
3 39 50 78
5 50 78 119 97 51
3 50 102 95
3 39 70 111
3 51 113 74
5 74 30 33 110 113
3 30 111 102
3 78 118 74
5 70 68 95 102 111
3 68 110 113
3 33 119 78
3 97 119 70
3 95 97 118
3 102 119 113
3 111 118 110
3 42 81 71
3 71 84 30
3 71 95 87
3 63 50 83
3 63 82 30
5 63 83 113 119 82
3 87 63 101
3 50 85 42
5 83 50 85 119 108
3 95 50 106
5 42 85 117 108 81
3 42 111 101
5 84 30 82 115 113
3 106 111 30
3 83 108 81
3 84 113 83
3 82 81 115
3 85 117 84
5 87 101 111 106 95
3 87 115 113
3 85 119 82
3 108 117 95
3 101 108 119
3 113 119 106
3 111 117 115
3 12 31 10
3 10 17 28
3 82 92 10
3 12 18 40
5 31 12 18 116 112
3 85 98 12
3 40 57 43
5 40 43 112 117 18
3 40 94 92
3 28 32 57
5 32 28 17 115 114
3 94 98 28
5 57 43 115 117 32
3 57 85 82
3 31 43 112
3 32 114 31
3 43 115 17
3 17 18 116
3 18 32 117
5 85 98 94 92 82
3 82 114 115
3 92 112 116
3 85 117 112
3 98 114 116
3 115 117 94
3 13 56 6
3 52 95 6
3 6 16 86
3 51 67 48
3 52 48 70
3 16 48 19
3 13 51 106
5 56 13 106 118 90
3 19 109 13
5 67 51 106 119 90
3 67 90 56
3 95 67 108
3 86 51 107
3 56 104 70
5 52 95 108 104 70
3 52 107 109
5 19 109 107 86 16
3 16 104 108
3 90 118 86
3 90 119 19
3 70 106 119
3 106 118 95
3 104 118 109
3 107 119 108
3 62 41 80
3 62 91 58
3 74 86 62
3 63 64 83
3 63 82 58
3 74 63 78
3 41 64 92
5 92 41 80 107 116
3 78 103 41
5 83 64 92 119 107
3 86 64 90
5 58 82 114 113 91
3 90 58 103
3 80 83 107
3 91 83 113
3 82 114 80
5 78 103 90 86 74
3 74 113 114
3 92 116 91
3 86 107 116
3 92 82 119
3 78 107 119
3 90 113 119
3 114 116 103
3 31 29 12
3 12 18 52
3 12 44 19
3 13 39 14
5 14 103 118 96 13
3 29 96 13
3 13 19 97
5 14 39 77 118 104
3 39 52 77
3 44 78 39
3 14 103 31
3 14 104 18
5 29 31 103 116 96
3 78 107 29
3 31 112 77
5 18 104 112 77 52
3 97 107 52
5 44 19 97 107 78
3 44 112 104
3 96 116 18
3 103 116 19
3 96 118 77
3 78 103 118
3 104 118 97
3 112 116 107
3 14 27 39
3 30 76 27
3 27 60 101
3 42 77 39
3 39 70 106
3 42 57 43
3 32 30 57
3 57 70 60
3 43 104 14
3 32 110 14
5 42 77 117 104 43
3 101 102 42
5 32 30 76 115 110
3 102 106 30
3 43 115 76
3 77 32 117
3 77 118 76
5 70 60 101 102 106
3 60 110 115
3 104 117 70
3 104 118 101
3 106 110 118
3 102 115 117
3 72 81 59
3 16 93 72
3 72 75 95
3 64 67 83
3 16 92 64
3 75 101 64
3 59 94 67
5 67 83 102 119 94
3 97 67 95
5 94 117 102 81 59
3 101 59 104
3 81 83 102
3 93 107 83
5 93 16 92 112 107
3 16 104 97
3 81 112 92
5 75 95 97 104 101
3 75 112 107
3 94 117 93
3 102 117 95
3 92 94 119
3 102 119 101
3 107 119 97
3 104 112 117
3 11 56 14
3 16 88 11
3 44 101 11
3 43 59 40
3 18 16 40
3 44 70 40
5 56 89 118 111 14
3 43 111 14
3 14 109 18
3 59 89 56
3 56 97 70
5 59 89 117 111 43
3 101 108 59
3 88 112 43
5 88 16 18 109 112
3 97 108 16
5 44 101 108 97 70
3 44 109 112
3 18 117 89
3 89 118 88
3 70 111 117
3 101 118 111
3 97 109 118
3 112 117 108
3 29 80 49
3 49 52 93
3 49 86 75
3 50 83 51
3 52 85 50
3 75 50 78
3 29 51 98
5 29 80 100 116 98
3 78 109 29
5 98 51 83 100 119
3 86 97 51
5 85 112 108 93 52
3 97 109 52
3 80 100 83
3 93 83 108
3 85 112 80
5 86 75 78 109 97
3 75 108 112
3 86 116 100
3 98 116 93
3 78 119 100
3 85 119 98
3 108 119 97
3 109 116 112
3 14 13 56
3 13 96 15
3 13 106 33
3 15 28 17
3 28 68 32
3 28 33 60
3 17 103 14
3 14 111 32
3 68 89 56
3 56 90 60
5 15 17 103 114 96
3 90 113 15
3 17 115 89
5 32 68 89 115 111
3 68 106 113
3 96 114 32
5 33 60 90 113 106
3 103 114 33
3 60 111 115
3 96 89 118
3 103 118 90
3 111 118 106
3 114 115 113
3 15 66 91
3 74 87 66
3 68 84 66
3 51 83 67
3 68 94 67
3 87 67 90
3 51 98 15
3 74 106 51
5 91 15 98 114 100
3 15 110 90
3 83 100 91
3 84 102 83
5 74 87 90 110 106
3 74 100 114
5 94 115 102 84 68
3 68 110 106
3 91 94 115
3 98 84 114
3 102 115 87
3 94 119 98
3 100 119 90
3 106 119 102
3 114 115 110
3 31 80 41
3 44 92 41
3 41 75 88
3 42 81 43
3 44 85 42
3 77 42 75
3 43 105 31
5 31 80 99 116 105
3 31 77 109
5 43 81 99 117 105
3 43 104 88
3 81 99 80
3 85 107 80
5 85 107 108 92 44
3 104 109 44
3 92 108 81
5 75 88 104 109 77
3 107 108 75
3 77 99 117
3 88 116 99
3 105 116 92
3 85 105 117
3 109 107 116
3 104 117 108
3 31 80 29
3 74 96 29
3 33 98 29
3 76 74 30
3 30 84 32
3 30 82 33
3 32 105 31
3 31 76 103
3 80 99 84
3 82 100 80
5 76 74 96 110 103
3 100 113 74
5 84 99 115 105 32
3 96 110 32
3 76 99 115
5 82 100 113 98 33
3 33 110 103
3 98 113 84
3 105 115 82
3 96 116 99
3 98 105 116
3 100 116 103
3 110 113 115
3 17 58 91
3 76 87 58
3 60 82 58
3 59 81 43
3 59 94 60
3 89 87 59
3 17 43 105
3 76 111 43
5 91 99 114 105 17
3 17 89 110
3 91 81 99
3 82 102 81
3 91 113 94
5 87 76 111 110 89
3 99 114 76
5 102 113 94 60 82
3 60 110 111
3 87 113 102
3 82 114 105
3 99 117 89
3 94 117 105
3 111 117 102
3 113 114 110
3 17 15 91
3 86 15 96
3 15 98 19
3 18 93 16
3 88 86 16
3 16 92 19
3 17 18 105
3 88 17 103
3 93 99 91
3 92 100 91
5 18 93 99 112 105
3 96 18 109
5 88 86 96 109 103
3 86 107 100
3 93 98 107
5 98 19 92 100 107
3 103 109 19
3 99 112 88
3 92 105 112
3 96 114 99
3 98 105 114
3 103 100 114
3 109 112 107
3 18 93 52
3 52 95 77
3 52 85 70
3 32 84 68
3 70 94 68
3 68 95 89
3 18 32 105
3 32 77 111
3 89 104 18
3 84 93 99
3 84 102 85
3 94 108 93
5 95 77 111 104 89
3 99 112 77
5 70 85 102 108 94
3 70 104 111
3 95 108 102
3 89 115 99
3 105 112 85
3 94 105 115
3 111 115 102
3 104 112 108
3 76 74 87
3 86 74 96
3 74 78 106
3 86 75 88
3 75 95 77
3 75 101 78
3 77 111 76
3 88 103 76
3 86 97 90
3 87 95 89
3 90 101 87
3 77 109 96
3 88 104 89
3 95 106 97
5 106 78 101 90 97
3 103 78 109
3 96 110 89
3 104 111 101
3 103 90 110
3 110 106 111
3 109 104 97
3 19 44 92
3 70 85 44
3 78 101 44
3 60 82 33
3 19 33 98
3 78 106 33
3 60 94 70
3 90 101 60
3 19 90 97
3 70 97 106
3 82 100 92
3 82 85 102
3 92 94 108
3 100 107 78
3 98 107 85
3 101 102 108
3 94 113 98
3 100 113 90
3 106 102 113
3 108 107 97
4 1 39 24 0
4 0 24 13 21
4 13 39 1 21
4 2 7 46 24
4 21 6 46 7
4 21 2 24 6
4 8 46 36 1
4 21 8 46 4
4 1 36 4 21
4 2 27 36 0
4 0 36 11 21
4 21 2 27 11
4 7 27 39 8
4 7 21 14 27
4 14 39 8 21
4 7 25 56 11
4 7 2 14 11
4 2 14 56 25
4 2 0 6 13
4 0 20 56 6
4 13 56 20 2
4 46 25 2 23
4 20 25 46 36
4 23 2 20 36
4 0 4 11 1
4 0 4 56 34
4 34 1 11 56
4 1 37 46 23
4 23 24 34 1
4 37 46 24 34
4 8 13 14 1
4 13 56 37 8
4 1 37 56 14
4 8 37 36 23
4 23 27 45 8
4 36 37 45 27
4 8 6 4 7
4 7 4 56 45
4 8 45 56 6
4 14 20 25 13
4 13 39 54 25
4 14 20 54 39
4 20 0 23 27
4 34 0 23 39
4 20 34 39 27
4 6 34 20 4
4 4 20 54 46
4 54 46 6 34
4 25 24 23 7
4 23 7 45 39
4 45 25 24 39
4 25 4 36 54
4 25 4 11 45
4 36 54 45 11
4 11 37 34 14
4 54 37 11 27
4 14 27 54 34
4 54 37 6 24
4 6 37 45 13
4 45 13 24 54
4 7 10 12 8
4 7 23 31 10
4 31 12 8 23
4 0 1 12 5
4 5 29 23 0
4 29 12 1 23
4 2 5 9 7
4 7 23 49 9
4 5 49 23 2
4 8 9 3 1
4 9 8 23 62
4 1 3 62 23
4 2 10 3 0
4 3 41 23 0
4 41 10 2 23
4 29 2 0 49
4 0 22 80 49
4 22 2 29 80
4 21 2 26 9
4 22 3 21 2
4 26 9 3 22
4 2 31 41 7
4 7 26 80 41
4 26 2 31 80
4 31 1 8 29
4 38 80 29 8
4 1 38 80 31
4 41 1 0 62
4 35 80 62 0
4 35 80 41 1
4 1 38 9 21
4 21 5 35 1
4 38 9 5 35
4 49 8 7 62
4 7 62 80 47
4 47 80 49 8
4 21 3 38 8
4 21 8 47 10
4 10 47 38 3
4 0 21 10 22
4 0 35 12 21
4 12 10 22 35
4 35 49 62 22
4 9 79 22 62
4 49 35 79 9
4 26 29 31 22
4 26 79 12 29
4 22 79 12 31
4 26 5 21 7
4 21 12 47 7
4 5 26 47 12
4 26 79 3 62
4 47 41 62 26
4 41 3 79 47
4 35 31 41 38
4 10 41 38 79
4 31 35 79 10
4 38 79 5 49
4 38 47 29 49
4 47 29 5 79
4 0 20 28 5
4 0 5 15 4
4 20 4 15 28
4 4 66 26 7
4 21 4 66 5
4 20 22 26 25
4 26 62 4 25
4 22 62 4 20
4 0 22 58 4
4 21 4 58 10
4 25 7 10 28
4 4 17 10 7
4 28 17 4 25
4 58 7 21 17
4 9 91 58 7
4 9 91 17 21
4 15 21 0 66
4 3 91 66 0
4 3 21 15 91
4 58 20 0 62
4 0 53 91 62
4 53 20 58 91
4 2 26 55 20
4 2 5 53 20
4 55 26 5 53
4 25 15 17 20
4 25 55 91 15
4 20 55 91 17
4 25 2 22 55
4 2 10 61 25
4 10 61 55 22
4 7 62 66 25
4 61 91 62 7
4 61 91 66 25
4 3 17 15 9
4 9 15 28 79
4 17 28 79 3
4 2 28 53 0
4 28 10 3 53
4 66 53 79 26
4 3 53 66 62
4 2 7 61 28
4 5 9 61 28
4 58 22 79 61
4 62 9 61 58
4 58 10 79 55
4 10 17 53 79
4 53 17 58 55
4 66 55 79 5
4 5 79 61 15
4 55 61 15 66
4 12 40 37 8
4 6 18 12 8
4 18 40 37 6
4 34 0 3 40
4 0 6 16 3
4 16 40 34 6
4 8 38 72 6
4 3 72 6 21
4 37 34 35 38
4 37 6 49 38
4 49 35 34 6
4 6 0 35 52
4 21 12 52 6
4 16 21 0 72
4 0 5 93 72
4 5 93 16 21
4 21 18 52 8
4 9 8 52 93
4 18 21 9 93
4 0 53 40 1
4 40 12 5 53
4 16 9 79 40
4 9 5 18 16
4 5 79 40 18
4 72 38 79 53
4 5 49 72 53
4 18 34 37 16
4 93 69 37 16
4 34 18 93 69
4 52 34 0 49
4 53 93 49 0
4 53 93 52 34
4 38 69 34 1
4 53 3 1 34
4 69 38 3 53
4 8 49 72 37
4 49 8 48 93
4 48 93 72 37
4 37 1 35 69
4 12 48 37 1
4 35 12 48 69
4 1 8 48 40
4 3 9 48 40
4 49 52 48 9
4 48 79 35 52
4 18 12 79 53
4 52 69 79 12
4 53 18 52 69
4 72 3 79 69
4 16 3 79 48
4 48 16 72 69
4 26 30 27 7
4 62 7 27 76
4 26 30 76 62
4 0 24 30 22
4 24 74 62 0
4 30 74 62 22
4 24 23 62 66
4 23 62 58 27
4 0 66 74 23
4 36 87 66 0
4 23 36 87 74
4 7 58 76 23
4 46 7 58 87
4 23 76 87 46
4 22 76 74 26
4 26 55 87 74
4 55 87 76 22
4 71 0 4 87
4 58 87 71 22
4 25 55 71 24
4 22 2 24 71
4 7 4 87 63
4 63 87 66 26
4 26 2 27 63
4 27 63 55 20
4 46 74 30 54
4 54 30 76 36
4 46 74 76 36
4 2 30 71 0
4 27 36 71 30
4 54 71 66 25
4 4 36 71 66
4 7 63 30 2
4 46 24 30 63
4 54 63 58 20
4 4 46 63 58
4 55 58 27 54
4 27 76 71 54
4 55 58 76 71
4 54 24 66 55
4 54 63 74 24
4 55 66 74 63
4 9 7 45 48
4 7 11 16 9
4 11 45 48 16
4 11 7 47 44
4 21 11 44 12
4 1 11 64 38
4 11 64 9 21
4 37 45 47 38
4 38 41 11 37
4 41 47 45 11
4 1 12 19 11
4 19 48 37 11
4 44 1 21 19
4 1 3 92 44
4 3 92 19 21
4 16 21 7 64
4 10 7 64 92
4 10 21 16 92
4 3 10 19 16
4 10 79 48 19
4 38 64 61 79
4 61 10 41 64
4 7 8 48 61
4 10 12 48 61
4 7 41 44 45
4 61 92 41 7
4 61 92 44 45
4 38 8 45 73
4 9 8 45 61
4 9 38 73 61
4 16 37 45 19
4 16 37 73 92
4 73 92 19 45
4 8 37 73 47
4 40 12 47 73
4 37 64 41 1
4 40 92 41 1
4 40 92 64 37
4 41 44 40 3
4 40 79 47 44
4 12 19 61 79
4 12 79 73 44
4 73 44 19 61
4 9 64 73 79
4 40 16 64 73
4 22 57 34 0
4 30 57 34 24
4 34 53 55 54
4 34 24 66 53
4 24 68 53 0
4 2 28 68 24
4 25 28 57 54
4 24 32 28 25
4 54 24 32 57
4 26 30 57 79
4 5 32 30 26
4 32 5 79 57
4 20 57 35 0
4 28 5 35 57
4 35 71 55 79
4 35 71 66 5
4 0 71 84 5
4 2 5 84 30
4 25 68 32 2
4 26 84 68 25
4 84 26 2 32
4 0 66 68 34
4 35 84 66 0
4 34 35 84 68
4 30 54 34 32
4 69 84 32 34
4 69 84 30 54
4 22 35 34 20
4 20 34 69 55
4 22 35 69 55
4 20 54 69 53
4 28 65 54 20
4 28 65 69 53
4 65 25 66 84
4 84 65 54 71
4 28 79 35 32
4 35 32 68 69
4 68 69 79 28
4 25 20 57 65
4 26 65 57 22
4 65 26 66 68
4 68 53 79 65
4 22 79 69 71
4 22 79 65 30
4 71 30 65 69
4 0 36 42 35
4 0 49 75 36
4 35 42 75 49
4 23 36 72 49
4 49 23 39 52
4 8 38 42 39
4 8 49 77 39
4 42 77 49 38
4 23 77 52 8
4 46 8 52 95
4 95 46 23 77
4 72 0 23 75
4 24 95 72 0
4 24 95 75 23
4 54 42 75 46
4 24 54 42 77
4 46 75 77 24
4 71 0 1 42
4 39 42 71 24
4 71 54 37 72
4 24 71 72 6
4 39 54 69 52
4 39 77 71 54
4 52 77 71 69
4 71 0 6 95
4 52 95 71 35
4 1 35 71 36
4 37 36 71 69
4 38 75 77 35
4 69 95 75 38
4 69 35 77 95
4 1 39 50 38
4 34 39 50 69
4 50 8 6 95
4 38 72 95 50
4 8 50 42 1
4 42 50 46 36
4 52 34 54 50
4 46 6 52 50
4 36 54 69 72
4 36 54 50 75
4 72 75 50 69
4 6 86 62 0
4 3 16 86 62
4 6 4 62 49
4 11 41 62 4
4 11 88 62 7
4 16 88 62 9
4 7 41 75 46
4 4 88 41 7
4 4 88 75 46
4 0 4 86 49
4 36 75 86 4
4 86 9 38 75
4 38 75 88 3
4 9 86 88 3
4 41 75 72 3
4 37 11 88 72
4 38 72 88 41
4 11 36 72 16
4 75 23 7 64
4 49 9 64 75
4 37 16 86 46
4 36 88 16 37
4 36 46 86 88
4 6 86 64 37
4 38 49 86 64
4 23 41 64 46
4 6 46 64 16
4 19 61 25 13
4 2 10 19 13
4 45 25 26 47
4 26 29 13 25
4 47 29 13 45
4 13 51 26 2
4 13 51 9 21
4 8 9 15 13
4 15 61 45 13
4 8 47 33 13
4 10 33 13 21
4 8 51 15 21
4 8 12 98 51
4 12 21 15 98
4 33 2 21 19
4 33 2 5 98
4 21 19 98 5
4 5 12 19 15
4 26 51 48 79
4 12 29 51 48
4 45 19 15 25
4 65 98 15 25
4 65 98 19 45
4 33 45 8 29
4 48 98 29 8
4 45 48 98 33
4 26 65 45 7
4 9 48 65 26
4 25 51 29 2
4 28 98 51 25
4 28 98 29 2
4 51 65 79 9
4 65 28 15 51
4 33 28 79 47
4 5 29 33 28
4 25 7 47 65
4 10 47 65 28
4 10 33 65 79
4 65 33 19 48
4 27 20 28 33
4 27 33 65 54
4 61 55 54 45
4 45 27 58 61
4 27 30 65 45
4 27 60 61 7
4 27 60 28 2
4 7 10 82 63
4 10 82 30 2
4 47 79 55 63
4 47 63 58 10
4 22 30 33 10
4 60 20 2 33
4 2 33 82 22
4 22 20 60 82
4 30 54 45 33
4 82 73 54 30
4 45 33 82 73
4 60 45 7 58
4 58 7 47 82
4 47 82 60 45
4 25 45 73 55
4 26 55 73 47
4 20 57 82 58
4 57 82 63 54
4 25 54 73 61
4 57 73 61 28
4 28 79 73 60
4 47 73 60 33
4 22 57 60 58
4 60 57 79 61
4 63 26 79 73
4 73 57 30 63
4 39 78 41 1
4 41 38 50 78
4 7 47 50 46
4 47 41 75 50
4 41 44 39 23
4 7 27 101 64
4 23 27 101 75
4 1 44 78 23
4 36 1 44 101
4 36 101 78 23
4 27 78 50 54
4 27 36 75 78
4 63 7 8 50
4 50 63 27 39
4 64 37 54 63
4 11 27 63 64
4 11 7 63 101
4 47 63 101 44
4 39 44 73 54
4 54 63 78 39
4 44 78 63 73
4 8 47 63 46
4 37 73 63 46
4 47 78 75 38
4 101 73 38 75
4 73 47 78 101
4 1 11 101 42
4 42 101 64 38
4 42 73 45 39
4 54 46 64 73
4 64 73 42 75
4 42 54 45 44
4 11 44 42 36
4 40 57 54 37
4 37 40 43 36
4 36 54 57 43
4 0 36 59 53
4 40 59 36 1
4 36 20 57 42
4 53 20 36 72
4 3 22 57 40
4 38 3 43 42
4 42 38 79 57
4 43 3 79 57
4 22 71 72 3
4 0 71 81 3
4 3 81 42 1
4 72 0 20 59
4 22 81 72 0
4 22 81 59 20
4 43 40 79 22
4 55 22 43 59
4 55 59 40 79
4 1 43 59 37
4 38 81 43 1
4 38 37 59 81
4 43 20 54 42
4 55 81 43 20
4 81 55 54 42
4 73 81 72 37
4 73 81 71 54
4 54 34 40 73
4 40 53 55 73
4 37 73 57 34
4 38 35 57 73
4 73 59 72 38
4 53 79 73 59
4 42 35 79 73
4 55 73 42 71
4 55 59 56 25
4 25 66 89 56
4 66 55 59 89
4 59 87 66 53
4 4 56 68 66
4 53 68 95 72
4 6 56 59 72
4 37 56 68 69
4 37 72 89 56
4 72 69 68 89
4 6 95 87 4
4 95 46 25 68
4 68 25 4 89
4 4 46 95 89
4 46 37 59 87
4 6 89 59 37
4 6 46 87 89
4 53 89 87 55
4 55 87 95 69
4 89 53 69 95
4 25 67 95 24
4 55 67 95 71
4 55 67 56 20
4 56 67 69 34
4 67 25 20 59
4 59 67 46 36
4 67 37 34 68
4 46 67 68 24
4 36 37 67 87
4 67 87 71 69
4 8 13 96 49
4 15 96 49 9
4 13 29 49 6
4 15 86 49 5
4 29 5 66 74
4 13 25 66 96
4 26 29 96 66
4 15 66 24 13
4 24 74 86 6
4 46 74 29 8
4 8 29 96 6
4 6 96 74 46
4 46 86 15 25
4 24 25 15 96
4 46 86 96 24
4 26 9 86 74
4 74 26 5 96
4 86 9 5 96
4 51 8 23 74
4 9 51 74 62
4 4 86 51 25
4 26 62 86 51
4 51 15 4 46
4 23 46 51 29
4 1 3 17 14
4 17 53 34 14
4 14 1 35 32
4 5 32 14 21
4 22 31 14 20
4 31 35 34 14
4 2 22 43 14
4 21 14 43 3
4 2 14 18 5
4 18 53 20 14
4 32 2 21 18
4 2 10 105 32
4 21 10 105 18
4 43 1 21 17
4 12 105 43 1
4 21 12 105 17
4 40 43 31 12
4 10 12 18 17
4 34 32 31 1
4 1 31 105 40
4 40 34 32 105
4 17 20 34 18
4 57 105 17 20
4 57 34 18 105
4 2 31 43 20
4 28 105 31 2
4 28 20 43 105
4 10 28 32 31
4 28 17 43 57
4 40 57 32 18
4 29 47 63 74
4 27 23 29 33
4 27 78 29 2
4 26 29 78 63
4 78 23 2 33
4 24 106 33 2
4 24 106 78 23
4 39 106 51 8
4 23 74 106 39
4 13 106 30 2
4 30 106 51 26
4 51 65 54 46
4 51 74 30 65
4 24 30 33 13
4 24 39 78 74
4 51 25 54 50
4 13 39 50 51
4 8 50 106 13
4 50 47 33 106
4 47 78 74 26
4 74 26 65 106
4 47 78 106 65
4 46 25 65 50
4 50 65 33 78
4 54 45 48 69
4 45 48 52 39
4 8 39 70 48
4 39 70 40 1
4 40 44 39 34
4 12 35 42 44
4 47 50 69 79
4 12 52 50 47
4 12 85 50 8
4 1 42 85 12
4 70 34 1 44
4 85 35 1 44
4 35 85 70 34
4 45 70 52 8
4 47 85 52 8
4 47 45 70 85
4 65 85 42 54
4 45 44 85 65
4 37 45 65 69
4 38 69 65 47
4 65 48 37 54
4 57 65 48 40
4 50 38 79 65
4 65 50 42 57
4 34 52 85 57
4 57 54 50 85
4 57 35 52 70
4 70 48 79 57
4 70 65 79 40
4 47 44 70 65
4 46 7 61 67
4 61 67 87 58
4 58 60 56 4
4 20 58 90 56
4 55 58 90 67
4 56 60 73 37
4 37 56 90 64
4 73 60 90 64
4 64 101 60 61
4 25 46 64 61
4 25 67 64 7
4 67 64 11 56
4 20 60 90 4
4 36 101 60 20
4 36 101 90 4
4 4 11 101 87
4 37 67 90 11
4 36 87 90 11
4 20 59 101 27
4 55 63 101 59
4 56 59 73 45
4 59 87 63 73
4 59 37 45 60
4 27 60 59 36
4 87 55 61 90
4 87 55 73 101
4 73 61 90 101
4 37 46 51 48
4 8 46 67 48
4 9 38 50 51
4 7 63 83 9
4 9 83 50 8
4 9 26 63 64
4 26 55 67 51
4 67 48 79 55
4 26 83 64 7
4 25 67 83 26
4 8 51 67 37
4 38 83 51 8
4 83 38 37 67
4 69 38 64 67
4 67 69 79 61
4 55 25 51 83
4 55 83 50 54
4 69 37 64 83
4 83 69 54 63
4 61 48 69 55
4 55 69 50 63
4 66 91 81 71
4 55 81 80 26
4 26 80 99 66
4 55 66 99 81
4 62 80 84 66
4 69 84 80 38
4 38 80 99 72
4 72 99 84 69
4 49 80 81 72
4 71 72 93 84
4 62 49 93 91
4 9 91 81 38
4 38 81 99 49
4 9 49 99 91
4 55 91 93 69
4 55 91 99 71
4 71 99 93 69
4 26 9 93 84
4 26 62 99 84
4 62 99 93 9
4 22 55 83 80
4 69 83 80 35
4 5 93 83 26
4 53 93 83 55
4 22 81 83 26
4 3 81 83 9
4 84 35 38 83
4 5 9 83 84
4 3 38 83 91
4 69 83 91 53
4 17 88 41 10
4 1 41 103 14
4 17 103 41 3
4 14 31 41 11
4 14 103 58 20
4 31 103 58 22
4 14 17 58 27
4 31 10 58 76
4 36 76 31 1
4 1 11 103 31
4 11 103 76 36
4 27 76 88 11
4 20 36 88 17
4 20 27 103 17
4 36 27 103 88
4 3 22 76 88
4 10 103 76 22
4 3 88 103 10
4 1 43 76 23
4 43 76 62 3
4 43 20 4 88
4 43 88 62 22
4 36 23 31 43
4 4 36 43 17
4 2 24 77 31
4 22 31 77 71
4 31 35 71 76
4 24 32 31 23
4 1 43 111 39
4 23 39 111 76
4 77 23 2 32
4 27 111 32 2
4 77 23 27 111
4 43 76 30 57
4 27 14 32 30
4 14 111 30 2
4 30 111 43 22
4 39 77 76 27
4 39 14 43 42
4 76 22 35 77
4 57 111 76 22
4 57 35 77 111
4 1 14 111 42
4 42 111 32 35
4 57 42 77 32
4 11 90 15 21
4 9 64 90 15
4 61 64 86 15
4 4 11 19 15
4 48 51 86 16
4 13 19 16 6
4 21 13 97 16
4 16 9 51 97
4 25 51 97 56
4 4 86 97 56
4 21 19 90 4
4 21 19 97 6
4 4 6 97 90
4 56 6 86 90
4 51 67 56 13
4 9 86 90 61
4 97 48 9 86
4 61 48 97 90
4 25 67 97 13
4 61 19 97 67
4 48 19 90 67
4 34 56 60 57
4 45 65 68 56
4 56 25 65 70
4 57 20 56 70
4 61 67 68 28
4 25 67 94 28
4 20 59 94 28
4 28 53 59 60
4 53 40 70 68
4 40 48 67 59
4 37 67 94 40
4 34 40 94 68
4 70 34 20 60
4 94 53 20 60
4 70 34 53 94
4 61 48 70 60
4 37 59 94 48
4 48 45 60 94
4 45 70 68 25
4 61 94 68 25
4 45 61 94 70
4 56 34 52 97
4 69 52 97 67
4 52 95 67 48
4 6 52 70 56
4 65 50 95 68
4 68 70 39 24
4 34 68 106 39
4 68 69 50 106
4 51 48 70 106
4 65 51 97 70
4 13 106 95 6
4 6 97 70 34
4 34 70 106 24
4 24 6 97 106
4 13 24 95 97
4 95 69 48 97
4 69 65 106 95
4 65 48 97 106
4 58 100 80 22
4 55 83 100 58
4 58 82 80 62
4 83 63 58 91
4 64 83 80 41
4 38 83 100 41
4 3 41 100 91
4 62 91 92 41
4 63 64 92 82
4 80 38 73 82
4 38 80 100 64
4 73 82 100 64
4 92 73 55 91
4 91 55 63 100
4 73 63 100 92
4 22 82 92 3
4 82 22 62 100
4 3 62 100 92
4 61 91 81 73
4 81 38 47 82
4 10 82 81 3
4 47 80 81 73
4 10 92 81 22
4 61 92 81 55
4 2 29 109 14
4 5 18 109 29
4 13 29 31 14
4 18 96 29 12
4 39 13 96 77
4 31 2 13 109
4 24 77 109 13
4 12 31 77 52
4 34 52 109 14
4 35 52 109 31
4 18 52 39 14
4 34 18 96 24
4 34 18 109 39
4 24 96 109 39
4 34 6 96 32
4 32 96 49 35
4 24 6 18 32
4 49 5 32 77
4 35 77 96 5
4 12 109 77 35
4 96 5 12 109
4 53 17 88 72
4 4 6 18 17
4 6 89 17 21
4 3 17 89 72
4 14 21 16 104
4 3 16 104 43
4 14 18 16 11
4 40 16 88 43
4 21 18 89 4
4 21 11 104 18
4 11 104 89 4
4 56 104 43 20
4 56 4 88 104
4 11 56 89 88
4 40 59 89 18
4 20 59 104 14
4 53 59 104 18
4 14 56 59 43
4 88 3 53 89
4 3 40 104 88
4 53 89 104 40
4 64 86 74 63
4 41 78 74 62
4 41 23 74 100
4 74 46 64 100
4 29 23 75 107
4 46 75 107 51
4 49 29 78 75
4 51 86 75 50
4 23 78 100 62
4 49 107 78 23
4 49 62 100 107
4 51 107 80 26
4 80 107 86 62
4 51 29 80 83
4 49 80 100 86
4 29 107 83 26
4 83 107 78 63
4 86 46 63 100
4 46 50 107 86
4 50 107 100 63
4 83 100 78 50
4 47 65 84 80
4 65 85 80 26
4 22 80 85 57
4 57 35 80 82
4 30 82 81 71
4 30 63 83 84
4 30 102 83 26
4 30 102 81 22
4 38 83 102 42
4 35 84 102 42
4 50 42 81 83
4 71 84 85 42
4 82 22 35 85
4 22 82 102 71
4 71 102 85 35
4 63 82 85 50
4 38 81 102 50
4 47 50 102 82
4 47 85 84 26
4 26 84 102 63
4 47 63 102 85
4 40 44 101 59
4 44 70 56 11
4 45 44 104 56
4 44 73 59 104
4 45 60 111 39
4 73 42 111 60
4 57 60 101 42
4 39 27 60 70
4 43 104 70 57
4 43 40 70 111
4 70 45 11 104
4 27 111 70 45
4 27 111 104 11
4 14 111 101 11
4 14 104 101 27
4 73 101 104 40
4 101 73 57 111
4 57 111 104 40
4 50 83 93 52
4 52 35 80 107
4 52 69 83 107
4 52 49 80 85
4 12 98 84 35
4 69 48 98 84
4 65 48 93 84
4 12 5 84 85
4 5 29 107 93
4 29 98 93 49
4 51 65 85 107
4 51 50 85 98
4 65 98 93 69
4 69 93 107 50
4 50 107 98 65
4 98 5 35 85
4 35 85 107 49
4 5 98 107 49
4 12 31 103 19
4 10 31 109 19
4 27 78 109 14
4 39 78 103 14
4 45 13 109 44
4 47 29 109 44
4 44 19 13 39
4 12 44 78 29
4 41 10 33 78
4 33 45 11 103
4 47 41 103 33
4 11 27 33 19
4 27 45 19 103
4 45 39 109 19
4 27 103 109 39
4 78 47 10 103
4 12 109 78 47
4 12 109 103 10
4 28 32 96 15
4 14 21 15 110
4 5 32 110 15
4 14 17 15 13
4 18 89 66 5
4 18 53 66 96
4 21 17 110 13
4 13 6 89 110
4 13 96 89 56
4 14 34 68 110
4 53 68 110 17
4 56 14 32 68
4 17 28 68 89
4 56 110 32 34
4 56 6 96 110
4 5 96 89 53
4 28 110 89 53
4 28 110 96 5
4 23 76 99 49
4 36 76 99 72
4 72 88 76 71
4 49 62 76 77
4 43 42 75 88
4 31 77 75 41
4 23 31 112 75
4 36 43 112 75
4 43 112 80 22
4 62 80 112 88
4 23 77 99 62
4 41 112 77 23
4 62 41 112 99
4 41 88 99 80
4 22 81 112 31
4 71 77 112 81
4 43 31 80 81
4 77 99 81 42
4 71 99 88 36
4 36 42 112 88
4 71 42 112 99
4 58 100 86 4
4 62 86 90 58
4 67 51 74 87
4 66 15 90 87
4 51 113 87 46
4 15 113 87 4
4 51 113 91 9
4 74 62 91 113
4 66 91 100 74
4 51 15 91 83
4 62 100 90 4
4 4 90 113 66
4 66 113 100 62
4 46 74 113 67
4 67 64 100 113
4 15 113 83 9
4 83 113 90 64
4 83 100 90 67
4 40 92 91 53
4 48 93 91 61
4 9 91 94 48
4 3 91 94 40
4 16 9 83 108
4 3 81 108 16
4 72 16 92 81
4 83 64 16 93
4 81 59 67 83
4 72 93 94 59
4 55 83 108 59
4 53 59 108 93
4 55 67 108 81
4 61 67 108 92
4 64 67 94 92
4 61 94 93 9
4 9 64 108 93
4 64 108 94 61
4 53 94 92 3
4 3 92 108 72
4 94 53 72 108
4 45 33 110 56
4 65 33 110 68
4 56 13 33 60
4 28 33 106 68
4 32 111 60 28
4 57 32 110 60
4 70 106 30 57
4 65 30 111 70
4 14 111 106 13
4 45 60 110 13
4 13 110 111 39
4 14 110 106 39
4 28 110 106 65
4 57 111 106 65
4 28 110 111 57
4 44 112 80 47
4 73 44 112 81
4 44 85 80 41
4 44 92 81 42
4 57 82 92 40
4 12 10 82 85
4 12 47 82 105
4 40 105 82 73
4 31 112 92 10
4 31 105 92 41
4 43 105 85 42
4 57 43 112 85
4 73 57 105 92
4 42 112 92 73
4 57 105 112 42
4 10 105 85 47
4 85 47 41 112
4 105 10 41 112
4 53 91 113 68
4 69 68 113 83
4 68 66 91 94
4 68 84 83 67
4 5 93 94 28
4 53 93 98 28
4 15 5 84 113
4 15 98 84 66
4 51 67 94 98
4 51 48 94 113
4 67 113 84 69
4 48 67 113 98
4 53 94 98 5
4 94 53 66 113
4 5 66 113 98
4 10 17 110 33
4 33 103 17 28
4 19 61 58 103
4 10 58 90 19
4 56 90 103 14
4 14 110 90 11
4 15 28 60 90
4 61 15 110 60
4 11 56 110 103
4 61 90 103 10
4 28 110 90 61
4 10 28 110 103
4 31 114 74 23
4 24 32 114 74
4 29 31 76 74
4 32 96 74 30
4 66 71 77 96
4 66 99 77 24
4 80 99 96 29
4 23 76 114 29
4 29 49 99 114
4 30 84 99 76
4 31 114 84 35
4 71 76 114 84
4 31 80 84 32
4 35 32 114 80
4 49 96 114 80
4 24 96 99 71
4 71 99 114 30
4 30 114 96 24
4 62 66 89 88
4 66 99 88 4
4 17 4 87 115
4 87 36 43 115
4 58 17 89 87
4 59 43 76 87
4 43 81 91 17
4 43 115 91 3
4 76 115 91 62
4 76 99 91 58
4 62 99 89 4
4 89 4 58 115
4 58 115 99 62
4 89 99 81 59
4 17 115 81 3
4 81 72 89 115
4 59 115 76 36
4 72 99 115 59
4 52 97 86 49
4 52 107 86 6
4 46 64 108 95
4 16 108 95 6
4 64 75 95 67
4 16 97 95 72
4 72 75 107 93
4 49 93 108 75
4 83 51 97 108
4 75 46 67 108
4 67 51 107 108
4 97 6 49 107
4 72 108 97 6
4 49 72 108 107
4 83 67 97 107
4 63 50 95 87
4 46 87 102 50
4 42 102 87 36
4 71 42 101 87
4 59 72 75 101
4 36 75 108 59
4 71 95 108 81
4 81 72 95 102
4 64 101 102 83
4 63 101 108 83
4 46 63 102 95
4 64 63 102 108
4 36 101 102 71
4 36 72 108 101
4 72 108 102 71
4 12 52 97 19
4 48 52 109 19
4 44 109 18 40
4 44 12 18 104
4 16 104 70 48
4 70 97 16 40
4 14 104 97 13
4 56 97 109 14
4 13 109 104 56
4 109 12 48 97
4 40 104 97 48
4 40 104 109 12
4 30 84 98 33
4 47 80 114 33
4 33 65 84 114
4 82 33 29 80
4 57 32 114 82
4 32 105 82 30
4 65 28 105 85
4 28 98 85 57
4 31 105 98 29
4 12 31 114 98
4 47 29 114 82
4 12 105 114 29
4 65 98 105 57
4 65 98 114 30
4 57 105 114 30
4 82 60 59 81
4 61 91 115 60
4 73 81 115 60
4 60 94 91 58
4 61 92 105 28
4 10 92 94 28
4 58 82 105 17
4 17 115 82 10
4 40 43 115 94
4 59 94 105 43
4 73 59 115 82
4 59 115 105 40
4 10 105 94 61
4 58 115 94 61
4 10 58 115 105
4 66 87 102 84
4 84 113 87 71
4 68 113 74 24
4 66 74 106 68
4 30 106 95 71
4 30 24 95 102
4 50 51 113 102
4 83 102 106 51
4 83 50 106 113
4 24 106 102 71
4 66 113 102 71
4 24 106 113 66
4 33 103 76 30
4 27 76 114 33
4 27 78 100 58
4 58 103 78 63
4 41 31 114 100
4 31 80 100 103
4 74 63 82 114
4 82 100 74 30
4 41 80 114 103
4 63 27 103 100
4 30 114 100 63
4 103 27 30 114
4 18 96 86 16
4 4 17 116 86
4 6 86 116 18
4 15 17 88 86
4 6 49 99 89
4 49 96 89 72
4 4 15 116 88
4 15 116 99 66
4 15 91 99 96
4 17 53 93 116
4 72 88 116 93
4 17 91 93 18
4 16 88 99 93
4 72 99 96 6
4 6 16 116 96
4 16 116 99 72
4 53 18 116 91
4 66 91 116 96
4 68 32 77 95
4 18 117 95 6
4 24 95 117 32
4 52 18 89 95
4 5 93 117 32
4 49 93 117 77
4 77 52 93 99
4 18 93 84 32
4 6 89 117 52
4 99 49 52 117
4 5 84 117 18
4 66 84 117 89
4 68 84 99 89
4 68 117 77 24
4 66 68 117 99
4 44 11 88 112
4 41 44 104 88
4 16 104 101 64
4 11 101 108 16
4 75 41 92 108
4 75 112 92 64
4 43 112 108 59
4 81 108 104 43
4 11 104 112 41
4 64 108 104 11
4 64 108 112 41
4 81 112 104 59
4 50 78 109 52
4 52 39 78 107
4 39 44 112 77
4 44 109 77 42
4 42 85 107 75
4 75 112 85 50
4 31 80 107 109
4 31 29 107 112
4 80 112 109 29
4 50 107 109 39
4 50 42 112 107
4 42 39 109 112
4 19 116 91 61
4 19 48 93 116
4 19 92 91 15
4 16 93 98 19
4 16 92 105 18
4 18 116 92 40
4 12 40 94 98
4 12 105 94 48
4 28 98 116 17
4 17 15 98 105
4 61 15 116 92
4 28 105 116 15
4 40 105 98 48
4 16 116 98 48
4 40 16 116 105
4 48 93 117 70
4 65 84 117 70
4 93 52 70 94
4 84 68 70 85
4 12 18 117 85
4 52 18 105 85
4 32 105 94 68
4 28 94 117 32
4 65 85 117 68
4 68 28 105 117
4 94 48 52 117
4 12 52 117 105
4 63 87 115 82
4 82 102 87 58
4 27 76 115 60
4 58 76 111 60
4 27 101 102 30
4 63 30 111 101
4 43 111 102 81
4 43 42 102 115
4 81 115 111 42
4 102 63 27 111
4 63 58 115 102
4 111 27 58 115
4 11 88 116 19
4 19 103 88 16
4 41 64 90 103
4 41 11 90 100
4 17 91 100 103
4 58 17 116 100
4 92 100 86 16
4 86 116 92 64
4 64 11 103 100
4 11 103 116 16
4 16 116 100 64
4 58 91 116 103
4 62 76 118 86
4 86 49 77 118
4 74 86 88 76
4 75 86 96 77
4 89 87 74 96
4 74 118 88 62
4 66 74 118 89
4 88 75 95 89
4 71 76 118 95
4 72 95 118 88
4 76 87 95 77
4 96 49 75 118
4 72 89 118 75
4 77 118 87 71
4 66 96 118 87
4 19 119 101 11
4 27 33 119 101
4 19 44 101 90
4 33 60 101 78
4 19 33 82 92
4 92 10 33 119
4 78 119 92 41
4 44 92 100 78
4 44 119 90 11
4 41 44 119 100
4 100 90 60 82
4 19 10 82 119
4 82 119 90 58
4 27 78 119 60
4 60 119 100 58
4 33 114 96 13
4 33 110 96 29
4 15 51 106 110
4 13 15 113 106
4 29 98 113 74
4 51 98 114 74
4 84 113 110 32
4 68 32 114 113
4 13 110 114 29
4 13 51 113 110
4 51 113 114 29
4 68 110 114 84
4 56 90 113 68
4 68 110 90 67
4 60 59 89 110
4 60 115 89 56
4 87 115 94 67
4 59 87 113 94
4 15 113 115 17
4 17 91 113 110
4 91 115 110 15
4 67 56 110 113
4 67 59 115 113
4 56 59 115 110
4 75 78 106 95
4 63 78 118 87
4 50 95 118 78
4 101 78 74 87
4 42 101 118 77
4 75 77 111 101
4 39 111 102 50
4 39 106 102 42
4 74 76 111 106
4 30 76 118 106
4 74 118 101 63
4 74 30 111 118
4 50 106 111 42
4 75 118 106 50
4 42 75 118 111
4 60 82 85 70
4 40 92 119 70
4 70 57 82 119
4 70 94 92 44
4 28 98 119 60
4 57 60 119 85
4 94 60 33 98
4 44 19 98 85
4 12 19 119 85
4 28 33 119 94
4 12 98 119 44
4 44 119 94 40
4 85 117 95 50
4 85 102 95 52
4 70 52 77 111
4 77 39 70 117
4 30 32 117 102
4 84 32 111 102
4 30 111 117 84
4 52 117 102 50
4 39 52 117 111
4 15 96 109 19
4 13 96 116 19
4 29 13 97 107
4 51 29 109 97
4 52 107 116 18
4 18 93 107 109
4 86 116 98 51
4 15 98 107 86
4 13 109 107 51
4 15 116 109 13
4 51 15 116 107
4 93 116 109 52
4 78 103 88 75
4 78 41 88 118
4 58 76 118 90
4 87 76 103 90
4 64 101 118 86
4 86 75 101 90
4 41 103 118 75
4 64 75 118 90
4 87 118 103 58
4 70 44 78 106
4 13 19 119 106
4 39 44 119 106
4 33 19 97 106
4 29 98 119 78
4 78 33 98 107
4 13 97 119 33
4 29 107 119 33
4 52 85 119 97
4 70 85 107 97
4 70 119 78 39
4 52 107 119 70
4 31 32 110 103
4 32 114 103 14
4 17 115 111 14
4 43 111 110 17
4 43 105 114 76
4 76 31 105 115
4 33 60 115 114
4 33 82 115 110
4 31 14 110 114
4 14 43 115 110
4 43 115 114 31
4 82 114 110 60
4 67 59 104 97
4 56 59 108 97
4 68 94 108 95
4 67 94 117 95
4 70 117 89 56
4 68 70 104 89
4 93 108 104 18
4 18 117 108 16
4 16 93 117 104
4 67 108 104 56
4 67 68 117 108
4 56 104 117 68
4 83 100 114 84
4 80 100 113 84
4 82 80 99 115
4 82 81 99 114
4 81 91 113 102
4 91 83 102 115
4 87 113 114 76
4 74 113 115 76
4 74 87 115 114
4 80 114 113 83
4 81 83 113 115
4 80 81 115 114
4 95 67 90 118
4 97 90 87 95
4 89 104 101 87
4 59 89 118 101
4 88 118 97 16
4 86 88 104 97
4 16 104 118 86
4 67 97 118 87
4 59 104 118 87
4 85 42 101 119
4 102 85 44 101
4 30 106 119 82
4 33 82 102 106
4 30 33 119 102
4 42 102 119 44
4 18 14 103 116
4 18 17 103 109
4 31 109 104 43
4 14 104 112 31
4 92 112 109 19
4 19 116 112 44
4 88 112 105 17
4 43 105 116 88
4 14 43 112 109
4 17 14 109 116
4 43 112 116 17
4 44 92 116 109
4 29 96 118 78
4 96 74 78 109
4 97 109 77 95
4 52 77 118 97
4 86 74 106 97
4 51 106 118 86
4 74 29 109 118
4 51 97 118 74
4 52 95 118 109
4 18 117 111 14
4 18 32 111 104
4 31 77 117 105
4 32 105 112 77
4 85 117 104 44
4 44 70 117 112
4 14 32 117 104
4 32 117 112 31
4 70 85 112 104
4 56 97 119 60
4 70 97 90 60
4 70 106 113 94
4 94 119 106 68
4 90 119 98 15
4 90 113 98 19
4 19 119 113 15
4 56 90 119 70
4 68 113 119 70
4 94 119 101 59
4 101 60 94 108
4 19 92 108 97
4 16 92 119 97
4 19 16 108 119
4 59 108 119 60
4 81 80 107 108
4 81 83 107 112
4 93 117 102 83
4 84 93 108 102
4 85 112 99 84
4 85 117 99 80
4 77 75 108 117
4 95 108 112 77
4 75 95 117 112
4 83 80 112 108
4 84 117 108 83
4 80 112 117 84
4 93 107 100 91
4 93 116 100 83
4 81 92 116 99
4 92 112 99 91
4 88 86 107 112
4 75 107 116 88
4 75 86 116 112
4 91 83 107 116
4 81 112 116 91
4 90 110 96 86
4 15 96 118 90
4 106 68 89 118
4 95 89 110 106
4 86 15 110 118
4 68 110 118 95
4 33 114 116 19
4 98 114 103 19
4 96 116 105 32
4 18 96 114 105
4 32 114 116 18
4 103 116 98 33
4 77 109 103 76
4 31 103 118 77
4 44 78 118 104
4 101 104 109 78
4 43 88 118 111
4 88 104 111 76
4 31 76 118 109
4 43 104 118 76
4 101 118 109 44
4 60 111 117 94
4 70 94 115 111
4 17 89 117 105
4 89 115 105 18
4 18 17 115 117
4 60 115 117 70
4 82 100 107 85
4 80 82 119 107
4 84 102 119 98
4 98 113 102 85
4 74 106 119 100
4 100 113 106 78
4 74 113 119 78
4 85 80 100 119
4 85 84 113 119
4 102 108 92 82
4 81 102 119 92
4 75 107 119 101
4 101 78 107 108
4 75 108 119 78
4 82 119 108 81
4 94 91 99 117
4 93 99 115 94
4 89 115 102 95
4 89 87 102 117
4 87 95 117 115
4 91 93 117 115
4 93 99 114 98
4 98 116 99 84
4 96 74 100 116
4 96 114 100 86
4 86 74 114 116
4 84 93 116 114
4 89 118 103 17
4 103 88 89 110
4 101 90 110 111
4 60 111 118 90
4 17 110 118 88
4 60 110 118 101
4 78 106 110 103
4 33 110 118 78
4 77 111 110 96
4 32 96 118 111
4 77 32 110 118
4 33 103 118 106
4 102 115 105 85
4 82 102 117 105
4 99 117 111 76
4 99 115 111 77
4 76 115 117 77
4 85 117 115 82
4 91 92 119 113
4 94 92 100 113
4 98 94 108 107
4 93 98 119 108
4 86 97 119 100
4 90 97 107 100
4 90 86 107 119
4 91 100 119 94
4 94 119 107 93
4 101 102 113 90
4 101 87 113 119
4 87 102 119 90
4 82 100 116 105
4 92 100 114 105
4 103 88 99 114
4 76 103 116 99
4 88 116 114 76
4 82 114 116 92
4 89 104 109 96
4 89 18 109 118
4 70 111 118 97
4 111 106 97 104
4 106 70 104 118
4 96 118 104 18
4 19 90 118 109
4 109 103 90 97
4 103 19 97 118
4 92 108 117 105
4 105 94 108 112
4 89 104 112 99
4 99 117 104 88
4 89 88 112 117
4 94 117 112 92
4 106 119 108 95
4 106 102 108 97
4 95 97 119 102
4 98 107 112 105
4 107 116 105 85
4 109 77 99 116
4 99 112 109 96
4 98 116 112 85
4 96 116 112 77
4 103 109 107 100
4 100 116 109 78
4 107 116 103 78
4 94 113 114 105
4 105 115 113 98
4 99 115 110 96
4 89 99 114 110
4 98 114 115 94
4 96 114 115 89
4 102 108 104 111
4 111 101 108 117
4 102 101 104 117
4 100 114 110 90
4 103 100 113 110
4 103 90 113 114
4 106 113 115 111
4 111 102 113 110
4 102 115 110 106
4 109 107 108 104
4 104 97 107 112
4 97 108 112 109

# Cells
32 0 1 2 3 4 5 6 7 8 9 10 11 12 13 14 15 16 17 18 19 20 21 22 23 24 25 26 27 28 29 30 31
32 32 33 34 35 36 37 38 39 40 41 42 43 44 45 46 47 48 49 50 51 52 53 54 55 56 57 58 59 60 61 62 63
32 34 64 65 66 67 68 69 70 71 72 73 74 75 76 77 78 79 80 81 82 83 84 85 86 87 88 89 90 91 92 93 94
32 41 95 96 97 98 99 100 101 102 103 104 105 106 107 108 109 110 111 112 113 114 115 116 117 118 119 120 121 122 123 124 125
32 2 66 126 127 128 129 130 131 132 133 134 135 136 137 138 139 140 141 142 143 144 145 146 147 148 149 150 151 152 153 154 155
32 71 130 156 157 158 159 160 161 162 163 164 165 166 167 168 169 170 171 172 173 174 175 176 177 178 179 180 181 182 183 184 185
32 8 98 186 187 188 189 190 191 192 193 194 195 196 197 198 199 200 201 202 203 204 205 206 207 208 209 210 211 212 213 214 215
32 1 33 101 195 216 217 218 219 220 221 222 223 224 225 226 227 228 229 230 231 232 233 234 235 236 237 238 239 240 241 242 243
32 102 167 190 244 245 246 247 248 249 250 251 252 253 254 255 256 257 258 259 260 261 262 263 264 265 266 267 268 269 270 271 272
32 12 139 159 201 246 273 274 275 276 277 278 279 280 281 282 283 284 285 286 287 288 289 290 291 292 293 294 295 296 297 298 299
32 7 39 70 133 227 300 301 302 303 304 305 306 307 308 309 310 311 312 313 314 315 316 317 318 319 320 321 322 323 324 325 326
32 44 75 107 163 254 327 328 329 330 331 332 333 334 335 336 337 338 339 340 341 342 343 344 345 346 347 348 349 350 351 352 353
32 345 354 355 356 357 358 359 360 361 362 363 364 365 366 367 368 369 370 371 372 373 374 375 376 377 378 379 380 381 382 383 384
32 68 166 332 356 385 386 387 388 389 390 391 392 393 394 395 396 397 398 399 400 401 402 403 404 405 406 407 408 409 410 411 412
32 96 251 329 362 413 414 415 416 417 418 419 420 421 422 423 424 425 426 427 428 429 430 431 432 433 434 435 436 437 438 439 440
32 36 104 338 355 423 441 442 443 444 445 446 447 448 449 450 451 452 453 454 455 456 457 458 459 460 461 462 463 464 465 466 467
32 157 248 337 366 399 427 468 469 470 471 472 473 474 475 476 477 478 479 480 481 482 483 484 485 486 487 488 489 490 491 492 493
32 40 73 340 361 395 454 494 495 496 497 498 499 500 501 502 503 504 505 506 507 508 509 510 511 512 513 514 515 516 517 518 519
32 20 50 83 112 142 170 198 232 261 286 315 343 520 521 522 523 524 525 526 527 528 529 530 531 532 533 534 535 536 537 538 539
32 291 540 541 542 543 544 545 546 547 548 549 550 551 552 553 554 555 556 557 558 559 560 561 562 563 564 565 566 567 568 569 570
32 128 173 278 543 571 572 573 574 575 576 577 578 579 580 581 582 583 584 585 586 587 588 589 590 591 592 593 594 595 596 597 598
32 187 257 274 548 599 600 601 602 603 604 605 606 607 608 609 610 611 612 613 614 615 616 617 618 619 620 621 622 623 624 625 626
32 4 196 281 541 616 627 628 629 630 631 632 633 634 635 636 637 638 639 640 641 642 643 644 645 646 647 648 649 650 651 652 653
32 162 255 285 485 552 581 607 654 655 656 657 658 659 660 661 662 663 664 665 666 667 668 669 670 671 672 673 674 675 676 677 678
32 10 134 289 547 588 640 679 680 681 682 683 684 685 686 687 688 689 690 691 692 693 694 695 696 697 698 699 700 701 702 703 704
32 208 603 628 705 706 707 708 709 710 711 712 713 714 715 716 717 718 719 720 721 722 723 724 725 726 727 728 729 730 731 732 733
32 110 192 218 706 734 735 736 737 738 739 740 741 742 743 744 745 746 747 748 749 750 751 752 753 754 755 756 757 758 759 760 761
32 106 203 259 430 614 715 750 762 763 764 765 766 767 768 769 770 771 772 773 774 775 776 777 778 779 780 781 782 783 784 785 786
32 14 205 228 642 711 747 787 788 789 790 791 792 793 794 795 796 797 798 799 800 801 802 803 804 805 806 807 808 809 810 811 812
32 478 662 813 814 815 816 817 818 819 820 821 822 823 824 825 826 827 828 829 830 831 832 833 834 835 836 837 838 839 840 841 842
32 176 386 472 572 659 815 843 844 845 846 847 848 849 850 851 852 853 854 855 856 857 858 859 860 861 862 863 864 865 866 867 868
32 264 414 469 600 656 763 822 869 870 871 872 873 874 875 876 877 878 879 880 881 882 883 884 885 886 887 888 889 890 891 892 893
32 358 424 481 814 881 894 895 896 897 898 899 900 901 902 903 904 905 906 907 908 909 910 911 912 913 914 915 916 917 918 919 920
32 364 396 486 820 856 902 921 922 923 924 925 926 927 928 929 930 931 932 933 934 935 936 937 938 939 940 941 942 943 944 945 946
32 148 575 681 947 948 949 950 951 952 953 954 955 956 957 958 959 960 961 962 963 964 965 966 967 968 969 970 971 972 973 974 975
32 79 136 302 948 976 977 978 979 980 981 982 983 984 985 986 987 988 989 990 991 992 993 994 995 996 997 998 999 1000 1001 1002 1003
32 77 145 178 405 586 853 957 991 1004 1005 1006 1007 1008 1009 1010 1011 1012 1013 1014 1015 1016 1017 1018 1019 1020 1021 1022 1023 1024 1025 1026 1027
32 16 140 311 693 953 989 1028 1029 1030 1031 1032 1033 1034 1035 1036 1037 1038 1039 1040 1041 1042 1043 1044 1045 1046 1047 1048 1049 1050 1051 1052 1053
32 116 417 442 735 766 1054 1055 1056 1057 1058 1059 1060 1061 1062 1063 1064 1065 1066 1067 1068 1069 1070 1071 1072 1073 1074 1075 1076 1077 1078 1079 1080
32 46 118 230 458 743 1060 1081 1082 1083 1084 1085 1086 1087 1088 1089 1090 1091 1092 1093 1094 1095 1096 1097 1098 1099 1100 1101 1102 1103 1104 1105 1106
32 428 772 873 895 1056 1107 1108 1109 1110 1111 1112 1113 1114 1115 1116 1117 1118 1119 1120 1121 1122 1123 1124 1125 1126 1127 1128 1129 1130 1131 1132 1133
32 368 433 455 904 1068 1112 1134 1135 1136 1137 1138 1139 1140 1141 1142 1143 1144 1145 1146 1147 1148 1149 1150 1151 1152 1153 1154 1155 1156 1157 1158 1159
32 544 613 669 817 879 1160 1161 1162 1163 1164 1165 1166 1167 1168 1169 1170 1171 1172 1173 1174 1175 1176 1177 1178 1179 1180 1181 1182 1183 1184 1185 1186
32 550 585 672 821 854 1165 1187 1188 1189 1190 1191 1192 1193 1194 1195 1196 1197 1198 1199 1200 1201 1202 1203 1204 1205 1206 1207 1208 1209 1210 1211 1212
32 237 739 789 1083 1213 1214 1215 1216 1217 1218 1219 1220 1221 1222 1223 1224 1225 1226 1227 1228 1229 1230 1231 1232 1233 1234 1235 1236 1237 1238 1239 1240
32 53 221 305 1093 1214 1241 1242 1243 1244 1245 1246 1247 1248 1249 1250 1251 1252 1253 1254 1255 1256 1257 1258 1259 1260 1261 1262 1263 1264 1265 1266 1267
32 18 224 308 800 1040 1219 1255 1268 1269 1270 1271 1272 1273 1274 1275 1276 1277 1278 1279 1280 1281 1282 1283 1284 1285 1286 1287 1288 1289 1290 1291 1292
32 86 389 496 977 1007 1293 1294 1295 1296 1297 1298 1299 1300 1301 1302 1303 1304 1305 1306 1307 1308 1309 1310 1311 1312 1313 1314 1315 1316 1317 1318 1319
32 48 81 313 510 987 1251 1301 1320 1321 1322 1323 1324 1325 1326 1327 1328 1329 1330 1331 1332 1333 1334 1335 1336 1337 1338 1339 1340 1341 1342 1343 1344
32 403 847 923 1011 1294 1345 1346 1347 1348 1349 1350 1351 1352 1353 1354 1355 1356 1357 1358 1359 1360 1361 1362 1363 1364 1365 1366 1367 1368 1369 1370 1371
32 370 400 505 930 1305 1350 1372 1373 1374 1375 1376 1377 1378 1379 1380 1381 1382 1383 1384 1385 1386 1387 1388 1389 1390 1391 1392 1393 1394 1395 1396 1397
32 608 708 777 876 1109 1161 1398 1399 1400 1401 1402 1403 1404 1405 1406 1407 1408 1409 1410 1411 1412 1413 1414 1415 1416 1417 1418 1419 1420 1421 1422 1423
32 554 621 643 717 1167 1403 1424 1425 1426 1427 1428 1429 1430 1431 1432 1433 1434 1435 1436 1437 1438 1439 1440 1441 1442 1443 1444 1445 1446 1447 1448 1449
32 713 742 781 1061 1113 1402 1450 1451 1452 1453 1454 1455 1456 1457 1458 1459 1460 1461 1462 1463 1464 1465 1466 1467 1468 1469 1470 1471 1472 1473 1474 1475
32 320 980 1029 1245 1272 1321 1476 1477 1478 1479 1480 1481 1482 1483 1484 1485 1486 1487 1488 1489 1490 1491 1492 1493 1494 1495 1496 1497 1498 1499 1500 1501
32 459 1063 1086 1136 1502 1503 1504 1505 1506 1507 1508 1509 1510 1511 1512 1513 1514 1515 1516 1517 1518 1519 1520 1521 1522 1523 1524 1525 1526 1527 1528 1529
32 372 451 502 1140 1377 1508 1530 1531 1532 1533 1534 1535 1536 1537 1538 1539 1540 1541 1542 1543 1544 1545 1546 1547 1548 1549 1550 1551 1552 1553 1554 1555
32 56 445 499 1088 1242 1324 1503 1540 1556 1557 1558 1559 1560 1561 1562 1563 1564 1565 1566 1567 1568 1569 1570 1571 1572 1573 1574 1575 1576 1577 1578 1579
32 582 850 950 1017 1189 1347 1580 1581 1582 1583 1584 1585 1586 1587 1588 1589 1590 1591 1592 1593 1594 1595 1596 1597 1598 1599 1600 1601 1602 1603 1604 1605
32 556 591 694 959 1193 1585 1606 1607 1608 1609 1610 1611 1612 1613 1614 1615 1616 1617 1618 1619 1620 1621 1622 1623 1624 1625 1626 1627 1628 1629 1630 1631
32 826 888 908 1116 1170 1406 1632 1633 1634 1635 1636 1637 1638 1639 1640 1641 1642 1643 1644 1645 1646 1647 1648 1649 1650 1651 1652 1653 1654 1655 1656 1657
32 955 986 1022 1302 1352 1584 1658 1659 1660 1661 1662 1663 1664 1665 1666 1667 1668 1669 1670 1671 1672 1673 1674 1675 1676 1677 1678 1679 1680 1681 1682 1683
32 511 1298 1328 1373 1531 1560 1684 1685 1686 1687 1688 1689 1690 1691 1692 1693 1694 1695 1696 1697 1698 1699 1700 1701 1702 1703 1704 1705 1706 1707 1708 1709
32 645 719 795 1426 1710 1711 1712 1713 1714 1715 1716 1717 1718 1719 1720 1721 1722 1723 1724 1725 1726 1727 1728 1729 1730 1731 1732 1733 1734 1735 1736 1737
32 558 637 687 1430 1612 1716 1738 1739 1740 1741 1742 1743 1744 1745 1746 1747 1748 1749 1750 1751 1752 1753 1754 1755 1756 1757 1758 1759 1760 1761 1762 1763
32 24 631 683 791 1032 1269 1710 1738 1764 1765 1766 1767 1768 1769 1770 1771 1772 1773 1774 1775 1776 1777 1778 1779 1780 1781 1782 1783 1784 1785 1786 1787
32 751 1066 1097 1216 1452 1505 1788 1789 1790 1791 1792 1793 1794 1795 1796 1797 1798 1799 1800 1801 1802 1803 1804 1805 1806 1807 1808 1809 1810 1811 1812 1813
32 721 754 802 1221 1456 1714 1793 1814 1815 1816 1817 1818 1819 1820 1821 1822 1823 1824 1825 1826 1827 1828 1829 1830 1831 1832 1833 1834 1835 1836 1837 1838
32 828 862 932 1196 1354 1588 1839 1840 1841 1842 1843 1844 1845 1846 1847 1848 1849 1850 1851 1852 1853 1854 1855 1856 1857 1858 1859 1860 1861 1862 1863 1864
32 1101 1224 1252 1510 1563 1792 1865 1866 1867 1868 1869 1870 1871 1872 1873 1874 1875 1876 1877 1878 1879 1880 1881 1882 1883 1884 1885 1886 1887 1888 1889 1890
32 696 961 1038 1607 1743 1768 1891 1892 1893 1894 1895 1896 1897 1898 1899 1900 1901 1902 1903 1904 1905 1906 1907 1908 1909 1910 1911 1912 1913 1914 1915 1916
32 913 1121 1145 1634 1917 1918 1919 1920 1921 1922 1923 1924 1925 1926 1927 1928 1929 1930 1931 1932 1933 1934 1935 1936 1937 1938 1939 1940 1941 1942 1943 1944
32 832 910 934 1638 1845 1923 1945 1946 1947 1948 1949 1950 1951 1952 1953 1954 1955 1956 1957 1958 1959 1960 1961 1962 1963 1964 1965 1966 1967 1968 1969 1970
32 377 898 926 1142 1380 1534 1918 1946 1971 1972 1973 1974 1975 1976 1977 1978 1979 1980 1981 1982 1983 1984 1985 1986 1987 1988 1989 1990 1991 1992 1993 1994
32 994 1309 1335 1478 1660 1686 1995 1996 1997 1998 1999 2000 2001 2002 2003 2004 2005 2006 2007 2008 2009 2010 2011 2012 2013 2014 2015 2016 2017 2018 2019 2020
32 963 996 1044 1485 1664 1893 2000 2021 2022 2023 2024 2025 2026 2027 2028 2029 2030 2031 2032 2033 2034 2035 2036 2037 2038 2039 2040 2041 2042 2043 2044 2045
32 1074 1123 1149 1459 1513 1796 1920 2046 2047 2048 2049 2050 2051 2052 2053 2054 2055 2056 2057 2058 2059 2060 2061 2062 2063 2064 2065 2066 2067 2068 2069 2070
32 1257 1337 1482 1569 1690 1867 1999 2071 2072 2073 2074 2075 2076 2077 2078 2079 2080 2081 2082 2083 2084 2085 2086 2087 2088 2089 2090 2091 2092 2093 2094 2095
32 805 1226 1280 1718 1773 1818 2096 2097 2098 2099 2100 2101 2102 2103 2104 2105 2106 2107 2108 2109 2110 2111 2112 2113 2114 2115 2116 2117 2118 2119 2120 2121
32 939 1357 1385 1841 1950 1975 2122 2123 2124 2125 2126 2127 2128 2129 2130 2131 2132 2133 2134 2135 2136 2137 2138 2139 2140 2141 2142 2143 2144 2145 2146 2147
32 1179 1411 1435 1640 2148 2149 2150 2151 2152 2153 2154 2155 2156 2157 2158 2159 2160 2161 2162 2163 2164 2165 2166 2167 2168 2169 2170 2171 2172 2173 2174 2175
32 835 1176 1200 1643 1849 1953 2154 2176 2177 2178 2179 2180 2181 2182 2183 2184 2185 2186 2187 2188 2189 2190 2191 2192 2193 2194 2195 2196 2197 2198 2199 2200
32 564 1172 1198 1433 1614 1746 2149 2178 2201 2202 2203 2204 2205 2206 2207 2208 2209 2210 2211 2212 2213 2214 2215 2216 2217 2218 2219 2220 2221 2222 2223 2224
32 1228 1261 1286 1489 1871 2076 2102 2225 2226 2227 2228 2229 2230 2231 2232 2233 2234 2235 2236 2237 2238 2239 2240 2241 2242 2243 2244 2245 2246 2247 2248 2249
32 1313 1361 1388 1667 1693 2003 2124 2250 2251 2252 2253 2254 2255 2256 2257 2258 2259 2260 2261 2262 2263 2264 2265 2266 2267 2268 2269 2270 2271 2272 2273 2274
32 727 1413 1437 1461 1720 1821 2150 2275 2276 2277 2278 2279 2280 2281 2282 2283 2284 2285 2286 2287 2288 2289 2290 2291 2292 2293 2294 2295 2296 2297 2298 2299
32 1046 1283 1487 1775 1897 2025 2098 2229 2300 2301 2302 2303 2304 2305 2306 2307 2308 2309 2310 2311 2312 2313 2314 2315 2316 2317 2318 2319 2320 2321 2322 2323
32 1153 1515 1543 1925 1980 2051 2324 2325 2326 2327 2328 2329 2330 2331 2332 2333 2334 2335 2336 2337 2338 2339 2340 2341 2342 2343 2344 2345 2346 2347 2348 2349
32 1205 1593 1619 1847 2183 2205 2350 2351 2352 2353 2354 2355 2356 2357 2358 2359 2360 2361 2362 2363 2364 2365 2366 2367 2368 2369 2370 2371 2372 2373 2374 2375
32 1126 1417 1463 1645 1927 2055 2155 2285 2376 2377 2378 2379 2380 2381 2382 2383 2384 2385 2386 2387 2388 2389 2390 2391 2392 2393 2394 2395 2396 2397 2398 2399
32 1517 1549 1574 1697 1874 2079 2330 2400 2401 2402 2403 2404 2405 2406 2407 2408 2409 2410 2411 2412 2413 2414 2415 2416 2417 2418 2419 2420 2421 2422 2423 2424
32 969 1596 1621 1669 1900 2028 2352 2425 2426 2427 2428 2429 2430 2431 2432 2433 2434 2435 2436 2437 2438 2439 2440 2441 2442 2443 2444 2445 2446 2447 2448 2449
32 1390 1546 1695 1982 2128 2255 2326 2405 2450 2451 2452 2453 2454 2455 2456 2457 2458 2459 2460 2461 2462 2463 2464 2465 2466 2467 2468 2469 2470 2471 2472 2473
32 1444 1723 1751 2158 2210 2280 2474 2475 2476 2477 2478 2479 2480 2481 2482 2483 2484 2485 2486 2487 2488 2489 2490 2491 2492 2493 2494 2495 2496 2497 2498 2499
32 1468 1801 1826 2053 2282 2382 2500 2501 2502 2503 2504 2505 2506 2507 2508 2509 2510 2511 2512 2513 2514 2515 2516 2517 2518 2519 2520 2521 2522 2523 2524 2525
32 1365 1599 1671 1854 2131 2259 2358 2435 2526 2527 2528 2529 2530 2531 2532 2533 2534 2535 2536 2537 2538 2539 2540 2541 2542 2543 2544 2545 2546 2547 2548 2549
32 1727 1755 1782 1904 2105 2307 2480 2550 2551 2552 2553 2554 2555 2556 2557 2558 2559 2560 2561 2562 2563 2564 2565 2566 2567 2568 2569 2570 2571 2572 2573 2574
32 1235 1804 1828 1876 2107 2232 2502 2575 2576 2577 2578 2579 2580 2581 2582 2583 2584 2585 2586 2587 2588 2589 2590 2591 2592 2593 2594 2595 2596 2597 2598 2599
32 1625 1753 1902 2214 2356 2430 2476 2555 2600 2601 2602 2603 2604 2605 2606 2607 2608 2609 2610 2611 2612 2613 2614 2615 2616 2617 2618 2619 2620 2621 2622 2623
32 1652 1930 1958 2163 2188 2386 2624 2625 2626 2627 2628 2629 2630 2631 2632 2633 2634 2635 2636 2637 2638 2639 2640 2641 2642 2643 2644 2645 2646 2647 2648 2649
32 1676 2008 2033 2257 2432 2532 2650 2651 2652 2653 2654 2655 2656 2657 2658 2659 2660 2661 2662 2663 2664 2665 2666 2667 2668 2669 2670 2671 2672 2673 2674 2675
32 1523 1807 1878 2060 2335 2409 2508 2585 2676 2677 2678 2679 2680 2681 2682 2683 2684 2685 2686 2687 2688 2689 2690 2691 2692 2693 2694 2695 2696 2697 2698 2699
32 1934 1963 1989 2135 2333 2457 2630 2700 2701 2702 2703 2704 2705 2706 2707 2708 2709 2710 2711 2712 2713 2714 2715 2716 2717 2718 2719 2720 2721 2722 2723 2724
32 1496 2010 2035 2081 2237 2309 2652 2725 2726 2727 2728 2729 2730 2731 2732 2733 2734 2735 2736 2737 2738 2739 2740 2741 2742 2743 2744 2745 2746 2747 2748 2749
32 1729 1832 2109 2289 2483 2506 2558 2580 2750 2751 2752 2753 2754 2755 2756 2757 2758 2759 2760 2761 2762 2763 2764 2765 2766 2767 2768 2769 2770 2771 2772 2773
32 1859 1961 2133 2190 2361 2536 2626 2705 2774 2775 2776 2777 2778 2779 2780 2781 2782 2783 2784 2785 2786 2787 2788 2789 2790 2791 2792 2793 2794 2795 2796 2797
32 1883 2087 2239 2407 2582 2682 2729 2798 2799 2800 2801 2802 2803 2804 2805 2806 2807 2808 2809 2810 2811 2812 2813 2814 2815 2816 2817 2818 2819 2820 2821 2822
32 1703 2014 2083 2264 2414 2459 2658 2737 2805 2823 2824 2825 2826 2827 2828 2829 2830 2831 2832 2833 2834 2835 2836 2837 2838 2839 2840 2841 2842 2843 2844 2845
32 2166 2194 2219 2365 2485 2609 2635 2783 2846 2847 2848 2849 2850 2851 2852 2853 2854 2855 2856 2857 2858 2859 2860 2861 2862 2863 2864 2865 2866 2867 2868 2869
32 1909 2039 2311 2439 2560 2607 2656 2732 2870 2871 2872 2873 2874 2875 2876 2877 2878 2879 2880 2881 2882 2883 2884 2885 2886 2887 2888 2889 2890 2891 2892 2893
32 1937 2064 2337 2390 2511 2633 2686 2708 2894 2895 2896 2897 2898 2899 2900 2901 2902 2903 2904 2905 2906 2907 2908 2909 2910 2911 2912 2913 2914 2915 2916 2917
32 2114 2242 2316 2562 2587 2735 2757 2802 2876 2918 2919 2920 2921 2922 2923 2924 2925 2926 2927 2928 2929 2930 2931 2932 2933 2934 2935 2936 2937 2938 2939 2940
32 2168 2293 2392 2487 2515 2637 2759 2853 2903 2941 2942 2943 2944 2945 2946 2947 2948 2949 2950 2951 2952 2953 2954 2955 2956 2957 2958 2959 2960 2961 2962 2963
32 2141 2268 2461 2540 2661 2710 2781 2833 2964 2965 2966 2967 2968 2969 2970 2971 2972 2973 2974 2975 2976 2977 2978 2979 2980 2981 2982 2983 2984 2985 2986 2987
32 2342 2418 2466 2690 2712 2810 2835 2901 2971 2988 2989 2990 2991 2992 2993 2994 2995 2996 2997 2998 2999 3000 3001 3002 3003 3004 3005 3006 3007 3008 3009 3010
32 2368 2444 2542 2611 2665 2785 2855 2881 2973 3011 3012 3013 3014 3015 3016 3017 3018 3019 3020 3021 3022 3023 3024 3025 3026 3027 3028 3029 3030 3031 3032 3033
32 2492 2568 2616 2766 2859 2884 2928 2949 3019 3034 3035 3036 3037 3038 3039 3040 3041 3042 3043 3044 3045 3046 3047 3048 3049 3050 3051 3052 3053 3054 3055 3056
32 2520 2594 2693 2764 2813 2905 2931 2955 3000 3044 3057 3058 3059 3060 3061 3062 3063 3064 3065 3066 3067 3068 3069 3070 3071 3072 3073 3074 3075 3076 3077 3078
32 2643 2718 2790 2862 2910 2953 2980 2998 3024 3046 3069 3079 3080 3081 3082 3083 3084 3085 3086 3087 3088 3089 3090 3091 3092 3093 3094 3095 3096 3097 3098 3099
32 2670 2744 2815 2840 2886 2934 2977 3003 3026 3049 3071 3093 3100 3101 3102 3103 3104 3105 3106 3107 3108 3109 3110 3111 3112 3113 3114 3115 3116 3117 3118 3119
5 571 2676 3120 3121 3122
5 976 2376 3123 3124 3125
5 1241 2180 3126 3127 3128
5 734 2526 3129 3130 3131
5 599 2823 3132 3133 3134
5 413 2870 3135 3136 3137
5 385 2750 3138 3139 3140
5 1268 1949 3141 3142 3143
5 441 2600 3144 3145 3146
5 1028 1922 3147 3148 3149
5 468 2918 3150 3151 3152
5 787 2126 3153 3154 3155
5 494 2474 3156 3157 3158
5 654 2801 3159 3160 3161
5 627 2450 3162 3163 3164
5 1320 2153 3165 3166 3167
5 679 2324 3168 3169 3170
5 1082 2354 3171 3172 3173
5 762 2654 3174 3175 3176
5 1004 2504 3177 3178 3179
5 869 2725 3180 3181 3182
5 843 2575 3183 3184 3185
5 1293 2275 3186 3187 3188
5 1556 2201 3189 3190 3191
5 1054 2425 3192 3193 3194
5 126 2894 3195 3196 3197
5 1530 1742 3198 3199 3200
5 186 2964 3201 3202 3203
5 273 2988 3204 3205 3206
5 216 2774 3207 3208 3209
5 1372 1715 3210 3211 3212
5 300 2624 3213 3214 3215
5 1134 1895 3216 3217 3218
5 894 2300 3219 3220 3221
5 1327 2148 3222 3223 3224
5 661 2798 3225 3226 3227
5 921 2096 3228 3229 3230
5 1085 2350 3231 3232 3233
5 771 2650 3234 3235 3236
5 1010 2500 3237 3238 3239
5 844 2576 3240 3241 3242
5 947 2046 3228 3243 3244
5 1764 1971 3245 3246 3247
5 705 2250 3219 3248 3249
5 870 2726 3250 3251 3252
5 95 3011 3253 3254 3255
5 64 2941 3256 3257 3258
5 217 2775 3259 3260 3261
5 1507 1606 3262 3263 3264
5 327 3034 3265 3266 3267
5 1424 1688 3268 3269 3270
5 301 2625 3271 3272 3273
5 477 2921 3274 3275 3276
5 1160 2071 3192 3277 3278
5 1037 1917 3231 3279 3280
5 1187 1865 3186 3281 3282
5 794 2122 3223 3283 3284
5 775 2651 3285 3286 3287
5 1015 2501 3288 3289 3290
5 872 2728 3291 3292 3293
5 1055 2426 3294 3295 3296
5 1213 1843 3216 3297 3298
5 1770 1977 3299 3300 3301
5 542 2400 3220 3302 3303
5 35 2847 3304 3305 3306
5 156 3057 3307 3308 3309
5 1399 1996 3183 3310 3311
5 426 2874 3312 3313 3314
5 1277 1945 3237 3315 3316
5 334 3037 3317 3318 3319
5 127 2895 3320 3321 3322
5 1349 1817 3323 3324 3325
5 304 2632 3326 3327 3328
5 1429 1685 3329 3330 3331
5 1450 1658 3189 3332 3333
5 686 2329 3224 3334 3335
5 667 2799 3336 3337 3338
5 1094 2351 3339 3340 3341
5 601 2824 3342 3343 3344
5 573 2677 3345 3346 3347
5 1345 1814 3168 3271 3348
5 1107 2021 3162 3259 3349
5 67 2942 3350 3351 3352
5 97 3012 3353 3354 3355
5 520 3079 3356 3357 3358
5 443 2601 3248 3359 3360
5 1218 1840 3268 3361 3362
5 495 2475 3243 3363 3364
5 1480 1633 3262 3365 3366
5 284 2991 3367 3368 3369
5 1162 2072 3129 3370 3371
5 1376 1711 3171 3372 3373
5 1188 1866 3123 3374 3375
5 1138 1891 3166 3376 3377
5 769 2659 3378 3379 3380
5 1008 2509 3381 3382 3383
5 1295 2276 3384 3385 3386
5 549 2403 3229 3387 3388
5 1476 1636 3210 3389 3390
5 1771 1978 3391 3392 3393
5 846 2578 3330 3394 3395
5 244 3100 3396 3397 3398
5 42 2850 3399 3400 3401
5 402 2755 3340 3402 3403
5 1278 1947 3235 3404 3405
5 1581 1789 3180 3406 3407
5 188 2965 3408 3409 3410
5 1111 2024 3411 3412 3413
5 335 3039 3414 3415 3416
5 1504 1611 3291 3417 3418
5 220 2780 3419 3420 3421
5 636 2454 3233 3422 3423
5 668 2800 3424 3425 3426
5 1333 2151 3312 3427 3428
5 707 2251 3345 3429 3430
5 1562 2207 3381 3431 3432
5 357 2551 3277 3433 3434
5 875 2734 3435 3436 3437
5 606 2829 3438 3439 3440
5 1108 2022 3240 3441 3442
5 1250 2176 3288 3443 3444
5 3 2701 3370 3445 3446
5 161 3060 3447 3448 3449
5 65 2943 3450 3451 3452
5 280 2992 3453 3454 3455
5 1583 1791 3456 3457 3458
5 1139 1892 3459 3460 3461
5 307 2629 3372 3462 3463
5 480 2922 3464 3465 3466
5 1454 1662 3245 3467 3468
5 501 2479 3279 3469 3470
5 799 2123 3471 3472 3473
5 736 2527 3474 3475 3476
5 1502 1610 3153 3326 3477
5 816 2226 3163 3320 3478
5 604 2826 3479 3480 3481
5 158 3058 3482 3483 3484
5 37 2848 3485 3486 3487
5 204 2969 3488 3489 3490
5 1400 1997 3120 3491 3492
5 1539 1739 3177 3493 3494
5 665 2806 3495 3496 3497
5 387 2751 3302 3498 3499
5 952 2050 3329 3500 3501
5 526 3083 3502 3503 3504
5 1477 1637 3323 3505 3506
5 498 2482 3297 3507 3508
5 1451 1659 3126 3509 3510
5 929 2101 3167 3511 3512
5 1089 2359 3513 3514 3515
5 388 2752 3295 3516 3517
5 1580 1788 3156 3213 3518
5 1398 1995 3144 3207 3519
5 415 2871 3385 3520 3521
5 189 2966 3522 3523 3524
5 129 2896 3475 3525 3526
5 525 3082 3527 3528 3529
5 629 2451 3193 3485 3530
5 764 2655 3392 3531 3532
5 896 2301 3130 3304 3533
5 680 2325 3187 3534 3535
5 336 3038 3536 3537 3538
5 1005 2505 3300 3539 3540
5 1428 1684 3147 3419 3541
5 922 2097 3124 3399 3542
5 1058 2428 3269 3543 3544
5 1765 1972 3545 3546 3547
5 1481 1632 3198 3548 3549
5 1557 2202 3412 3550 3551
5 712 2253 3217 3552 3553
5 72 2947 3554 3555 3556
5 250 3104 3557 3558 3559
5 457 2605 3289 3424 3560
5 1042 1921 3226 3561 3562
5 328 3036 3563 3564 3565
5 275 2990 3566 3567 3568
5 819 2228 3384 3569 3570
5 131 2900 3571 3572 3573
5 1334 2152 3275 3574 3575
5 641 2455 3239 3576 3577
5 1346 1815 3250 3578 3579
5 776 2653 3403 3580 3581
5 849 2584 3460 3582 3583
5 1565 2208 3378 3584 3585
5 949 2047 3342 3569 3586
5 363 2554 3281 3587 3588
5 9 2704 3374 3589 3590
5 1254 2177 3285 3591 3592
5 580 2680 3472 3580 3593
5 249 3103 3594 3595 3596
5 283 2993 3597 3598 3599
5 99 3013 3600 3601 3602
5 1401 1998 3545 3603 3604
5 223 2778 3376 3605 3606
5 1378 1712 3435 3607 3608
5 484 2923 3576 3609 3610
5 450 2604 3283 3611 3612
5 1041 1919 3438 3613 3614
5 576 2685 3505 3615 3616
5 978 2377 3522 3617 3618
5 823 2230 3169 3408 3619
5 43 2851 3534 3620 3621
5 247 3102 3622 3623 3624
5 146 2899 3514 3625 3626
5 1582 1790 3132 3627 3628
5 1541 1740 3175 3629 3630
5 416 2872 3387 3631 3632
5 666 2807 3633 3634 3635
5 710 2254 3417 3636 3637
5 527 3084 3638 3639 3640
5 446 2606 3389 3641 3642
5 1215 1844 3411 3479 3643
5 1330 2156 3488 3644 3645
5 903 2304 3173 3646 3647
5 878 2731 3648 3649 3650
5 354 2550 3310 3651 3652
5 540 2401 3441 3474 3653
5 1300 2279 3459 3513 3654
5 813 2225 3294 3429 3655
5 612 2828 3656 3657 3658
5 985 2379 3339 3471 3659
5 0 2700 3491 3660 3661
5 32 2846 3662 3663 3664
5 422 2873 3665 3666 3667
5 100 3014 3668 3669 3670
5 194 2967 3671 3672 3673
5 310 2628 3493 3674 3675
5 928 2100 3431 3676 3677
5 1191 1869 3299 3678 3679
5 504 2478 3315 3680 3681
5 691 2328 3443 3682 3683
5 418 2879 3684 3685 3686
5 737 2528 3351 3651 3687
5 818 2227 3145 3450 3688
5 574 2678 3433 3486 3689
5 1110 2023 3139 3662 3690
5 475 2926 3691 3692 3693
5 5 2702 3359 3498 3694
5 165 3062 3695 3696 3697
5 109 3016 3698 3699 3700
5 531 3088 3701 3702 3703
5 684 2332 3361 3704 3705
5 1484 1642 3457 3706 3707
5 1455 1663 3142 3708 3709
5 1192 1870 3149 3710 3711
5 792 2130 3501 3712 3713
5 470 2919 3550 3714 3715
5 1163 2073 3138 3195 3716
5 444 2602 3241 3525 3717
5 630 2452 3184 3350 3718
5 655 2803 3546 3719 3720
5 897 2302 3121 3256 3721
5 219 2776 3346 3516 3722
5 276 2989 3723 3724 3725
5 330 3035 3726 3727 3728
5 521 3080 3729 3730 3731
5 788 2127 3190 3732 3733
5 1081 2355 3246 3734 3735
5 1135 1896 3127 3554 3736
5 1425 1689 3141 3571 3737
5 1559 2204 3324 3738 3739
5 954 2049 3211 3740 3741
5 1767 1974 3456 3742 3743
5 1223 1839 3199 3744 3745
5 1297 2278 3263 3746 3747
5 168 3063 3748 3749 3750
5 103 3017 3751 3752 3753
5 801 2125 3227 3665 3754
5 509 2481 3286 3336 3755
5 277 2994 3756 3757 3758
5 331 3040 3759 3760 3761
5 191 2970 3762 3763 3764
5 692 2331 3236 3464 3765
5 1095 2353 3276 3658 3766
5 1016 2503 3314 3440 3767
5 1243 2181 3636 3723 3768
5 1114 2026 3154 3566 3769
5 738 2535 3365 3770 3771
5 252 3105 3772 3773 3774
5 74 2948 3732 3775 3776
5 390 2756 3548 3777 3778
5 1331 2157 3367 3779 3780
5 905 2305 3179 3597 3781
5 231 2779 3382 3634 3782
5 1379 1713 3160 3783 3784
5 471 2920 3552 3785 3786
5 522 3081 3787 3788 3789
5 546 2404 3578 3617 3790
5 770 2660 3583 3625 3791
5 1304 2284 3495 3792 3793
5 367 2557 3332 3794 3795
5 1065 2434 3633 3676 3796
5 749 2530 3425 3682 3797
5 992 2380 3337 3798 3799
5 13 2707 3509 3800 3801
5 245 3101 3802 3803 3804
5 160 3059 3805 3806 3807
5 202 2968 3646 3808 3809
5 1164 2074 3391 3810 3811
5 1542 1741 3648 3812 3813
5 1279 1948 3657 3814 3815
5 138 2898 3511 3816 3817
5 398 2754 3335 3818 3819
5 431 2875 3423 3820 3821
5 979 2378 3354 3822 3823
5 824 2231 3157 3600 3824
5 392 2760 3706 3825 3826
5 476 2927 3827 3828 3829
5 602 2825 3587 3620 3830
5 1059 2429 3607 3644 3831
5 1348 1816 3135 3832 3833
5 256 3107 3834 3835 3836
5 11 2706 3363 3631 3837
5 78 2946 3712 3838 3839
5 632 2456 3366 3840 3841
5 1220 1850 3603 3684 3842
5 1033 1928 3637 3698 3843
5 1166 2075 3155 3844 3845
5 532 3089 3846 3847 3848
5 852 2579 3779 3812 3849
5 360 2553 3406 3822 3850
5 584 2679 3574 3814 3851
5 6 2703 3627 3852 3853
5 741 2529 3427 3613 3854
5 394 2753 3561 3855 3856
5 38 2849 3832 3857 3858
5 69 2944 3859 3860 3861
5 453 2603 3404 3862 3863
5 132 2897 3783 3864 3865
5 226 2777 3629 3866 3867
5 901 2303 3584 3792 3868
5 639 2453 3591 3798 3869
5 1057 2427 3257 3660 3870
5 199 2975 3871 3872 3873
5 545 2402 3208 3451 3874
5 287 2996 3875 3876 3877
5 709 2252 3196 3663 3878
5 845 2577 3305 3445 3879
5 359 2552 3260 3321 3880
5 113 3021 3881 3882 3883
5 342 3042 3884 3885 3886
5 171 3066 3887 3888 3889
5 1432 1692 3458 3890 3891
5 925 2104 3264 3892 3893
5 1458 1666 3200 3894 3895
5 1195 1873 3212 3896 3897
5 1143 1899 3325 3898 3899
5 497 2477 3251 3523 3900
5 474 2924 3738 3901 3902
5 1190 1868 3136 3201 3903
5 658 2808 3742 3904 3905
5 924 2099 3133 3253 3906
5 682 2327 3181 3353 3907
5 279 2995 3908 3909 3910
5 303 2627 3343 3520 3911
5 333 3041 3912 3913 3914
5 524 3086 3915 3916 3917
5 1030 1924 3191 3918 3919
5 1322 2159 3247 3920 3921
5 1509 1608 3143 3762 3922
5 1374 1717 3128 3751 3923
5 981 2385 3362 3924 3925
5 1246 2186 3500 3908 3926
5 1351 1819 3148 3756 3927
5 105 3018 3918 3928 3929
5 169 3064 3930 3931 3932
5 1090 2360 3368 3650 3933
5 931 2103 3176 3453 3934
5 420 2877 3744 3935 3936
5 314 2631 3379 3496 3937
5 1141 1894 3161 3671 3938
5 523 3085 3939 3940 3941
5 473 2925 3740 3942 3943
5 1009 2510 3437 3489 3944
5 745 2533 3390 3945 3946
5 1270 1955 3726 3831 3947
5 1404 2001 3172 3563 3948
5 1034 1929 3536 3849 3949
5 1168 2077 3178 3414 3950
5 578 2683 3549 3951 3952
5 135 2904 3734 3953 3954
5 258 3108 3955 3956 3957
5 229 2784 3539 3828 3958
5 1506 1613 3151 3859 3959
5 528 3087 3960 3961 3962
5 657 2804 3543 3963 3964
5 765 2657 3395 3838 3965
5 716 2260 3678 3827 3966
5 958 2056 3691 3810 3967
5 553 2410 3467 3968 3969
5 993 2381 3466 3863 3970
5 45 2852 3708 3971 3972
5 753 2531 3609 3681 3973
5 590 2681 3470 3820 3974
5 1256 2179 3667 3856 3975
5 76 2945 3710 3976 3977
5 253 3106 3978 3979 3980
5 618 2830 3612 3819 3981
5 108 3015 3844 3982 3983
5 164 3061 3984 3985 3986
5 448 2613 3707 3987 3988
5 1244 2182 3483 3850 3989
5 1115 2027 3158 3805 3990
5 1271 1954 3695 3790 3991
5 1405 2002 3170 3984 3992
5 634 2463 3506 3993 3994
5 605 2827 3775 3794 3995
5 419 2880 3953 3968 3996
5 15 2709 3507 3785 3997
5 260 3109 3998 3999 4000
5 47 2854 3704 3963 4001
5 535 3092 4002 4003 4004
5 143 2907 3890 4005 4006
5 551 2406 3214 3601 4007
5 1296 2277 3254 3852 4008
5 951 2048 3202 3857 4009
5 85 2951 3898 4010 4011
5 365 2556 3272 3409 4012
5 871 2727 3400 3589 4013
5 288 2997 4014 4015 4016
5 344 3043 4017 4018 4019
5 263 3110 4020 4021 4022
5 1381 1721 3413 3881 4023
5 1169 2078 3218 4024 4025
5 1512 1615 3604 3871 4026
5 899 2306 3270 4027 4028
5 421 2878 3746 4029 4030
5 1453 1661 3150 3204 4031
5 500 2484 3292 3724 4032
5 306 2634 3480 3714 4033
5 193 2972 3924 4034 4035
5 790 2129 3182 3482 4036
5 767 2663 3743 4037 4038
5 1137 1898 3134 3307 4039
5 339 3045 4040 4041 4042
5 1325 2161 3301 4043 4044
5 1532 1744 3125 3748 4045
5 1273 1951 3188 3930 4046
5 529 3090 4047 4048 4049
5 1275 1956 3654 3912 4050
5 1586 1794 3165 3759 4051
5 983 2383 3298 4052 4053
5 610 2831 3745 4054 4055
5 1194 1872 3174 3317 4056
5 793 2132 3537 3649 4057
5 174 3065 4058 4059 4060
5 197 2974 3920 4061 4062
5 312 2636 3531 3692 4063
5 1006 2507 3293 3699 4064
5 660 2809 3747 4065 4066
5 1431 1687 3152 3668 4067
5 530 3091 4068 4069 4070
5 1535 1748 3729 3854 4071
5 1408 2005 3232 3787 4072
5 1070 2437 3541 4073 4074
5 858 2589 3737 4075 4076
5 1171 2080 3238 3638 4077
5 1382 1722 3527 3851 4078
5 265 3113 4079 4080 4081
5 397 2762 3735 4082 4083
5 1217 1846 3205 3860 4084
5 456 2610 3540 4015 4085
5 663 2811 3771 4086 4087
5 346 3047 4088 4089 4090
5 773 2662 3616 4010 4091
5 1355 1824 3811 3875 4092
5 825 2235 3468 4093 4094
5 1117 2031 3679 4014 4095
5 1069 2436 3598 3675 4096
5 1306 2286 3455 3867 4097
5 51 2857 3894 4098 4099
5 84 2952 3896 4100 4101
5 1566 2209 3673 3865 4102
5 857 2586 3463 3808 4103
5 262 3111 4104 4105 4106
5 882 2738 3606 3817 4107
5 114 3022 4024 4108 4109
5 172 3067 4110 4111 4112
5 1247 2187 3623 3652 4113
5 1353 1820 3146 3802 4114
5 507 2489 3842 4115 4116
5 689 2339 3643 4117 4118
5 1276 1957 3653 3835 4119
5 1587 1795 3164 3978 4120
5 393 2763 3969 4061 4121
5 577 2688 3795 3928 4122
5 179 3072 4123 4124 4125
5 17 2711 3641 3942 4126
5 49 2856 3840 4065 4127
5 537 3096 4128 4129 4130
5 1558 2203 3308 3853 4131
5 233 2787 3891 4132 4133
5 714 2256 3215 3806 4134
5 906 2313 3331 4135 4136
5 1536 1747 3570 3887 4137
5 1407 2004 3230 4110 4138
5 52 2858 3892 4086 4139
5 369 2559 3327 3567 4140
5 200 2976 4082 4093 4141
5 874 2730 3555 3800 4142
5 348 3048 4143 4144 4145
5 266 3114 4146 4147 4148
5 447 2608 3394 3909 4149
5 391 2758 3544 4034 4150
5 137 2902 3770 4029 4151
5 222 2782 3615 3901 4152
5 1013 2513 3547 4153 4154
5 1375 1719 3122 3396 4155
5 1031 1926 3185 3622 4156
5 1274 1952 3194 3772 4157
5 1091 2363 3393 4158 4159
5 1533 1745 3131 3557 4160
5 341 3050 4161 4162 4163
5 533 3094 4164 4165 4166
5 685 2336 3436 3727 4167
5 611 2832 3741 4168 4169
5 1457 1665 3159 3265 4170
5 1248 2184 3244 4058 4171
5 1035 1932 3432 4040 4172
5 111 3020 4052 4173 4174
5 309 2638 3685 3719 4175
5 768 2664 3739 4176 4177
5 1427 1691 3137 3447 4178
5 1084 2357 3252 3696 4179
5 282 3001 4043 4180 4181
5 534 3095 4182 4183 4184
5 1307 2287 3477 4185 4186
5 1537 1749 3659 3915 4187
5 1589 1797 3222 3939 4188
5 1144 1901 3528 3656 4189
5 1197 1875 3234 3502 4190
5 883 2739 3922 4191 4192
5 425 2883 3921 4193 4194
5 177 3070 4195 4196 4197
5 506 2486 3532 3876 4198
5 664 2812 3925 4199 4200
5 1479 1639 3206 3669 4201
5 1012 2512 3481 3882 4202
5 347 3051 4203 4204 4205
5 723 2262 3377 4088 4206
5 1120 2030 3284 3960 4207
5 1514 1616 3357 3855 4208
5 909 2308 3290 3846 4209
5 860 2591 3736 4210 4211
5 589 2689 3733 4212 4213
5 644 2458 3383 4018 4214
5 1222 1851 3266 3864 4215
5 268 3117 4216 4217 4218
5 292 2999 4074 4219 4220
5 479 2929 3946 4221 4222
5 778 2666 3826 4006 4223
5 1409 2006 3677 4017 4224
5 1591 1799 3868 3884 4225
5 830 2233 3333 4226 4227
5 21 2714 3895 4228 4229
5 718 2261 3415 3674 4230
5 960 2057 3318 3866 4231
5 1772 1979 3670 3861 4232
5 855 2581 3328 3982 4233
5 147 2908 3893 4234 4235
5 207 2979 4028 4236 4237
5 880 2733 3421 3976 4238
5 175 3068 4239 4240 4241
5 267 3112 4242 4243 4244
5 508 2490 3967 4245 4246
5 1511 1609 3140 3594 4247
5 982 2388 3434 3773 4248
5 740 2538 3588 3931 4249
5 449 2615 3966 4180 4250
5 1036 1933 3430 3999 4251
5 798 2138 3586 4124 4252
5 19 2713 3777 3935 4253
5 119 3027 4117 4254 4255
5 82 2956 3993 4176 4256
5 539 3098 4257 4258 4259
5 316 2639 4026 4260 4261
5 956 2052 3209 3803 4262
5 1561 2206 3397 3661 4263
5 1538 1750 3655 4020 4264
5 1590 1798 3221 4104 4265
5 936 2111 3418 4266 4267
5 55 2861 4027 4199 4268
5 371 2561 3420 3757 4269
5 848 2583 3752 3801 4270
5 144 2909 4094 4193 4271
5 350 3052 4272 4273 4274
5 182 3075 4275 4276 4277
5 235 2788 3899 4278 4279
5 1062 2431 3273 3985 4280
5 1766 1973 3448 3858 4281
5 1119 2029 3282 4239 4282
5 1174 2085 3461 4143 4283
5 22 2715 3897 4221 4284
5 555 2411 3462 3564 4285
5 877 2736 3572 3971 4286
5 115 3023 4212 4226 4287
5 294 3005 4136 4288 4289
5 269 3116 4290 4291 4292
5 579 2684 3553 4173 4293
5 633 2460 3582 3913 4294
5 797 2137 3585 4161 4295
5 1249 2185 3249 3955 4296
5 225 2786 3825 3904 4297
5 80 2950 3945 4168 4298
5 1323 2160 3242 3834 4299
5 1014 2514 3551 4254 4300
5 290 3004 4158 4245 4301
5 536 3097 4302 4303 4304
5 884 2740 3927 4305 4306
5 1460 1668 3225 3356 4307
5 927 2108 3439 3730 4308
5 1383 1725 3444 4047 4309
5 1567 2212 3348 4195 4310
5 503 2488 3720 3872 4311
5 117 3025 4185 4312 4313
5 1087 2362 3344 3888 4314
5 774 2667 3926 4315 4316
5 1483 1635 3203 3449 4317
5 482 2933 4044 4318 4319
5 349 3053 4320 4321 4322
5 1359 1822 3280 4068 4323
5 965 2058 3373 4203 4324
5 885 2741 3923 4325 4326
5 933 2106 3287 3701 4327
5 1434 1694 3358 3666 4328
5 1486 1644 3267 3672 4329
5 617 2837 3919 4330 4331
5 695 2334 3380 3885 4332
5 181 3074 4333 4334 4335
5 1018 2516 3686 3873 4336
5 483 2930 4053 4337 4338
5 293 3002 4186 4339 4340
5 831 2234 3334 3961 4341
5 561 2413 3512 4089 4342
5 1072 2441 3542 4343 4344
5 1356 1825 3503 3862 4345
5 912 2314 3341 4002 4346
5 647 2464 3515 4144 4347
5 748 2539 3535 4240 4348
5 429 2885 3952 4228 4349
5 209 2981 4076 4350 4351
5 271 3119 4352 4353 4354
5 671 2814 3988 4133 4355
5 1592 1800 3702 3869 4356
5 560 2412 3510 4357 4358
5 1410 2007 3683 3847 4359
5 1118 2032 3639 3680 4360
5 374 2564 3709 4350 4361
5 406 2761 3705 4236 4362
5 587 2687 3508 4108 4363
5 615 2834 3642 4100 4364
5 432 2882 3841 4234 4365
5 180 3073 4343 4366 4367
5 270 3115 4368 4369 4370
5 984 2384 3303 3956 4371
5 690 2340 3793 4162 4372
5 635 2465 3796 4041 4373
5 746 2534 3388 4059 4374
5 1092 2364 3386 4123 4375
5 1326 2162 3296 3998 4376
5 54 2860 3951 4054 4377
5 141 2906 3987 4037 4378
5 206 2978 4115 4153 4379
5 538 3099 4380 4381 4382
5 1299 2283 3446 3558 4383
5 317 2640 4092 4384 4385
5 1225 1842 3197 3595 4386
5 234 2789 4095 4318 4387
5 1064 2433 3590 3749 4388
5 1148 1906 3579 4275 4389
5 1384 1726 3442 4146 4390
5 373 2563 3573 3763 4391
5 88 2958 4135 4315 4392
5 121 3029 4266 4393 4394
5 352 3054 4395 4396 4397
5 1769 1976 3596 3664 4398
5 318 2641 4023 4399 4400
5 1303 2281 3261 3979 4401
5 1202 1880 3608 4272 4402
5 1360 1823 3278 4242 4403
5 557 2415 3605 3760 4404
5 23 2716 4025 4337 4405
5 89 2957 4227 4330 4406
5 851 2588 3764 3972 4407
5 296 3006 4267 4408 4409
5 183 3076 4410 4411 4412
5 744 2537 3364 4111 4413
5 461 2614 3713 4288 4414
5 375 2565 3711 4219 4415
5 827 2236 3469 3788 4416
5 1178 2086 3473 4003 4417
5 724 2263 3375 4366 4418
5 120 3028 4210 4357 4419
5 609 2836 3778 4098 4420
5 488 2932 3994 4279 4421
5 272 3118 4422 4423 4424
5 900 2310 3593 3916 4425
5 859 2590 3769 4312 4426
5 1568 2213 3349 4079 4427
5 1147 1907 3592 4164 4428
5 87 2954 4073 4305 4429
5 452 2612 3905 4005 4430
5 1019 2517 3768 4393 4431
5 1329 2164 3347 4021 4432
5 487 2935 4159 4384 4433
5 351 3055 4434 4435 4436
5 1199 1877 3313 3731 4437
5 886 2742 4051 4438 4439
5 1462 1670 3274 3529 4440
5 1777 1984 3518 4333 4441
5 1519 1617 3316 4182 4442
5 210 2983 4324 4443 4444
5 688 2338 3715 3883 4445
5 779 2668 4050 4446 4447
5 1488 1641 3255 3309 4448
5 796 2134 3521 3889 4449
5 295 3007 4450 4451 4452
5 670 2817 4172 4453 4454
5 1230 1852 3494 4320 4450
5 1438 1698 3465 3504 4455
5 887 2743 4045 4456 4457
5 1150 1905 3338 3703 4458
5 619 2838 4046 4459 4460
5 803 2136 3497 3886 4461
5 1490 1646 3319 3454 4462
5 122 3030 4441 4463 4464
5 435 2888 4171 4465 4466
5 1098 2366 3693 3877 4467
5 212 2982 4310 4468 4469
5 562 2416 3647 4204 4470
5 834 2238 3422 4069 4471
5 938 2113 3428 4128 4472
5 1311 2291 3533 4369 4473
5 990 2389 3530 4243 4474
5 698 2341 3645 4273 4475
5 151 2911 4192 4361 4476
5 404 2767 4055 4229 4477
5 184 3078 4478 4479 4480
5 675 2816 4116 4261 4481
5 937 2112 3799 4165 4482
5 1308 2288 3478 4080 4483
5 1071 2438 3619 4196 4484
5 907 2315 3797 4048 4485
5 1332 2165 3476 4147 4486
5 1096 2367 3618 4276 4487
5 401 2765 4038 4132 4488
5 57 2863 4075 4191 4489
5 434 2887 4154 4260 4490
5 353 3056 4491 4492 4493
5 319 2642 4225 4494 4495
5 1227 1848 3258 3398 4496
5 962 2054 3306 3559 4497
5 720 2258 3401 3750 4498
5 236 2792 4224 4453 4499
5 1520 1618 3311 4290 4500
5 1439 1699 3407 4410 4501
5 150 2913 4283 4446 4502
5 559 2408 3556 3753 4503
5 211 2984 4402 4504 4505
5 298 3008 4506 4507 4508
5 322 2645 4137 4509 4510
5 1564 2211 3322 3980 4511
5 1774 1981 3452 3804 4512
5 1465 1673 3813 4395 4506
5 26 2717 4138 4465 4513
5 722 2265 3761 3816 4514
5 1067 2440 3758 3977 4515
5 58 2864 4282 4459 4516
5 213 2985 4389 4517 4518
5 123 3031 4501 4519 4520
5 513 2491 3843 4408 4521
5 988 2387 3360 4105 4522
5 376 2566 3845 4339 4523
5 829 2241 3611 3940 4524
5 967 2059 3371 4368 4525
5 1204 1882 3614 4129 4526
5 583 2691 3936 4099 4527
5 90 2959 4326 4358 4528
5 489 2936 4118 4400 4529
5 185 3077 4530 4531 4532
5 861 2592 3948 4443 4533
5 1173 2082 3402 3917 4534
5 1440 1700 3405 4302 4535
5 1778 1985 3519 4216 4536
5 638 2462 3902 4011 4537
5 149 2912 4206 4438 4538
5 1039 1931 3517 4022 4539
5 1020 2518 3947 4504 4540
5 297 3009 4541 4542 4543
5 673 2818 4295 4494 4544
5 620 2839 4188 4545 4546
5 1464 1672 3369 3538 4547
5 1201 1879 3490 3728 4548
5 935 2110 3700 3725 4549
5 436 2889 4323 4550 4551
5 1146 1903 3524 3697 4552
5 780 2669 4187 4553 4554
5 1436 1696 3355 3484 4555
5 490 2937 4442 4556 4557
5 674 2819 4309 4558 4559
5 1491 1648 3630 4434 4541
5 864 2593 4160 4560 4561
5 1389 1728 3426 3848 4562
5 1518 1622 3610 3640 4563
5 1229 1855 3416 3599 4564
5 594 2695 4157 4565 4566
5 1045 1935 3635 4019 4567
5 91 2961 4536 4568 4569
5 1336 2167 3829 4016 4570
5 409 2769 4296 4571 4572
5 152 2914 4427 4573 4574
5 726 2267 3781 4322 4575
5 1125 2036 3577 4184 4576
5 1152 1908 3575 4257 4577
5 1571 2216 3721 4424 4578
5 1259 2192 3718 4292 4579
5 807 2140 3780 4396 4580
5 460 2617 4169 4284 4581
5 239 2791 4306 4415 4582
5 124 3033 4583 4584 4585
5 783 2671 4246 4385 4586
5 966 2062 3688 4217 4587
5 1203 1881 3970 4303 4588
5 1175 2089 3973 4183 4589
5 725 2266 3824 4334 4590
5 804 2139 3823 4411 4591
5 1043 1936 3687 4291 4592
5 25 2719 4211 4325 4593
5 592 2694 4177 4278 4594
5 622 2841 4300 4399 4595
5 299 3010 4596 4597 4598
5 1358 1827 3487 3774 4599
5 514 2496 4356 4600 4601
5 1516 1620 3352 3624 4602
5 462 2620 4359 4558 4603
5 1122 2034 3621 3932 4604
5 1493 1647 3628 4530 4605
5 1232 1853 3492 4422 4606
5 833 2240 3776 3929 4607
5 408 2771 4417 4553 4608
5 437 2891 4526 4609 4610
5 492 2939 4611 4612 4613
5 1776 1983 3602 3807 4614
5 240 2794 4264 4615 4616
5 1570 2215 3410 3986 4617
5 153 2915 4390 4618 4619
5 1310 2290 3568 3983 4620
5 964 2061 3565 3809 4621
5 28 2720 4265 4571 4622
5 59 2866 4403 4565 4623
5 92 2960 4500 4624 4625
5 516 2494 3991 4517 4626
5 1253 2189 3499 4106 4627
5 1124 2037 3818 3941 4628
5 379 2567 3992 4468 4629
5 1467 1675 3815 4258 4611
5 60 2865 4418 4457 4630
5 752 2541 3943 4101 4631
5 438 2890 4252 4510 4632
5 125 3032 4605 4633 4634
5 1415 2011 3560 4049 4635
5 1073 2442 3950 4451 4636
5 1779 1986 3716 4352 4637
5 1441 1701 3562 4380 4638
5 238 2793 4342 4439 4639
5 646 2467 4030 4139 4640
5 1099 2370 3949 4507 4641
5 1282 1959 3717 4148 4642
5 214 2986 4643 4644 4645
5 782 2672 4372 4495 4646
5 1177 2084 3626 3914 4647
5 593 2692 4072 4550 4648
5 407 2768 4207 4545 4649
5 911 2312 3839 3910 4650
5 1021 2519 4071 4609 4651
5 1386 1724 3526 3836 4652
5 491 2938 4535 4653 4654
5 676 2820 4428 4600 4655
5 1494 1649 3784 4491 4643
5 1362 1829 3789 3821 4656
5 1076 2443 4155 4657 4658
5 1550 1756 3581 4004 4659
5 757 2544 4156 4624 4660
5 1287 1964 3791 4145 4661
5 62 2868 4637 4662 4663
5 464 2621 4371 4622 4664
5 1338 2169 3996 4141 4665
5 241 2795 4483 4666 4667
5 1364 1831 3765 4304 4668
5 968 2063 3934 4436 4669
5 1572 2217 3906 4532 4670
5 1393 1732 3766 4259 4671
5 1049 1940 3933 4397 4672
5 1260 2193 3907 4412 4673
5 323 2644 4426 4523 4674
5 512 2493 4293 4405 4675
5 94 2963 4676 4677 4678
5 1024 2521 4250 4387 4679
5 1466 1674 3975 4381 4680
5 1231 1856 3690 4353 4681
5 1281 1960 3689 4244 4682
5 699 2344 3989 4519 4683
5 563 2417 3990 4463 4684
5 1414 2013 3974 4070 4685
5 755 2543 4066 4235 4686
5 27 2721 4344 4456 4687
5 623 2842 4375 4509 4688
5 215 2987 4689 4690 4691
5 1207 1885 4097 4435 4692
5 1363 1830 3874 4218 4693
5 1128 2038 4007 4335 4694
5 1181 2091 4096 4321 4695
5 1387 1731 3870 4423 4696
5 1151 1911 4008 4531 4697
5 863 2595 4316 4414 4698
5 378 2569 4213 4331 4699
5 889 2745 4431 4521 4700
5 493 2940 4701 4702 4703
5 700 2346 4345 4654 4704
5 1594 1802 3694 3957 4705
5 1412 2009 3837 4060 4706
5 648 2470 4360 4557 4707
5 1492 1650 3833 4479 4689
5 595 2697 4346 4554 4708
5 836 2243 3954 4062 4709
5 624 2843 4472 4651 4710
5 677 2821 4680 4711 4712
5 465 2619 4119 4619 4713
5 1258 2191 3632 4112 4714
5 381 2570 4120 4573 4666
5 410 2770 4251 4616 4715
5 995 2391 3786 4109 4716
5 61 2867 4525 4561 4717
5 93 2962 4606 4658 4718
5 1312 2295 4056 4542 4719
5 1598 1806 3755 4166 4720
5 1522 1624 3754 4382 4721
5 1780 1987 3903 4478 4722
5 697 2343 4150 4268 4723
5 321 2647 4470 4533 4724
5 1285 1962 3900 4277 4725
5 1339 2171 4057 4508 4726
5 154 2917 4727 4728 4729
5 1023 2522 4373 4499 4730
5 756 2545 4077 4556 4731
5 1419 2015 3782 4042 4732
5 914 2317 4001 4035 4733
5 463 2618 4341 4546 4734
5 1545 1752 3722 4000 4735
5 1100 2372 4078 4612 4736
5 439 2892 4638 4737 4738
5 784 2673 4482 4601 4739
5 1233 1857 3938 4493 4727
5 1315 2292 4039 4634 4740
5 1551 1758 3767 4130 4741
5 998 2394 4036 4520 4742
5 1288 1966 3944 4274 4743
5 515 2495 4374 4513 4744
5 325 2646 4484 4629 4745
5 63 2869 4722 4746 4747
5 1103 2369 4121 4271 4748
5 1495 1651 3959 4584 4596
5 730 2271 4247 4662 4749
5 1597 1805 3962 3981 4750
5 1047 1939 3995 4287 4751
5 651 2471 4248 4623 4752
5 759 2546 4299 4618 4753
5 1262 2195 3965 4289 4754
5 30 2723 4578 4657 4755
5 243 2796 4587 4756 4757
5 650 2469 4113 4625 4758
5 1284 1965 3830 4241 4759
5 566 2420 4114 4568 4756
5 997 2393 3964 4237 4760
5 596 2696 4376 4615 4761
5 29 2722 4473 4560 4762
5 155 2916 4681 4749 4763
5 1521 1623 3878 4354 4764
5 1470 1678 4102 4492 4765
5 941 2116 4131 4633 4766
5 1544 1757 3879 4370 4767
5 1418 2016 4103 4205 4768
5 837 2244 4134 4464 4769
5 380 2571 4348 4460 4770
5 1075 2445 4200 4362 4771
5 890 2747 4487 4626 4772
5 440 2893 4773 4774 4775
5 1595 1803 3880 4081 4776
5 942 2117 4231 4543 4777
5 915 2319 4230 4452 4778
5 1416 2012 4012 4197 4779
5 1442 1702 4009 4480 4773
5 565 2419 4083 4194 4780
5 865 2596 4347 4447 4781
5 891 2746 4475 4540 4782
5 678 2822 4765 4783 4784
5 809 2144 4208 4711 4738
5 1127 2040 3958 4181 4785
5 758 2547 4209 4559 4786
5 649 2468 4416 4551 4787
5 1180 2088 3997 4174 4788
5 625 2844 4577 4736 4789
5 785 2674 4588 4704 4790
5 1573 2218 4170 4644 4728
5 1781 1988 4031 4583 4676
5 324 2649 4575 4636 4791
5 806 2142 4149 4392 4792
5 1340 2170 4167 4505 4793
5 1048 1938 4032 4394 4794
5 242 2797 4669 4719 4795
5 1102 2371 4294 4502 4796
5 1601 1809 3937 4163 4797
5 999 2396 4190 4653 4798
5 517 2497 4471 4648 4799
5 940 2115 4127 4151 4800
5 1341 2173 4189 4613 4801
5 1548 1754 3911 4125 4802
5 411 2772 4721 4803 4804
5 1025 2523 4485 4603 4805
5 1234 1858 4067 4598 4677
5 972 2067 4178 4691 4746
5 701 2345 4249 4516 4806
5 808 2143 4122 4406 4807
5 1000 2395 4179 4518 4808
5 1263 2196 4064 4409 4809
5 31 2724 4670 4740 4810
5 326 2648 4590 4684 4811
5 1443 1705 4084 4585 4701
5 1600 1808 4090 4107 4812
5 1130 2042 4386 4663 4813
5 918 2321 4383 4717 4814
5 1391 1733 4142 4419 4815
5 1078 2447 4432 4715 4816
5 1575 2220 4091 4421 4817
5 383 2573 4579 4660 4818
5 467 2623 4693 4819 4820
5 1547 1759 4013 4367 4821
5 917 2320 4263 4718 4822
5 838 2245 4262 4569 4819
5 866 2597 4486 4713 4823
5 1314 2294 4087 4365 4824
5 382 2572 4474 4566 4825
5 412 2773 4764 4813 4826
5 1472 1680 4232 4597 4702
5 1209 1887 4281 4690 4774
5 839 2246 4280 4469 4827
5 1129 2041 4233 4340 4828
5 729 2270 4338 4363 4829
5 567 2421 4413 4466 4830
5 892 2749 4591 4683 4831
5 626 2845 4697 4766 4832
5 1156 1912 4215 4645 4783
5 1182 2090 4140 4313 4833
5 916 2318 4285 4444 4834
5 1077 2446 4214 4454 4835
5 728 2269 4085 4319 4836
5 893 2748 4580 4641 4837
5 786 2675 4692 4777 4838
5 1050 1941 4328 4712 4804
5 1001 2397 4327 4655 4839
5 1366 1834 4063 4301 4840
5 1206 1884 4126 4298 4841
5 702 2347 4524 4649 4842
5 597 2699 4671 4801 4843
5 1026 2524 4589 4707 4844
5 1264 2197 4307 4737 4803
5 1154 1910 4152 4256 4845
5 518 2498 4576 4731 4846
5 1392 1730 4033 4255 4847
5 1342 2172 4308 4610 4848
5 466 2622 4668 4798 4849
5 1104 2373 4425 4608 4850
5 1526 1628 4201 4678 4703
5 1368 1835 4317 4747 4775
5 1155 1913 4270 4528 4851
5 944 2119 4388 4630 4852
5 1317 2297 4314 4632 4853
5 1576 2221 4202 4529 4854
5 384 2574 4673 4742 4855
5 519 2499 4694 4769 4856
5 1420 2017 4496 4755 4857
5 1367 1833 4220 4238 4858
5 1525 1626 4286 4351 4859
5 1184 2093 4497 4762 4860
5 732 2272 4539 4761 4861
5 1783 1990 4223 4355 4862
5 569 2423 4642 4753 4863
5 653 2473 4776 4864 4865
5 1183 2092 4398 4763 4826
5 840 2247 4401 4574 4864
5 971 2065 4222 4364 4866
5 867 2598 4592 4758 4867
5 568 2422 4522 4572 4868
5 598 2698 4696 4822 4857
5 1394 1734 4329 4729 4784
5 943 2118 4404 4538 4869
5 1208 1886 4269 4429 4870
5 970 2066 4198 4433 4871
5 1316 2296 4332 4544 4872
5 868 2599 4672 4726 4873
5 1027 2525 4695 4778 4874
5 1290 1968 4455 4790 4849
5 1524 1627 4175 4379 4875
5 1265 2198 4458 4739 4876
5 810 2145 4628 4734 4877
5 1469 1677 4253 4377 4878
5 1105 2374 4685 4787 4879
5 760 2549 4741 4848 4880
5 1289 1967 4440 4789 4843
5 1051 1942 4437 4710 4880
5 703 2348 4635 4786 4881
5 1445 1704 4297 4378 4882
5 811 2146 4534 4708 4883
5 652 2472 4720 4839 4876
5 1602 1810 4448 4810 4832
5 1210 1888 4498 4687 4884
5 1446 1706 4407 4476 4885
5 1784 1991 4336 4481 4886
5 973 2068 4449 4688 4887
5 570 2424 4725 4808 4888
5 704 2349 4779 4827 4889
5 1421 2019 4602 4818 4867
5 1185 2094 4599 4825 4890
5 1237 1860 4349 4420 4891
5 1132 2044 4652 4823 4863
5 920 2322 4705 4868 4892
5 841 2248 4735 4816 4861
5 1422 2018 4512 4757 4820
5 1131 2043 4511 4667 4865
5 1079 2448 4682 4752 4890
5 731 2273 4627 4664 4892
5 761 2548 4767 4814 4860
5 1553 1760 4462 4795 4838
5 1471 1679 4391 4489 4893
5 1157 1914 4514 4639 4894
5 1577 2222 4461 4646 4895
5 1236 1861 4311 4490 4896
5 1106 2375 4768 4834 4897
5 1080 2449 4743 4793 4898
5 1291 1969 4563 4844 4846
5 1266 2199 4562 4805 4881
5 1052 1943 4656 4799 4879
5 1002 2398 4659 4850 4883
5 1343 2174 4750 4842 4877
5 1552 1761 4547 4837 4873
5 1396 1735 4548 4782 4898
5 1497 1653 4430 4488 4899
5 945 2121 4732 4835 4900
5 1158 1915 4647 4781 4901
5 919 2323 4797 4872 4895
5 1447 1707 4515 4582 4902
5 1473 1681 4503 4593 4903
5 1238 1862 4445 4595 4904
5 1785 1992 4467 4586 4905
5 812 2147 4828 4833 4906
5 733 2274 4794 4809 4907
5 1603 1811 4555 4831 4855
5 1498 1654 4477 4527 4908
5 1211 1889 4604 4770 4909
5 1370 1837 4552 4772 4888
5 946 2120 4706 4830 4910
5 842 2249 4802 4853 4887
5 1604 1812 4614 4811 4856
5 1369 1836 4617 4745 4889
5 1319 2299 4759 4806 4909
5 974 2069 4714 4744 4910
5 1003 2399 4821 4852 4884
5 1554 1762 4564 4791 4874
5 1395 1736 4621 4724 4897
5 1578 2223 4567 4730 4900
5 1318 2298 4661 4796 4901
5 1344 2175 4812 4869 4894
5 1527 1630 4549 4700 4907
5 1212 1890 4785 4836 4911
5 1499 1655 4537 4594 4912
5 1448 1708 4650 4698 4913
5 1186 2095 4840 4871 4905
5 1528 1629 4620 4674 4906
5 1786 1993 4570 4679 4911
5 975 2070 4754 4792 4913
5 1053 1944 4858 4870 4902
5 1474 1682 4607 4699 4914
5 1500 1656 4581 4631 4915
5 1159 1916 4788 4829 4916
5 1133 2045 4847 4854 4904
5 1579 2224 4751 4807 4914
5 1239 1863 4675 4716 4916
5 1267 2200 4815 4851 4903
5 1501 1657 4640 4686 4917
5 1475 1683 4709 4780 4918
5 1449 1709 4733 4771 4919
5 1423 2020 4875 4886 4896
5 1787 1994 4665 4748 4918
5 1240 1864 4723 4760 4919
5 1292 1970 4859 4885 4893
5 1371 1838 4817 4845 4912
5 1397 1737 4841 4866 4915
5 1529 1631 4800 4824 4917
5 1605 1813 4862 4882 4899
5 1555 1763 4878 4891 4908
