# Generated using Miratope v0.5.0 (https://github.com/galoomba1/miratope-rs)
4OFF

# Vertices, Faces, Edges, Cells
120 4200 1200 1320

# Vertices
0.809016994374945 0.809016994374945 0.809016994374945 0.809016994374945 
0.809016994374945 0.809016994374945 0.809016994374945 -0.809016994374945 
0.809016994374945 0.809016994374945 -0.809016994374945 0.809016994374945 
1.30901699437495 -0.5 0 0.809016994374945 
0.809016994374945 0.809016994374945 -0.809016994374945 -0.809016994374945 
1.30901699437495 -0.5 0 -0.809016994374945 
1.30901699437495 0.809016994374945 0.5 0 
0.809016994374945 0 0.5 1.30901699437495 
0.809016994374945 -0.5 -1.30901699437495 0 
0.809016994374945 -1.30901699437495 0 0.5 
0.809016994374945 -0.5 1.30901699437495 0 
1.30901699437495 0 -0.809016994374945 0.5 
0 -1.30901699437495 0.5 0.809016994374945 
0.5 -1.30901699437495 -0.809016994374945 0 
0.5 0 1.30901699437495 0.809016994374945 
0.5 0 1.30901699437495 -0.809016994374945 
0 -1.30901699437495 0.5 -0.809016994374945 
1.30901699437495 0.809016994374945 -0.5 0 
0 0.809016994374945 1.30901699437495 -0.5 
0.5 0.809016994374945 0 -1.30901699437495 
0.5 -1.30901699437495 0.809016994374945 0 
0 -0.5 0.809016994374945 -1.30901699437495 
-0.5 0.809016994374945 0 1.30901699437495 
0 -0.5 0.809016994374945 1.30901699437495 
-1.30901699437495 0.809016994374945 0.5 0 
-0.809016994374945 -0.5 1.30901699437495 0 
0 0.809016994374945 1.30901699437495 0.5 
-1.30901699437495 -0.5 0 0.809016994374945 
-0.809016994374945 0.809016994374945 0.809016994374945 0.809016994374945 
-0.809016994374945 0.809016994374945 0.809016994374945 -0.809016994374945 
1.30901699437495 0 0.809016994374945 0.5 
-0.809016994374945 0 0.5 1.30901699437495 
-0.809016994374945 -1.30901699437495 0 0.5 
-0.809016994374945 0.809016994374945 -0.809016994374945 0.809016994374945 
0 -0.5 -0.809016994374945 1.30901699437495 
0.5 0.809016994374945 0 1.30901699437495 
0 0.809016994374945 -1.30901699437495 0.5 
0 1.61803398874989 0 0 
0 0 0 1.61803398874989 
-0.5 1.30901699437495 0.809016994374945 0 
-0.5 1.30901699437495 -0.809016994374945 0 
-1.30901699437495 0.5 0 0.809016994374945 
0 1.30901699437495 0.5 0.809016994374945 
-0.5 0 -1.30901699437495 0.809016994374945 
-0.5 -0.809016994374945 0 1.30901699437495 
-0.809016994374945 -0.809016994374945 -0.809016994374945 0.809016994374945 
0 0.5 -0.809016994374945 1.30901699437495 
-0.5 0 1.30901699437495 0.809016994374945 
-0.809016994374945 0.5 1.30901699437495 0 
-1.30901699437495 -0.809016994374945 0.5 0 
0 1.30901699437495 -0.5 0.809016994374945 
-0.809016994374945 1.30901699437495 0 -0.5 
-0.809016994374945 -0.809016994374945 0.809016994374945 0.809016994374945 
-1.30901699437495 0 0.809016994374945 -0.5 
0.809016994374945 -0.809016994374945 0.809016994374945 0.809016994374945 
1.30901699437495 0 0.809016994374945 -0.5 
0.809016994374945 -0.809016994374945 -0.809016994374945 0.809016994374945 
1.30901699437495 0 -0.809016994374945 -0.5 
1.30901699437495 0.5 0 0.809016994374945 
0.809016994374945 -1.30901699437495 0 -0.5 
0 -1.61803398874989 0 0 
1.30901699437495 -0.809016994374945 0.5 0 
0 0.5 0.809016994374945 1.30901699437495 
1.61803398874989 0 0 0 
0.809016994374945 0.5 -1.30901699437495 0 
0 -0.809016994374945 1.30901699437495 -0.5 
0.809016994374945 0 0.5 -1.30901699437495 
0.809016994374945 0.5 1.30901699437495 0 
0 0.5 0.809016994374945 -1.30901699437495 
0.809016994374945 1.30901699437495 0 -0.5 
0 0 1.61803398874989 0 
0.5 1.30901699437495 0.809016994374945 0 
-0.809016994374945 -0.809016994374945 0.809016994374945 -0.809016994374945 
-1.61803398874989 0 0 0 
-0.809016994374945 1.30901699437495 0 0.5 
0 1.30901699437495 -0.5 -0.809016994374945 
-1.30901699437495 0 0.809016994374945 0.5 
-1.30901699437495 0.809016994374945 -0.5 0 
0.5 0 -1.30901699437495 0.809016994374945 
-0.809016994374945 0 -0.5 1.30901699437495 
0 -1.30901699437495 -0.5 0.809016994374945 
0.5 -0.809016994374945 0 1.30901699437495 
0.809016994374945 0 -0.5 1.30901699437495 
1.30901699437495 -0.809016994374945 -0.5 0 
0.809016994374945 1.30901699437495 0 0.5 
0.809016994374945 0 -0.5 -1.30901699437495 
0.809016994374945 -0.809016994374945 -0.809016994374945 -0.809016994374945 
1.30901699437495 0.5 0 -0.809016994374945 
0 -0.809016994374945 -1.30901699437495 0.5 
-0.5 -1.30901699437495 0.809016994374945 0 
0 -0.809016994374945 1.30901699437495 0.5 
0.809016994374945 -0.809016994374945 0.809016994374945 -0.809016994374945 
-0.5 0 1.30901699437495 -0.809016994374945 
-0.809016994374945 0.809016994374945 -0.809016994374945 -0.809016994374945 
-1.30901699437495 -0.5 0 -0.809016994374945 
-0.809016994374945 0 0.5 -1.30901699437495 
-0.809016994374945 -0.5 -1.30901699437495 0 
-0.809016994374945 -1.30901699437495 0 -0.5 
-1.30901699437495 0 -0.809016994374945 -0.5 
-0.5 -1.30901699437495 -0.809016994374945 0 
0 -0.5 -0.809016994374945 -1.30901699437495 
-0.5 0.809016994374945 0 -1.30901699437495 
0 0.809016994374945 -1.30901699437495 -0.5 
-0.809016994374945 0 -0.5 -1.30901699437495 
0 -1.30901699437495 -0.5 -0.809016994374945 
0.5 -0.809016994374945 0 -1.30901699437495 
0 1.30901699437495 0.5 -0.809016994374945 
0 0 0 -1.61803398874989 
-1.30901699437495 0.5 0 -0.809016994374945 
0.5 1.30901699437495 -0.809016994374945 0 
0.5 0 -1.30901699437495 -0.809016994374945 
0 0.5 -0.809016994374945 -1.30901699437495 
-0.809016994374945 -0.809016994374945 -0.809016994374945 -0.809016994374945 
-1.30901699437495 0 -0.809016994374945 0.5 
-0.809016994374945 0.5 -1.30901699437495 0 
-1.30901699437495 -0.809016994374945 -0.5 0 
0 0 -1.61803398874989 0 
-0.5 0 -1.30901699437495 -0.809016994374945 
-0.5 -0.809016994374945 0 -1.30901699437495 
0 -0.809016994374945 -1.30901699437495 -0.5 

# Faces
4 0 2 4 1
4 1 0 3 5
3 2 3 0
3 1 5 4
4 4 5 3 2
3 6 7 2
4 2 6 5 8
4 7 9 8 2
4 7 9 5 6
3 5 8 9
4 10 5 11 7
3 7 12 10
4 7 11 13 12
4 5 13 12 10
3 11 5 13
4 14 3 5 15
3 14 12 3
4 15 16 12 14
4 5 16 12 3
3 15 5 16
4 10 0 17 5
4 0 17 19 18
3 0 10 18
3 5 19 17
4 5 19 18 10
3 6 14 18
4 6 14 20 5
4 6 5 21 18
4 18 14 20 21
3 5 21 20
4 0 22 24 18
3 0 23 22
4 0 18 25 23
4 22 23 25 24
3 18 24 25
3 7 22 26
4 26 7 12 25
4 7 12 27 22
4 26 22 27 25
3 25 27 12
4 0 28 29 1
3 0 10 1
4 0 10 25 28
4 1 29 25 10
3 28 29 25
3 1 26 30
4 20 30 1 21
4 25 21 1 26
4 25 20 30 26
3 20 25 21
4 25 15 30 23
3 30 23 9
4 16 9 30 15
4 23 25 16 9
3 16 25 15
4 7 10 25 31
3 9 10 7
4 31 7 9 32
4 10 25 32 9
3 25 32 31
4 2 33 28 0
4 0 23 34 2
3 23 28 0
3 2 34 33
4 33 28 23 34
3 28 14 35
4 28 35 34 27
4 14 28 27 12
4 14 35 34 12
3 12 34 27
3 0 3 17
4 17 0 22 36
4 0 3 34 22
4 17 3 34 36
3 22 36 34
3 35 17 30
4 34 9 30 35
4 9 8 17 30
4 34 8 17 35
3 8 34 9
4 23 30 11 34
3 30 20 23
4 13 20 30 11
4 34 23 20 13
3 11 13 34
4 14 3 34 31
3 14 3 20
4 14 31 32 20
4 3 20 32 34
3 31 32 34
3 33 37 2
4 7 2 33 31
4 2 37 26 7
4 37 26 31 33
3 7 31 26
4 14 18 37 35
4 37 24 31 35
3 24 37 18
3 35 31 14
4 14 18 24 31
3 1 37 4
4 4 11 30 1
4 35 30 1 37
4 35 11 4 37
3 30 35 11
4 7 6 37 22
4 37 6 11 36
3 22 36 37
3 6 11 7
4 22 7 11 36
4 30 26 37 17
4 26 15 19 37
3 17 19 37
3 30 26 15
4 15 19 17 30
3 28 29 37
4 29 15 14 28
4 14 28 37 6
4 37 29 15 6
3 14 6 15
3 2 38 0
4 2 0 39 40
4 0 39 41 38
4 2 40 41 38
3 39 40 41
3 7 42 2
4 7 44 43 2
4 2 43 41 42
4 42 7 44 41
3 44 43 41
3 46 41 45
4 45 12 7 46
4 45 41 47 12
4 47 7 46 41
3 12 47 7
4 41 48 14 38
3 12 38 14
4 38 41 49 12
4 48 14 12 49
3 41 49 48
4 41 50 0 47
3 18 47 0
4 0 18 51 50
4 18 47 41 51
3 50 51 41
4 14 42 41 52
4 14 18 53 52
3 41 53 52
3 14 42 18
4 42 18 53 41
4 2 56 54 0
4 2 0 55 57
3 54 55 0
3 56 57 2
4 56 57 55 54
4 58 14 12 56
4 56 58 55 59
3 56 12 59
3 58 55 14
4 55 14 12 59
4 38 56 60 52
4 38 14 61 56
3 56 61 60
3 14 38 52
4 60 52 14 61
4 54 56 45 52
4 56 46 62 54
3 54 62 52
3 46 56 45
4 46 62 52 45
4 38 0 63 56
4 0 63 64 50
3 0 50 38
3 56 64 63
4 56 38 50 64
4 58 56 44 62
4 56 58 50 43
3 44 43 56
3 58 50 62
4 62 44 43 50
3 0 63 54
4 0 54 65 18
4 18 66 63 0
4 54 65 66 63
3 18 66 65
3 67 7 63
4 67 65 59 63
4 12 59 63 7
4 7 67 65 12
3 59 65 12
4 0 39 68 55
4 55 0 47 65
3 0 47 39
3 55 65 68
4 47 65 68 39
4 67 62 52 65
4 62 52 53 39
3 52 53 65
3 67 62 39
4 67 39 53 65
4 44 60 61 7
3 60 61 65
4 47 44 60 65
4 47 65 61 7
3 7 47 44
3 62 54 44
4 62 48 65 54
4 54 44 49 65
4 44 49 48 62
3 48 49 65
4 2 7 67 69
4 7 61 57 2
3 2 69 57
3 7 61 67
4 67 61 57 69
4 14 58 69 18
3 14 61 58
4 69 58 61 66
4 18 66 61 14
3 66 69 18
4 42 14 55 69
3 14 48 42
4 48 68 55 14
4 69 68 48 42
3 68 69 55
4 67 62 50 69
3 62 48 67
4 67 69 51 48
4 50 51 48 62
3 51 69 50
4 7 42 69 63
4 46 64 63 7
3 63 69 64
3 7 42 46
4 69 42 46 64
4 58 69 39 62
3 62 46 58
4 69 40 46 58
4 40 46 62 39
3 40 69 39
4 29 70 0 37
4 37 0 55 19
3 55 70 0
3 19 29 37
4 29 70 55 19
4 25 14 71 29
4 71 29 21 55
3 29 21 25
3 14 55 71
4 14 25 21 55
4 29 28 52 72
3 14 28 52
3 15 72 29
4 52 14 15 72
4 29 70 52 73
4 29 70 62 74
3 73 74 29
3 62 70 52
4 62 74 73 52
4 0 1 75 50
3 0 28 50
3 1 75 29
4 28 50 75 29
4 29 76 62 71
4 71 29 77 50
3 76 77 29
3 62 71 50
4 62 76 77 50
4 0 3 78 50
3 3 23 0
4 23 79 50 0
4 23 3 78 79
3 50 78 79
4 14 52 79 35
4 52 14 3 80
3 79 80 52
3 14 35 3
4 3 80 79 35
3 28 14 25
4 28 79 81 14
4 28 79 32 25
4 25 32 81 14
3 81 79 32
4 73 25 26 74
3 73 79 74
4 23 79 73 25
4 26 23 79 74
3 23 26 25
3 0 37 28
4 0 82 79 28
4 37 0 82 36
4 36 79 28 37
3 82 36 79
3 26 35 37
4 37 35 79 77
4 77 37 26 76
4 26 35 79 76
3 77 79 76
4 0 82 83 55
4 0 55 20 23
3 0 82 23
3 83 20 55
4 20 83 82 23
4 20 52 62 30
4 62 82 80 52
3 52 80 20
3 30 62 82
4 30 82 80 20
3 0 1 70
4 0 70 20 3
4 5 1 70 20
3 5 20 3
4 26 76 72 15
3 15 20 72
4 23 76 72 20
4 20 15 26 23
3 26 76 23
3 62 76 70
4 70 20 81 62
4 20 32 76 70
4 76 32 81 62
3 32 81 20
4 35 14 55 17
3 14 35 81
4 35 81 83 17
4 14 81 83 55
3 83 17 55
4 30 62 50 17
3 30 81 62
4 30 17 78 81
4 62 81 78 50
3 50 17 78
4 3 17 71 14
3 15 71 14
4 5 15 71 17
3 5 17 3
4 35 26 1 17
4 26 74 75 1
3 1 17 75
3 26 74 35
4 35 17 75 74
4 62 82 17 71
3 74 71 62
4 36 74 71 17
4 36 74 62 82
3 36 82 17
4 0 69 64 82
4 69 0 22 40
3 22 82 0
3 64 40 69
4 22 40 64 82
4 56 7 84 64
4 7 56 43 22
3 64 43 56
3 7 84 22
4 84 64 43 22
3 1 63 0
4 75 64 63 1
3 50 64 75
3 1 84 30
4 30 83 85 1
4 84 64 85 1
4 30 84 64 83
3 64 85 83
4 87 30 9 86
3 86 64 87
4 86 64 82 9
4 30 82 64 87
3 30 82 9
3 9 63 7
4 63 64 88 9
4 7 46 88 9
3 64 88 46
3 0 54 70
4 0 22 44 54
4 0 22 76 70
4 76 44 54 70
3 22 44 76
3 70 30 62
4 70 30 9 89
4 44 89 70 62
4 30 62 44 9
3 9 89 44
4 0 82 44 47
3 0 50 82
4 41 50 82 44
3 41 44 47
3 54 58 83
4 54 58 46 44
4 44 88 83 54
4 58 46 88 83
3 88 44 46
4 60 83 30 90
3 44 90 60
4 44 82 83 60
4 82 44 90 30
3 82 83 30
4 0 54 91 1
4 1 92 47 0
3 47 54 0
3 1 91 92
4 91 54 47 92
4 9 91 67 7
4 67 47 89 91
3 9 89 91
3 7 67 47
4 7 47 89 9
4 0 70 91 63
3 0 69 63
4 70 68 69 0
4 63 69 68 91
3 70 68 91
4 67 58 83 91
4 67 91 85 69
3 83 91 85
3 69 58 67
4 58 83 85 69
4 54 56 86 91
3 56 54 58
4 91 54 58 87
4 87 58 56 86
3 87 91 86
4 63 56 60 91
3 63 56 7
4 56 60 90 7
4 63 91 90 7
3 60 90 91
4 39 1 30 62
4 1 30 90 92
3 1 92 39
3 30 90 62
4 39 62 90 92
4 67 7 22 39
3 7 90 67
4 39 76 90 67
4 7 22 76 90
3 22 39 76
4 39 50 58 67
3 67 87 58
4 58 87 75 50
4 67 39 75 87
3 75 39 50
4 30 70 39 84
4 70 30 87 68
3 68 70 39
3 30 87 84
4 39 84 87 68
4 47 39 84 7
3 7 46 84
4 41 46 84 39
3 41 39 47
4 29 28 33 93
4 28 27 94 29
3 28 33 27
3 29 94 93
4 93 33 27 94
3 93 95 24
4 93 96 27 24
4 93 96 97 95
4 24 95 97 27
3 97 96 27
4 27 98 95 25
4 25 16 99 27
3 25 95 16
3 98 99 27
4 95 16 99 98
4 12 47 92 16
4 92 94 27 47
3 12 47 27
3 92 16 94
4 12 27 94 16
3 25 29 26
4 26 29 77 22
4 29 25 27 77
3 27 77 22
4 23 89 92 26
4 23 27 24 26
3 92 24 26
3 27 89 23
4 92 24 27 89
4 29 26 6 19
4 29 26 10 21
3 29 21 19
3 6 10 26
4 10 21 19 6
4 95 18 10 16
3 5 16 10
3 19 95 18
4 5 19 95 16
4 25 10 66 95
4 10 25 97 59
3 10 59 66
3 95 97 25
4 59 97 95 66
3 12 10 47
4 21 53 47 10
4 12 97 21 10
4 12 47 53 97
3 21 97 53
4 10 23 28 18
3 53 28 18
4 28 53 89 23
4 18 53 89 10
3 23 89 10
4 4 93 29 1
4 1 4 100 21
3 29 21 1
3 4 100 93
4 93 29 21 100
4 5 1 92 16
4 1 101 100 5
3 92 101 1
3 5 16 100
4 92 101 100 16
4 19 29 77 102
4 19 29 94 100
3 29 77 94
3 19 102 100
4 102 100 94 77
3 77 53 101
4 53 97 96 77
4 77 101 100 96
4 97 100 101 53
3 97 100 96
3 21 89 53
4 99 89 53 98
4 21 53 98 100
4 21 89 99 100
3 99 100 98
4 66 92 89 59
4 94 92 66 100
3 92 89 94
3 66 100 59
4 89 94 100 59
3 4 93 37
4 95 66 4 93
4 18 37 4 66
4 18 95 93 37
3 18 95 66
3 26 6 37
4 37 101 66 6
4 37 101 92 26
4 92 66 6 26
3 92 101 66
4 37 19 95 24
4 24 98 102 37
3 37 102 19
3 95 24 98
4 19 95 98 102
3 33 28 37
4 28 33 98 53
4 37 101 53 28
4 33 37 101 98
3 53 101 98
4 18 37 22 47
3 22 77 37
4 18 53 77 37
4 77 53 47 22
3 47 53 18
3 1 0 37
4 24 47 0 37
4 24 92 1 37
3 92 47 24
3 25 97 73
4 80 97 73 79
4 25 23 80 97
3 23 80 79
3 20 70 23
4 27 53 70 23
4 70 53 97 20
4 97 20 23 27
3 97 53 27
3 28 73 33
4 28 73 32 23
4 33 73 32 34
3 34 32 23
4 35 33 24 26
4 33 35 23 27
3 27 33 24
3 23 35 26
4 33 102 101 24
4 24 94 96 33
3 102 96 33
3 101 94 24
4 102 101 94 96
4 24 22 36 93
3 93 96 36
3 22 24 27
4 27 22 36 96
4 22 76 32 34
4 34 96 77 22
3 76 22 77
3 34 96 32
4 77 76 32 96
3 89 53 27
4 53 27 96 103
4 27 96 104 89
4 89 104 103 53
3 96 104 103
4 80 89 76 79
4 94 76 79 96
3 79 80 96
3 89 76 94
4 89 94 96 80
3 29 93 73
4 29 73 97 21
4 100 97 73 93
3 21 100 97
4 18 24 93 19
3 93 24 94
4 94 21 19 93
4 18 21 94 24
3 18 19 21
4 26 24 101 1
3 1 21 101
3 25 26 24
4 24 25 21 101
3 76 29 26
4 29 21 89 76
4 26 10 89 76
3 21 89 10
3 32 73 25
4 25 73 103 21
4 104 32 73 103
4 25 32 104 21
3 103 104 21
4 76 94 21 70
3 20 21 70
3 32 94 76
4 20 21 94 32
4 37 29 73 33
4 29 37 102 103
3 73 103 29
3 37 102 33
4 33 73 103 102
3 18 37 19
4 37 19 103 77
4 19 103 53 18
3 77 103 53
4 37 1 70 28
3 37 101 1
4 101 1 70 53
3 28 70 53
3 0 37 22
4 37 22 76 29
3 70 76 29
4 37 93 73 28
3 79 73 28
3 37 36 93
4 73 93 36 79
3 0 28 70
4 51 28 0 69
4 28 70 68 51
3 68 51 69
3 28 71 14
4 71 28 53 68
4 28 53 65 14
4 14 65 68 71
3 65 53 68
3 17 55 0
4 17 75 39 0
4 68 75 17 55
3 68 75 39
4 68 71 30 91
4 30 91 85 17
3 91 85 68
3 17 71 30
4 17 71 68 85
3 20 30 70
4 20 105 68 70
4 20 105 87 30
3 68 105 87
4 20 14 48 72
3 48 72 68
4 55 68 72 20
3 14 20 55
3 38 54 0
4 17 83 54 0
4 0 38 78 17
4 83 78 38 54
3 83 78 17
3 14 58 38
4 38 58 83 80
4 20 14 38 80
4 20 14 58 83
3 83 80 20
3 55 0 69
4 69 55 83 64
3 82 64 83
4 83 87 67 54
3 65 54 67
4 54 65 105 83
4 67 87 105 65
3 105 83 87
3 83 60 81
4 65 14 81 60
4 65 55 83 60
3 14 65 55
4 0 54 52 28
3 54 82 0
4 52 54 82 79
3 52 79 28
4 0 38 52 70
3 0 39 70
4 41 39 70 52
3 41 38 52
4 60 91 70 52
3 30 91 70
4 60 81 30 91
4 70 30 81 52
3 52 81 60
4 52 54 91 72
3 91 67 54
4 52 48 67 54
4 67 91 72 48
3 72 52 48
4 28 50 58 14
3 50 28 79
3 14 58 81
4 50 58 81 79
4 38 50 71 14
3 41 38 50
3 14 71 48
4 50 41 48 71
4 82 50 71 30
3 30 87 71
4 50 71 87 64
3 64 82 50
4 0 69 57 3
3 0 10 3
4 10 66 69 0
4 10 3 57 66
3 57 66 69
3 14 3 6
4 66 6 14 65
4 59 3 6 66
4 59 3 14 65
3 66 59 65
3 18 14 25
4 14 25 16 61
4 18 66 16 25
3 66 16 61
4 26 10 66 106
3 25 26 10
4 26 106 95 25
3 66 106 95
4 4 63 0 37
3 0 37 18
3 66 63 4
4 33 38 0 37
3 38 47 0
3 37 24 33
4 24 47 38 33
3 14 42 38
4 27 38 14 25
4 24 42 38 27
4 25 14 42 24
3 25 24 27
3 0 69 18
4 24 40 69 18
3 22 40 24
3 67 42 69
4 42 24 92 67
4 92 67 69 101
4 24 42 69 101
3 24 101 92
4 47 24 106 67
3 65 47 67
4 106 67 65 95
4 95 65 47 24
3 95 106 24
3 18 14 65
4 49 31 14 65
4 18 24 49 65
3 31 49 24
4 3 14 42 2
4 34 31 42 2
3 2 3 34
3 14 42 31
3 38 56 2
4 2 56 61 6
4 2 38 14 6
3 14 6 61
3 2 63 4
4 2 42 106 4
4 42 67 63 2
4 67 63 4 106
3 67 106 42
4 2 22 26 6
4 2 6 106 40
3 40 2 22
3 6 106 26
4 22 40 106 26
4 3 12 47 0
3 0 22 47
3 12 34 3
4 12 34 22 47
3 10 63 0
4 10 12 38 0
4 10 63 56 12
3 12 56 38
4 12 61 67 47
3 47 92 67
4 67 92 16 61
3 12 61 16
4 26 10 12 31
3 92 10 26
4 31 49 92 26
4 10 92 49 12
3 49 12 31
4 32 72 48 31
3 32 72 20
3 14 31 48
3 29 73 72
4 29 72 90 26
4 73 31 26 29
4 73 72 90 31
3 31 90 26
4 90 72 68 67
4 90 61 105 72
3 68 72 105
3 67 90 61
4 61 105 68 67
3 52 60 72
4 61 15 72 60
3 15 61 14
3 72 107 91
4 67 91 107 106
4 72 48 106 107
3 67 48 106
4 72 108 106 15
3 72 76 108
3 26 15 106
4 76 108 106 26
3 14 35 71
4 87 11 35 71
4 61 87 71 14
4 14 61 11 35
3 87 11 61
3 30 26 35
4 30 87 109 35
4 26 106 87 30
4 26 35 109 106
3 87 106 109
4 58 14 15 87
3 58 87 83
3 14 15 20
4 83 87 15 20
4 70 29 107 91
4 91 87 71 70
3 91 107 87
3 70 71 29
4 71 29 107 87
3 15 29 26
4 75 84 26 29
4 15 87 75 29
4 84 26 15 87
3 75 84 87
3 67 84 62
4 67 61 11 84
4 84 62 81 11
4 67 62 81 61
3 11 81 61
3 30 26 84
4 30 84 46 81
4 30 26 31 81
4 31 46 84 26
3 81 46 31
4 26 35 81 90
3 35 81 79
3 26 90 76
4 79 81 90 76
3 91 67 90
4 91 83 81 90
4 67 90 81 58
3 83 58 81
3 58 67 62
4 106 67 58 109
4 58 62 74 109
4 62 74 106 67
3 106 74 109
3 14 71 58
4 58 71 74 46
4 31 46 58 14
4 14 31 74 71
3 31 74 46
3 48 52 14
4 52 48 74 79
4 35 14 48 74
3 79 74 35
4 71 70 76 74
3 68 71 70
4 70 76 108 68
4 74 108 68 71
3 108 74 76
4 67 48 74 84
4 75 68 67 84
3 74 84 75
3 48 68 67
4 48 74 75 68
3 93 107 29
4 29 93 109 71
4 87 109 93 107
3 71 109 87
3 95 106 93
4 106 93 110 87
4 95 93 110 105
4 105 95 106 87
3 87 110 105
4 86 16 15 87
3 87 111 86
4 95 111 86 16
4 15 87 111 95
3 15 95 16
4 67 87 107 92
4 87 61 16 107
3 92 16 107
3 61 87 67
3 30 91 87
4 91 30 26 92
4 91 87 106 92
3 92 106 26
4 72 112 93 29
4 93 29 76 113
3 72 76 29
3 112 113 93
4 72 76 113 112
4 32 112 108 76
4 108 92 16 112
3 112 32 16
3 108 92 76
4 92 76 32 16
4 73 29 107 112
4 29 75 114 73
3 29 107 75
3 73 114 112
4 112 107 75 114
4 105 112 108 68
4 108 75 110 112
3 110 112 105
3 68 108 75
4 68 105 110 75
4 86 112 72 91
4 86 91 68 111
3 68 72 91
3 86 112 111
4 68 111 112 72
4 60 112 107 91
4 92 91 60 49
3 91 107 92
3 112 49 60
4 92 107 112 49
4 48 73 32 90
3 48 95 73
4 16 32 73 95
4 16 90 48 95
3 32 16 90
3 29 71 15
4 29 76 90 15
4 71 62 90 15
3 62 76 90
3 30 91 90
4 68 91 90 48
4 30 90 48 71
3 68 48 71
3 90 49 60
4 60 90 15 105
4 95 49 60 105
4 95 49 90 15
3 95 15 105
3 93 113 74
4 48 95 93 74
4 93 95 49 113
4 74 48 49 113
3 49 95 48
3 31 74 26
4 26 74 108 92
4 74 31 49 108
3 92 108 49
4 62 76 92 67
3 67 92 106
3 62 76 74
4 74 106 92 76
3 73 114 74
4 106 74 73 95
4 114 111 95 73
4 106 74 114 111
3 95 111 106
3 71 109 74
4 71 109 111 68
4 109 111 108 74
3 68 111 108
4 4 6 35 36
4 4 6 3 8
3 4 36 8
3 3 6 35
4 35 3 8 36
4 17 110 13 3
3 36 110 17
3 34 13 3
4 36 110 13 34
4 3 78 110 5
4 3 80 104 5
3 3 78 80
3 110 104 5
4 80 104 110 78
3 20 55 3
4 55 3 8 85
4 20 104 8 3
4 20 104 85 55
3 8 85 104
4 3 10 1 17
3 1 17 85
4 10 59 85 1
4 3 17 85 59
3 59 3 10
4 77 36 4 101
4 100 96 36 4
3 100 101 4
3 77 36 96
3 102 85 101
4 104 94 101 85
4 104 96 102 85
3 96 94 104
3 85 8 59
4 96 8 59 97
4 97 103 85 59
4 96 8 85 103
3 97 103 96
4 78 57 59 80
4 57 100 96 78
3 59 57 100
3 80 78 96
4 96 80 59 100
4 2 4 93 33
3 2 8 4
4 8 96 33 2
4 4 93 96 8
3 33 96 93
4 2 57 13 34
3 2 102 57
4 34 96 102 2
4 57 102 96 13
3 13 96 34
3 93 110 19
4 110 93 94 104
4 21 104 110 19
3 94 104 21
3 5 4 6
4 6 4 101 18
4 5 21 101 4
3 21 18 101
4 6 57 59 10
3 19 57 6
3 10 59 21
4 59 21 19 57
4 13 97 21 5
4 5 21 103 110
3 13 110 5
3 21 97 103
4 103 110 13 97
4 20 55 57 13
4 57 100 21 55
3 21 55 20
3 57 13 100
4 21 100 13 20
4 37 19 110 36
3 36 77 37
3 19 110 103
4 103 110 36 77
3 1 29 37
4 29 103 85 1
4 37 1 85 102
3 102 103 85
4 18 55 17 37
4 17 37 101 85
3 37 18 101
3 17 55 85
4 85 101 18 55
3 0 37 2
4 37 2 57 19
3 57 19 55
3 37 93 33
4 33 78 110 93
4 33 78 17 37
4 37 93 110 17
3 17 110 78
3 37 6 35
4 37 6 57 102
4 37 35 78 102
4 57 6 35 78
3 57 102 78
4 79 62 48 73
3 32 73 79
3 48 90 62
4 32 90 62 79
3 33 73 93
4 93 106 42 33
4 42 33 73 48
4 93 106 48 73
3 42 48 106
3 25 73 95
3 26 74 106
4 42 51 73 31
4 31 73 114 46
3 73 51 114
3 42 31 46
4 46 114 51 42
3 52 73 45
4 46 74 73 45
3 46 74 62
3 14 6 42
4 6 11 81 14
4 46 11 6 42
4 42 14 81 46
3 81 11 46
3 26 35 6
4 35 6 61 81
4 6 61 90 26
3 61 90 81
4 45 33 28 52
3 28 35 33
4 35 81 52 28
4 81 45 33 35
3 45 81 52
3 33 42 31
4 78 58 42 33
4 33 78 81 31
4 42 58 81 31
3 78 58 81
3 30 81 20
3 25 26 31
4 20 81 31 25
3 71 30 62
4 30 11 109 71
4 46 11 30 62
4 62 71 109 46
3 46 109 11
3 29 71 28
4 28 33 109 71
3 33 109 93
3 74 26 29
4 29 19 109 74
4 26 6 109 74
3 6 19 109
4 28 35 109 51
3 35 79 28
4 51 28 79 114
4 35 79 114 109
3 51 109 114
4 78 58 62 79
3 58 109 78
3 62 79 74
4 79 78 109 74
3 14 58 42
4 42 58 87 106
4 14 15 106 42
3 15 87 106
3 62 71 58
4 58 71 15 61
4 58 62 90 61
3 90 15 61
3 51 71 28
4 15 25 28 71
4 25 28 51 95
4 71 15 95 51
3 25 95 15
4 48 15 6 42
4 6 42 51 19
3 15 19 6
3 48 51 42
4 15 48 51 19
3 62 52 48
4 52 48 15 20
4 15 48 62 30
3 30 20 15
3 82 84 62
4 41 62 84 40
4 82 43 40 84
4 41 62 82 43
3 41 43 40
3 0 1 39
4 39 1 4 40
3 2 4 40
3 1 84 26
4 84 1 101 40
4 24 26 84 40
3 24 101 40
3 26 22 76
4 76 22 40 108
3 106 108 40
3 39 76 62
4 62 76 113 46
4 39 40 113 76
3 46 40 113
3 63 91 1
4 1 91 90 26
4 7 63 1 26
3 7 26 90
4 67 63 82 62
4 63 67 90 9
3 82 63 9
3 62 90 67
4 62 90 9 82
4 10 26 84 63
4 66 63 84 106
3 66 10 63
3 106 84 26
3 54 63 56
4 62 84 63 54
4 56 63 84 46
3 62 84 46
3 62 67 54
4 92 67 54 89
4 62 76 89 54
3 89 92 76
4 106 92 47 42
3 42 47 41
4 41 108 106 42
4 47 41 108 92
3 106 108 92
3 39 62 41
4 90 49 41 62
4 39 92 49 41
3 92 49 90
3 0 69 39
4 0 10 92 39
4 66 92 39 69
3 66 92 10
4 0 82 9 10
3 0 47 10
4 47 10 9 44
3 9 44 82
3 10 26 7
4 26 76 44 7
4 10 89 44 7
3 76 89 44
4 42 47 44 46
3 47 42 24
4 46 113 24 42
4 44 47 24 113
3 44 113 46
4 22 44 90 26
3 22 24 26
4 24 26 90 49
4 44 22 24 49
3 44 90 49
3 0 22 2
4 44 56 2 22
3 54 44 56
4 4 40 42 6
3 4 40 101
3 6 42 18
4 18 42 40 101
3 33 42 24
4 102 69 42 33
3 101 69 102
3 25 28 18
4 101 18 28 77
4 77 28 25 94
4 25 94 101 18
3 94 101 77
3 28 38 0
4 12 25 28 38
3 12 10 25
4 6 42 38 3
3 38 42 47
4 47 38 3 10
4 10 6 42 47
3 10 3 6
4 10 47 39 1
3 10 21 1
4 21 53 39 1
3 47 53 39
3 7 63 10
4 18 10 63 69
4 7 42 18 10
3 42 69 18
3 2 3 6
4 23 3 2 22
4 23 26 6 3
3 23 26 22
4 2 37 28 38
4 2 43 77 37
3 2 38 43
3 28 77 37
4 77 43 38 28
4 2 22 39 69
3 2 102 69
4 22 2 102 77
4 69 102 77 39
3 39 77 22
4 2 63 1 37
3 26 37 1
3 7 2 63
4 42 33 34 7
4 27 47 42 33
3 34 27 33
3 42 47 7
4 47 27 34 7
3 40 22 39
4 27 53 39 22
4 53 39 40 98
4 22 27 98 40
3 98 27 53
4 42 40 43 38
3 38 43 27
3 42 40 24
4 27 43 40 24
3 47 92 39
4 39 77 27 47
4 92 39 77 94
3 94 77 27
3 80 27 38
3 20 25 14
4 27 80 20 25
3 29 70 28
4 70 28 27 89
4 70 29 94 89
3 27 94 89
3 14 25 12
3 59 21 55
4 25 12 59 21
3 18 47 24
4 18 21 89 47
4 89 94 24 47
3 21 94 89
3 1 10 26
4 3 10 26 35
3 17 35 3
4 70 23 3 55
4 59 89 70 55
3 70 23 89
3 59 3 55
4 23 3 59 89
3 80 38 3
4 89 80 38 47
4 3 10 89 80
3 89 10 47
3 35 17 37
3 14 55 18
3 2 6 37
3 14 38 28
4 23 89 91 30
3 91 89 92
3 30 23 26
3 28 79 23
4 79 28 53 115
4 79 115 89 23
3 53 115 89
4 54 80 79 62
3 80 54 89
3 76 62 79
3 29 77 75
3 22 84 26
4 22 84 75 77
3 62 84 39
4 79 62 84 36
4 84 36 77 39
4 62 79 77 39
3 36 77 79
3 37 101 77
3 76 92 26
4 77 101 92 76
3 47 22 44
4 22 44 115 77
4 44 115 53 47
3 53 77 115
3 62 44 76
3 50 77 43
4 44 76 77 43
3 30 17 1
4 1 17 50 39
3 50 39 62
4 70 54 63 1
3 1 84 63
4 70 1 84 62
3 62 70 54
3 26 37 22
4 37 22 82 17
4 30 26 22 82
3 30 82 17
3 82 84 63
4 23 10 63 82
4 26 23 82 84
3 26 23 10
4 23 28 50 82
4 43 27 28 50
3 28 27 23
3 50 82 43
4 82 23 27 43
4 47 22 82 54
3 82 54 80
4 47 27 80 54
4 82 22 27 80
3 22 47 27
4 60 49 31 81
3 65 49 60
3 31 81 14
4 45 81 62 41
4 90 49 45 81
3 45 49 41
3 81 90 62
3 14 15 48
4 16 49 48 15
3 16 49 12
3 26 15 90
4 95 15 26 24
3 24 49 95
3 48 74 62
4 62 44 113 74
3 44 113 49
3 7 26 6
4 7 6 109 46
4 7 46 74 26
3 74 46 109
3 56 58 46
4 12 31 46 56
3 14 12 31
3 46 40 84
3 31 24 26
4 24 40 46 31
3 7 84 26
4 7 61 87 84
4 26 15 61 7
3 61 87 15
3 66 61 6
3 92 90 26
4 90 61 66 92
3 56 61 58
4 56 44 90 61
3 44 90 62
4 14 6 106 48
3 66 106 6
3 48 65 14
4 65 48 106 66
4 48 106 84 62
3 40 84 106
3 48 62 41
4 40 106 48 41
3 31 33 24
4 33 31 32 96
4 32 94 24 31
3 96 32 94
3 25 31 12
4 31 113 94 25
4 12 31 113 99
4 25 94 99 12
3 113 99 94
4 35 28 77 36
3 27 28 77
3 35 36 34
4 27 34 36 77
4 76 23 34 113
4 23 34 99 89
3 23 89 76
3 99 34 113
4 89 76 113 99
3 9 34 7
3 89 27 47
4 34 9 89 27
4 6 35 28 18
3 23 35 28
4 23 10 6 35
3 18 10 6
3 26 35 31
4 3 35 31 12
3 12 10 3
4 76 92 10 23
4 23 10 16 32
3 16 10 92
3 23 32 76
3 18 6 37
4 7 47 18 6
3 7 22 47
3 29 37 93
4 93 37 22 113
3 22 113 76
3 37 36 35
4 37 36 113 24
4 31 113 36 35
3 31 113 24
4 73 45 38 28
3 38 28 50
4 28 50 114 73
4 45 38 50 114
3 73 45 114
3 81 78 45
4 45 78 50 41
3 50 62 41
4 38 45 60 54
3 47 38 54
4 54 60 49 47
4 45 38 47 49
3 60 45 49
3 52 28 53
3 33 45 98
4 53 52 45 98
4 45 97 53 41
3 45 97 12
3 41 47 53
3 14 28 18
4 69 50 28 18
3 58 50 69
3 55 54 58
4 58 42 47 54
4 18 55 54 47
4 42 58 55 18
3 47 42 18
3 33 38 28
4 28 38 58 71
4 38 58 109 33
3 58 71 109
4 47 38 58 67
4 38 58 61 12
3 12 47 38
3 67 58 61
4 54 55 71 62
3 54 65 55
3 48 71 62
4 65 48 71 55
3 52 73 28
4 65 52 28 18
4 28 18 95 73
4 52 65 95 73
3 18 65 95
3 31 48 73
4 48 73 97 65
4 97 73 31 12
4 12 31 48 65
3 65 97 12
3 62 81 52
4 52 81 61 65
3 67 61 65
3 47 42 67
4 67 68 51 42
4 47 53 68 67
4 47 42 51 53
3 51 53 68
4 33 51 48 31
4 31 49 98 33
3 33 51 98
3 48 31 49
4 51 48 49 98
4 95 18 47 49
3 41 49 47
3 51 95 18
4 41 51 95 49
4 41 62 71 51
3 109 71 51
3 46 62 41
4 46 41 51 109
3 30 71 70
4 21 70 30 5
4 21 70 71 19
4 19 71 30 5
3 5 21 19
3 0 50 17
4 19 51 50 17
3 18 51 19
3 50 71 58
4 57 58 71 19
4 58 57 102 50
4 71 19 102 50
3 102 19 57
4 58 55 19 109
3 55 83 58
4 109 58 83 110
4 55 19 110 83
3 110 109 19
3 30 83 17
4 30 15 105 83
4 83 17 19 105
3 19 105 15
3 52 28 70
4 35 28 70 30
3 35 30 81
3 18 51 28
3 35 109 6
4 6 109 51 18
4 23 30 71 28
3 25 28 23
3 15 71 30
3 30 35 23
4 30 83 78 35
4 23 80 83 30
4 80 23 35 78
3 83 78 80
4 6 3 78 109
3 3 6 5
4 6 5 110 109
3 78 109 110
3 17 30 5
4 5 30 81 13
4 5 13 78 17
3 78 13 81
3 0 37 17
3 38 33 78
3 0 38 3
3 52 20 70
4 38 3 20 52
4 15 20 3 6
3 3 57 6
4 6 15 105 57
4 3 20 105 57
3 20 105 15
4 58 81 20 55
3 57 58 55
4 57 58 81 13
3 20 13 81
3 18 55 0
4 25 18 55 20
3 25 20 23
4 61 86 64 58
4 61 81 88 86
3 64 88 86
3 61 81 58
4 58 64 88 81
3 91 86 60
4 11 86 91 30
4 81 60 86 11
3 30 11 81
4 11 86 66 6
4 111 86 11 109
3 111 66 86
3 11 6 109
4 109 6 66 111
3 56 116 86
4 56 116 109 58
4 86 87 109 116
3 87 58 109
3 86 107 4
4 61 6 4 86
4 6 15 107 4
4 86 61 15 107
3 15 61 6
3 9 16 86
3 30 15 87
3 7 6 42
4 7 6 15 90
4 42 7 90 48
3 48 15 90
3 67 58 42
4 90 31 42 67
3 90 81 31
3 66 67 63
4 63 9 16 66
4 90 16 66 67
3 16 9 90
4 63 56 116 4
3 4 84 63
4 84 4 116 46
3 56 46 116
3 11 6 4
4 4 40 46 11
3 46 40 42
3 30 11 9
3 62 44 46
4 9 11 46 44
3 62 84 30
4 15 30 84 106
3 106 15 48
3 64 84 63
4 63 64 111 66
4 111 64 84 106
3 66 111 106
4 40 42 58 64
3 64 58 87
3 106 40 42
4 40 64 87 106
4 63 91 107 4
3 106 107 4
3 67 63 91
3 0 82 63
4 82 63 4 36
3 37 36 4
4 5 30 84 4
4 8 82 84 4
3 5 8 4
3 30 82 84
4 5 30 82 8
4 66 67 84 4
4 101 39 84 4
3 66 4 101
3 67 84 39
4 101 39 67 66
4 1 4 86 91
3 1 30 91
3 11 4 86
3 0 23 10
4 0 23 76 39
3 39 76 92
4 5 107 106 6
3 107 106 92
4 10 92 107 5
4 10 92 106 6
3 5 10 6
3 5 30 1
4 16 90 30 5
3 92 16 90
3 0 63 2
4 0 23 9 63
4 2 63 9 34
3 9 34 23
3 86 11 9
4 9 86 66 10
4 11 9 10 6
3 10 6 66
3 30 26 90
3 22 82 44
4 23 22 84 30
3 11 84 30
4 34 22 84 11
3 23 22 34
4 67 84 22 47
3 67 106 84
4 22 24 106 84
3 22 24 47
4 74 106 4 36
4 4 106 108 117
3 36 117 4
3 106 74 108
4 74 108 117 36
3 112 108 113
4 110 112 113 36
4 108 113 36 75
3 110 36 75
4 107 108 114 110
4 107 104 115 108
3 110 107 104
3 108 114 115
4 114 110 104 115
3 72 108 68
4 68 85 104 72
4 72 104 117 108
4 108 68 85 117
3 85 117 104
3 1 107 4
4 1 107 108 39
4 4 40 108 107
3 40 108 39
4 1 92 108 75
4 85 118 92 1
3 1 75 85
3 108 118 92
4 85 75 108 118
4 87 91 9 11
4 91 104 110 87
3 91 104 9
3 11 110 87
4 9 104 110 11
3 83 60 91
4 83 110 107 91
4 60 112 110 83
3 107 110 112
4 91 118 111 87
3 92 118 91
3 106 111 87
4 92 118 111 106
3 63 86 4
4 86 4 36 88
4 86 63 82 88
3 36 88 82
4 104 9 63 85
3 63 85 64
3 9 88 104
4 64 85 104 88
4 4 117 88 11
3 4 40 117
3 46 11 88
4 40 117 88 46
3 112 113 88
4 113 112 111 40
4 88 112 111 64
4 40 64 88 113
3 40 111 64
4 111 114 88 86
4 88 115 118 86
3 86 118 111
3 114 115 88
4 114 115 118 111
3 83 88 60
4 83 60 118 85
4 88 60 118 117
4 85 83 88 117
3 85 118 117
4 87 83 82 84
3 36 84 82
4 87 110 36 84
4 82 83 110 36
3 87 110 83
3 46 11 84
4 84 75 110 11
4 84 75 114 46
4 46 114 110 11
3 75 110 114
3 74 106 84
4 84 64 114 74
3 111 114 64
3 40 84 39
4 84 87 111 40
4 39 40 111 68
3 87 111 68
3 63 84 67
4 75 84 63 85
4 63 85 68 67
3 68 75 85
4 37 33 116 4
3 4 116 11
3 37 35 33
4 11 116 33 35
4 33 109 11 34
4 33 96 110 109
3 33 34 96
3 109 11 110
4 34 96 110 11
4 93 33 45 112
3 33 78 45
3 110 112 93
4 110 112 45 78
4 73 33 116 112
3 73 33 51
4 33 51 111 116
4 73 51 111 112
3 111 116 112
3 2 33 42
3 93 106 4
4 24 33 109 106
4 33 109 111 98
3 98 33 24
3 106 109 111
4 24 98 111 106
3 11 61 6
4 6 19 105 61
4 6 11 110 19
4 61 11 110 105
3 105 19 110
3 15 106 6
4 106 111 57 6
4 15 105 111 106
3 57 111 105
3 18 6 66
4 18 51 111 66
3 109 51 111
3 6 42 2
4 6 19 102 2
4 2 102 51 42
3 19 102 51
4 4 66 61 11
4 4 11 13 100
3 100 4 66
3 13 61 11
4 66 100 13 61
3 112 13 16
4 111 57 13 112
4 16 112 111 66
4 57 66 16 13
3 66 111 57
4 111 105 13 116
4 116 13 97 98
3 111 98 116
3 13 97 105
4 111 105 97 98
3 45 13 78
4 102 98 45 78
4 100 98 45 13
4 100 13 78 102
3 100 102 98
3 4 116 2
4 13 3 2 116
4 4 5 13 116
3 5 3 13
4 5 15 106 4
4 4 106 95 100
3 4 5 100
3 106 15 95
4 15 95 100 5
4 110 19 95 112
3 95 112 16
4 112 16 5 110
3 5 110 19
3 93 96 110
3 95 105 97
4 97 105 110 96
3 73 51 95
4 96 73 51 102
4 100 95 73 96
4 51 102 100 95
3 102 96 100
4 29 74 114 103
3 29 19 103
3 109 114 74
4 109 19 103 114
4 114 51 95 112
3 112 114 110
4 114 110 19 51
3 19 51 95
4 97 119 114 73
3 97 95 73
3 114 119 111
4 97 119 111 95
3 45 41 114
4 103 114 45 97
4 53 103 114 41
3 53 103 97
3 29 28 73
3 50 114 75
3 28 53 51
4 51 53 115 114
3 79 114 115
3 29 72 70
4 72 29 19 105
4 105 55 70 72
3 19 55 105
3 70 68 53
3 20 105 97
4 97 105 68 53
4 29 103 105 15
3 29 75 103
3 87 15 105
4 87 75 103 105
4 108 72 105 111
3 108 115 72
4 72 105 119 115
4 111 119 115 108
3 105 119 111
3 60 105 65
4 65 53 115 60
4 60 115 103 105
4 65 53 103 105
3 103 115 53
4 52 97 95 48
3 20 52 97
3 15 48 95
4 20 97 95 15
4 108 48 52 115
3 79 52 115
3 74 108 48
4 74 79 115 108
4 52 45 112 72
4 52 41 108 72
3 41 45 52
3 72 108 112
4 112 45 41 108
4 52 60 112 73
3 52 65 60
3 112 95 73
4 60 112 95 65
3 19 71 55
4 95 48 71 19
4 65 95 19 55
3 65 95 48
3 50 71 75
4 75 71 48 108
4 50 75 108 41
3 41 108 48
3 62 71 70
4 70 53 51 71
4 62 41 53 70
3 51 53 41
3 71 87 15
4 87 71 51 111
3 95 111 51
4 53 98 111 68
3 105 111 68
3 53 98 97
3 51 53 18
4 18 66 118 53
4 111 51 53 118
3 111 118 66
4 18 69 111 95
3 40 69 111
3 18 95 24
4 95 111 40 24
3 38 45 33
4 33 24 49 45
3 24 47 49
4 108 114 45 49
4 45 119 118 49
3 114 45 119
3 108 118 49
4 108 118 119 114
3 52 45 60
4 52 53 118 60
4 60 118 98 45
3 53 98 118
3 45 116 112
4 41 45 116 40
4 108 40 116 112
3 40 41 108
3 46 45 31
4 24 31 45 98
4 45 98 40 46
3 98 40 24
3 48 108 106
4 65 118 108 48
4 108 106 66 118
3 65 118 66
3 108 49 112
4 49 112 105 65
4 68 65 49 108
3 68 65 105
4 52 73 33 38
3 38 33 42
4 52 48 42 38
3 73 48 52
3 42 40 69
4 42 40 108 48
4 69 40 108 68
3 68 48 108
3 106 42 109
4 114 41 42 109
4 106 109 114 108
3 108 114 41
4 22 23 70 39
3 53 70 39
3 23 27 22
4 36 75 39 22
4 22 113 108 39
3 39 108 75
3 22 113 36
3 22 43 40
4 43 115 76 22
4 43 115 108 40
3 108 115 76
3 1 91 70
4 1 91 118 101
4 70 53 118 91
3 53 118 101
4 29 75 85 21
4 29 94 117 75
3 29 21 94
3 85 117 75
4 85 21 94 117
3 53 101 21
4 53 115 117 101
4 21 53 115 104
4 104 21 101 117
3 104 117 115
3 77 27 53
4 99 117 77 27
4 117 77 53 118
4 99 118 53 27
3 118 99 117
4 24 94 117 40
3 40 117 43
3 94 24 27
4 27 43 117 94
4 37 29 107 4
4 37 4 117 77
3 107 117 4
3 29 77 37
4 77 117 107 29
3 37 101 24
4 36 117 101 37
4 24 101 117 113
3 36 113 117
3 89 91 70
4 89 94 107 91
3 29 94 107
3 107 108 92
4 89 104 107 92
4 92 89 115 108
3 104 115 89
4 89 118 108 76
3 108 113 76
3 89 118 99
4 113 99 118 108
3 47 89 44
4 44 113 94 89
3 24 113 94
3 70 39 76
4 21 70 39 101
4 39 101 94 76
3 101 21 94
3 79 77 28
3 32 94 25
4 79 77 94 32
4 94 93 74 76
4 93 74 79 96
3 94 96 93
3 74 76 79
3 29 75 74
4 29 94 113 74
4 75 74 113 117
3 94 113 117
4 92 107 75 39
3 94 107 92
4 94 107 75 77
3 75 77 39
3 0 22 39
3 17 75 36
3 36 4 84
3 101 39 77
3 74 84 26
4 79 82 84 74
3 79 82 23
3 23 70 30
3 22 39 84
4 23 32 113 22
3 24 22 113
3 23 32 25
4 24 113 32 25
4 35 23 76 74
3 34 23 35
4 34 113 74 35
3 76 74 113
3 30 70 1
3 35 37 28
4 37 1 107 93
3 92 1 107
3 24 93 37
4 24 92 107 93
3 4 84 1
4 1 29 74 84
4 93 74 84 4
3 29 93 74
3 109 74 93
4 96 78 109 93
3 79 78 96
4 35 78 45 31
4 31 45 114 74
3 45 114 78
3 35 74 31
4 74 114 78 35
4 38 42 109 78
3 78 3 38
3 6 109 42
4 19 71 74 93
3 95 19 93
3 74 48 71
4 17 110 114 50
3 17 110 19
3 51 114 50
3 109 42 58
4 19 18 42 109
3 19 55 18
3 18 28 37
3 93 73 95
3 31 73 25
4 25 18 51 73
4 25 18 42 31
3 51 42 18
4 51 73 79 50
3 73 96 79
3 50 51 102
4 96 79 50 102
3 29 74 71
4 25 31 74 29
3 31 14 25
3 3 38 14
4 17 50 38 3
3 50 17 71
3 106 93 74
4 94 92 106 93
3 94 92 76
3 92 67 90
3 31 42 24
4 90 31 24 92
3 42 6 106
3 47 92 10
3 93 116 4
4 46 74 93 116
3 84 74 46
3 47 22 39
4 108 39 47 49
4 22 113 49 47
3 49 113 108
4 2 116 93 37
3 37 2 22
4 22 113 116 2
3 113 116 93
3 2 40 42
4 2 40 113 34
4 113 31 42 40
3 34 113 31
3 39 101 40
4 101 94 113 40
3 94 113 76
3 7 44 46
3 74 76 26
4 44 46 74 76
4 7 84 74 31
4 36 84 7 34
3 74 36 84
3 31 34 7
4 36 74 31 34
4 10 1 84 7
3 1 84 39
3 7 47 10
3 41 42 38
4 38 41 114 78
3 114 78 109
4 41 114 75 39
4 53 103 75 39
3 39 53 41
3 114 103 75
3 69 50 39
4 108 39 69 111
4 114 50 69 111
4 114 50 39 108
3 111 108 114
3 69 42 51
4 69 51 114 64
3 46 64 114
4 54 38 28 70
4 54 58 71 70
3 54 38 58
3 28 70 71
4 55 58 62 70
3 62 70 39
4 69 39 70 55
3 55 69 58
4 75 71 58 64
3 64 58 46
3 75 71 74
4 46 74 75 64
3 38 54 52
4 38 54 67 42
3 48 42 67
3 52 70 72
4 70 72 108 39
3 41 108 39
3 52 81 14
4 41 52 81 46
3 42 46 41
4 73 72 70 28
3 28 51 73
3 68 72 70
4 51 73 72 68
3 74 48 73
4 74 73 103 75
4 48 73 103 68
3 75 68 103
4 67 42 109 87
3 67 68 87
3 42 109 51
4 68 87 109 51
3 60 45 56
4 45 31 7 56
4 60 45 31 90
3 31 90 7
4 11 46 45 13
3 13 45 12
3 7 46 11
3 33 116 45
4 81 11 116 45
3 11 81 35
3 14 35 6
4 74 106 6 35
3 48 74 106
4 67 7 31 48
3 65 67 48
3 7 12 31
3 31 35 33
4 35 71 51 33
4 31 48 71 35
3 48 71 51
3 38 78 58
4 12 38 78 13
4 58 78 13 61
3 13 61 12
3 57 6 61
3 81 78 35
4 78 57 61 81
3 42 67 7
4 7 67 87 11
4 11 109 42 7
3 11 109 87
4 38 33 116 56
3 56 58 38
3 109 116 33
3 46 56 7
4 56 7 6 57
4 56 57 109 46
3 57 109 6
3 7 63 84
4 36 84 63 8
4 63 8 34 7
3 34 36 8
3 7 22 44
4 7 44 88 11
4 36 88 44 22
3 36 11 88
3 62 44 82
4 82 44 113 36
3 74 36 113
4 1 5 11 84
3 5 10 1
3 7 11 84
3 29 70 1
3 62 84 74
3 22 7 34
4 34 7 90 32
3 32 90 76
3 23 70 0
3 63 91 9
4 9 91 70 23
4 11 9 23 35
3 79 35 23
4 11 88 79 35
4 9 23 79 88
3 88 11 9
3 82 79 62
4 9 82 79 32
3 32 90 9
3 0 17 82
4 5 17 82 9
3 5 9 10
3 2 69 0
4 33 51 69 2
3 33 51 28
3 33 102 78
3 58 42 69
4 78 58 69 102
4 2 56 45 33
3 7 56 2
3 33 31 45
4 10 59 56 7
3 57 59 56
3 6 10 7
3 2 34 7
4 13 61 7 34
3 57 61 13
3 109 116 57
4 35 34 116 109
4 3 34 116 57
4 35 109 57 3
3 34 3 35
3 7 6 61
4 18 65 61 6
3 47 65 18
3 31 42 7
3 10 25 18
3 0 3 55
4 12 65 55 3
3 12 47 65
3 12 45 31
4 3 78 45 12
3 3 35 78
3 62 54 58
4 80 54 58 78
3 79 80 78
3 0 69 50
3 3 78 57
4 57 78 50 69
3 51 73 48
3 50 62 79
4 35 33 102 17
3 33 102 51
3 17 71 35
4 71 17 102 51
3 55 20 70
3 58 81 62
4 71 35 3 55
3 35 109 71
4 55 57 109 71
3 57 55 3
3 18 28 0
3 54 65 52
3 113 32 112
4 24 113 112 95
4 32 112 95 25
3 25 95 24
3 35 33 109
3 26 106 24
3 30 71 35
4 30 90 31 35
3 31 90 48
4 93 107 72 73
3 107 106 93
3 72 73 48
3 106 15 107
4 25 94 107 15
4 24 106 107 94
4 25 15 106 24
3 25 94 24
4 15 16 94 29
3 76 94 29
3 15 90 16
4 76 94 16 90
3 26 24 37
3 15 95 19
3 23 70 28
4 23 70 72 32
3 32 73 72
3 29 28 77
4 28 52 115 77
4 72 115 77 29
3 72 115 52
4 39 76 72 68
4 76 77 103 72
3 68 103 72
3 76 77 39
4 39 77 103 68
4 107 1 70 72
3 70 39 1
3 72 108 107
4 1 29 72 91
3 29 26 1
3 91 90 72
3 28 71 50
3 30 82 23
3 28 35 71
4 77 28 71 75
4 36 35 71 75
3 36 75 77
4 107 15 71 75
4 107 15 48 108
3 75 108 107
3 71 48 15
4 76 79 50 39
3 76 108 39
3 79 50 114
4 79 114 108 76
4 106 107 117 40
3 117 107 94
3 24 40 106
3 93 107 112
4 24 49 112 93
3 92 49 24
3 15 107 16
4 107 108 49 16
3 49 108 48
3 75 107 87
3 67 92 39
3 24 106 93
4 93 106 84 36
3 22 84 36
3 7 67 84
3 31 74 48
3 32 90 31
4 94 92 90 32
3 92 24 94
3 72 108 48
4 32 113 108 72
4 113 31 48 108
3 31 32 113
3 28 27 53
3 12 65 14
4 65 12 27 53
4 65 97 27 47
3 24 47 27
3 95 65 97
4 65 118 101 18
3 24 101 18
3 65 118 49
4 101 118 49 24
3 65 67 66
3 39 101 53
4 66 101 53 65
3 67 66 69
4 95 48 67 66
4 69 51 95 66
3 48 95 51
3 50 28 51
4 28 51 98 27
4 50 43 98 51
3 98 43 27
3 41 39 50
4 39 101 102 50
4 101 39 41 98
4 98 41 50 102
3 98 101 102
3 41 48 52
4 41 98 97 52
4 98 41 48 95
3 95 98 97
3 48 51 68
4 49 118 68 48
4 51 68 118 98
3 49 98 118
3 39 68 53
3 98 111 40
3 50 58 38
4 50 39 47 38
3 39 47 67
3 91 68 67
4 91 89 53 68
3 89 53 47
3 49 113 24
3 118 117 101
4 49 118 117 113
3 24 92 106
4 24 98 118 92
3 111 98 118
4 60 115 76 90
4 60 118 92 90
3 118 60 115
3 92 76 90
4 118 92 76 115
4 90 49 118 91
3 91 118 68
3 49 90 48
4 44 41 53 89
4 98 41 44 99
3 89 99 44
3 53 41 98
3 43 22 44
4 22 43 98 24
4 44 49 98 43
3 24 49 98
3 44 7 90
3 41 48 42
4 44 90 48 41
3 44 115 60
3 65 53 47
4 53 41 40 101
4 117 40 41 115
3 101 117 40
3 53 115 41
3 14 52 20
4 21 53 52 20
3 18 21 53
4 31 45 97 25
3 98 97 45
3 25 31 24
4 25 24 98 97
3 25 29 15
4 29 103 97 25
4 25 15 105 97
3 97 105 103
4 21 19 51 53
4 19 100 98 51
3 98 51 53
3 21 100 19
4 24 42 109 93
3 93 19 109
3 18 24 42
4 18 19 105 65
3 18 65 53
3 19 105 103
4 33 51 53 27
4 33 51 103 96
3 33 96 27
3 53 103 51
3 52 79 62
4 52 79 77 53
3 53 39 77
3 89 70 53
3 44 62 41
3 1 85 91
4 85 103 72 91
3 72 103 29
4 68 103 104 91
3 89 91 104
3 53 68 103
3 91 60 118
3 53 70 52
3 29 107 72
4 115 72 107 117
3 115 117 77
3 29 76 74
4 76 115 103 29
4 74 76 115 114
3 114 103 115
3 72 48 90
4 48 41 115 72
4 90 44 115 72
3 41 115 44
4 53 68 75 77
4 75 117 118 68
3 77 117 75
3 53 68 118
3 28 77 53
3 71 75 68
3 70 76 89
4 89 118 68 70
3 108 118 68
4 72 70 54 60
3 60 54 44
3 72 70 76
4 76 44 60 72
3 52 38 28
4 52 115 43 38
3 43 115 77
3 41 47 38
4 41 115 80 38
4 47 41 115 89
3 80 115 89
4 48 51 103 72
3 72 103 115
3 41 51 48
4 103 51 41 115
3 65 52 48
4 65 118 115 52
3 115 118 108
3 1 26 92
3 74 108 75
3 47 89 92
3 41 115 108
3 54 60 91
3 47 49 92
4 54 82 84 67
3 54 67 47
3 22 82 84
3 18 10 47
4 10 47 49 16
3 95 49 16
3 25 27 28
3 95 51 98
3 25 28 73
3 12 38 45
4 12 25 73 45
3 12 61 7
3 25 26 15
4 12 61 15 25
3 66 69 63
4 69 102 8 63
4 66 100 8 63
4 100 66 69 102
3 102 100 8
3 37 102 101
3 6 57 66
4 101 102 57 66
3 56 63 2
4 2 102 119 56
4 2 102 85 63
4 56 63 85 119
3 85 119 102
3 57 58 56
4 56 57 102 43
3 50 43 102
3 19 55 17
4 17 55 59 8
4 17 8 100 19
4 19 55 59 100
3 59 8 100
3 3 17 78
4 17 85 119 78
4 78 119 59 3
3 59 119 85
4 57 58 54 59
3 80 59 54
3 78 57 58
3 63 85 69
4 10 63 85 21
4 21 85 69 18
3 18 21 10
4 2 63 54 38
3 2 63 8
4 2 38 80 8
4 54 80 8 63
3 38 54 80
4 3 38 43 8
3 50 43 38
3 17 8 3
4 43 8 17 50
3 58 54 67
4 59 54 67 66
4 57 58 67 66
3 66 57 59
3 69 68 67
4 57 105 68 69
3 61 57 105
3 55 71 68
4 57 111 68 55
3 111 109 57
3 18 6 19
3 65 61 105
3 37 26 29
3 31 73 33
3 26 6 15
3 23 3 20
3 76 72 90
3 68 67 39
3 39 50 0
3 79 76 23
3 1 17 0
4 17 1 91 83
3 83 91 54
3 83 82 54
3 87 67 84
3 2 69 42
4 69 2 3 55
3 14 3 55
3 70 21 55
4 69 101 21 55
3 39 101 69
3 2 102 43
3 42 51 41
4 43 102 51 41
3 68 69 39
4 69 102 103 68
3 102 77 103
3 68 71 51
3 85 17 102
4 85 68 51 102
3 27 38 47
4 50 77 27 38
3 50 77 39
3 42 33 51
3 47 27 53
3 21 70 53
3 71 19 51
3 42 48 31
3 40 113 108
3 39 84 75
3 46 114 41
4 107 110 109 106
3 5 107 110
3 6 109 106
3 106 6 4
3 74 36 35
3 67 87 91
3 9 11 7
3 1 75 84
4 1 75 110 5
3 5 110 11
3 87 71 75
3 11 35 36
4 36 75 87 11
3 6 15 5
3 7 90 9
4 15 5 9 90
3 37 17 1
4 17 110 107 1
3 93 107 110
3 5 107 15
4 5 107 75 17
3 17 71 75
3 106 4 84
3 5 30 15
3 93 110 36
3 87 106 84
4 35 23 70 71
3 76 23 70
3 35 71 74
3 1 4 63
4 63 1 21 59
4 59 100 4 63
3 21 59 100
3 66 6 4
4 66 59 8 4
3 59 8 3
3 10 92 1
4 92 10 59 118
3 85 118 59
3 59 54 89
3 66 67 92
3 57 55 69
4 57 100 101 69
3 100 101 21
3 65 18 55
4 65 118 85 55
3 85 118 101
4 54 89 21 55
3 47 54 89
3 21 55 18
3 2 22 7
3 67 39 69
3 2 38 42
3 54 67 63
3 1 85 63
3 2 102 37
3 3 8 2
4 8 85 69 2
3 69 85 55
3 10 63 9
4 9 104 21 10
3 21 85 104
3 89 21 70
3 9 30 5
4 9 89 21 5
3 8 102 2
3 5 19 6
4 5 8 102 19
3 5 30 20
3 82 80 8
4 8 80 20 5
3 59 63 10
4 82 63 59 80
4 10 59 80 23
3 82 23 80
3 83 105 60
3 30 90 15
3 30 87 11
4 11 87 105 13
3 13 105 20
3 67 106 87
3 65 95 105
3 30 87 83
3 35 109 78
4 87 83 78 109
3 82 17 83
4 82 43 102 17
4 17 83 119 102
4 82 43 119 83
3 102 119 43
3 58 78 83
3 69 102 85
4 83 78 102 85
3 79 50 82
4 82 8 102 50
4 96 79 82 8
3 96 102 8
3 77 102 37
3 78 35 79
4 79 77 102 78
3 2 57 3
4 2 3 80 43
4 43 119 57 2
4 3 57 119 80
3 119 80 43
3 2 38 33
4 80 96 33 38
3 96 80 8
3 35 78 33
4 33 78 80 27
3 27 80 23
3 70 71 55
3 3 35 23
4 55 17 82 54
3 55 59 54
4 8 82 54 59
3 17 82 8
4 61 11 88 60
3 44 60 88
3 7 61 11
3 31 46 7
4 32 88 46 31
3 9 32 88
3 35 31 81
4 81 35 36 88
4 31 113 88 81
3 36 88 113
3 46 109 58
4 46 88 110 109
3 88 110 83
3 35 11 109
4 109 114 88 11
3 114 88 79
3 64 82 84
4 79 114 64 82
3 79 114 74
3 3 38 12
4 12 38 43 99
4 12 99 8 3
3 43 99 8
3 59 8 63
3 12 34 7
4 12 59 8 34
3 34 33 35
4 33 102 8 34
3 8 102 17
3 36 82 22
4 36 96 80 82
3 27 80 96
3 23 82 9
4 82 9 99 43
4 27 23 9 99
3 27 99 43
3 37 17 102
4 37 22 43 102
3 82 43 22
3 36 93 74
4 17 19 93 36
3 19 71 17
3 1 107 91
3 83 110 17
3 91 68 87
4 68 103 110 87
3 104 110 103
3 106 107 108
3 114 110 109
3 5 1 107
3 20 70 72
4 5 107 72 20
4 15 72 103 19
4 5 15 72 104
3 104 103 72
3 15 19 5
4 103 19 5 104
3 29 19 93
4 93 19 105 112
3 72 112 105
3 5 30 11
3 109 19 71
4 11 109 19 5
4 85 103 114 64
3 88 114 64
3 104 85 103
4 104 88 114 103
4 17 75 114 78
3 75 85 17
4 75 114 119 85
3 114 78 119
3 60 72 91
4 91 60 119 85
4 72 60 119 103
3 103 119 85
3 20 104 72
3 68 85 55
3 72 112 73
3 51 111 68
3 72 48 15
3 103 51 19
3 87 15 107
4 83 104 107 87
4 20 104 107 15
3 83 104 20
3 87 111 109
4 83 119 111 87
4 109 111 119 78
3 78 83 119
4 83 105 112 88
3 105 111 112
4 64 111 105 83
3 64 83 88
3 51 71 50
4 50 51 111 64
3 87 64 111
3 58 71 55
4 85 55 58 64
4 85 55 71 75
3 75 85 64
3 112 116 93
4 19 93 116 57
4 112 105 57 116
3 19 105 57
3 112 60 86
4 86 66 95 112
4 65 60 86 66
3 66 95 65
3 48 90 67
3 95 16 66
3 57 58 61
3 15 19 71
4 15 61 57 19
3 68 87 71
3 61 14 65
4 65 68 87 61
3 107 110 87
4 107 110 13 16
4 61 13 110 87
3 16 13 61
4 60 72 107 86
3 60 86 61
3 72 107 15
3 58 109 57
3 66 67 106
4 66 106 109 57
4 107 86 116 93
3 87 86 107
3 109 116 93
4 19 57 119 103
3 59 57 119
3 21 103 19
4 59 21 103 119
4 65 59 85 68
4 103 68 65 97
3 65 97 59
3 68 103 85
3 21 70 1
3 63 59 54
4 54 59 21 70
3 55 70 68
4 55 59 118 68
3 89 118 59
4 97 65 66 100
3 65 97 53
3 100 101 66
3 10 66 18
4 10 89 118 66
3 89 118 53
4 101 1 17 102
3 1 39 101
3 17 102 50
4 66 118 119 57
3 57 119 102
3 66 101 118
4 118 101 102 119
3 98 51 102
3 85 118 68
4 85 102 98 118
3 5 107 104
4 5 104 89 10
3 92 10 89
3 29 1 107
4 10 1 107 16
4 29 107 16 25
3 25 10 16
3 4 107 93
4 8 104 107 4
4 93 96 104 107
3 104 8 96
3 93 19 100
4 93 36 8 100
3 17 8 36
3 16 5 107
4 8 117 107 5
4 16 99 117 107
4 8 99 16 5
3 117 8 99
3 8 63 9
4 8 100 16 9
3 100 66 16
3 18 101 66
3 25 94 16
4 66 16 94 101
3 85 21 59
4 85 59 99 117
4 21 59 99 94
3 99 117 94
3 36 37 17
4 17 36 117 85
3 101 117 85
4 40 2 57 111
3 2 43 40
3 57 119 111
4 111 40 43 119
3 2 116 33
4 116 2 69 111
3 69 111 51
4 43 8 4 40
4 4 100 98 40
3 4 100 8
3 43 98 40
4 100 8 43 98
3 8 102 85
4 8 99 118 85
4 99 8 102 98
3 98 118 99
3 21 85 101
4 101 98 119 85
4 21 85 119 97
4 21 101 98 97
3 98 119 97
3 37 101 4
4 98 116 4 101
3 98 116 33
3 100 116 4
3 59 63 56
4 56 116 100 59
3 116 57 111
4 59 99 116 57
4 111 118 99 116
4 57 111 118 59
3 99 59 118
4 66 59 119 111
3 66 111 95
3 97 119 59
3 55 65 59
4 65 95 100 59
3 19 95 100
4 34 113 117 8
4 8 104 32 34
3 34 113 32
3 104 117 8
4 32 113 117 104
3 9 11 34
4 34 9 104 96
3 96 110 104
4 34 99 117 36
3 27 34 99
3 77 117 36
3 34 22 2
3 102 96 77
4 13 32 113 116
4 94 113 116 100
3 13 116 100
3 94 113 32
4 100 94 32 13
4 96 110 107 94
3 16 107 94
3 13 96 110
4 16 13 96 94
3 93 116 33
4 27 99 116 33
4 94 93 116 99
3 94 99 27
4 4 117 104 5
3 101 117 4
3 21 104 5
3 5 17 1
4 5 100 102 17
3 100 102 101
4 11 116 99 9
4 5 11 116 100
3 100 116 99
3 9 11 5
4 9 99 100 5
3 37 6 19
3 11 110 36
4 105 110 88 60
3 115 60 88
3 105 103 110
4 115 103 110 88
3 111 51 114
3 115 53 118
3 102 51 103
3 41 115 43
4 103 115 43 102
4 78 114 115 80
3 110 78 114
3 104 80 115
4 115 79 78 119
3 79 115 77
3 78 119 102
4 102 119 115 77
4 105 55 17 110
3 17 110 75
3 68 105 55
4 69 111 105 55
3 55 105 83
3 64 69 111
4 43 80 83 64
4 117 64 83 104
3 80 104 83
3 43 117 64
4 80 43 117 104
3 91 83 87
4 83 119 118 91
3 111 118 119
3 58 78 50
4 87 58 78 110
4 50 78 110 75
3 75 110 87
4 64 88 79 50
3 50 79 77
4 77 50 64 117
4 77 117 88 79
3 88 117 64
3 17 82 50
4 17 82 88 110
4 50 82 88 114
3 110 88 114
4 75 50 43 117
3 41 50 43
3 108 117 75
4 108 41 43 117
3 24 22 37
3 102 43 98
4 56 2 4 86
4 4 117 43 2
3 43 56 2
3 4 117 86
4 56 86 117 43
4 63 86 116 2
3 2 63 69
4 69 111 86 63
3 111 116 86
4 2 8 117 40
3 2 34 8
3 40 117 113
3 6 57 2
3 106 111 40
4 57 100 99 56
3 56 99 43
3 100 102 57
4 100 99 43 102
4 100 99 113 93
3 95 100 93
3 49 99 113
4 100 95 49 99
3 99 86 16
4 99 86 111 98
3 98 111 95
4 34 99 98 33
3 98 102 33
3 8 99 34
4 4 66 118 117
3 4 117 8
3 66 118 59
4 118 59 8 117
4 66 100 93 106
3 94 100 93
3 66 92 106
3 16 66 86
4 101 66 86 117
4 16 94 117 86
3 94 117 101
4 93 100 57 109
3 93 100 96
3 57 109 78
3 109 33 51
4 51 103 110 109
3 103 110 96
3 50 78 38
4 96 78 38 27
4 50 78 96 77
3 27 77 96
3 79 36 35
3 3 80 8
4 36 79 80 8
3 29 19 71
3 77 50 102
3 25 21 97
3 24 101 98
3 18 69 51
4 51 103 85 69
4 21 103 51 18
3 21 85 103
3 29 103 77
3 25 97 27
4 27 77 103 97
3 66 69 111
3 39 108 92
4 92 66 111 108
3 111 112 95
3 24 113 40
4 109 116 113 74
3 109 111 116
4 111 108 113 116
3 74 113 108
3 109 46 116
4 109 116 98 51
4 46 116 98 41
3 41 98 51
3 68 39 108
3 47 49 65
4 114 41 49 112
3 112 95 49
3 41 114 51
3 49 31 45
3 108 114 74
3 4 40 106
4 95 98 40 106
3 98 100 95
3 39 101 92
4 92 49 98 101
3 41 98 49
3 69 102 51
3 95 100 66
3 87 109 110
3 68 103 51
3 15 105 72
3 108 111 106
4 93 113 46 109
3 93 24 113
3 46 109 42
3 29 73 25
4 16 112 73 25
3 107 112 16
3 93 33 24
3 49 45 112
3 14 25 15
3 42 106 24
4 74 36 96 73
3 96 73 103
3 74 36 75
4 96 103 75 36
3 75 39 1
4 21 1 75 103
3 53 103 21
3 17 78 35
3 75 74 114
4 46 56 99 113
3 12 99 56
3 46 31 113
3 56 2 116
4 44 56 116 113
3 22 113 44
3 41 38 43
4 41 43 99 49
3 12 99 49
3 38 42 58
4 43 38 58 64
3 64 43 40
4 38 45 116 2
3 2 116 40
3 41 45 38
3 73 31 74
4 34 31 73 96
3 34 96 36
3 11 84 36
3 81 62 79
4 81 11 36 79
3 29 94 25
3 74 113 31
3 23 82 22
4 82 88 113 22
4 82 23 32 88
3 113 32 88
3 30 9 90
3 34 31 35
4 31 34 9 90
3 52 62 41
4 52 41 43 80
3 82 43 80
3 67 69 63
4 69 63 82 50
3 62 50 82
3 28 77 50
4 50 77 101 69
3 69 101 18
3 54 89 70
4 89 54 38 27
3 27 28 38
3 41 42 40
3 18 101 53
3 74 114 46
4 44 115 114 46
3 76 115 44
3 44 82 88
3 50 41 114
4 44 88 114 41
3 47 54 44
3 42 58 46
3 74 113 46
4 113 46 64 117
3 64 117 75
3 64 82 88
3 40 22 113
3 113 116 34
3 35 74 109
3 33 109 42
3 11 34 7
3 43 22 2
3 3 80 23
4 22 23 80 43
3 62 81 46
4 81 46 113 32
3 32 113 76
4 84 40 116 11
3 11 116 34
4 22 34 116 40
3 40 84 22
3 62 54 82
3 71 17 55
3 23 76 22
4 76 115 80 23
3 115 43 80
3 75 77 50
4 96 110 75 77
3 78 96 110
4 46 56 119 114
3 56 57 119
3 46 114 109
4 109 57 119 114
3 56 38 45
4 45 56 64 114
3 50 114 64
3 61 56 7
4 56 61 87 64
3 64 84 87
3 64 43 50
3 98 111 51
4 64 43 98 111
3 82 8 63
3 69 50 102
3 50 69 64
4 69 64 117 101
3 101 117 77
3 1 101 85
3 64 84 40
4 64 85 101 40
3 4 37 2
3 77 117 43
3 84 4 40
3 43 8 82
4 46 58 57 116
3 46 40 116
4 57 116 40 69
3 57 58 69
3 61 86 66
4 69 66 86 64
3 69 58 64
3 4 6 2
3 61 86 56
3 35 6 11
3 9 10 23
3 64 58 50
3 81 79 88
3 83 30 81
3 64 46 84
4 83 64 46 81
3 75 17 50
4 17 75 117 8
3 43 8 117
3 85 8 63
3 75 36 84
4 8 85 75 36
3 36 35 17
4 17 83 88 36
3 83 88 81
3 54 91 70
3 58 71 87
3 34 11 35
3 12 61 14
4 12 61 11 34
3 4 84 11
3 61 66 67
4 81 13 116 46
3 13 116 57
3 58 81 46
4 87 11 116 111
3 111 116 40
3 84 11 87
3 58 61 87
3 110 78 13
3 5 11 6
3 14 81 20
4 5 20 81 11
3 58 64 56
4 56 64 85 59
3 55 59 85
3 40 69 2
4 69 85 117 40
3 85 8 117
3 38 43 80
3 83 58 64
3 84 75 64
3 22 43 77
4 64 43 77 75
3 109 11 116
4 100 116 109 19
3 19 100 5
3 37 4 6
3 29 15 107
3 92 67 91
4 92 101 85 91
3 69 101 85
3 29 103 21
3 89 76 115
4 21 103 115 89
4 91 104 94 92
3 85 104 91
3 94 101 92
3 92 118 101
3 76 115 77
4 77 101 118 115
3 91 63 86
3 68 69 111
3 63 85 59
3 65 67 68
3 1 4 101
4 4 101 118 86
3 86 118 91
3 66 4 106
3 108 117 118
3 69 68 85
3 108 117 40
3 97 103 73
3 65 48 68
4 95 18 55 105
3 55 105 20
3 25 18 95
4 25 95 105 20
3 29 75 71
3 55 85 21
3 70 21 29
4 21 70 52 97
3 73 52 97
3 95 48 106
3 40 98 41
3 73 103 51
3 21 25 18
3 15 29 19
4 16 100 19 15
3 16 100 94
3 18 55 69
3 95 111 105
3 17 55 3
4 3 13 105 55
3 110 13 105
3 2 38 3
4 3 13 45 38
3 13 116 45
3 17 102 78
3 5 100 13
3 2 116 57
3 37 19 93
3 11 36 4
4 11 36 96 13
3 96 13 100
3 34 99 116
3 3 59 57
4 3 34 99 59
4 10 16 13 3
3 57 13 3
3 16 66 10
4 63 86 60 54
3 54 82 63
4 82 88 60 54
3 86 88 60
3 83 85 17
3 36 117 88
4 107 1 63 86
3 75 107 1
3 64 86 63
4 75 107 86 64
3 87 86 11
4 87 86 117 75
4 36 11 86 117
3 36 117 75
3 9 8 82
3 32 79 96
4 32 9 8 96
4 3 13 32 23
3 78 13 3
3 79 23 32
4 78 79 32 13
3 9 86 99
4 64 86 99 43
3 64 43 82
3 11 116 46
4 44 99 116 46
3 44 99 9
3 86 116 4
4 86 116 98 118
3 98 101 118
4 61 60 118 66
4 61 57 119 60
3 118 119 60
3 57 66 61
3 87 61 86
4 65 118 86 61
4 87 68 118 86
3 68 118 65
4 99 56 64 117
3 59 99 56
3 85 117 64
3 56 119 60
3 63 85 91
4 64 119 98 40
3 101 98 40
3 85 119 64
3 1 10 63
4 10 63 86 16
3 86 107 16
3 4 8 63
4 91 104 8 63
3 91 104 107
3 75 107 117
3 5 17 8
3 17 5 110
3 9 82 88
4 5 9 88 110
3 55 59 57
3 68 118 111
3 69 102 57
4 102 103 105 57
3 105 103 68
3 64 63 82
4 59 63 64 119
4 82 80 119 64
3 80 119 59
3 75 87 64
4 105 87 64 119
4 64 119 103 75
3 105 119 103
3 56 60 54
4 60 54 55 105
4 56 60 105 57
3 57 55 105
3 69 111 57
3 50 78 114
4 114 78 57 111
3 16 15 61
4 61 16 100 57
3 100 19 57
4 112 116 4 107
3 4 5 107
3 112 116 13
4 107 5 13 112
3 118 86 117
3 75 68 87
3 60 118 65
3 83 85 55
3 65 54 60
3 63 86 66
3 64 117 86
3 66 101 69
3 66 59 63
3 111 64 119
4 61 105 119 56
3 56 119 64
3 105 87 61
3 5 21 1
3 110 75 103
4 21 104 83 55
3 55 19 21
3 110 104 83
3 9 30 91
4 91 9 8 85
3 17 85 8
3 1 85 21
3 20 83 30
4 83 20 21 85
3 85 103 75
3 36 8 96
3 5 11 4
4 5 11 88 104
3 104 117 88
4 112 93 4 86
3 4 86 66
3 95 112 93
4 19 102 119 105
3 95 19 105
3 102 98 119
4 95 105 119 98
3 57 109 19
3 103 119 114
3 64 69 85
3 114 103 51
4 115 60 86 117
3 107 117 86
3 72 115 60
3 104 72 32
3 117 113 108
4 87 64 117 107
3 107 117 104
3 64 87 83
3 109 110 93
4 110 88 113 93
3 88 113 46
3 88 11 86
3 114 109 111
3 93 73 112
4 36 88 112 93
4 79 88 112 73
3 79 88 36
4 73 32 88 114
3 103 114 73
3 104 88 32
3 79 36 74
4 36 79 115 117
3 117 115 108
4 110 114 45 13
3 13 45 97
3 110 114 103
4 73 45 60 72
3 73 103 72
4 73 45 119 103
3 45 60 119
4 73 45 116 93
3 73 93 74
3 45 116 46
4 49 98 119 60
3 105 119 60
3 98 49 95
3 33 78 109
4 78 33 98 119
3 98 119 111
3 27 80 43
4 27 80 104 94
3 94 117 104
3 8 104 5
3 102 103 19
4 104 8 102 103
3 8 43 80
4 97 100 8 80
4 97 98 43 80
3 100 98 97
3 107 110 75
3 77 94 96
3 77 101 102
3 115 118 119
3 64 111 86
3 99 43 98
3 108 111 40
3 119 43 115
3 73 33 45
4 33 102 119 45
3 102 119 103
3 57 13 105
3 96 103 102
4 96 103 105 13
3 19 17 102
3 83 119 105
4 78 114 112 13
3 112 114 111
3 78 13 57
3 4 36 93
3 112 88 86
3 13 116 11
3 105 111 87
3 61 90 60
3 66 118 92
3 108 111 112
3 92 66 16
3 5 15 20
4 100 5 20 97
3 97 100 95
3 55 70 54
3 72 105 60
3 94 107 104
3 20 15 25
4 25 94 104 20
3 45 114 46
3 13 110 11
3 61 60 105
3 11 88 110
3 4 116 40
3 112 108 107
4 86 56 45 112
3 56 86 64
4 114 64 86 112
3 112 45 114
4 56 60 112 116
3 56 116 57
3 105 60 112
3 33 2 102
3 45 56 119
4 46 64 119 45
3 45 98 119
3 46 64 40
3 112 45 60
4 83 78 45 60
3 78 110 83
3 45 81 46
4 81 45 119 83
3 83 119 64
3 45 41 98
3 78 50 102
3 82 80 83
4 83 80 96 110
3 36 96 110
4 77 36 88 115
3 36 110 88
3 103 115 77
3 8 43 102
4 8 43 115 104
3 104 115 103
3 112 107 86
3 75 114 64
3 80 115 79
3 8 117 36
4 115 80 8 117
3 103 75 77
3 43 119 64
4 103 119 43 77
4 96 78 83 104
3 85 83 104
3 102 78 96
4 32 79 114 112
3 112 32 13
3 78 114 79
4 60 45 116 86
3 11 116 86
3 60 45 81
3 46 113 116
3 32 13 81
3 79 80 82
4 114 79 80 119
3 114 119 64
3 2 34 116
3 9 86 63
4 9 86 116 34
4 34 99 86 11
3 117 86 99
3 36 11 34
3 46 64 56
3 99 117 113
3 106 107 87
3 64 117 40
3 40 116 98
4 34 116 98 27
3 22 34 27
3 40 113 116
4 101 100 116 40
3 101 94 100
4 82 44 99 8
3 36 8 82
3 113 99 44
4 99 8 36 113
3 102 43 77
4 77 43 99 94
3 94 99 100
3 2 43 8
3 7 9 44
4 9 44 43 8
3 60 61 81
4 78 119 60 81
3 78 119 57
3 98 116 100
3 19 51 109
3 109 106 93
3 100 57 66
3 57 116 100
3 69 40 101
3 93 113 36
3 99 8 100
3 41 46 40
4 41 115 88 46
3 117 115 88
3 75 114 108
3 118 85 119
3 108 117 107
4 49 99 117 108
3 16 99 49
3 86 99 116
4 86 99 94 107
3 93 107 94
3 92 49 16
3 101 98 100
4 16 100 98 49
3 113 99 116
3 111 118 108
3 94 113 93
4 94 104 88 113
3 104 88 110
3 72 32 76
4 32 96 103 72
3 77 103 96
3 93 100 116
3 97 45 73
4 100 116 45 97
3 73 96 32
4 16 32 96 100
3 16 100 95
3 31 73 32
3 46 114 88
4 49 112 88 44
3 114 88 112
3 44 49 41
3 72 60 112
4 44 113 112 60
3 76 44 113
3 90 60 72
3 31 45 73
3 34 33 31
4 34 31 49 99
3 98 49 99
3 12 7 56
4 12 56 43 27
3 22 43 27
4 76 94 99 44
3 43 99 44
3 76 94 77
3 92 118 89
3 27 24 98
4 27 89 118 98
3 22 77 36
3 44 88 115
3 112 114 108
3 79 76 32
4 81 88 115 52
3 41 115 52
3 46 81 88
3 60 81 90
4 81 60 115 79
3 79 76 115
3 12 38 27
3 96 78 13
4 12 27 96 13
3 97 73 96
3 34 31 12
4 34 96 97 12
3 81 60 88
4 60 88 113 49
3 49 31 113
3 99 116 98
3 41 46 44
3 60 49 118
3 88 113 117
3 60 118 86
3 98 116 45
3 79 32 88
3 77 117 94
4 94 117 88 32
3 93 73 96
4 104 72 73 96
3 72 104 107
3 49 108 41
3 117 43 99
3 56 86 60
4 60 115 43 56
3 115 117 43
3 56 46 44
4 56 119 115 44
3 115 119 114
3 33 116 34
3 73 112 32
4 112 32 34 116
3 13 81 11
4 96 79 81 13
3 79 96 36
3 38 80 78
3 115 41 114
3 83 60 119
4 44 60 119 43
3 43 82 44
3 83 60 54
3 38 45 78
3 52 60 54
4 52 79 88 60
3 82 88 79
3 96 33 78
3 32 31 81
4 32 96 78 81
4 112 13 34 113
3 110 13 112
3 34 113 36
4 38 27 99 56
3 116 56 99
3 33 27 38
3 34 22 113
3 47 49 12
4 34 113 49 12
3 56 43 38
3 52 115 60
3 73 79 114
3 97 119 80
3 80 97 52
3 43 41 98
3 13 34 116
4 34 27 97 13
3 97 98 27
3 52 73 79
3 112 88 60
3 73 96 33
3 52 80 38
4 73 96 80 52
3 27 43 77
4 97 119 43 27
3 97 119 103
3 33 98 27
3 78 119 80
4 27 80 119 98
4 52 97 96 79
3 53 97 52
3 77 96 79
3 44 49 60
3 43 119 98
3 56 44 60
3 113 116 112
3 119 60 115
3 79 81 78
3 44 82 54
4 44 99 59 54
3 8 99 59
3 7 56 44
4 44 56 59 89
3 59 89 10
3 54 63 91
4 91 104 80 54
3 104 80 8
3 83 30 91
4 89 91 83 80
3 23 80 89
3 81 90 30
4 81 90 16 13
3 13 16 5
3 7 90 61
4 90 32 13 61
3 34 13 32
3 11 88 81
4 81 20 104 88
3 20 104 5
3 82 88 83
3 20 23 32
4 20 83 88 32
3 56 86 63
4 12 56 86 16
3 12 10 16
3 61 11 86
4 61 12 99 86
3 12 34 99
4 91 118 99 9
3 85 91 118
3 9 99 8
4 9 86 118 89
3 66 118 86
3 10 89 9
4 20 83 119 97
3 85 119 83
3 21 97 20
3 3 20 80
3 57 119 105
4 105 20 80 119
3 57 61 56
4 56 99 16 61
3 16 100 99
3 65 61 66
4 13 61 65 97
3 97 13 100
3 13 3 12
3 55 105 65
4 13 105 65 12
3 55 83 54
4 54 89 104 83
3 89 21 104
3 52 54 70
4 54 59 97 52
3 97 21 59
3 52 65 14
4 65 52 80 59
3 80 59 3
3 14 81 61
4 32 16 61 81
3 25 32 16
3 61 15 105
4 61 12 97 105
3 25 97 12
3 91 72 70
4 32 72 91 9
3 23 32 9
3 72 90 15
4 90 72 104 9
3 5 104 9
4 16 32 88 86
3 88 117 86
3 94 32 16
3 110 88 112
4 9 88 112 16
3 9 16 5
3 91 86 107
4 91 89 99 86
3 89 94 99
4 83 80 97 105
3 105 83 110
3 96 80 97
3 21 59 89
4 89 115 119 59
3 115 103 119
3 8 80 59
4 118 59 80 115
3 115 117 118
3 72 107 112
4 72 20 13 112
3 13 20 5
4 32 13 105 72
3 105 103 72
3 96 32 13
3 52 73 72
4 72 104 80 52
3 96 80 104
4 104 20 52 115
3 53 115 52
3 21 20 104
3 73 45 112
4 12 16 112 45
3 16 25 12
4 45 13 16 49
3 45 49 98
3 100 13 16
4 59 99 49 65
3 65 49 95
3 100 59 99
4 65 12 99 118
3 65 118 53
3 12 99 27
3 89 27 80
4 89 118 119 80
3 119 98 118
4 32 20 105 112
3 105 95 112
3 25 32 20
3 10 59 12
3 49 118 92
4 12 59 118 49
3 92 90 91
4 90 32 104 91
3 32 94 104
3 76 115 72
4 80 115 72 20
3 23 80 20
3 44 90 76
4 44 99 16 90
3 16 94 99
3 9 16 10
3 47 49 44
4 16 49 44 9
3 65 47 54
4 65 97 80 54
3 27 80 97
3 45 116 56
4 56 45 97 59
3 97 59 100
3 45 119 78
4 45 119 59 12
3 12 3 59
3 81 83 78
4 32 81 83 104
3 96 104 32
3 86 116 112
4 32 112 86 9
3 9 32 34
3 27 25 94
3 80 20 104
3 59 80 89
3 94 96 100
3 23 10 3
3 16 13 32
3 3 8 5
3 16 12 99
3 5 21 10
3 12 97 13
3 8 100 5
3 80 20 97
3 20 32 13
3 21 94 100
3 25 23 10
3 97 59 80
3 25 94 21
3 12 99 59
3 34 23 3
3 99 59 89
3 5 10 3
3 89 80 104
3 56 99 44
3 16 90 61
4 56 99 89 54
3 91 54 89
3 56 86 99
4 52 97 13 81
3 65 52 97
3 81 13 61
3 38 45 52
4 13 45 52 20
3 20 13 3
3 83 54 80
3 65 105 97
3 112 113 49
4 13 112 49 12
3 12 34 13
3 49 90 31
4 9 90 49 99
3 34 99 9
3 79 52 81
3 96 97 13
3 81 31 45
4 81 45 97 20
3 25 20 97
4 44 89 104 88
3 88 113 44
3 94 104 89
3 23 89 9
3 115 79 88
4 88 115 89 9
3 25 27 23
3 16 9 99
3 34 96 27
3 89 104 9
3 56 119 59
3 44 115 89
3 56 54 38
3 27 89 99
3 12 49 45
3 119 59 118
3 56 59 54
3 52 97 45
3 12 13 16
3 27 96 94
3 23 27 34
3 20 13 97
4 97 12 56 119
3 56 119 43
3 12 97 27
4 115 44 9 104
3 44 115 43
3 9 104 8
3 20 52 81
3 104 115 88
3 52 72 20
3 112 13 45
3 34 8 96
3 12 97 59
3 21 100 5
3 9 99 89
3 20 72 105
3 119 80 115
3 91 118 89
3 83 80 119
3 105 13 112
3 49 65 12
3 118 99 86
3 12 61 65
3 112 88 32
3 20 105 83
3 86 91 9
3 72 112 32
3 9 16 32
3 100 8 96
3 12 56 45
3 16 86 112
3 56 12 61
3 97 119 105
3 72 90 32
3 61 105 13
3 91 104 83
3 81 32 90
3 25 21 10
3 9 104 32
3 91 90 9
3 49 99 118
3 52 80 54
3 91 104 72
3 112 16 49
3 9 44 88
3 81 13 45
3 90 16 49
3 65 54 59
3 44 49 99
3 9 86 88
3 89 118 115
3 52 115 80
3 65 118 59
3 3 8 34
3 32 20 104
3 97 119 45
3 83 81 20
3 54 89 44
3 88 83 104
3 16 86 61
3 81 88 32
3 115 72 104
3 44 9 90

# Cells
5 0 1 2 3 4
5 5 6 7 8 9
5 10 11 12 13 14
5 15 16 17 18 19
5 20 21 22 23 24
5 25 26 27 28 29
5 30 31 32 33 34
5 35 36 37 38 39
5 40 41 42 43 44
5 45 46 47 48 49
5 50 51 52 53 54
5 55 56 57 58 59
5 60 61 62 63 64
5 65 66 67 68 69
5 70 71 72 73 74
5 75 76 77 78 79
5 80 81 82 83 84
5 85 86 87 88 89
5 90 91 92 93 94
5 95 96 97 98 99
5 100 101 102 103 104
5 105 106 107 108 109
5 110 111 112 113 114
5 115 116 117 118 119
5 120 121 122 123 124
5 125 126 127 128 129
5 130 131 132 133 134
5 135 136 137 138 139
5 140 141 142 143 144
5 145 146 147 148 149
5 150 151 152 153 154
5 155 156 157 158 159
5 160 161 162 163 164
5 165 166 167 168 169
5 170 171 172 173 174
5 175 176 177 178 179
5 180 181 182 183 184
5 185 186 187 188 189
5 190 191 192 193 194
5 195 196 197 198 199
5 200 201 202 203 204
5 205 206 207 208 209
5 210 211 212 213 214
5 215 216 217 218 219
5 220 221 222 223 224
5 225 226 227 228 229
5 230 231 232 233 234
5 235 236 237 238 239
5 240 241 242 243 244
5 245 246 247 248 249
5 116 250 251 252 253
5 254 255 256 257 258
5 40 259 260 261 262
5 263 264 265 266 267
5 268 269 270 271 272
5 273 274 275 276 277
5 278 279 280 281 282
5 283 284 285 286 287
5 288 289 290 291 292
5 293 294 295 296 297
5 298 299 300 301 302
5 303 304 305 306 307
5 1 308 309 310 311
5 312 313 314 315 316
5 317 318 319 320 321
5 322 323 324 325 326
5 327 328 329 330 331
5 15 332 333 334 335
5 336 337 338 339 340
5 341 342 343 344 345
5 346 347 348 349 350
5 351 352 353 354 355
5 171 259 356 357 358
5 359 360 361 362 363
5 364 365 366 367 368
5 231 369 370 371 372
5 373 374 375 376 377
5 378 379 380 381 382
5 140 383 384 385 386
5 387 388 389 390 391
5 392 393 394 395 396
5 397 398 399 400 401
5 402 403 404 405 406
5 407 408 409 410 411
5 412 413 414 415 416
5 417 418 419 420 421
5 422 423 424 425 426
5 427 428 429 430 431
5 432 433 434 435 436
5 437 438 439 440 441
5 442 443 444 445 446
5 133 447 448 449 450
5 451 452 453 454 455
5 456 457 458 459 460
5 461 462 463 464 465
5 466 467 468 469 470
5 38 471 472 473 474
5 475 476 477 478 479
5 480 481 482 483 484
5 24 485 486 487 488
5 489 490 491 492 493
5 494 495 496 497 498
5 499 500 501 502 503
5 504 505 506 507 508
5 509 510 511 512 513
5 514 515 516 517 518
5 519 520 521 522 523
5 524 525 526 527 528
5 529 530 531 532 533
5 534 535 536 537 538
5 539 540 541 542 543
5 544 545 546 547 548
5 549 550 551 552 553
5 554 555 556 557 558
5 398 559 560 561 562
5 285 563 564 565 566
5 567 568 569 570 571
5 64 572 573 574 575
5 476 576 577 578 579
5 580 581 582 583 584
5 457 585 586 587 588
5 589 590 591 592 593
5 594 595 596 597 598
5 599 600 601 602 603
5 508 604 605 606 607
5 608 609 610 611 612
5 47 613 614 615 616
5 481 617 618 619 620
5 621 622 623 624 625
5 319 626 627 628 629
5 630 631 632 633 634
5 556 635 636 637 638
5 551 639 640 641 642
5 240 375 643 644 645
5 291 646 647 648 649
5 409 650 651 652 653
5 654 655 656 657 658
5 190 659 660 661 662
5 663 664 665 666 667
5 443 668 669 670 671
5 222 672 673 674 675
5 676 677 678 679 680
5 681 682 683 684 685
5 298 346 686 687 688
5 689 690 691 692 693
5 325 694 695 696 697
5 289 698 699 700 701
5 122 702 703 704 705
5 706 707 708 709 710
5 711 712 713 714 715
5 279 716 717 718 719
5 135 720 721 722 723
5 367 724 725 726 727
5 728 729 730 731 732
5 733 734 735 736 737
5 218 738 739 740 741
5 489 742 743 744 745
5 182 536 746 747 748
5 560 749 750 751 752
5 753 754 755 756 757
5 30 347 758 759 760
5 761 762 763 764 765
5 766 767 768 769 770
5 99 771 772 773 774
5 85 775 776 777 778
5 161 779 780 781 782
5 783 784 785 786 787
5 788 789 790 791 792
5 72 793 794 795 796
5 170 797 798 799 800
5 466 801 802 803 804
5 805 806 807 808 809
5 87 672 810 811 812
5 813 814 815 816 817
5 818 819 820 821 822
5 164 253 823 824 825
5 714 826 827 828 829
5 312 830 831 832 833
5 834 835 836 837 838
5 839 840 841 842 843
5 684 844 845 846 847
5 848 849 850 851 852
5 853 854 855 856 857
5 858 859 860 861 862
5 863 864 865 866 867
5 296 868 869 870 871
5 412 872 873 874 875
5 876 877 878 879 880
5 881 882 883 884 885
5 273 886 887 888 889
5 890 891 892 893 894
5 895 896 897 898 899
5 852 900 901 902 903
5 904 905 906 907 908
5 909 910 911 912 913
5 803 914 915 916 917
5 841 918 919 920 921
5 922 923 924 925 926
5 927 928 929 930 931
5 932 933 934 935 936
5 937 938 939 940 941
5 942 943 944 945 946
5 947 948 949 950 951
5 952 953 954 955 956
5 263 957 958 959 960
5 663 961 962 963 964
5 965 966 967 968 969
5 970 971 972 973 974
5 807 975 976 977 978
5 879 979 980 981 982
5 983 984 985 986 987
5 893 988 989 990 991
5 992 993 994 995 996
5 73 997 998 999 1000
5 1001 1002 1003 1004 1005
5 1006 1007 1008 1009 1010
5 1011 1012 1013 1014 1015
5 521 1016 1017 1018 1019
5 584 1020 1021 1022 1023
5 1024 1025 1026 1027 1028
5 1029 1030 1031 1032 1033
5 1034 1035 1036 1037 1038
5 1039 1040 1041 1042 1043
5 610 1044 1045 1046 1047
5 27 1048 1049 1050 1051
5 484 1052 1053 1054 1055
5 1056 1057 1058 1059 1060
5 1061 1062 1063 1064 1065
5 636 1066 1067 1068 1069
5 631 1070 1071 1072 1073
5 1074 1075 1076 1077 1078
5 151 241 1079 1080 1081
5 1082 1083 1084 1085 1086
5 1087 1088 1089 1090 1091
5 952 1092 1093 1094 1095
5 1096 1097 1098 1099 1100
5 283 744 984 1101 1102
5 1103 1104 1105 1106 1107
5 169 258 1108 1109 1110
5 1111 1112 1113 1114 1115
5 868 1116 1117 1118 1119
5 1120 1121 1122 1123 1124
5 1125 1126 1127 1128 1129
5 48 865 1130 1131 1132
5 1133 1134 1135 1136 1137
5 451 901 1138 1139 1140
5 480 1141 1142 1143 1144
5 1145 1146 1147 1148 1149
5 878 1150 1151 1152 1153
5 844 1154 1155 1156 1157
5 959 1158 1159 1160 1161
5 1162 1163 1164 1165 1166
5 1167 1168 1169 1170 1171
5 303 1172 1173 1174 1175
5 1176 1177 1178 1179 1180
5 0 121 1181 1182 1183
5 613 1184 1185 1186 1187
5 792 833 1188 1189 1190
5 238 1191 1192 1193 1194
5 425 1195 1196 1197 1198
5 1199 1200 1201 1202 1203
5 742 1204 1205 1206 1207
5 166 1208 1209 1210 1211
5 979 1212 1213 1214 1215
5 1216 1217 1218 1219 1220
5 431 1221 1222 1223 1224
5 730 1225 1226 1227 1228
5 383 1229 1230 1231 1232
5 619 1233 1234 1235 1236
5 1237 1238 1239 1240 1241
5 1242 1243 1244 1245 1246
5 150 374 1247 1248 1249
5 1049 1250 1251 1252 1253
5 580 764 1254 1255 1256
5 1257 1258 1259 1260 1261
5 42 798 1262 1263 1264
5 1265 1266 1267 1268 1269
5 495 1270 1271 1272 1273
5 230 1274 1275 1276 1277
5 788 1278 1279 1280 1281
5 1282 1283 1284 1285 1286
5 1287 1288 1289 1290 1291
5 92 1197 1292 1293 1294
5 1295 1296 1297 1298 1299
5 1300 1301 1302 1303 1304
5 755 1305 1306 1307 1308
5 467 1309 1310 1311 1312
5 683 754 1313 1314 1315
5 452 1316 1317 1318 1319
5 159 249 1320 1321 1322
5 611 1323 1324 1325 1326
5 336 1011 1327 1328 1329
5 1330 1331 1332 1333 1334
5 1267 1335 1336 1337 1338
5 95 322 1074 1339 1340
5 117 781 1282 1341 1342
5 475 919 1343 1344 1345
5 501 1346 1347 1348 1349
5 599 1214 1350 1351 1352
5 472 854 1353 1354 1355
5 1356 1357 1358 1359 1360
5 295 541 1361 1362 1363
5 557 1364 1365 1366 1367
5 179 267 1368 1369 1370
5 327 427 1371 1372 1373
5 1209 1374 1375 1376 1377
5 110 1378 1379 1380 1381
5 1204 1382 1383 1384 1385
5 1386 1387 1388 1389 1390
5 1391 1392 1393 1394 1395
5 695 772 1396 1397 1398
5 1222 1399 1400 1401 1402
5 17 138 1403 1404 1405
5 968 1244 1406 1407 1408
5 208 973 1409 1410 1411
5 1143 1412 1413 1414 1415
5 155 883 1416 1417 1418
5 866 1186 1419 1420 1421
5 856 1422 1423 1424 1425
5 542 1118 1426 1427 1428
5 175 1160 1429 1430 1431
5 734 1432 1433 1434 1435
5 1177 1436 1437 1438 1439
5 581 1440 1441 1442 1443
5 1444 1445 1446 1447 1448
5 66 1449 1450 1451 1452
5 1453 1454 1455 1456 1457
5 406 1299 1458 1459 1460
5 499 1461 1462 1463 1464
5 805 1328 1465 1466 1467
5 931 1468 1469 1470 1471
5 105 554 1472 1473 1474
5 644 923 1475 1476 1477
5 96 1478 1479 1480 1481
5 1482 1483 1484 1485 1486
5 330 1399 1487 1488 1489
5 1490 1491 1492 1493 1494
5 550 1120 1495 1496 1497
5 132 497 1498 1499 1500
5 215 716 1501 1502 1503
5 1504 1505 1506 1507 1508
5 1139 1509 1510 1511 1512
5 801 1513 1514 1515 1516
5 206 1517 1518 1519 1520
5 1521 1522 1523 1524 1525
5 1526 1527 1528 1529 1530
5 195 861 1531 1532 1533
5 1534 1535 1536 1537 1538
5 1539 1540 1541 1542 1543
5 143 1544 1545 1546 1547
5 1136 1548 1549 1550 1551
5 1552 1553 1554 1555 1556
5 21 142 1557 1558 1559
5 1560 1561 1562 1563 1564
5 1565 1566 1567 1568 1569
5 114 1570 1571 1572 1573
5 709 1122 1574 1575 1576
5 1145 1461 1577 1578 1579
5 50 1163 1580 1581 1582
5 1583 1584 1585 1586 1587
5 1001 1588 1589 1590 1591
5 329 1592 1593 1594 1595
5 678 749 1084 1596 1597
5 309 702 1598 1599 1600
5 1601 1602 1603 1604 1605
5 1061 1606 1607 1608 1609
5 32 299 1610 1611 1612
5 1613 1614 1615 1616 1617
5 708 1618 1619 1620 1621
5 1622 1623 1624 1625 1626
5 420 1627 1628 1629 1630
5 1631 1632 1633 1634 1635
5 52 364 909 1636 1637
5 1167 1638 1639 1640 1641
5 874 1128 1642 1643 1644
5 1200 1645 1646 1647 1648
5 1210 1649 1650 1651 1652
5 1113 1250 1653 1654 1655
5 381 1135 1656 1657 1658
5 1174 1436 1659 1660 1661
5 1205 1662 1663 1664 1665
5 1155 1666 1667 1668 1669
5 786 827 1670 1671 1672
5 290 746 1673 1674 1675
5 1676 1677 1678 1679 1680
5 1681 1682 1683 1684 1685
5 101 1619 1686 1687 1688
5 1226 1468 1689 1690 1691
5 1692 1693 1694 1695 1696
5 428 509 1697 1698 1699
5 61 1700 1701 1702 1703
5 1622 1704 1705 1706 1707
5 395 1242 1380 1708 1709
5 80 1710 1711 1712 1713
5 766 1714 1715 1716 1717
5 1718 1719 1720 1721 1722
5 938 1723 1724 1725 1726
5 1727 1728 1729 1730 1731
5 1732 1733 1734 1735 1736
5 1182 1737 1738 1739 1740
5 1741 1742 1743 1744 1745
5 1746 1747 1748 1749 1750
5 947 1751 1752 1753 1754
5 920 1755 1756 1757 1758
5 1674 1759 1760 1761 1762
5 370 1763 1764 1765 1766
5 1654 1767 1768 1769 1770
5 1771 1772 1773 1774 1775
5 1776 1777 1778 1779 1780
5 1781 1782 1783 1784 1785
5 1786 1787 1788 1789 1790
5 1791 1792 1793 1794 1795
5 986 1664 1796 1797 1798
5 446 1799 1800 1801 1802
5 896 1803 1804 1805 1806
5 103 1807 1808 1809 1810
5 1811 1812 1813 1814 1815
5 1083 1816 1817 1818 1819
5 1820 1821 1822 1823 1824
5 784 1034 1097 1825 1826
5 1827 1828 1829 1830 1831
5 1832 1833 1834 1835 1836
5 1603 1837 1838 1839 1840
5 1579 1626 1841 1842 1843
5 1168 1844 1845 1846 1847
5 1848 1849 1850 1851 1852
5 1853 1854 1855 1856 1857
5 1858 1859 1860 1861 1862
5 1863 1864 1865 1866 1867
5 4 1868 1869 1870 1871
5 1872 1873 1874 1875 1876
5 488 1877 1878 1879 1880
5 458 906 1881 1882 1883
5 1884 1885 1886 1887 1888
5 1142 1889 1890 1891 1892
5 1877 1893 1894 1895 1896
5 985 1897 1898 1899 1900
5 1498 1901 1902 1903 1904
5 262 933 1484 1905 1906
5 1147 1347 1907 1908 1909
5 244 1910 1911 1912 1913
5 569 669 1914 1915 1916
5 855 1917 1918 1919 1920
5 1921 1922 1923 1924 1925
5 1926 1927 1928 1929 1930
5 1173 1931 1932 1933 1934
5 887 1935 1936 1937 1938
5 1939 1940 1941 1942 1943
5 1524 1944 1945 1946 1947
5 1520 1948 1949 1950 1951
5 723 1952 1953 1954 1955
5 1548 1956 1957 1958 1959
5 912 1165 1960 1961 1962
5 1862 1916 1963 1964 1965
5 1842 1966 1967 1968 1969
5 759 1970 1971 1972 1973
5 752 1493 1974 1975 1976
5 1977 1978 1979 1980 1981
5 1497 1982 1983 1984 1985
5 1943 1986 1987 1988 1989
5 1421 1990 1991 1992 1993
5 1435 1994 1995 1996 1997
5 937 1998 1999 2000 2001
5 1098 2002 2003 2004 2005
5 223 2006 2007 2008 2009
5 1218 2010 2011 2012 2013
5 568 1301 2014 2015 2016
5 1725 2017 2018 2019 2020
5 1189 2021 2022 2023 2024
5 641 2025 2026 2027 2028
5 2029 2030 2031 2032 2033
5 2034 2035 2036 2037 2038
5 2039 2040 2041 2042 2043
5 1308 2044 2045 2046 2047
5 2048 2049 2050 2051 2052
5 1479 2053 2054 2055 2056
5 848 1318 2057 2058 2059
5 1728 2060 2061 2062 2063
5 1457 2064 2065 2066 2067
5 1240 1325 2068 2069 2070
5 626 2071 2072 2073 2074
5 280 1259 2075 2076 2077
5 600 2078 2079 2080 2081
5 2030 2082 2083 2084 2085
5 1311 2086 2087 2088 2089
5 71 660 2017 2090 2091
5 1016 1358 1682 2092 2093
5 286 1384 2094 2095 2096
5 442 1710 2014 2097 2098
5 33 2099 2100 2101 2102
5 1453 2103 2104 2105 2106
5 102 639 1575 2107 2108
5 561 2109 2110 2111 2112
5 504 2113 2114 2115 2116
5 1153 2079 2117 2118 2119
5 2120 2121 2122 2123 2124
5 1265 1588 2125 2126 2127
5 971 1949 2128 2129 2130
5 1558 1895 2131 2132 2133
5 1507 1565 2134 2135 2136
5 537 646 1523 2137 2138
5 1103 2139 2140 2141 2142
5 1885 2143 2144 2145 2146
5 245 884 2147 2148 2149
5 332 720 2150 2151 2152
5 982 2078 2153 2154 2155
5 762 1643 2156 2157 2158
5 1216 1268 1695 2159 2160
5 1651 2115 2161 2162 2163
5 2018 2164 2165 2166 2167
5 1476 2168 2169 2170 2171
5 776 2172 2173 2174 2175
5 1193 2073 2176 2177 2178
5 1234 1414 2179 2180 2181
5 2182 2183 2184 2185 2186
5 447 1270 2187 2188 2189
5 2011 2125 2190 2191 2192
5 1903 2193 2194 2195 2196
5 2197 2198 2199 2200 2201
5 234 1107 2202 2203 2204
5 1510 2205 2206 2207 2208
5 235 2209 2210 2211 2212
5 882 2213 2214 2215 2216
5 713 2004 2217 2218 2219
5 704 1940 2220 2221 2222
5 145 1114 2223 2224 2225
5 652 2226 2227 2228 2229
5 899 2230 2231 2232 2233
5 1535 2234 2235 2236 2237
5 424 2238 2239 2240 2241
5 12 131 2242 2243 2244
5 1123 1810 2245 2246 2247
5 888 1432 2248 2249 2250
5 188 1529 2251 2252 2253
5 1539 2254 2255 2256 2257
5 1514 2258 2259 2260 2261
5 1090 1117 2262 2263 2264
5 2234 2265 2266 2267 2268
5 1511 1628 2269 2270 2271
5 1413 2272 2273 2274 2275
5 2183 2276 2277 2278 2279
5 109 2280 2281 2282 2283
5 344 1410 2284 2285 2286
5 10 2187 2287 2288 2289
5 255 1376 2114 2290 2291
5 435 589 2292 2293 2294
5 407 1701 2295 2296 2297
5 2298 2299 2300 2301 2302
5 1095 1203 2303 2304 2305
5 20 1229 2306 2307 2308
5 60 651 2309 2310 2311
5 1126 1255 2312 2313 2314
5 91 2239 2315 2316 2317
5 1052 2273 2318 2319 2320
5 211 1039 2321 2322 2323
5 2324 2325 2326 2327 2328
5 203 1473 2329 2330 2331
5 55 1276 2141 2332 2333
5 191 793 2334 2335 2336
5 1466 2120 2337 2338 2339
5 1150 1350 2340 2341 2342
5 268 728 2343 2344 2345
5 228 1092 2143 2346 2347
5 2255 2348 2349 2350 2351
5 318 1606 2209 2352 2353
5 2327 2354 2355 2356 2357
5 181 698 1522 2358 2359
5 2102 2360 2361 2362 2363
5 576 842 1827 2364 2365
5 963 2256 2366 2367 2368
5 828 1099 2369 2370 2371
5 2372 2373 2374 2375 2376
5 958 2377 2378 2379 2380
5 111 544 1407 2381 2382
5 573 2226 2383 2384 2385
5 250 2386 2387 2388 2389
5 2390 2391 2392 2393 2394
5 1738 2221 2395 2396 2397
5 814 1196 2398 2399 2400
5 724 1386 1580 2401 2402
5 1449 2403 2404 2405 2406
5 1953 2407 2408 2409 2410
5 2200 2411 2412 2413 2414
5 2044 2374 2415 2416 2417
5 951 2112 2418 2419 2420
5 1404 2408 2421 2422 2423
5 440 914 2086 2424 2425
5 585 1716 2426 2427 2428
5 895 2182 2251 2429 2430
5 1442 2158 2431 2432 2433
5 810 2434 2435 2436 2437
5 67 656 2438 2439 2440
5 459 769 2441 2442 2443
5 773 2444 2445 2446 2447
5 199 1685 2448 2449 2450
5 227 2451 2452 2453 2454
5 1387 2455 2456 2457 2458
5 2459 2460 2461 2462 2463
5 1931 2464 2465 2466 2467
5 1543 2468 2469 2470 2471
5 1302 1801 1963 2472 2473
5 437 1513 2474 2475 2476
5 403 1536 2477 2478 2479
5 2055 2447 2480 2481 2482
5 1758 1831 2483 2484 2485
5 2486 2487 2488 2489 2490
5 962 2469 2491 2492 2493
5 525 2494 2495 2496 2497
5 1245 2498 2499 2500 2501
5 128 1640 2502 2503 2504
5 202 1366 1927 2505 2506
5 2035 2507 2508 2509 2510
5 28 146 2511 2512 2513
5 1991 2514 2515 2516 2517
5 1917 2518 2519 2520 2521
5 526 2522 2523 2524 2525
5 608 2135 2526 2527 2528
5 637 1929 2529 2530 2531
5 595 2532 2533 2534 2535
5 196 1359 2536 2537 2538
5 380 1958 2494 2539 2540
5 1071 2398 2541 2542 2543
5 597 2478 2544 2545 2546
5 706 1983 2027 2547 2548
5 2052 2388 2549 2550 2551
5 1889 2552 2553 2554 2555
5 2504 2556 2557 2558 2559
5 2041 2560 2561 2562 2563
5 655 2404 2560 2564 2565
5 892 2064 2566 2567 2568
5 376 2569 2570 2571 2572
5 1286 2387 2573 2574 2575
5 1336 2576 2577 2578 2579
5 2557 2580 2581 2582 2583
5 1935 1995 2584 2585 2586
5 337 976 1741 2587 2588
5 1219 2062 2578 2589 2590
5 401 948 1492 2591 2592
5 1391 1714 2593 2594 2595
5 485 1544 2596 2597 2598
5 461 1164 2456 2599 2600
5 1263 1482 2601 2602 2603
5 36 1424 2604 2605 2606
5 2607 2608 2609 2610 2611
5 540 1088 2612 2613 2614
5 2615 2616 2617 2618 2619
5 176 1562 2620 2621 2622
5 2623 2624 2625 2626 2627
5 1014 2628 2629 2630 2631
5 1029 2341 2632 2633 2634
5 1275 2635 2636 2637 2638
5 2639 2640 2641 2642 2643
5 2151 2644 2645 2646 2647
5 2632 2648 2649 2650 2651
5 214 822 2652 2653 2654
5 989 2356 2655 2656 2657
5 1833 2330 2529 2658 2659
5 93 630 815 2660 2661
5 315 1280 1601 2662 2663
5 434 818 2390 2664 2665
5 270 1690 2411 2666 2667
5 397 677 2668 2669 2670
5 689 1786 2593 2671 2672
5 220 775 2673 2674 2675
5 2072 2211 2676 2677 2678
5 127 1846 2679 2680 2681
5 1290 2394 2682 2683 2684
5 667 2351 2685 2686 2687
5 1310 2475 2688 2689 2690
5 1296 1537 2532 2691 2692
5 1554 1957 2522 2693 2694
5 2007 2174 2436 2695 2696
5 449 1793 2193 2697 2698
5 1590 1692 2699 2700 2701
5 992 1718 2249 2702 2703
5 402 1746 2266 2704 2705
5 1792 2287 2706 2707 2708
5 835 2405 2709 2710 2711
5 8 1639 2712 2713 2714
5 1085 2109 2715 2716 2717
5 334 2407 2718 2719 2720
5 1660 1676 1872 2721 2722
5 905 1788 2427 2723 2724
5 890 2103 2725 2726 2727
5 505 2728 2729 2730 2731
5 735 993 2732 2733 2734
5 1013 1742 2735 2736 2737
5 529 1213 2649 2738 2739
5 1062 2677 2740 2741 2742
5 1078 2444 2743 2744 2745
5 1324 1506 2746 2747 2748
5 210 432 1287 2749 2750
5 785 2218 2639 2751 2752
5 1072 1292 2617 2753 2754
5 1007 2674 2755 2756 2757
5 1763 2636 2758 2759 2760
5 379 1553 2761 2762 2763
5 6 1845 2764 2765 2766
5 307 1680 2767 2768 2769
5 1383 2770 2771 2772 2773
5 392 966 1571 2774 2775
5 82 670 2776 2777 2778
5 692 768 907 2779 2780
5 840 1584 2781 2782 2783
5 2784 2785 2786 2787 2788
5 416 2314 2789 2790 2791
5 2146 2792 2793 2794 2795
5 294 1089 2796 2797 2798
5 2799 2800 2801 2802 2803
5 1036 2641 2804 2805 2806
5 577 1586 2807 2808 2809
5 1330 2354 2725 2810 2811
5 2624 2812 2813 2814 2815
5 200 2281 2816 2817 2818
5 57 371 2819 2820 2821
5 1480 2822 2823 2824 2825
5 390 1567 2826 2827 2828
5 1148 2300 2829 2830 2831
5 1797 2095 2832 2833 2834
5 2644 2835 2836 2837 2838
5 187 2278 2839 2840 2841
5 78 2348 2842 2843 2844
5 588 1394 2845 2846 2847
5 1390 2848 2849 2850 2851
5 1379 2785 2852 2853 2854
5 343 2128 2855 2856 2857
5 1752 2669 2716 2858 2859
5 1747 2544 2860 2861 2862
5 1727 2012 2699 2863 2864
5 310 2395 2865 2866 2867
5 2868 2869 2870 2871 2872
5 922 1911 2873 2874 2875
5 1134 1555 2876 2877 2878
5 1766 2879 2880 2881 2882
5 2629 2883 2884 2885 2886
5 2542 2887 2888 2889 2890
5 674 1009 1733 2891 2892
5 946 1823 2229 2893 2894
5 1171 2580 2868 2895 2896
5 847 2897 2898 2899 2900
5 2783 2901 2902 2903 2904
5 1773 2905 2906 2907 2908
5 726 1961 2909 2910 2911
5 2213 2912 2913 2914 2915
5 2874 2916 2917 2918 2919
5 1947 2920 2921 2922 2923
5 955 1647 2452 2924 2925
5 1159 1561 2926 2927 2928
5 657 836 2929 2930 2931
5 915 2932 2933 2934 2935
5 824 1634 2936 2937 2938
5 877 2650 2939 2940 2941
5 902 1629 2942 2943 2944
5 1055 2945 2946 2947 2948
5 1026 2949 2950 2951 2952
5 1374 2729 2953 2954 2955
5 1331 2567 2956 2957 2958
5 522 2450 2959 2960 2961
5 502 1967 2962 2963 2964
5 1372 2460 2965 2966 2967
5 2614 2968 2969 2970 2971
5 2470 2687 2972 2973 2974
5 1694 2061 2975 2976 2977
5 43 2978 2979 2980 2981
5 1037 2982 2983 2984 2985
5 2625 2856 2986 2987 2988
5 2989 2990 2991 2992 2993
5 1646 2609 2994 2995 2996
5 740 1260 2997 2998 2999
5 2033 3000 3001 3002 3003
5 1075 2054 3004 3005 3006
5 2801 3007 3008 3009 3010
5 1822 2310 3011 3012 3013
5 3014 3015 3016 3017 3018
5 2974 3019 3020 3021 3022
5 3023 3024 3025 3026 3027
5 552 1807 3028 3029 3030
5 1649 2730 3031 3032 3033
5 3034 3035 3036 3037 3038
5 493 1900 3039 3040 3041
5 1950 2626 3042 3043 3044
5 3045 3046 3047 3048 3049
5 1750 1815 3050 3051 3052
5 1452 2040 3053 3054 3055
5 590 1041 1289 3056 3057
5 3058 3059 3060 3061 3062
5 2933 3063 3064 3065 3066
5 455 3067 3068 3069 3070
5 1050 2037 3071 3072 3073
5 510 2965 3074 3075 3076
5 3077 3078 3079 3080 3081
5 106 1066 1834 3082 3083
5 1928 3084 3085 3086 3087
5 1780 1908 1968 3088 3089
5 2583 2681 3090 3091 3092
5 1005 1731 3093 3094 3095
5 2798 3096 3097 3098 3099
5 661 941 3100 3101 3102
5 687 2907 3103 3104 3105
5 3106 3107 3108 3109 3110
5 1755 2902 3111 3112 3113
5 439 3114 3115 3116 3117
5 3118 3119 3120 3121 3122
5 2131 3123 3124 3125 3126
5 1954 3127 3128 3129 3130
5 545 2499 2853 3131 3132
5 3133 3134 3135 3136 3137
5 3012 3138 3139 3140 3141
5 2173 3045 3142 3143 3144
5 789 1838 3007 3145 3146
5 2621 3147 3148 3149 3150
5 972 3151 3152 3153 3154
5 465 911 3155 3156 3157
5 2843 3021 3158 3159 3160
5 2733 3161 3162 3163 3164
5 530 2154 3165 3166 3167
5 2999 3168 3169 3170 3171
5 1030 2118 3172 3173 3174
5 1812 2533 3175 3176 3177
5 2689 3178 3179 3180 3181
5 277 996 3182 3183 3184
5 264 514 1563 3185 3186
5 616 2517 3026 3187 3188
5 2637 3189 3190 3191 3192
5 473 2519 3193 3194 3195
5 1227 2198 3196 3197 3198
5 1772 1973 2361 3199 3200
5 990 3201 3202 3203 3204
5 1551 3205 3206 3207 3208
5 194 2000 2165 3209 3210
5 1547 1893 3211 3212 3213
5 977 1977 2121 3214 3215
5 1873 3015 3216 3217 3218
5 1223 2461 3219 3220 3221
5 1887 2453 2610 3222 3223
5 2237 2861 3176 3224 3225
5 830 1839 1921 3226 3227
5 1239 2526 3228 3229 3230
5 932 2980 3231 3232 3233
5 1816 1975 2419 3234 3235
5 756 1156 2375 3236 3237
5 2231 3238 3239 3240 3241
5 1272 2194 3242 3243 3244
5 340 2124 2883 3245 3246
5 1417 1446 3247 3248 3249
5 1248 2170 3250 3251 3252
5 137 2836 3253 3254 3255
5 1305 1666 3256 3257 3258
5 123 1987 3259 3260 3261
5 2186 3238 3262 3263 3264
5 860 1357 3265 3266 3267
5 1445 2083 2148 3268 3269
5 2099 3270 3271 3272 3273
5 76 2367 3274 3275 3276
5 304 1179 3277 3278 3279
5 225 1199 3280 3281 3282
5 1258 1502 3283 3284 3285
5 1317 2205 3286 3287 3288
5 149 1253 2507 3289 3290
5 2181 2554 3291 3292 3293
5 385 3125 3294 3295 3296
5 388 1237 1505 3297 3298
5 2084 2216 3299 3300 3301
5 350 1774 3271 3302 3303
5 2105 2325 3201 3304 3305
5 1295 1811 2267 3306 3307
5 1279 2800 3308 3309 3310
5 320 1192 3311 3312 3313
5 1712 3314 3315 3316 3317
5 341 1517 2812 3318 3319
5 2022 3310 3320 3321 3322
5 3116 3180 3323 3324 3325
5 2274 3326 3327 3328 3329
5 174 1485 3330 3331 3332
5 351 1423 3333 3334 3335
5 2457 2910 3336 3337 3338
5 2608 2793 3281 3339 3340
5 3120 3284 3341 3342 3343
5 361 1185 3344 3345 3346
5 1283 2049 3134 3347 3348
5 1178 1677 3014 3349 3350
5 237 3351 3352 3353 3354
5 217 1613 3355 3356 3357
5 780 1632 3133 3358 3359
5 1463 1706 2298 3360 3361
5 719 1617 3118 3362 3363
5 362 864 3364 3365 3366
5 2647 3127 3367 3368 3369
5 1804 2277 3370 3371 3372
5 324 2823 3373 3374 3375
5 419 849 2206 3376 3377
5 68 837 3378 3379 3380
5 859 1681 1848 3381 3382
5 1608 3351 3383 3384 3385
5 1800 3314 3386 3387 3388
5 2260 2934 3115 3389 3390
5 26 1112 3391 3392 3393
5 156 2913 3394 3395 3396
5 2756 3142 3397 3398 3399
5 682 3106 3257 3400 3401
5 355 1355 3402 3403 3404
5 2878 3078 3405 3406 3407
5 118 1633 2048 3408 3409
5 413 763 3410 3411 3412
5 618 2553 3413 3414 3415
5 1021 3411 3416 3417 3418
5 1363 2490 3419 3420 3421
5 410 943 3140 3422 3423
5 186 1805 2949 3424 3425
5 1686 2026 3426 3427 3428
5 1719 1996 3161 3429 3430
5 1735 2008 3398 3431 3432
5 1527 2232 2950 3433 3434
5 1611 3435 3436 3437 3438
5 246 2029 2914 3439 3440
5 254 605 3441 3442 3443
5 1439 2466 3217 3444 3445
5 622 2140 3191 3446 3447
5 515 2377 3448 3449 3450
5 1970 3103 3435 3451 3452
5 997 3100 3453 3454 3455
5 1869 3259 3456 3457 3458
5 1594 1866 3075 3459 3460
5 1080 2168 2917 3461 3462
5 1017 1849 3463 3464 3465
5 2326 3035 3466 3467 3468
5 731 1856 3469 3470 3471
5 1761 3472 3473 3474 3475
5 1784 3005 3374 3476 3477
5 357 3478 3479 3480 3481
5 2711 3482 3483 3484 3485
5 2304 2794 3486 3487 3488
5 271 3489 3490 3491 3492
5 366 2849 3493 3494 3495
5 1658 3077 3496 3497 3498
5 3029 3427 3499 3500 3501
5 2968 3502 3503 3504 3505
5 2931 3506 3507 3508 3509
5 3001 3395 3510 3511 3512
5 422 2618 2888 3513 3514
5 3024 3346 3515 3516 3517
5 2979 3478 3518 3519 3520
5 1670 2983 3521 3522 3523
5 2719 2990 3368 3524 3525
5 2307 3124 3526 3527 3528
5 2656 2957 3037 3529 3530
5 2653 2683 3531 3532 3533
5 2771 3534 3535 3536 3537
5 1920 3538 3539 3540 3541
5 154 3542 3543 3544 3545
5 2199 2345 3546 3547 3548
5 2928 3449 3549 3550 3551
5 1870 3552 3553 3554 3555
5 2561 3483 3508 3556 3557
5 696 1782 2744 3558 3559
5 183 2922 3472 3560 3561
5 3169 3342 3356 3562 3563
5 1663 3039 3535 3564 3565
5 3334 3539 3566 3567 3568
5 1057 2707 3243 3569 3570
5 1046 1568 3571 3572 3573
5 77 664 3574 3575 3576
5 46 360 3577 3578 3579
5 1027 3241 3372 3580 3581
5 1767 3071 3582 3583 3584
5 535 2921 3585 3586 3587
5 548 3588 3589 3590 3591
5 1892 2945 3329 3592 3593
5 2203 2879 3190 3594 3595
5 2550 2936 3596 3597 3598
5 1734 2435 3049 3599 3600
5 2898 3107 3601 3602 3603
5 2827 3228 3604 3605 3606
5 1623 1776 2830 3607 3608
5 649 3609 3610 3611 3612
5 623 2882 3613 3614 3615
5 1722 1938 3616 3617 3618
5 1060 1902 3619 3620 3621
5 2889 3622 3623 3624 3625
5 1109 2162 3626 3627 3628
5 967 3591 3629 3630 3631
5 1828 2903 3632 3633 3634
5 2047 3110 3635 3636 3637
5 2766 2872 3638 3639 3640
5 3018 3641 3642 3643 3644
5 2088 3063 3324 3645 3646
5 2971 3099 3421 3647 3648
5 3156 3338 3494 3649 3650
5 1924 2023 3010 3651 3652
5 634 3624 3653 3654 3655
5 1042 3532 3656 3657 3658
5 1572 2786 3588 3659 3660
5 1854 3548 3661 3662 3663
5 1760 3585 3610 3664 3665
5 1858 2777 3386 3666 3667
5 1428 2487 3502 3668 3669
5 928 1855 3198 3670 3671
5 1876 1934 3672 3673 3674
5 1912 2569 3543 3675 3676
5 2373 2899 3677 3678 3679
5 1794 2242 3619 3680 3681
5 1835 2816 3084 3682 3683
5 1739 1988 3552 3684 3685
5 3331 3686 3687 3688 3689
5 2918 3544 3690 3691 3692
5 2315 2616 3654 3693 3694
5 1992 3515 3695 3696 3697
5 1753 1819 3698 3699 3700
5 3366 3695 3701 3702 3703
5 1488 1864 2462 3704 3705
5 1789 2846 3706 3707 3708
5 1069 3087 3709 3710 3711
5 3092 3640 3712 3713 3714
5 936 3481 3688 3715 3716
5 3184 3617 3717 3718 3719
5 3404 3540 3720 3721 3722
5 1022 2791 3723 3724 3725
5 3492 3661 3726 3727 3728
5 1620 2246 3729 3730 3731
5 3058 3312 3383 3732 3733
5 2833 3536 3734 3735 3736
5 1702 3138 3737 3738 3739
5 3053 3484 3740 3741 3742
5 3247 3300 3510 3743 3744
5 1669 2415 3601 3745 3746
5 1303 3316 3747 3748 3749
5 2177 3059 3750 3751 3752
5 2285 3753 3754 3755 3756
5 518 3150 3757 3758 3759
5 7 126 3760 3761 3762
5 2264 3503 3763 3764 3765
5 2523 3206 3406 3766 3767
5 2941 3165 3172 3768 3769
5 2741 3353 3751 3770 3771
5 2987 3151 3756 3772 3773
5 1770 2508 3774 3775 3776
5 1745 1981 2885 3777 3778
5 2422 2991 3779 3780 3781
5 2942 3069 3782 3783 3784
5 513 3220 3785 3786 3787
5 2067 3036 3203 3788 3789
5 1045 3605 3790 3791 3792
5 593 2391 3793 3794 3795
5 606 3626 3796 3797 3798
5 954 1886 3799 3800 3801
5 1104 2820 3613 3802 3803
5 3211 3296 3804 3805 3806
5 926 2572 3807 3808 3809
5 816 2240 3622 3810 3811
5 1540 3158 3812 3813 3814
5 37 352 3815 3816 3817
5 1370 3758 3818 3819 3820
5 479 2484 3821 3822 3823
5 1365 2282 3709 3824 3825
5 927 2414 3726 3826 3827
5 2224 3775 3828 3829 3830
5 871 2486 3831 3832 3833
5 2259 3179 3834 3835 3836
5 1528 3263 3837 3838 3839
5 1396 2824 3840 3841 3842
5 2495 3207 3497 3843 3844
5 1783 2482 3841 3845 3846
5 1984 3500 3729 3847 3848
5 2077 3121 3849 3850 3851
5 2369 2984 3852 3853 3854
5 3130 3254 3780 3855 3856
5 3137 3596 3857 3858 3859
5 3292 3326 3860 3861 3862
5 574 1820 3863 3864 3865
5 3267 3464 3866 3867 3868
5 2191 2577 3093 3869 3870
5 394 2787 3871 3872 3873
5 679 1490 3699 3874 3875
5 700 3474 3876 3877 3878
5 1127 1441 3879 3880 3881
5 1000 1724 3882 3883 3884
5 2269 3068 3885 3886 3887
5 796 2166 3888 3889 3890
5 160 2574 3858 3891 3892
5 564 1897 3735 3893 3894
5 2465 3278 3643 3895 3896
5 1859 3748 3897 3898 3899
5 1944 3611 3877 3900 3901
5 2002 2805 3902 3903 3904
5 3195 3722 3905 3906 3907
5 2808 3633 3908 3909 3910
5 520 2537 3911 3912 3913
5 2500 3629 3872 3914 3915
5 3251 3690 3808 3916 3917
5 3096 3764 3832 3918 3919
5 2814 3753 3920 3921 3922
5 1235 2318 3923 3924 3925
5 2642 3522 3926 3927 3928
5 1343 1585 3929 3930 3931
5 1593 1698 3932 3933 3934
5 2293 2322 3935 3936 3937
5 3393 3583 3938 3939 3940
5 302 3272 3941 3942 3943
5 799 3519 3944 3945 3946
5 3380 3740 3947 3948 3949
5 3020 3575 3950 3951 3952
5 1705 2963 3953 3954 3955
5 3025 3579 3956 3957 3958
5 1604 2802 3959 3960 3961
5 3147 3550 3962 3963 3964
5 1852 2959 3965 3966 3967
5 2335 3454 3968 3969 3970
5 2746 3571 3971 3972 3973
5 2955 3442 3974 3975 3976
5 274 736 3977 3978 3979
5 281 739 3980 3981 3982
5 2520 2606 3983 3984 3985
5 2297 2384 3986 3987 3988
5 2714 2869 3989 3990 3991
5 3170 3851 3992 3993 3994
5 1879 3528 3995 3996 3997
5 2058 3783 3998 3999 4000
5 1883 3707 4001 4002 4003
5 2948 3415 4004 4005 4006
5 3164 3719 4007 4008 4009
5 2867 3555 4010 4011 4012
5 3658 3794 4013 4014 4015
5 3853 3904 4016 4017 4018
5 2036 2512 4019 4020 4021
5 2603 3232 4022 4023 4024
5 1865 3787 4025 4026 4027
5 3043 3154 4028 4029 4030
5 2042 2440 4031 4032 4033
5 3823 3910 4034 4035 4036
5 2362 3438 4037 4038 4039
5 808 2736 4040 4041 4042
5 2432 3416 4043 4044 4045
5 314 3321 4046 4047 4048
5 2380 3818 4049 4050 4051
5 1231 2597 4052 4053 4054
5 1393 2441 4055 4056 4057
5 3033 3798 4058 4059 4060
5 2338 2630 4061 4062 4063
5 3723 3881 4064 4065 4066
5 3739 3865 4067 4068 4069
5 1315 3636 3679 4070 4071
5 533 603 1033 4072 4073
5 1469 3469 3489 4074 4075
5 18 2837 2992 4076 4077
5 13 496 1056 4078 4079
5 2769 3642 3673 4080 4081
5 629 1065 3062 4082 4083
5 490 565 2772 4084 4085
5 1322 1447 3002 4086 4087
5 1334 1454 3468 4088 4089
5 1002 1337 2976 4090 4091
5 1430 3963 4050 4092 4093
5 417 3999 4094 4095 4096
5 1532 3966 4097 4098 4099
5 1600 3457 4100 4101 4102
5 691 4001 4056 4103 4104
5 3882 3890 4105 4106 4107
5 3276 3813 4108 4109 4110
5 3867 3911 4097 4111 4112
5 1132 2514 4113 4114 4115
5 2069 3791 4116 4117 4118
5 1348 2301 4119 4120 4121
5 53 462 2850 4122 4123
5 596 1460 3051 4124 4125
5 3861 3924 4005 4126 4127
5 3287 3885 4094 4128 4129
5 1978 4042 4062 4130 4131
5 165 3975 4059 4132 4133
5 470 3066 3836 4134 4135
5 83 570 3898 4136 4137
5 3816 3906 4138 4139 4140
5 3713 3762 4141 4142 4143
5 3828 3939 4019 4144 4145
5 1939 4011 4101 4146 4147
5 1025 2841 3839 4148 4149
5 527 2763 3081 4150 4151
5 1923 3961 4047 4152 4153
5 3112 3930 4035 4154 4155
5 1999 3970 4106 4156 4157
5 3507 3948 4031 4158 4159
5 2905 3943 4037 4160 4161
5 942 3987 4068 4162 4163
5 2995 3488 3800 4164 4165
5 3686 3945 4023 4166 4167
5 3566 3984 4138 4168 4169
5 819 3936 4013 4170 4171
5 873 4044 4065 4172 4173
5 58 624 2759 4174 4175
5 2491 3950 4109 4176 4177
5 711 3927 4017 4178 4179
5 3804 3996 4054 4180 4181
5 1400 3933 4025 4182 4183
5 207 3921 4028 4184 4185
5 1777 3953 4121 4186 4187
5 2585 3978 4008 4188 4189
5 88 1008 3046 4190 4191
5 3702 3956 4114 4192 4193
5 389 3972 4116 4194 4195
5 1614 3981 3992 4196 4197
5 2558 3990 4141 4198 4199
20 348 356 1181 1291 1673 2090 2093 2753 2854 2966 3006 3339 3343 3344 3348 3350 3369 3370 3399 3403
20 354 369 1650 1759 1768 2276 2280 3136 3144 3252 3303 3317 3349 3493 3498 3738 3741 3744 3755 3761
20 2241 2244 2818 2819 3249 3496 3730 3732 3842 3917 3935 3947 4067 4093 4105 4108 4167 4180 4183 4196
20 812 825 953 969 1398 1403 1526 1933 1946 3811 3980 3983 4022 4038 4099 4113 4147 4156 4171 4182
20 242 260 638 642 650 659 1073 1077 1557 2564 2676 2684 2686 2693 2967 3186 3192 3244 3283 3440
20 248 251 654 675 1162 1521 1913 1915 1932 1948 2227 2511 2521 2531 2694 2896 3433 3436 3443 3446
20 120 141 553 558 750 758 1256 1284 1288 1304 1306 2309 2458 2463 2679 2688 2692 3132 3285 3290
20 125 134 1238 1298 1307 1976 1993 2172 2316 2501 3248 3250 3255 3260 3747 3814 3815 3843 3886 3889
20 666 668 851 1552 1570 1910 1918 2543 2720 2859 2862 2866 2870 2891 2900 3101 3439 3570 3573 3578
20 1621 1637 1749 1754 2775 2776 2897 2932 2938 3683 3932 3938 3989 3995 4010 4160 4163 4170 4173 4197
20 136 148 753 771 1496 1499 1525 1530 1541 1546 1974 2003 2142 2439 2443 2467 2515 2600 2602 2691
20 359 368 1679 1687 1748 1762 1765 1787 2706 2858 3371 3477 3479 3485 3523 3524 3527 3574 3584 3602
20 2 22 729 747 1015 1051 1054 1076 1079 2611 2612 2627 2638 2731 2734 2742 2754 2755 2764 3076
20 16 25 487 492 733 738 1053 1064 1320 1602 2658 3044 3437 3470 3551 3674 3967 3968 3985 4079
20 1094 1110 1402 1409 1937 1942 2434 2556 3215 3291 3311 3803 3805 3807 3810 3826 3830 3831 3840 3901
20 1176 1191 1356 1368 2019 2024 2284 2412 2697 2832 3122 3129 3293 3294 3301 3302 3402 3618 3776 3825
20 5 11 1707 1850 1868 2320 2321 2732 2840 2996 3031 3079 3358 3466 3471 3737 3946 3949 3964 4077
20 257 266 891 1906 1909 1936 1952 1956 2196 2220 2228 2233 2347 2389 2392 2413 2536 2555 2565 2581
20 152 172 676 686 2343 2619 2622 2631 2633 2643 2645 2757 2788 2790 2803 2813 3340 3396 3400 3537
20 158 163 681 697 1607 2258 2634 3545 3765 3875 3960 3969 3977 4061 4098 4100 4104 4133 4169 4192
20 817 832 925 929 956 970 975 1102 1406 2153 2360 2370 2372 2379 2418 2421 2431 2437 3233 3269
20 1184 1188 1354 1362 1477 1720 1737 2020 2050 2056 2085 2087 2092 2110 2113 2155 2178 2416 2428 2587
20 167 178 387 1489 2340 3277 3295 3332 3362 3401 3703 3736 3829 3862 3870 3871 3874 3876 3892 3918
20 483 486 507 512 534 539 609 615 743 1048 1696 1874 2111 2376 2381 2981 2998 3166 3408 3450
20 31 41 474 478 503 555 559 614 620 640 643 1261 1271 1312 1319 1326 1361 1689 2016 2074
20 45 51 316 617 628 1345 1471 1697 2059 2378 2399 2762 2865 2975 2978 3677 3988 3991 4045 4175
20 2190 2202 2270 2313 2620 2680 3009 3013 3208 3256 3261 3327 3330 3337 3354 3546 3634 3694 3696 3704
20 1616 1630 2826 2901 2906 3328 3385 3389 3568 3608 3662 3667 3680 3682 3689 3692 3698 3701 3731 3763
20 35 56 469 477 806 1233 1243 1448 1456 1458 1470 2070 2100 2292 2433 3888 4051 4052 4110 4123
20 1560 1566 2133 2655 2685 2789 2886 2904 2909 2912 3102 3104 3114 3225 3533 3541 3547 3593 3595 3660
20 632 647 1068 1086 1138 1146 1890 1905 2119 2132 2144 2350 2403 2797 2857 3177 3185 3239 3245 3325
20 1817 1821 1861 1863 1882 1884 1896 1898 2919 3174 3175 3589 3592 3620 3632 3653 3656 3663 3767 3797
20 1857 1860 2923 3034 3040 3157 3505 3631 3691 3848 3962 3965 4026 4029 4058 4130 4157 4159 4166 4168
20 185 204 405 423 802 1645 2592 2739 3561 3669 3923 3944 3954 4041 4053 4092 4096 4158 4177 4185
20 261 265 292 297 338 345 645 1353 1360 1371 1381 2091 2096 2097 2107 2290 2402 2406 2667 2726
20 377 382 400 404 429 436 1195 1201 1215 1232 1236 1344 1375 1382 1691 1709 2098 2188 2296 2595
20 104 113 339 839 853 900 1141 2116 2700 2703 2708 2710 2717 2718 2722 2723 2855 2876 3083 3409
20 904 913 1625 1635 1832 1837 1851 1853 1875 1878 2701 2916 2935 2944 3405 3549 3554 3587 3666 3768
20 1491 1500 1985 2497 2506 2576 3253 3891 3896 3915 4032 4036 4055 4126 4128 4131 4132 4139 4184 4189
20 373 384 699 703 1349 1351 1367 1369 1389 1392 2015 2538 2539 2575 2579 2666 2690 3279 3286 3322
20 916 921 1198 1207 1422 1427 1631 1636 1648 1671 1688 1693 1699 1704 2289 2705 2713 2721 3381 3520
20 1483 1495 1904 1907 2145 2455 2535 2573 3090 3098 3178 3655 3705 3869 3894 3895 3903 3907 3909 3912
20 3086 3094 3614 3621 3623 3700 3728 3893 3900 3919 4002 4014 4016 4064 4111 4144 4146 4152 4161 4193
20 1914 1930 2546 2548 2890 2892 2952 2956 3559 3675 3957 3971 3974 4006 4020 4103 4153 4155 4178 4188
20 180 192 399 408 1225 1273 2028 2449 2479 2635 2678 2737 2738 2745 2747 2954 2958 2964 3412 3424
20 543 562 748 760 765 783 790 1183 1187 1206 1228 1251 1274 1294 1474 1683 1717 2160 2189 2749
20 1814 1818 2117 2123 2247 2822 2829 3262 3305 3604 3609 3627 3681 3727 3733 3802 3864 3866 3880 3883
20 94 108 791 1412 1420 1481 1653 1808 1826 2161 2171 2175 2185 2365 2426 2702 3229 3304 3307 3315
20 1965 1966 2524 2530 2740 2743 2946 2951 2960 2969 2972 3027 3041 3042 3189 3222 3451 3529 3531 3590
20 538 547 1252 1254 1825 1829 1841 1844 1972 2528 2613 3011 3030 3145 3218 3223 3461 3766 3769 3770
20 863 870 1656 1708 1711 2094 2106 2180 2184 2283 2286 2294 2302 2305 2821 2825 3265 3273 3274 3313
20 306 317 378 396 707 1352 2303 2571 3833 3878 3929 3941 3986 4046 4120 4145 4172 4179 4195 4198
20 62 70 269 288 1285 1388 1450 1596 2646 2795 2796 2806 2809 2844 2847 2852 3057 3181 3183 3309
20 65 86 276 278 563 572 1121 1314 2339 2601 2807 3490 3835 3837 3879 3902 4102 4112 4115 4137
20 1662 1672 1684 1740 1744 1756 1799 1803 2425 3197 3345 3410 3422 3428 3430 3432 3480 3556 3562 3746
20 821 829 910 917 945 950 965 1757 1994 1998 2423 2493 2779 2920 2924 2937 3227 3506 3668 3670
20 75 81 998 1004 1583 1592 2299 2767 3052 3182 3373 3487 3491 3526 3708 3868 3940 3942 4066 4191
20 761 767 1217 1534 1545 1969 1971 1997 2006 2446 2448 2451 2471 2473 2485 3196 3210 3221 3289 3445
20 287 293 454 471 575 579 586 592 648 1443 1451 1475 1478 2076 2080 2101 2104 2660 3264 3268
20 415 418 690 2648 2652 3105 3113 3357 3394 3423 3425 3504 3509 3513 3530 3542 3558 3560 3565 3567
20 778 782 1111 1125 1418 2127 2243 2245 2261 2262 2271 2275 2317 2323 2324 2337 3306 3379 3384 3458
20 1736 1743 2025 2032 2038 2057 2063 2071 2089 2393 2396 2541 2545 2551 2562 2566 3242 3414 3417 3420
20 213 233 787 1624 1627 1652 1655 1665 1668 2265 2272 2940 3141 3146 3333 3352 3355 3359 3382 3387
20 566 567 598 601 625 627 1316 1346 2075 2383 2386 3193 3413 3441 3795 3913 4018 4021 4048 4071
20 456 463 1440 1444 2363 2516 3060 3067 3152 3234 3796 3801 3812 3838 3863 3897 4024 4027 4107 4134
20 358 363 411 414 441 444 662 665 688 727 1373 1377 1806 2210 2670 2671 2915 3282 3318 3376
20 924 934 1726 1729 2081 2082 2549 2552 3240 3599 3612 3615 3616 3645 3710 3792 3793 3827 3849 3854
20 153 157 184 189 212 219 732 737 779 800 1266 1277 1508 1515 2319 2331 2336 2651 2673 2751
20 365 372 391 393 421 426 858 872 1202 1211 1431 1615 1618 1657 2672 2704 2817 3335 3365 3475
20 453 460 517 523 546 549 582 607 612 633 635 1257 1888 2137 2525 2534 2599 3187 3194 3447
20 300 308 1010 1012 1332 2295 2306 2668 2760 2761 2768 2773 2815 2953 3576 3577 3928 3931 3973 4091
20 974 987 1100 1106 1542 1824 1830 1986 1990 2010 2695 3199 3202 3205 3212 3214 3230 3235 3444 3628
20 14 19 54 59 84 89 1116 1131 1465 2605 2662 2712 3275 3360 3378 3391 3934 3937 3982 4075
20 2195 2197 2459 2472 2510 2563 2682 2973 3089 3091 3128 3336 3341 3431 3517 3594 3648 3652 3721 3778
20 323 333 834 846 1569 1573 1591 1595 1605 1609 1836 2263 2355 2778 2782 2877 2927 3390 3392 3455
20 1300 1309 1364 2021 2043 2045 2066 2068 2164 2176 2481 2496 2498 2509 2589 3219 3419 3819 3821 3856
20 328 342 725 1133 1152 1790 1795 2215 2709 2781 2828 2831 2834 3117 3126 3246 3266 3363 3364 3375
20 464 468 491 494 528 532 1323 2442 2445 2596 2961 2962 2997 3188 3786 3822 4030 4033 4040 4087
20 1081 1091 1340 1342 1501 1509 1559 1564 1577 1597 1847 2126 2136 2150 2311 2312 2344 2349 2357 2675
20 930 949 2060 2065 2489 3597 3600 3779 3809 3846 3993 3998 4043 4049 4117 4162 4176 4181 4186 4199
20 98 119 1096 1101 1140 1144 1166 1169 1578 2129 2138 2139 2149 2248 2254 2364 2382 2527 2661 3236
20 718 722 881 886 1105 1108 1124 1129 1149 1151 1486 1487 1512 1549 2005 2122 2192 2223 2257 2346
20 511 531 2728 2735 2758 2977 2993 2994 3003 3072 3162 3171 3418 3426 3518 3521 3952 3955 4000 4151
20 1764 1785 3109 3473 3495 3512 3514 3534 3859 3873 3920 3926 3951 4009 4095 4127 4142 4154 4187 4194
20 252 256 282 284 313 321 811 813 869 889 957 1093 1130 1175 1576 1582 2147 2366 2385 2727
20 2607 2615 2970 3008 3017 3022 3032 3038 3135 3139 3148 3163 3397 3501 3511 3516 3563 3564 3650 3771
20 198 205 712 1212 1221 2222 2477 2488 2492 2505 2540 2547 2559 2568 2570 2586 2590 2591 2665 3209
20 995 999 1038 1043 1082 1087 1589 1809 1813 1871 2328 2765 2842 2986 3082 3173 3407 3460 3462 3465
20 3 9 74 79 100 107 994 1281 1293 1327 1378 1385 1675 1678 1703 1713 2279 2288 2308 3361
20 1899 1901 1925 1926 1941 1945 1964 1979 1982 2001 2464 2468 2582 2584 2894 3088 3213 3434 3625 3630
20 23 29 44 49 112 115 243 247 311 335 482 1329 1339 1462 1556 1581 1612 2108 2663 2811
20 498 500 571 1262 1313 1321 1333 1335 1598 1610 2334 2358 2438 2513 2748 3288 3976 3979 4057 4085
20 1721 1723 1769 1771 1791 1796 2163 2724 2863 2943 3204 3299 3388 3482 3606 3607 3665 3685 3715 3745
20 1775 1778 1980 1989 3649 3651 3687 3697 3743 3774 3789 3806 3844 3845 3847 3855 3857 3860 3914 3916
20 34 39 63 69 90 97 578 751 757 777 795 1264 1269 1278 1297 1341 1464 1467 1472 2333
20 940 944 1730 1732 1751 1779 1781 1922 2860 2880 2887 2908 3085 3111 3538 3557 3598 3603 3716 3777
20 272 275 301 305 326 331 680 685 701 717 1574 1587 1599 2152 2208 2342 2352 2401 2810 3319
20 2417 2420 2480 2483 3153 3155 3167 3168 3200 3216 3429 3499 3586 3671 3684 3750 3781 3782 3785 3788
20 506 516 1019 1023 1047 1067 1070 2031 2051 2715 2985 2988 3004 3073 3074 3525 3569 3581 3638 3646
20 130 139 162 168 201 209 1397 1401 1416 1429 1494 1516 1533 1642 2219 2225 2238 2252 2503 3298
20 741 745 770 774 804 809 1405 1408 1426 1433 1638 2157 2159 2253 2329 2332 2598 2604 2925 3237
20 2784 2792 2881 2884 3095 3097 3108 3119 3123 3323 3367 3476 3580 3706 3711 3714 3717 3720 3724 3734
20 430 445 826 831 850 857 894 897 918 960 961 981 1659 2291 2397 2400 2409 2424 2588 2664
20 1031 1040 1867 2799 2804 2835 3149 3159 3456 3467 3644 3693 3834 3887 3899 3908 4060 4063 4140 4149
20 583 587 1018 1035 2046 2053 2169 3016 3028 3054 3056 3070 3131 3143 3160 3347 3749 3752 3759 3773
20 671 673 693 694 710 715 820 823 845 875 964 1158 1172 1519 1531 2353 2774 2929 3377 3676
20 591 602 1455 2845 2848 3048 3055 3270 3320 3486 3637 3718 3754 3820 3824 3850 4118 4119 4125 4143
20 216 221 1154 1170 1434 1840 1843 1951 1962 2134 2236 2454 2654 2657 2659 2780 2926 2930 2939 3452
20 604 621 1044 1058 1880 1881 2518 2871 2873 3065 3231 3448 3672 3678 3799 3852 4012 4015 4039 4082
20 124 129 173 177 232 239 349 353 386 450 1180 1208 1249 2476 2594 2750 2752 3258 3280 3297
20 519 524 594 1020 1024 2034 2039 3000 3019 3023 3635 3641 3647 3712 3757 3905 4004 4007 4034 4072
20 838 843 862 867 880 885 1115 1119 1137 1157 1161 1415 1425 1641 1644 1661 2250 2268 2368 2430
20 794 797 1230 1247 1338 1395 1459 1700 2640 2770 2838 2839 2851 3308 3760 3817 3922 3925 4089 4129
20 903 908 935 939 983 988 1891 1894 1919 1960 2130 2230 2371 2410 2864 2875 2893 2895 3224 3226
20 433 448 978 980 1190 1194 1220 1224 1241 1246 1411 1419 1437 1715 2156 2167 2179 2429 2502 2696
20 1003 1006 1028 1032 1059 1063 2623 2628 2947 3453 3459 3572 3639 3657 3659 3725 3958 3959 4003 4081
20 144 147 193 197 224 229 653 658 705 721 1503 1504 1518 1538 1959 2207 2212 2217 2359 2474
20 2982 2989 3047 3050 3061 3064 3080 3463 3553 3582 3664 3742 3772 3784 3790 3884 3994 3997 4069 4164
20 226 236 438 876 898 991 1438 1550 1667 1798 1802 1955 2009 2013 2201 2204 2214 2235 2698 2911
20 4070 4073 4074 4076 4078 4080 4083 4084 4086 4088 4090 4122 4124 4135 4136 4148 4150 4165 4174 4190
