# Generated using Miratope v0.5.0 (https://github.com/galoomba1/miratope-rs)
4OFF

# Vertices, Faces, Edges, Cells
120 4920 1200 1320

# Vertices
0.0834626338555 0 0.3535533905933 0.5 
-0.4885987689621 0 0.2185080122244 0.3090169943749 
0.4370160244488 -0.3090169943749 -0 0.3090169943749 
-0.1350453783689 -0.1909830056251 0.5720614028177 -0 
0.2185080122244 -0.3090169943749 0.4885987689621 -0 
0.2185080122244 -0.1909830056251 -0.2185080122244 0.5 
-0.3535533905933 -0 -0.0834626338555 0.5 
0.0834626338555 -0.5 -0.3535533905933 0 
-0.4885987689621 -0.3090169943749 -0.2185080122244 0 
-0.1350453783689 -0.5 0.1350453783689 -0.3090169943749 
0.2185080122244 -0.5 0.2185080122244 -0.1909830056251 
-0.3535533905933 -0.1909830056251 -0.3535533905933 0.3090169943749 
-0.3535533905933 -0.3090169943749 0.3535533905933 -0.1909830056251 
-0 -0.3090169943749 -0.4370160244488 0.3090169943749 
-0 -0 0 0.6180339887499 
-0.5720614028177 -0.1909830056251 0.1350453783689 -0 
0.3535533905933 -0.5 -0.0834626338555 -0 
0.3535533905933 -0.1909830056251 0.3535533905933 0.3090169943749 
-0.2185080122244 0 0.4885987689621 0.3090169943749 
-0.2185080122244 -0.5 -0.2185080122244 -0.1909830056251 
0.0834626338555 -0 0.3535533905933 -0.5 
-0.4885987689621 0 0.2185080122244 -0.3090169943749 
0.4370160244488 -0.3090169943749 -0 -0.3090169943749 
-0.1350453783689 0.3090169943749 -0.1350453783689 -0.5 
0.2185080122244 0.1909830056251 -0.2185080122244 -0.5 
-0.1350453783689 -0 -0.5720614028177 -0.1909830056251 
0.2185080122244 -0 -0.4885987689621 -0.3090169943749 
-0.3535533905933 -0.5 0.0834626338555 -0 
-0.3535533905933 0.1909830056251 -0.3535533905933 -0.3090169943749 
-0 -0.6180339887499 -0 -0 
-0 -0.3090169943749 0.4370160244488 -0.3090169943749 
-0.5720614028177 0 -0.1350453783689 -0.1909830056251 
0.3535533905933 -0.3090169943749 -0.3535533905933 -0.1909830056251 
0.3535533905933 -0 0.0834626338555 -0.5 
-0.2185080122244 0.1909830056251 0.2185080122244 -0.5 
-0.2185080122244 -0.3090169943749 -0.4885987689621 0 
0.0834626338555 0.5 -0.3535533905933 0 
-0.4885987689621 0.3090169943749 -0.2185080122244 0 
0.4370160244488 -0 -0.4370160244488 0 
-0.1350453783689 0.3090169943749 -0.1350453783689 0.5 
0.2185080122244 0.1909830056251 -0.2185080122244 0.5 
-0.1350453783689 -0.3090169943749 -0.1350453783689 0.5 
-0.3535533905933 -0.1909830056251 -0.3535533905933 -0.3090169943749 
-0 -0.3090169943749 -0.4370160244488 -0.3090169943749 
-0 0.3090169943749 -0.4370160244488 -0.3090169943749 
-0.5720614028177 0 -0.1350453783689 0.1909830056251 
0.3535533905933 -0.3090169943749 -0.3535533905933 0.1909830056251 
0.3535533905933 0.3090169943749 -0.3535533905933 0.1909830056251 
-0.2185080122244 0.5 -0.2185080122244 0.1909830056251 
-0.2185080122244 -0.5 -0.2185080122244 0.1909830056251 
0.4370160244488 0.3090169943749 -0 -0.3090169943749 
-0.1350453783689 0.1909830056251 0.5720614028177 -0 
0.2185080122244 0.3090169943749 0.4885987689621 -0 
-0.3535533905933 -0 -0.0834626338555 -0.5 
-0.1350453783689 0.5 0.1350453783689 0.3090169943749 
0.2185080122244 0.5 0.2185080122244 0.1909830056251 
-0.3535533905933 0.3090169943749 0.3535533905933 0.1909830056251 
-0 -0 0 -0.6180339887499 
-0.5720614028177 0.1909830056251 0.1350453783689 -0 
0.3535533905933 0.5 -0.0834626338555 -0 
0.3535533905933 0.1909830056251 0.3535533905933 -0.3090169943749 
-0.2185080122244 0 0.4885987689621 -0.3090169943749 
0.2185080122244 -0 -0.4885987689621 0.3090169943749 
-0.3535533905933 0.1909830056251 -0.3535533905933 0.3090169943749 
-0.1350453783689 -0.3090169943749 -0.1350453783689 -0.5 
0.2185080122244 -0.1909830056251 -0.2185080122244 -0.5 
-0 0.3090169943749 -0.4370160244488 0.3090169943749 
0.3535533905933 0.3090169943749 -0.3535533905933 -0.1909830056251 
-0.2185080122244 0.5 -0.2185080122244 -0.1909830056251 
0.4370160244488 0.3090169943749 -0 0.3090169943749 
-0.1350453783689 -0 -0.5720614028177 0.1909830056251 
-0.3535533905933 0.5 0.0834626338555 -0 
-0 0.6180339887499 -0 -0 
-0 0.3090169943749 0.4370160244488 0.3090169943749 
0.3535533905933 -0 0.0834626338555 0.5 
-0.2185080122244 -0.1909830056251 0.2185080122244 0.5 
-0.2185080122244 0.3090169943749 -0.4885987689621 0 
0.4370160244488 -0 0.4370160244488 -0 
-0.3535533905933 -0.3090169943749 0.3535533905933 0.1909830056251 
-0.1350453783689 0.5 0.1350453783689 -0.3090169943749 
0.2185080122244 0.5 0.2185080122244 -0.1909830056251 
-0 -0.3090169943749 0.4370160244488 0.3090169943749 
0.3535533905933 0.1909830056251 0.3535533905933 0.3090169943749 
-0.2185080122244 0.1909830056251 0.2185080122244 0.5 
-0.1350453783689 -0.5 0.1350453783689 0.3090169943749 
0.2185080122244 -0.5 0.2185080122244 0.1909830056251 
0.3535533905933 -0.1909830056251 0.3535533905933 -0.3090169943749 
-0.3535533905933 0.3090169943749 0.3535533905933 -0.1909830056251 
-0 0.3090169943749 0.4370160244488 -0.3090169943749 
-0.2185080122244 -0.1909830056251 0.2185080122244 -0.5 
0.5720614028177 -0 0.1350453783689 -0.1909830056251 
0.5720614028177 -0.1909830056251 -0.1350453783689 -0 
0.5720614028177 0.1909830056251 -0.1350453783689 -0 
0.1350453783689 -0.3090169943749 0.1350453783689 -0.5 
0.1350453783689 0.1909830056251 -0.5720614028177 0 
0.5720614028177 -0 0.1350453783689 0.1909830056251 
0.1350453783689 -0.3090169943749 0.1350453783689 0.5 
0.1350453783689 0.3090169943749 0.1350453783689 0.5 
0.1350453783689 -0.1909830056251 -0.5720614028177 0 
0.1350453783689 0.3090169943749 0.1350453783689 -0.5 
0.1350453783689 0.5 -0.1350453783689 -0.3090169943749 
0.1350453783689 -0.5 -0.1350453783689 -0.3090169943749 
0.1350453783689 0 0.5720614028177 0.1909830056251 
-0.4370160244488 -0 -0.4370160244488 0 
0.1350453783689 0 0.5720614028177 -0.1909830056251 
0.1350453783689 -0.5 -0.1350453783689 0.3090169943749 
0.1350453783689 0.5 -0.1350453783689 0.3090169943749 
-0.4370160244488 -0.3090169943749 -0 -0.3090169943749 
-0.4370160244488 -0.3090169943749 -0 0.3090169943749 
-0.4370160244488 0.3090169943749 -0 -0.3090169943749 
-0.4370160244488 0.3090169943749 -0 0.3090169943749 
0.4885987689621 -0 -0.2185080122244 -0.3090169943749 
-0.4370160244488 0 0.4370160244488 -0 
0.4885987689621 -0 -0.2185080122244 0.3090169943749 
0.4885987689621 -0.3090169943749 0.2185080122244 -0 
0.4885987689621 0.3090169943749 0.2185080122244 -0 
-0.0834626338555 0.5 0.3535533905933 -0 
-0.0834626338555 -0.5 0.3535533905933 -0 
-0.0834626338555 -0 -0.3535533905933 0.5 
-0.0834626338555 -0 -0.3535533905933 -0.5 

# Faces
5 0 2 7 8 1
3 1 3 0
3 0 2 4
5 3 9 7 5 0
5 4 9 8 6 0
3 0 5 6
3 7 8 9
3 7 10 2
3 7 11 5
5 10 3 1 11 7
3 8 1 12
3 8 13 6
5 12 4 2 13 8
5 2 14 1 12 10
3 1 14 11
3 13 14 2
3 9 15 3
3 9 16 4
5 6 15 9 16 5
3 3 10 17
5 3 15 11 5 17
3 4 18 12
5 4 18 6 13 16
3 5 17 16
3 6 18 15
3 12 19 10
5 10 17 14 11 19
5 12 18 14 13 19
3 11 15 19
3 13 16 19
3 17 18 14
5 18 17 16 19 15
5 7 22 20 21 8
3 20 23 21
3 20 22 24
5 20 10 7 25 23
5 8 12 20 24 25
3 12 20 10
3 7 25 8
3 7 22 26
5 7 26 23 21 27
3 10 27 7
3 8 28 21
5 28 24 22 29 8
3 12 29 8
5 26 28 21 30 22
3 27 30 21
3 29 30 22
3 23 31 25
3 24 32 25
5 12 31 25 32 10
3 23 33 26
5 23 31 27 10 33
3 24 34 28
5 24 32 29 12 34
3 26 35 28
5 26 33 30 27 35
3 10 33 32
5 29 35 28 34 30
3 12 31 34
3 27 31 35
3 29 35 32
3 33 34 30
5 31 34 33 32 35
5 8 37 36 38 7
3 36 37 39
3 38 40 36
5 26 36 39 41 7
5 8 41 40 36 28
3 28 36 26
3 7 8 41
3 5 38 7
5 7 5 39 37 42
3 7 42 26
3 8 37 6
5 38 43 8 6 40
3 8 28 43
5 37 6 5 38 44
3 37 44 42
3 38 44 43
3 41 39 45
3 41 46 40
5 26 46 41 45 28
3 39 47 5
5 45 42 26 47 39
3 40 6 48
5 46 43 28 48 40
3 5 6 49
5 5 47 44 42 49
5 48 44 43 49 6
3 46 47 26
3 45 48 28
3 42 49 45
3 43 46 49
3 44 48 47
5 45 48 47 46 49
5 21 37 36 50 20
3 21 51 20
3 20 50 52
5 20 51 54 36 24
5 20 52 54 37 53
3 20 53 24
3 36 54 37
3 36 50 55
3 24 36 28
5 36 28 21 51 55
3 37 21 56
3 44 53 37
5 44 50 52 56 37
3 28 57 21
5 50 57 21 56 55
3 50 44 57
3 54 51 58
3 52 59 54
5 58 53 24 59 54
3 51 60 55
5 51 60 24 28 58
3 52 61 56
5 59 44 53 61 52
3 59 60 24
3 56 48 55
5 60 57 28 48 55
3 58 61 53
3 28 58 48
5 44 48 56 61 57
3 44 59 48
3 60 61 57
5 61 60 59 48 58
3 36 37 23
3 36 24 38
5 7 62 36 23 64
5 24 64 8 63 36
3 36 62 63
3 7 64 8
3 7 65 38
5 7 11 37 23 65
3 7 11 62
3 37 8 53
5 53 8 13 38 24
3 8 63 13
5 37 53 65 38 66
3 11 66 37
3 38 66 13
3 23 31 64
3 32 64 24
5 62 32 64 31 63
3 23 67 65
5 23 67 62 11 31
3 24 53 68
5 63 68 24 32 13
3 65 19 53
5 19 65 67 66 11
5 13 66 68 53 19
3 62 67 32
3 63 68 31
3 11 19 31
3 19 32 13
3 66 67 68
5 68 67 32 19 31
5 1 37 36 69 0
3 0 41 1
3 5 69 0
5 55 0 41 70 36
5 56 0 5 70 37
3 56 0 55
3 36 37 70
3 36 62 69
3 55 71 36
5 36 71 1 41 62
3 11 1 37
3 37 56 72
5 37 11 5 69 72
5 62 11 1 73 69
3 1 71 73
3 72 73 69
3 41 45 70
3 5 70 47
5 56 45 70 47 55
3 41 74 62
5 41 74 55 71 45
3 11 75 5
5 47 72 56 75 5
3 47 74 55
3 11 76 62
5 74 73 71 76 62
3 45 75 56
5 11 76 72 73 75
3 71 76 45
3 72 47 76
3 73 75 74
5 75 74 47 76 45
5 0 1 21 20 77
3 1 54 0
3 55 77 0
5 79 54 0 4 20
3 4 78 0
5 21 78 0 55 79
3 20 79 21
3 20 77 80
3 4 20 12
5 1 54 80 20 12
3 1 71 21
3 30 78 21
5 21 71 55 77 30
3 1 81 12
5 77 81 1 71 80
3 54 58 79
3 60 79 55
5 79 60 4 78 58
3 77 30 81
3 80 82 54
5 4 82 54 58 12
3 4 60 82
3 55 83 71
5 30 60 55 83 78
3 80 34 71
5 12 81 82 80 34
3 78 83 58
3 34 58 12
5 34 71 83 81 30
3 30 60 34
5 83 82 60 34 58
3 82 83 81
3 20 3 21
3 22 4 20
5 65 20 3 84 7
5 53 8 84 4 20
3 53 65 20
3 7 84 8
3 7 22 85
3 42 65 7
5 42 21 3 85 7
3 21 8 78
3 43 53 8
5 4 78 8 43 22
5 22 57 21 78 85
3 21 42 57
3 22 43 57
3 15 84 3
3 4 16 84
5 53 15 84 16 65
3 85 86 3
5 15 42 65 86 3
3 78 61 4
5 53 61 4 16 43
3 65 86 16
3 85 49 78
5 49 85 86 57 42
3 53 61 15
5 43 57 61 78 49
3 42 15 49
3 43 49 16
3 61 86 57
5 16 49 15 61 86
3 20 64 21
3 20 65 50
5 20 64 25 36 80
5 65 25 37 87 20
3 80 87 20
3 36 37 25
3 36 50 26
3 71 80 36
5 26 64 21 71 36
3 37 42 21
5 37 42 65 50 72
3 37 72 87
5 42 21 88 50 26
3 21 88 71
3 72 88 50
3 31 25 64
3 65 67 25
5 80 67 25 31 87
3 33 64 26
5 80 33 64 31 71
3 65 42 89
5 67 72 87 89 65
3 80 33 67
3 26 76 42
5 33 88 71 76 26
5 76 42 89 88 72
3 87 31 89
3 76 31 71
3 76 67 72
3 88 89 33
5 31 89 33 67 76
3 0 1 51
3 0 69 52
5 36 40 0 51 79
3 6 40 0
5 37 6 0 52 79
3 36 79 37
3 36 80 69
3 40 63 36
5 63 1 51 80 36
3 1 87 37
3 6 66 37
5 66 69 52 87 37
3 1 14 63
5 80 87 1 14 69
3 69 14 66
3 51 79 58
3 59 79 52
5 79 58 6 40 59
3 80 51 82
5 40 82 51 58 63
3 59 82 40
3 87 18 52
5 59 66 6 18 52
3 6 58 18
3 80 68 87
5 68 80 82 14 63
3 63 58 68
5 18 14 66 68 87
3 66 68 59
3 14 82 18
5 59 68 58 18 82
3 0 1 84
3 0 77 85
5 20 9 84 0 52
3 56 0 52
5 56 21 9 85 0
3 20 21 9
3 20 10 77
3 20 87 52
5 10 84 1 87 20
3 21 27 1
3 56 88 21
5 85 27 21 88 77
3 1 87 73
5 27 1 73 77 10
3 77 73 88
3 9 84 15
3 86 9 85
5 9 86 52 56 15
3 10 84 17
5 52 17 84 15 87
3 52 86 17
3 85 75 27
5 56 75 85 86 88
3 10 27 89
5 10 89 87 73 17
3 75 15 56
3 87 89 15
5 73 88 89 27 75
3 88 86 89
5 15 89 86 17 75
3 75 17 73
3 0 1 39
3 0 40 2
5 0 85 7 70 39
5 0 78 8 70 40
3 0 85 78
3 8 70 7
3 7 2 62
3 7 27 85
5 27 7 62 39 1
3 8 63 1
3 8 29 78
5 29 2 40 63 8
5 81 2 62 63 1
3 81 27 1
3 2 81 29
3 39 70 45
3 40 46 70
5 45 78 85 46 70
3 62 39 74
5 39 45 27 85 74
3 40 83 63
5 83 40 46 29 78
3 85 74 46
3 78 83 45
3 62 35 63
5 27 81 74 62 35
5 35 63 83 81 29
3 35 45 27
3 35 46 29
3 81 74 83
5 74 83 45 35 46
3 0 2 77
5 38 2 0 54 36
5 39 0 77 50 36
3 54 52 0
3 0 39 5
5 50 38 5 0 52
3 36 50 38
3 54 80 36
3 36 62 39
5 77 2 62 36 80
3 38 90 2
3 38 66 5
5 52 90 38 66 54
3 14 62 2
5 14 54 80 90 2
3 50 77 91
3 50 52 72
5 39 72 50 91 5
3 77 80 73
5 77 91 62 39 73
3 66 54 14
3 73 39 72
3 52 17 90
5 5 66 72 52 17
3 5 17 91
3 80 90 67
5 62 14 73 80 67
3 62 91 67
5 14 66 67 90 17
3 67 72 66
5 72 73 17 91 67
3 17 14 73
5 36 79 20 22 38
3 20 22 64
3 20 79 53
3 20 90 80
5 53 25 38 90 20
3 36 25 38
3 28 79 36
3 36 80 92
5 64 28 36 92 22
3 43 38 22
5 59 38 43 53 79
3 38 90 59
5 43 22 60 79 28
3 22 92 60
3 59 79 60
3 25 64 32
3 53 25 68
5 25 68 80 90 32
3 28 34 64
5 64 34 80 92 32
3 34 68 80
3 43 93 53
5 68 53 93 90 59
3 28 94 43
5 60 34 28 94 92
5 60 93 43 94 59
3 90 93 32
3 92 94 32
3 59 68 94
3 60 93 34
5 32 93 34 68 94
3 20 77 22
3 52 79 20
5 20 23 36 69 77
3 23 20 65
5 52 69 38 65 20
3 36 38 69
3 55 36 79
3 26 23 36
5 22 77 55 36 26
3 38 22 95
3 38 44 65
5 52 95 38 44 79
3 26 57 22
5 55 95 22 57 79
3 77 91 69
3 69 72 52
5 72 23 65 91 69
3 44 79 57
3 77 55 88
5 77 91 26 23 88
3 72 23 88
3 52 95 86
5 52 86 65 44 72
3 55 95 47
5 26 57 88 55 47
3 65 91 86
3 47 91 26
5 57 44 47 95 86
3 47 72 44
3 57 88 86
5 72 47 91 86 88
5 2 22 20 51 0
3 2 84 0
3 0 78 51
3 52 0 95
5 22 9 78 0 95
3 20 22 9
3 20 51 12
3 20 90 52
5 2 84 12 20 90
3 29 22 2
3 22 60 95
5 51 78 29 22 60
3 90 82 2
5 29 12 51 82 2
3 16 84 9
3 78 9 61
5 52 95 16 9 61
3 51 82 60
3 18 84 12
5 18 84 16 90 52
3 52 18 61
3 78 96 29
5 61 78 96 95 60
3 12 29 93
5 90 82 18 12 93
3 95 96 16
3 90 93 16
5 60 82 96 29 93
3 60 93 61
5 18 96 16 93 61
3 18 96 82
3 0 2 69
5 50 69 0 3 20
3 51 0 55
3 0 85 3
5 22 50 55 0 85
3 22 50 20
3 20 51 80
3 3 20 10
5 10 20 80 69 2
3 22 92 2
3 22 30 85
5 55 92 22 30 51
3 2 10 81
5 51 81 2 92 80
3 91 50 69
3 55 88 50
5 3 88 50 91 85
3 73 80 69
5 69 73 3 10 91
3 30 81 51
3 88 73 3
3 55 92 74
5 74 55 88 30 85
3 85 91 74
3 80 92 33
5 10 81 73 80 33
3 33 91 10
5 30 81 74 92 33
5 73 88 33 91 74
3 33 30 88
3 74 73 81
3 2 41 0
3 0 54 6
3 55 95 0
5 95 0 6 70 38
3 36 70 38
3 36 54 63
3 36 55 92
5 36 63 41 2 92
3 13 38 2
3 59 95 38
5 13 38 59 54 6
5 54 63 13 2 82
3 82 92 2
3 54 59 82
3 41 70 46
3 48 70 6
5 70 48 55 95 46
3 63 41 83
5 83 41 46 92 55
3 55 83 48
3 6 13 96
5 6 96 95 59 48
3 13 94 63
5 82 92 94 63 83
3 95 46 96
5 59 94 13 96 82
3 94 46 92
3 59 48 94
3 82 96 83
5 48 94 46 96 83
3 20 77 50
5 50 38 7 9 20
5 7 64 20 77 2
3 4 20 9
5 24 38 2 4 20
3 20 64 24
3 7 2 38
3 7 9 85
3 7 26 64
5 26 7 85 77 50
3 50 95 38
3 38 43 24
5 4 95 38 43 9
3 77 92 2
3 2 29 4
5 29 64 24 92 2
3 50 26 57
5 57 9 85 95 50
3 77 30 85
5 30 64 26 92 77
3 57 9 43
3 4 95 60
5 60 4 29 43 24
3 29 30 64
3 24 92 60
3 46 95 85
5 26 46 85 30 57
3 26 92 46
5 60 95 46 43 57
3 43 29 46
5 29 30 60 92 46
3 60 57 30
5 69 38 7 84 0
3 0 39 69
3 0 84 6
3 0 95 85
3 38 70 7
3 11 84 7
3 7 91 85
5 7 91 69 39 11
3 66 69 38
3 38 16 95
5 38 16 84 6 66
5 11 84 17 69 66
3 17 69 91
3 17 84 16
3 47 39 70
3 49 70 6
5 47 95 85 49 70
3 11 39 75
5 47 91 85 75 39
3 49 75 85
3 66 97 6
5 6 97 95 16 49
3 95 97 47
3 66 98 11
5 11 75 17 91 98
5 17 97 66 98 16
3 91 47 98
3 49 98 16
3 17 97 75
5 47 97 75 49 98
3 20 50 23
3 20 53 9
3 20 90 10
3 7 38 25
3 7 42 9
3 10 91 7
5 7 91 50 23 42
3 38 50 44
3 90 38 16
5 38 16 9 53 44
5 44 50 86 9 42
3 91 50 86
3 16 86 9
3 23 67 25
3 53 19 25
5 10 90 67 25 19
3 89 23 42
5 23 89 10 91 67
3 44 99 53
5 53 19 16 90 99
3 10 89 19
3 42 98 44
5 89 42 98 91 86
3 90 99 67
5 16 86 99 44 98
3 67 98 91
3 16 98 19
3 89 99 86
5 89 99 67 98 19
3 0 69 77
5 7 41 0 77 22
3 4 0 84
3 40 0 41
5 38 22 4 0 40
3 7 22 38
3 10 84 7
3 41 62 7
5 10 77 69 62 7
3 38 69 90
3 38 13 40
5 4 90 38 13 84
3 92 77 22
3 29 4 22
5 41 29 22 92 40
3 62 14 69
5 84 14 69 90 10
3 77 81 10
5 41 81 77 92 62
3 13 84 14
3 81 41 29
3 82 90 4
5 40 82 4 29 13
3 82 40 92
3 10 90 32
5 10 81 14 62 32
3 32 62 92
5 14 82 90 32 13
3 32 29 13
5 82 92 32 29 81
3 81 14 82
3 69 54 0
3 0 3 56
3 0 95 4
5 95 0 56 79 50
3 20 50 79
3 20 3 87
3 20 90 4
5 87 54 69 90 20
3 72 69 50
3 86 50 95
5 56 3 86 50 72
3 90 69 17
5 3 87 72 69 17
3 59 79 54
3 56 61 79
5 4 95 59 79 61
3 87 18 54
5 59 90 4 18 54
3 17 86 3
3 4 61 18
3 72 97 56
5 61 56 97 95 86
3 87 72 99
5 90 17 18 87 99
3 95 97 59
3 59 99 90
5 86 17 97 72 99
5 59 97 18 61 99
3 86 99 61
3 17 97 18
5 36 70 7 22 50
3 50 23 36
3 36 70 28
3 36 92 62
3 7 64 22
3 42 70 7
3 7 91 62
3 57 50 22
3 92 46 22
5 46 22 57 28 70
5 50 47 70 42 57
3 50 47 91
3 47 70 46
3 33 64 23
3 28 35 64
5 35 64 33 92 62
3 76 23 42
5 62 76 23 33 91
3 62 76 35
3 57 100 28
5 35 28 100 92 46
3 42 101 57
5 42 76 47 91 101
3 33 100 92
5 57 101 46 47 100
3 91 33 101
3 46 35 101
3 76 100 47
5 33 101 35 76 100
3 36 69 50
5 2 69 36 25 7
3 36 70 40
3 24 36 25
5 22 2 40 36 24
3 2 22 7
3 5 7 70
3 25 65 7
5 5 7 65 50 69
3 22 50 95
3 22 24 43
5 43 70 40 95 22
3 2 90 69
3 2 40 13
5 24 90 2 13 25
3 50 44 65
5 70 44 50 95 5
3 5 66 69
5 69 66 25 65 90
3 43 70 44
3 13 66 25
3 59 95 40
5 24 59 40 13 43
3 24 90 59
3 16 95 5
5 16 65 44 66 5
3 16 90 65
5 43 44 59 95 16
3 16 43 13
5 13 16 90 59 66
3 44 66 59
3 0 51 77
3 0 56 39
3 0 40 95
3 36 79 50
3 36 71 39
3 40 92 36
5 36 71 51 77 92
3 88 77 50
3 47 50 95
5 88 50 47 39 56
3 51 79 60
3 48 79 56
5 40 95 60 79 48
3 92 74 77
5 74 77 88 71 39
3 71 51 83
5 40 92 60 51 83
3 47 74 39
3 40 83 48
3 56 102 88
5 48 47 95 102 56
3 95 102 60
3 71 88 100
5 71 100 92 74 83
3 92 60 100
5 47 74 102 88 100
5 60 100 48 83 102
3 48 100 47
3 74 102 83
3 3 77 0
3 0 41 78
3 5 95 0
3 7 22 9
3 27 41 7
3 5 7 91
5 91 7 27 3 77
3 30 77 22
3 95 46 22
5 46 22 30 78 41
3 91 77 74
5 41 27 30 77 74
3 3 86 9
3 78 9 49
5 86 9 49 5 95
3 27 3 75
5 75 3 86 91 5
3 41 46 74
3 5 75 49
3 78 30 102
5 49 78 102 95 46
3 95 86 102
3 30 101 27
5 75 74 91 101 27
3 91 101 86
5 74 102 30 101 46
5 49 101 86 102 75
3 46 101 49
3 75 102 74
3 54 51 0
5 37 54 0 84 8
5 21 51 0 41 8
3 3 84 0
5 3 21 37 39 0
3 41 39 0
3 21 37 8
3 8 84 12
3 41 63 8
5 54 63 8 12 51
3 37 87 54
3 37 39 11
5 37 87 3 84 11
3 21 51 71
3 21 27 3
5 39 71 21 27 41
3 63 54 14
5 54 87 12 84 14
3 12 51 81
5 51 81 41 63 71
3 14 84 11
3 73 3 87
5 3 73 39 11 27
3 81 41 27
3 73 71 39
3 31 87 12
5 63 31 12 81 14
3 63 71 31
5 11 14 73 87 31
3 31 27 11
5 27 31 71 73 81
3 73 81 14
5 20 9 8 37 79
3 20 79 24
3 20 9 65
3 20 87 12
3 8 37 25
3 8 43 9
3 8 58 12
5 43 24 79 58 8
3 37 79 44
3 87 37 15
5 44 65 9 15 37
5 61 79 44 43 9
3 58 79 61
3 9 61 15
3 24 25 68
3 65 19 25
5 87 12 19 25 68
3 93 24 43
5 24 93 12 58 68
3 44 65 99
5 15 87 99 65 19
3 12 19 93
3 68 99 87
3 44 103 43
5 61 93 43 103 58
5 15 103 44 99 61
3 68 103 58
3 19 103 15
3 93 99 61
5 19 103 68 99 93
3 51 79 20
3 3 20 9
5 20 64 8 1 51
5 1 37 23 20 3
3 23 20 64
3 8 1 37
3 8 9 78
3 28 64 8
5 8 28 79 51 78
3 56 79 37
3 42 23 37
5 3 56 37 42 9
3 71 51 1
3 1 27 3
5 71 23 64 27 1
3 28 57 79
5 79 57 9 78 56
3 57 9 42
3 30 51 78
5 30 64 28 71 51
3 88 3 56
5 23 42 27 3 88
3 30 27 64
3 88 71 23
3 56 78 45
5 78 45 28 57 30
3 45 71 28
5 56 45 42 57 88
3 42 27 45
5 71 88 30 27 45
3 88 30 57
3 54 40 0
3 0 5 84
3 0 56 78
3 37 70 8
3 8 13 84
3 58 8 78
5 8 58 54 40 13
3 37 54 66
3 37 15 56
5 37 15 84 5 66
5 66 54 18 84 13
3 58 18 54
3 15 84 18
3 48 70 40
3 5 49 70
5 48 56 78 49 70
3 13 40 96
5 48 40 96 78 58
3 66 97 5
5 49 15 56 97 5
3 78 96 49
3 48 97 56
3 13 66 103
5 58 18 96 13 103
5 18 97 66 103 15
3 48 103 58
3 15 49 103
3 96 97 18
5 97 96 49 103 48
3 77 3 20
3 20 12 64
3 20 90 65
3 7 2 84
3 7 64 27
3 65 7 91
3 81 2 77
3 90 2 32
5 81 12 64 32 2
3 91 33 77
5 81 27 64 33 77
3 17 84 3
3 12 19 84
5 17 84 19 65 90
3 89 3 27
5 17 91 65 89 3
3 32 64 33
3 65 89 19
3 12 104 81
5 32 19 12 104 90
3 90 17 104
3 27 105 81
5 89 33 91 105 27
3 17 105 91
5 81 105 32 33 104
5 17 104 89 19 105
3 19 105 32
3 33 104 89
3 36 39 69
3 36 63 25
3 36 92 26
3 2 41 7
3 11 25 7
3 26 91 7
3 14 2 69
3 92 2 32
5 25 63 14 2 32
3 91 69 67
5 11 25 67 69 14
3 39 74 41
3 63 35 41
5 26 92 74 41 35
3 32 25 67
3 11 39 76
5 39 76 26 91 74
3 26 35 76
3 63 106 14
5 35 32 92 106 63
3 11 14 105
5 76 11 105 91 67
3 74 106 92
3 74 105 91
5 106 67 32 105 14
3 32 35 105
5 106 76 35 105 74
3 76 106 67
3 20 77 51
3 23 87 20
3 24 90 20
3 36 54 69
3 36 23 71
3 36 24 92
3 69 77 73
3 67 69 90
5 67 69 73 87 23
3 92 33 77
5 23 71 73 77 33
3 54 82 51
3 87 68 54
5 54 68 24 90 82
3 34 51 71
5 24 92 82 51 34
3 33 67 23
3 24 68 34
3 87 73 104
5 67 90 104 87 68
3 71 106 73
5 33 92 106 71 34
3 90 82 104
3 92 106 82
5 33 67 106 73 104
5 104 34 68 106 82
3 67 106 68
3 33 34 104
3 54 36 79
5 36 79 21 8 70
5 8 1 54 36 25
3 39 70 36
3 23 25 36
5 21 1 39 36 23
3 8 21 1
3 6 70 8
3 8 25 53
5 8 53 79 54 6
3 21 79 56
3 21 42 23
5 56 39 70 42 21
3 1 87 54
3 11 39 1
5 25 11 1 87 23
3 53 79 44
5 44 70 6 56 79
3 6 54 66
5 25 66 54 87 53
3 42 44 70
3 66 25 11
3 56 39 72
5 23 72 39 11 42
3 87 23 72
3 15 6 56
5 15 53 44 66 6
3 53 87 15
5 42 15 56 72 44
3 15 42 11
5 87 15 11 66 72
3 72 66 44
3 4 51 0
3 0 41 85
3 6 56 0
3 8 9 21
3 8 29 41
3 6 58 8
5 29 4 51 58 8
3 21 30 51
3 21 45 56
5 30 21 45 41 85
3 4 9 61
3 49 9 85
5 61 56 6 49 9
5 29 41 83 51 30
3 51 83 58
3 45 41 83
3 29 4 96
5 61 58 6 96 4
3 30 85 102
5 49 45 56 102 85
3 6 96 49
3 61 102 56
3 30 107 29
5 96 83 58 107 29
5 102 83 45 107 30
3 61 107 58
3 49 107 45
5 96 102 61 107 49
3 96 102 83
3 36 79 24
3 26 70 36
3 63 71 36
3 8 64 21
3 43 70 8
3 63 8 58
3 21 57 79
3 45 21 71
5 70 26 57 21 45
5 48 79 57 43 70
3 58 79 48
3 45 48 70
3 24 34 64
3 26 64 35
5 34 64 35 63 71
3 94 24 43
5 34 24 94 63 58
3 57 26 100
5 45 35 26 100 71
3 63 94 35
3 43 107 57
5 43 107 58 48 94
3 34 100 71
5 48 100 57 107 45
3 58 34 107
3 35 107 45
3 48 100 94
5 100 94 35 107 34
3 36 40 54
3 36 62 25
3 36 71 28
3 1 41 8
3 8 25 13
3 28 8 58
3 1 14 54
3 71 31 1
5 31 1 14 62 25
5 25 13 14 54 68
3 58 68 54
3 41 83 40
3 62 35 41
5 28 71 83 41 35
3 31 68 25
3 13 94 40
5 83 58 28 94 40
3 14 106 62
5 31 71 106 62 35
3 35 94 28
3 71 106 83
3 13 14 108
5 68 58 108 13 94
5 31 108 14 106 68
3 58 108 83
3 35 108 31
5 83 108 35 94 106
3 68 94 106
3 51 4 20
3 10 64 20
3 20 53 87
3 8 84 1
3 8 29 64
3 53 8 58
3 1 81 51
3 87 1 31
5 81 10 64 31 1
3 51 34 58
5 81 51 34 64 29
3 4 84 18
3 10 84 19
5 53 87 18 84 19
3 29 4 93
5 4 93 53 58 18
3 34 64 31
3 53 19 93
3 81 104 10
5 87 31 19 10 104
3 87 18 104
3 29 108 81
5 58 108 29 93 34
3 58 108 18
5 104 34 31 108 81
3 31 19 108
5 104 93 19 108 18
3 93 104 34
5 37 70 7 9 21
3 7 65 9
3 26 70 7
3 7 11 27
3 21 37 23
3 44 70 37
3 11 37 15
3 21 57 9
3 27 21 45
5 57 9 49 70 44
3 15 49 9
3 45 49 70
3 65 89 23
3 23 76 26
5 76 23 89 27 11
3 65 98 44
5 65 98 11 15 89
3 57 101 26
5 27 45 76 26 101
3 11 76 98
3 27 101 89
3 44 109 57
5 44 98 49 15 109
5 101 49 45 109 57
3 89 109 15
3 76 109 45
3 49 101 98
5 89 109 76 98 101
3 7 9 84
5 7 25 37 1 84
3 41 7 70
5 1 41 7 64 21
3 7 25 64
3 37 21 1
3 37 6 70
3 37 53 25
5 9 53 37 6 84
3 21 78 9
3 28 64 21
5 21 78 41 70 28
3 12 84 1
3 1 63 41
5 12 64 25 63 1
3 53 9 43
5 78 6 70 43 9
3 6 84 13
5 53 12 84 13 25
3 28 70 43
3 78 41 29
5 64 28 63 41 29
3 63 25 13
3 12 64 29
3 78 6 58
5 53 43 13 6 58
3 53 12 58
5 78 58 28 43 29
3 28 63 58
5 12 58 63 13 29
3 29 13 43
3 0 3 52
3 0 55 39
3 0 78 6
3 21 37 79
3 37 39 72
3 6 37 15
5 15 37 72 52 3
3 21 3 88
3 78 45 21
5 21 45 39 55 88
3 52 79 61
3 55 48 79
5 48 79 61 78 6
5 88 72 39 75 3
3 15 3 75
3 45 75 39
3 72 52 97
5 61 15 6 97 52
3 88 102 55
5 78 45 48 55 102
3 6 48 97
3 78 61 102
3 72 109 88
5 97 75 15 109 72
5 75 102 88 109 45
3 15 109 61
3 45 109 48
5 61 109 48 97 102
3 97 102 75
3 20 3 52
3 20 23 80
3 20 12 53
3 37 54 1
3 37 23 72
3 37 15 53
3 1 73 3
3 12 1 31
5 73 80 23 31 1
3 52 18 54
3 80 68 54
5 68 54 18 12 53
3 15 3 89
5 23 72 73 3 89
3 23 89 31
3 72 52 99
5 15 18 52 99 53
3 73 80 104
5 12 31 68 80 104
3 53 99 68
3 12 104 18
3 72 73 110
5 72 99 89 15 110
3 18 110 15
5 104 89 31 110 73
3 31 110 68
5 68 110 18 104 99
3 99 104 89
3 7 84 5
3 7 62 25
3 7 42 27
3 39 1 37
3 37 25 66
3 37 15 42
3 1 84 14
3 31 1 27
5 19 84 14 66 25
3 15 84 19
3 25 19 31
3 39 75 5
3 62 76 39
5 42 27 75 39 76
3 66 5 98
5 42 15 75 5 98
3 14 62 105
5 27 105 62 76 31
3 42 76 98
3 27 105 75
3 66 110 14
5 19 98 66 110 15
5 19 105 14 110 31
3 15 75 110
3 31 76 110
5 75 110 76 98 105
3 98 105 19
3 9 84 8
5 22 9 8 70 38
5 25 38 2 84 8
3 41 8 70
5 41 2 22 64 8
3 8 64 25
3 38 2 22
3 5 38 70
3 65 38 25
5 38 5 84 9 65
3 22 9 85
3 26 64 22
5 22 26 70 41 85
3 10 2 84
3 62 41 2
5 64 10 2 62 25
3 42 9 65
5 9 42 70 5 85
3 11 84 5
5 84 11 25 65 10
3 26 70 42
3 27 85 41
5 62 26 64 27 41
3 11 62 25
3 27 64 10
3 91 5 85
5 11 42 65 91 5
3 91 10 65
5 42 27 85 91 26
3 91 26 62
5 62 11 27 10 91
3 11 42 27
3 4 52 0
3 0 55 40
3 5 85 0
3 50 22 38
3 40 59 38
3 5 16 38
5 16 38 59 52 4
3 4 60 22
3 85 22 46
5 60 55 40 46 22
3 50 86 52
3 55 50 47
5 86 50 47 5 85
5 59 40 96 4 60
3 16 96 4
3 46 40 96
3 52 97 59
5 5 16 86 52 97
3 5 97 47
3 55 102 60
5 85 46 47 55 102
3 86 85 102
3 59 111 60
5 16 111 59 97 96
5 60 111 46 96 102
3 16 86 111
5 97 102 86 111 47
3 46 111 47
3 96 102 97
3 8 53 9
3 28 70 8
3 8 29 13
3 24 38 22
3 44 70 38
3 13 38 16
3 22 57 9
3 29 46 22
3 16 9 49
3 46 70 49
3 53 93 24
3 24 94 28
5 93 24 94 13 29
3 44 103 53
5 16 93 53 103 13
3 57 107 28
5 29 46 94 28 107
3 13 94 103
3 57 111 44
5 103 49 16 111 44
3 29 93 107
5 49 107 57 111 46
3 93 111 16
3 94 111 46
3 103 107 49
5 107 103 94 111 93
3 7 85 41
3 7 64 10
3 11 42 7
3 3 21 1
3 21 30 64
3 42 45 21
3 1 41 81
3 11 31 1
3 3 75 85
3 10 3 89
5 75 3 89 42 11
5 81 30 64 35 41
3 45 35 41
3 35 64 31
3 85 101 30
5 45 42 101 85 75
3 81 10 105
5 31 89 10 105 11
3 42 89 101
3 75 105 11
3 81 112 30
5 30 101 35 45 112
5 35 105 81 112 31
3 45 75 112
3 89 112 31
5 101 105 75 112 89
3 35 101 105
3 39 55 36
3 36 80 23
3 36 63 28
3 51 1 21
3 21 23 88
3 28 21 45
3 1 39 73
3 63 1 31
3 55 83 51
3 80 51 34
5 28 63 83 51 34
5 23 88 73 39 76
3 39 76 45
3 23 76 31
3 88 55 100
5 28 45 83 55 100
3 80 106 73
5 34 80 106 63 31
3 28 34 100
3 63 106 83
3 88 112 73
5 76 45 112 88 100
5 76 106 73 112 31
3 45 112 83
3 31 34 112
5 34 112 83 106 100
3 100 106 76
3 8 84 6
3 25 63 8
3 8 43 29
3 40 38 2
3 66 25 38
3 43 38 16
3 14 84 2
3 29 2 32
3 19 84 16
3 32 19 25
3 6 96 40
3 40 94 63
5 96 40 94 43 29
3 66 6 103
5 16 96 6 103 43
3 14 63 108
5 32 29 108 63 94
3 43 103 94
3 96 108 29
3 66 14 113
5 103 19 16 113 66
5 19 108 14 113 32
3 16 113 96
3 94 113 32
3 103 108 19
5 96 113 94 103 108
3 20 4 52
3 24 80 20
3 20 65 10
3 38 2 69
3 24 38 59
3 65 38 16
3 2 82 4
3 10 32 2
5 80 24 32 2 82
3 52 69 17
3 67 69 80
5 17 69 67 65 10
3 16 4 93
5 82 59 24 93 4
3 59 52 99
5 17 52 99 65 16
3 32 24 93
3 67 65 99
3 82 80 104
5 32 67 80 104 10
3 17 104 10
3 59 82 113
5 16 113 59 99 93
3 16 17 113
5 82 113 32 93 104
5 17 113 67 99 104
3 67 113 32
3 93 104 99
5 37 79 50 38 70
3 37 79 53
3 37 70 42
3 37 66 72
3 65 38 50
3 38 43 70
3 38 59 66
3 57 79 50
3 72 47 50
3 59 48 79
3 47 48 70
3 65 99 53
3 42 65 98
5 99 72 66 98 65
3 43 103 53
5 59 99 53 103 66
3 57 42 109
5 98 47 72 109 42
3 57 111 43
5 43 111 59 48 103
3 66 98 103
5 47 111 57 109 48
3 72 109 99
3 59 111 99
3 47 98 111
3 48 103 109
5 109 103 98 111 99
3 54 37 79
5 25 37 54 69 38
3 37 39 70
3 23 25 37
5 37 23 50 69 39
3 50 69 38
3 38 70 40
3 25 38 24
5 38 40 54 79 24
3 50 79 55
3 26 50 23
5 55 39 70 26 50
3 80 54 69
3 69 39 62
5 62 25 23 80 69
3 24 79 28
5 79 28 70 40 55
3 40 54 63
5 54 63 25 24 80
3 28 70 26
3 63 25 62
3 55 39 71
5 39 62 26 23 71
3 71 23 80
3 92 40 55
5 24 28 63 40 92
3 92 24 80
5 28 71 55 92 26
5 62 92 80 71 63
3 92 62 26
3 63 28 71
3 36 40 55
3 36 24 80
3 36 26 62
3 2 22 77
3 24 22 60
3 22 46 26
3 40 2 82
3 62 2 32
3 55 77 74
3 80 33 77
5 33 77 74 62 26
5 24 94 40 82 60
3 40 94 46
3 32 94 24
3 55 100 60
5 55 100 26 46 74
3 82 106 80
5 62 32 33 80 106
3 33 26 100
3 74 62 106
3 60 82 114
5 100 94 46 114 60
5 94 106 82 114 32
3 74 114 46
3 33 114 32
5 74 106 100 33 114
3 94 106 100
3 8 78 41
3 8 64 12
3 13 43 8
3 2 22 4
3 30 64 22
3 46 22 43
3 81 41 2
3 13 2 32
3 46 35 41
3 78 4 96
3 12 4 93
5 93 4 96 13 43
3 35 64 32
3 30 107 78
5 43 46 96 78 107
3 12 108 81
5 32 13 108 12 93
3 43 107 93
3 96 108 13
3 81 114 30
5 30 114 46 35 107
5 32 35 108 81 114
3 46 96 114
3 32 114 93
5 108 107 93 114 96
3 35 107 108
3 37 6 54
3 37 11 25
3 37 44 72
3 5 69 38
3 13 25 38
3 44 59 38
3 14 69 54
3 69 67 72
3 59 68 54
3 67 68 25
3 5 97 6
3 11 5 98
5 44 98 5 97 72
3 13 103 6
5 59 97 6 103 44
3 14 11 110
5 67 98 11 110 72
3 14 13 113
5 68 59 113 13 103
3 98 103 44
3 72 97 110
5 110 68 67 113 14
3 59 97 113
3 67 98 113
3 68 103 110
5 97 113 98 103 110
5 21 79 50 22 9
3 21 51 79
3 3 9 21
5 21 64 22 77 51
5 21 3 77 50 23
3 23 64 21
3 77 22 50
3 9 22 4
5 22 4 51 79 24
3 24 22 64
3 52 79 50
3 65 23 50
5 3 52 50 65 9
5 79 52 4 9 53
3 53 79 24
3 80 51 77
3 10 3 77
5 80 23 64 10 77
3 65 9 53
3 12 51 4
5 80 24 64 12 51
3 87 52 3
5 3 10 65 23 87
3 90 4 52
5 4 90 24 53 12
3 10 64 12
3 87 23 80
5 65 90 52 87 53
3 90 80 24
3 10 65 90
5 87 12 10 90 80
3 87 12 53
3 21 79 28
3 21 42 9
3 21 88 30
3 26 22 50
3 22 9 43
3 30 60 22
3 50 79 44
3 88 50 86
3 60 79 61
3 86 9 61
3 28 100 26
3 42 101 26
5 88 30 101 26 100
3 43 107 28
5 30 107 28 100 60
3 44 109 42
5 86 101 42 109 88
3 43 111 44
5 107 61 60 111 43
5 61 109 44 111 86
3 101 107 30
3 100 109 88
3 100 111 60
3 86 101 111
3 61 109 107
5 100 111 101 107 109
3 39 56 37
3 37 87 23
3 37 66 44
3 50 69 52
3 50 23 88
3 47 50 44
3 73 69 39
3 66 69 67
3 47 76 39
3 67 23 76
3 52 97 56
3 87 99 52
5 44 66 97 52 99
3 88 109 56
5 44 109 56 97 47
3 73 110 87
5 67 99 87 110 66
3 44 99 109
3 97 110 66
3 88 115 73
5 76 47 115 88 109
5 110 76 67 115 73
3 97 115 47
3 67 115 99
3 109 110 76
5 97 115 99 109 110
3 7 85 5
3 10 65 7
3 7 62 26
3 77 50 69
3 86 50 65
3 26 50 47
3 17 69 5
3 62 69 67
3 85 77 74
3 10 33 77
5 65 86 17 5 98
3 5 98 47
3 67 65 98
3 86 85 101
5 26 47 74 85 101
3 26 101 33
3 10 105 17
5 33 67 62 105 10
3 74 62 105
3 86 115 17
5 47 115 86 101 98
5 98 105 17 115 67
3 74 115 47
5 74 115 33 101 105
3 67 33 115
3 101 105 98
3 51 78 21
3 27 64 21
3 57 88 21
3 22 77 85
3 29 64 22
3 60 22 57
3 81 51 77
3 33 77 88
3 51 34 60
3 33 34 64
3 85 102 78
3 27 101 85
5 88 57 101 85 102
3 29 78 107
5 60 102 78 107 57
3 27 112 81
5 88 33 101 27 112
3 81 114 29
5 107 34 60 114 29
3 57 107 101
3 88 102 112
5 34 112 81 114 33
3 60 114 102
3 101 114 33
3 34 112 107
5 107 112 102 114 101
5 1 54 69 2 84
3 1 63 54
3 11 84 1
3 1 73 81
3 69 2 62
3 2 13 84
3 82 2 81
3 66 54 69
3 73 69 17
3 54 18 82
3 18 84 17
3 62 106 63
3 11 105 62
5 81 73 106 62 105
3 13 108 63
5 82 106 63 108 81
3 11 110 66
5 73 17 105 11 110
3 66 13 113
5 13 113 82 18 108
5 17 113 66 110 18
3 81 105 108
3 73 106 110
3 106 113 82
3 17 113 105
3 18 108 110
5 110 108 105 113 106
3 54 1 51
5 1 41 2 77 51
3 1 84 3
5 77 3 1 39 69
3 39 1 41
3 2 69 77
3 2 84 4
3 40 41 2
5 2 40 54 51 4
3 52 54 69
3 39 69 5
5 69 52 3 84 5
3 55 77 51
3 85 77 3
5 77 55 39 41 85
3 6 40 54
5 84 6 54 52 4
3 78 51 4
5 40 55 51 78 41
3 6 84 5
3 56 52 3
5 3 56 39 5 85
3 85 41 78
3 55 39 56
3 52 4 95
5 78 6 40 95 4
3 95 55 40
5 6 56 52 95 5
3 95 85 5
5 85 95 55 56 78
3 78 6 56
3 56 3 21
3 21 23 71
3 21 30 57
3 55 77 50
3 50 23 72
3 57 50 86
3 73 77 3
3 30 77 33
3 86 89 3
3 23 89 33
3 56 102 55
3 71 100 55
5 30 57 100 55 102
3 56 109 72
5 57 86 102 56 109
3 73 112 71
5 33 100 71 112 30
3 57 109 100
3 73 115 72
5 109 89 86 115 72
3 30 112 102
5 73 112 89 33 115
3 102 115 86
3 33 115 100
3 89 112 109
5 102 112 109 100 115
3 6 78 8
3 8 53 12
3 8 28 63
3 54 79 51
3 53 61 79
3 28 48 79
3 18 54 6
3 63 54 68
3 78 83 51
3 34 51 12
5 61 18 6 103 53
3 48 103 6
3 68 53 103
3 61 107 78
5 83 48 28 107 78
3 34 107 28
3 18 12 108
5 34 68 63 108 12
3 63 108 83
3 61 18 116
5 61 116 48 103 107
5 108 103 68 116 18
3 48 83 116
5 108 107 34 116 83
3 68 34 116
3 103 108 107
3 38 40 95
3 24 90 38
3 38 44 66
3 52 79 54
3 60 79 24
3 44 48 79
3 82 40 54
3 68 54 66
3 48 40 94
3 95 97 52
3 90 52 99
3 24 94 68
3 60 95 111
5 48 97 95 111 44
3 82 90 113
5 90 113 66 68 99
3 44 111 99
3 66 97 113
3 60 116 82
5 94 111 60 116 48
5 94 113 82 116 68
3 97 116 48
3 68 116 99
5 97 116 99 111 113
3 111 113 94
3 1 12 51
3 1 41 27
3 1 73 14
3 10 2 77
3 2 29 41
3 14 82 2
3 30 77 51
3 74 77 73
3 83 51 82
3 41 83 74
3 10 104 12
3 27 105 10
5 104 73 14 105 10
3 29 12 108
5 12 108 14 82 104
3 30 112 27
5 73 112 27 105 74
3 30 114 29
5 83 82 114 29 108
5 74 114 30 112 83
3 105 108 14
3 73 104 112
3 82 114 104
3 74 105 114
3 83 108 112
5 105 114 104 112 108
3 1 3 87
3 71 39 1
3 1 81 14
3 80 77 69
3 69 39 72
3 14 69 17
3 88 77 3
3 81 74 77
3 17 75 3
3 74 39 75
3 87 80 104
3 71 80 106
5 14 81 104 80 106
3 72 87 110
5 104 17 14 110 87
3 88 71 112
5 74 106 71 112 81
3 88 72 115
5 17 115 72 110 75
3 14 106 110
5 112 75 74 115 88
3 104 112 81
3 17 104 115
3 106 115 74
3 75 112 110
5 106 115 104 112 110
3 4 95 22
3 22 92 24
3 30 57 22
3 55 79 51
3 59 24 79
3 57 61 79
3 82 51 4
3 30 51 34
3 61 4 93
3 24 93 34
3 95 102 55
3 55 100 92
3 59 95 111
5 57 111 95 102 61
3 82 114 92
5 92 114 30 34 100
3 100 111 57
3 102 114 30
3 82 59 116
5 93 111 59 116 61
5 93 114 82 116 34
3 61 102 116
3 100 116 34
3 111 114 93
5 114 111 100 116 102
3 5 95 38
3 38 65 90
3 38 13 43
3 4 9 84
3 65 9 86
3 43 9 49
3 17 84 5
3 13 84 19
3 96 4 95
3 90 93 4
3 49 5 98
3 19 98 65
3 86 95 111
5 95 111 43 49 96
3 93 43 111
3 17 90 113
5 19 93 90 113 13
3 96 113 13
3 17 117 86
5 49 117 86 111 98
5 17 113 98 19 117
3 49 96 117
3 19 117 93
5 113 111 93 117 96
3 98 111 113
3 37 6 56
3 37 87 53
3 42 11 37
3 3 84 9
3 61 53 9
3 42 49 9
3 6 84 18
3 11 84 19
3 56 75 3
3 87 89 3
3 49 6 103
3 53 103 19
3 61 109 56
5 56 109 42 49 75
3 89 109 42
3 87 110 18
5 19 89 87 110 11
3 11 110 75
3 61 18 117
5 109 103 49 117 61
5 19 117 18 110 103
3 75 117 49
5 89 117 75 110 109
3 19 117 89
3 103 110 109
3 4 90 2
3 2 92 40
3 14 81 2
3 51 80 54
3 59 54 40
3 14 18 54
3 60 4 51
3 83 51 81
3 18 96 4
3 83 96 40
3 90 104 80
3 92 80 106
3 90 113 59
5 14 113 90 104 18
3 60 114 92
5 81 114 92 106 83
3 14 113 106
3 59 116 60
5 96 113 59 116 18
3 104 114 81
5 96 114 60 116 83
3 104 116 18
3 106 116 83
3 113 114 96
5 106 116 104 114 113
3 50 95 52
3 65 91 50
3 50 88 57
3 9 85 3
3 9 65 16
3 61 9 57
3 17 52 3
3 88 3 89
3 52 99 61
3 89 99 65
3 95 102 85
3 85 101 91
3 16 95 111
3 57 101 111
3 17 91 115
5 91 115 88 89 101
3 102 115 88
3 17 16 117
5 61 117 16 111 99
5 17 115 99 89 117
3 61 102 117
3 89 101 117
3 99 111 115
5 102 115 111 101 117
3 56 78 21
3 21 28 71
3 27 42 21
3 39 70 41
3 48 28 70
3 49 70 42
3 78 41 83
3 35 41 27
3 75 56 39
3 71 39 76
3 78 107 49
3 35 28 107
3 48 109 56
3 76 109 42
3 83 71 112
5 76 35 27 112 71
3 75 27 112
3 83 118 48
5 49 118 48 109 107
5 112 107 35 118 83
3 49 75 118
5 112 109 76 118 75
3 35 76 118
3 107 109 112
3 85 95 22
3 26 92 22
3 29 43 22
3 41 70 40
3 47 26 70
3 49 70 43
3 74 41 85
3 29 41 35
3 95 40 96
3 94 40 92
3 85 101 49
3 35 101 26
3 47 95 111
3 94 43 111
3 74 114 92
5 94 35 29 114 92
3 96 29 114
3 47 74 118
5 111 101 49 118 47
5 101 114 74 118 35
3 49 118 96
5 111 114 96 118 94
3 35 118 94
3 111 114 101
3 52 69 90
3 69 91 5
3 73 14 69
3 3 10 84
3 5 84 16
3 18 84 14
3 86 3 52
3 75 3 73
3 18 97 52
3 5 97 75
3 90 104 10
3 91 105 10
3 90 113 16
3 91 115 86
5 105 75 73 115 91
3 105 113 14
3 73 115 104
3 86 117 16
5 97 113 16 117 18
5 75 117 86 115 97
3 104 117 18
3 75 117 105
3 97 113 115
5 105 117 104 115 113
3 50 95 55
3 26 91 50
3 44 72 50
3 5 39 70
3 26 70 46
3 48 44 70
3 74 55 39
3 72 39 76
3 97 5 95
3 91 98 5
3 48 100 55
3 76 26 100
3 46 95 111
3 98 111 44
3 74 91 115
5 91 115 72 76 98
3 72 115 97
3 46 118 74
5 111 100 48 118 46
5 76 118 74 115 100
3 48 118 97
3 98 118 76
5 97 115 111 98 118
3 100 111 115
3 52 79 56
3 58 79 53
3 60 57 79
3 9 78 4
3 15 53 9
3 86 9 57
3 4 52 18
3 4 93 60
3 86 99 52
3 93 99 53
3 102 78 56
3 78 107 58
3 56 109 15
3 57 107 109
3 18 58 116
5 58 116 60 93 107
3 15 117 18
5 86 117 15 109 99
3 60 116 102
3 102 117 86
5 116 99 93 117 18
3 93 117 107
3 109 116 99
5 107 117 102 116 109
3 10 90 2
3 2 92 62
3 2 29 13
3 24 25 64
3 67 25 62
3 19 13 25
3 10 64 33
3 35 64 29
3 90 93 24
3 92 24 94
3 10 105 19
3 35 62 105
3 67 113 90
3 94 113 13
3 33 114 92
3 29 114 93
3 67 119 33
5 67 113 105 19 119
5 105 114 33 119 35
3 19 93 119
3 35 119 94
5 93 114 113 94 119
3 113 114 105
3 1 87 12
3 1 71 63
3 1 27 11
3 25 64 23
3 63 25 68
3 19 25 11
3 34 12 64
3 35 27 64
3 87 23 89
3 71 23 76
3 12 108 19
3 35 63 108
3 68 87 110
3 76 11 110
3 71 112 34
3 27 112 89
3 68 119 34
5 110 108 19 119 68
5 108 112 34 119 35
3 19 89 119
5 76 119 89 112 110
3 35 119 76
3 110 112 108
3 55 77 92
3 77 85 91
3 77 81 73
3 39 62 41
3 46 41 85
3 83 81 41
3 47 39 55
3 73 75 39
3 55 102 83
3 75 102 85
3 62 106 92
3 91 105 62
3 46 92 114
3 91 115 47
3 81 114 105
3 106 115 73
3 46 118 47
5 46 118 83 102 114
5 75 118 47 115 102
3 83 106 118
3 105 118 75
3 102 115 114
5 114 115 106 118 105
3 52 54 87
3 58 54 6
3 82 54 14
3 12 84 4
3 15 84 6
3 17 14 84
3 61 52 4
3 4 96 82
3 52 97 17
3 96 97 6
3 12 87 104
3 58 12 108
3 87 110 15
3 108 110 14
3 61 116 58
5 96 108 58 116 82
3 15 117 61
5 97 110 15 117 17
3 82 104 116
3 104 117 17
5 97 116 61 117 96
3 96 117 108
3 97 116 110
5 104 117 108 110 116
3 69 90 80
3 62 69 91
3 72 66 69
3 25 65 23
3 32 62 25
3 66 25 68
3 33 80 23
3 72 23 76
3 90 65 99
3 65 98 91
3 68 80 106
3 76 62 106
3 90 113 32
3 98 113 66
3 33 91 115
3 72 115 99
3 33 119 32
5 113 106 68 119 32
5 33 119 76 106 115
3 68 119 99
3 76 119 98
5 98 119 99 115 113
3 113 115 106
3 56 79 55
3 58 79 28
3 59 44 79
3 6 70 40
3 45 70 28
3 44 70 47
3 83 40 55
3 59 94 40
3 47 100 55
3 97 56 6
3 58 103 6
3 94 100 28
3 45 109 56
3 103 109 44
3 83 58 116
5 59 116 58 103 94
3 97 59 116
3 45 118 83
5 100 109 45 118 47
3 97 118 47
5 94 118 83 116 100
5 97 118 103 109 116
3 94 118 103
3 100 116 109
3 80 77 92
3 77 10 91
3 77 30 88
3 23 26 64
3 32 10 64
3 34 64 30
3 23 80 67
3 88 89 23
3 80 104 34
3 92 100 26
3 91 101 26
3 10 104 89
3 32 92 114
3 67 115 91
3 30 101 114
3 100 115 88
3 67 32 119
5 32 119 34 104 114
5 104 115 67 119 89
3 34 119 100
3 89 119 101
5 101 119 100 115 114
3 104 114 115
3 55 51 71
3 51 78 58
3 81 51 82
3 40 63 41
3 45 78 41
3 74 81 41
3 40 55 48
3 82 96 40
3 74 102 55
3 96 102 78
3 63 106 71
3 63 108 58
3 71 112 45
3 58 116 48
3 108 112 81
3 48 118 45
5 45 118 74 102 112
3 106 116 82
3 74 106 118
5 48 118 96 102 116
3 96 108 118
3 102 116 112
5 116 112 108 118 106
3 80 87 54
3 58 54 63
3 54 66 59
3 24 53 25
3 31 63 25
3 66 25 67
3 34 80 24
3 59 24 94
3 80 106 67
3 53 87 99
3 53 103 58
3 63 106 94
3 31 87 110
3 66 110 103
3 58 116 34
3 99 116 59
3 34 31 119
5 106 110 31 119 67
3 67 99 119
5 106 116 34 119 94
3 94 119 103
5 110 116 99 119 103
3 110 116 106
3 78 9 85
3 15 9 42
3 16 43 9
3 5 6 70
3 45 70 42
3 43 70 46
3 5 85 75
3 5 98 16
3 46 85 101
3 96 6 78
3 15 6 103
3 45 78 107
3 98 101 42
3 43 103 107
3 15 117 75
5 16 98 103 15 117
3 96 117 16
3 45 118 75
5 101 107 45 118 46
3 96 46 118
5 75 117 101 98 118
5 103 118 96 117 107
3 103 118 98
3 107 117 101
3 80 71 51
3 51 12 58
3 51 30 60
3 24 64 28
3 12 64 31
3 33 30 64
3 68 24 80
3 24 93 60
3 33 80 104
3 100 28 71
3 58 107 28
3 93 104 12
3 71 112 31
3 30 107 112
3 58 116 68
3 60 100 116
3 68 119 31
5 33 104 112 31 119
3 33 119 100
5 68 119 93 104 116
3 107 119 93
5 116 112 107 119 100
3 112 116 104
3 85 27 3
3 15 56 3
3 3 73 17
3 5 11 39
3 45 56 39
3 74 39 73
3 5 85 49
3 17 97 5
3 74 85 102
3 56 102 97
3 27 105 11
3 11 110 15
3 45 112 27
3 49 15 117
3 73 112 110
3 49 118 45
3 105 117 17
3 105 118 74
5 97 118 49 117 102
3 110 118 97
3 102 112 117
5 117 112 110 118 105
3 12 84 10
3 15 11 84
3 13 84 16
3 65 53 25
3 25 11 31
3 25 13 32
3 65 10 89
3 16 98 65
3 93 53 12
3 53 103 15
3 10 105 32
3 31 12 108
3 11 105 98
3 13 108 103
3 89 117 15
3 93 117 16
3 89 31 119
5 31 119 32 105 108
3 93 32 119
5 105 117 89 119 98
5 117 108 103 119 93
3 103 119 98
3 105 108 117
3 10 27 3
3 3 87 15
3 86 3 88
3 65 42 23
3 31 23 87
3 33 23 88
3 10 65 19
3 65 99 86
3 10 104 33
3 101 27 42
3 15 109 42
3 87 99 104
3 27 112 31
3 88 112 109
3 19 15 117
3 101 117 86
3 31 119 19
3 101 119 33
5 104 117 19 119 99
3 109 119 99
3 112 117 104
5 101 119 109 112 117
3 78 29 4
3 16 95 4
3 4 82 18
3 13 40 6
3 40 95 46
3 82 40 83
3 49 78 6
3 18 97 6
3 78 102 83
3 95 97 102
3 29 108 13
3 16 113 13
3 29 114 46
3 16 117 49
3 82 113 114
3 49 118 46
3 108 117 18
3 108 118 83
3 97 113 118
3 102 114 117
5 114 117 108 118 113
3 62 41 63
3 41 27 45
3 46 41 29
3 28 64 26
3 27 64 31
3 29 64 32
3 76 26 62
3 26 101 46
3 62 105 32
3 94 28 63
3 45 28 107
3 31 63 108
3 27 105 101
3 29 108 107
3 76 118 45
3 46 118 94
3 76 31 119
3 94 119 32
5 101 119 76 118 105
5 107 119 94 118 108
3 107 119 101
3 105 108 118
3 11 39 62
3 45 71 39
3 47 39 72
3 26 23 42
3 31 71 23
3 23 72 67
3 35 62 26
3 47 26 100
3 67 106 62
3 98 11 42
3 42 109 45
3 31 11 110
3 71 100 106
3 109 110 72
3 35 45 118
3 35 119 31
3 47 118 98
3 98 119 67
5 100 119 35 118 106
5 109 119 98 118 110
3 100 119 109
3 110 118 106
3 12 4 29
3 16 90 4
3 61 4 60
3 24 43 53
3 32 24 90
3 34 60 24
3 19 53 12
3 53 99 61
3 34 104 12
3 29 107 43
3 16 111 43
3 90 104 99
3 29 114 32
3 60 111 114
3 16 117 19
3 61 117 107
3 32 119 19
3 34 107 119
3 111 119 99
3 114 117 104
5 114 117 107 119 111
3 52 72 56
3 52 59 95
3 18 17 52
3 6 66 5
3 47 5 95
3 5 17 75
3 6 56 48
3 18 96 6
3 56 75 102
3 96 102 95
3 72 110 66
3 59 113 66
3 72 115 47
3 48 116 59
3 17 115 113
3 48 118 47
3 110 116 18
3 110 118 75
3 113 118 96
3 102 115 116
5 113 118 110 116 115
3 13 40 63
3 46 40 92
3 40 59 48
3 28 43 24
3 32 24 92
3 24 59 68
3 28 63 35
3 28 48 100
3 63 68 106
3 13 103 43
3 43 111 46
3 32 113 13
3 92 106 100
3 59 111 113
3 35 46 118
3 32 119 35
3 103 118 48
3 68 119 103
3 111 119 100
5 103 118 113 111 119
3 106 118 113
3 87 52 72
3 59 90 52
3 61 86 52
3 53 65 44
3 67 90 65
3 65 86 89
3 68 87 53
3 53 93 61
3 89 87 104
3 90 104 93
3 44 109 72
3 44 111 59
3 67 115 72
3 68 59 116
3 86 115 111
3 61 109 116
3 67 119 68
3 109 119 89
3 111 119 93
3 115 116 104
5 109 116 115 111 119
3 55 88 56
3 60 95 55
3 55 74 83
3 30 85 78
3 86 95 85
3 75 85 74
3 61 78 56
3 83 96 78
3 56 97 75
3 96 97 95
3 88 112 30
3 60 30 114
3 86 115 88
3 61 116 60
3 86 61 117
3 74 115 114
3 112 116 83
3 75 117 112
3 96 117 114
3 97 115 116
5 112 117 114 115 116
3 5 66 11
3 5 47 91
3 5 49 16
3 42 65 44
3 67 91 65
3 19 16 65
3 76 42 11
3 49 101 42
3 11 105 19
3 44 103 66
3 47 111 44
3 66 67 113
3 91 105 101
3 16 113 111
3 76 47 118
3 67 119 76
3 103 118 49
3 19 103 119
3 111 119 101
3 105 118 113
3 71 88 55
3 60 92 55
3 47 55 48
3 26 57 28
3 33 26 92
3 47 26 76
3 34 71 28
3 48 94 28
3 76 106 71
3 92 94 106
3 88 109 57
3 60 111 57
3 88 33 115
3 34 60 116
3 47 115 111
3 109 116 48
3 33 119 34
3 109 119 76
3 111 119 94
3 106 115 116
3 80 73 87
3 80 82 90
3 33 80 34
3 12 81 10
3 17 90 10
3 33 89 10
3 18 87 12
3 12 93 34
3 89 87 99
3 90 99 93
3 81 112 73
3 82 114 81
3 73 17 115
3 18 116 82
3 17 117 18
3 114 115 33
3 34 112 116
3 89 112 117
3 93 117 114
3 115 116 99
3 30 85 27
3 86 91 85
3 49 85 46
3 42 26 57
3 33 91 26
3 26 35 46
3 42 27 89
3 49 98 42
3 27 35 105
3 30 57 107
3 86 57 111
3 98 105 91
3 33 114 30
3 86 117 89
3 46 111 114
3 89 119 33
3 49 117 107
3 107 119 35
3 98 111 119
3 114 117 105
3 6 66 13
3 6 58 48
3 15 49 6
3 43 53 44
3 53 58 68
3 19 15 53
3 43 13 94
3 49 107 43
3 19 108 13
3 98 66 44
3 44 109 48
3 68 66 110
3 107 108 58
3 15 110 109
3 94 118 48
3 94 119 68
3 49 98 118
3 98 119 19
3 107 109 119
3 110 118 108
3 71 80 73
3 82 92 80
3 67 80 68
3 63 14 62
3 62 92 74
3 67 76 62
3 83 63 71
3 68 63 94
3 71 100 76
3 92 94 100
3 14 110 73
3 14 82 113
3 73 115 74
3 82 116 83
3 74 118 83
3 113 115 67
3 68 110 116
3 76 118 110
3 113 118 94
3 100 116 115
3 27 81 10
3 17 10 91
3 10 19 32
3 14 62 11
3 74 91 62
3 32 35 62
3 11 27 75
3 11 19 98
3 27 101 35
3 91 98 101
3 14 108 81
3 17 113 14
3 81 114 74
3 17 75 117
3 32 113 114
3 75 118 74
3 108 117 19
3 108 118 35
3 98 118 113
3 114 117 101
3 29 78 30
3 58 61 78
3 49 78 45
3 28 57 43
3 28 34 58
3 28 45 35
3 93 43 29
3 43 49 103
3 35 29 108
3 30 101 57
3 61 109 57
3 34 112 30
3 103 108 58
3 45 112 109
3 61 117 93
3 49 101 117
3 93 119 34
3 35 101 119
3 109 119 103
3 112 117 108
3 12 81 29
3 12 18 58
3 12 19 31
3 13 63 14
3 83 63 58
3 31 35 63
3 96 13 29
3 19 103 13
3 29 35 107
3 14 105 81
3 14 110 18
3 103 107 58
3 81 83 112
3 110 112 31
3 18 117 96
3 83 118 96
3 105 117 19
3 105 118 35
3 103 110 118
3 107 117 112
3 72 56 88
3 61 15 56
3 48 45 56
3 44 57 42
3 15 89 42
3 45 76 42
3 44 99 72
3 44 103 48
3 57 88 100
3 57 107 61
3 72 76 110
3 89 88 112
3 15 103 110
3 107 112 45
3 99 116 61
3 48 116 100
3 89 99 119
3 100 119 76
3 107 119 103
3 112 116 110
3 72 73 87
3 15 87 18
3 68 87 31
3 14 66 11
3 11 15 75
3 31 76 11
3 72 97 66
3 66 103 68
3 76 72 109
3 73 106 14
3 14 18 108
3 103 109 15
3 73 112 75
3 108 112 31
3 18 116 97
3 106 116 68
3 75 118 97
3 76 118 106
3 103 118 108
3 109 112 116
3 60 59 95
3 16 95 86
3 47 46 95
3 43 57 44
3 43 16 93
3 43 94 46
3 59 99 44
3 44 98 47
3 60 100 57
3 57 101 86
3 59 113 94
3 60 93 114
3 98 113 16
3 99 86 115
3 46 101 114
3 100 115 47
3 99 119 93
3 94 119 100
3 101 119 98
3 113 115 114
3 71 73 88
3 45 83 71
3 34 71 31
3 30 27 81
3 75 27 45
3 27 89 31
3 88 102 30
3 30 34 107
3 88 109 89
3 73 104 81
3 83 81 108
3 73 110 75
3 45 107 109
3 108 110 31
3 83 116 102
3 34 104 116
3 102 117 75
3 89 104 117
3 107 117 108
3 110 116 109
3 59 82 90
3 17 90 16
3 67 90 32
3 13 14 66
3 16 13 96
3 32 13 94
3 66 97 59
3 66 67 98
3 14 106 82
3 14 105 17
3 94 111 59
3 16 98 111
3 96 114 82
3 97 115 17
3 105 114 32
3 67 115 106
3 97 118 96
3 106 118 94
3 98 105 118
3 111 114 115
3 60 82 92
3 74 92 46
3 33 92 32
3 29 81 30
3 29 96 46
3 29 93 32
3 60 102 30
3 33 101 30
3 81 82 104
3 81 105 74
3 60 93 111
3 82 113 96
3 101 111 46
3 32 113 105
3 74 115 102
3 33 115 104
3 102 117 96
3 104 117 93
3 101 105 117
3 113 115 111
3 17 86 91
3 47 74 91
3 67 33 91
3 73 88 72
3 47 97 72
3 67 99 72
3 88 102 86
3 33 100 88
3 73 104 17
3 74 73 106
3 99 111 86
3 17 113 97
3 47 100 111
3 74 102 114
3 67 106 113
3 33 114 104
3 97 116 102
3 104 116 99
3 100 116 106
3 113 114 111
3 61 18 58
3 58 83 48
3 34 68 58
3 60 82 59
3 59 48 97
3 59 99 68
3 61 102 60
3 60 100 34
3 82 18 104
3 82 83 106
3 61 109 99
3 97 110 18
3 48 109 100
3 83 102 112
3 106 110 68
3 34 104 112
3 102 115 97
3 104 115 99
3 106 115 100
3 109 110 112
3 15 18 61
3 49 75 15
3 15 19 89
3 16 17 86
3 16 49 96
3 16 93 19
3 86 61 102
3 86 101 89
3 17 18 104
3 17 75 105
3 61 107 93
3 96 108 18
3 49 101 107
3 102 112 75
3 105 108 19
3 104 112 89
3 96 114 102
3 93 114 104
3 105 114 101
3 107 112 108
3 45 83 48
3 49 75 45
3 76 35 45
3 46 74 47
3 46 96 49
3 46 94 35
3 47 97 48
3 47 98 76
3 74 83 106
3 74 105 75
3 94 103 48
3 96 108 83
3 98 103 49
3 75 97 110
3 96 113 97
3 105 108 35
3 76 110 106
3 94 106 113
3 105 113 98
3 108 110 103
3 31 34 68
3 31 19 89
3 31 76 35
3 33 67 32
3 19 93 32
3 32 35 94
3 68 99 67
3 67 98 76
3 33 100 34
3 89 101 33
3 94 103 68
3 34 107 93
3 19 103 98
3 89 109 99
3 35 101 107
3 76 100 109
3 93 99 111
3 94 100 111
3 101 111 98
3 103 109 107
4 1 11 5 0
4 5 66 54 0
4 1 11 66 54
4 21 27 10 20
4 20 51 81 10
4 21 27 81 51
4 37 36 26 42
4 79 36 26 57
4 37 79 57 42
4 20 24 28 21
4 24 43 9 20
4 28 43 9 21
4 8 63 62 7
4 7 62 14 84
4 63 14 84 8
4 0 1 71 55
4 0 3 88 55
4 1 3 88 71
4 0 4 12 1
4 4 29 41 0
4 1 41 29 12
4 7 65 53 8
4 7 65 44 70
4 8 53 44 70
4 36 37 87 80
4 39 36 80 73
4 37 39 73 87
4 36 40 6 37
4 36 40 13 25
4 37 6 13 25
4 20 21 56 52
4 20 23 72 52
4 23 72 56 21
4 8 7 85 78
4 64 30 85 7
4 8 78 30 64
4 22 43 53 20
4 50 20 53 44
4 43 22 50 44
4 38 36 63 13
4 63 14 69 36
4 14 13 38 69
4 2 29 78 0
4 0 78 30 77
4 30 77 2 29
4 2 0 39 62
4 84 11 39 0
4 11 84 2 62
4 22 92 80 20
4 20 4 82 80
4 82 92 22 4
4 8 28 26 7
4 7 26 57 9
4 8 28 57 9
4 38 65 23 36
4 23 36 70 42
4 65 42 70 38
4 0 2 90 52
4 0 52 59 40
4 59 90 2 40
4 8 7 10 12
4 10 81 41 7
4 8 12 81 41
4 20 3 85 22
4 3 20 64 27
4 22 85 27 64
4 7 8 6 5
4 5 66 25 7
4 6 66 25 8
4 38 95 55 36
4 24 36 55 60
4 60 95 38 24
4 0 6 13 2
4 6 66 69 0
4 13 2 69 66
4 50 72 87 20
4 77 73 87 20
4 72 73 77 50
4 38 7 42 44
4 7 22 57 42
4 44 38 22 57
4 50 20 64 26
4 20 64 28 79
4 28 26 50 79
4 37 36 62 11
4 36 62 14 54
4 11 37 54 14
4 69 91 85 0
4 0 85 86 52
4 52 69 91 86
4 0 69 80 51
4 51 0 39 71
4 71 39 69 80
4 37 53 24 36
4 36 24 43 70
4 53 43 70 37
4 10 90 38 7
4 7 5 17 10
4 5 17 90 38
4 7 41 40 38
4 25 63 41 7
4 38 40 63 25
4 20 4 95 50
4 16 65 20 4
4 16 95 50 65
4 36 55 56 37
4 36 23 88 55
4 56 88 23 37
4 38 43 28 36
4 50 36 28 57
4 43 57 50 38
4 69 72 56 0
4 0 56 88 77
4 72 69 77 88
4 7 22 30 27
4 7 2 81 27
4 22 2 81 30
4 77 10 84 0
4 51 12 84 0
4 12 10 77 51
4 50 91 62 36
4 36 62 74 55
4 50 91 74 55
4 20 65 42 21
4 79 44 65 20
4 44 79 21 42
4 22 7 25 24
4 9 53 25 7
4 22 9 53 24
4 0 40 92 77
4 46 85 0 40
4 85 77 92 46
4 20 21 71 80
4 20 3 73 80
4 71 73 3 21
4 36 50 52 54
4 54 36 23 87
4 50 23 87 52
4 20 21 78 4
4 20 64 29 4
4 21 64 29 78
4 5 95 22 7
4 5 47 26 7
4 26 22 95 47
4 37 8 13 66
4 8 1 14 13
4 14 66 37 1
4 59 95 0 54
4 60 95 0 51
4 54 51 60 59
4 0 41 62 69
4 41 63 54 0
4 62 69 54 63
4 79 20 12 58
4 12 18 52 20
4 79 52 18 58
4 37 8 64 23
4 64 26 70 8
4 37 23 26 70
4 0 54 87 3
4 3 15 6 0
4 6 15 87 54
4 38 36 80 90
4 82 40 36 80
4 40 82 90 38
4 20 77 55 79
4 24 92 77 20
4 92 55 79 24
4 36 38 5 39
4 36 39 11 25
4 5 38 25 11
4 8 78 56 37
4 8 53 61 78
4 53 61 56 37
4 22 20 12 29
4 20 77 81 12
4 29 81 77 22
4 7 38 66 11
4 7 11 14 2
4 2 38 66 14
4 36 71 88 50
4 36 71 73 69
4 88 73 69 50
4 69 36 70 5
4 54 6 70 36
4 6 5 69 54
4 1 27 85 0
4 51 0 85 30
4 30 51 1 27
4 77 20 65 91
4 67 80 20 65
4 77 80 67 91
4 79 56 3 20
4 56 3 77 55
4 1 63 40 0
4 0 84 13 40
4 1 63 13 84
4 2 92 26 7
4 10 33 26 7
4 2 10 33 92
4 7 9 4 2
4 9 78 41 7
4 2 41 78 4
4 24 90 69 36
4 24 36 62 32
4 32 90 69 62
4 1 87 52 0
4 0 52 72 39
4 72 39 1 87
4 37 8 43 44
4 21 8 43 57
4 44 57 21 37
4 79 36 92 60
4 54 82 92 36
4 79 60 82 54
4 50 36 25 65
4 79 36 25 53
4 53 79 50 65
4 0 51 58 6
4 0 55 48 6
4 55 48 58 51
4 69 0 4 90
4 80 51 4 90
4 22 26 23 20
4 20 23 42 9
4 22 26 42 9
4 21 8 63 71
4 83 63 8 78
4 21 71 83 78
4 8 84 3 21
4 84 8 64 10
4 10 64 21 3
4 36 79 56 39
4 39 45 28 36
4 45 28 79 56
4 20 22 95 52
4 24 59 52 20
4 24 59 95 22
4 20 9 16 90
4 3 20 90 17
4 9 16 17 3
4 0 84 15 56
4 4 61 56 0
4 84 15 61 4
4 5 91 77 0
4 10 91 5 84
4 38 24 64 7
4 7 70 28 64
4 28 70 38 24
4 12 87 37 8
4 6 18 12 8
4 6 18 87 37
4 8 37 39 41
4 25 62 41 8
4 37 39 62 25
4 9 20 51 78
4 51 58 53 20
4 58 53 9 78
4 7 38 95 85
4 65 86 85 7
4 65 86 95 38
4 20 79 59 90
4 20 51 82 90
4 79 59 82 51
4 8 21 30 29
4 1 8 29 81
4 21 30 81 1
4 20 77 85 9
4 85 77 51 78
4 54 36 28 58
4 34 28 36 80
4 80 54 58 34
4 8 1 39 70
4 5 84 8 70
4 39 1 84 5
4 23 71 51 20
4 20 12 31 23
4 12 51 71 31
4 0 55 92 2
4 55 0 4 60
4 2 92 60 4
4 50 36 40 95
4 52 95 40 54
4 2 10 3 0
4 0 41 27 3
4 2 10 27 41
4 8 1 87 53
4 8 63 68 53
4 1 63 68 87
4 84 0 95 16
4 3 86 95 0
4 3 86 16 84
4 37 21 88 72
4 1 73 72 37
4 73 88 21 1
4 77 0 54 80
4 77 3 87 80
4 7 9 15 11
4 7 85 75 11
4 9 85 75 15
4 37 21 64 25
4 37 25 24 79
4 24 79 21 64
4 45 56 0 41
4 56 3 27 45
4 20 50 91 10
4 10 20 52 17
4 50 91 17 52
4 2 90 65 7
4 4 9 65 90
4 50 20 51 55
4 50 23 71 55
4 37 21 78 6
4 37 6 49 42
4 78 49 42 21
4 41 0 95 46
4 47 95 0 39
4 39 47 46 41
4 36 71 45 70
4 40 83 71 36
4 70 40 83 45
4 8 25 23 21
4 8 9 65 25
4 21 9 65 23
4 58 78 0 54
4 58 63 41 78
4 22 92 62 7
4 62 7 85 74
4 85 74 92 22
4 26 91 69 36
4 5 91 26 70
4 22 4 84 7
4 64 12 84 7
4 4 22 64 12
4 21 8 6 56
4 8 28 48 6
4 21 56 48 28
4 86 9 7 91
4 7 91 17 84
4 9 84 17 86
4 7 2 40 70
4 7 70 6 84
4 2 40 6 84
4 3 20 53 15
4 19 53 20 10
4 3 10 19 15
4 52 3 85 95
4 42 27 1 37
4 42 89 87 37
4 89 27 1 87
4 1 37 79 51
4 79 37 39 55
4 1 51 55 39
4 11 31 64 7
4 31 12 84 11
4 0 5 16 4
4 5 16 90 69
4 47 91 7 70
4 7 91 74 41
4 41 74 47 70
4 0 39 45 78
4 5 0 78 49
4 39 45 49 5
4 92 62 39 55
4 21 37 11 27
4 56 75 11 37
4 21 56 75 27
4 21 51 54 37
4 37 54 80 23
4 21 23 80 51
4 7 84 15 42
4 6 70 42 15
4 36 26 46 40
4 26 50 95 46
4 9 61 58 8
4 84 18 58 8
4 9 61 18 84
4 78 4 16 49
4 87 12 4 52
4 29 13 38 22
4 38 95 96 13
4 29 96 95 22
4 22 77 69 38
4 69 38 24 80
4 77 22 24 80
4 9 85 41 8
4 8 43 46 41
4 46 85 9 43
4 15 53 79 56
4 25 36 92 32
4 23 36 92 33
4 23 33 32 25
4 20 64 31 87
4 24 68 87 20
4 24 64 31 68
4 91 26 64 10
4 1 71 28 8
4 8 28 34 12
4 1 71 34 12
4 8 9 3 1
4 1 3 85 41
4 63 58 79 36
4 53 58 63 25
4 65 67 62 7
4 62 2 90 67
4 36 92 46 70
4 39 74 92 36
4 39 74 46 70
4 36 69 52 79
4 52 69 39 56
4 7 42 45 41
4 7 42 76 62
4 45 76 62 41
4 1 84 9 21
4 9 21 51 4
4 51 4 84 1
4 36 25 31 71
4 11 39 71 31
4 0 55 47 5
4 47 91 77 55
4 40 95 85 41
4 28 63 1 21
4 21 27 35 28
4 63 35 27 1
4 9 20 87 15
4 20 4 18 87
4 4 18 15 9
4 22 60 59 38
4 59 38 2 82
4 82 2 22 60
4 95 55 51 4
4 84 8 43 16
4 8 12 93 43
4 84 16 93 12
4 70 38 2 41
4 38 70 39 69
4 69 39 41 2
4 20 64 32 90
4 32 29 4 90
4 52 0 78 61
4 54 58 61 52
4 84 6 56 3
4 80 54 40 92
4 2 38 65 10
4 13 38 65 19
4 10 2 13 19
4 20 90 67 23
4 23 64 32 67
4 25 7 27 31
4 27 89 65 7
4 25 65 89 31
4 1 41 70 37
4 37 70 40 54
4 40 54 1 41
4 15 42 23 87
4 36 26 33 80
4 80 69 91 33
4 24 25 62 92
4 1 37 53 12
4 53 19 11 37
4 12 19 11 1
4 40 0 56 48
4 40 41 45 48
4 29 46 70 8
4 29 8 6 96
4 70 6 96 46
4 22 64 25 38
4 50 23 25 38
4 64 22 50 23
4 16 95 40 13
4 55 83 63 36
4 55 83 58 79
4 39 70 28 71
4 79 24 90 52
4 22 38 5 85
4 38 5 49 43
4 85 49 43 22
4 50 86 16 38
4 16 38 69 17
4 17 69 50 86
4 90 10 3 52
4 37 79 59 66
4 37 56 97 66
4 56 79 59 97
4 72 47 95 52
4 79 51 12 53
4 91 85 9 65
4 40 55 50 38
4 38 40 48 44
4 55 48 44 50
4 67 25 7 91
4 64 33 91 7
4 25 64 33 67
4 31 63 36 23
4 35 63 36 26
4 26 35 31 23
4 80 23 65 90
4 1 21 42 11
4 76 42 21 71
4 11 76 71 1
4 21 79 54 1
4 21 79 52 3
4 3 52 54 1
4 7 70 45 27
4 45 27 64 28
4 20 24 32 10
4 32 92 77 10
4 48 70 8 58
4 41 83 58 8
4 70 41 83 48
4 63 40 46 35
4 6 56 55 40
4 43 13 2 22
4 22 43 94 92
4 2 92 94 13
4 22 50 69 2
4 50 22 4 52
4 52 4 2 69
4 25 8 29 32
4 32 62 41 29
4 71 51 78 45
4 61 79 37 15
4 15 37 54 18
4 18 54 79 61
4 59 68 87 52
4 56 78 4 52
4 72 44 38 69
4 38 44 99 90
4 99 72 69 90
4 69 77 85 5
4 23 67 66 37
4 54 66 67 80
4 58 6 84 12
4 8 58 68 25
4 64 34 58 8
4 25 64 34 68
4 32 19 53 24
4 71 28 24 80
4 2 38 43 29
4 38 43 93 90
4 2 29 93 90
4 38 50 77 2
4 40 55 77 2
4 9 16 13 8
4 16 65 25 13
4 31 63 54 87
4 15 37 70 49
4 37 15 75 39
4 39 75 49 70
4 5 6 48 47
4 11 27 85 5
4 72 66 38 50
4 38 66 97 95
4 95 50 72 97
4 77 50 65 10
4 54 37 44 59
4 59 44 70 40
4 78 45 42 9
4 79 48 45 21
4 21 45 83 51
4 79 48 83 51
4 55 56 61 60
4 40 55 71 63
4 30 88 50 22
4 22 30 102 95
4 50 95 102 88
4 22 2 62 26
4 26 62 69 50
4 57 86 3 21
4 57 79 52 86
4 58 28 70 6
4 24 34 71 36
4 25 31 34 24
4 13 32 64 8
4 8 13 94 28
4 64 28 94 32
4 22 9 84 2
4 77 3 9 22
4 2 84 3 77
4 43 46 92 24
4 20 53 68 80
4 58 68 80 51
4 64 12 87 23
4 26 35 29 22
4 29 2 62 35
4 7 5 75 27
4 70 5 75 45
4 4 95 5 84
4 39 37 44 47
4 11 37 44 98
4 47 98 11 39
4 54 69 50 79
4 77 51 79 50
4 54 69 77 51
4 5 66 67 91
4 49 6 0 85
4 3 15 49 85
4 39 41 78 56
4 72 50 26 76
4 62 76 72 69
4 22 46 47 50
4 22 46 74 77
4 50 47 74 77
4 39 55 95 5
4 51 21 57 60
4 21 71 100 57
4 51 71 100 60
4 33 92 55 88
4 51 78 6 54
4 91 62 41 85
4 22 30 34 24
4 34 80 77 30
4 19 65 20 12
4 65 23 31 19
4 37 25 67 72
4 53 37 72 99
4 25 67 99 53
4 44 65 90 59
4 10 89 42 7
4 15 89 10 84
4 27 64 25 11
4 24 68 66 38
4 80 68 66 69
4 88 86 9 21
4 78 102 88 21
4 9 86 102 78
4 60 95 85 30
4 9 84 11 42
4 92 40 70 26
4 61 4 22 57
4 50 52 61 57
4 6 49 46 40
4 38 59 48 70
4 38 5 97 59
4 5 70 48 97
4 66 72 56 6
4 78 8 13 96
4 16 96 78 9
4 43 70 41 29
4 9 3 87 53
4 55 47 44 79
4 67 69 2 32
4 2 32 33 77
4 67 69 77 33
4 92 26 23 80
4 1 81 82 54
4 81 1 87 104
4 54 82 104 87
4 73 80 90 17
4 54 63 28 79
4 65 91 62 25
4 4 2 14 18
4 14 69 52 18
4 37 15 19 25
4 15 37 23 89
4 23 25 19 89
4 65 67 76 42
4 10 65 53 12
4 69 50 44 66
4 50 91 98 44
4 69 66 98 91
4 70 47 72 37
4 26 47 72 23
4 31 87 3 27
4 45 21 9 49
4 21 45 75 3
4 3 75 49 9
4 85 27 89 86
4 85 5 6 78
4 30 57 50 77
4 50 91 101 57
4 30 101 91 77
4 64 33 88 21
4 10 33 88 3
4 15 11 39 56
4 38 16 49 70
4 38 16 96 40
4 70 40 96 49
4 6 13 94 48
4 54 66 44 79
4 79 44 103 58
4 58 103 66 54
4 25 68 59 38
4 63 40 59 68
4 95 46 29 4
4 31 1 54 68
4 1 31 34 51
4 51 34 68 54
4 71 80 82 83
4 80 24 53 87
4 77 2 14 73
4 92 2 14 106
4 92 77 73 106
4 1 39 74 81
4 51 81 74 55
4 28 64 12 58
4 35 64 21 45
4 76 23 21 45
4 64 35 76 23
4 26 33 34 28
4 62 26 42 11
4 77 22 57 88
4 92 22 57 100
4 88 100 92 77
4 30 60 79 21
4 60 30 64 24
4 63 31 27 41
4 38 16 19 25
4 38 16 93 24
4 25 19 93 24
4 53 68 67 65
4 43 29 12 53
4 37 44 99 87
4 54 59 99 87
4 23 72 66 25
4 10 32 13 84
4 84 19 31 1
4 3 89 31 1
4 84 19 89 3
4 12 18 17 10
4 10 65 42 27
4 73 81 2 69
4 2 90 104 81
4 90 69 73 104
4 14 82 51 1
4 82 4 84 14
4 11 25 53 15
4 9 49 46 22
4 22 46 96 4
4 9 4 96 49
4 78 85 86 61
4 78 6 13 29
4 30 102 56 21
4 56 79 60 102
4 3 88 57 9
4 16 43 70 5
4 11 76 26 7
4 31 76 26 64
4 23 21 30 33
4 21 30 101 42
4 23 33 101 42
4 57 26 91 86
4 35 62 36 28
4 62 39 45 35
4 25 63 71 23
4 50 65 89 88
4 77 88 89 10
4 8 29 93 53
4 25 53 93 32
4 43 38 66 103
4 43 24 68 103
4 53 44 48 58
4 4 16 19 12
4 10 64 24 90
4 59 94 28 79
4 59 54 63 94
4 1 14 17 3
4 14 105 27 1
4 3 17 105 27
4 10 81 74 91
4 5 75 73 69
4 73 77 85 75
4 29 107 57 22
4 4 29 107 61
4 78 30 34 58
4 53 79 60 93
4 60 51 12 93
4 6 37 72 97
4 70 47 97 6
4 49 103 66 5
4 6 15 19 13
4 56 48 59 52
4 16 9 42 98
4 11 84 16 98
4 1 41 74 73
4 63 1 73 106
4 74 106 63 41
4 14 82 92 62
4 70 41 27 42
4 81 2 40 83
4 77 55 83 81
4 28 24 32 35
4 22 60 34 64
4 26 100 60 22
4 26 100 34 64
4 88 57 28 71
4 8 63 94 43
4 46 94 63 41
4 25 13 29 64
4 30 51 80 33
4 2 82 18 84
4 82 2 10 104
4 10 84 18 104
4 73 81 12 87
4 9 84 13 43
4 17 52 54 14
4 50 86 61 79
4 86 50 55 102
4 55 102 61 79
4 88 30 78 56
4 9 57 60 4
4 41 35 31 1
4 76 39 1 31
4 76 39 41 35
4 62 74 75 11
4 62 26 28 63
4 69 77 81 14
4 69 14 105 91
4 77 81 105 91
4 73 17 84 1
4 17 73 39 5
4 45 42 23 71
4 22 46 35 64
4 94 24 22 46
4 64 24 94 35
4 28 34 93 43
4 79 51 30 57
4 79 58 107 57
4 30 51 58 107
4 60 61 9 22
4 53 24 60 61
4 13 32 92 40
4 38 65 99 59
4 25 65 99 68
4 53 19 98 44
4 15 103 43 9
4 84 13 103 15
4 49 16 65 42
4 90 67 72 52
4 2 32 19 84
4 4 93 32 2
4 4 93 19 84
4 12 29 96 18
4 51 54 14 81
4 54 58 108 14
4 58 51 81 108
4 83 41 2 82
4 4 78 83 82
4 16 90 24 43
4 79 48 47 50
4 52 97 47 50
4 79 52 97 48
4 56 72 99 61
4 9 15 109 57
4 3 15 109 88
4 23 89 86 50
4 87 89 86 52
4 59 95 5 66
4 85 102 60 22
4 85 9 61 102
4 78 49 101 30
4 45 107 43 70
4 45 107 29 41
4 35 46 85 27
4 88 55 95 86
4 41 35 32 2
4 94 40 2 32
4 41 40 94 35
4 62 74 83 63
4 28 63 13 43
4 1 14 106 71
4 71 51 82 106
4 73 39 41 81
4 46 29 64 26
4 50 47 76 23
4 65 98 47 50
4 65 98 76 23
4 33 89 42 26
4 66 44 42 11
4 21 27 101 57
4 27 3 86 101
4 88 23 64 30
4 67 72 39 62
4 69 67 68 54
4 69 67 99 52
4 52 99 68 54
4 82 18 87 80
4 53 87 72 44
4 12 1 73 104
4 84 17 104 12
4 24 25 66 59
4 39 72 44 70
4 13 2 81 108
4 13 40 83 108
4 14 63 58 18
4 54 82 96 6
4 78 51 82 96
4 42 98 66 37
4 23 67 98 42
4 44 50 88 109
4 44 65 89 109
4 57 42 15 61
4 5 47 76 11
4 86 99 53 9
4 86 99 87 3
4 28 100 88 21
4 33 100 28 64
4 35 107 57 26
4 43 49 45 28
4 71 55 60 34
4 42 70 46 101
4 46 41 27 101
4 69 72 110 14
4 52 18 110 72
4 73 87 15 75
4 84 6 97 17
4 3 56 97 17
4 48 109 88 55
4 72 56 45 76
4 70 28 100 47
4 47 39 71 100
4 79 59 111 57
4 52 86 111 59
4 93 16 95 60
4 61 99 65 9
4 61 99 90 4
4 81 10 19 108
4 29 35 31 12
4 25 32 105 11
4 27 64 32 105
4 69 17 75 39
4 69 62 105 17
4 62 39 75 105
4 14 81 27 11
4 74 85 3 73
4 53 68 94 43
4 79 61 93 24
4 61 79 28 107
4 28 24 93 107
4 43 29 30 57
4 38 13 103 44
4 40 13 103 48
4 12 4 60 34
4 77 74 83 51
4 77 80 106 74
4 80 106 83 51
4 73 14 63 71
4 82 40 41 81
4 69 17 18 54
4 80 104 17 69
4 54 18 104 80
4 81 10 90 82
4 84 14 73 3
4 39 76 67 69
4 98 5 69 67
4 39 5 98 76
4 66 97 75 11
4 15 110 14 84
4 15 110 73 3
4 5 6 18 17
4 44 47 91 65
4 86 50 26 101
4 23 89 101 26
4 42 57 100 76
4 45 109 44 70
4 45 109 72 39
4 26 47 48 28
4 33 91 85 30
4 79 48 94 24
4 53 103 48 79
4 24 94 103 53
4 43 44 99 93
4 9 16 111 57
4 16 111 60 4
4 53 65 86 61
4 66 68 58 6
4 82 2 62 106
4 62 106 83 41
4 14 63 35 105
4 25 13 108 31
4 31 108 29 64
4 11 19 32 62
4 80 73 74 92
4 34 51 77 33
4 55 100 33 77
4 34 51 55 100
4 71 88 102 83
4 41 81 112 45
4 39 45 112 73
4 77 74 75 3
4 55 74 75 56
4 60 57 26 92
4 17 97 59 90
4 16 113 14 84
4 16 4 82 113
4 18 96 40 54
4 52 95 96 18
4 73 87 68 106
4 31 25 66 110
4 31 110 72 23
4 76 67 80 71
4 47 100 60 95
4 46 111 44 70
4 40 46 111 59
4 55 92 94 48
4 33 77 3 89
4 77 33 101 85
4 89 3 85 101
4 17 75 27 10
4 27 42 57 30
4 11 105 81 1
4 11 39 74 105
4 23 88 86 65
4 40 94 68 54
4 6 103 68 54
4 6 103 94 40
4 63 13 96 83
4 43 13 66 44
4 14 108 29 2
4 18 108 29 4
4 28 24 59 48
4 49 9 65 98
4 9 53 103 49
4 65 53 103 98
4 44 99 89 42
4 57 50 72 109
4 61 109 72 52
4 11 19 16 5
4 30 112 73 77
4 85 30 112 75
4 81 83 45 27
4 74 41 78 102
4 39 56 102 74
4 82 113 66 54
4 6 66 113 96
4 14 17 16 13
4 18 84 5 97
4 4 18 97 95
4 62 14 110 76
4 11 31 68 66
4 25 63 106 67
4 23 67 106 71
4 22 30 107 43
4 34 107 43 24
4 28 94 111 57
4 43 44 47 46
4 78 29 93 61
4 70 48 100 26
4 40 48 100 92
4 65 19 103 44
4 9 43 111 86
4 43 111 99 53
4 57 60 59 44
4 66 6 49 98
4 90 52 61 93
4 34 112 73 80
4 88 89 31 71
4 33 104 12 64
4 23 87 104 33
4 60 114 81 51
4 60 55 74 114
4 96 46 92 82
4 41 85 102 83
4 95 40 83 102
4 80 82 113 67
4 59 90 32 94
4 68 25 62 106
4 24 68 106 92
4 85 46 111 86
4 95 16 98 47
4 70 49 101 26
4 5 91 101 49
4 83 51 4 96
4 12 108 83 51
4 4 96 108 12
4 13 29 81 14
4 40 6 18 82
4 84 11 110 18
4 5 97 110 11
4 72 66 14 73
4 56 75 17 52
4 28 35 101 57
4 48 109 42 70
4 26 42 109 100
4 57 88 72 44
4 85 30 107 49
4 71 55 47 76
4 10 105 74 77
4 3 10 105 75
4 14 62 91 17
4 27 89 104 81
4 31 112 30 64
4 31 23 88 112
4 12 10 33 34
4 34 51 4 93
4 34 51 78 107
4 78 107 93 4
4 29 30 102 96
4 46 41 81 114
4 46 114 82 40
4 78 85 74 83
4 57 28 58 61
4 98 5 84 19
4 84 19 103 6
4 6 103 98 5
4 13 66 97 96
4 59 113 14 54
4 52 17 113 59
4 43 49 15 53
4 63 108 18 54
4 63 108 96 40
4 13 94 106 14
4 66 25 32 113
4 24 32 113 59
4 62 67 68 63
4 58 83 81 12
4 61 9 42 109
4 65 42 109 99
4 57 44 98 101
4 47 111 43 70
4 5 47 111 16
4 26 42 49 46
4 88 56 15 89
4 70 49 107 28
4 28 107 101 26
4 43 94 100 57
4 60 111 44 79
4 60 111 47 55
4 78 29 35 45
4 33 92 82 104
4 64 32 114 30
4 24 60 114 32
4 34 93 90 80
4 86 102 74 91
4 47 115 73 39
4 5 47 115 17
4 97 52 3 75
4 85 75 97 95
4 90 32 105 17
4 25 13 113 67
4 65 67 113 16
4 19 98 91 10
4 61 107 45 56
4 15 6 48 109
4 58 78 49 103
4 89 3 52 99
4 3 56 109 89
4 56 109 99 52
4 72 97 18 87
4 73 69 66 110
4 5 75 110 66
4 35 41 85 101
4 41 78 107 35
4 78 85 101 107
4 30 27 75 102
4 81 112 88 77
4 55 88 112 83
4 19 25 62 105
4 25 19 108 63
4 63 108 105 62
4 14 11 76 106
4 68 110 73 80
4 10 32 35 27
4 12 81 114 93
4 29 32 33 30
4 64 34 104 10
4 24 90 104 34
4 3 17 115 88
4 56 97 115 88
4 73 72 47 74
4 75 39 55 102
4 5 95 102 75
4 74 41 29 114
4 78 102 114 29
4 30 60 82 81
4 55 83 96 95
4 14 113 98 11
4 13 32 67 66
4 65 19 105 91
4 76 109 57 26
4 44 111 101 42
4 57 86 16 43
4 56 48 100 88
4 91 85 49 98
4 53 93 111 44
4 57 43 103 109
4 44 48 45 42
4 86 99 59 95
4 49 107 58 6
4 62 14 108 35
4 13 113 106 63
4 14 66 59 82
4 19 105 81 12
4 80 68 94 92
4 10 33 115 17
4 91 86 99 67
4 89 104 80 23
4 65 90 104 89
4 4 82 116 61
4 78 61 116 83
4 48 97 18 58
4 96 102 55 40
4 96 102 56 6
4 62 74 114 32
4 92 46 101 33
4 35 105 10 64
4 35 105 91 26
4 31 12 18 110
4 87 15 103 68
4 58 53 19 108
4 39 75 112 71
4 71 112 102 55
4 81 73 88 30
4 96 4 52 97
4 96 4 90 113
4 90 113 97 52
4 64 27 112 34
4 10 104 112 27
4 80 33 89 87
4 75 3 87 110
4 52 87 110 97
4 11 14 18 15
4 72 73 104 99
4 67 115 88 23
4 67 65 86 115
4 76 100 55 39
4 56 109 76 39
4 55 100 109 56
4 88 102 97 72
4 86 115 73 3
4 85 74 115 86
4 93 4 52 99
4 4 93 111 95
4 99 52 95 111
4 60 102 97 59
4 40 48 116 82
4 6 48 116 18
4 64 35 108 12
4 12 10 105 108
4 29 81 104 93
4 82 51 30 114
4 80 82 114 33
4 63 13 19 31
4 83 41 27 112
4 27 112 102 85
4 30 101 105 81
4 64 29 114 33
4 26 33 114 46
4 71 45 75 73
4 17 84 13 113
4 13 6 97 113
4 14 66 103 108
4 68 110 11 25
4 68 110 15 53
4 90 82 96 16
4 11 110 106 62
4 66 98 105 14
4 32 10 17 113
4 76 31 87 72
4 28 43 111 100
4 57 44 103 107
4 78 45 109 61
4 94 46 95 59
4 67 106 74 91
4 33 115 72 23
4 33 115 47 26
4 92 62 76 100
4 58 34 104 18
4 60 116 68 24
4 61 116 68 53
4 99 93 12 87
4 75 15 61 102
4 5 17 117 49
4 6 18 117 49
4 78 56 97 96
4 83 108 31 71
4 28 34 112 45
4 63 58 107 35
4 23 80 106 76
4 23 87 110 76
4 87 80 106 110
4 71 73 104 34
4 81 10 89 112
4 100 55 40 94
4 95 111 94 40
4 55 95 111 100
4 92 74 102 60
4 30 78 96 114
4 73 71 100 115
4 72 88 33 67
4 92 26 76 106
4 82 90 99 116
4 60 59 68 34
4 93 24 80 104
4 93 104 87 53
4 72 115 104 87
4 88 73 17 86
4 10 89 99 90
4 40 59 116 83
4 59 116 102 95
4 60 82 18 61
4 52 86 117 18
4 95 86 117 96
4 16 17 75 49
4 97 102 85 5
4 97 102 78 6
4 27 30 114 105
4 81 74 46 29
4 62 35 101 91
4 81 112 107 29
4 27 31 34 30
4 28 35 108 58
4 63 14 113 94
4 13 66 110 108
4 90 67 106 82
4 12 19 103 58
4 42 98 111 57
4 43 107 109 44
4 86 101 46 95
4 48 103 15 56
4 63 68 116 83
4 48 100 34 58
4 94 106 80 24
4 28 71 106 94
4 87 89 117 18
4 15 19 93 61
4 104 99 65 10
4 99 104 12 53
4 55 48 118 74
4 48 56 75 118
4 49 96 83 45
4 31 112 75 11
4 89 109 45 27
4 15 42 76 110
4 92 114 93 24
4 104 80 92 114
4 5 97 115 91
4 85 102 115 91
4 92 114 96 40
4 102 55 92 114
4 23 89 112 71
4 80 71 112 104
4 73 106 100 88
4 74 39 72 115
4 62 74 115 67
4 60 100 106 82
4 24 34 116 59
4 28 48 116 34
4 17 16 93 104
4 65 86 117 19
4 19 53 61 117
4 24 94 113 90
4 80 90 113 106
4 82 104 99 59
4 18 116 60 4
4 18 116 34 12
4 5 98 101 85
4 5 98 111 95
4 85 101 111 95
4 16 96 102 86
4 61 117 17 52
4 61 56 75 117
4 47 46 96 97
4 85 49 118 74
4 78 83 118 49
4 12 104 114 29
4 81 30 107 108
4 31 63 83 112
4 60 93 32 92
4 72 115 102 56
4 88 73 110 109
4 45 42 89 112
4 91 47 97 17
4 66 113 105 11
4 14 110 103 13
4 87 18 108 31
4 67 98 16 90
4 19 105 75 15
4 65 16 117 89
4 49 117 89 42
4 27 11 98 101
4 76 45 83 106
4 35 26 47 118
4 28 35 118 48
4 100 94 63 71
4 89 31 68 99
4 10 33 119 19
4 19 119 34 12
4 29 96 113 32
4 43 46 114 93
4 13 94 111 16
4 65 10 105 98
4 98 65 90 113
4 10 90 113 105
4 91 33 104 17
4 73 87 99 115
4 103 6 78 107
4 6 103 109 56
4 107 78 56 109
4 83 58 61 102
4 95 97 116 60
4 60 92 106 116
4 59 82 83 48
4 17 91 101 117
4 19 89 86 16
4 42 98 105 27
4 74 92 94 118
4 46 47 76 35
4 106 100 26 62
4 28 63 106 100
4 90 16 117 104
4 18 61 86 17
4 75 85 46 118
4 95 46 118 97
4 47 74 83 48
4 96 6 15 117
4 102 56 15 117
4 80 34 119 67
4 67 90 93 119
4 32 19 89 33
4 72 110 112 88
4 11 76 109 15
4 82 114 111 59
4 43 94 113 16
4 27 81 114 101
4 30 29 108 112
4 92 74 105 32
4 71 34 107 45
4 27 35 118 75
4 45 76 98 49
4 101 105 62 26
4 101 105 11 42
4 19 117 96 13
4 16 93 107 49
4 53 103 108 12
4 29 108 103 43
4 71 76 119 34
4 31 68 94 35
4 66 67 115 97
4 47 72 99 111
4 44 98 113 59
4 26 100 115 91
4 106 62 91 115
4 99 53 58 116
4 12 58 116 104
4 91 115 99 65
4 91 115 104 10
4 6 58 116 97
4 58 116 102 78
4 86 17 105 101
4 75 5 16 117
4 11 19 117 75
4 47 74 105 98
4 46 118 76 26
4 49 118 76 42
4 18 108 107 61
4 53 93 117 15
4 43 93 117 49
4 32 94 100 33
4 67 62 35 119
4 63 35 119 68
4 92 114 101 26
4 92 114 105 62
4 46 94 106 74
4 47 118 83 55
4 71 83 118 76
4 87 110 103 53
4 87 110 108 12
4 15 89 104 18
4 90 93 117 17
4 67 99 93 32
4 33 80 68 119
4 89 119 68 87
4 75 45 48 97
4 95 47 118 96
4 71 106 115 88
4 73 112 109 72
4 27 75 110 31
4 91 47 100 33
4 59 116 104 90
4 60 111 113 82
4 32 114 96 13
4 58 68 99 61
4 95 102 117 16
4 86 111 113 17
4 44 47 115 99
4 15 18 96 49
4 35 101 89 31
4 62 76 119 32
4 11 76 119 19
4 46 96 108 35
4 45 118 94 28
4 49 118 94 43
4 13 103 107 29
4 68 110 97 59
4 48 44 99 116
4 72 109 103 66
4 33 88 102 114
4 57 86 115 100
4 30 101 111 60
4 28 107 108 63
4 71 112 107 28
4 71 63 108 112
4 83 106 68 58
4 92 82 116 100
4 91 105 118 47
4 49 75 74 46
4 58 108 117 61
4 91 98 119 33
4 35 76 67 32
4 58 83 118 103
4 45 48 94 35
4 13 43 107 108
4 15 18 116 109
4 72 44 103 110
4 32 119 100 92
4 33 67 68 34
4 45 118 106 71
4 93 12 31 119
4 87 31 119 99
4 96 78 45 118
4 97 56 45 118
4 60 59 113 114
4 29 46 111 93
4 16 113 115 86
4 66 98 111 59
4 74 46 111 115
4 57 101 114 60
4 35 119 93 29
4 19 32 94 103
4 76 118 97 72
4 47 48 103 98
4 42 109 110 11
4 44 66 110 109
4 34 116 102 30
4 60 61 109 100
4 57 88 112 107
4 81 104 115 74
4 17 113 106 73
4 14 82 114 105
4 28 100 116 58
4 63 58 116 106
4 15 117 101 42
4 15 117 105 11
4 87 15 117 104
4 33 67 98 101
4 32 119 89 10
4 27 35 119 89
4 83 48 103 108
4 29 96 118 35
4 18 110 109 61
4 66 97 116 68
4 34 68 103 107
4 31 119 94 63
4 19 119 94 13
4 49 103 110 75
4 45 118 98 42
4 44 48 118 98
4 48 109 112 83
4 57 100 116 61
4 34 100 76 31
4 33 92 94 119
4 42 27 112 109
4 27 112 110 11
4 75 105 35 45
4 74 91 98 118
4 31 19 93 34
4 90 99 119 32
4 91 105 117 86
4 17 16 111 115
4 67 72 97 113
4 15 49 101 89
4 46 92 106 118
4 74 47 111 114
4 30 102 115 33
4 33 114 113 67
4 14 106 115 17
4 67 99 109 76
4 31 119 98 11
4 68 66 98 119
4 86 102 112 89
4 61 117 101 57
4 30 107 109 88
4 94 113 97 48
4 46 43 103 118
4 44 103 118 47
4 83 112 104 82
4 14 18 116 106
4 81 108 110 73
4 43 13 113 111
4 29 114 111 43
4 13 29 114 113
4 19 108 96 16
4 58 18 117 107
4 68 58 107 119
4 15 110 118 49
4 48 116 112 45
4 15 89 119 103
4 31 19 98 76
4 75 45 107 117
4 30 112 109 57
4 96 16 98 118
4 46 49 103 94
4 44 111 113 66
4 31 110 116 34
4 14 108 112 73
4 27 101 119 31
4 29 46 118 108
4 71 31 119 100
4 46 47 115 114
4 86 111 100 88
4 61 15 110 116
4 59 99 109 48
4 67 115 114 32
4 81 105 113 82
4 88 89 119 100
4 33 34 107 101
4 94 59 99 119
4 67 98 103 68
4 73 104 117 75
4 18 17 105 108
4 14 110 112 81
4 60 93 117 102
4 61 86 101 107
4 57 30 114 111
4 27 105 118 45
4 43 16 117 107
4 16 13 108 117
4 59 116 109 44
4 59 116 110 66
4 19 103 109 89
4 76 119 99 72
4 75 49 107 112
4 89 88 102 117
4 98 113 96 49
4 94 59 97 118
4 68 110 112 34
4 81 104 116 83
4 76 109 107 35
4 30 34 119 101
4 19 93 111 98
4 13 103 119 32
4 66 67 119 103
4 89 19 108 112
4 14 18 117 105
4 96 49 101 114
4 57 86 117 107
4 91 101 119 67
4 32 35 107 93
4 58 34 119 103
4 44 111 115 72
4 72 115 113 66
4 47 76 110 97
4 15 75 118 103
4 32 33 115 113
4 74 73 104 114
4 58 48 118 108
4 45 83 116 109
4 34 112 102 60
4 75 110 106 74
4 83 118 105 81
4 93 34 100 111
4 32 119 107 29
4 33 119 107 30
4 96 18 104 114
4 17 117 108 14
4 99 115 102 61
4 60 57 109 116
4 57 88 115 111
4 88 30 114 115
4 45 35 119 109
4 16 19 119 111
4 31 112 117 19
4 46 114 117 49
4 48 59 113 118
4 31 76 118 108
4 46 101 119 94
4 93 117 105 32
4 81 14 113 114
4 97 47 100 116
4 72 67 119 109
4 88 112 117 86
4 31 68 116 112
4 18 110 106 82
4 45 112 117 49
4 96 82 106 118
4 83 74 105 108
4 99 119 101 86
4 89 109 100 33
4 97 17 104 116
4 14 73 115 113
4 72 110 118 47
4 60 116 112 30
4 14 110 116 82
4 81 112 116 82
4 76 110 108 35
4 75 118 106 73
4 94 35 101 111
4 60 100 119 93
4 94 111 99 68
4 93 16 98 119
4 19 105 114 93
4 82 96 117 104
4 100 115 97 48
4 86 102 116 99
4 61 102 114 93
4 96 117 101 46
4 35 94 113 105
4 81 108 118 74
4 76 98 111 100
4 33 88 109 119
4 99 115 106 68
4 15 19 119 109
4 76 119 107 45
4 81 73 115 114
4 17 104 112 75
4 89 117 108 31
4 49 118 113 16
4 97 75 105 113
4 74 118 110 73
4 99 109 107 93
4 68 119 111 59
4 60 111 119 34
4 83 106 115 102
4 32 113 118 35
4 47 76 119 111
4 68 116 115 67
4 86 61 116 115
4 47 115 116 48
4 18 82 114 117
4 67 98 118 106
4 48 103 119 100
4 33 100 116 104
4 35 118 110 31
4 32 19 117 114
4 102 74 105 117
4 18 97 118 108
4 83 96 113 106
4 61 109 119 93
4 99 111 101 89
4 17 117 112 73
4 61 117 114 60
4 106 113 98 76
4 97 17 105 118
4 47 100 119 98
4 103 94 100 109
4 61 99 119 107
4 32 105 118 94
4 34 100 115 104
4 74 102 116 106
4 67 106 116 99
4 97 115 104 18
4 104 114 101 89
4 103 94 106 110
4 82 83 118 113
4 98 103 107 101
4 86 89 119 111
4 35 46 111 119
4 102 112 108 96
4 97 110 108 96
4 75 118 113 17
4 33 114 117 89
4 68 110 118 94
4 49 107 119 98
4 83 74 115 116
4 34 116 115 33
4 18 17 115 116
4 34 107 117 104
4 103 118 105 19
4 67 113 118 76
4 102 116 110 75
4 83 96 117 112
4 75 102 114 105
4 33 104 117 101
4 107 93 104 112
4 102 117 108 83
4 98 103 108 105
4 96 18 110 118
4 103 118 106 68
4 101 119 103 49
4 94 119 109 48
4 104 112 109 99
4 105 108 107 101
4 75 117 114 74
4 102 97 110 112
4 102 97 113 114
4 99 116 112 89
4 35 108 117 101
4 93 117 112 34
4 106 116 109 76
4 93 104 115 111
4 19 108 118 98
4 96 114 115 97
4 89 109 116 104
4 100 106 110 109
4 75 112 116 97
4 99 111 114 104
4 102 96 113 115
4 35 105 117 107
4 100 106 113 111
4 100 115 113 94
4 93 99 115 114
4 76 100 116 110
4 98 111 114 105
4 106 94 111 115
4 105 113 111 101
4 107 108 110 109
4 98 113 114 101
4 103 107 112 110
4 103 108 112 109

# Cells
32 0 1 2 3 4 5 6 7 8 9 10 11 12 13 14 15 16 17 18 19 20 21 22 23 24 25 26 27 28 29 30 31
32 32 33 34 35 36 37 38 39 40 41 42 43 44 45 46 47 48 49 50 51 52 53 54 55 56 57 58 59 60 61 62 63
32 64 65 66 67 68 69 70 71 72 73 74 75 76 77 78 79 80 81 82 83 84 85 86 87 88 89 90 91 92 93 94 95
32 96 97 98 99 100 101 102 103 104 105 106 107 108 109 110 111 112 113 114 115 116 117 118 119 120 121 122 123 124 125 126 127
32 64 128 129 130 131 132 133 134 135 136 137 138 139 140 141 142 143 144 145 146 147 148 149 150 151 152 153 154 155 156 157 158
32 159 160 161 162 163 164 165 166 167 168 169 170 171 172 173 174 175 176 177 178 179 180 181 182 183 184 185 186 187 188 189 190
32 191 192 193 194 195 196 197 198 199 200 201 202 203 204 205 206 207 208 209 210 211 212 213 214 215 216 217 218 219 220 221 222
32 32 223 224 225 226 227 228 229 230 231 232 233 234 235 236 237 238 239 240 241 242 243 244 245 246 247 248 249 250 251 252 253
32 96 254 255 256 257 258 259 260 261 262 263 264 265 266 267 268 269 270 271 272 273 274 275 276 277 278 279 280 281 282 283 284
32 159 285 286 287 288 289 290 291 292 293 294 295 296 297 298 299 300 301 302 303 304 305 306 307 308 309 310 311 312 313 314 315
32 191 316 317 318 319 320 321 322 323 324 325 326 327 328 329 330 331 332 333 334 335 336 337 338 339 340 341 342 343 344 345 346
32 0 347 348 349 350 351 352 353 354 355 356 357 358 359 360 361 362 363 364 365 366 367 368 369 370 371 372 373 374 375 376 377
32 378 379 380 381 382 383 384 385 386 387 388 389 390 391 392 393 394 395 396 397 398 399 400 401 402 403 404 405 406 407 408 409
32 256 410 411 412 413 414 415 416 417 418 419 420 421 422 423 424 425 426 427 428 429 430 431 432 433 434 435 436 437 438 439 440
32 410 441 442 443 444 445 446 447 448 449 450 451 452 453 454 455 456 457 458 459 460 461 462 463 464 465 466 467 468 469 470 471
32 318 472 473 474 475 476 477 478 479 480 481 482 483 484 485 486 487 488 489 490 491 492 493 494 495 496 497 498 499 500 501 502
32 472 503 504 505 506 507 508 509 510 511 512 513 514 515 516 517 518 519 520 521 522 523 524 525 526 527 528 529 530 531 532 533
32 162 379 534 535 536 537 538 539 540 541 542 543 544 545 546 547 548 549 550 551 552 553 554 555 556 557 558 559 560 561 562 563
32 564 565 566 567 568 569 570 571 572 573 574 575 576 577 578 579 580 581 582 583 584 585 586 587 588 589 590 591 592 593 594 595
32 349 537 596 597 598 599 600 601 602 603 604 605 606 607 608 609 610 611 612 613 614 615 616 617 618 619 620 621 622 623 624 625
32 35 414 565 626 627 628 629 630 631 632 633 634 635 636 637 638 639 640 641 642 643 644 645 646 647 648 649 650 651 652 653 654
32 596 655 656 657 658 659 660 661 662 663 664 665 666 667 668 669 670 671 672 673 674 675 676 677 678 679 680 681 682 683 684 685
32 194 504 686 687 688 689 690 691 692 693 694 695 696 697 698 699 700 701 702 703 704 705 706 707 708 709 710 711 712 713 714 715
32 130 418 632 716 717 718 719 720 721 722 723 724 725 726 727 728 729 730 731 732 733 734 735 736 737 738 739 740 741 742 743 744
32 716 745 746 747 748 749 750 751 752 753 754 755 756 757 758 759 760 761 762 763 764 765 766 767 768 769 770 771 772 773 774 775
32 287 380 689 776 777 778 779 780 781 782 783 784 785 786 787 788 789 790 791 792 793 794 795 796 797 798 799 800 801 802 803 804
32 3 476 656 805 806 807 808 809 810 811 812 813 814 815 816 817 818 819 820 821 822 823 824 825 826 827 828 829 830 831 832 833
32 834 835 836 837 838 839 840 841 842 843 844 845 846 847 848 849 850 851 852 853 854 855 856 857 858 859 860 861 862 863 864 865
32 36 257 866 867 868 869 870 871 872 873 874 875 876 877 878 879 880 881 882 883 884 885 886 887 888 889 890 891 892 893 894 895
32 866 896 897 898 899 900 901 902 903 904 905 906 907 908 909 910 911 912 913 914 915 916 917 918 919 920 921 922 923 924 925 926
32 163 350 835 927 928 929 930 931 932 933 934 935 936 937 938 939 940 941 942 943 944 945 946 947 948 949 950 951 952 953 954 955
32 225 480 566 811 956 957 958 959 960 961 962 963 964 965 966 967 968 969 970 971 972 973 974 975 976 977 978 979 980 981 982 983
32 67 541 603 746 984 985 986 987 988 989 990 991 992 993 994 995 996 997 998 999 1000 1001 1002 1003 1004 1005 1006 1007 1008 1009 1010 1011
32 99 443 693 782 1012 1013 1014 1015 1016 1017 1018 1019 1020 1021 1022 1023 1024 1025 1026 1027 1028 1029 1030 1031 1032 1033 1034 1035 1036 1037 1038 1039
32 1040 1041 1042 1043 1044 1045 1046 1047 1048 1049 1050 1051 1052 1053 1054 1055 1056 1057 1058 1059 1060 1061 1062 1063 1064 1065 1066 1067 1068 1069 1070 1071
32 4 320 836 1072 1073 1074 1075 1076 1077 1078 1079 1080 1081 1082 1083 1084 1085 1086 1087 1088 1089 1090 1091 1092 1093 1094 1095 1096 1097 1098 1099 1100
32 131 262 873 1041 1101 1102 1103 1104 1105 1106 1107 1108 1109 1110 1111 1112 1113 1114 1115 1116 1117 1118 1119 1120 1121 1122 1123 1124 1125 1126 1127 1128
32 68 168 933 1042 1129 1130 1131 1132 1133 1134 1135 1136 1137 1138 1139 1140 1141 1142 1143 1144 1145 1146 1147 1148 1149 1150 1151 1152 1153 1154 1155 1156
32 226 324 898 1078 1157 1158 1159 1160 1161 1162 1163 1164 1165 1166 1167 1168 1169 1170 1171 1172 1173 1174 1175 1176 1177 1178 1179 1180 1181 1182 1183 1184
32 40 135 876 1109 1185 1186 1187 1188 1189 1190 1191 1192 1193 1194 1195 1196 1197 1198 1199 1200 1201 1202 1203 1204 1205 1206 1207 1208 1209 1210 1211 1212
32 1185 1213 1214 1215 1216 1217 1218 1219 1220 1221 1222 1223 1224 1225 1226 1227 1228 1229 1230 1231 1232 1233 1234 1235 1236 1237 1238 1239 1240 1241 1242 1243
32 196 289 838 1244 1245 1246 1247 1248 1249 1250 1251 1252 1253 1254 1255 1256 1257 1258 1259 1260 1261 1262 1263 1264 1265 1266 1267 1268 1269 1270 1271 1272
32 100 200 899 1250 1273 1274 1275 1276 1277 1278 1279 1280 1281 1282 1283 1284 1285 1286 1287 1288 1289 1290 1291 1292 1293 1294 1295 1296 1297 1298 1299 1300
32 72 355 936 1137 1214 1301 1302 1303 1304 1305 1306 1307 1308 1309 1310 1311 1312 1313 1314 1315 1316 1317 1318 1319 1320 1321 1322 1323 1324 1325 1326 1327
32 1328 1329 1330 1331 1332 1333 1334 1335 1336 1337 1338 1339 1340 1341 1342 1343 1344 1345 1346 1347 1348 1349 1350 1351 1352 1353 1354 1355 1356 1357 1358 1359
32 383 507 659 1360 1361 1362 1363 1364 1365 1366 1367 1368 1369 1370 1371 1372 1373 1374 1375 1376 1377 1378 1379 1380 1381 1382 1383 1384 1385 1386 1387 1388
32 43 138 635 725 1194 1329 1389 1390 1391 1392 1393 1394 1395 1396 1397 1398 1399 1400 1401 1402 1403 1404 1405 1406 1407 1408 1409 1410 1411 1412 1413 1414
32 9 231 1081 1165 1216 1415 1416 1417 1418 1419 1420 1421 1422 1423 1424 1425 1426 1427 1428 1429 1430 1431 1432 1433 1434 1435 1436 1437 1438 1439 1440 1441
32 105 293 1045 1253 1281 1442 1443 1444 1445 1446 1447 1448 1449 1450 1451 1452 1453 1454 1455 1456 1457 1458 1459 1460 1461 1462 1463 1464 1465 1466 1467 1468
32 75 358 606 992 1309 1330 1469 1470 1471 1472 1473 1474 1475 1476 1477 1478 1479 1480 1481 1482 1483 1484 1485 1486 1487 1488 1489 1490 1491 1492 1493 1494
32 445 511 568 1366 1495 1496 1497 1498 1499 1500 1501 1502 1503 1504 1505 1506 1507 1508 1509 1510 1511 1512 1513 1514 1515 1516 1517 1518 1519 1520 1521 1522
32 140 264 420 726 1110 1523 1524 1525 1526 1527 1528 1529 1530 1531 1532 1533 1534 1535 1536 1537 1538 1539 1540 1541 1542 1543 1544 1545 1546 1547 1548 1549
32 1523 1550 1551 1552 1553 1554 1555 1556 1557 1558 1559 1560 1561 1562 1563 1564 1565 1566 1567 1568 1569 1570 1571 1572 1573 1574 1575 1576 1577 1578 1579 1580
32 387 449 749 1369 1503 1581 1582 1583 1584 1585 1586 1587 1588 1589 1590 1591 1592 1593 1594 1595 1596 1597 1598 1599 1600 1601 1602 1603 1604 1605 1606 1607
32 12 234 814 964 1332 1426 1608 1609 1610 1611 1612 1613 1614 1615 1616 1617 1618 1619 1620 1621 1622 1623 1624 1625 1626 1627 1628 1629 1630 1631 1632 1633
32 77 171 544 994 1138 1551 1634 1635 1636 1637 1638 1639 1640 1641 1642 1643 1644 1645 1646 1647 1648 1649 1650 1651 1652 1653 1654 1655 1656 1657 1658 1659
32 1660 1661 1662 1663 1664 1665 1666 1667 1668 1669 1670 1671 1672 1673 1674 1675 1676 1677 1678 1679 1680 1681 1682 1683 1684 1685 1686 1687 1688 1689 1690 1691
32 45 266 422 636 877 1660 1692 1693 1694 1695 1696 1697 1698 1699 1700 1701 1702 1703 1704 1705 1706 1707 1708 1709 1710 1711 1712 1713 1714 1715 1716 1717
32 108 296 785 1020 1453 1554 1718 1719 1720 1721 1722 1723 1724 1725 1726 1727 1728 1729 1730 1731 1732 1733 1734 1735 1736 1737 1738 1739 1740 1741 1742 1743
32 573 663 753 1372 1506 1591 1744 1745 1746 1747 1748 1749 1750 1751 1752 1753 1754 1755 1756 1757 1758 1759 1760 1761 1762 1763 1764 1765 1766 1767 1768 1769
32 235 327 483 966 1167 1663 1770 1771 1772 1773 1774 1775 1776 1777 1778 1779 1780 1781 1782 1783 1784 1785 1786 1787 1788 1789 1790 1791 1792 1793 1794 1795
32 172 359 545 607 937 1796 1797 1798 1799 1800 1801 1802 1803 1804 1805 1806 1807 1808 1809 1810 1811 1812 1813 1814 1815 1816 1817 1818 1819 1820 1821 1822
32 1796 1823 1824 1825 1826 1827 1828 1829 1830 1831 1832 1833 1834 1835 1836 1837 1838 1839 1840 1841 1842 1843 1844 1845 1846 1847 1848 1849 1850 1851 1852 1853
32 110 203 696 1022 1286 1664 1854 1855 1856 1857 1858 1859 1860 1861 1862 1863 1864 1865 1866 1867 1868 1869 1870 1871 1872 1873 1874 1875 1876 1877 1878 1879
32 843 904 1049 1256 1284 1452 1880 1881 1882 1883 1884 1885 1886 1887 1888 1889 1890 1891 1892 1893 1894 1895 1896 1897 1898 1899 1900 1901 1902 1903 1904 1905
32 390 452 788 1025 1558 1592 1730 1906 1907 1908 1909 1910 1911 1912 1913 1914 1915 1916 1917 1918 1919 1920 1921 1922 1923 1924 1925 1926 1927 1928 1929 1930
32 13 329 485 816 1085 1824 1931 1932 1933 1934 1935 1936 1937 1938 1939 1940 1941 1942 1943 1944 1945 1946 1947 1948 1949 1950 1951 1952 1953 1954 1955 1956
32 205 298 698 790 1257 1826 1957 1958 1959 1960 1961 1962 1963 1964 1965 1966 1967 1968 1969 1970 1971 1972 1973 1974 1975 1976 1977 1978 1979 1980 1981 1982
32 454 514 701 1027 1508 1668 1866 1983 1984 1985 1986 1987 1988 1989 1990 1991 1992 1993 1994 1995 1996 1997 1998 1999 2000 2001 2002 2003 2004 2005 2006 2007
32 576 666 819 969 1337 1619 1754 2008 2009 2010 2011 2012 2013 2014 2015 2016 2017 2018 2019 2020 2021 2022 2023 2024 2025 2026 2027 2028 2029 2030 2031 2032
32 846 907 1084 1170 1221 1425 1890 2033 2034 2035 2036 2037 2038 2039 2040 2041 2042 2043 2044 2045 2046 2047 2048 2049 2050 2051 2052 2053 2054 2055 2056 2057
32 392 516 703 792 1373 1831 1969 2058 2059 2060 2061 2062 2063 2064 2065 2066 2067 2068 2069 2070 2071 2072 2073 2074 2075 2076 2077 2078 2079 2080 2081 2082
32 488 519 581 971 1510 1672 1782 1996 2083 2084 2085 2086 2087 2088 2089 2090 2091 2092 2093 2094 2095 2096 2097 2098 2099 2100 2101 2102 2103 2104 2105 2106
32 849 942 1052 1142 1224 1314 1894 2046 2107 2108 2109 2110 2111 2112 2113 2114 2115 2116 2117 2118 2119 2120 2121 2122 2123 2124 2125 2126 2127 2128 2129 2130
32 612 669 756 997 1340 1481 1758 2021 2131 2132 2133 2134 2135 2136 2137 2138 2139 2140 2141 2142 2143 2144 2145 2146 2147 2148 2149 2150 2151 2152 2153 2154
32 491 521 671 821 1377 1834 1943 2071 2155 2156 2157 2158 2159 2160 2161 2162 2163 2164 2165 2166 2167 2168 2169 2170 2171 2172 2173 2174 2175 2176 2177 2178
32 395 550 761 1000 1561 1596 1646 1919 2179 2180 2181 2182 2183 2184 2185 2186 2187 2188 2189 2190 2191 2192 2193 2194 2195 2196 2197 2198 2199 2200 2201 2202
32 208 333 912 1172 1289 1673 1784 1868 2203 2204 2205 2206 2207 2208 2209 2210 2211 2212 2213 2214 2215 2216 2217 2218 2219 2220 2221 2222 2223 2224 2225 2226
32 579 641 731 759 1343 1401 1761 2024 2146 2227 2228 2229 2230 2231 2232 2233 2234 2235 2236 2237 2238 2239 2240 2241 2242 2243 2244 2245 2246 2247 2248 2249
32 882 910 1055 1115 1199 1227 1897 2049 2122 2250 2251 2252 2253 2254 2255 2256 2257 2258 2259 2260 2261 2262 2263 2264 2265 2266 2267 2268 2269 2270 2271 2272
32 397 552 614 673 1380 1809 1837 2073 2169 2273 2274 2275 2276 2277 2278 2279 2280 2281 2282 2283 2284 2285 2286 2287 2288 2289 2290 2291 2292 2293 2294 2295
32 211 335 851 1089 1261 1839 1945 1971 2296 2297 2298 2299 2300 2301 2302 2303 2304 2305 2306 2307 2308 2309 2310 2311 2312 2313 2314 2315 2316 2317 2318 2319
32 427 457 733 763 1536 1564 1598 1921 2194 2320 2321 2322 2323 2324 2325 2326 2327 2328 2329 2330 2331 2332 2333 2334 2335 2336 2337 2338 2339 2340 2341 2342
32 177 302 1057 1145 1457 1566 1648 1732 2343 2344 2345 2346 2347 2348 2349 2350 2351 2352 2353 2354 2355 2356 2357 2358 2359 2360 2361 2362 2363 2364 2365 2366
32 429 460 583 643 1514 1677 1704 1998 2098 2367 2368 2369 2370 2371 2372 2373 2374 2375 2376 2377 2378 2379 2380 2381 2382 2383 2384 2385 2386 2387 2388 2389
32 179 304 853 944 1263 1811 1841 1973 2311 2390 2391 2392 2393 2394 2395 2396 2397 2398 2399 2400 2401 2402 2403 2404 2405 2406 2407 2408 2409 2410 2411 2412
32 114 271 1059 1117 1459 1538 1568 1734 2358 2413 2414 2415 2416 2417 2418 2419 2420 2421 2422 2423 2424 2425 2426 2427 2428 2429 2430 2431 2432 2433 2434 2435
32 18 364 1229 1316 1345 1430 1483 1622 2436 2437 2438 2439 2440 2441 2442 2443 2444 2445 2446 2447 2448 2449 2450 2451 2452 2453 2454 2455 2456 2457 2458 2459
32 116 273 884 915 1291 1680 1706 1870 2218 2460 2461 2462 2463 2464 2465 2466 2467 2468 2469 2470 2471 2472 2473 2474 2475 2476 2477 2478 2479 2480 2481 2482
32 20 366 856 946 1091 1813 1844 1947 2313 2406 2483 2484 2485 2486 2487 2488 2489 2490 2491 2492 2493 2494 2495 2496 2497 2498 2499 2500 2501 2502 2503 2504
32 50 240 1201 1231 1347 1403 1432 1624 2451 2505 2506 2507 2508 2509 2510 2511 2512 2513 2514 2515 2516 2517 2518 2519 2520 2521 2522 2523 2524 2525 2526 2527
32 52 242 886 917 1176 1682 1708 1786 2220 2477 2528 2529 2530 2531 2532 2533 2534 2535 2536 2537 2538 2539 2540 2541 2542 2543 2544 2545 2546 2547 2548 2549
32 22 368 617 677 825 1815 1848 1949 2173 2290 2501 2550 2551 2552 2553 2554 2555 2556 2557 2558 2559 2560 2561 2562 2563 2564 2565 2566 2567 2568 2569 2570
32 82 145 1203 1234 1318 1350 1405 1485 2454 2522 2571 2572 2573 2574 2575 2576 2577 2578 2579 2580 2581 2582 2583 2584 2585 2586 2587 2588 2589 2590 2591 2592
32 84 147 1063 1119 1147 1540 1572 1650 2361 2430 2593 2594 2595 2596 2597 2598 2599 2600 2601 2602 2603 2604 2605 2606 2607 2608 2609 2610 2611 2612 2613 2614
32 54 244 586 645 975 1684 1710 1788 2101 2384 2546 2615 2616 2617 2618 2619 2620 2621 2622 2623 2624 2625 2626 2627 2628 2629 2630 2631 2632 2633 2634 2635
32 181 307 401 555 796 1816 1850 1975 2076 2291 2409 2636 2637 2638 2639 2640 2641 2642 2643 2644 2645 2646 2647 2648 2649 2650 2651 2652 2653 2654 2655 2656
32 86 149 736 767 1003 1542 1575 1652 2197 2337 2611 2657 2658 2659 2660 2661 2662 2663 2664 2665 2666 2667 2668 2669 2670 2671 2672 2673 2674 2675 2676 2677
32 118 275 432 463 1031 1687 1711 1873 2002 2385 2479 2678 2679 2680 2681 2682 2683 2684 2685 2686 2687 2688 2689 2690 2691 2692 2693 2694 2695 2696 2697 2698
32 214 338 494 525 707 1852 1950 1977 2078 2174 2316 2699 2700 2701 2702 2703 2704 2705 2706 2707 2708 2709 2710 2711 2712 2713 2714 2715 2716 2717 2718 2719
32 88 151 738 770 1005 1354 1408 1489 2149 2244 2589 2676 2720 2721 2722 2723 2724 2725 2726 2727 2728 2729 2730 2731 2732 2733 2734 2735 2736 2737 2738 2739
32 121 278 434 465 1033 1544 1577 1738 1925 2338 2432 2698 2740 2741 2742 2743 2744 2745 2746 2747 2748 2749 2750 2751 2752 2753 2754 2755 2756 2757 2758 2759
32 216 340 496 528 709 1690 1791 1875 2003 2102 2223 2719 2760 2761 2762 2763 2764 2765 2766 2767 2768 2769 2770 2771 2772 2773 2774 2775 2776 2777 2778 2779
32 56 247 590 648 978 1356 1410 1628 2027 2245 2524 2635 2780 2781 2782 2783 2784 2785 2786 2787 2788 2789 2790 2791 2792 2793 2794 2795 2796 2797 2798 2799
32 89 152 1066 1122 1151 1207 1238 1322 2125 2267 2590 2612 2800 2801 2802 2803 2804 2805 2806 2807 2808 2809 2810 2811 2812 2813 2814 2815 2816 2817 2818 2819
32 184 310 404 557 799 1578 1655 1739 1926 2198 2363 2656 2820 2821 2822 2823 2824 2825 2826 2827 2828 2829 2830 2831 2832 2833 2834 2835 2836 2837 2838 2839
32 26 372 620 680 828 1358 1490 1629 2028 2150 2456 2570 2840 2841 2842 2843 2844 2845 2846 2847 2848 2849 2850 2851 2852 2853 2854 2855 2856 2857 2858 2859
32 58 249 890 921 1179 1208 1240 1436 2052 2268 2525 2549 2860 2861 2862 2863 2864 2865 2866 2867 2868 2869 2870 2871 2872 2873 2874 2875 2876 2877 2878 2879
32 27 373 860 950 1095 1242 1323 1437 2053 2126 2457 2504 2880 2881 2882 2883 2884 2885 2886 2887 2888 2889 2890 2891 2892 2893 2894 2895 2896 2897 2898 2899
32 124 279 891 923 1068 1124 1295 1463 1900 2270 2434 2481 2900 2901 2902 2903 2904 2905 2906 2907 2908 2909 2910 2911 2912 2913 2914 2915 2916 2917 2918 2919
32 186 312 862 951 1070 1152 1267 1464 1901 2128 2364 2412 2920 2921 2922 2923 2924 2925 2926 2927 2928 2929 2930 2931 2932 2933 2934 2935 2936 2937 2938 2939
32 435 468 592 650 740 772 1517 1602 1764 2248 2341 2388 2940 2941 2942 2943 2944 2945 2946 2947 2948 2949 2950 2951 2952 2953 2954 2955 2956 2957 2958 2959
32 219 343 864 925 1096 1181 1268 1297 1903 2055 2226 2319 2960 2961 2962 2963 2964 2965 2966 2967 2968 2969 2970 2971 2972 2973 2974 2975 2976 2977 2978 2979
32 406 559 621 682 774 1008 1383 1603 1765 2152 2201 2295 2980 2981 2982 2983 2984 2985 2986 2987 2988 2989 2990 2991 2992 2993 2994 2995 2996 2997 2998 2999
32 499 530 594 684 830 980 1384 1519 1767 2031 2106 2178 3000 3001 3002 3003 3004 3005 3006 3007 3008 3009 3010 3011 3012 3013 3014 3015 3016 3017 3018 3019
32 408 471 531 712 801 1036 1386 1520 1606 1929 2007 2082 3020 3021 3022 3023 3024 3025 3026 3027 3028 3029 3030 3031 3032 3033 3034 3035 3036 3037 3038 3039
32 127 221 315 713 802 1037 1271 1299 1467 1743 1879 1982 3040 3041 3042 3043 3044 3045 3046 3047 3048 3049 3050 3051 3052 3053 3054 3055 3056 3057 3058 3059
32 31 253 345 501 831 981 1099 1183 1440 1632 1795 1956 3060 3061 3062 3063 3064 3065 3066 3067 3068 3069 3070 3071 3072 3073 3074 3075 3076 3077 3078 3079
32 95 190 377 563 625 955 1010 1155 1326 1494 1659 1822 3080 3081 3082 3083 3084 3085 3086 3087 3088 3089 3090 3091 3092 3093 3094 3095 3096 3097 3098 3099
32 63 158 284 440 654 744 895 1128 1212 1414 1549 1717 3100 3101 3102 3103 3104 3105 3106 3107 3108 3109 3110 3111 3112 3113 3114 3115 3116 3117 3118 3119
5 192 2720 3120 3121 3122
5 97 2840 3123 3124 3125
5 290 2783 3126 3127 3128
5 321 2660 3129 3130 3131
5 228 2823 3132 3133 3134
5 1 2740 3135 3136 3137
5 160 2615 3138 3139 3140
5 352 2681 3141 3142 3143
5 65 2760 3144 3145 3146
5 259 2553 3147 3148 3149
5 33 2636 3150 3151 3152
5 133 2702 3153 3154 3155
5 508 2803 3156 3157 3158
5 446 2883 3159 3160 3161
5 378 2860 3162 3163 3164
5 473 2593 3165 3166 3167
5 224 2821 3168 3169 3170
5 6 2743 3171 3172 3173
5 538 2531 3174 3175 3176
5 348 2679 3177 3178 3179
5 70 2763 3180 3181 3182
5 411 2483 3183 3184 3185
5 38 2639 3186 3187 3188
5 129 2700 3189 3190 3191
5 503 2800 3192 3193 3194
5 564 2920 3195 3196 3197
5 660 2903 3198 3199 3200
5 690 2574 3201 3202 3203
5 102 2843 3204 3205 3206
5 286 2781 3207 3208 3209
5 597 2460 3210 3211 3212
5 165 2618 3213 3214 3215
5 71 2764 3216 3217 3218
5 629 2393 3219 3220 3221
5 255 2551 3222 3223 3224
5 128 2699 3225 3226 3227
5 384 2863 3228 3229 3230
5 655 2900 3231 3232 3233
5 750 2963 3234 3235 3236
5 776 2505 3237 3238 3239
5 103 2844 3240 3241 3242
5 197 2723 3243 3244 3245
5 808 2416 3246 3247 3248
5 317 2658 3249 3250 3251
5 223 2820 3252 3253 3254
5 717 2296 3255 3256 3257
5 254 2550 3258 3259 3260
5 39 2640 3261 3262 3263
5 901 2983 3264 3265 3266
5 834 2940 3267 3268 3269
5 686 2571 3270 3271 3272
5 442 2881 3273 3274 3275
5 930 2370 3276 3277 3278
5 535 2529 3279 3280 3281
5 66 2761 3282 3283 3284
5 867 2273 3285 3286 3287
5 415 2486 3288 3289 3290
5 137 2705 3291 3292 3293
5 441 2880 3294 3295 3296
5 570 2923 3297 3298 3299
5 745 2960 3300 3301 3302
5 1015 2439 3303 3304 3305
5 285 2780 3306 3307 3308
5 198 2724 3309 3310 3311
5 956 2343 3285 3312 3313
5 316 2657 3314 3315 3316
5 7 2744 3317 3318 3319
5 987 2206 3320 3321 3322
5 166 2619 3323 3324 3325
5 347 2678 3326 3327 3328
5 840 2943 3329 3330 3331
5 1040 3000 3332 3333 3334
5 779 2508 3335 3336 3337
5 505 2801 3338 3339 3340
5 1072 2320 3210 3341 3342
5 477 2596 3343 3344 3345
5 232 2826 3346 3347 3348
5 1104 2158 3349 3350 3351
5 416 2487 3352 3353 3354
5 34 2637 3355 3356 3357
5 897 2981 3358 3359 3360
5 657 2901 3361 3362 3363
5 928 2368 3237 3364 3365
5 600 2463 3366 3367 3368
5 74 2766 3369 3370 3371
5 870 2276 3372 3373 3374
5 627 2391 3375 3376 3377
5 134 2703 3378 3379 3380
5 896 2980 3381 3382 3383
5 1046 3003 3384 3385 3386
5 1012 2436 3375 3387 3388
5 385 2864 3389 3390 3391
5 1160 2182 3392 3393 3394
5 478 2597 3395 3396 3397
5 2 2741 3398 3399 3400
5 1129 2083 3255 3401 3402
5 534 2528 3403 3404 3405
5 356 2684 3406 3407 3408
5 837 2941 3409 3410 3411
5 1218 3023 3412 3413 3414
5 805 2413 3279 3415 3416
5 571 2924 3417 3418 3419
5 1247 2230 3420 3421 3422
5 687 2572 3404 3423 3424
5 98 2841 3425 3426 3427
5 1186 2058 3320 3428 3429
5 626 2390 3395 3430 3431
5 263 2556 3432 3433 3434
5 839 2942 3435 3436 3437
5 747 2961 3438 3439 3440
5 1075 2323 3441 3442 3443
5 806 2414 3271 3444 3445
5 229 2824 3446 3447 3448
5 1102 2156 3303 3449 3450
5 720 2299 3451 3452 3453
5 42 2642 3454 3455 3456
5 1213 3020 3457 3458 3459
5 959 2346 3460 3461 3462
5 510 2805 3463 3464 3465
5 1273 2131 3183 3355 3466
5 294 2786 3467 3468 3469
5 1304 1986 3470 3471 3472
5 601 2464 3452 3473 3474
5 161 2616 3341 3475 3476
5 1215 3021 3477 3478 3479
5 382 2862 3480 3481 3482
5 1245 2228 3165 3398 3483
5 106 2846 3484 3485 3486
5 1189 2061 3487 3488 3489
5 721 2300 3461 3490 3491
5 260 2554 3401 3492 3493
5 1328 3040 3494 3495 3496
5 195 2722 3475 3481 3497
5 1360 2250 3138 3326 3498
5 450 2886 3499 3500 3501
5 1392 1960 3502 3503 3504
5 871 2277 3505 3506 3507
5 412 2484 3312 3463 3508
5 1044 3002 3509 3510 3511
5 569 2922 3512 3513 3514
5 1158 2180 3201 3425 3515
5 10 2746 3516 3517 3518
5 1132 2086 3505 3519 3520
5 985 2204 3336 3521 3522
5 353 2682 3428 3523 3524
5 1043 3001 3525 3526 3527
5 984 2203 3352 3528 3529
5 662 2905 3530 3531 3532
5 1445 2011 3533 3534 3535
5 780 2509 3289 3536 3537
5 193 2721 3364 3538 3539
5 1415 1906 3219 3378 3540
5 325 2663 3541 3542 3543
5 567 2921 3544 3545 3546
5 1334 3043 3547 3548 3549
5 1157 2179 3222 3430 3550
5 841 2944 3551 3552 3553
5 1498 2110 3554 3555 3556
5 692 2576 3259 3557 3558
5 381 2861 3444 3559 3560
5 1469 1854 3349 3454 3561
5 927 2367 3249 3415 3562
5 542 2534 3563 3564 3565
5 900 2982 3557 3566 3567
5 752 2965 3568 3569 3570
5 1276 2134 3571 3572 3573
5 1013 2437 3344 3544 3574
5 291 2784 3449 3575 3576
5 1302 1984 3246 3446 3577
5 169 2621 3578 3579 3580
5 658 2902 3423 3581 3582
5 1047 3004 3583 3584 3585
5 1363 2253 3586 3587 3588
5 778 2507 3315 3409 3589
5 447 2884 3521 3590 3591
5 1390 1958 3392 3516 3592
5 1101 2155 3323 3528 3593
5 419 2489 3594 3595 3596
5 1555 3063 3597 3598 3599
5 1244 2227 3177 3403 3600
5 905 2986 3601 3602 3603
5 475 2595 3327 3436 3604
5 1524 1931 3470 3578 3605
5 868 2274 3309 3387 3606
5 633 2396 3607 3608 3609
5 1217 3022 3610 3611 3612
5 448 2885 3613 3614 3615
5 1443 2009 3174 3282 3616
5 201 2726 3617 3618 3619
5 1418 1909 3620 3621 3622
5 960 2347 3367 3623 3624
5 322 2661 3286 3625 3626
5 1331 3041 3627 3628 3629
5 292 2785 3492 3614 3630
5 1581 2033 3147 3225 3631
5 512 2806 3632 3633 3634
5 1611 1721 3635 3636 3637
5 1076 2324 3373 3638 3639
5 474 2594 3211 3480 3640
5 1550 3060 3641 3642 3643
5 323 2662 3356 3513 3644
5 1495 2107 3150 3258 3645
5 664 2906 3646 3647 3648
5 1637 1773 3502 3594 3649
5 934 2373 3488 3650 3651
5 598 2461 3238 3338 3652
5 1333 3042 3653 3654 3655
5 101 2842 3464 3625 3656
5 1496 2108 3129 3252 3657
5 388 2866 3658 3659 3660
5 1472 1857 3607 3661 3662
5 1133 2087 3442 3663 3664
5 539 2532 3256 3613 3665
5 1552 3061 3666 3667 3668
5 5 2742 3339 3538 3669
5 1362 2252 3120 3306 3670
5 574 2926 3671 3672 3673
5 1527 1934 3563 3661 3674
5 1190 2062 3572 3675 3676
5 630 2394 3321 3530 3677
5 1661 3080 3678 3679 3680
5 164 2617 3362 3399 3681
5 1361 2251 3135 3314 3682
5 754 2966 3683 3684 3685
5 1695 1800 3635 3686 3687
5 1107 2161 3621 3688 3689
5 718 2297 3304 3389 3690
5 748 2962 3536 3691 3692
5 903 2985 3693 3694 3695
5 1584 2036 3696 3697 3698
5 1017 2441 3214 3525 3699
5 509 2804 3376 3700 3701
5 1609 1719 3276 3369 3702
5 481 2599 3686 3703 3704
5 751 2964 3623 3705 3706
5 1301 1983 3261 3451 3707
5 845 2947 3708 3709 3710
5 1747 1883 3711 3712 3713
5 810 2418 3187 3610 3714
5 506 2802 3280 3715 3716
5 1608 1718 3291 3372 3717
5 694 2577 3687 3718 3719
5 1666 3083 3720 3721 3722
5 1442 2008 3189 3288 3723
5 847 2948 3724 3725 3726
5 540 2533 3226 3510 3727
5 1634 1770 3432 3487 3728
5 1073 2321 3207 3270 3729
5 812 2419 3504 3730 3731
5 444 2882 3396 3732 3733
5 1220 3025 3734 3735 3736
5 958 2345 3244 3381 3737
5 661 2904 3490 3738 3739
5 1635 1771 3420 3484 3740
5 604 2466 3503 3741 3742
5 1222 3026 3743 3744 3745
5 599 2462 3268 3307 3746
5 1693 1798 3533 3617 3747
5 1187 2059 3317 3460 3748
5 723 2302 3636 3749 3750
5 288 2782 3250 3715 3751
5 1335 3044 3752 3753 3754
5 1074 2322 3193 3231 3755
5 902 2984 3663 3756 3757
5 1528 1935 3554 3658 3758
5 1389 1957 3406 3519 3759
5 874 2279 3471 3708 3760
5 1828 3103 3761 3762 3763
5 1274 2132 3168 3343 3764
5 1053 3008 3765 3766 3767
5 413 2485 3253 3359 3768
5 1692 1797 3541 3620 3769
5 1130 2084 3240 3335 3770
5 990 2209 3637 3771 3772
5 1553 3062 3773 3774 3775
5 230 2825 3523 3531 3776
5 1745 1881 3141 3180 3777
5 517 2809 3778 3779 3780
5 1277 2135 3278 3781 3782
5 691 2575 3184 3512 3783
5 1662 3081 3784 3785 3786
5 354 2683 3379 3569 3787
5 1744 1880 3153 3186 3788
5 393 2869 3789 3790 3791
5 1251 2233 3351 3792 3793
5 777 2506 3166 3361 3794
5 1556 3064 3795 3796 3797
5 11 2747 3455 3694 3798
5 206 2729 3799 3800 3801
5 1364 2254 3221 3802 3803
5 688 2573 3139 3435 3804
5 1823 3100 3805 3806 3807
5 261 2555 3283 3439 3808
5 1582 2034 3144 3213 3809
5 577 2929 3810 3811 3812
5 1163 2185 3472 3813 3814
5 957 2344 3202 3273 3815
5 1665 3082 3816 3817 3818
5 69 2762 3390 3575 3819
5 1583 2035 3126 3204 3820
5 667 2908 3821 3822 3823
5 1419 1910 3422 3824 3825
5 809 2417 3220 3568 3826
5 1557 3065 3827 3828 3829
5 227 2822 3310 3700 3830
5 1275 2133 3156 3294 3831
5 844 2946 3675 3832 3833
5 1473 1858 3587 3671 3834
5 931 2371 3350 3693 3835
5 1825 3101 3836 3837 3838
5 37 2638 3274 3426 3839
5 1497 2109 3123 3243 3840
5 757 2969 3841 3842 3843
5 1307 1989 3535 3844 3845
5 988 2207 3247 3417 3846
5 1667 3084 3847 3848 3849
5 351 2680 3208 3559 3850
5 1246 2229 3162 3192 3851
5 1050 3006 3824 3852 3853
5 1395 1963 3697 3821 3854
5 1105 2159 3393 3551 3855
5 572 2925 3473 3856 3857
5 1051 3007 3858 3859 3860
5 989 2208 3172 3457 3861
5 386 2865 3353 3862 3863
5 1470 1855 3346 3441 3864
5 783 2511 3674 3865 3866
5 1048 3005 3638 3867 3868
5 575 2927 3741 3869 3870
5 1162 2184 3143 3627 3871
5 199 2725 3223 3732 3872
5 1416 1907 3216 3366 3873
5 699 2580 3769 3874 3875
5 909 2989 3876 3877 3878
5 631 2395 3181 3478 3879
5 1018 2442 3649 3880 3881
5 668 2909 3749 3882 3883
5 932 2372 3155 3654 3884
5 786 2513 3605 3885 3886
5 1219 3024 3781 3887 3888
5 389 2867 3595 3869 3889
5 1249 2232 3149 3773 3890
5 319 2659 3178 3581 3891
5 486 2602 3747 3892 3893
5 1226 3029 3894 3895 3896
5 719 2298 3205 3333 3897
5 1525 1932 3467 3571 3898
5 962 2349 3662 3899 3900
5 104 2845 3324 3862 3901
5 1339 3047 3902 3903 3904
5 1131 2085 3229 3300 3905
5 842 2945 3506 3906 3907
5 1638 1774 3499 3586 3908
5 1079 2326 3489 3858 3909
5 1341 3048 3910 3911 3912
5 869 2275 3196 3295 3913
5 1696 1801 3632 3696 3914
5 1135 2089 3622 3876 3915
5 1559 3066 3916 3917 3918
5 929 2369 3163 3232 3919
5 1698 1803 3711 3778 3799
5 1192 2064 3534 3724 3920
5 1827 3102 3921 3922 3923
5 136 2704 3418 3447 3924
5 1746 1882 3132 3171 3925
5 455 2889 3926 3927 3928
5 1448 2014 3394 3929 3930
5 1016 2440 3175 3438 3931
5 1669 3085 3932 3933 3934
5 76 2767 3517 3552 3935
5 300 2789 3936 3937 3938
5 1585 2037 3248 3939 3940
5 781 2510 3148 3509 3941
5 1336 3045 3802 3942 3943
5 107 2847 3579 3709 3944
5 331 2666 3914 3945 3946
5 1500 2112 3176 3795 3947
5 479 2598 3151 3566 3948
5 1829 3104 3949 3950 3951
5 44 2643 3370 3584 3952
5 112 2850 3953 3954 3955
5 1501 2113 3322 3956 3957
5 1014 2438 3130 3358 3958
5 1670 3086 3959 3960 3961
5 170 2622 3293 3735 3962
5 16 2750 3854 3963 3964
5 1370 2258 3257 3965 3966
5 807 2415 3121 3267 3967
5 1338 3046 3939 3968 3969
5 202 2727 3434 3859 3970
5 175 2624 3758 3971 3972
5 1368 2257 3185 3932 3973
5 536 2530 3136 3410 3974
5 1830 3105 3975 3976 3977
5 132 2701 3241 3590 3978
5 1444 2010 3159 3228 3979
5 908 2988 3844 3980 3981
5 1614 1724 3556 3841 3982
5 1161 2183 3277 3583 3983
5 1671 3087 3984 3985 3986
5 73 2765 3318 3738 3987
5 1417 1908 3198 3297 3988
5 848 2949 3688 3989 3990
5 1612 1722 3588 3683 3991
5 1248 2231 3374 3734 3992
5 1832 3106 3993 3994 3995
5 258 2552 3169 3545 3996
5 1159 2181 3157 3195 3997
5 1225 3028 3929 3998 3999
5 1640 1776 3713 3926 3953
5 1305 1987 3421 3601 4000
5 1530 1937 3712 3789 3936
5 1393 1961 3555 3646 4001
5 758 2970 3899 4002 4003
5 1106 2160 3134 3495 4004
5 1023 2445 3728 4005 4006
5 906 2987 3650 4007 4008
5 760 2968 3865 4009 4010
5 1306 1988 3128 3641 4011
5 8 2745 3262 3856 4012
5 817 2422 3759 4013 4014
5 1223 3027 3792 4015 4016
5 453 2888 3703 3882 4017
5 1447 2013 3131 3784 4018
5 167 2620 3190 3691 4019
5 548 2537 3898 4020 4021
5 456 2890 3772 4022 4023
5 875 2280 3146 3667 4024
5 967 2352 3561 4025 4026
5 518 2810 3609 4009 4027
5 1080 2327 3152 3817 4028
5 610 2469 3592 4029 4030
5 301 2790 3689 4031 4032
5 605 2467 3191 3828 4033
5 1082 2328 3429 4034 4035
5 515 2808 3565 4002 4036
5 1280 2138 3140 3921 4037
5 425 2493 3740 4038 4039
5 1563 3069 4040 4041 4042
5 1188 2060 3235 3298 4043
5 1279 2137 3520 3894 4044
5 233 2827 3407 3906 4045
5 1565 3070 4046 4047 4048
5 1471 1856 3330 3384 4049
5 665 2907 3608 4050 4051
5 1367 2256 3453 3902 4052
5 1675 3088 4053 4054 4055
5 1103 2157 3160 3301 4056
5 1421 1912 3573 3765 4057
5 1562 3068 4058 4059 4060
5 628 2392 3124 3382 4061
5 1475 1860 3698 3810 4062
5 1833 3107 4063 4064 4065
5 141 2707 3485 3602 4066
5 238 2830 4062 4067 4068
5 1750 1886 3305 4058 4069
5 961 2348 3142 3477 4070
5 1560 3067 3965 4071 4072
5 236 2828 3618 3725 4073
5 362 2688 4001 4074 4075
5 1749 1885 3203 3959 4076
5 602 2465 3154 3611 4077
5 1674 3090 4078 4079 4080
5 79 2769 3647 3659 4081
5 17 2751 3920 4082 4083
5 1748 1884 3337 3916 4084
5 1077 2325 3188 3653 4085
5 1342 3049 3956 4086 4087
5 297 2788 3543 3877 4088
5 269 2560 3908 4089 4090
5 1588 2040 3167 3949 4091
5 417 2488 3145 3526 4092
5 1835 3108 4093 4094 4095
5 267 2558 3348 3744 4096
5 80 2770 3982 4097 4098
5 1589 2041 3313 4099 4100
5 986 2205 3127 3332 4101
5 421 2490 3218 3753 4102
5 239 2831 3845 4103 4104
5 1282 2139 3402 4105 4106
5 328 2665 3408 3895 4107
5 48 2646 3834 4108 4109
5 1505 2116 3212 4063 4110
5 482 2600 3263 3903 4111
5 363 2689 3676 4112 4113
5 1255 2236 3287 4078 4114
5 1836 3109 4115 4116 4117
5 41 2641 3217 3705 4118
5 1303 1985 3199 3234 4119
5 1054 3009 3813 4120 4121
5 1446 2012 3443 3743 4122
5 1838 3110 4123 4124 4125
5 139 2706 3347 3756 4126
5 1610 1720 3264 3329 4127
5 578 2930 3771 4128 4129
5 1499 2111 3368 3752 4130
5 1678 3092 4131 4132 4133
5 78 2768 3468 3832 4134
5 394 2870 3750 4135 4136
5 1365 2255 3290 3827 4137
5 582 2932 3881 4138 4139
5 1193 2065 3125 3679 4140
5 995 2213 3717 4141 4142
5 1058 3011 4005 4143 4144
5 1394 1962 3161 3598 4145
5 1168 2187 3707 4146 4147
5 670 2910 3719 4022 4148
5 1422 1913 3122 3805 4149
5 639 2400 3864 4150 4151
5 755 2967 3730 4152 4153
5 911 2990 3874 4031 4154
5 1613 1723 3158 3720 4155
5 357 2685 3292 3867 4156
5 940 2376 3748 4157 4158
5 451 2887 3564 4050 4159
5 1228 3030 4013 4160 4161
5 1639 1775 3200 3547 4162
5 295 2787 3433 4007 4163
5 1254 2235 3593 4046 4164
5 396 2871 3731 4138 4165
5 1136 2090 3137 3837 4166
5 729 2306 3702 4167 4168
5 115 2852 3814 4169 4170
5 724 2303 3170 3848 4171
5 1140 2093 3540 4172 4173
5 210 2731 3651 4143 4174
5 963 2350 3179 3976 4175
5 880 2283 3577 4176 4177
5 332 2667 3507 4160 4178
5 784 2512 3224 3985 4179
5 941 2377 3450 4180 4181
5 1679 3091 4182 4183 4184
5 1391 1959 3265 3385 4185
5 1587 2039 3462 3910 4186
5 1346 3051 4146 4187 4188
5 1526 1933 3266 3413 4189
5 1504 2115 3529 4040 4190
5 109 2848 3542 3989 4191
5 1348 3052 4157 4192 4193
5 1636 1772 3331 3412 4194
5 513 2807 3596 4152 4195
5 1371 2259 3431 3984 4196
5 1676 3089 4099 4197 4198
5 722 2301 3133 3458 4199
5 360 2686 3469 3766 4200
5 143 2709 3991 4201 4202
5 1753 1889 3239 4093 4203
5 1840 3111 4204 4205 4206
5 47 2645 3501 3684 4207
5 81 2771 4057 4208 4209
5 1752 1888 3388 4053 4210
5 1134 2088 3173 3494 4211
5 1842 3112 4212 4213 4214
5 142 2708 3500 3672 4215
5 113 2851 3915 4216 4217
5 1278 2136 3215 3666 4218
5 1567 3071 4105 4219 4220
5 15 2749 3634 3811 4221
5 49 2647 4000 4222 4223
5 1751 1887 3272 3993 4224
5 872 2278 3182 3628 4225
5 1344 3050 4034 4226 4227
5 111 2849 3779 3790 4228
5 176 2625 3855 4229 4230
5 1586 2038 3345 3847 4231
5 935 2374 3227 3774 4232
5 1569 3072 4180 4233 4234
5 237 2829 3633 3822 4235
5 207 2730 3760 4236 4237
5 1252 2234 3260 3816 4238
5 546 2536 3319 3911 4239
5 144 2710 3825 4240 4241
5 1451 2017 3342 4204 4242
5 637 2398 3242 3917 4243
5 83 2772 3930 4244 4245
5 1423 1915 3466 4246 4247
5 697 2579 3325 4041 4248
5 270 2561 3664 4249 4250
5 1169 2188 3365 4212 4251
5 700 2581 3354 4047 4252
5 549 2538 3491 4192 4253
5 818 2423 3377 4132 4254
5 1843 3113 4255 4256 4257
5 265 2557 3371 3887 4258
5 762 2971 3880 4259 4260
5 1845 3114 4261 4262 4263
5 46 2644 3486 3852 4264
5 459 2892 3900 4265 4266
5 1570 3074 4267 4268 4269
5 14 2748 3619 3980 4270
5 520 2811 3742 4259 4271
5 1502 2114 3405 3975 4272
5 852 2951 3886 4169 4273
5 1476 1861 3164 3762 4274
5 1113 2165 3873 4275 4276
5 916 2993 4026 4277 4278
5 1531 1938 3197 3722 4279
5 1312 1993 3723 4280 4281
5 1233 3033 4141 4282 4283
5 1697 1802 3236 3549 4284
5 1450 2016 3550 4182 4285
5 854 2952 3893 4103 4286
5 1615 1725 3194 3761 4287
5 881 2284 3770 4267 4288
5 580 2928 3718 4135 4289
5 1060 3012 4020 4112 4290
5 1474 1859 3230 3597 4291
5 326 2664 3456 4015 4292
5 1083 2329 3606 4131 4293
5 1056 3010 3885 4236 4294
5 584 2931 3945 3963 4295
5 1420 1911 3245 3678 4296
5 543 2535 3380 3942 4297
5 611 2470 3690 4233 4298
5 391 2868 3704 4128 4299
5 1235 3034 4150 4249 4300
5 1529 1936 3299 3548 4301
5 204 2728 3580 4120 4302
5 1283 2140 3562 4123 4303
5 19 2752 3793 4277 4304
5 993 2211 3209 3994 4305
5 1197 2068 3616 4306 4307
5 243 2833 3957 4308 4309
5 1111 2163 3275 3961 4310
5 1479 1864 3631 4311 4312
5 178 2627 3639 4282 4313
5 1021 2444 3251 4116 4314
5 1114 2166 3515 4315 4316
5 490 2604 3474 4187 4317
5 1024 2446 3281 4124 4318
5 640 2401 3522 4268 4319
5 1571 3073 4280 4320 4321
5 1694 1799 3386 3414 4322
5 1683 3094 4323 4324 4325
5 1352 3055 4275 4326 4327
5 1590 2042 3416 4115 4328
5 1681 3093 4246 4329 4330
5 1191 2063 3206 3642 4331
5 174 2626 3648 3843 4332
5 146 2711 4122 4333 4334
5 1846 3115 4335 4336 4337
5 268 2559 3673 3685 4338
5 241 2832 4044 4339 4340
5 1847 3116 4341 4342 4343
5 424 2492 3603 3853 4344
5 85 2773 4186 4345 4346
5 1685 3095 4315 4347 4348
5 361 2687 3660 3842 4349
5 303 2792 3909 4350 4351
5 1449 2015 3316 3836 4352
5 1349 3053 4172 4353 4354
5 209 2732 3791 3928 4355
5 272 2562 3983 4356 4357
5 1108 2162 3254 3785 4358
5 1230 3031 4025 4359 4360
5 398 2872 3801 3954 4361
5 426 2494 3846 4362 4363
5 634 2397 3284 3796 4364
5 1351 3054 4176 4362 4365
5 299 2791 3780 3927 4366
5 334 2668 3835 4359 4367
5 1164 2186 3328 3922 4368
5 1232 3032 4029 4229 4369
5 458 2891 3800 3937 4370
5 487 2603 3677 4226 4371
5 813 2420 3357 3933 4372
5 815 2421 3311 4054 4373
5 51 2648 3782 4374 4375
5 1313 1994 3483 4335 4376
5 938 2375 3391 4060 4377
5 148 2712 3940 4378 4379
5 1618 1729 3498 4341 4380
5 879 2282 3419 3969 4381
5 87 2774 4069 4382 4383
5 1617 1728 3645 4323 4384
5 791 2516 3397 4183 4385
5 428 2495 3624 4326 4386
5 996 2214 3445 4262 4387
5 1686 3096 4388 4389 4390
5 173 2623 3518 3998 4391
5 672 2911 3866 4265 4392
5 1849 3117 4393 4394 4395
5 423 2491 3448 3968 4396
5 914 2992 4006 4350 4397
5 858 2955 4030 4244 4398
5 1641 1777 3233 3763 4399
5 1198 2069 3764 4388 4400
5 676 2914 4035 4308 4401
5 1642 1778 3269 3807 4402
5 1399 1967 3809 4403 4404
5 1064 3015 4168 4374 4405
5 1699 1804 3302 3599 4406
5 1424 1916 3600 4255 4407
5 766 2974 4173 4408 4409
5 1700 1805 3334 3643 4410
5 462 2894 4106 4411 4412
5 1397 1965 3360 3786 4413
5 1644 1780 3788 4414 4415
5 918 2994 4039 4240 4416
5 1396 1964 3296 3721 4417
5 1141 2094 3729 4261 4418
5 675 2913 3972 4097 4419
5 1308 1990 3308 3806 4420
5 730 2307 3815 4347 4421
5 850 2950 3875 4216 4422
5 765 2973 4089 4108 4423
5 484 2601 3524 4086 4424
5 968 2353 3652 4213 4425
5 913 2991 3892 4082 4426
5 764 2972 3971 4074 4427
5 695 2578 3493 4071 4428
5 787 2514 3508 4079 4429
5 367 2691 3803 4408 4430
5 1166 2189 3340 4095 4431
5 1400 1968 3657 4432 4433
5 306 2793 3966 4411 4434
5 1310 1991 3363 3951 4435
5 1534 1941 3777 4436 4437
5 120 2855 4100 4438 4439
5 1196 2067 3440 3797 4440
5 613 2472 3537 4320 4441
5 970 2355 3424 4256 4442
5 732 2308 3574 4389 4443
5 1576 3077 4403 4444 4445
5 1353 3056 4414 4446 4447
5 1574 3076 4311 4448 4449
5 1573 3075 4306 4450 4451
5 330 2669 3812 3823 4452
5 365 2690 3992 4453 4454
5 489 2605 3726 3981 4455
5 53 2649 4130 4456 4457
5 609 2471 3553 3999 4458
5 150 2713 4084 4459 4460
5 1688 3097 4432 4461 4462
5 547 2539 3767 3833 4463
5 21 2753 4052 4464 4465
5 1851 3118 4466 4467 4468
5 638 2399 3745 3757 4469
5 117 2853 4190 4470 4471
5 728 2305 3585 3888 4472
5 246 2834 4210 4473 4474
5 1236 3035 4167 4356 4475
5 522 2812 3938 3955 4476
5 551 2540 3826 4353 4477
5 991 2210 3400 3950 4478
5 1062 3014 4142 4453 4479
5 523 2813 3964 4068 4480
5 642 2402 3931 4450 4481
5 727 2304 3427 3960 4482
5 1061 3013 4038 4222 4483
5 674 2912 3946 4067 4484
5 702 2582 3665 4219 4485
5 1019 2443 3476 4064 4486
5 1258 2237 3465 4198 4487
5 274 2563 3947 4488 4489
5 1645 1781 3670 4466 4490
5 1087 2331 3532 4087 4491
5 55 2651 4076 4492 4493
5 1480 1865 3682 4393 4494
5 1143 2092 3570 3943 4495
5 25 2756 4203 4496 4497
5 1088 2332 3558 4324 4498
5 883 2285 3699 4444 4499
5 1144 2095 3589 4394 4500
5 1689 3098 4501 4502 4503
5 608 2468 3576 4059 4504
5 855 2953 4014 4339 4505
5 1853 3119 4506 4507 4508
5 878 2281 3591 3918 4509
5 585 2934 4147 4464 4510
5 588 2935 4177 4378 4511
5 1532 1939 3383 3680 4512
5 402 2875 4181 4382 4513
5 1477 1862 3411 3838 4514
5 1535 1942 3840 4501 4515
5 524 2814 4114 4438 4516
5 1616 1726 3437 3923 4517
5 1702 1807 3925 4518 4519
5 771 2977 4307 4488 4520
5 1701 1806 3459 3496 4521
5 589 2936 4247 4522 4523
5 1533 1940 3479 3629 4524
5 1065 3016 4312 4525 4526
5 403 2876 4242 4527 4528
5 1478 1863 3511 3775 4529
5 461 2893 4109 4202 4530
5 999 2215 3794 4336 4531
5 305 2794 4113 4209 4532
5 1116 2167 3958 4461 4533
5 857 2954 4021 4208 4534
5 587 2933 4090 4201 4535
5 789 2515 3626 4197 4536
5 1026 2447 3640 4205 4537
5 337 2671 3973 4522 4538
5 1454 2018 3482 4065 4539
5 1703 1808 3820 4540 4541
5 554 2542 3890 4525 4542
5 1507 2117 3497 4206 4543
5 1537 1944 3831 4544 4545
5 215 2735 4110 4527 4546
5 1428 1917 3514 3934 4547
5 945 2380 3714 4446 4548
5 1288 2143 3604 4343 4549
5 1200 2070 3737 4502 4550
5 1357 3058 4518 4551 4552
5 1239 3037 4437 4553 4554
5 1355 3057 4436 4555 4556
5 1237 3036 4415 4557 4558
5 704 2583 3878 3990 4559
5 180 2629 4137 4560 4561
5 793 2517 3710 4121 4562
5 277 2565 4231 4563 4564
5 705 2584 3883 4129 4565
5 431 2496 4218 4566 4567
5 972 2354 3695 4016 4568
5 371 2694 4224 4569 4570
5 1579 3078 4540 4571 4572
5 822 2424 3896 3907 4573
5 213 2734 4196 4574 4575
5 1691 3099 4544 4576 4577
5 939 2378 3739 3912 4578
5 400 2874 4164 4470 4579
5 998 2212 3736 3868 4580
5 309 2795 4328 4581 4582
5 1112 2164 3706 3754 4583
5 464 2895 4285 4574 4584
5 919 2995 4151 4333 4585
5 399 2873 4075 4098 4586
5 820 2425 3783 4329 4587
5 965 2351 3539 4094 4588
5 768 2975 4276 4456 4589
5 212 2733 4083 4104 4590
5 943 2379 3941 4448 4591
5 1139 2091 3560 3995 4592
5 769 2976 4281 4560 4593
5 336 2670 4032 4217 4594
5 885 2286 4070 4555 4595
5 1195 2066 3546 3849 4596
5 1287 2142 3615 4072 4597
5 183 2631 4091 4598 4599
5 1375 2261 3630 4220 4600
5 433 2498 4018 4601 4602
5 1647 1783 3851 4506 4603
5 1376 2262 3644 4330 4604
5 644 2403 3871 4553 4605
5 1482 1867 3755 4507 4606
5 1262 2241 3727 4449 4607
5 1118 2168 3861 4551 4608
5 1429 1918 3746 4468 4609
5 1580 3079 4610 4611 4612
5 1086 2330 3701 4055 4613
5 678 2915 4158 4345 4614
5 467 2897 4316 4492 4615
5 1398 1966 3527 3668 4616
5 122 2856 4319 4460 4617
5 529 2817 4251 4496 4618
5 1620 1727 3567 3818 4619
5 217 2736 4254 4474 4620
5 1427 1914 3582 3977 4621
5 1705 1810 3979 4610 4622
5 24 2755 4253 4346 4623
5 1402 1970 3997 4576 4624
5 681 2917 4376 4598 4625
5 1643 1779 3612 3655 4626
5 922 2997 4433 4601 4627
5 859 2956 4380 4628 4629
5 920 2996 4384 4630 4631
5 119 2854 4223 4241 4632
5 1171 2191 3804 4342 4633
5 245 2835 4250 4334 4634
5 1315 1995 3967 4467 4635
5 369 2692 4178 4340 4636
5 1202 2072 4101 4571 4637
5 495 2608 4037 4628 4638
5 1594 2044 3656 4080 4639
5 706 2585 4028 4631 4640
5 1755 1891 3669 4214 4641
5 1707 1812 3988 4642 4643
5 824 2427 3884 4558 4644
5 1595 2045 3681 4337 4645
5 1404 1972 3905 4611 4646
5 1175 2193 3879 4556 4647
5 1458 2023 3768 4462 4648
5 1317 1997 3897 4572 4649
5 1241 3038 4519 4650 4651
5 1069 3018 4541 4652 4653
5 1067 3017 4404 4566 4654
5 1028 2448 3860 4008 4655
5 339 2672 4272 4656 4657
5 794 2518 4003 4051 4658
5 493 2607 4238 4630 4659
5 492 2606 4023 4136 4660
5 616 2474 4085 4557 4661
5 1029 2449 3870 4153 4662
5 556 2544 4352 4663 4664
5 823 2426 3889 4260 4665
5 647 2405 4296 4666 4667
5 553 2541 4027 4266 4668
5 735 2310 4211 4650 4669
5 1173 2190 3857 3904 4670
5 527 2815 4303 4581 4671
5 1359 3059 4642 4672 4673
5 1259 2238 3863 4042 4674
5 526 2816 4293 4473 4675
5 1311 1992 3692 3829 4676
5 679 2916 4407 4656 4677
5 466 2896 4288 4459 4678
5 23 2754 4230 4245 4679
5 1260 2239 3948 4325 4680
5 1285 2141 3716 4117 4681
5 591 2937 4400 4563 4682
5 182 2628 4170 4237 4683
5 1090 2334 4077 4447 4684
5 276 2564 4174 4351 4685
5 1146 2097 4199 4552 4686
5 1512 2120 3776 4227 4687
5 619 2476 4149 4688 4689
5 1381 2265 3787 4354 4690
5 737 2312 4011 4652 4691
5 1621 1731 3919 4508 4692
5 1264 2240 3798 4360 4693
5 889 2289 4155 4694 4695
5 1513 2121 3808 4451 4696
5 1002 2217 4004 4651 4697
5 1623 1733 3913 4577 4698
5 1243 3039 4699 4700 4701
5 1374 2260 3872 4184 4702
5 308 2796 4298 4383 4703
5 311 2797 4387 4570 4704
5 250 2837 4443 4564 4705
5 91 2776 4386 4457 4706
5 342 2674 4318 4582 4707
5 1455 2019 3733 3986 4708
5 185 2630 4252 4471 4709
5 1539 1946 4119 4672 4710
5 497 2609 4179 4584 4711
5 1593 2043 3751 4125 4712
5 1709 1814 4127 4699 4713
5 59 2652 4317 4465 4714
5 1484 1869 4056 4612 4715
5 863 2958 4490 4688 4716
5 593 2938 4545 4694 4717
5 861 2957 4494 4663 4718
5 90 2775 4357 4375 4719
5 1456 2020 3974 4395 4720
5 248 2836 4363 4379 4721
5 1509 2119 3891 4257 4722
5 153 2714 4313 4454 4723
5 1431 1920 4061 4503 4724
5 798 2521 4166 4718 4725
5 1759 1895 3819 4234 4726
5 711 2588 4175 4677 4727
5 1756 1892 3830 4133 4728
5 1030 2450 4024 4654 4729
5 1760 1896 3839 4348 4730
5 1649 1785 4043 4673 4731
5 797 2520 4033 4593 4732
5 1757 1893 3850 4263 4733
5 1541 1948 4049 4700 4734
5 924 2998 4515 4666 4735
5 773 2978 4622 4736 4737
5 775 2979 4643 4738 4739
5 973 2356 4010 4159 4740
5 708 2587 4368 4629 4741
5 615 2473 4139 4195 4742
5 795 2519 4232 4526 4743
5 1092 2333 4144 4163 4744
5 710 2586 4372 4523 4745
5 430 2497 4165 4271 4746
5 974 2357 4225 4554 4747
5 1001 2216 4017 4289 4748
5 827 2429 4420 4716 4749
5 1174 2192 3944 4294 4750
5 949 2383 4287 4751 4752
5 646 2404 4036 4392 4753
5 1004 2219 4331 4653 4754
5 947 2381 3970 4397 4755
5 1121 2172 4291 4736 4756
5 405 2877 4418 4569 4757
5 1511 2118 3901 4048 4758
5 218 2737 4425 4497 4759
5 1071 3019 4713 4760 4761
5 1378 2263 4012 4188 4762
5 341 2673 4429 4439 4763
5 57 2650 4304 4367 4764
5 1290 2145 4092 4445 4765
5 123 2857 4421 4493 4766
5 370 2693 4309 4371 4767
5 1379 2264 4019 4321 4768
5 1600 2050 3924 4365 4769
5 977 2360 4140 4735 4770
5 1460 2022 3935 4369 4771
5 1094 2336 4274 4772 4773
5 1293 2147 3952 4475 4774
5 1150 2100 4145 4737 4775
5 1093 2335 3962 4479 4776
5 1206 2075 4162 4738 4777
5 926 2999 4734 4778 4779
5 374 2695 4442 4657 4780
5 29 2758 4500 4664 4781
5 155 2716 4441 4561 4782
5 93 2778 4499 4567 4783
5 125 2858 4550 4667 4784
5 281 2567 4385 4575 4785
5 560 2545 4314 4671 4786
5 436 2499 4248 4579 4787
5 1651 1787 4185 4701 4788
5 618 2475 4111 4510 4789
5 1407 1974 4194 4760 4778
5 683 2918 4603 4751 4772
5 407 2878 4606 4752 4790
5 470 2899 4646 4756 4791
5 154 2715 4430 4477 4792
5 1597 2048 3996 4390 4793
5 92 2777 4481 4489 4794
5 1035 2455 4171 4682 4795
5 1762 1898 3978 4269 4796
5 829 2431 4305 4757 4797
5 1599 2047 3987 4193 4798
5 976 2359 4102 4589 4799
5 1488 1872 4189 4761 4800
5 469 2898 4624 4695 4801
5 595 2939 4710 4777 4802
5 685 2919 4731 4803 4804
5 734 2309 4148 4299 4805
5 1032 2453 4358 4627 4806
5 1148 2096 4154 4191 4807
5 800 2523 4478 4625 4808
5 1292 2144 4045 4161 4809
5 498 2610 4486 4528 4810
5 887 2287 4273 4302 4811
5 1034 2452 4364 4520 4812
5 948 2382 4278 4292 4813
5 826 2428 4297 4409 4814
5 1265 2242 4156 4283 4815
5 558 2543 4412 4428 4816
5 1120 2170 4088 4422 4817
5 1178 2196 4417 4717 4818
5 1319 1999 4073 4426 4819
5 1266 2243 4399 4790 4820
5 888 2288 4107 4505 4821
5 1321 2001 4301 4739 4803
5 28 2757 4531 4599 4822
5 187 2632 4537 4546 4823
5 865 2959 4788 4800 4824
5 1515 2123 4118 4327 4825
5 280 2566 4434 4485 4826
5 251 2838 4533 4602 4827
5 1434 1923 4066 4483 4828
5 1294 2148 4279 4801 4829
5 1625 1735 4081 4427 4830
5 1382 2266 4402 4831 4832
5 1149 2099 4096 4585 4833
5 1435 1924 4284 4802 4804
5 61 2654 4498 4659 4834
5 188 2633 4549 4741 4835
5 220 2738 4609 4749 4832
5 157 2718 4548 4661 4836
5 252 2839 4608 4669 4837
5 94 2779 4595 4605 4838
5 314 2799 4649 4754 4839
5 651 2408 4373 4675 4840
5 952 2386 4431 4759 4841
5 739 2314 4239 4614 4842
5 1627 1737 4322 4779 4824
5 532 2818 4692 4773 4820
5 313 2798 4635 4689 4831
5 533 2819 4698 4818 4829
5 60 2653 4538 4587 4843
5 156 2717 4542 4591 4844
5 1007 2222 4243 4678 4845
5 1180 2199 4310 4766 4846
5 1461 2025 4126 4300 4847
5 1269 2246 4435 4822 4848
5 1433 1922 4134 4290 4849
5 409 2879 4715 4775 4850
5 126 2859 4637 4691 4851
5 1204 2074 4270 4286 4852
5 979 2362 4482 4615 4853
5 622 2478 4588 4618 4854
5 1486 1871 4235 4295 4855
5 1097 2339 4592 4704 4856
5 437 2500 4516 4536 4857
5 1123 2171 4391 4398 4858
5 1006 2221 4396 4511 4859
5 649 2407 4401 4424 4860
5 1177 2195 4258 4405 4861
5 1205 2077 4200 4534 4862
5 1462 2026 4406 4791 4850
5 1406 1976 4221 4484 4863
5 1516 2124 4512 4784 4864
5 1653 1789 4228 4370 4865
5 1385 2269 4514 4781 4866
5 375 2696 4633 4638 4867
5 1487 1874 4207 4535 4868
5 1601 2051 4410 4839 4851
5 1626 1736 4215 4423 4869
5 1518 2127 4413 4827 4870
5 1387 2271 4517 4835 4867
5 283 2569 4607 4743 4871
5 438 2502 4604 4745 4872
5 346 2677 4648 4806 4870
5 500 2613 4645 4808 4848
5 623 2480 4543 4810 4873
5 376 2697 4647 4747 4874
5 62 2655 4644 4684 4875
5 30 2759 4686 4697 4876
5 1125 2175 4377 4703 4877
5 893 2293 4487 4763 4878
5 1098 2340 4539 4823 4873
5 222 2739 4724 4770 4864
5 344 2675 4720 4725 4866
5 282 2568 4640 4680 4879
5 1324 2004 4381 4721 4880
5 1465 2029 4440 4794 4881
5 1320 2000 4264 4416 4882
5 1298 2153 4547 4843 4872
5 741 2315 4504 4513 4883
5 1409 1978 4349 4419 4884
5 1153 2103 4509 4617 4885
5 1543 1951 4361 4366 4886
5 1296 2151 4596 4705 4887
5 892 2292 4613 4620 4888
5 953 2387 4681 4707 4889
5 1270 2247 4621 4780 4890
5 1545 1952 4332 4586 4891
5 1763 1899 4521 4837 4876
5 1712 1817 4355 4476 4892
5 1604 2054 4616 4783 4893
5 1521 2129 4619 4834 4879
5 561 2547 4722 4727 4890
5 1654 1790 4338 4530 4894
5 1766 1902 4524 4838 4874
5 1656 1792 4344 4632 4895
5 1605 2056 4529 4844 4871
5 562 2548 4696 4812 4881
5 653 2411 4690 4814 4896
5 742 2317 4600 4816 4897
5 715 2592 4730 4846 4853
5 803 2526 4641 4841 4854
5 714 2591 4733 4797 4856
5 982 2365 4639 4857 4878
5 189 2634 4729 4765 4893
5 439 2503 4732 4768 4898
5 1210 2080 4491 4767 4899
5 1411 1979 4458 4679 4900
5 1154 2104 4597 4826 4897
5 502 2614 4793 4795 4887
5 652 2410 4702 4711 4901
5 1439 1928 4495 4792 4896
5 1630 1740 4472 4719 4902
5 1209 2079 4578 4623 4903
5 1713 1818 4452 4480 4904
5 1438 1927 4583 4706 4905
5 1546 1953 4463 4532 4906
5 1491 1876 4469 4634 4907
5 1466 2030 4676 4782 4898
5 1126 2176 4674 4709 4908
5 1182 2200 4708 4785 4901
5 832 2433 4712 4786 4889
5 1768 1904 4626 4836 4875
5 1714 1819 4455 4590 4909
5 833 2435 4769 4859 4880
5 954 2389 4774 4861 4902
5 1011 2225 4687 4860 4899
5 1127 2177 4693 4813 4910
5 894 2294 4776 4815 4911
5 1039 2459 4726 4877 4883
5 804 2527 4796 4845 4885
5 1038 2458 4728 4840 4888
5 624 2482 4799 4825 4905
5 743 2318 4762 4789 4912
5 1492 1877 4568 4764 4910
5 1547 1954 4562 4683 4913
5 1009 2224 4758 4787 4908
5 1631 1741 4580 4723 4911
5 1325 2005 4670 4714 4912
5 1412 1980 4573 4636 4914
5 1715 1820 4559 4594 4915
5 1716 1821 4565 4660 4916
5 1184 2202 4771 4858 4900
5 1272 2249 4828 4882 4895
5 1100 2342 4833 4847 4907
5 1327 2006 4750 4811 4913
5 1211 2081 4744 4755 4917
5 1413 1981 4665 4742 4918
5 1156 2105 4809 4821 4914
5 983 2366 4798 4842 4903
5 1657 1793 4655 4685 4917
5 1658 1794 4662 4746 4918
5 1548 1955 4658 4668 4919
5 1468 2032 4819 4852 4909
5 1522 2130 4830 4884 4891
5 1300 2154 4849 4862 4906
5 1388 2272 4868 4869 4894
5 1441 1930 4807 4817 4915
5 1633 1742 4748 4805 4916
5 1493 1878 4740 4753 4919
5 1607 2057 4855 4863 4904
5 1769 1905 4865 4886 4892
