# Generated using Miratope v0.5.0 (https://github.com/galoomba1/miratope-rs)
4OFF

# Vertices, Faces, Edges, Cells
120 4200 1200 1320

# Vertices
0.809016994374945 0.809016994374945 0.809016994374945 0.809016994374945 
0.809016994374945 0.809016994374945 0.809016994374945 -0.809016994374945 
0.809016994374945 0.809016994374945 -0.809016994374945 0.809016994374945 
1.30901699437495 -0.5 0 0.809016994374945 
0.809016994374945 0.809016994374945 -0.809016994374945 -0.809016994374945 
1.30901699437495 -0.5 0 -0.809016994374945 
0.809016994374945 0 0.5 1.30901699437495 
0.809016994374945 -0.5 1.30901699437495 0 
1.30901699437495 0 -0.809016994374945 0.5 
0 -1.30901699437495 0.5 0.809016994374945 
0.5 -1.30901699437495 -0.809016994374945 0 
1.30901699437495 0.809016994374945 0.5 0 
0.5 0 1.30901699437495 0.809016994374945 
0 0.809016994374945 1.30901699437495 -0.5 
0.5 -1.30901699437495 0.809016994374945 0 
0 -0.5 0.809016994374945 -1.30901699437495 
0 0.809016994374945 1.30901699437495 0.5 
-0.5 0.809016994374945 0 1.30901699437495 
-0.809016994374945 -0.5 1.30901699437495 0 
-1.30901699437495 -0.5 0 0.809016994374945 
-0.809016994374945 0.809016994374945 0.809016994374945 0.809016994374945 
-0.809016994374945 0.809016994374945 0.809016994374945 -0.809016994374945 
1.30901699437495 0 0.809016994374945 0.5 
0 -0.5 0.809016994374945 1.30901699437495 
0.5 0 1.30901699437495 -0.809016994374945 
0.809016994374945 -1.30901699437495 0 0.5 
0 -1.30901699437495 0.5 -0.809016994374945 
-0.809016994374945 0.809016994374945 -0.809016994374945 0.809016994374945 
0 -0.5 -0.809016994374945 1.30901699437495 
0.5 0.809016994374945 0 1.30901699437495 
1.30901699437495 0.809016994374945 -0.5 0 
0.809016994374945 -0.5 -1.30901699437495 0 
-0.809016994374945 0 0.5 1.30901699437495 
-0.809016994374945 -1.30901699437495 0 0.5 
0 1.61803398874989 0 0 
-1.30901699437495 0.809016994374945 0.5 0 
0 0.809016994374945 -1.30901699437495 0.5 
0.5 0.809016994374945 0 -1.30901699437495 
0 1.30901699437495 0.5 0.809016994374945 
-0.5 0 -1.30901699437495 0.809016994374945 
-0.5 -0.809016994374945 0 1.30901699437495 
-1.30901699437495 0.5 0 0.809016994374945 
0 0 0 1.61803398874989 
-0.809016994374945 0.5 1.30901699437495 0 
-1.30901699437495 -0.809016994374945 0.5 0 
-0.5 0 1.30901699437495 0.809016994374945 
0 1.30901699437495 -0.5 0.809016994374945 
-0.809016994374945 1.30901699437495 0 -0.5 
0.809016994374945 -0.809016994374945 -0.809016994374945 0.809016994374945 
1.30901699437495 0.5 0 0.809016994374945 
0.809016994374945 -1.30901699437495 0 -0.5 
1.30901699437495 0 0.809016994374945 -0.5 
0.809016994374945 -0.809016994374945 0.809016994374945 0.809016994374945 
-0.809016994374945 -0.809016994374945 0.809016994374945 0.809016994374945 
0 0.5 0.809016994374945 1.30901699437495 
-0.809016994374945 -0.809016994374945 -0.809016994374945 0.809016994374945 
0 0.5 -0.809016994374945 1.30901699437495 
1.61803398874989 0 0 0 
0.809016994374945 0.5 -1.30901699437495 0 
0 -0.809016994374945 1.30901699437495 -0.5 
0.809016994374945 0 0.5 -1.30901699437495 
-1.30901699437495 0 0.809016994374945 -0.5 
0.809016994374945 0.5 1.30901699437495 0 
-0.5 1.30901699437495 0.809016994374945 0 
0 -1.61803398874989 0 0 
1.30901699437495 -0.809016994374945 0.5 0 
0.809016994374945 1.30901699437495 0 -0.5 
1.30901699437495 0 -0.809016994374945 -0.5 
0 0.5 0.809016994374945 -1.30901699437495 
-0.5 1.30901699437495 -0.809016994374945 0 
0 0 1.61803398874989 0 
-0.809016994374945 -0.809016994374945 0.809016994374945 -0.809016994374945 
0.5 1.30901699437495 0.809016994374945 0 
-1.30901699437495 0 0.809016994374945 0.5 
-1.30901699437495 0.809016994374945 -0.5 0 
-0.809016994374945 0 -0.5 1.30901699437495 
0 -1.30901699437495 -0.5 0.809016994374945 
-1.61803398874989 0 0 0 
-0.809016994374945 1.30901699437495 0 0.5 
0.809016994374945 0 -0.5 1.30901699437495 
1.30901699437495 -0.809016994374945 -0.5 0 
0.5 -0.809016994374945 0 1.30901699437495 
0.5 0 -1.30901699437495 0.809016994374945 
0 1.30901699437495 -0.5 -0.809016994374945 
0.809016994374945 1.30901699437495 0 0.5 
0.809016994374945 0 -0.5 -1.30901699437495 
0 -0.809016994374945 -1.30901699437495 0.5 
0 -0.809016994374945 1.30901699437495 0.5 
0.809016994374945 -0.809016994374945 0.809016994374945 -0.809016994374945 
-0.5 -1.30901699437495 0.809016994374945 0 
0.809016994374945 -0.809016994374945 -0.809016994374945 -0.809016994374945 
1.30901699437495 0.5 0 -0.809016994374945 
-0.5 0 1.30901699437495 -0.809016994374945 
-0.809016994374945 0.809016994374945 -0.809016994374945 -0.809016994374945 
-1.30901699437495 -0.5 0 -0.809016994374945 
-0.809016994374945 0 0.5 -1.30901699437495 
-1.30901699437495 0 -0.809016994374945 -0.5 
-0.5 -1.30901699437495 -0.809016994374945 0 
-0.809016994374945 -1.30901699437495 0 -0.5 
0 -0.5 -0.809016994374945 -1.30901699437495 
-0.5 0.809016994374945 0 -1.30901699437495 
-0.809016994374945 -0.5 -1.30901699437495 0 
0 0.809016994374945 -1.30901699437495 -0.5 
-0.809016994374945 0 -0.5 -1.30901699437495 
0 -1.30901699437495 -0.5 -0.809016994374945 
0.5 -0.809016994374945 0 -1.30901699437495 
0 1.30901699437495 0.5 -0.809016994374945 
-1.30901699437495 0.5 0 -0.809016994374945 
0.5 1.30901699437495 -0.809016994374945 0 
0 0 0 -1.61803398874989 
0.5 0 -1.30901699437495 -0.809016994374945 
-0.809016994374945 -0.809016994374945 -0.809016994374945 -0.809016994374945 
-0.809016994374945 0.5 -1.30901699437495 0 
0 0.5 -0.809016994374945 -1.30901699437495 
-1.30901699437495 0 -0.809016994374945 0.5 
-1.30901699437495 -0.809016994374945 -0.5 0 
0 0 -1.61803398874989 0 
-0.5 0 -1.30901699437495 -0.809016994374945 
-0.5 -0.809016994374945 0 -1.30901699437495 
0 -0.809016994374945 -1.30901699437495 -0.5 

# Faces
4 1 0 2 4
4 1 0 3 5
3 0 2 3
3 4 5 1
4 2 4 5 3
4 7 6 8 5
3 6 7 9
4 8 10 9 6
4 5 10 9 7
3 8 5 10
3 11 12 13
4 12 14 5 11
4 13 11 5 15
4 13 12 14 15
3 14 15 5
3 6 16 17
4 6 16 18 9
4 9 19 17 6
4 17 19 18 16
3 9 19 18
4 0 20 21 1
3 0 7 1
4 0 20 18 7
4 21 18 7 1
3 21 18 20
4 23 22 24 18
3 22 25 23
4 24 22 25 26
4 18 23 25 26
3 24 18 26
4 0 2 27 20
4 0 2 28 23
3 20 23 0
3 27 28 2
4 20 23 28 27
3 29 30 22
4 29 22 25 28
4 22 30 31 25
4 30 31 28 29
3 28 31 25
4 12 32 28 3
3 12 3 14
4 12 14 33 32
4 3 28 33 14
3 32 28 33
4 13 34 29 12
4 34 35 32 29
3 34 35 13
3 32 29 12
4 12 13 35 32
4 6 11 34 17
4 11 34 36 8
3 34 36 17
3 6 11 8
4 17 6 8 36
4 30 34 16 22
4 34 16 24 37
3 34 37 30
3 24 16 22
4 30 22 24 37
3 2 6 38
4 6 2 39 40
4 38 2 39 41
4 38 41 40 6
3 40 41 39
4 42 41 43 12
3 42 12 9
4 42 41 44 9
4 43 44 9 12
3 43 41 44
4 45 41 46 0
3 45 13 0
4 0 13 47 46
4 13 47 41 45
3 47 41 46
4 49 12 9 48
4 48 49 51 50
3 9 50 48
3 49 12 51
4 12 51 50 9
4 48 52 53 55
4 52 48 56 54
3 52 54 53
3 48 56 55
4 53 55 56 54
4 57 48 42 0
4 46 58 57 0
3 46 42 0
3 57 58 48
4 48 58 46 42
3 57 52 0
4 0 52 59 13
4 0 57 60 13
4 57 60 59 52
3 13 59 60
4 54 62 59 53
4 53 54 63 61
3 59 61 53
3 62 54 63
4 63 61 59 62
4 6 65 64 40
3 64 59 65
4 64 59 45 40
4 45 6 65 59
3 6 40 45
4 6 2 66 62
4 2 6 65 67
3 66 67 2
3 65 62 6
4 62 65 67 66
4 12 51 66 38
3 12 38 43
4 51 12 43 68
4 66 38 43 68
3 66 68 51
4 63 66 49 54
3 54 49 56
4 66 69 56 49
4 54 63 69 56
3 63 69 66
4 34 0 70 21
4 34 37 51 0
3 70 51 0
3 34 37 21
4 70 51 37 21
4 21 71 53 20
4 20 21 24 12
3 20 53 12
3 21 71 24
4 53 12 24 71
4 72 54 73 21
4 21 74 46 72
3 21 73 74
3 72 46 54
4 54 46 74 73
4 12 29 75 53
4 3 76 53 12
3 75 76 53
3 12 3 29
4 3 76 75 29
4 78 16 18 77
3 78 75 77
4 18 77 75 23
4 23 75 78 16
3 16 23 18
3 0 20 34
4 20 0 79 75
4 34 0 79 36
4 36 75 20 34
3 75 36 79
4 0 79 80 51
4 0 23 14 51
3 0 23 79
3 80 14 51
4 23 14 80 79
3 22 1 16
4 14 22 1 15
4 18 15 1 16
4 16 22 14 18
3 15 18 14
3 73 70 54
4 54 70 14 81
4 33 73 70 14
4 54 81 33 73
3 33 81 14
4 30 46 54 22
3 81 22 54
4 30 82 81 22
4 46 54 81 82
3 30 46 82
4 72 12 3 30
3 12 72 24
4 30 72 24 5
4 3 5 24 12
3 3 5 30
4 30 1 16 29
4 78 83 1 16
3 1 30 83
3 78 29 16
4 29 78 83 30
4 0 66 58 79
4 66 69 17 0
3 79 17 0
3 66 69 58
4 17 79 58 69
3 1 22 84
4 22 1 85 80
4 1 84 58 85
4 84 22 80 58
3 80 85 58
3 57 6 25
4 58 56 6 57
4 25 57 58 86
4 56 6 25 86
3 56 86 58
3 0 52 70
4 52 40 17 0
4 0 70 73 17
4 52 70 73 40
3 40 73 17
4 49 54 40 48
4 49 48 39 46
3 40 48 39
3 49 46 54
4 54 40 39 46
4 80 64 87 22
3 64 87 40
4 79 40 64 80
4 22 87 40 79
3 80 22 79
4 62 88 25 6
4 88 89 45 62
3 88 89 25
3 6 62 45
4 6 45 89 25
4 57 88 70 0
3 0 57 66
4 68 70 0 66
4 66 57 88 68
3 88 68 70
4 48 52 88 90
3 48 49 52
4 88 52 49 91
4 48 49 91 90
3 88 90 91
4 63 1 22 54
4 22 1 92 87
3 1 92 63
3 22 87 54
4 63 92 87 54
4 49 62 63 46
3 91 62 49
4 46 83 91 49
4 62 63 83 91
3 63 83 46
4 84 6 45 63
3 56 84 6
4 84 56 41 63
4 41 56 6 45
3 45 63 41
4 21 20 27 93
4 21 94 19 20
3 20 27 19
3 93 94 21
4 27 19 94 93
4 18 19 96 95
4 19 97 26 18
3 18 95 26
3 19 97 96
4 26 97 96 95
4 16 23 89 92
4 23 16 35 19
3 16 92 35
3 23 89 19
4 35 92 89 19
4 5 37 13 7
4 26 7 13 95
3 7 26 5
3 37 95 13
4 95 37 5 26
3 7 9 45
4 45 7 15 61
4 9 7 15 98
4 45 61 98 9
3 15 98 61
4 4 93 21 1
4 1 4 99 15
3 1 15 21
3 4 99 93
4 21 15 99 93
3 74 61 100
4 74 61 98 101
4 74 100 99 101
4 98 99 100 61
3 101 99 98
4 92 60 50 89
4 60 92 94 99
3 89 94 92
3 50 99 60
4 89 94 99 50
3 11 16 34
4 11 34 100 60
4 34 16 92 100
4 92 60 11 16
3 92 100 60
4 35 95 37 34
4 35 34 102 96
3 37 102 34
3 96 35 95
4 95 37 102 96
4 13 45 17 34
3 17 74 34
4 61 13 34 74
4 61 74 17 45
3 45 61 13
3 77 98 18
4 77 75 76 98
4 18 98 76 23
3 75 76 23
4 23 7 13 20
3 61 20 13
4 23 89 61 20
4 7 13 61 89
3 23 7 89
4 29 27 35 16
4 19 27 29 23
3 19 27 35
3 16 29 23
4 35 100 102 27
4 27 35 94 101
3 102 101 27
3 35 100 94
4 100 102 101 94
4 73 33 28 17
4 74 17 28 101
3 73 17 74
3 28 101 33
4 73 33 101 74
3 89 19 61
4 61 19 101 103
4 89 104 101 19
4 89 61 103 104
3 103 104 101
3 93 77 21
4 98 77 21 15
4 99 93 77 98
3 15 98 99
4 1 100 35 16
3 15 100 1
3 18 35 16
4 100 15 18 35
4 70 15 94 73
3 14 15 70
3 33 94 73
4 14 33 94 15
3 34 37 13
4 37 103 74 34
4 13 37 103 61
3 61 103 74
3 17 0 34
4 34 17 73 21
3 21 73 70
4 34 93 77 20
3 77 20 75
3 34 93 36
4 77 93 36 75
3 12 20 72
4 20 61 68 72
4 59 12 20 61
4 72 68 59 12
3 59 68 61
3 0 51 30
4 30 83 63 0
4 0 51 68 63
4 83 68 51 30
3 63 83 68
3 14 70 22
4 70 68 91 22
4 70 14 105 68
4 22 91 105 14
3 91 68 105
3 0 52 42
4 0 52 80 30
4 82 42 0 30
4 42 52 80 82
3 30 80 82
4 62 49 80 88
4 66 85 88 62
3 85 88 80
3 66 49 62
4 85 66 49 80
3 64 81 80
4 64 81 12 59
4 64 80 51 59
4 12 81 80 51
3 12 51 59
4 22 54 53 14
4 54 79 76 53
3 53 76 14
3 22 54 79
4 22 14 76 79
4 0 42 53 70
3 70 63 0
4 41 42 0 63
4 53 41 63 70
3 41 53 42
4 53 71 88 52
3 88 62 52
4 53 43 62 52
4 62 43 71 88
3 53 71 43
4 12 49 46 20
4 12 81 75 20
3 20 46 75
3 49 81 12
4 49 81 75 46
4 62 54 46 66
3 54 43 62
4 62 66 47 43
4 47 43 54 46
3 46 66 47
4 72 22 79 46
3 91 72 22
4 79 22 91 58
4 58 91 72 46
3 46 79 58
4 66 0 3 67
3 3 7 0
4 7 60 66 0
4 3 7 60 67
3 67 60 66
4 13 12 65 60
3 13 18 12
4 12 18 26 65
4 13 18 26 60
3 65 26 60
3 12 42 38
4 12 18 19 42
4 19 42 38 35
4 38 35 18 12
3 18 35 19
3 0 66 13
4 35 17 0 13
4 69 35 13 66
3 17 35 69
4 62 45 35 106
3 59 62 45
4 62 59 95 106
4 45 35 95 59
3 35 106 95
3 27 34 2
4 2 27 32 6
4 6 2 34 16
4 16 32 27 34
3 16 32 6
3 42 2 48
4 2 48 65 11
4 42 12 11 2
4 12 42 48 65
3 12 11 65
3 2 57 4
4 2 38 106 4
4 38 62 57 2
4 4 106 62 57
3 106 38 62
4 3 0 17 28
4 3 9 45 0
3 0 45 17
3 3 9 28
4 9 28 17 45
3 6 57 62
4 62 59 50 57
4 9 6 57 50
4 62 6 9 59
3 9 59 50
4 16 7 9 32
3 16 7 92
4 92 44 32 16
4 7 92 44 9
3 9 32 44
4 12 14 71 43
4 33 71 43 32
3 14 71 33
3 12 43 32
4 87 71 68 62
4 71 87 65 105
3 68 71 105
3 62 65 87
4 68 62 65 105
4 24 71 73 16
4 71 107 106 24
3 71 73 107
3 24 106 16
4 106 16 73 107
3 22 16 29
4 29 22 91 108
4 22 16 106 91
4 29 108 106 16
3 108 106 91
4 49 12 24 91
4 14 80 49 12
3 91 80 49
3 12 14 24
4 24 14 80 91
4 21 109 88 70
4 70 72 91 88
3 88 109 91
3 21 72 70
4 72 21 109 91
3 62 54 84
4 62 65 8 84
4 54 84 8 81
4 62 54 81 65
3 65 81 8
4 16 87 81 29
4 29 16 73 75
3 75 29 81
3 73 87 16
4 81 87 73 75
4 70 53 64 88
3 70 22 88
4 81 22 88 64
4 81 53 70 22
3 64 81 53
3 12 72 49
4 49 72 78 56
4 12 32 56 49
4 72 12 32 78
3 32 56 78
4 21 70 53 77
4 21 78 54 70
3 77 78 21
3 54 70 53
4 78 54 53 77
4 84 62 43 78
4 68 83 84 62
3 78 83 84
3 43 68 62
4 78 43 68 83
3 106 93 95
4 91 110 93 106
4 93 95 105 110
4 95 105 91 106
3 105 110 91
4 62 92 109 91
4 65 91 109 26
3 92 26 109
3 62 91 65
4 65 26 92 62
3 24 16 21
4 21 83 84 16
4 24 91 83 21
4 24 16 84 91
3 91 84 83
4 73 33 111 107
4 111 26 92 107
3 33 26 111
3 73 92 107
4 92 73 33 26
4 77 111 109 21
4 77 21 83 112
3 21 83 109
3 77 112 111
4 109 83 112 111
4 90 88 71 111
4 88 90 113 68
3 88 71 68
3 90 113 111
4 71 111 113 68
3 21 77 71
4 71 21 16 87
4 77 32 16 21
4 77 71 87 32
3 32 87 16
3 22 88 87
4 68 88 22 72
4 68 88 87 43
4 87 43 72 22
3 68 72 43
3 87 44 64
4 87 24 105 64
4 64 105 95 44
4 87 44 95 24
3 95 105 24
3 78 114 93
4 43 95 93 78
4 95 44 114 93
4 78 43 44 114
3 43 95 44
4 54 78 106 62
4 62 54 73 92
3 62 92 106
3 73 78 54
4 92 106 78 73
3 72 108 78
4 68 107 78 72
4 68 113 108 72
4 108 113 107 78
3 113 107 68
4 30 3 28 36
4 30 3 10 110
3 36 110 30
3 28 10 3
4 28 10 110 36
3 3 51 14
4 51 3 31 85
4 3 14 104 31
4 51 85 104 14
3 31 85 104
3 102 85 100
4 85 100 94 104
4 102 85 104 101
3 94 104 101
4 67 82 76 50
4 82 101 99 67
3 99 67 50
3 76 101 82
4 99 101 76 50
4 2 27 93 4
3 4 31 2
4 27 101 31 2
4 4 93 101 31
3 93 101 27
4 67 11 7 50
4 7 11 37 15
3 11 67 37
3 7 50 15
4 67 37 15 50
4 15 5 10 98
4 5 15 103 110
3 10 5 110
3 98 103 15
4 10 110 103 98
4 34 37 110 36
3 34 36 74
3 103 110 37
4 110 103 74 36
4 13 51 30 34
4 34 100 85 30
3 34 13 100
3 51 85 30
4 85 51 13 100
3 29 11 34
4 11 34 102 67
4 34 102 82 29
4 67 11 29 82
3 67 102 82
3 93 27 77
4 38 27 93 106
4 77 43 38 27
4 93 106 43 77
3 38 106 43
3 53 55 77
4 77 55 56 78
3 54 78 56
3 16 11 29
4 81 65 11 29
4 11 65 87 16
3 87 81 65
3 32 38 27
4 27 82 49 38
4 32 81 82 27
4 49 38 32 81
3 82 49 81
3 20 18 12
4 20 75 33 18
4 81 33 18 12
3 81 33 75
3 54 72 22
4 22 8 108 72
4 22 54 56 8
4 72 54 56 108
3 8 108 56
3 78 16 21
4 11 37 21 16
4 37 108 78 21
4 78 108 11 16
3 11 108 37
4 108 47 20 29
3 75 20 29
4 47 20 75 112
4 29 75 112 108
3 47 112 108
3 12 38 49
4 106 91 49 38
4 38 106 24 12
3 106 24 91
3 20 72 47
4 20 72 24 18
4 20 47 95 18
4 72 47 95 24
3 24 95 18
3 53 43 54
4 14 24 43 53
4 22 54 43 24
3 22 24 14
3 54 79 84
4 84 69 41 54
4 84 79 39 69
4 41 54 79 39
3 39 69 41
3 0 63 1
4 2 69 63 0
4 4 69 63 1
3 2 4 69
4 16 17 69 106
3 17 16 73
4 73 17 69 107
3 107 69 106
4 62 54 79 57
4 62 57 25 87
3 57 25 79
3 54 87 62
4 87 25 79 54
4 16 84 57 7
4 57 84 106 60
3 60 57 7
3 16 84 106
4 7 16 106 60
4 6 57 66 38
3 58 66 57
3 6 38 56
4 66 58 56 38
4 0 1 88 52
4 1 0 45 92
3 0 52 45
3 92 88 1
4 52 88 92 45
3 63 54 41
4 41 54 87 44
4 44 92 63 41
3 92 44 87
3 66 38 62
4 38 35 92 62
4 92 62 66 100
4 100 66 38 35
3 35 100 92
3 6 7 16
4 16 73 40 6
4 6 40 89 7
4 7 89 73 16
3 40 73 89
4 40 56 38 45
3 35 38 45
4 35 114 56 38
4 45 35 114 40
3 40 114 56
4 48 2 0 52
3 0 17 2
4 40 17 2 48
3 52 40 48
4 69 38 11 4
4 13 100 4 11
3 4 100 69
3 11 38 13
4 13 38 69 100
3 27 34 20
4 27 96 61 20
4 100 34 20 61
4 34 100 96 27
3 100 96 61
4 38 11 3 42
3 42 45 38
4 45 42 3 7
4 7 45 38 11
3 7 11 3
3 66 0 63
4 92 7 0 63
4 63 66 60 92
3 60 92 7
4 2 17 63 66
3 2 66 102
4 17 2 102 74
4 63 66 102 74
3 74 63 17
4 2 57 1 34
4 16 6 57 1
3 34 1 16
3 6 2 57
4 42 39 69 38
3 42 39 19
3 35 38 69
4 35 19 39 69
3 63 45 92
4 63 45 19 74
4 92 94 74 63
4 92 94 19 45
3 19 94 74
3 12 20 29
4 20 29 28 19
4 12 9 19 20
4 29 28 9 12
3 9 19 28
3 14 70 23
4 23 19 61 70
4 61 70 14 98
4 14 23 19 98
3 98 19 61
3 18 21 16
4 21 16 17 74
4 18 21 74 19
3 19 74 17
4 15 21 16 7
3 21 37 15
3 11 7 16
4 12 18 15 51
3 9 18 12
3 51 15 50
4 18 9 50 15
3 13 45 35
4 13 45 89 15
4 94 89 45 35
4 13 35 94 15
3 89 15 94
3 1 70 0
4 0 70 14 3
4 5 14 70 1
3 5 3 14
3 2 3 11
4 16 17 2 11
4 2 17 23 3
4 16 11 3 23
3 17 23 16
3 76 42 3
4 45 89 76 42
4 76 89 7 3
3 45 89 7
3 30 34 29
4 29 12 51 30
3 12 51 13
4 42 27 34 0
4 35 45 0 34
3 45 42 0
3 35 27 34
4 27 42 45 35
4 34 1 70 20
3 34 1 100
4 100 1 70 61
3 61 70 20
4 22 88 92 16
4 23 89 88 22
3 89 88 92
3 22 23 16
3 20 70 21
4 20 19 89 70
4 70 89 94 21
3 19 94 89
4 54 52 89 73
4 76 52 54 75
3 89 52 76
3 54 75 73
4 76 89 73 75
3 54 84 63
4 54 75 36 84
4 84 36 74 63
4 63 54 75 74
3 36 75 74
4 73 16 34 74
3 100 34 74
3 16 73 92
4 74 100 92 73
3 40 45 17
4 40 17 74 115
4 40 45 61 115
3 74 115 61
4 1 83 46 0
3 0 20 46
3 1 21 83
4 21 83 46 20
4 52 70 1 57
3 84 1 57
4 54 84 1 70
4 52 54 84 57
3 52 70 54
4 7 45 63 1
3 7 15 1
4 61 15 1 63
3 63 61 45
3 16 34 17
4 17 79 30 34
4 17 79 22 16
3 30 79 22
4 7 25 79 0
3 7 45 0
4 0 79 40 45
4 45 40 25 7
3 79 40 25
4 23 79 46 20
4 19 39 46 20
3 23 19 20
3 46 79 39
4 23 79 39 19
4 44 64 81 32
3 59 44 64
3 12 81 32
4 12 59 44 32
3 24 87 16
4 16 35 95 24
4 35 44 87 16
3 95 44 35
3 43 78 54
4 40 114 78 54
4 44 40 54 43
3 114 44 40
3 11 38 12
4 12 81 8 11
4 56 8 11 38
4 12 81 56 38
3 81 56 8
3 56 41 55
4 6 56 55 9
4 45 9 55 41
3 6 9 45
4 32 56 84 16
4 35 69 84 16
3 69 84 56
3 35 32 16
4 56 32 35 69
3 6 16 84
4 65 6 84 91
4 16 6 65 24
3 91 24 65
4 65 9 45 62
3 45 92 62
4 26 9 45 92
3 65 9 26
3 48 49 65
4 40 87 65 48
4 54 49 65 87
3 40 87 54
3 62 49 54
4 49 108 106 62
4 49 108 78 54
3 106 78 108
4 11 106 43 12
4 12 59 60 11
3 60 106 11
3 12 59 43
4 59 43 106 60
4 106 92 45 38
3 38 45 41
4 38 106 107 41
4 41 107 92 45
3 106 92 107
3 20 13 18
4 20 74 100 13
4 74 20 18 94
4 100 13 18 94
3 100 74 94
3 35 27 32
4 32 27 101 33
4 33 94 35 32
3 101 33 94
3 19 45 9
3 94 26 92
4 9 26 94 19
4 74 20 29 36
3 19 74 20
3 28 29 36
4 36 74 19 28
4 23 28 114 73
4 28 23 89 97
3 23 73 89
3 28 97 114
4 89 73 114 97
4 13 11 29 20
3 20 29 23
4 23 7 11 29
3 13 7 11
3 21 16 73
4 73 89 15 21
3 15 89 7
4 7 6 32 18
3 7 25 6
4 33 25 6 32
4 18 33 25 7
3 32 18 33
3 1 34 0
4 35 92 1 34
3 35 92 45
3 21 34 93
4 21 93 114 73
4 93 34 17 114
3 73 17 114
4 41 54 81 55
3 82 55 81
4 41 55 82 46
3 41 54 46
4 42 52 64 55
3 42 45 52
4 64 52 45 44
4 42 55 44 45
3 44 55 64
4 53 20 27 55
3 61 20 53
3 96 55 27
4 53 55 96 61
3 51 52 49
4 52 45 38 49
4 13 45 52 51
4 51 49 38 13
3 13 38 45
3 20 42 27
4 72 20 27 108
4 72 20 42 49
4 42 49 108 27
3 72 49 108
3 49 56 48
4 48 56 32 9
3 12 32 9
3 32 43 77
4 77 43 59 98
4 98 77 32 9
4 59 43 32 9
3 9 59 98
3 54 53 81
4 65 59 53 81
3 59 62 65
4 45 44 95 13
3 41 45 44
3 47 95 13
4 41 44 95 47
4 32 38 47 77
4 56 112 77 32
3 77 47 112
3 32 56 38
4 38 47 112 56
3 22 70 72
4 15 5 22 70
4 70 15 37 72
4 37 72 22 5
3 15 37 5
3 0 30 46
4 30 0 13 37
4 46 30 37 47
3 13 47 37
4 51 49 108 37
3 51 80 49
4 80 110 108 49
4 51 80 110 37
3 37 110 108
3 53 70 20
4 20 29 81 53
4 22 29 20 70
3 22 81 29
3 20 34 21
4 12 11 34 20
4 34 21 24 11
3 11 24 12
4 3 82 46 0
3 0 23 3
4 0 23 75 46
4 23 3 82 75
3 82 75 46
3 30 5 22
4 5 22 81 10
4 5 30 82 10
3 82 10 81
3 12 49 42
4 80 76 42 49
4 14 12 42 76
3 80 76 14
4 3 14 24 11
3 67 11 3
4 67 105 24 11
4 3 67 105 14
3 14 105 24
3 0 51 13
4 23 0 13 18
4 18 14 51 13
3 23 18 14
4 65 90 58 49
4 81 86 90 65
3 58 90 86
3 81 49 65
4 49 58 86 81
4 11 60 90 8
4 90 8 108 113
3 90 113 60
3 8 11 108
4 11 108 113 60
4 25 90 91 22
4 24 91 90 26
3 25 90 26
3 22 91 24
3 49 38 62
4 62 87 81 49
4 62 38 32 87
3 81 32 87
3 11 65 60
3 92 16 87
4 92 87 65 60
4 57 88 64 48
3 57 6 48
4 48 64 87 6
4 6 87 88 57
3 87 88 64
3 6 16 11
4 56 6 11 108
4 6 56 78 16
3 78 108 56
4 4 57 48 116
3 57 84 4
4 84 4 116 56
4 56 48 57 84
3 56 116 48
4 25 40 54 22
3 22 8 25
3 54 40 56
4 56 40 25 8
3 22 54 84
4 22 24 106 84
4 54 43 106 84
3 106 43 24
4 49 58 69 38
3 49 58 91
3 106 69 38
4 58 69 106 91
4 57 4 109 88
3 4 106 109
3 88 62 57
4 62 106 109 88
4 57 4 34 0
3 0 57 79
4 57 79 36 4
3 36 4 34
4 84 4 60 62
4 4 84 63 100
3 60 4 100
3 63 62 84
4 60 62 63 100
4 90 4 1 88
4 22 1 4 8
3 1 88 22
3 90 4 8
4 88 22 8 90
4 11 5 109 106
3 92 106 109
4 92 7 5 109
4 92 106 11 7
3 5 7 11
3 6 11 2
4 11 2 31 5
4 2 31 25 6
4 6 11 5 25
3 31 5 25
3 57 60 62
4 26 60 57 25
4 60 62 87 26
3 25 26 87
4 62 6 17 63
3 62 87 6
4 63 73 87 62
4 6 87 73 17
3 17 63 73
4 22 84 17 23
3 22 8 84
4 23 28 8 22
4 8 28 17 84
3 28 23 17
4 69 2 11 106
3 69 17 2
3 16 11 106
4 4 106 78 36
4 106 107 117 4
3 36 117 4
3 107 78 106
4 78 107 117 36
4 107 109 110 112
4 107 109 104 115
3 110 104 109
3 107 115 112
4 112 115 104 110
4 92 1 83 107
4 92 1 85 118
3 1 85 83
3 107 118 92
4 83 107 118 85
4 88 25 8 91
4 91 88 104 110
3 88 104 25
3 110 8 91
4 104 25 8 110
3 57 90 4
4 90 4 36 86
4 90 57 79 86
3 79 86 36
3 111 86 114
4 111 113 69 114
4 113 58 86 111
4 69 114 86 58
3 69 58 113
3 80 86 64
4 85 80 64 118
4 64 86 117 118
4 85 117 86 80
3 85 117 118
3 84 56 8
4 84 83 110 8
4 56 112 83 84
4 8 110 112 56
3 112 110 83
4 63 84 91 68
3 63 69 84
4 84 91 113 69
4 68 63 69 113
3 68 113 91
4 116 27 34 4
4 34 4 8 29
3 4 8 116
3 34 27 29
4 27 116 8 29
4 93 27 55 111
4 27 82 110 93
3 82 55 27
3 110 111 93
4 55 82 110 111
4 27 108 106 35
4 108 27 96 113
3 96 27 35
3 106 113 108
4 96 113 106 35
3 106 11 24
4 11 67 113 106
4 106 113 105 24
3 105 113 67
3 2 11 38
4 2 102 37 11
4 38 2 102 47
4 11 38 47 37
3 37 47 102
4 108 82 3 11
3 3 11 5
4 11 5 110 108
4 3 5 110 82
3 110 108 82
4 60 4 8 65
4 8 4 99 10
3 99 4 60
3 8 10 65
4 65 60 99 10
4 113 116 10 105
4 10 116 96 98
3 96 116 113
3 10 105 98
4 113 105 98 96
4 28 2 67 10
3 67 2 102
4 28 101 102 2
4 102 101 10 67
3 28 101 10
4 95 111 110 37
3 95 111 26
4 26 111 110 5
3 5 110 37
3 47 77 95
4 101 77 47 102
4 95 99 101 77
4 47 95 99 102
3 99 102 101
3 4 34 93
4 4 93 95 60
4 34 13 60 4
4 13 95 93 34
3 13 60 95
4 78 112 103 21
3 37 103 21
3 108 78 112
4 37 108 112 103
4 77 95 113 112
4 77 98 119 112
3 77 98 95
3 113 119 112
4 95 98 119 113
3 61 47 20
4 75 115 61 20
4 112 115 61 47
3 112 75 115
3 70 71 21
4 71 21 37 105
4 70 71 105 51
3 37 105 51
4 107 68 105 111
4 111 110 83 107
3 105 111 110
3 83 107 68
4 68 105 110 83
3 64 105 59
4 59 61 115 64
4 64 115 103 105
4 61 103 105 59
3 103 115 61
4 43 53 98 95
3 14 98 53
3 95 43 24
4 14 98 95 24
4 71 53 55 111
4 53 41 107 71
3 53 41 55
3 107 71 111
4 55 111 107 41
4 41 46 72 43
3 46 72 83
4 43 107 83 72
4 41 107 83 46
3 43 107 41
3 72 24 91
4 72 47 113 91
4 24 95 113 91
3 47 113 95
4 98 105 68 61
4 68 61 96 113
3 105 113 68
3 61 96 98
4 13 95 113 66
3 69 66 113
3 35 95 13
4 35 95 113 69
4 77 111 116 27
3 77 47 27
4 116 113 47 27
4 77 47 113 111
3 113 116 111
4 41 61 98 55
3 98 55 9
3 41 61 45
4 44 107 112 55
4 55 119 118 44
3 112 119 55
3 107 44 118
4 107 118 119 112
3 56 55 32
4 35 32 55 96
4 55 56 69 96
3 96 69 35
3 12 59 13
4 59 13 35 44
3 32 44 35
3 106 107 43
4 107 43 59 118
4 107 106 60 118
3 60 118 59
4 53 77 111 64
4 53 77 95 59
3 53 64 59
3 111 77 95
4 95 59 64 111
4 53 42 27 77
3 38 27 42
4 53 43 38 42
3 53 77 43
3 45 38 62
4 38 47 68 62
4 62 68 61 45
4 45 61 47 38
3 68 47 61
3 38 108 106
4 108 38 41 112
4 107 112 108 106
3 107 112 41
4 70 23 17 63
3 61 70 63
4 63 17 19 61
3 19 23 17
3 21 83 74
3 17 84 16
4 17 84 83 74
3 69 39 17
4 73 115 39 17
4 69 107 115 39
3 107 115 73
3 88 1 70
4 88 1 100 118
4 70 61 118 88
3 61 100 118
3 4 1 109
4 63 107 109 1
4 69 4 109 107
3 69 107 63
4 15 85 83 21
4 21 94 117 83
3 21 15 94
3 83 117 85
4 117 94 15 85
3 61 19 74
4 97 117 74 19
4 117 74 61 118
4 19 97 118 61
3 118 97 117
4 34 35 114 36
3 34 35 100
4 36 117 100 34
4 100 117 114 35
3 36 117 114
3 109 107 92
4 92 109 104 89
4 92 107 115 89
3 104 115 89
3 45 89 40
4 89 94 114 40
3 35 94 114
3 70 73 63
4 15 100 63 70
4 94 73 63 100
3 94 15 100
3 75 20 74
3 33 18 94
4 33 94 74 75
3 78 21 83
4 21 94 114 78
4 78 83 117 114
3 94 114 117
4 36 17 35 93
4 35 93 101 19
3 93 36 101
3 19 35 17
4 17 19 101 36
3 84 4 36
4 74 36 4 100
3 74 63 100
4 84 63 70 22
3 23 70 22
3 84 17 63
4 29 23 73 78
3 23 29 28
4 28 114 78 29
3 78 73 114
4 93 109 1 34
3 92 1 109
3 34 35 93
4 35 92 109 93
3 93 34 27
4 34 27 82 30
4 30 110 93 34
3 30 110 82
4 29 32 55 82
4 78 32 55 112
3 82 112 55
3 32 78 29
4 78 112 82 29
4 42 82 108 38
3 82 3 42
3 11 108 38
4 43 38 11 24
3 37 24 11
3 43 38 47
4 37 47 43 24
3 46 72 49
4 72 37 67 49
4 46 102 67 49
4 46 102 37 72
3 37 102 67
3 34 20 13
4 20 13 95 77
3 93 95 77
4 75 46 47 77
3 75 101 77
3 47 46 102
4 102 46 75 101
3 21 78 72
4 18 12 72 21
4 78 21 18 32
3 12 32 18
3 106 78 93
4 93 78 73 94
4 93 106 92 94
3 94 92 73
3 92 62 87
3 35 38 32
4 92 35 32 87
3 4 116 93
4 84 4 93 78
4 56 78 93 116
3 56 78 84
3 63 17 45
4 17 114 107 63
4 45 44 107 63
4 44 45 17 114
3 44 107 114
3 2 38 69
4 2 38 32 28
4 28 2 69 114
4 32 114 69 38
3 28 114 32
3 40 56 6
3 78 73 16
4 56 40 73 78
4 1 7 6 84
3 84 63 1
3 6 7 45
4 77 20 42 55
3 46 42 20
4 20 77 112 46
4 55 42 46 112
3 112 55 77
4 83 112 41 63
4 63 83 103 61
3 63 61 41
3 112 83 103
4 103 61 41 112
3 66 38 47
4 58 112 47 66
3 58 112 56
4 70 20 42 52
4 70 72 49 52
3 52 49 42
3 72 70 20
4 54 49 82 75
3 49 82 108
3 75 54 78
4 78 75 82 108
4 53 43 78 75
4 107 43 53 115
3 75 53 115
3 43 107 78
4 78 107 115 75
3 12 81 53
4 12 38 41 53
4 41 56 81 53
3 41 56 38
4 77 71 70 20
4 68 47 20 70
3 77 47 20
3 68 71 70
4 71 68 47 77
4 87 44 55 81
3 44 55 41
3 81 87 54
4 56 8 10 55
3 9 10 55
3 6 56 8
3 12 11 29
4 78 29 11 106
4 12 43 78 29
3 78 106 43
4 6 32 43 62
3 62 43 59
3 6 32 9
3 54 49 72
4 72 24 65 49
4 72 24 87 54
3 65 24 87
3 67 11 65
3 81 29 82
4 81 65 67 82
4 42 48 64 53
3 65 64 48
3 42 53 12
4 65 12 53 64
3 6 38 62
4 62 6 8 91
4 62 91 108 38
4 6 38 108 8
3 108 8 91
4 48 116 27 42
3 49 42 48
4 49 108 116 48
3 108 116 27
4 47 72 54 41
3 108 47 72
3 56 54 41
4 47 108 56 41
3 57 84 6
4 84 36 31 57
4 6 28 31 57
4 6 28 36 84
3 28 31 36
4 17 36 30 0
3 17 63 0
3 83 36 30
4 83 36 17 63
4 54 79 36 78
3 40 79 54
4 79 40 114 36
3 114 36 78
3 88 57 1
4 87 16 1 88
3 16 87 6
3 1 4 34
4 22 1 34 29
3 22 8 29
3 21 70 1
4 1 84 78 21
3 84 78 54
3 7 23 0
4 23 0 63 73
4 23 73 92 7
3 92 73 63
3 17 28 6
4 87 33 28 6
3 33 87 73
3 34 29 16
4 29 75 74 34
3 73 75 74
3 70 22 54
4 25 89 70 22
4 70 89 40 54
3 89 25 40
4 25 8 29 23
3 75 23 29
4 29 8 86 75
4 23 25 86 75
3 25 8 86
4 5 7 0 30
3 0 79 30
4 79 30 5 25
3 5 25 7
4 66 102 27 38
3 102 82 27
3 38 49 66
4 49 82 102 66
4 48 2 27 55
3 2 48 6
4 32 55 48 6
3 32 55 27
4 11 67 48 6
4 6 48 50 7
3 50 67 48
3 6 11 7
3 116 108 67
4 29 28 116 108
4 67 3 28 116
4 3 67 108 29
3 28 29 3
3 0 2 34
4 0 2 67 51
4 34 2 67 37
3 37 51 67
4 12 13 66 49
3 12 49 65
4 66 60 65 49
3 60 13 66
4 7 6 38 13
3 38 32 6
4 18 32 38 13
3 7 13 18
3 13 20 47
3 29 108 11
4 13 11 108 47
3 3 51 0
4 0 45 59 51
4 51 3 9 59
3 59 9 45
3 82 42 49
4 42 49 65 9
4 9 42 82 10
4 49 65 10 82
3 10 65 9
3 54 52 49
4 76 52 49 82
3 76 82 75
3 41 42 38
4 42 82 112 41
3 112 82 108
3 0 46 66
3 3 82 67
4 67 82 46 66
3 0 20 70
4 66 0 20 47
3 68 47 66
3 47 77 43
4 43 77 75 54
3 46 54 75
4 29 72 47 27
4 30 102 27 29
3 102 27 47
3 30 72 29
4 72 47 102 30
4 54 72 51 52
4 54 43 59 52
3 52 51 59
3 72 43 54
4 51 72 43 59
3 29 81 12
4 29 81 80 30
3 80 30 51
3 38 108 49
4 37 108 38 13
3 51 13 37
4 13 61 53 12
3 61 41 53
3 12 38 13
4 13 38 41 61
3 3 42 0
3 14 70 53
4 14 3 42 53
3 27 29 20
4 81 29 27 55
3 55 81 53
3 20 77 27
4 23 33 77 20
4 27 77 33 28
3 28 33 23
3 111 33 114
4 95 111 114 35
4 95 111 33 18
4 18 33 114 35
3 95 18 35
3 34 29 36
4 36 29 32 114
3 32 114 35
4 93 78 75 101
3 94 101 93
3 78 73 75
4 73 94 101 75
3 21 20 72
4 21 93 108 72
3 93 108 27
4 93 77 71 109
3 93 109 106
3 71 77 43
4 43 106 109 71
4 21 24 87 73
4 24 21 94 26
3 21 94 73
3 24 87 26
4 73 87 26 94
4 22 72 20 23
3 18 20 23
3 22 72 24
3 34 16 35
3 37 95 24
3 71 14 24
4 71 14 23 73
4 16 23 14 24
3 16 73 23
3 20 74 21
4 20 74 115 53
4 74 21 71 115
3 71 115 53
4 1 109 71 70
3 63 70 1
4 70 71 107 63
3 107 71 109
3 22 30 1
4 1 30 46 63
3 63 46 54
3 72 29 20
4 72 83 74 20
4 29 72 83 36
3 74 36 83
3 78 43 77
4 78 83 103 77
4 43 68 103 77
3 83 68 103
4 16 23 79 84
3 78 84 16
4 75 79 84 78
3 23 79 75
4 46 75 73 63
4 112 46 63 107
3 73 63 107
3 46 112 75
4 73 107 112 75
4 87 43 77 33
3 77 33 75
3 54 87 43
4 87 33 75 54
4 106 35 94 109
4 106 109 117 69
3 117 109 94
3 69 106 35
4 35 94 117 69
4 43 107 109 24
3 26 24 109
4 107 109 26 44
4 43 24 26 44
3 43 107 44
3 91 83 109
4 63 92 109 83
3 62 92 63
3 1 84 4
3 21 78 93
3 32 33 87
4 87 33 94 92
3 35 94 92
4 21 1 88 71
3 1 16 21
3 88 87 71
4 21 71 111 93
3 21 71 73
3 93 111 114
4 73 71 111 114
3 83 107 63
3 36 114 17
4 114 107 83 36
3 45 63 0
3 51 59 68
4 59 68 63 45
3 19 61 20
3 9 59 12
4 19 61 59 9
4 13 100 118 59
3 35 100 13
3 44 59 118
4 35 44 118 100
3 35 38 27
3 100 102 66
3 66 62 60
4 43 62 60 95
4 66 47 95 60
3 47 95 43
3 12 13 20
4 20 46 66 13
3 49 66 46
3 47 20 46
4 20 19 96 47
4 47 46 39 96
3 96 39 19
3 43 53 41
4 41 96 98 53
4 96 41 43 95
3 95 98 96
4 63 69 96 61
3 61 68 63
3 113 96 69
3 0 2 42
4 42 2 69 41
3 63 41 69
3 42 55 27
4 35 44 55 27
3 45 44 35
3 52 53 42
4 42 38 62 52
3 38 62 43
3 60 62 59
3 61 63 100
4 60 100 61 59
4 45 62 84 17
3 106 84 62
4 35 106 84 17
3 45 35 17
3 54 62 52
4 52 89 92 62
3 92 73 89
4 107 73 89 118
3 73 114 107
3 97 89 118
4 114 107 118 97
3 35 106 92
4 92 118 113 106
4 35 92 118 96
3 113 118 96
4 44 87 88 118
3 88 68 118
3 43 87 44
4 43 68 118 44
4 17 40 44 35
3 40 17 39
4 35 17 39 96
4 39 96 44 40
3 96 44 35
4 6 87 43 38
3 40 87 6
3 38 43 41
4 41 40 87 43
3 40 115 64
3 61 45 59
4 69 100 61 41
4 69 117 115 41
3 100 69 117
3 61 41 115
4 100 117 115 61
3 63 73 54
4 56 114 73 54
4 63 73 114 69
3 56 114 69
3 38 69 66
4 107 43 38 69
4 68 66 69 107
3 68 43 107
3 12 14 53
4 15 61 53 14
3 13 61 15
3 95 35 93
4 93 101 98 95
4 19 98 95 35
3 101 19 98
3 21 24 18
4 24 105 103 21
4 21 103 98 18
4 18 24 105 98
3 103 105 98
4 61 47 37 15
4 47 96 99 37
3 61 96 47
3 15 37 99
4 61 96 99 15
4 35 38 108 93
3 108 37 93
4 13 37 93 35
3 35 38 13
3 51 72 37
4 43 95 37 72
4 37 95 59 51
3 95 59 43
4 34 21 77 27
4 21 34 102 103
3 77 103 21
3 102 27 34
4 27 102 103 77
3 32 27 29
4 32 43 47 27
4 43 32 29 72
3 47 72 43
4 70 61 41 54
3 89 70 61
3 40 54 41
4 41 61 89 40
4 89 88 68 61
4 103 68 88 104
3 89 88 104
3 61 68 103
3 71 109 21
4 74 21 109 117
4 109 117 115 71
3 115 117 74
4 64 87 73 115
4 87 64 118 92
3 118 115 64
3 92 73 87
4 73 92 118 115
4 63 73 71 68
4 73 71 103 74
3 68 103 71
3 73 63 74
4 63 74 103 68
3 88 68 62
3 45 61 89
4 52 0 20 53
3 0 52 79
4 52 79 75 53
3 20 75 53
4 52 64 71 70
3 40 64 52
3 73 70 71
4 40 64 71 73
3 42 45 41
4 42 41 115 76
4 41 115 89 45
3 76 115 89
3 59 43 53
4 53 59 118 115
3 107 118 115
3 73 40 54
3 46 39 74
4 73 40 39 74
4 62 45 42 49
3 42 49 46
4 42 45 63 46
3 62 45 63
3 1 16 92
4 78 107 92 16
3 83 107 78
4 73 70 68 107
3 73 70 89
4 70 68 118 89
3 68 118 107
3 71 109 88
3 43 106 62
3 88 64 52
4 44 64 88 92
3 92 45 44
3 71 87 43
4 71 43 41 115
4 40 87 71 115
3 41 115 40
4 84 62 52 79
3 62 45 52
4 45 17 79 52
3 79 17 84
3 69 84 106
3 43 41 54
4 43 41 69 106
3 68 63 70
3 22 91 84
3 18 7 16
4 95 18 16 106
4 18 7 60 95
3 95 60 106
4 19 45 59 98
3 35 19 45
3 59 95 98
4 3 29 16 7
3 29 16 32
4 29 32 9 3
3 7 9 3
4 18 9 42 20
3 20 77 18
3 9 55 42
4 18 77 55 9
3 12 43 24
4 24 12 9 26
3 9 26 44
4 20 42 2 34
3 34 2 11
3 12 20 42
4 11 6 45 13
3 11 65 6
4 13 59 65 11
3 13 59 45
4 28 6 38 27
4 19 45 38 27
3 27 28 19
3 6 38 45
4 45 6 28 19
3 29 108 27
3 35 106 16
4 32 27 96 44
3 96 47 27
3 43 32 44
4 43 47 96 44
3 60 66 57
4 57 66 102 31
4 60 57 31 99
4 66 60 99 102
3 99 31 102
3 49 48 67
4 39 102 67 48
3 46 39 102
3 82 3 30
4 3 50 85 30
4 30 85 119 82
4 82 3 50 119
3 50 119 85
3 30 0 34
3 82 27 42
4 57 2 42 52
3 57 31 2
4 2 31 76 42
4 57 31 76 52
3 42 76 52
3 2 66 0
4 27 47 66 2
3 20 47 27
3 11 60 13
4 60 13 47 113
3 108 47 113
3 52 51 0
3 2 67 48
4 52 48 67 51
3 66 68 62
4 66 68 105 67
3 65 67 105
3 9 45 42
3 62 49 65
4 42 46 72 12
3 41 46 42
3 43 72 12
3 11 3 12
4 11 60 50 3
4 12 59 50 3
3 60 50 59
3 0 20 13
3 53 59 52
4 13 20 53 59
3 0 7 13
3 30 5 37
4 3 2 38 12
3 3 28 2
3 12 32 38
3 16 11 24
3 3 23 14
4 3 51 72 29
3 108 72 29
4 72 51 67 108
3 3 67 51
3 20 42 0
4 9 42 0 7
3 7 18 9
4 21 15 51 72
3 21 15 18
3 51 72 12
3 77 32 18
4 18 13 47 77
3 47 38 13
3 1 57 0
4 57 1 83 58
3 58 83 46
4 73 78 72 70
3 68 72 70
3 107 78 73
3 46 63 0
3 23 73 75
4 23 0 57 25
3 0 70 23
3 57 88 25
4 25 23 70 88
4 22 88 85 30
3 68 85 88
3 30 72 22
4 72 30 85 68
3 16 87 22
4 17 40 87 16
3 17 79 40
4 80 91 62 52
3 80 79 52
3 62 91 84
4 80 79 84 91
4 54 79 30 72
3 72 78 54
4 72 78 36 30
3 79 30 36
4 66 63 70 51
3 51 15 70
4 100 66 51 15
3 66 100 63
3 46 63 41
4 102 46 63 100
4 63 100 96 41
4 41 96 102 46
3 102 96 100
3 68 47 72
3 85 30 102
4 85 68 47 102
4 2 34 74 39
3 2 39 42
3 34 20 74
4 42 20 74 39
3 12 42 3
4 42 3 30 46
3 46 30 72
3 38 47 27
4 19 27 47 61
3 45 19 61
3 91 22 88
4 88 92 106 91
3 16 92 106
3 16 32 78
4 44 107 78 32
3 44 107 92
4 109 24 72 83
3 109 107 83
3 72 43 24
3 87 73 71
3 63 68 62
3 16 84 22
4 81 56 84 22
4 16 22 81 32
3 56 81 32
4 72 83 58 49
3 49 58 56
3 78 72 83
4 83 58 56 78
3 109 90 4
4 11 4 90 65
4 4 109 24 11
4 65 90 109 24
3 65 24 11
3 93 109 21
4 91 108 93 109
3 91 108 72
3 62 84 6
4 6 32 78 84
3 32 43 78
3 4 106 11
4 11 29 36 4
3 78 36 29
3 62 91 88
3 8 25 6
4 5 8 84 1
3 1 84 83
4 1 5 110 83
3 8 110 5
3 1 22 5
4 1 5 26 92
4 5 22 87 26
3 92 87 26
3 21 72 24
3 73 87 54
3 92 94 109
4 94 109 83 74
3 83 74 63
3 34 1 30
4 1 109 110 30
3 93 109 110
3 106 84 4
4 5 22 84 4
4 4 106 24 5
3 22 5 24
4 8 91 72 29
3 83 72 91
3 36 29 8
4 8 91 83 36
4 70 23 29 72
3 73 23 70
3 29 72 78
3 1 57 4
4 1 57 50 15
4 4 57 50 99
3 99 50 15
4 50 52 62 60
3 50 52 89
3 92 62 60
3 34 102 100
3 11 67 60
4 100 102 67 60
3 59 51 13
4 59 118 85 51
3 85 118 100
3 13 11 34
3 6 45 17
3 2 42 38
3 52 62 57
4 2 3 51 66
3 2 31 3
4 66 2 31 85
3 66 85 51
3 5 11 4
4 4 100 15 5
3 15 100 13
3 25 7 57
4 15 85 57 7
4 104 25 57 85
4 25 7 15 104
3 85 104 15
4 31 4 11 3
3 4 31 36
3 3 11 29
4 3 31 36 29
3 37 30 51
4 30 51 50 31
4 30 37 99 31
4 51 50 99 37
3 99 31 50
4 22 79 31 5
3 14 5 22
3 79 31 76
4 5 31 76 14
3 0 57 2
4 28 25 57 2
3 23 28 25
4 51 70 23 3
4 51 70 89 50
3 23 89 70
3 51 50 3
4 23 3 50 89
3 85 57 1
4 1 34 102 85
4 2 102 85 57
3 34 2 102
3 64 80 105
3 24 87 22
4 22 24 105 80
3 11 65 8
4 11 37 105 65
4 11 8 110 37
4 105 65 8 110
3 110 37 105
3 62 91 106
4 59 105 91 62
3 95 105 59
4 51 49 81 14
3 51 67 49
4 10 81 49 67
4 10 14 51 67
3 14 10 81
3 22 72 29
4 29 32 87 22
3 32 43 87
3 68 71 43
4 68 71 14 51
3 12 14 51
3 51 72 68
4 51 67 113 68
3 113 67 108
4 22 29 82 80
3 22 80 91
3 108 82 29
4 80 91 108 82
3 79 30 80
4 79 30 102 39
4 80 30 102 119
4 79 80 119 39
3 102 119 39
3 34 102 74
3 29 75 82
4 102 74 75 82
4 52 50 67 49
3 76 52 50
3 82 49 67
3 27 42 2
4 76 101 27 42
3 101 76 31
4 65 64 86 8
3 64 86 40
3 8 65 6
4 8 6 40 86
3 29 81 32
4 81 86 36 29
4 81 86 114 32
3 36 114 86
3 56 49 108
4 56 49 80 86
4 108 56 86 110
3 110 86 80
3 62 88 87
4 88 87 81 80
3 80 81 49
3 79 54 75
4 75 79 25 33
3 25 33 87
3 91 90 58
4 58 90 25 79
3 25 79 22
3 79 84 58
4 84 78 112 58
4 75 112 58 79
3 75 112 78
3 9 42 3
4 31 39 42 3
4 9 42 39 97
4 3 9 97 31
3 39 97 31
3 28 27 29
4 27 28 31 102
3 30 102 31
3 36 17 79
4 19 76 79 17
4 36 101 76 79
3 19 76 101
3 28 6 25
3 45 19 89
4 89 25 28 19
3 7 16 1
4 3 7 1 30
3 29 30 3
4 23 79 57 7
3 57 7 50
4 76 50 57 79
4 23 7 50 76
3 23 76 79
3 109 1 88
4 30 80 88 1
4 88 109 110 80
3 30 80 110
4 36 84 106 93
3 36 110 93
3 91 84 106
4 91 110 36 84
4 37 24 71 103
4 24 5 104 71
3 104 71 103
3 37 5 24
4 5 104 103 37
3 8 5 22
3 108 37 72
4 8 108 37 5
4 85 103 112 58
4 58 86 104 85
3 86 112 58
3 103 85 104
4 104 86 112 103
4 30 110 112 46
3 30 110 37
3 46 112 47
4 37 47 112 110
4 105 113 107 71
3 71 115 107
4 71 105 119 115
4 113 119 115 107
3 105 119 113
3 14 71 104
4 68 85 104 71
3 68 85 51
3 71 43 24
4 43 47 103 71
3 37 103 47
3 22 30 80
4 30 80 105 37
3 24 37 105
3 108 113 91
4 80 119 113 91
4 108 113 119 82
3 82 80 119
4 109 88 64 111
3 80 88 64
4 64 111 110 80
3 109 111 110
3 49 72 51
4 85 51 49 58
4 85 51 72 83
3 85 83 58
3 111 71 77
3 113 68 47
3 93 116 111
4 105 111 93 37
4 93 37 67 116
4 105 111 116 67
3 67 105 37
3 90 64 111
4 90 60 95 111
4 60 59 64 90
3 59 95 60
4 72 78 93 37
3 37 93 95
3 78 43 72
3 65 67 49
3 37 72 24
4 65 24 37 67
3 91 110 109
4 110 109 26 10
4 91 65 10 110
3 65 26 10
3 91 68 62
3 108 38 47
4 91 68 47 108
3 107 109 106
4 106 108 110 109
3 108 110 112
4 59 68 85 50
4 103 68 59 98
3 59 50 98
3 68 103 85
4 85 103 98 50
3 15 1 70
3 57 50 52
4 70 15 50 52
3 60 7 13
4 7 89 118 60
4 60 13 61 118
3 89 118 61
3 68 63 66
4 68 66 102 103
3 74 102 103
4 60 118 119 67
3 67 119 102
3 60 100 118
4 100 118 119 102
3 5 104 109
4 5 104 89 7
3 89 7 92
3 1 30 85
4 1 7 50 85
3 7 50 3
3 4 93 109
4 104 109 4 31
4 101 93 109 104
3 101 31 104
3 31 102 2
3 5 11 37
4 5 37 102 31
3 31 57 25
4 31 25 26 99
3 60 99 26
4 21 37 102 74
4 21 94 99 37
3 74 94 21
3 102 37 99
4 99 102 74 94
3 60 100 13
3 26 94 18
4 60 100 94 26
3 50 85 15
4 117 85 50 97
4 94 97 50 15
3 117 97 94
3 34 36 30
4 30 85 117 36
3 100 117 85
3 13 34 0
3 57 4 60
4 7 57 66 13
3 57 85 66
4 15 85 66 13
3 13 7 15
3 47 61 13
4 61 47 113 118
3 60 118 113
3 57 2 48
4 48 119 102 2
4 57 85 119 48
3 102 119 85
3 27 116 2
4 116 2 66 113
3 47 66 113
4 39 31 4 69
4 4 69 96 99
3 99 31 4
3 69 39 96
4 99 96 39 31
3 15 85 100
4 100 96 119 85
4 15 85 119 98
4 100 15 98 96
3 98 119 96
3 113 116 67
4 67 50 97 116
4 116 97 118 113
4 113 67 50 118
3 118 50 97
3 51 59 50
4 95 99 50 59
3 95 99 37
3 11 4 60
4 31 50 60 4
3 3 50 31
3 28 8 25
4 101 110 8 28
4 101 28 25 104
3 101 110 104
4 28 97 117 36
3 97 28 19
3 36 117 74
3 110 93 37
4 93 37 15 94
4 93 94 104 110
4 37 110 104 15
3 94 15 104
4 116 114 33 10
4 99 116 114 94
3 10 99 116
3 33 114 94
4 94 33 10 99
3 5 30 1
4 1 100 102 30
4 99 5 1 100
4 30 102 99 5
3 100 102 99
3 2 116 4
4 3 10 116 2
4 5 10 116 4
3 3 10 5
3 26 109 5
4 109 117 31 5
4 26 109 117 97
4 26 97 31 5
3 117 31 97
4 21 34 4 109
4 34 74 117 4
3 4 117 109
3 34 74 21
3 34 11 37
3 36 110 8
4 34 2 116 93
3 34 2 17
4 2 17 114 116
3 93 116 114
4 110 86 64 105
3 64 86 115
3 110 105 103
4 103 110 86 115
3 47 113 112
3 61 118 115
4 115 118 113 112
4 82 119 115 75
3 74 75 115
3 82 102 119
4 74 115 119 102
4 30 110 105 51
3 83 110 30
3 68 105 51
3 71 68 107
4 107 71 104 117
4 107 117 85 68
3 85 104 117
3 82 49 80
3 66 102 85
4 80 85 102 82
4 80 76 39 58
4 104 80 58 117
3 80 104 76
3 58 117 39
4 104 76 39 117
3 88 91 80
4 91 88 118 113
4 88 118 119 80
3 119 113 118
3 46 72 47
4 47 113 58 46
3 58 113 91
3 46 79 30
4 30 79 86 110
4 79 46 112 86
3 112 86 110
4 46 83 117 39
3 39 46 41
3 107 83 117
4 107 41 39 117
3 34 17 35
4 34 102 39 17
3 102 39 96
3 44 35 114
3 117 100 118
4 117 114 44 118
4 57 2 116 90
3 66 57 2
4 57 90 113 66
3 90 116 113
4 2 69 117 31
3 28 31 2
3 114 117 69
4 114 28 31 117
3 27 38 2
3 4 106 93
4 48 67 99 97
3 39 48 97
3 67 99 102
4 102 39 97 99
4 95 113 90 26
3 97 90 26
4 96 113 90 97
3 95 113 96
3 27 116 93
4 27 19 97 116
4 93 116 97 94
3 19 94 97
4 117 4 60 118
3 31 117 4
3 60 118 50
4 50 118 117 31
4 93 106 60 99
3 93 94 99
3 92 60 106
3 47 27 108
4 101 110 108 27
4 27 101 103 47
4 110 108 47 103
3 103 110 101
3 42 82 46
4 42 19 74 46
4 82 101 19 42
4 74 101 82 46
3 101 74 19
3 75 29 36
3 3 31 76
4 76 31 36 75
4 30 36 93 37
3 93 37 99
4 93 36 31 99
3 31 36 30
3 37 72 21
3 74 102 46
3 1 100 63
3 46 102 30
4 18 35 96 98
3 15 98 18
3 35 96 100
3 13 66 47
4 66 47 103 85
4 13 47 103 15
3 15 103 85
3 19 45 42
3 46 63 74
3 27 19 101
3 61 47 103
3 0 23 17
4 18 23 17 35
3 13 18 35
3 78 106 84
4 58 113 106 84
4 78 106 113 112
3 113 112 58
4 66 113 107 63
3 60 66 113
3 92 63 107
4 107 92 60 113
3 111 95 113
3 69 114 35
3 56 108 116
4 47 96 116 108
4 56 116 96 41
3 47 41 96
3 43 68 47
4 68 118 96 47
3 118 44 96
3 44 55 32
3 107 78 112
3 69 17 63
4 17 69 96 19
3 96 61 19
3 100 34 4
4 100 96 116 4
3 27 96 116
3 6 2 17
3 63 66 62
3 39 102 2
3 41 47 38
4 41 47 102 39
3 2 11 67
4 2 69 113 67
3 69 113 106
3 66 102 47
3 99 60 95
3 38 106 11
3 45 92 7
3 83 103 21
3 91 24 105
4 91 105 103 83
3 53 70 71
3 41 63 107
3 21 78 73
4 103 21 73 115
4 112 78 73 115
3 112 103 115
3 83 84 63
3 56 112 41
4 78 108 116 114
3 113 108 116
4 113 116 114 107
3 78 107 114
3 21 77 18
4 18 26 109 21
4 18 77 111 26
3 26 109 111
3 93 35 27
4 93 35 44 111
3 44 111 55
4 111 95 47 112
3 111 110 112
3 95 37 47
3 43 107 71
4 33 114 107 71
4 43 32 114 107
3 33 114 32
3 24 105 71
3 107 106 113
4 77 101 36 78
3 101 103 77
3 78 36 83
4 101 36 83 103
3 21 1 34
4 21 1 85 103
3 102 103 85
3 1 70 22
3 29 20 34
4 72 47 61 70
3 61 70 15
3 72 37 47
3 55 64 48
4 64 87 32 55
3 32 87 6
3 48 116 2
4 48 40 114 116
3 40 17 114
3 52 57 48
3 54 84 56
3 54 40 52
4 59 44 40 52
3 44 43 59
3 39 42 41
4 41 44 97 39
3 44 97 9
3 38 49 42
4 42 39 58 49
3 69 58 39
3 18 94 21
3 32 114 78
4 94 114 32 18
3 23 70 20
4 23 33 71 70
3 71 33 77
3 14 22 81
3 16 32 18
4 18 32 81 14
3 53 42 20
4 42 39 115 53
3 115 74 39
4 49 54 70 51
3 54 70 63
3 51 49 66
3 74 20 46
4 74 100 66 46
3 13 66 100
3 76 52 79
4 52 45 19 76
3 19 45 17
4 41 46 79 40
3 79 40 86
3 41 46 112
4 40 86 112 41
4 49 52 40 56
3 45 52 40
3 49 56 38
4 58 48 6 84
4 48 6 17 39
3 48 58 39
3 17 84 6
4 17 84 58 39
3 78 114 56
4 56 58 117 114
3 83 58 117
3 66 46 63
4 113 66 46 112
3 107 113 112
3 66 62 57
4 46 66 57 79
3 54 79 46
3 77 32 78
4 32 77 101 28
4 28 36 78 32
3 28 36 101
3 38 108 27
4 108 27 28 8
3 8 6 28
4 106 78 77 95
3 77 95 18
3 78 106 16
4 17 114 33 23
3 17 114 35
3 18 33 23
3 2 66 38
3 12 3 51
3 46 42 39
3 30 31 3
4 30 31 39 46
3 2 17 28
3 101 102 74
3 29 82 27
4 19 76 82 27
4 23 76 82 29
3 23 76 19
3 38 32 43
3 69 107 114
3 56 81 54
4 81 56 114 33
3 73 114 33
3 114 116 28
3 78 108 29
3 6 40 17
4 17 40 86 36
3 36 8 86
3 8 4 11
4 69 56 8 4
3 56 69 38
3 6 38 11
4 6 87 24 11
3 87 43 24
3 17 35 16
3 40 44 87
3 25 87 22
3 28 29 32
4 28 25 87 32
3 106 35 93
3 36 17 84
3 54 75 53
4 61 53 75 74
3 61 74 63
3 34 102 30
3 79 39 17
3 17 23 73
4 23 76 39 17
4 23 73 115 76
3 39 76 115
3 70 72 51
3 29 23 3
3 70 89 52
4 19 42 52 89
3 19 20 42
3 21 77 20
3 83 112 46
3 8 36 84
3 81 75 54
4 8 81 75 36
3 78 93 108
4 82 101 93 108
3 82 101 75
3 72 20 46
3 23 22 79
4 60 62 49 67
3 108 67 49
3 106 62 60
4 106 60 67 108
4 48 67 108 56
4 48 119 112 56
3 67 119 48
3 108 56 112
4 112 119 67 108
3 6 48 65
4 48 58 91 65
3 58 84 91
3 58 39 46
3 96 47 113
4 113 58 39 96
4 42 2 116 55
3 2 116 69
3 41 42 55
4 41 69 116 55
3 7 57 6
3 66 38 13
3 41 38 69
3 61 13 100
3 46 66 58
4 66 100 117 58
4 58 117 74 46
3 100 117 74
3 84 4 69
4 84 4 31 79
3 79 31 39
4 56 49 67 116
3 56 69 116
4 67 116 69 66
3 67 49 66
3 49 62 52
3 60 50 67
3 58 57 84
4 57 58 113 60
3 60 113 106
3 7 57 0
4 48 9 7 57
3 9 48 42
4 48 2 4 90
3 4 11 2
3 48 90 65
3 5 1 7
3 6 84 8
3 16 84 1
4 84 69 100 1
3 35 69 100
4 8 116 69 84
3 8 116 28
4 17 69 116 28
3 69 84 17
3 29 72 12
4 72 12 65 91
4 12 65 8 29
3 65 8 91
3 46 82 49
4 91 49 82 110
4 46 83 110 82
3 83 110 91
3 22 80 81
3 58 84 56
4 80 58 56 81
3 108 8 29
4 108 8 86 112
3 75 86 112
3 12 53 43
3 75 29 78
4 2 39 76 3
3 39 17 2
3 3 23 76
3 84 57 79
3 23 7 16
3 75 79 46
4 79 31 102 46
4 75 101 31 79
3 102 31 101
4 84 83 85 57
3 85 57 31
3 84 36 83
4 85 83 36 31
3 2 4 34
4 2 4 117 39
3 74 39 117
3 30 82 29
4 82 112 83 30
3 83 112 78
3 46 49 58
4 46 58 86 75
3 75 86 81
3 22 29 23
4 23 22 80 76
3 82 76 80
3 0 30 1
3 52 88 80
3 79 84 36
4 36 79 80 110
3 91 80 110
3 51 14 70
3 54 81 49
3 2 6 28
4 6 28 10 65
3 65 67 10
3 8 4 84
3 65 62 60
3 27 116 55
4 81 8 116 55
3 81 8 29
3 48 116 90
4 90 116 108 91
3 91 108 49
3 93 36 78
3 30 72 37
3 91 65 49
3 110 82 10
3 5 110 109
3 108 11 106
3 5 8 11
3 14 81 12
4 14 5 8 81
3 30 29 36
4 30 80 86 36
3 80 86 81
3 85 100 1
3 69 84 58
4 58 69 100 85
3 42 76 39
3 80 58 49
3 30 83 46
4 31 117 83 30
3 31 39 117
4 30 79 52 51
3 51 52 50
4 50 52 79 31
3 30 31 79
3 108 116 8
4 8 116 99 5
4 108 37 99 116
3 37 99 5
3 18 12 24
3 35 106 38
4 18 35 106 24
3 34 4 11
3 21 109 24
4 108 93 114 56
3 114 93 35
3 56 38 108
3 34 16 21
3 32 27 77
3 78 36 84
3 32 28 6
3 51 66 0
4 51 80 58 66
3 79 58 80
3 62 57 84
4 57 85 68 62
3 83 68 85
3 70 88 52
3 49 72 91
3 54 72 70
3 47 41 61
3 0 46 79
3 41 45 40
3 3 30 0
3 17 28 36
3 4 5 31
3 22 84 79
3 5 109 24
4 30 5 109 83
3 72 83 30
3 11 29 8
4 11 7 25 8
3 23 7 25
3 62 92 88
4 88 92 100 85
3 85 66 100
3 15 103 21
3 73 115 89
4 103 115 89 15
3 51 68 70
4 51 68 118 50
3 89 50 118
4 92 94 104 88
3 85 88 104
3 94 100 92
4 61 74 83 68
4 83 117 118 68
3 83 117 74
3 61 118 68
3 88 57 90
3 68 113 66
3 106 60 4
3 107 118 117
3 7 92 1
4 92 118 50 7
3 118 50 85
3 91 110 108
4 91 110 103 68
3 68 103 47
3 77 112 78
3 106 95 113
3 98 103 77
3 68 59 43
3 37 93 21
3 71 111 105
4 13 51 105 95
3 51 105 14
3 95 18 13
4 18 95 105 14
3 68 91 72
3 59 12 65
4 68 59 65 91
3 1 109 21
4 1 109 26 7
3 7 26 18
3 63 100 69
4 94 114 69 100
3 73 114 94
3 21 72 83
3 51 15 85
3 21 70 15
4 98 53 70 15
3 77 53 98
3 115 71 103
3 41 47 43
4 47 103 115 41
4 59 105 37 13
3 59 13 61
3 103 105 37
3 13 7 45
4 7 26 44 45
3 95 44 26
3 92 100 63
4 100 92 44 96
3 44 96 41
3 77 103 47
4 18 15 103 77
3 15 13 18
3 88 118 64
3 53 70 61
4 53 61 118 64
3 45 92 89
3 107 115 41
3 43 77 95
4 95 77 33 26
4 95 43 87 26
3 33 87 26
3 37 21 24
4 24 37 99 26
3 99 26 94
3 111 93 109
4 44 111 109 92
3 92 35 44
3 24 109 106
4 18 24 109 94
3 35 18 94
3 63 107 68
3 45 44 59
4 59 68 107 44
3 95 106 43
4 95 106 69 96
3 41 96 69
3 62 87 43
3 95 60 26
3 6 9 65
3 18 16 24
4 18 24 65 9
3 13 37 11
3 65 105 59
3 61 74 20
3 68 83 72
4 51 52 89 15
3 89 52 45
3 13 51 15
3 57 85 50
3 62 68 59
3 1 83 63
4 15 103 83 1
3 61 103 15
3 3 42 2
4 3 42 55 10
3 10 55 116
3 30 102 82
3 5 99 10
4 102 99 10 82
3 28 101 27
3 8 110 108
3 2 116 67
3 34 37 93
3 29 8 28
3 9 65 12
4 28 8 65 9
4 25 97 116 8
3 116 97 99
3 8 25 5
4 5 99 97 25
3 57 50 31
3 9 6 28
4 31 50 9 28
4 7 3 10 26
3 67 10 3
3 7 60 26
4 67 60 26 10
3 49 80 52
4 80 52 40 86
3 56 40 86
3 58 57 85
3 25 86 104
3 88 64 90
4 81 64 90 8
3 81 8 22
3 90 8 91
4 91 83 117 90
4 8 90 117 36
3 117 36 83
3 8 4 36
4 4 99 101 36
4 10 101 36 8
3 99 101 10
3 25 79 31
3 33 101 75
4 25 33 101 31
3 23 14 22
4 14 10 8 22
4 28 10 14 23
3 10 8 28
4 5 3 76 104
3 76 3 82
3 110 104 5
4 110 82 76 104
4 52 64 90 57
3 52 79 57
4 52 79 86 64
3 90 64 86
3 65 60 90
4 66 58 90 60
3 66 49 58
3 39 48 2
3 4 117 90
4 39 117 90 48
3 56 116 8
4 40 97 116 56
3 25 40 97
4 91 113 116 8
3 69 116 113
3 8 91 84
4 17 79 86 114
3 58 79 86
3 17 69 114
3 4 116 90
4 100 118 90 4
4 96 116 90 118
3 100 118 96
4 65 64 118 60
4 64 119 67 65
3 118 64 119
3 67 60 65
3 88 118 92
3 106 113 91
4 58 48 50 85
4 58 117 97 48
3 50 97 48
3 85 58 117
4 2 67 119 39
3 2 69 39
3 67 119 113
4 69 39 119 113
4 66 69 117 85
3 68 85 66
3 107 117 69
4 57 1 109 90
3 1 57 7
4 26 90 57 7
3 26 109 90
3 83 117 109
3 31 5 30
3 11 24 5
3 6 87 25
4 24 87 25 5
3 51 67 50
3 113 118 68
3 48 64 119
3 88 85 57
4 88 64 119 85
3 91 58 83
4 91 105 119 58
4 83 103 119 58
3 105 103 119
3 52 62 59
4 52 59 105 80
3 91 80 105
3 54 79 52
3 72 51 30
3 66 113 67
3 82 112 46
4 67 113 112 82
4 106 4 99 95
3 4 5 99
3 106 95 24
4 24 95 99 5
3 59 64 52
3 57 90 60
3 58 117 90
4 60 100 117 90
3 60 66 100
3 48 58 49
3 51 85 50
3 51 13 66
4 113 66 51 105
3 105 95 113
4 57 58 119 50
3 60 50 57
3 58 119 113
4 60 113 119 50
3 90 65 91
4 65 59 118 90
4 91 90 118 68
3 59 118 68
3 48 64 52
4 52 64 105 51
4 105 64 48 67
3 105 67 51
4 80 104 15 51
3 37 15 51
3 110 104 80
3 22 8 91
4 8 91 105 10
3 14 10 105
3 1 109 5
3 14 71 70
4 14 5 109 71
3 25 22 88
4 25 88 85 31
3 30 85 31
3 85 1 88
4 71 88 85 103
3 21 71 103
3 85 103 83
3 31 36 101
4 31 101 103 85
3 5 4 8
4 4 117 86 8
4 4 117 104 5
4 8 5 104 86
3 117 104 86
3 91 109 24
4 91 109 104 80
4 14 104 109 24
3 14 104 80
4 93 116 90 109
3 91 109 90
3 116 93 108
3 64 59 118
3 80 51 85
4 50 98 95 60
3 113 95 60
3 119 50 98
4 65 105 119 48
3 48 58 119
3 105 65 91
3 37 67 108
4 103 119 67 37
3 112 103 119
3 102 47 96
3 85 68 118
4 102 85 118 96
4 109 71 64 90
4 64 90 117 115
3 117 90 109
3 64 71 115
3 88 68 91
3 104 110 103
3 110 93 108
4 93 114 86 110
3 56 114 86
4 77 112 86 33
4 77 103 104 33
3 112 103 77
3 104 33 86
4 86 80 105 111
3 113 105 111
4 58 113 105 80
3 80 86 58
3 78 36 75
4 75 115 117 36
3 117 115 107
4 71 64 55 77
3 77 71 103
4 71 64 119 103
4 55 119 103 77
3 55 64 119
3 107 44 111
4 105 59 44 111
3 68 105 59
3 21 103 74
3 18 19 98
4 103 98 19 74
3 39 76 19
4 94 117 39 19
4 94 19 76 104
3 104 117 94
4 27 96 97 28
3 102 96 27
3 28 97 31
4 102 96 97 31
3 85 50 31
4 101 31 50 98
3 101 98 103
3 4 117 100
3 5 104 15
4 15 104 117 100
3 93 35 94
3 13 37 15
3 15 89 61
4 97 89 61 96
4 15 99 97 89
3 96 97 99
3 5 15 1
3 110 83 103
3 31 102 85
4 85 118 97 31
3 96 118 97
3 1 4 100
3 90 118 88
3 57 79 31
3 46 102 66
3 58 83 84
3 17 39 74
4 74 83 58 39
3 113 69 107
3 39 119 115
3 27 55 77
4 27 55 119 102
3 102 119 103
3 93 110 101
3 105 98 95
4 98 105 110 101
3 30 102 37
3 80 119 105
4 37 105 119 102
4 82 112 111 10
3 112 113 111
4 113 67 10 111
3 67 10 82
3 90 91 113
3 26 95 24
4 116 111 109 4
3 5 109 4
3 10 111 116
4 109 5 10 111
3 111 114 107
4 110 111 114 36
3 110 36 83
3 90 8 86
4 113 112 86 90
3 113 112 108
3 111 113 107
4 60 113 111 26
3 92 26 60
3 118 90 117
3 83 68 91
3 65 90 64
4 65 24 71 64
3 71 24 109
4 18 98 50 7
3 60 7 50
3 95 98 18
3 12 3 9
4 3 9 26 5
3 24 26 5
4 15 51 67 99
3 15 51 14
3 99 67 10
4 15 99 10 14
3 51 52 70
3 71 64 105
3 64 65 87
3 92 118 60
3 68 70 61
3 14 105 98
3 71 64 53
3 24 65 12
3 53 77 20
3 13 95 59
3 1 100 92
3 26 99 5
4 99 26 92 100
3 15 89 70
3 22 25 5
4 15 89 25 5
4 7 23 33 26
3 26 92 7
3 33 23 73
3 104 94 109
3 18 14 24
4 14 104 94 18
4 81 10 116 56
3 10 116 67
3 56 81 49
3 64 105 65
3 110 86 8
3 26 111 10
3 60 67 113
3 4 116 69
4 111 107 69 116
3 111 109 107
4 90 48 55 111
3 48 58 90
4 48 55 112 58
4 90 111 112 58
3 111 112 55
3 4 99 116
3 50 57 48
4 50 99 116 48
3 27 102 2
3 55 48 119
3 56 6 48
3 11 108 67
3 106 69 4
3 96 99 95
3 90 113 58
4 39 58 90 97
3 96 97 39
4 112 110 10 55
4 103 112 55 98
3 98 55 10
3 110 112 103
3 56 81 55
4 81 55 119 80
4 55 56 58 119
3 80 119 58
3 55 96 41
4 82 102 96 55
3 46 102 82
3 95 37 105
3 102 96 119
4 96 119 105 95
3 51 105 80
3 66 113 58
4 116 48 64 111
3 116 67 48
3 105 111 64
3 80 76 79
4 110 101 76 80
3 36 101 110
3 109 110 83
4 101 110 109 94
4 101 110 83 74
3 74 94 101
3 46 74 75
4 75 86 117 74
3 58 117 86
3 102 31 39
4 115 104 31 39
4 104 103 102 31
4 103 102 39 115
3 104 103 115
4 109 91 58 117
3 109 104 117
3 58 91 80
3 30 110 5
3 86 79 25
4 86 110 5 25
4 93 111 90 4
3 93 4 36
3 90 86 111
4 93 111 86 36
3 82 108 27
4 27 96 119 82
3 96 119 113
3 3 67 2
4 67 3 76 119
3 119 76 39
3 55 42 48
3 46 58 112
3 66 85 58
3 112 103 47
3 58 79 57
4 79 76 119 58
3 50 119 76
3 66 67 51
4 100 66 67 99
3 99 100 15
4 96 69 58 119
3 69 96 100
3 85 58 119
3 55 64 111
4 82 80 64 55
3 80 82 110
3 77 111 93
4 77 111 86 75
3 36 75 86
3 111 109 90
4 109 90 58 83
3 112 58 83
3 56 116 114
3 81 10 33
3 10 116 8
3 91 113 105
3 76 79 75
4 75 76 119 112
3 112 58 119
4 36 86 115 74
3 36 110 86
3 74 115 103
4 104 80 82 101
3 80 104 85
3 101 102 82
4 90 97 28 8
3 117 90 97
3 36 28 8
3 96 69 116
4 19 96 116 28
3 17 19 28
4 79 31 97 40
3 79 31 36
3 114 97 40
4 114 36 31 97
3 74 102 39
4 39 74 94 97
3 94 97 99
3 28 116 2
3 25 90 57
4 25 90 116 28
3 90 97 25
4 79 39 97 25
3 58 39 79
3 1 109 83
3 58 90 57
3 56 112 55
3 8 110 10
3 64 81 65
4 81 82 119 64
3 82 67 119
3 55 119 96
3 69 56 58
4 64 90 116 55
3 90 116 8
3 81 55 64
4 93 108 67 99
3 99 101 93
3 82 108 67
3 106 93 108
3 99 67 60
3 83 85 30
4 112 83 85 119
3 119 82 112
3 66 69 2
3 85 117 31
3 67 99 116
4 100 99 116 69
3 66 69 100
3 96 99 116
3 108 47 37
3 60 90 4
3 93 111 95
3 26 65 24
4 67 99 26 65
3 99 37 67
3 15 85 1
3 14 22 80
4 15 85 80 14
3 57 31 4
4 88 104 31 57
3 88 104 109
3 80 30 85
3 36 86 117
3 30 51 3
4 10 105 51 3
3 105 10 110
3 67 102 66
4 102 103 105 67
3 105 68 103
3 91 106 109
3 69 117 58
3 90 25 8
4 7 25 90 60
3 60 7 11
3 46 74 83
3 82 101 110
3 69 117 4
3 56 8 86
4 56 69 117 86
3 99 100 4
3 74 101 36
3 31 104 5
3 37 103 102
3 114 116 69
3 100 94 99
3 56 41 69
4 41 56 86 115
3 117 115 86
3 74 83 103
3 39 119 58
4 74 103 119 39
4 41 112 111 44
3 95 44 111
3 47 41 112
4 93 116 55 77
3 77 78 93
3 56 116 55
3 102 103 47
3 41 115 39
3 112 83 107
3 118 85 119
3 93 114 36
4 93 114 97 99
3 99 97 31
3 39 117 69
3 94 35 19
3 100 118 92
3 74 115 73
4 100 74 115 118
3 88 70 89
4 88 89 94 109
3 21 94 109
3 88 92 109
3 44 111 64
3 107 117 109
4 107 117 97 44
3 26 44 97
3 97 90 116
4 94 97 90 109
3 93 109 94
3 92 44 26
3 100 96 99
4 96 44 26 99
4 59 98 99 60
3 61 98 59
3 100 60 99
3 18 19 20
3 96 47 95
3 15 100 61
4 15 104 115 61
3 115 117 104
3 55 116 111
3 69 107 41
3 99 95 93
3 114 97 44
4 95 44 97 99
4 96 44 64 119
3 105 119 64
3 95 44 96
3 55 112 41
3 61 98 103
3 71 104 33
3 117 107 114
4 114 33 104 117
4 90 118 115 86
3 90 118 113
3 112 86 115
3 88 71 64
3 85 119 103
3 105 67 10
3 101 103 102
4 101 10 105 103
3 93 116 99
3 77 55 98
4 98 99 116 55
3 109 94 26
3 110 101 10
4 94 101 10 26
3 5 14 24
4 5 99 98 14
3 98 95 99
3 18 77 33
4 18 15 104 33
3 103 15 104
3 50 67 119
3 37 15 103
4 50 119 103 15
3 74 102 100
3 119 115 118
3 60 90 26
4 26 94 117 90
3 100 117 94
3 97 114 116
3 113 118 107
3 32 77 33
4 33 86 56 32
3 56 112 86
3 111 64 71
4 40 64 111 114
3 73 114 40
3 28 32 27
4 28 97 44 32
3 97 44 96
3 6 48 9
4 9 48 39 19
3 19 39 17
4 18 98 55 32
3 96 55 98
3 35 18 32
4 41 96 97 40
3 40 97 89
3 61 41 96
3 20 75 23
4 75 115 89 23
3 89 115 61
3 17 36 74
3 40 86 115
3 54 41 53
4 39 76 53 41
3 79 76 39
3 111 112 107
4 111 112 75 33
3 33 75 73
3 64 71 87
3 32 55 77
4 53 115 86 81
3 53 115 41
3 56 81 86
3 98 101 77
3 28 9 32
4 98 9 28 101
4 10 33 23 3
3 10 82 3
3 75 23 33
4 75 82 10 33
3 42 19 76
3 14 18 12
4 14 18 19 76
3 6 32 56
3 25 33 86
4 44 111 86 40
3 112 86 111
3 40 44 41
3 87 81 64
4 64 115 75 81
3 75 73 115
3 56 58 48
4 48 97 114 56
3 97 114 117
3 64 118 90
4 55 96 118 64
3 96 116 55
3 75 33 86
3 94 117 74
4 94 117 86 33
3 93 101 77
4 104 71 77 101
3 104 71 109
4 115 76 82 112
3 110 82 112
3 115 76 104
3 96 116 97
3 40 56 41
3 90 64 48
4 48 64 115 39
3 115 117 39
3 111 10 33
3 112 82 75
3 75 76 115
3 36 117 31
4 115 76 31 117
3 82 55 10
4 10 55 96 99
3 102 99 96
3 48 40 56
4 115 40 48 119
4 56 40 115 112
3 112 119 115
3 64 52 80
3 82 42 55
3 9 55 32
4 55 9 3 82
3 29 3 82
3 2 39 31
3 40 25 6
4 31 39 40 25
3 82 76 42
3 115 41 112
3 52 64 53
4 75 86 64 53
3 79 75 86
3 101 82 27
3 32 81 33
4 81 33 101 82
4 28 114 111 10
3 10 111 110
3 28 36 114
3 9 48 97
3 56 114 32
4 114 32 9 97
3 23 17 79
4 23 33 86 79
3 86 33 114
3 56 112 78
3 73 115 40
3 48 39 42
3 53 115 64
3 77 75 112
3 76 119 98
3 53 64 55
3 61 118 96
3 44 107 41
3 97 39 117
3 92 118 89
3 19 35 96
4 89 19 96 118
3 33 71 73
4 33 71 103 101
3 101 103 74
3 10 116 28
4 10 28 19 98
3 96 98 19
3 101 77 33
4 99 26 33 101
3 26 99 95
3 9 18 32
4 18 94 97 9
3 114 97 94
3 75 77 53
3 86 64 111
3 76 98 53
3 39 96 41
4 98 76 39 96
4 73 40 97 94
3 40 97 39
3 73 74 94
3 93 94 114
4 104 86 114 94
3 110 104 86
3 19 27 96
3 82 119 76
4 19 76 119 96
4 75 101 98 53
3 61 98 53
3 101 75 74
4 44 114 86 64
3 44 118 64
3 86 114 117
3 19 42 9
3 82 10 101
4 9 10 101 19
3 28 97 116
3 67 50 3
4 3 28 97 50
3 31 76 39
4 98 76 31 99
3 98 99 96
3 40 64 48
3 111 116 114
3 80 119 64
4 40 64 119 39
3 39 79 40
3 40 79 52
4 52 50 97 40
3 50 97 31
3 80 88 22
4 88 89 76 80
3 23 76 89
3 65 87 6
4 87 33 10 65
3 33 10 28
3 8 86 81
4 81 86 104 14
3 14 104 5
3 48 57 90
4 48 9 26 90
3 7 26 9
4 25 90 118 89
3 60 118 90
3 25 7 89
4 80 119 98 14
3 85 119 80
3 14 98 15
3 65 67 48
4 26 65 48 97
3 26 99 97
3 9 10 3
3 51 59 105
4 10 105 59 9
3 57 52 88
4 88 104 76 52
3 104 76 31
3 80 52 51
4 52 89 104 80
3 89 15 104
3 53 59 12
4 59 50 76 53
3 76 50 3
3 81 87 22
4 81 87 26 10
3 10 26 5
3 105 24 65
4 105 98 9 65
3 9 98 18
3 88 71 70
4 71 88 25 33
3 23 33 25
4 33 86 90 26
3 86 90 117
3 94 26 33
4 25 97 118 88
3 85 118 88
3 25 97 31
4 76 98 105 80
3 110 105 80
3 101 76 98
3 89 15 50
4 50 89 115 119
3 103 119 115
3 111 71 109
4 71 14 10 111
3 5 10 14
4 53 115 104 14
3 61 53 115
3 14 15 104
3 75 101 76
3 89 73 94
4 94 101 76 89
3 77 111 55
4 26 9 55 111
3 18 26 9
4 50 97 44 59
3 59 44 95
3 50 99 97
3 19 76 89
4 118 89 76 119
3 118 96 119
4 105 71 33 10
3 105 71 103
3 101 33 10
4 33 14 105 111
3 95 111 105
3 33 18 14
3 90 109 88
4 89 88 90 97
3 94 97 89
3 7 50 9
3 92 118 44
4 9 50 118 44
3 59 65 60
4 59 98 10 65
3 98 10 99
3 71 87 24
4 87 71 104 25
3 25 104 5
3 87 92 88
4 87 88 104 33
3 94 104 33
3 71 115 73
4 14 76 115 71
3 23 76 14
4 59 9 97 118
3 61 118 59
3 19 97 9
3 25 7 26
3 45 44 40
4 25 26 44 40
3 53 70 52
4 52 50 98 53
3 98 50 15
3 48 55 116
4 55 48 50 98
3 98 50 99
3 81 80 82
4 81 33 104 80
3 33 104 101
3 65 90 8
4 65 90 97 9
3 28 97 9
3 14 76 3
3 105 67 119
4 105 14 76 119
3 111 86 110
4 26 111 86 25
3 26 25 5
4 31 104 33 28
3 28 33 114
3 31 117 104
3 28 114 17
3 9 44 45
4 44 114 28 9
3 81 64 86
3 44 114 32
3 28 116 27
3 111 77 33
4 28 116 111 33
3 8 10 81
4 81 10 101 75
3 36 75 101
4 19 42 48 97
3 116 97 48
3 19 42 27
3 39 74 19
4 19 39 119 98
3 98 119 103
3 27 77 101
3 53 76 42
4 53 77 101 76
3 115 119 64
3 81 75 82
3 64 44 40
3 39 96 119
3 25 79 23
4 19 23 25 97
3 97 39 19
3 18 94 19
3 14 104 76
3 7 23 3
3 33 10 26
3 3 31 5
3 97 9 26
3 7 15 5
3 9 10 98
3 81 65 12
4 26 33 81 65
3 26 18 33
3 31 5 99
3 76 98 14
3 33 10 14
3 99 15 94
3 18 7 23
3 98 50 76
3 15 94 18
3 9 50 97
3 59 45 52
4 98 59 52 76
3 98 19 76
3 28 3 23
3 89 50 97
3 5 7 3
3 89 104 76
4 52 89 97 48
3 89 52 88
3 90 97 48
4 10 81 53 98
3 59 98 53
3 81 65 10
3 44 111 114
4 10 111 44 9
3 9 10 28
3 73 87 40
4 40 97 26 87
3 97 94 26
3 53 77 71
4 71 53 76 104
3 104 76 101
3 81 32 55
4 14 98 55 81
3 18 98 14
3 25 23 89
3 75 86 115
4 25 89 115 86
4 89 40 86 104
3 40 86 114
3 89 94 104
3 19 23 18
3 26 25 97
3 28 19 101
3 25 104 89
4 50 48 40 89
3 48 119 50
3 40 89 115
3 48 50 52
3 55 98 53
3 23 28 19
3 98 10 14
4 55 44 26 10
3 44 96 55
3 99 26 10
3 111 116 90
4 111 90 25 33
3 25 33 28
3 50 31 76
4 50 118 115 76
3 117 118 115
4 9 98 119 48
3 48 119 39
3 9 19 98
4 115 40 25 104
3 40 115 39
3 31 25 104
3 89 76 50
3 101 94 99
3 53 14 71
4 53 55 10 14
3 55 111 10
3 10 26 9
3 19 101 94
3 5 99 15
3 89 97 25
3 105 71 14
3 115 119 76
3 97 90 118
3 59 9 65
3 25 90 88
3 71 111 33
3 26 25 33
3 101 31 99
3 10 111 105
3 44 59 9
3 9 65 48
3 105 119 98
3 88 80 104
3 81 33 87
3 7 15 18
3 25 104 33
3 88 25 87
4 87 44 97 25
3 118 44 97
3 40 6 48
3 89 7 50
3 88 89 118
3 80 119 76
3 33 87 71
3 65 105 10
3 53 52 76
3 88 71 104
3 52 76 80
3 98 59 105
3 40 97 48
3 65 26 87
3 48 42 52
3 19 97 89
3 75 53 81
3 98 10 101
3 79 80 86
3 14 23 33
4 33 86 80 14
3 82 119 55
4 50 119 55 9
3 50 3 9
3 111 44 26
3 86 40 25
3 53 42 55
3 3 14 10
3 28 101 31
3 50 98 9
3 44 55 9
3 119 50 118
3 81 53 14
3 104 115 86
3 48 55 9
3 26 90 111
3 25 90 86
3 89 118 115
3 76 115 53
3 50 118 59
3 44 87 32
3 28 97 25
3 59 52 50
3 40 97 44
3 111 33 86
3 80 105 14
3 28 3 31
3 33 104 14
3 40 89 52
3 80 104 86
3 65 90 26
3 81 86 33
3 119 55 98
3 14 81 80
3 115 71 104
3 87 25 40
3 81 10 55
3 44 26 87

# Cells
5 0 1 2 3 4
5 5 6 7 8 9
5 10 11 12 13 14
5 15 16 17 18 19
5 20 21 22 23 24
5 25 26 27 28 29
5 30 31 32 33 34
5 35 36 37 38 39
5 40 41 42 43 44
5 45 46 47 48 49
5 50 51 52 53 54
5 55 56 57 58 59
5 60 61 62 63 64
5 65 66 67 68 69
5 70 71 72 73 74
5 75 76 77 78 79
5 80 81 82 83 84
5 85 86 87 88 89
5 90 91 92 93 94
5 95 96 97 98 99
5 100 101 102 103 104
5 105 106 107 108 109
5 110 111 112 113 114
5 115 116 117 118 119
5 120 121 122 123 124
5 125 126 127 128 129
5 130 131 132 133 134
5 135 136 137 138 139
5 140 141 142 143 144
5 145 146 147 148 149
5 150 151 152 153 154
5 155 156 157 158 159
5 160 161 162 163 164
5 165 166 167 168 169
5 170 171 172 173 174
5 175 176 177 178 179
5 180 181 182 183 184
5 185 186 187 188 189
5 190 191 192 193 194
5 195 196 197 198 199
5 200 201 202 203 204
5 205 206 207 208 209
5 210 211 212 213 214
5 215 216 217 218 219
5 220 221 222 223 224
5 225 226 227 228 229
5 230 231 232 233 234
5 235 236 237 238 239
5 240 241 242 243 244
5 245 246 247 248 249
5 250 251 252 253 254
5 255 256 257 258 259
5 260 261 262 263 264
5 265 266 267 268 269
5 270 271 272 273 274
5 275 276 277 278 279
5 280 281 282 283 284
5 285 286 287 288 289
5 290 291 292 293 294
5 142 295 296 297 298
5 299 300 301 302 303
5 251 304 305 306 307
5 308 309 310 311 312
5 313 314 315 316 317
5 318 319 320 321 322
5 269 323 324 325 326
5 157 327 328 329 330
5 162 331 332 333 334
5 292 335 336 337 338
5 120 197 339 340 341
5 148 342 343 344 345
5 346 347 348 349 350
5 351 352 353 354 355
5 356 357 358 359 360
5 361 362 363 364 365
5 366 367 368 369 370
5 371 372 373 374 375
5 376 377 378 379 380
5 381 382 383 384 385
5 386 387 388 389 390
5 391 392 393 394 395
5 396 397 398 399 400
5 401 402 403 404 405
5 406 407 408 409 410
5 411 412 413 414 415
5 416 417 418 419 420
5 181 421 422 423 424
5 425 426 427 428 429
5 430 431 432 433 434
5 435 436 437 438 439
5 440 441 442 443 444
5 445 446 447 448 449
5 450 451 452 453 454
5 455 456 457 458 459
5 42 460 461 462 463
5 464 465 466 467 468
5 469 470 471 472 473
5 474 475 476 477 478
5 479 480 481 482 483
5 484 485 486 487 488
5 489 490 491 492 493
5 494 495 496 497 498
5 499 500 501 502 503
5 504 505 506 507 508
5 509 510 511 512 513
5 514 515 516 517 518
5 519 520 521 522 523
5 524 525 526 527 528
5 529 530 531 532 533
5 534 535 536 537 538
5 539 540 541 542 543
5 544 545 546 547 548
5 549 550 551 552 553
5 554 555 556 557 558
5 559 560 561 562 563
5 564 565 566 567 568
5 569 570 571 572 573
5 574 575 576 577 578
5 579 580 581 582 583
5 584 585 586 587 588
5 312 589 590 591 592
5 593 594 595 596 597
5 598 599 600 601 602
5 603 604 605 606 607
5 608 609 610 611 612
5 336 613 614 615 616
5 617 618 619 620 621
5 622 623 624 625 626
5 627 628 629 630 631
5 84 513 632 633 634
5 494 635 636 637 638
5 639 640 641 642 643
5 392 644 645 646 647
5 648 649 650 651 652
5 653 654 655 656 657
5 658 659 660 661 662
5 479 663 664 665 666
5 667 668 669 670 671
5 376 672 673 674 675
5 676 677 678 679 680
5 0 681 682 683 684
5 473 685 686 687 688
5 689 690 691 692 693
5 694 695 696 697 698
5 191 699 700 701 702
5 703 704 705 706 707
5 229 708 709 710 711
5 712 713 714 715 716
5 717 718 719 720 721
5 722 723 724 725 726
5 196 727 728 729 730
5 731 732 733 734 735
5 736 737 738 739 740
5 741 742 743 744 745
5 408 746 747 748 749
5 750 751 752 753 754
5 432 755 756 757 758
5 418 759 760 761 762
5 763 764 765 766 767
5 768 769 770 771 772
5 773 774 775 776 777
5 18 778 779 780 781
5 604 654 782 783 784
5 79 785 786 787 788
5 789 790 791 792 793
5 1 794 795 796 797
5 798 799 800 801 802
5 743 803 804 805 806
5 45 617 807 808 809
5 810 811 812 813 814
5 738 815 816 817 818
5 250 819 820 821 822
5 241 823 824 825 826
5 827 828 829 830 831
5 832 833 834 835 836
5 282 837 838 839 840
5 293 841 842 843 844
5 20 845 846 847 848
5 849 850 851 852 853
5 261 854 855 856 857
5 55 858 859 860 861
5 862 863 864 865 866
5 867 868 869 870 871
5 372 872 873 874 875
5 562 876 877 878 879
5 567 880 881 882 883
5 884 885 886 887 888
5 238 889 890 891 892
5 893 894 895 896 897
5 532 898 899 900 901
5 528 902 903 904 905
5 200 906 907 908 909
5 569 910 911 912 913
5 914 915 916 917 918
5 919 920 921 922 923
5 924 925 926 927 928
5 309 929 930 931 932
5 766 904 933 934 935
5 769 936 937 938 939
5 940 941 942 943 944
5 299 945 946 947 948
5 720 782 949 950 951
5 952 953 954 955 956
5 704 811 957 958 959
5 340 960 961 962 963
5 168 964 965 966 967
5 968 969 970 971 972
5 737 973 974 975 976
5 977 978 979 980 981
5 982 983 984 985 986
5 75 506 987 988 989
5 990 991 992 993 994
5 95 492 995 996 997
5 73 998 999 1000 1001
5 1002 1003 1004 1005 1006
5 1007 1008 1009 1010 1011
5 72 1012 1013 1014 1015
5 1016 1017 1018 1019 1020
5 502 1021 1022 1023 1024
5 126 1025 1026 1027 1028
5 1029 1030 1031 1032 1033
5 167 1034 1035 1036 1037
5 480 1038 1039 1040 1041
5 1042 1043 1044 1045 1046
5 151 1047 1048 1049 1050
5 1051 1052 1053 1054 1055
5 1056 1057 1058 1059 1060
5 27 1061 1062 1063 1064
5 642 1065 1066 1067 1068
5 283 637 1069 1070 1071
5 1072 1073 1074 1075 1076
5 656 1077 1078 1079 1080
5 1081 1082 1083 1084 1085
5 650 1086 1087 1088 1089
5 674 1090 1091 1092 1093
5 664 1094 1095 1096 1097
5 443 1098 1099 1100 1101
5 147 1102 1103 1104 1105
5 1106 1107 1108 1109 1110
5 1111 1112 1113 1114 1115
5 1116 1117 1118 1119 1120
5 1121 1122 1123 1124 1125
5 690 1126 1127 1128 1129
5 1130 1131 1132 1133 1134
5 1135 1136 1137 1138 1139
5 685 799 1140 1141 1142
5 1143 1144 1145 1146 1147
5 1148 1149 1150 1151 1152
5 1153 1154 1155 1156 1157
5 1158 1159 1160 1161 1162
5 1104 1163 1164 1165 1166
5 1167 1168 1169 1170 1171
5 1172 1173 1174 1175 1176
5 1177 1178 1179 1180 1181
5 1182 1183 1184 1185 1186
5 1187 1188 1189 1190 1191
5 1192 1193 1194 1195 1196
5 1197 1198 1199 1200 1201
5 1044 1202 1203 1204 1205
5 1206 1207 1208 1209 1210
5 1211 1212 1213 1214 1215
5 1216 1217 1218 1219 1220
5 1221 1222 1223 1224 1225
5 1226 1227 1228 1229 1230
5 259 1231 1232 1233 1234
5 1235 1236 1237 1238 1239
5 1240 1241 1242 1243 1244
5 655 1245 1246 1247 1248
5 1249 1250 1251 1252 1253
5 660 1254 1255 1256 1257
5 124 1258 1259 1260 1261
5 1262 1263 1264 1265 1266
5 1267 1268 1269 1270 1271
5 673 1272 1273 1274 1275
5 1276 1277 1278 1279 1280
5 1281 1282 1283 1284 1285
5 670 1286 1287 1288 1289
5 1225 1290 1291 1292 1293
5 423 1294 1295 1296 1297
5 1298 1299 1300 1301 1302
5 263 891 1303 1304 1305
5 1306 1307 1308 1309 1310
5 897 1311 1312 1313 1314
5 49 875 1315 1316 1317
5 918 1318 1319 1320 1321
5 1322 1323 1324 1325 1326
5 629 1327 1328 1329 1330
5 1331 1332 1333 1334 1335
5 921 1336 1337 1338 1339
5 774 1340 1341 1342 1343
5 530 779 1344 1345 1346
5 687 1347 1348 1349 1350
5 817 1351 1352 1353 1354
5 683 1355 1356 1357 1358
5 1359 1360 1361 1362 1363
5 1364 1365 1366 1367 1368
5 1369 1370 1371 1372 1373
5 1149 1374 1375 1376 1377
5 725 791 1378 1379 1380
5 331 1381 1382 1383 1384
5 645 926 1385 1386 1387
5 1360 1388 1389 1390 1391
5 1392 1393 1394 1395 1396
5 834 1107 1397 1398 1399
5 1135 1340 1400 1401 1402
5 940 1403 1404 1405 1406
5 958 1407 1408 1409 1410
5 1193 1411 1412 1413 1414
5 1415 1416 1417 1418 1419
5 741 1211 1420 1421 1422
5 1209 1423 1424 1425 1426
5 1427 1428 1429 1430 1431
5 342 1243 1432 1433 1434
5 1236 1435 1436 1437 1438
5 507 1439 1440 1441 1442
5 573 1443 1444 1445 1446
5 713 1067 1447 1448 1449
5 1083 1450 1451 1452 1453
5 1454 1455 1456 1457 1458
5 1459 1460 1461 1462 1463
5 718 1079 1464 1465 1466
5 235 854 1467 1468 1469
5 1470 1471 1472 1473 1474
5 1475 1476 1477 1478 1479
5 702 1006 1480 1481 1482
5 984 1483 1484 1485 1486
5 912 1487 1488 1489 1490
5 1491 1492 1493 1494 1495
5 887 1496 1497 1498 1499
5 1500 1501 1502 1503 1504
5 709 964 1505 1506 1507
5 7 890 1508 1509 1510
5 914 1511 1512 1513 1514
5 453 993 1515 1516 1517
5 908 1518 1519 1520 1521
5 625 636 1522 1523 1524
5 438 1525 1526 1527 1528
5 1529 1530 1531 1532 1533
5 985 1534 1535 1536 1537
5 651 1538 1539 1540 1541
5 1542 1543 1544 1545 1546
5 352 1547 1548 1549 1550
5 881 1551 1552 1553 1554
5 756 1075 1555 1556 1557
5 1112 1188 1558 1559 1560
5 510 851 1561 1562 1563
5 747 1564 1565 1566 1567
5 313 1133 1568 1569 1570
5 495 837 1571 1572 1573
5 1086 1574 1575 1576 1577
5 1578 1579 1580 1581 1582
5 862 1583 1584 1585 1586
5 640 1587 1588 1589 1590
5 431 1591 1592 1593 1594
5 603 1595 1596 1597 1598
5 1599 1600 1601 1602 1603
5 121 1604 1605 1606 1607
5 411 1608 1609 1610 1611
5 952 1612 1613 1614 1615
5 658 945 1616 1617 1618
5 446 1619 1620 1621 1622
5 1623 1624 1625 1626 1627
5 828 1487 1628 1629 1630
5 1337 1420 1631 1632 1633
5 406 1029 1634 1635 1636
5 217 1501 1637 1638 1639
5 399 1435 1640 1641 1642
5 1643 1644 1645 1646 1647
5 1648 1649 1650 1651 1652
5 374 808 1653 1654 1655
5 980 1016 1656 1657 1658
5 1497 1659 1660 1661 1662
5 381 795 1663 1664 1665
5 973 1022 1666 1667 1668
5 34 1669 1670 1671 1672
5 1673 1674 1675 1676 1677
5 46 1369 1678 1679 1680
5 1444 1681 1682 1683 1684
5 240 983 1685 1686 1687
5 630 1688 1689 1690 1691
5 1692 1693 1694 1695 1696
5 25 668 1697 1698 1699
5 56 285 877 1700 1701
5 469 1702 1703 1704 1705
5 125 1706 1707 1708 1709
5 1356 1710 1711 1712 1713
5 165 225 1714 1715 1716
5 936 1717 1718 1719 1720
5 518 1721 1722 1723 1724
5 143 1725 1726 1727 1728
5 1729 1730 1731 1732 1733
5 1641 1734 1735 1736 1737
5 1738 1739 1740 1741 1742
5 1743 1744 1745 1746 1747
5 233 524 1748 1749 1750
5 265 1451 1562 1751 1752
5 931 1449 1753 1754 1755
5 550 1556 1756 1757 1758
5 961 1759 1760 1761 1762
5 1455 1550 1763 1764 1765
5 353 1620 1766 1767 1768
5 348 770 1769 1770 1771
5 1316 1772 1773 1774 1775
5 308 715 1587 1776 1777
5 398 1778 1779 1780 1781
5 391 1608 1782 1783 1784
5 868 1785 1786 1787 1788
5 1272 1789 1790 1791 1792
5 1185 1291 1793 1794 1795
5 383 682 1796 1797 1798
5 814 971 1799 1800 1801
5 388 1329 1802 1803 1804
5 99 1110 1805 1806 1807
5 425 1808 1809 1810 1811
5 570 827 1812 1813 1814
5 944 1815 1816 1817 1818
5 1201 1819 1820 1821 1822
5 556 1823 1824 1825 1826
5 1827 1828 1829 1830 1831
5 63 1832 1833 1834 1835
5 102 843 1268 1836 1837
5 1838 1839 1840 1841 1842
5 118 1843 1844 1845 1846
5 113 1847 1848 1849 1850
5 13 1659 1851 1852 1853
5 1393 1854 1855 1856 1857
5 1858 1859 1860 1861 1862
5 1863 1864 1865 1866 1867
5 1657 1868 1869 1870 1871
5 1652 1872 1873 1874 1875
5 1876 1877 1878 1879 1880
5 1643 1881 1882 1883 1884
5 1576 1885 1886 1887 1888
5 321 1889 1890 1891 1892
5 1708 1893 1894 1895 1896
5 1897 1898 1899 1900 1901
5 1902 1903 1904 1905 1906
5 211 1333 1889 1907 1908
5 146 1909 1910 1911 1912
5 198 1913 1914 1915 1916
5 804 1917 1918 1919 1920
5 1319 1492 1921 1922 1923
5 134 204 1924 1925 1926
5 230 1927 1928 1929 1930
5 176 1153 1931 1932 1933
5 1815 1934 1935 1936 1937
5 389 1101 1691 1938 1939
5 707 970 1940 1941 1942
5 1835 1943 1944 1945 1946
5 1808 1947 1948 1949 1950
5 677 1092 1951 1952 1953
5 357 1182 1400 1954 1955
5 698 1956 1957 1958 1959
5 428 1856 1960 1961 1962
5 455 1963 1964 1965 1966
5 1470 1967 1968 1969 1970
5 68 1746 1971 1972 1973
5 437 1026 1974 1975 1976
5 103 1977 1978 1979 1980
5 1981 1982 1983 1984 1985
5 304 477 1197 1986 1987
5 1882 1988 1989 1990 1991
5 1992 1993 1994 1995 1996
5 201 1429 1997 1998 1999
5 2000 2001 2002 2003 2004
5 363 810 1412 2005 2006
5 2007 2008 2009 2010 2011
5 30 1638 2012 2013 2014
5 1060 1618 2015 2016 2017
5 727 1605 2018 2019 2020
5 109 468 2021 2022 2023
5 902 1624 1927 2024 2025
5 65 1281 2026 2027 2028
5 915 2029 2030 2031 2032
5 91 1909 2033 2034 2035
5 255 1013 1583 2036 2037
5 40 1460 2038 2039 2040
5 801 1042 1704 2041 2042
5 1602 2043 2044 2045 2046
5 22 1967 2047 2048 2049
5 785 1440 2050 2051 2052
5 1002 1614 2053 2054 2055
5 86 845 2056 2057 2058
5 575 1934 2059 2060 2061
5 1031 1565 1729 2062 2063
5 215 2064 2065 2066 2067
5 555 2068 2069 2070 2071
5 208 860 2072 2073 2074
5 1947 2075 2076 2077 2078
5 1551 2079 2080 2081 2082
5 1382 2083 2084 2085 2086
5 2087 2088 2089 2090 2091
5 1647 2071 2092 2093 2094
5 1974 2095 2096 2097 2098
5 170 2026 2099 2100 2101
5 1334 1982 2102 2103 2104
5 476 819 2105 2106 2107
5 457 1932 2108 2109 2110
5 1283 1743 2111 2112 2113
5 464 1132 1902 2114 2115
5 893 2116 2117 2118 2119
5 505 2120 2121 2122 2123
5 2124 2125 2126 2127 2128
5 488 1686 2129 2130 2131
5 514 1515 2132 2133 2134
5 1143 1512 2135 2136 2137
5 210 1158 1530 2138 2139
5 1178 2140 2141 2142 2143
5 226 2144 2145 2146 2147
5 130 1520 1692 2148 2149
5 765 1749 2150 2151 2152
5 1407 1413 2153 2154 2155
5 1091 2156 2157 2158 2159
5 1719 2160 2161 2162 2163
5 1403 2059 2164 2165 2166
5 266 2167 2168 2169 2170
5 275 1813 2171 2172 2173
5 281 623 2174 2175 2176
5 621 1772 2177 2178 2179
5 50 290 1977 2180 2181
5 442 1803 2007 2182 2183
5 585 2184 2185 2186 2187
5 12 732 2188 2189 2190
5 2191 2192 2193 2194 2195
5 2136 2196 2197 2198 2199
5 2200 2201 2202 2203 2204
5 380 2205 2206 2207 2208
5 31 2064 2209 2210 2211
5 2212 2213 2214 2215 2216
5 755 2217 2218 2219 2220
5 205 560 2221 2222 2223
5 2224 2225 2226 2227 2228
5 427 522 2229 2230 2231
5 2232 2233 2234 2235 2236
5 557 1883 2237 2238 2239
5 112 460 2240 2241 2242
5 576 2045 2243 2244 2245
5 475 2246 2247 2248 2249
5 2250 2251 2252 2253 2254
5 624 1572 2255 2256 2257
5 593 1629 2258 2259 2260
5 600 2009 2261 2262 2263
5 100 2264 2265 2266 2267
5 1679 2268 2269 2270 2271
5 1018 2272 2273 2274 2275
5 366 1066 2276 2277 2278
5 693 1737 2279 2280 2281
5 403 1061 2282 2283 2284
5 1727 2285 2286 2287 2288
5 2289 2290 2291 2292 2293
5 38 1644 2294 2295 2296
5 1396 2297 2298 2299 2300
5 214 1985 2301 2302 2303
5 175 1963 2304 2305 2306
5 2307 2308 2309 2310 2311
5 2154 2312 2313 2314 2315
5 520 2316 2317 2318 2319
5 2320 2321 2322 2323 2324
5 649 1010 2325 2326 2327
5 2328 2329 2330 2331 2332
5 1014 2333 2334 2335 2336
5 2337 2338 2339 2340 2341
5 587 2241 2342 2343 2344
5 1426 2320 2345 2346 2347
5 59 2223 2348 2349 2350
5 2249 2351 2352 2353 2354
5 2314 2355 2356 2357 2358
5 2120 2359 2360 2361 2362
5 548 1301 1504 2363 2364
5 2365 2366 2367 2368 2369
5 1326 2370 2371 2372 2373
5 565 1873 2374 2375 2376
5 1428 1519 2377 2378 2379
5 525 2380 2381 2382 2383
5 1332 1531 2384 2385 2386
5 1148 1338 2387 2388 2389
5 2390 2391 2392 2393 2394
5 849 2168 2395 2396 2397
5 302 2398 2399 2400 2401
5 753 1906 2402 2403 2404
5 2176 2405 2406 2407 2408
5 1118 1375 2409 2410 2411
5 2001 2305 2412 2413 2414
5 601 2415 2416 2417 2418
5 1122 1207 2419 2420 2421
5 1127 1994 2422 2423 2424
5 2425 2426 2427 2428 2429
5 414 927 2430 2431 2432
5 1363 2433 2434 2435 2436
5 618 1371 2437 2438 2439
5 92 1102 1242 2440 2441
5 2192 2442 2443 2444 2445
5 2016 2400 2446 2447 2448
5 2219 2449 2450 2451 2452
5 1300 2013 2453 2454 2455
5 2456 2457 2458 2459 2460
5 2461 2462 2463 2464 2465
5 2466 2467 2468 2469 2470
5 1874 2203 2471 2472 2473
5 2030 2196 2474 2475 2476
5 1162 2477 2478 2479 2480
5 939 1365 2481 2482 2483
5 2484 2485 2486 2487 2488
5 2489 2490 2491 2492 2493
5 2494 2495 2496 2497 2498
5 4 2499 2500 2501 2502
5 2503 2504 2505 2506 2507
5 1894 2508 2509 2510 2511
5 51 613 2226 2512 2513
5 962 2514 2515 2516 2517
5 1269 2518 2519 2520 2521
5 1256 2447 2522 2523 2524
5 2257 2525 2526 2527 2528
5 354 1266 2529 2530 2531
5 2343 2532 2533 2534 2535
5 370 1590 2536 2537 2538
5 2539 2540 2541 2542 2543
5 2352 2544 2545 2546 2547
5 404 1287 2548 2549 2550
5 2333 2551 2552 2553 2554
5 1284 2555 2556 2557 2558
5 286 1829 2559 2560 2561
5 1372 1775 2562 2563 2564
5 2454 2565 2566 2567 2568
5 1461 2569 2570 2571 2572
5 441 598 628 2573 2574
5 1998 2575 2576 2577 2578
5 249 2579 2580 2581 2582
5 244 2583 2584 2585 2586
5 2475 2587 2588 2589 2590
5 276 1445 2591 2592 2593
5 2594 2595 2596 2597 2598
5 2599 2600 2601 2602 2603
5 139 2199 2604 2605 2606
5 2202 2607 2608 2609 2610
5 131 1430 2425 2611 2612
5 1715 2088 2495 2613 2614
5 330 2464 2615 2616 2617
5 2444 2618 2619 2620 2621
5 764 1929 2600 2622 2623
5 319 2103 2596 2624 2625
5 422 1048 2626 2627 2628
5 2286 2629 2630 2631 2632
5 748 2633 2634 2635 2636
5 1168 1297 1674 2637 2638
5 1541 2639 2640 2641 2642
5 1826 1991 2643 2644 2645
5 1306 1416 2109 2646 2647
5 1342 1793 2648 2649 2650
5 739 1187 2651 2652 2653
5 105 750 1130 2654 2655
5 62 1208 2656 2657 2658
5 1140 1203 2659 2660 2661
5 1238 1780 1995 2662 2663
5 744 919 1119 2664 2665
5 531 1859 2666 2667 2668
5 384 1277 1712 2669 2670
5 1245 2671 2672 2673 2674
5 237 1179 1475 2675 2676
5 577 2677 2678 2679 2680
5 539 2681 2682 2683 2684
5 1192 1800 2685 2686 2687
5 1231 2336 2688 2689 2690
5 461 2691 2692 2693 2694
5 470 1204 2337 2695 2696
5 1722 2697 2698 2699 2700
5 1877 2218 2701 2702 2703
5 815 1023 1559 2704 2705
5 1009 1863 2706 2707 2708
5 1074 1593 2709 2710 2711
5 729 2516 2712 2713 2714
5 81 852 1084 2715 2716
5 882 1649 2717 2718 2719
5 67 2291 2720 2721 2722
5 759 1094 2723 2724 2725
5 1389 1441 2726 2727 2728
5 1500 1670 2729 2730 2731
5 158 2118 2732 2733 2734
5 1707 2098 2735 2736 2737
5 115 2083 2738 2739 2740
5 925 1783 2741 2742 2743
5 1949 2298 2744 2745 2746
5 2553 2747 2748 2749 2750
5 722 978 2751 2752 2753
5 2754 2755 2756 2757 2758
5 1390 2123 2759 2760 2761
5 1730 2633 2762 2763 2764
5 396 689 2765 2766 2767
5 2697 2768 2769 2770 2771
5 1532 1981 2772 2773 2774
5 140 1957 2775 2776 2777
5 1676 2627 2778 2779 2780
5 110 2038 2184 2781 2782
5 2100 2290 2783 2784 2785
5 314 752 1228 2786 2787
5 305 2788 2789 2790 2791
5 1462 1848 2693 2792 2793
5 163 1844 2794 2795 2796
5 1405 1600 2677 2797 2798
5 54 2267 2799 2800 2801
5 731 886 2802 2803 2804
5 1423 1832 2805 2806 2807
5 878 1827 2073 2808 2809
5 36 2238 2810 2811 2812
5 1392 1810 2316 2813 2814
5 96 835 2815 2816 2817
5 859 2251 2560 2818 2819
5 1348 2820 2821 2822 2823
5 2043 2164 2212 2824 2825
5 824 1483 2826 2827 2828
5 540 848 1472 2829 2830
5 491 833 2831 2832 2833
5 1490 1681 2834 2835 2836
5 401 867 1697 2837 2838
5 911 2839 2840 2841 2842
5 2843 2844 2845 2846 2847
5 899 2754 2848 2849 2850
5 1787 2549 2851 2852 2853
5 1797 2854 2855 2856 2857
5 699 1612 2442 2858 2859
5 735 1662 1838 2860 2861
5 2742 2862 2863 2864 2865
5 678 2456 2866 2867 2868
5 117 2869 2870 2871 2872
5 2171 2258 2839 2873 2874
5 695 2630 2875 2876 2877
5 85 2048 2878 2879 2880
5 436 2125 2881 2882 2883
5 5 1467 2140 2884 2885
5 327 894 2886 2887 2888
5 1138 2889 2890 2891 2892
5 2160 2893 2894 2895 2896
5 232 2897 2898 2899 2900
5 188 2117 2901 2902 2903
5 661 1580 2904 2905 2906
5 135 1491 1513 2907 2908
5 800 2821 2909 2910 2911
5 694 1725 2307 2912 2913
5 1438 2914 2915 2916 2917
5 1543 2918 2919 2920 2921
5 2095 2509 2922 2923 2924
5 179 1419 2925 2926 2927
5 395 1055 2928 2929 2930
5 2246 2790 2931 2932 2933
5 362 703 2313 2934 2935
5 2078 2319 2936 2937 2938
5 161 2232 2738 2939 2940
5 106 1226 2941 2942 2943
5 490 1106 1216 2944 2945
5 1191 1667 2946 2947 2948
5 223 1536 2949 2950 2951
5 2081 2374 2607 2952 2953
5 1626 2382 2898 2954 2955
5 1116 1213 2388 2956 2957
5 11 885 2958 2959 2960
5 1654 2269 2961 2962 2963
5 187 2887 2964 2965 2966
5 1039 2539 2724 2967 2968
5 2555 2785 2969 2970 2971
5 2201 2972 2973 2974 2975
5 2327 2976 2977 2978 2979
5 419 665 2980 2981 2982
5 1027 2126 2508 2983 2984
5 724 1868 2985 2986 2987
5 433 551 1876 2988 2989
5 1545 2133 2770 2990 2991
5 150 180 2992 2993 2994
5 515 2918 2995 2996 2997
5 222 485 1484 2998 2999
5 1538 1885 2706 3000 3001
5 70 864 2747 3002 3003
5 445 579 1547 3004 3005
5 2157 2205 2867 3006 3007
5 172 2111 3008 3009 3010
5 947 1578 3011 3012 3013
5 367 714 3014 3015 3016
5 950 2672 3017 3018 3019
5 1936 2213 3020 3021 3022
5 590 3015 3023 3024 3025
5 1366 3026 3027 3028 3029
5 218 545 2567 3030 3031
5 1144 1320 2587 3032 3033
5 1154 2413 3034 3035 3036
5 2386 2597 3037 3038 3039
5 1249 2631 2775 3040 3041
5 991 1723 2391 3042 3043
5 1259 1759 2366 3044 3045
5 1049 3046 3047 3048 3049
5 349 2894 3050 3051 3052
5 23 2682 3053 3054 3055
5 1383 1845 3056 3057 3058
5 1359 2050 2361 3059 3060
5 324 509 3061 3062 3063
5 1944 2346 3064 3065 3066
5 337 1270 3067 3068 3069
5 256 998 3070 3071 3072
5 710 2089 3073 3074 3075
5 2054 2620 3076 3077 3078
5 499 1353 3079 3080 3081
5 922 1376 1919 3082 3083
5 1734 3084 3085 3086 3087
5 1693 2426 3088 3089 3090
5 1410 2686 3091 3092 3093
5 1738 2982 3094 3095 3096
5 1456 1768 3097 3098 3099
5 1791 1953 3100 3101 3102
5 1128 1779 3086 3103 3104
5 16 900 3105 3106 3107
5 1979 2225 3067 3108 3109
5 347 1718 3026 3110 3111
5 790 979 3112 3113 3114
5 451 2390 2996 3115 3116
5 856 1476 3117 3118 3119
5 2500 2854 3120 3121 3122
5 1036 2497 3123 3124 3125
5 2478 2595 2773 3126 3127
5 1606 2367 2514 3128 3129
5 771 2895 3130 3131 3132
5 2977 3133 3134 3135 3136
5 452 1544 3137 3138 3139
5 409 3140 3141 3142 3143
5 2273 2751 3144 3145 3146
5 192 2193 2329 3147 3148
5 501 1115 3149 3150 3151
5 2163 3152 3153 3154 3155
5 1217 3156 3157 3158 3159
5 2280 2916 3160 3161 3162
5 1137 3163 3164 3165 3166
5 1214 3167 3168 3169 3170
5 1165 3171 3172 3173 3174
5 1051 1610 3175 3176 3177
5 2881 2923 3178 3179 3180
5 1089 3133 3181 3182 3183
5 1184 2889 3184 3185 3186
5 184 1170 3187 3188 3189
5 2652 3190 3191 3192 3193
5 2405 3194 3195 3196 3197
5 1820 2106 2545 3198 3199
5 2434 3200 3201 3202 3203
5 2660 3204 3205 3206 3207
5 1849 2534 3208 3209 3210
5 3054 3211 3212 3213 3214
5 2504 2970 3009 3215 3216
5 1124 2806 3217 3218 3219
5 2244 2469 3021 3220 3221
5 1072 2451 3222 3223 3224
5 2668 3225 3226 3227 3228
5 2075 2230 3229 3230 3231
5 1648 2079 2972 3232 3233
5 1636 2763 3234 3235 3236
5 2158 3237 3238 3239 3240
5 93 2372 3171 3241 3242
5 2863 3176 3243 3244 3245
5 76 2360 3200 3246 3247
5 1294 3046 3248 3249 3250
5 2876 3251 3252 3253 3254
5 3052 3255 3256 3257 3258
5 2020 3259 3260 3261 3262
5 1019 2487 3263 3264 3265
5 359 3164 3266 3267 3268
5 796 1710 3269 3270 3271
5 37 2068 3272 3273 3274
5 1756 2702 3275 3276 3277
5 2700 2921 3278 3279 3280
5 3281 3282 3283 3284 3285
5 483 3286 3287 3288 3289
5 2130 2950 3290 3291 3292
5 373 1173 2178 3293 3294
5 1253 3254 3295 3296 3297
5 2849 3226 3298 3299 3300
5 1248 2847 3301 3302 3303
5 2094 2644 3304 3305 3306
5 1895 3307 3308 3309 3310
5 1159 1890 3038 3311 3312
5 2274 2985 3313 3314 3315
5 2332 3316 3317 3318 3319
5 1169 3320 3321 3322 3323
5 1147 1495 3324 3325 3326
5 3327 3328 3329 3330 3331
5 1262 3099 3332 3333 3334
5 780 1860 3335 3336 3337
5 2543 3338 3339 3340 3341
5 2295 3342 3343 3344 3345
5 2394 3280 3346 3347 3348
5 2189 3283 3349 3350 3351
5 792 1870 2485 3352 3353
5 1867 3354 3355 3356 3357
5 609 2142 3118 3358 3359
5 3306 3345 3360 3361 3362
5 1111 1352 3191 3363 3364
5 1993 2766 2915 3365 3366
5 1346 2758 3367 3368 3369
5 1349 2340 3207 3370 3371
5 1880 3330 3372 3373 3374
5 521 1855 3375 3376 3377
5 2252 2349 3378 3379 3380
5 3236 3381 3382 3383 3384
5 1062 1288 2579 3385 3386
5 2501 3387 3388 3389 3390
5 1263 1765 3391 3392 3393
5 1057 2905 3394 3395 3396
5 535 2636 3397 3398 3399
5 3027 3153 3257 3400 3401
5 2127 3307 3402 3403 3404
5 1958 3295 3405 3406 3407
5 173 1972 3408 3409 3410
5 2235 3411 3412 3413 3414
5 1260 1913 3260 3415 3416
5 1071 1898 3194 3417 3418
5 358 775 1290 3419 3420
5 129 1528 3403 3421 3422
5 1323 1433 2035 3423 3424
5 2145 2496 3425 3426 3427
5 1008 1575 3428 3429 3430
5 538 1566 3431 3432 3433
5 3095 3288 3434 3435 3436
5 2234 2869 3437 3438 3439
5 2227 2264 2518 3440 3441
5 3143 3383 3398 3442 3443
5 1357 3387 3444 3445 3446
5 3447 3448 3449 3450 3451
5 1081 2169 3452 3453 3454
5 1591 2450 3373 3455 3456
5 1078 1595 2843 3457 3458
5 2457 3101 3237 3459 3460
5 2581 2853 3461 3462 3463
5 612 3464 3465 3466 3467
5 2903 3468 3469 3470 3471
5 966 2090 3472 3473 3474
5 289 3380 3475 3476 3477
5 2993 3249 3322 3478 3479
5 2368 3261 3480 3481 3482
5 2299 2937 3483 3484 3485
5 2151 3486 3487 3488 3489
5 2864 2929 3490 3491 3492
5 3493 3494 3495 3496 3497
5 2540 3287 3498 3499 3500
5 1585 2552 3501 3502 3503
5 1164 3504 3505 3506 3507
5 1198 2353 3508 3509 3510
5 2909 3204 3511 3512 3513
5 89 1473 3449 3514 3515
5 1481 2328 2619 3516 3517
5 2309 3251 3518 3519 3520
5 2085 3411 3521 3522 3523
5 2462 2966 3524 3525 3526
5 1196 2357 3527 3528 3529
5 345 3507 3530 3531 3532
5 543 3450 3533 3534 3535
5 2489 2795 3437 3536 3537
5 1221 3184 3267 3538 3539
5 2287 3519 3540 3541 3542
5 616 2521 3543 3544 3545
5 591 2538 3546 3547 3548
5 2481 3154 3549 3550 3551
5 2649 2891 3552 3553 3554
5 1553 3555 3556 3557 3558
5 2429 2578 3559 3560 3561
5 2210 2565 3562 3563 3564
5 2283 3462 3565 3566 3567
5 2057 3211 3534 3568 3569
5 1180 1508 3464 3570 3571
5 1524 3195 3572 3573 3574
5 1313 3470 3524 3575 3576
5 2947 3150 3577 3578 3579
5 594 2835 3580 3581 3582
5 2591 2842 3580 3583 3584
5 2002 2926 3585 3586 3587
5 2186 2569 3208 3588 3589
5 2871 3522 3590 3591 3592
5 1864 2640 2978 3593 3594
5 1241 2371 3504 3595 3596
5 2379 3089 3597 3598 3599
5 156 186 3600 3601 3602
5 1098 2416 3603 3604 3605
5 1175 2438 2962 3606 3607
5 580 2529 3608 3609 3610
5 2022 2403 3611 3612 3613
5 1097 1739 3498 3614 3615
5 1056 3012 3616 3617 3618
5 2602 2899 3488 3619 3620
5 2803 3282 3621 3622 3623
5 272 1398 3157 3624 3625
5 2324 2421 3495 3626 3627
5 2490 3057 3591 3628 3629
5 1839 3623 3630 3631 3632
5 3227 3369 3633 3634 3635
5 1001 2688 3636 3637 3638
5 633 1452 3639 3640 3641
5 2658 3066 3496 3642 3643
5 1157 1310 3586 3644 3645
5 2609 3558 3646 3647 3648
5 762 1742 3339 3649 3650
5 840 1901 3651 3652 3653
5 484 825 3654 3655 3656
5 1941 2355 3092 3657 3658
5 1745 2505 3659 3660 3661
5 2585 3290 3662 3663 3664
5 3074 3427 3665 3666 3667
5 273 1807 3668 3669 3670
5 245 669 1786 3671 3672
5 1842 3351 3673 3674 3675
5 1280 2857 3445 3676 3677
5 566 3647 3678 3679 3680
5 561 3477 3681 3682 3683
5 1303 1479 3465 3684 3685
5 2533 2692 3686 3687 3688
5 2524 3395 3689 3690 3691
5 3224 3276 3329 3692 3693
5 1229 3612 3694 3695 3696
5 325 3639 3697 3698 3699
5 2381 3487 3700 3701 3702
5 1275 3240 3703 3704 3705
5 3077 3317 3706 3707 3708
5 607 3302 3709 3710 3711
5 2408 2528 3653 3712 3713
5 2432 3244 3714 3715 3716
5 1818 2468 2679 3717 3718
5 1003 3316 3719 3720 3721
5 1762 1916 3722 3723 3724
5 1988 3342 3725 3726 3727
5 17 2755 3728 3729 3730
5 1312 2615 3731 3732 3733
5 1888 3355 3734 3735 3736
5 301 1255 3737 3738 3739
5 842 2800 3543 3740 3741
5 377 679 3742 3743 3744
5 534 1733 3745 3746 3747
5 552 2710 3327 3748 3749
5 1498 3631 3750 3751 3752
5 992 2769 3753 3754 3755
5 1032 3756 3757 3758 3759
5 417 1040 3760 3761 3762
5 193 954 3720 3763 3764
5 2750 3636 3765 3766 3767
5 498 1897 3768 3769 3770
5 2760 3201 3771 3772 3773
5 3192 3577 3774 3775 3776
5 1387 3491 3777 3778 3779
5 1688 2417 3780 3781 3782
5 1152 3170 3783 3784 3785
5 2641 3182 3734 3786 3787
5 3180 3308 3788 3789 3790
5 3381 3746 3759 3791 3792
5 2606 3325 3793 3794 3795
5 3125 3473 3796 3797 3798
5 2844 3799 3800 3801 3802
5 364 968 3528 3803 3804
5 1415 1965 3805 3806 3807
5 61 1123 3808 3809 3810
5 1632 1918 3783 3811 3812
5 1911 3173 3813 3814 3815
5 641 930 3816 3817 3818
5 583 3392 3819 3820 3821
5 988 3772 3822 3823 3824
5 2778 3187 3825 3826 3827
5 1466 2673 3801 3828 3829
5 1525 2736 3789 3830 3831
5 296 1250 3541 3832 3833
5 976 3081 3775 3834 3835
5 2558 2721 3660 3836 3837
5 254 1821 3838 3839 3840
5 317 1903 3841 3842 3843
5 1222 3553 3844 3845 3846
5 1237 3085 3847 3848 3849
5 2728 3824 3850 3851 3852
5 1322 3531 3814 3853 3854
5 1790 3743 3855 3856 3857
5 1926 3560 3858 3859 3860
5 2486 3314 3861 3862 3863
5 2789 3509 3864 3865 3866
5 271 2816 3867 3868 3869
5 1174 2564 3870 3871 3872
5 1625 2601 3873 3874 3875
5 1601 2467 3876 3877 3878
5 2460 3857 3879 3880 3881
5 2713 3480 3723 3882 3883
5 207 2253 3884 3885 3886
5 2974 3555 3887 3888 3889
5 820 2932 3890 3891 3892
5 1569 2942 3893 3894 3895
5 2960 3284 3896 3897 3898
5 2879 3213 3899 3900 3901
5 2399 3617 3902 3903 3904
5 2463 3602 3905 3906 3907
5 2575 3598 3908 3909 3910
5 1621 3609 3911 3912 3913
5 2010 3604 3914 3915 3916
5 3112 3263 3917 3918 3919
5 136 2031 3920 3921 3922
5 1035 2146 3923 3924 3925
5 1861 3107 3926 3927 3928
5 2067 2730 3929 3930 3931
5 3715 3779 3932 3933 3934
5 3273 3361 3935 3936 3937
5 3377 3484 3938 3939 3940
5 3019 3711 3941 3942 3943
5 3271 3390 3944 3945 3946
5 1852 3674 3947 3948 3949
5 831 1684 3950 3951 3952
5 1970 2683 3953 3954 3955
5 2472 3680 3956 3957 3958
5 3840 3866 3959 3960 3961
5 3696 3842 3962 3963 3964
5 1675 3049 3965 3966 3967
5 3655 3663 3968 3969 3970
5 458 3035 3971 3972 3973
5 1220 3668 3974 3975 3976
5 2321 3219 3977 3978 3979
5 1754 3023 3980 3981 3982
5 1703 2822 3983 3984 3985
5 1367 1771 3986 3987 3988
5 865 3071 3989 3990 3991
5 2397 3062 3992 3993 3994
5 3454 3699 3995 3996 3997
5 3546 3818 3998 3999 4000
5 3132 3549 4001 4002 4003
5 1045 3512 4004 4005 4006
5 1233 3503 4007 4008 4009
5 2572 3688 4010 4011 4012
5 449 1457 4013 4014 4015
5 872 2270 3870 4016 4017
5 1298 1671 4018 4019 4020
5 2833 3158 4021 4022 4023
5 1534 2584 4024 4025 4026
5 3337 3635 4027 4028 4029
5 1327 2262 4030 4031 4032
5 2525 3573 3769 4033 4034
5 1830 3681 3885 4035 4036
5 871 3566 4037 4038 4039
5 3340 3436 3762 4040 4041
5 3140 3431 3756 4042 4043
5 2292 2506 3409 4044 4045
5 8 262 608 4046 4047
5 413 646 4048 4049 4050
5 2208 3704 3880 4051 4052
5 334 2493 3414 4053 4054
5 297 2310 3405 4055 4056
5 788 2435 3851 4057 4058
5 1960 2745 4059 4060 4061
5 941 2216 3878 4062 4063
5 805 2410 3167 4064 4065
5 220 3969 4066 4067 4068
5 996 3975 4069 4070 4071
5 3819 4015 4072 4073 4074
5 1696 3858 4075 4076 4077
5 3781 4032 4078 4079 4080
5 2734 3731 4081 4082 4083
5 1581 3738 4084 4085 4086
5 1379 3862 4087 4088 4089
5 28 246 4038 4090 4091
5 320 2303 2479 4092 4093
5 3800 3942 4094 4095 4096
5 80 3993 3996 4097 4098
5 776 3165 3845 4099 4100
5 3667 3797 4101 4102 4103
5 3564 4020 4104 4105 4106
5 2590 3795 4107 4108 4109
5 3729 4028 4110 4111 4112
5 3494 3810 4113 4114 4115
5 279 597 3952 4116 4117
5 1276 3945 4118 4119 4120
5 935 3702 3875 4121 4122
5 3136 3356 3430 4123 4124
5 2339 3984 4006 4125 4126
5 3256 3986 4002 4127 4128
5 544 3930 4105 4129 4130
5 2423 3162 3848 4131 4132
5 3333 3913 4073 4133 4134
5 3298 3927 4110 4135 4136
5 2277 3981 3999 4137 4138
5 955 2194 3707 4139 4140
5 1823 3935 4141 4142 4143
5 719 1596 4094 4144 4145
5 2546 3891 3960 4146 4147
5 465 3894 3962 4148 4149
5 386 3915 4079 4150 4151
5 3230 3938 4060 4152 4153
5 907 3909 4076 4154 4155
5 2827 4024 4066 4156 4157
5 3867 4022 4069 4158 4159
5 154 3826 4160 4161 4162
5 2003 3806 4163 4164 4165
5 3765 3991 4008 4166 4167
5 1665 3121 4119 4168 4169
5 3139 3347 3755 4170 4171
5 1307 3973 4164 4172 4173
5 3750 3897 3947 4174 4175
5 3447 3900 3954 4176 4177
5 3689 3902 4086 4178 4179
5 1922 3921 4108 4180 4181
5 2812 3726 4142 4182 4183
5 2718 3888 3956 4184 4185
5 3320 3965 4162 4186 4187
5 43 586 4010 4188 4189
5 3145 3918 4087 4190 4191
5 1052 3932 4049 4192 4193
5 3469 3905 4082 4194 4195
5 1945 3978 4113 4196 4197
5 1505 3924 4101 4198 4199
20 185 216 231 351 369 402 850 1714 1955 2056 2070 2077 2359 2740 2765 2934 2992 2995 2999 3233
20 190 209 221 493 691 906 1054 1073 1087 2076 2139 2266 2278 2284 2715 2848 2901 3144 3151 3172
20 356 375 387 467 482 500 554 675 997 1521 1650 2222 2242 2276 2939 2998 3051 3229 3415 3422
20 66 82 104 874 892 909 969 989 995 1068 1496 1507 1517 1527 1802 1833 2024 2711 2717 2752
20 71 98 111 346 382 397 981 1331 1486 1637 1651 1661 1766 1782 1804 1930 2028 2033 2739 3000
20 60 87 116 182 203 236 676 701 728 1796 1928 1950 2182 2654 2716 2723 2753 2757 2767 3002
20 496 1088 1139 1404 1464 1552 1568 1579 1728 2074 2119 2268 2279 2794 2799 2811 2832 2991 3763 3825
20 127 144 160 463 497 512 553 644 672 1021 1442 1698 1705 1736 2149 2165 2239 2729 2733 2907
20 133 145 178 339 832 846 858 1345 1402 1548 1563 1571 1716 1717 1726 2062 2080 2166 2705 2837
20 6 26 41 638 953 1966 2042 2732 2810 2959 3013 3105 3131 3163 3218 3408 3893 3923 4042 4048
20 2 35 53 758 798 861 1103 1121 1136 1542 1560 1584 2198 2209 2306 2885 2912 3004 3007 3011
20 10 21 58 122 155 171 784 794 809 948 1007 1028 1047 1699 2036 2041 2052 2304 2704 2824
20 280 421 444 681 697 712 734 746 757 957 1109 1142 1468 1809 2180 2440 2655 2664 2859 2886
20 412 426 456 876 903 917 1070 1315 1447 1516 1615 1956 1971 1980 2665 2807 2980 3070 3103 3106
20 239 572 686 708 723 880 896 920 1134 1448 1454 1465 1811 1834 1843 1952 2108 2134 2792 2808
20 78 90 108 407 439 450 745 977 1598 1609 1619 1978 2018 2025 2029 2183 2782 2858 2873 2878
20 622 807 986 1012 1206 1422 1427 1589 1604 1617 1634 1646 1656 1784 1975 2005 2012 2044 2101 2781
20 174 481 1017 1034 1043 1212 1522 1655 2046 2224 2233 2247 2325 2348 2377 2896 2954 2958 3266 3608
20 435 643 888 987 1421 1510 1523 1535 1592 1603 1623 2039 2774 2941 2948 3120 3130 3439 3457 3807
20 15 32 48 307 416 434 447 742 768 802 812 946 1613 1964 1976 1984 2040 2047 2181 2626
20 132 511 1254 1285 1477 1494 1502 1640 1706 1721 1731 1905 2061 2670 2671 2817 2829 3001 3065 3110
20 1251 1271 1279 1293 1309 1325 1792 1923 2338 2363 2523 2645 3042 3064 3328 3332 3637 3683 3685 3835
20 97 390 711 1814 1825 1837 1886 1900 1908 1915 1921 1935 1942 1943 2114 2669 2719 3080 3082 3098
20 466 526 546 563 1321 1744 1824 1938 2231 2373 2695 3104 3198 3258 3334 3386 3399 3404 3418 3657
20 227 472 487 517 529 558 571 1093 1561 1711 1750 1757 1931 1939 1954 2060 2107 2113 2115 2148
20 519 541 578 1246 1265 1289 1689 1724 2112 2129 2347 2364 2375 2387 2666 2690 2696 3039 3041 3044
20 632 883 1278 1493 1506 1735 1946 2646 2694 2796 3719 3724 3747 3749 3751 3767 3770 3829 3853 4017
20 564 627 1004 1199 1299 1314 1339 1989 2638 2642 2647 2680 2685 2793 2986 3040 3102 3638 3640 3677
20 429 716 923 1000 1296 1318 1335 1773 1781 1794 1806 1819 1850 2446 2635 2643 2861 3073 3097 3100
20 527 696 901 1064 1069 1100 1113 1120 1126 1555 2105 2128 2138 2144 2159 2884 2945 3212 3217 3618
20 138 152 166 361 379 394 1024 1030 1038 1485 1628 1653 1663 1910 2099 2825 2838 2931 2940 3232
20 260 303 773 786 806 1050 1622 1664 1770 1851 2034 2049 2214 2826 3113 3761 3920 3992 4055 4059
20 94 219 706 749 855 1351 1767 1805 1907 2084 2173 2177 2395 2398 2445 3014 3020 3034 3114 3116
20 24 252 294 300 329 341 763 778 789 818 823 839 857 924 949 959 1341 1381 1567 2628
20 1292 1866 2179 2393 2407 2448 2461 2473 2621 2663 3069 3221 3250 3296 3305 3475 3523 3613 3670 3710
20 123 335 355 619 816 847 1015 1639 2086 2092 2402 2611 2613 2618 2701 2708 2743 3059 3111 3117
20 247 264 277 793 934 1774 1962 2401 2431 2616 3072 3354 3407 3665 3669 3838 3957 3972 3987 4057
20 243 270 288 311 323 338 740 928 1235 1434 1854 1865 1878 2427 2617 2625 3076 3335 3352 3672
20 1053 2275 2354 2845 2949 2955 3299 3323 3384 3394 3438 3441 3448 3471 3481 3529 3538 3571 3574 3578
20 224 368 2023 2544 2874 3030 3115 3175 3197 3220 3223 3231 3242 3247 3252 3255 3262 3294 3300 3478
20 107 440 700 1059 1082 1095 1533 2566 2659 2802 2840 2850 2872 2875 2882 2944 2951 3177 3186 3458
20 547 1150 1176 1264 2331 2341 2358 2520 2535 2547 3228 3309 3312 3321 3400 3499 3533 3645 3690 3693
20 1145 1171 1181 1450 2317 2389 2632 2678 2761 3155 3185 3292 3313 3393 3396 3444 3505 3535 3615 3621
20 1099 1108 1155 1186 1355 1748 2634 2877 2964 2997 3016 3031 3032 3199 3209 3245 3363 3401 3568 3614
20 74 291 424 736 754 761 813 1776 1785 1798 2014 2087 2097 2102 2559 2623 2648 2657 2741 2860
20 199 385 830 841 869 1343 1887 1912 1917 1924 2063 2622 2735 2746 2815 2820 2828 3003 3737 3742
20 195 213 228 692 705 717 822 853 863 1131 1401 1469 1557 1564 1574 1812 1948 2065 2072 2913
20 393 508 634 639 659 967 982 1005 1328 1418 1471 1489 1499 1540 1631 1642 1666 1881 2027 2908
20 47 631 653 667 1025 1425 1432 1439 1514 1616 1685 1700 1871 1884 1987 2055 2376 2777 2981 2988
20 119 234 400 516 574 913 1096 1183 1282 1336 1480 1539 1847 1951 2122 2385 2548 2629 2675 2762
20 474 489 504 635 648 663 884 898 910 1065 1077 1090 1511 1518 1529 2116 2132 2237 2805 2893
20 69 420 974 990 999 1305 1317 1330 1660 1769 1789 1801 1961 1968 1990 2053 2104 3423 3671 3733
20 19 253 459 721 933 942 956 1378 1570 1753 2302 2780 2809 3433 3850 3990 4014 4075 4090 4182
20 141 242 306 315 343 781 929 937 963 1385 1395 1406 1573 1669 1680 1683 2727 2768 2779 2989
20 88 365 1635 1997 2000 2008 2019 2185 2250 2260 2449 2536 2784 2968 2975 2994 3246 3365 3511 3518
20 3 410 605 620 1607 1992 2037 2167 2175 2187 2188 2200 2217 2412 2420 2441 2443 2474 2494 3521
20 153 584 797 1586 2066 2191 2206 2215 2308 2396 2414 2935 2973 3272 3429 3601 3890 3914 3917 4064
20 114 666 916 1202 1286 1424 1611 1658 1778 1872 2015 2021 2229 2243 2378 2384 2841 3050 3108 3248
20 287 733 1200 1210 1240 1295 1777 1869 2017 2174 2455 2574 2651 2661 2662 3129 3459 3583 3592 3594
20 1195 1223 1239 1252 1302 2365 2598 2689 3303 3374 3375 3382 3467 3476 3510 3581 3593 3695 3697 3798
20 588 595 610 2004 2204 3124 3169 3265 3346 3379 3413 3547 3610 3626 3694 3709 3906 3939 4005 4051
20 581 599 626 1189 1215 1227 1414 1599 2197 2296 2419 2499 2513 2610 2976 3123 3127 3128 3156 3582
20 183 684 751 1105 1397 1549 2058 2220 2437 2614 2818 2862 2866 2920 2922 2965 2969 3366 3367 3588
20 2254 2330 2527 2542 2554 2917 2971 3279 3485 3492 3493 3542 3544 3548 3587 3607 3620 3634 3784 3794
20 1478 1795 1840 2091 2404 2522 2557 2764 2852 2865 3028 3210 3304 3370 3517 3525 3633 3642 3644 3712
20 189 1114 1161 1163 2143 2282 2315 2919 2938 3006 3147 3152 3216 3274 3281 3500 3501 3569 3603 3606
20 688 838 960 1146 1344 1358 1370 1388 1399 1409 1443 1741 1752 1763 1933 2152 2511 2813 2888 3056
20 1740 1822 2563 2582 2592 2637 3033 3091 3193 3397 3446 3460 3596 3629 3659 3664 3666 3678 3716 3718
20 767 844 1350 1364 1380 1458 1816 1831 1841 2562 2650 3058 3075 3083 3650 3652 3736 3836 3839 3860
20 258 267 284 328 783 1117 1244 1408 1701 1959 2190 2430 2593 2984 3053 3088 3094 3239 3353 3425
20 1156 1354 1361 1374 1384 1713 1892 1893 1904 1937 2150 2532 3017 3025 3029 3119 3277 3651 3656 3673
20 542 1151 1391 1682 1761 1896 2674 2698 3318 3326 3391 3489 3530 3545 3687 3745 3778 3780 3843 3861
20 295 318 333 777 826 1386 1709 2731 3018 3063 3336 3706 3739 3841 3868 3948 3951 3983 4040 4078
20 128 350 671 1258 1274 1503 1853 1858 1875 2051 2240 2345 2707 3043 3048 3061 3068 3078 3419 3424
20 680 836 1347 1554 1732 1764 1846 1925 2288 2556 2676 2749 2759 3189 3324 3368 3490 3630 3740 3828
20 344 614 662 1247 1411 1437 1645 1687 1720 1879 2255 2335 2594 2612 2699 2830 2834 2927 2952 3619
20 52 430 895 1080 1141 1190 1453 1459 1678 1986 2137 2515 2573 2772 2798 2804 2814 2892 2987 2990
20 448 730 803 866 2011 2211 2289 2301 2311 2744 2880 2911 3138 3728 3809 3887 4037 4062 4144 4156
20 33 149 870 938 1033 2006 2096 2256 2261 2294 2297 2599 2604 2783 2786 2788 2819 2910 2914 3005
20 169 405 652 1177 1488 2082 2121 2162 2248 2272 2285 2551 2831 2897 2902 2904 2925 2928 2936 2961
20 471 537 549 568 879 1446 1677 1690 1694 1747 1755 1760 2110 2681 2691 2726 2776 3084 3093 3096
20 57 177 478 533 657 1558 1751 2131 2135 2141 2153 2156 2161 2318 2326 2512 2953 2957 2983 3010
20 360 486 1011 1261 2069 2312 2323 2344 2350 2531 2667 3008 3060 3264 3269 3275 3286 3311 3358 3600
20 194 1085 1166 1546 2570 2712 2756 2801 2868 2890 3178 3181 3188 3551 3556 3562 3567 3622 3771 3808
20 83 202 965 1630 2748 2930 2967 3146 3468 3514 3540 3744 3752 3799 3804 3811 3815 3830 3886 4034
20 1996 2406 2452 2458 2466 2568 2577 2588 3179 3190 3203 3206 3243 3253 3360 3452 3461 3526 3589 3590
20 278 2170 2195 2409 2424 2433 2503 2589 3024 3036 3214 3350 3364 3426 3605 3714 3903 3936 3968 4123
20 268 589 615 1362 2155 2415 2428 2439 2484 2498 2510 2608 2703 3215 3278 3349 3359 3486 3624 3627
20 523 1058 1205 1218 1234 2124 2228 2369 2380 2956 2979 3238 3291 3385 3388 3443 3539 3584 3595 3599
20 1020 1431 2093 2245 2334 2351 2362 2530 2537 2550 2900 3037 3225 3234 3301 3378 3479 3516 3585 3611
20 1482 1537 1588 1633 1999 2453 2639 2656 2725 2846 2851 2855 2870 3205 3235 3455 3474 3508 3515 3576
20 1167 1308 3371 3451 3463 3575 3632 3676 3691 3717 3766 3773 3776 3786 3790 3802 3837 3872 3883 4036
20 2418 2480 2491 2507 3134 3159 3285 3389 3506 3550 3648 3662 3701 3820 3863 3933 4007 4012 4104 4132
20 310 602 1373 1394 2459 2483 2517 2561 2571 2583 2653 2787 2924 3343 3552 3559 3625 3628 3646 3649
20 44 137 298 647 772 1668 1672 1969 2791 3754 3758 3760 3805 3817 3873 4031 4081 4099 4158 4168
20 64 726 760 889 1311 1463 1594 1799 1828 1983 2714 2720 2856 3554 3725 3730 3787 3823 4013 4026
20 29 159 332 821 951 1695 1702 1758 2147 2411 3055 3270 3428 3432 3435 3654 3929 3977 3980 4139
20 9 1125 1219 1597 2422 2476 2502 2883 2943 3135 3137 3141 3453 3563 3616 3877 3899 3908 4001 4044
20 39 582 1037 1582 2207 2477 2605 2933 2963 3160 3166 3168 3483 3502 3757 3896 3998 4021 4160 4188
20 14 257 415 606 787 1046 2032 2471 3047 3109 3142 3406 3410 3412 3597 3703 3912 3926 3974 4046
20 274 322 592 1368 2436 2465 3341 3348 3357 3362 3497 3561 3675 3713 3881 3943 3961 4029 4109 4117
20 1194 1417 2271 2771 2797 2836 2906 2946 3126 3315 3532 3536 3570 3641 3721 3792 3816 3821 4018 4023
20 596 1230 2263 2293 2576 3122 3344 3456 3513 3796 3844 3865 3874 3876 3879 3995 4025 4111 4163 4170
20 326 611 1232 1862 2322 2488 2684 3045 3090 3376 3434 3700 3705 3708 3782 3849 3944 3963 3966 4054
20 975 1257 1436 1474 1788 2526 2603 2624 2737 3372 3472 3643 3684 3812 3832 3856 3864 3869 4027 4030
20 248 932 1673 1857 2492 2586 2687 3679 3698 3727 3732 3753 3846 3847 3852 3953 4019 4072 4102 4122
20 316 943 2300 2482 2823 3161 3338 3557 3741 3777 3793 3827 3859 3950 4011 4039 4085 4088 4092 4114
20 536 1377 1817 1899 3310 3658 3661 3686 3722 3871 3934 3970 3982 4077 4089 4130 4143 4166 4179 4196
20 77 371 1041 1526 1627 2236 2259 3259 3572 3803 3911 3922 4004 4071 4097 4135 4152 4165 4169 4195
20 1063 1160 2221 2356 2383 3149 3268 3289 3402 3440 3898 3925 3946 3979 4009 4129 4137 4149 4187 4192
20 101 212 454 905 1076 1129 1940 2172 3241 3417 3901 3904 3971 3989 4067 4128 4141 4145 4155 4184
20 1224 2370 2470 2580 3196 3297 3442 3482 3682 3774 3910 3958 3976 3997 4103 4127 4133 4136 4173 4177
20 1267 1891 2342 2392 3022 3079 3293 3416 3420 3692 3907 3919 3941 3949 3994 4125 4146 4151 4153 4181
20 462 559 873 994 1273 1324 1973 3087 3421 3748 3928 3955 3967 4050 4070 4083 4118 4134 4148 4199
20 972 1304 1836 1920 2722 3735 3831 3834 3855 3959 3988 4035 4061 4096 4098 4112 4157 4172 4180 4185
20 2519 3319 3331 3466 3527 3785 3791 3833 3854 3940 3964 4000 4033 4080 4120 4126 4159 4175 4186 4194
20 1509 2265 2709 3183 3537 3579 3764 3822 3882 3895 4003 4016 4074 4106 4154 4167 4176 4183 4193 4198
20 1172 2541 3148 3174 3202 3222 3520 3565 3788 3884 3889 3916 3937 4068 4095 4107 4115 4147 4178 4191
20 164 206 378 503 829 1577 1914 2281 3768 3813 3892 3931 3985 4084 4138 4150 4161 4174 4190 4197
20 4041 4043 4045 4047 4052 4053 4056 4058 4063 4065 4091 4093 4100 4116 4121 4124 4131 4140 4171 4189
